ISO-10303-21;
HEADER;
/* Generated by software containing ST-Developer
 * from STEP Tools, Inc. (www.steptools.com) 
 */

FILE_DESCRIPTION(
/* description */ (''),
/* implementation_level */ '2;1');

FILE_NAME(
/* name */ 'Cubli_OneWheel_Module_RevA.step',
/* time_stamp */ '2026-10-08T17:08:30+09:00',
/* author */ ('Reaction Wheel Pendulum project'),
/* organization */ (''),
/* preprocessor_version */ 'ST-DEVELOPER v20.1',
/* originating_system */ 'Autodesk Inventor 2026',
/* authorisation */ '');

FILE_SCHEMA (('AUTOMOTIVE_DESIGN { 1 0 10303 214 3 1 1 }'));
ENDSEC;

DATA;
#10=MECHANICAL_DESIGN_GEOMETRIC_PRESENTATION_REPRESENTATION('',(#227,#228,
#229,#230,#231,#232,#233,#234,#235,#236,#237,#238,#239,#240,#241,#242,#243,
#244,#245,#246,#247,#248,#249,#250,#251,#252,#253,#254,#255,#256,#257,#258,
#259,#260,#261,#262),#15810);
#11=ITEM_DEFINED_TRANSFORMATION($,$,#9660,#10560);
#12=ITEM_DEFINED_TRANSFORMATION($,$,#9687,#10561);
#13=ITEM_DEFINED_TRANSFORMATION($,$,#9735,#10562);
#14=ITEM_DEFINED_TRANSFORMATION($,$,#9827,#10563);
#15=ITEM_DEFINED_TRANSFORMATION($,$,#9860,#10564);
#16=ITEM_DEFINED_TRANSFORMATION($,$,#9918,#10565);
#17=ITEM_DEFINED_TRANSFORMATION($,$,#9958,#10566);
#18=ITEM_DEFINED_TRANSFORMATION($,$,#10041,#10567);
#19=ITEM_DEFINED_TRANSFORMATION($,$,#10048,#10568);
#20=ITEM_DEFINED_TRANSFORMATION($,$,#10055,#10569);
#21=ITEM_DEFINED_TRANSFORMATION($,$,#10099,#10570);
#22=ITEM_DEFINED_TRANSFORMATION($,$,#10128,#10571);
#23=ITEM_DEFINED_TRANSFORMATION($,$,#10200,#10572);
#24=ITEM_DEFINED_TRANSFORMATION($,$,#10274,#10573);
#25=ITEM_DEFINED_TRANSFORMATION($,$,#10303,#10574);
#26=ITEM_DEFINED_TRANSFORMATION($,$,#10312,#10575);
#27=ITEM_DEFINED_TRANSFORMATION($,$,#10321,#10576);
#28=ITEM_DEFINED_TRANSFORMATION($,$,#10359,#10577);
#29=ITEM_DEFINED_TRANSFORMATION($,$,#10365,#10578);
#30=ITEM_DEFINED_TRANSFORMATION($,$,#10386,#10579);
#31=ITEM_DEFINED_TRANSFORMATION($,$,#10407,#10580);
#32=ITEM_DEFINED_TRANSFORMATION($,$,#10413,#10581);
#33=ITEM_DEFINED_TRANSFORMATION($,$,#10432,#10582);
#34=ITEM_DEFINED_TRANSFORMATION($,$,#10441,#10583);
#35=ITEM_DEFINED_TRANSFORMATION($,$,#10452,#10584);
#36=ITEM_DEFINED_TRANSFORMATION($,$,#10461,#10585);
#37=ITEM_DEFINED_TRANSFORMATION($,$,#10470,#10586);
#38=ITEM_DEFINED_TRANSFORMATION($,$,#10479,#10587);
#39=ITEM_DEFINED_TRANSFORMATION($,$,#10488,#10588);
#40=ITEM_DEFINED_TRANSFORMATION($,$,#10494,#10589);
#41=ITEM_DEFINED_TRANSFORMATION($,$,#10500,#10590);
#42=ITEM_DEFINED_TRANSFORMATION($,$,#10513,#10591);
#43=ITEM_DEFINED_TRANSFORMATION($,$,#10526,#10592);
#44=ITEM_DEFINED_TRANSFORMATION($,$,#10533,#10593);
#45=ITEM_DEFINED_TRANSFORMATION($,$,#10542,#10594);
#46=ITEM_DEFINED_TRANSFORMATION($,$,#10551,#10595);
#47=(
REPRESENTATION_RELATIONSHIP($,$,#15926,#15925)
REPRESENTATION_RELATIONSHIP_WITH_TRANSFORMATION(#11)
SHAPE_REPRESENTATION_RELATIONSHIP()
);
#48=(
REPRESENTATION_RELATIONSHIP($,$,#15927,#15925)
REPRESENTATION_RELATIONSHIP_WITH_TRANSFORMATION(#12)
SHAPE_REPRESENTATION_RELATIONSHIP()
);
#49=(
REPRESENTATION_RELATIONSHIP($,$,#15928,#15925)
REPRESENTATION_RELATIONSHIP_WITH_TRANSFORMATION(#13)
SHAPE_REPRESENTATION_RELATIONSHIP()
);
#50=(
REPRESENTATION_RELATIONSHIP($,$,#15929,#15925)
REPRESENTATION_RELATIONSHIP_WITH_TRANSFORMATION(#14)
SHAPE_REPRESENTATION_RELATIONSHIP()
);
#51=(
REPRESENTATION_RELATIONSHIP($,$,#15930,#15925)
REPRESENTATION_RELATIONSHIP_WITH_TRANSFORMATION(#15)
SHAPE_REPRESENTATION_RELATIONSHIP()
);
#52=(
REPRESENTATION_RELATIONSHIP($,$,#15931,#15925)
REPRESENTATION_RELATIONSHIP_WITH_TRANSFORMATION(#16)
SHAPE_REPRESENTATION_RELATIONSHIP()
);
#53=(
REPRESENTATION_RELATIONSHIP($,$,#15932,#15925)
REPRESENTATION_RELATIONSHIP_WITH_TRANSFORMATION(#17)
SHAPE_REPRESENTATION_RELATIONSHIP()
);
#54=(
REPRESENTATION_RELATIONSHIP($,$,#15933,#15925)
REPRESENTATION_RELATIONSHIP_WITH_TRANSFORMATION(#18)
SHAPE_REPRESENTATION_RELATIONSHIP()
);
#55=(
REPRESENTATION_RELATIONSHIP($,$,#15934,#15925)
REPRESENTATION_RELATIONSHIP_WITH_TRANSFORMATION(#19)
SHAPE_REPRESENTATION_RELATIONSHIP()
);
#56=(
REPRESENTATION_RELATIONSHIP($,$,#15935,#15925)
REPRESENTATION_RELATIONSHIP_WITH_TRANSFORMATION(#20)
SHAPE_REPRESENTATION_RELATIONSHIP()
);
#57=(
REPRESENTATION_RELATIONSHIP($,$,#15936,#15925)
REPRESENTATION_RELATIONSHIP_WITH_TRANSFORMATION(#21)
SHAPE_REPRESENTATION_RELATIONSHIP()
);
#58=(
REPRESENTATION_RELATIONSHIP($,$,#15937,#15925)
REPRESENTATION_RELATIONSHIP_WITH_TRANSFORMATION(#22)
SHAPE_REPRESENTATION_RELATIONSHIP()
);
#59=(
REPRESENTATION_RELATIONSHIP($,$,#15938,#15925)
REPRESENTATION_RELATIONSHIP_WITH_TRANSFORMATION(#23)
SHAPE_REPRESENTATION_RELATIONSHIP()
);
#60=(
REPRESENTATION_RELATIONSHIP($,$,#15939,#15925)
REPRESENTATION_RELATIONSHIP_WITH_TRANSFORMATION(#24)
SHAPE_REPRESENTATION_RELATIONSHIP()
);
#61=(
REPRESENTATION_RELATIONSHIP($,$,#15940,#15925)
REPRESENTATION_RELATIONSHIP_WITH_TRANSFORMATION(#25)
SHAPE_REPRESENTATION_RELATIONSHIP()
);
#62=(
REPRESENTATION_RELATIONSHIP($,$,#15941,#15925)
REPRESENTATION_RELATIONSHIP_WITH_TRANSFORMATION(#26)
SHAPE_REPRESENTATION_RELATIONSHIP()
);
#63=(
REPRESENTATION_RELATIONSHIP($,$,#15942,#15925)
REPRESENTATION_RELATIONSHIP_WITH_TRANSFORMATION(#27)
SHAPE_REPRESENTATION_RELATIONSHIP()
);
#64=(
REPRESENTATION_RELATIONSHIP($,$,#15943,#15925)
REPRESENTATION_RELATIONSHIP_WITH_TRANSFORMATION(#28)
SHAPE_REPRESENTATION_RELATIONSHIP()
);
#65=(
REPRESENTATION_RELATIONSHIP($,$,#15944,#15925)
REPRESENTATION_RELATIONSHIP_WITH_TRANSFORMATION(#29)
SHAPE_REPRESENTATION_RELATIONSHIP()
);
#66=(
REPRESENTATION_RELATIONSHIP($,$,#15945,#15925)
REPRESENTATION_RELATIONSHIP_WITH_TRANSFORMATION(#30)
SHAPE_REPRESENTATION_RELATIONSHIP()
);
#67=(
REPRESENTATION_RELATIONSHIP($,$,#15946,#15925)
REPRESENTATION_RELATIONSHIP_WITH_TRANSFORMATION(#31)
SHAPE_REPRESENTATION_RELATIONSHIP()
);
#68=(
REPRESENTATION_RELATIONSHIP($,$,#15947,#15925)
REPRESENTATION_RELATIONSHIP_WITH_TRANSFORMATION(#32)
SHAPE_REPRESENTATION_RELATIONSHIP()
);
#69=(
REPRESENTATION_RELATIONSHIP($,$,#15948,#15925)
REPRESENTATION_RELATIONSHIP_WITH_TRANSFORMATION(#33)
SHAPE_REPRESENTATION_RELATIONSHIP()
);
#70=(
REPRESENTATION_RELATIONSHIP($,$,#15949,#15925)
REPRESENTATION_RELATIONSHIP_WITH_TRANSFORMATION(#34)
SHAPE_REPRESENTATION_RELATIONSHIP()
);
#71=(
REPRESENTATION_RELATIONSHIP($,$,#15950,#15925)
REPRESENTATION_RELATIONSHIP_WITH_TRANSFORMATION(#35)
SHAPE_REPRESENTATION_RELATIONSHIP()
);
#72=(
REPRESENTATION_RELATIONSHIP($,$,#15951,#15925)
REPRESENTATION_RELATIONSHIP_WITH_TRANSFORMATION(#36)
SHAPE_REPRESENTATION_RELATIONSHIP()
);
#73=(
REPRESENTATION_RELATIONSHIP($,$,#15952,#15925)
REPRESENTATION_RELATIONSHIP_WITH_TRANSFORMATION(#37)
SHAPE_REPRESENTATION_RELATIONSHIP()
);
#74=(
REPRESENTATION_RELATIONSHIP($,$,#15953,#15925)
REPRESENTATION_RELATIONSHIP_WITH_TRANSFORMATION(#38)
SHAPE_REPRESENTATION_RELATIONSHIP()
);
#75=(
REPRESENTATION_RELATIONSHIP($,$,#15954,#15925)
REPRESENTATION_RELATIONSHIP_WITH_TRANSFORMATION(#39)
SHAPE_REPRESENTATION_RELATIONSHIP()
);
#76=(
REPRESENTATION_RELATIONSHIP($,$,#15955,#15925)
REPRESENTATION_RELATIONSHIP_WITH_TRANSFORMATION(#40)
SHAPE_REPRESENTATION_RELATIONSHIP()
);
#77=(
REPRESENTATION_RELATIONSHIP($,$,#15956,#15925)
REPRESENTATION_RELATIONSHIP_WITH_TRANSFORMATION(#41)
SHAPE_REPRESENTATION_RELATIONSHIP()
);
#78=(
REPRESENTATION_RELATIONSHIP($,$,#15957,#15925)
REPRESENTATION_RELATIONSHIP_WITH_TRANSFORMATION(#42)
SHAPE_REPRESENTATION_RELATIONSHIP()
);
#79=(
REPRESENTATION_RELATIONSHIP($,$,#15958,#15925)
REPRESENTATION_RELATIONSHIP_WITH_TRANSFORMATION(#43)
SHAPE_REPRESENTATION_RELATIONSHIP()
);
#80=(
REPRESENTATION_RELATIONSHIP($,$,#15959,#15925)
REPRESENTATION_RELATIONSHIP_WITH_TRANSFORMATION(#44)
SHAPE_REPRESENTATION_RELATIONSHIP()
);
#81=(
REPRESENTATION_RELATIONSHIP($,$,#15960,#15925)
REPRESENTATION_RELATIONSHIP_WITH_TRANSFORMATION(#45)
SHAPE_REPRESENTATION_RELATIONSHIP()
);
#82=(
REPRESENTATION_RELATIONSHIP($,$,#15961,#15925)
REPRESENTATION_RELATIONSHIP_WITH_TRANSFORMATION(#46)
SHAPE_REPRESENTATION_RELATIONSHIP()
);
#83=CONTEXT_DEPENDENT_SHAPE_REPRESENTATION(#47,#15889);
#84=CONTEXT_DEPENDENT_SHAPE_REPRESENTATION(#48,#15890);
#85=CONTEXT_DEPENDENT_SHAPE_REPRESENTATION(#49,#15891);
#86=CONTEXT_DEPENDENT_SHAPE_REPRESENTATION(#50,#15892);
#87=CONTEXT_DEPENDENT_SHAPE_REPRESENTATION(#51,#15893);
#88=CONTEXT_DEPENDENT_SHAPE_REPRESENTATION(#52,#15894);
#89=CONTEXT_DEPENDENT_SHAPE_REPRESENTATION(#53,#15895);
#90=CONTEXT_DEPENDENT_SHAPE_REPRESENTATION(#54,#15896);
#91=CONTEXT_DEPENDENT_SHAPE_REPRESENTATION(#55,#15897);
#92=CONTEXT_DEPENDENT_SHAPE_REPRESENTATION(#56,#15898);
#93=CONTEXT_DEPENDENT_SHAPE_REPRESENTATION(#57,#15899);
#94=CONTEXT_DEPENDENT_SHAPE_REPRESENTATION(#58,#15900);
#95=CONTEXT_DEPENDENT_SHAPE_REPRESENTATION(#59,#15901);
#96=CONTEXT_DEPENDENT_SHAPE_REPRESENTATION(#60,#15902);
#97=CONTEXT_DEPENDENT_SHAPE_REPRESENTATION(#61,#15903);
#98=CONTEXT_DEPENDENT_SHAPE_REPRESENTATION(#62,#15904);
#99=CONTEXT_DEPENDENT_SHAPE_REPRESENTATION(#63,#15905);
#100=CONTEXT_DEPENDENT_SHAPE_REPRESENTATION(#64,#15906);
#101=CONTEXT_DEPENDENT_SHAPE_REPRESENTATION(#65,#15907);
#102=CONTEXT_DEPENDENT_SHAPE_REPRESENTATION(#66,#15908);
#103=CONTEXT_DEPENDENT_SHAPE_REPRESENTATION(#67,#15909);
#104=CONTEXT_DEPENDENT_SHAPE_REPRESENTATION(#68,#15910);
#105=CONTEXT_DEPENDENT_SHAPE_REPRESENTATION(#69,#15911);
#106=CONTEXT_DEPENDENT_SHAPE_REPRESENTATION(#70,#15912);
#107=CONTEXT_DEPENDENT_SHAPE_REPRESENTATION(#71,#15913);
#108=CONTEXT_DEPENDENT_SHAPE_REPRESENTATION(#72,#15914);
#109=CONTEXT_DEPENDENT_SHAPE_REPRESENTATION(#73,#15915);
#110=CONTEXT_DEPENDENT_SHAPE_REPRESENTATION(#74,#15916);
#111=CONTEXT_DEPENDENT_SHAPE_REPRESENTATION(#75,#15917);
#112=CONTEXT_DEPENDENT_SHAPE_REPRESENTATION(#76,#15918);
#113=CONTEXT_DEPENDENT_SHAPE_REPRESENTATION(#77,#15919);
#114=CONTEXT_DEPENDENT_SHAPE_REPRESENTATION(#78,#15920);
#115=CONTEXT_DEPENDENT_SHAPE_REPRESENTATION(#79,#15921);
#116=CONTEXT_DEPENDENT_SHAPE_REPRESENTATION(#80,#15922);
#117=CONTEXT_DEPENDENT_SHAPE_REPRESENTATION(#81,#15923);
#118=CONTEXT_DEPENDENT_SHAPE_REPRESENTATION(#82,#15924);
#119=NEXT_ASSEMBLY_USAGE_OCCURRENCE('01_Wheel_Rim','01_Wheel_Rim',
'01_Wheel_Rim',#15963,#15964,'01_Wheel_Rim');
#120=NEXT_ASSEMBLY_USAGE_OCCURRENCE('02_Wheel_Hub','02_Wheel_Hub',
'02_Wheel_Hub',#15963,#15965,'02_Wheel_Hub');
#121=NEXT_ASSEMBLY_USAGE_OCCURRENCE('03_Wheel_Spokes','03_Wheel_Spokes',
'03_Wheel_Spokes',#15963,#15966,'03_Wheel_Spokes');
#122=NEXT_ASSEMBLY_USAGE_OCCURRENCE('04_Wheel_Shaft','04_Wheel_Shaft',
'04_Wheel_Shaft',#15963,#15967,'04_Wheel_Shaft');
#123=NEXT_ASSEMBLY_USAGE_OCCURRENCE('05_Bearing_Housing',
'05_Bearing_Housing','05_Bearing_Housing',#15963,#15968,
'05_Bearing_Housing');
#124=NEXT_ASSEMBLY_USAGE_OCCURRENCE('06_Motor_Mount','06_Motor_Mount',
'06_Motor_Mount',#15963,#15969,'06_Motor_Mount');
#125=NEXT_ASSEMBLY_USAGE_OCCURRENCE('07_Brake_Drum','07_Brake_Drum',
'07_Brake_Drum',#15963,#15970,'07_Brake_Drum');
#126=NEXT_ASSEMBLY_USAGE_OCCURRENCE('08_Brake_Mechanism',
'08_Brake_Mechanism','08_Brake_Mechanism',#15963,#15971,
'08_Brake_Mechanism');
#127=NEXT_ASSEMBLY_USAGE_OCCURRENCE('08B_Brake_Pad','08B_Brake_Pad',
'08B_Brake_Pad',#15963,#15972,'08B_Brake_Pad');
#128=NEXT_ASSEMBLY_USAGE_OCCURRENCE('09_Brake_Actuator_Bracket',
'09_Brake_Actuator_Bracket','09_Brake_Actuator_Bracket',#15963,#15973,
'09_Brake_Actuator_Bracket');
#129=NEXT_ASSEMBLY_USAGE_OCCURRENCE('10_Encoder_Mount',
'10_Encoder_Mount','10_Encoder_Mount',#15963,#15974,'10_Encoder_Mount');
#130=NEXT_ASSEMBLY_USAGE_OCCURRENCE('11_Module_Frame','11_Module_Frame',
'11_Module_Frame',#15963,#15975,'11_Module_Frame');
#131=NEXT_ASSEMBLY_USAGE_OCCURRENCE('12_Wheel_Guard','12_Wheel_Guard',
'12_Wheel_Guard',#15963,#15976,'12_Wheel_Guard');
#132=NEXT_ASSEMBLY_USAGE_OCCURRENCE('13_Torsional_Coupling',
'13_Torsional_Coupling','13_Torsional_Coupling',#15963,#15977,
'13_Torsional_Coupling');
#133=NEXT_ASSEMBLY_USAGE_OCCURRENCE('14_Bearing_6000_2Z',
'14_Bearing_6000_2Z','14_Bearing_6000_2Z',#15963,#15978,
'14_Bearing_6000_2Z');
#134=NEXT_ASSEMBLY_USAGE_OCCURRENCE('14B_Bearing_6000_2Z',
'14B_Bearing_6000_2Z','14B_Bearing_6000_2Z',#15963,#15979,
'14B_Bearing_6000_2Z');
#135=NEXT_ASSEMBLY_USAGE_OCCURRENCE('15_Motor_4221G024BXTH',
'15_Motor_4221G024BXTH','15_Motor_4221G024BXTH',#15963,#15980,
'15_Motor_4221G024BXTH');
#136=NEXT_ASSEMBLY_USAGE_OCCURRENCE('16_Motor_Rotor_Shaft',
'16_Motor_Rotor_Shaft','16_Motor_Rotor_Shaft',#15963,#15981,
'16_Motor_Rotor_Shaft');
#137=NEXT_ASSEMBLY_USAGE_OCCURRENCE('17_Bearing_Retainer_Rear',
'17_Bearing_Retainer_Rear','17_Bearing_Retainer_Rear',#15963,#15982,
'17_Bearing_Retainer_Rear');
#138=NEXT_ASSEMBLY_USAGE_OCCURRENCE('17B_Bearing_Retainer_Front',
'17B_Bearing_Retainer_Front','17B_Bearing_Retainer_Front',#15963,#15983,
'17B_Bearing_Retainer_Front');
#139=NEXT_ASSEMBLY_USAGE_OCCURRENCE('18_Encoder_Magnet',
'18_Encoder_Magnet','18_Encoder_Magnet',#15963,#15984,
'18_Encoder_Magnet');
#140=NEXT_ASSEMBLY_USAGE_OCCURRENCE('19_Encoder_PCB_Interface',
'19_Encoder_PCB_Interface','19_Encoder_PCB_Interface',#15963,#15985,
'19_Encoder_PCB_Interface');
#141=NEXT_ASSEMBLY_USAGE_OCCURRENCE('20_Retaining_Washer',
'20_Retaining_Washer','20_Retaining_Washer',#15963,#15986,
'20_Retaining_Washer');
#142=NEXT_ASSEMBLY_USAGE_OCCURRENCE('21_Retaining_Clip',
'21_Retaining_Clip','21_Retaining_Clip',#15963,#15987,
'21_Retaining_Clip');
#143=NEXT_ASSEMBLY_USAGE_OCCURRENCE('22_Spacer_-22_-22',
'22_Spacer_-22_-22','22_Spacer_-22_-22',#15963,#15988,
'22_Spacer_-22_-22');
#144=NEXT_ASSEMBLY_USAGE_OCCURRENCE('22_Spacer_-22_22',
'22_Spacer_-22_22','22_Spacer_-22_22',#15963,#15989,'22_Spacer_-22_22');
#145=NEXT_ASSEMBLY_USAGE_OCCURRENCE('22_Spacer_22_-22',
'22_Spacer_22_-22','22_Spacer_22_-22',#15963,#15990,'22_Spacer_22_-22');
#146=NEXT_ASSEMBLY_USAGE_OCCURRENCE('22_Spacer_22_22','22_Spacer_22_22',
'22_Spacer_22_22',#15963,#15991,'22_Spacer_22_22');
#147=NEXT_ASSEMBLY_USAGE_OCCURRENCE('23_Brake_Guide_-32',
'23_Brake_Guide_-32','23_Brake_Guide_-32',#15963,#15992,
'23_Brake_Guide_-32');
#148=NEXT_ASSEMBLY_USAGE_OCCURRENCE('23_Brake_Guide_32',
'23_Brake_Guide_32','23_Brake_Guide_32',#15963,#15993,
'23_Brake_Guide_32');
#149=NEXT_ASSEMBLY_USAGE_OCCURRENCE('24_Lower_Pad_Carrier',
'24_Lower_Pad_Carrier','24_Lower_Pad_Carrier',#15963,#15994,
'24_Lower_Pad_Carrier');
#150=NEXT_ASSEMBLY_USAGE_OCCURRENCE('24B_Upper_Pad_Carrier',
'24B_Upper_Pad_Carrier','24B_Upper_Pad_Carrier',#15963,#15995,
'24B_Upper_Pad_Carrier');
#151=NEXT_ASSEMBLY_USAGE_OCCURRENCE('25_Shaft_Key','25_Shaft_Key',
'25_Shaft_Key',#15963,#15996,'25_Shaft_Key');
#152=NEXT_ASSEMBLY_USAGE_OCCURRENCE('26_Inner_Race_Spacer',
'26_Inner_Race_Spacer','26_Inner_Race_Spacer',#15963,#15997,
'26_Inner_Race_Spacer');
#153=NEXT_ASSEMBLY_USAGE_OCCURRENCE('27_Front_Hub_Shim',
'27_Front_Hub_Shim','27_Front_Hub_Shim',#15963,#15998,
'27_Front_Hub_Shim');
#154=NEXT_ASSEMBLY_USAGE_OCCURRENCE('28_Clip_Stack_Shim',
'28_Clip_Stack_Shim','28_Clip_Stack_Shim',#15963,#15999,
'28_Clip_Stack_Shim');
#155=SHAPE_REPRESENTATION_RELATIONSHIP('SRR','None',#15926,#191);
#156=SHAPE_REPRESENTATION_RELATIONSHIP('SRR','None',#15927,#192);
#157=SHAPE_REPRESENTATION_RELATIONSHIP('SRR','None',#15928,#193);
#158=SHAPE_REPRESENTATION_RELATIONSHIP('SRR','None',#15929,#194);
#159=SHAPE_REPRESENTATION_RELATIONSHIP('SRR','None',#15930,#195);
#160=SHAPE_REPRESENTATION_RELATIONSHIP('SRR','None',#15931,#196);
#161=SHAPE_REPRESENTATION_RELATIONSHIP('SRR','None',#15932,#197);
#162=SHAPE_REPRESENTATION_RELATIONSHIP('SRR','None',#15933,#198);
#163=SHAPE_REPRESENTATION_RELATIONSHIP('SRR','None',#15934,#199);
#164=SHAPE_REPRESENTATION_RELATIONSHIP('SRR','None',#15935,#200);
#165=SHAPE_REPRESENTATION_RELATIONSHIP('SRR','None',#15936,#201);
#166=SHAPE_REPRESENTATION_RELATIONSHIP('SRR','None',#15937,#202);
#167=SHAPE_REPRESENTATION_RELATIONSHIP('SRR','None',#15938,#203);
#168=SHAPE_REPRESENTATION_RELATIONSHIP('SRR','None',#15939,#204);
#169=SHAPE_REPRESENTATION_RELATIONSHIP('SRR','None',#15940,#205);
#170=SHAPE_REPRESENTATION_RELATIONSHIP('SRR','None',#15941,#206);
#171=SHAPE_REPRESENTATION_RELATIONSHIP('SRR','None',#15942,#207);
#172=SHAPE_REPRESENTATION_RELATIONSHIP('SRR','None',#15943,#208);
#173=SHAPE_REPRESENTATION_RELATIONSHIP('SRR','None',#15944,#209);
#174=SHAPE_REPRESENTATION_RELATIONSHIP('SRR','None',#15945,#210);
#175=SHAPE_REPRESENTATION_RELATIONSHIP('SRR','None',#15946,#211);
#176=SHAPE_REPRESENTATION_RELATIONSHIP('SRR','None',#15947,#212);
#177=SHAPE_REPRESENTATION_RELATIONSHIP('SRR','None',#15948,#213);
#178=SHAPE_REPRESENTATION_RELATIONSHIP('SRR','None',#15949,#214);
#179=SHAPE_REPRESENTATION_RELATIONSHIP('SRR','None',#15950,#215);
#180=SHAPE_REPRESENTATION_RELATIONSHIP('SRR','None',#15951,#216);
#181=SHAPE_REPRESENTATION_RELATIONSHIP('SRR','None',#15952,#217);
#182=SHAPE_REPRESENTATION_RELATIONSHIP('SRR','None',#15953,#218);
#183=SHAPE_REPRESENTATION_RELATIONSHIP('SRR','None',#15954,#219);
#184=SHAPE_REPRESENTATION_RELATIONSHIP('SRR','None',#15955,#220);
#185=SHAPE_REPRESENTATION_RELATIONSHIP('SRR','None',#15956,#221);
#186=SHAPE_REPRESENTATION_RELATIONSHIP('SRR','None',#15957,#222);
#187=SHAPE_REPRESENTATION_RELATIONSHIP('SRR','None',#15958,#223);
#188=SHAPE_REPRESENTATION_RELATIONSHIP('SRR','None',#15959,#224);
#189=SHAPE_REPRESENTATION_RELATIONSHIP('SRR','None',#15960,#225);
#190=SHAPE_REPRESENTATION_RELATIONSHIP('SRR','None',#15961,#226);
#191=ADVANCED_BREP_SHAPE_REPRESENTATION('',(#263),#15774);
#192=ADVANCED_BREP_SHAPE_REPRESENTATION('',(#264),#15775);
#193=ADVANCED_BREP_SHAPE_REPRESENTATION('',(#265),#15776);
#194=ADVANCED_BREP_SHAPE_REPRESENTATION('',(#266),#15777);
#195=ADVANCED_BREP_SHAPE_REPRESENTATION('',(#267),#15778);
#196=ADVANCED_BREP_SHAPE_REPRESENTATION('',(#268),#15779);
#197=ADVANCED_BREP_SHAPE_REPRESENTATION('',(#269),#15780);
#198=ADVANCED_BREP_SHAPE_REPRESENTATION('',(#270),#15781);
#199=ADVANCED_BREP_SHAPE_REPRESENTATION('',(#271),#15782);
#200=ADVANCED_BREP_SHAPE_REPRESENTATION('',(#272),#15783);
#201=ADVANCED_BREP_SHAPE_REPRESENTATION('',(#273),#15784);
#202=ADVANCED_BREP_SHAPE_REPRESENTATION('',(#274),#15785);
#203=ADVANCED_BREP_SHAPE_REPRESENTATION('',(#275),#15786);
#204=ADVANCED_BREP_SHAPE_REPRESENTATION('',(#276),#15787);
#205=ADVANCED_BREP_SHAPE_REPRESENTATION('',(#277),#15788);
#206=ADVANCED_BREP_SHAPE_REPRESENTATION('',(#278),#15789);
#207=ADVANCED_BREP_SHAPE_REPRESENTATION('',(#279),#15790);
#208=ADVANCED_BREP_SHAPE_REPRESENTATION('',(#280),#15791);
#209=ADVANCED_BREP_SHAPE_REPRESENTATION('',(#281),#15792);
#210=ADVANCED_BREP_SHAPE_REPRESENTATION('',(#282),#15793);
#211=ADVANCED_BREP_SHAPE_REPRESENTATION('',(#283),#15794);
#212=ADVANCED_BREP_SHAPE_REPRESENTATION('',(#284),#15795);
#213=ADVANCED_BREP_SHAPE_REPRESENTATION('',(#285),#15796);
#214=ADVANCED_BREP_SHAPE_REPRESENTATION('',(#286),#15797);
#215=ADVANCED_BREP_SHAPE_REPRESENTATION('',(#287),#15798);
#216=ADVANCED_BREP_SHAPE_REPRESENTATION('',(#288),#15799);
#217=ADVANCED_BREP_SHAPE_REPRESENTATION('',(#289),#15800);
#218=ADVANCED_BREP_SHAPE_REPRESENTATION('',(#290),#15801);
#219=ADVANCED_BREP_SHAPE_REPRESENTATION('',(#291),#15802);
#220=ADVANCED_BREP_SHAPE_REPRESENTATION('',(#292),#15803);
#221=ADVANCED_BREP_SHAPE_REPRESENTATION('',(#293),#15804);
#222=ADVANCED_BREP_SHAPE_REPRESENTATION('',(#294),#15805);
#223=ADVANCED_BREP_SHAPE_REPRESENTATION('',(#295),#15806);
#224=ADVANCED_BREP_SHAPE_REPRESENTATION('',(#296),#15807);
#225=ADVANCED_BREP_SHAPE_REPRESENTATION('',(#297),#15808);
#226=ADVANCED_BREP_SHAPE_REPRESENTATION('',(#298),#15809);
#227=STYLED_ITEM('',(#9410),#263);
#228=STYLED_ITEM('',(#9410),#264);
#229=STYLED_ITEM('',(#9410),#265);
#230=STYLED_ITEM('',(#9411),#266);
#231=STYLED_ITEM('',(#9410),#267);
#232=STYLED_ITEM('',(#9410),#268);
#233=STYLED_ITEM('',(#9411),#269);
#234=STYLED_ITEM('',(#9412),#270);
#235=STYLED_ITEM('',(#9412),#271);
#236=STYLED_ITEM('',(#9410),#272);
#237=STYLED_ITEM('',(#9412),#273);
#238=STYLED_ITEM('',(#9412),#274);
#239=STYLED_ITEM('',(#9412),#275);
#240=STYLED_ITEM('',(#9410),#276);
#241=STYLED_ITEM('',(#9411),#277);
#242=STYLED_ITEM('',(#9411),#278);
#243=STYLED_ITEM('',(#9411),#279);
#244=STYLED_ITEM('',(#9411),#280);
#245=STYLED_ITEM('',(#9410),#281);
#246=STYLED_ITEM('',(#9410),#282);
#247=STYLED_ITEM('',(#9411),#283);
#248=STYLED_ITEM('',(#9412),#284);
#249=STYLED_ITEM('',(#9411),#285);
#250=STYLED_ITEM('',(#9411),#286);
#251=STYLED_ITEM('',(#9410),#287);
#252=STYLED_ITEM('',(#9410),#288);
#253=STYLED_ITEM('',(#9410),#289);
#254=STYLED_ITEM('',(#9410),#290);
#255=STYLED_ITEM('',(#9411),#291);
#256=STYLED_ITEM('',(#9411),#292);
#257=STYLED_ITEM('',(#9410),#293);
#258=STYLED_ITEM('',(#9410),#294);
#259=STYLED_ITEM('',(#9411),#295);
#260=STYLED_ITEM('',(#9411),#296);
#261=STYLED_ITEM('',(#9411),#297);
#262=STYLED_ITEM('',(#9411),#298);
#263=MANIFOLD_SOLID_BREP('\X2\30BD30EA30C330C9\X0\1',#8974);
#264=MANIFOLD_SOLID_BREP('\X2\30BD30EA30C330C9\X0\1',#8975);
#265=MANIFOLD_SOLID_BREP('\X2\30BD30EA30C330C9\X0\1',#8976);
#266=MANIFOLD_SOLID_BREP('\X2\30BD30EA30C330C9\X0\1',#8977);
#267=MANIFOLD_SOLID_BREP('\X2\30BD30EA30C330C9\X0\1',#8978);
#268=MANIFOLD_SOLID_BREP('\X2\30BD30EA30C330C9\X0\1',#8979);
#269=MANIFOLD_SOLID_BREP('\X2\30BD30EA30C330C9\X0\1',#8980);
#270=MANIFOLD_SOLID_BREP('\X2\30BD30EA30C330C9\X0\1',#8981);
#271=MANIFOLD_SOLID_BREP('\X2\30BD30EA30C330C9\X0\1',#8982);
#272=MANIFOLD_SOLID_BREP('\X2\30BD30EA30C330C9\X0\1',#8983);
#273=MANIFOLD_SOLID_BREP('\X2\30BD30EA30C330C9\X0\1',#8984);
#274=MANIFOLD_SOLID_BREP('\X2\30BD30EA30C330C9\X0\1',#8985);
#275=MANIFOLD_SOLID_BREP('\X2\30BD30EA30C330C9\X0\1',#8986);
#276=MANIFOLD_SOLID_BREP('\X2\30BD30EA30C330C9\X0\1',#8987);
#277=MANIFOLD_SOLID_BREP('\X2\30BD30EA30C330C9\X0\1',#8988);
#278=MANIFOLD_SOLID_BREP('\X2\30BD30EA30C330C9\X0\1',#8989);
#279=MANIFOLD_SOLID_BREP('\X2\30BD30EA30C330C9\X0\1',#8990);
#280=MANIFOLD_SOLID_BREP('\X2\30BD30EA30C330C9\X0\1',#8991);
#281=MANIFOLD_SOLID_BREP('\X2\30BD30EA30C330C9\X0\1',#8992);
#282=MANIFOLD_SOLID_BREP('\X2\30BD30EA30C330C9\X0\1',#8993);
#283=MANIFOLD_SOLID_BREP('\X2\30BD30EA30C330C9\X0\1',#8994);
#284=MANIFOLD_SOLID_BREP('\X2\30BD30EA30C330C9\X0\1',#8995);
#285=MANIFOLD_SOLID_BREP('\X2\30BD30EA30C330C9\X0\1',#8996);
#286=MANIFOLD_SOLID_BREP('\X2\30BD30EA30C330C9\X0\1',#8997);
#287=MANIFOLD_SOLID_BREP('\X2\30BD30EA30C330C9\X0\1',#8998);
#288=MANIFOLD_SOLID_BREP('\X2\30BD30EA30C330C9\X0\1',#8999);
#289=MANIFOLD_SOLID_BREP('\X2\30BD30EA30C330C9\X0\1',#9000);
#290=MANIFOLD_SOLID_BREP('\X2\30BD30EA30C330C9\X0\1',#9001);
#291=MANIFOLD_SOLID_BREP('\X2\30BD30EA30C330C9\X0\1',#9002);
#292=MANIFOLD_SOLID_BREP('\X2\30BD30EA30C330C9\X0\1',#9003);
#293=MANIFOLD_SOLID_BREP('\X2\30BD30EA30C330C9\X0\1',#9004);
#294=MANIFOLD_SOLID_BREP('\X2\30BD30EA30C330C9\X0\1',#9005);
#295=MANIFOLD_SOLID_BREP('\X2\30BD30EA30C330C9\X0\1',#9006);
#296=MANIFOLD_SOLID_BREP('\X2\30BD30EA30C330C9\X0\1',#9007);
#297=MANIFOLD_SOLID_BREP('\X2\30BD30EA30C330C9\X0\1',#9008);
#298=MANIFOLD_SOLID_BREP('\X2\30BD30EA30C330C9\X0\1',#9009);
#299=FACE_BOUND('',#1368,.T.);
#300=FACE_BOUND('',#1369,.T.);
#301=FACE_BOUND('',#1370,.T.);
#302=FACE_BOUND('',#1371,.T.);
#303=FACE_BOUND('',#1372,.T.);
#304=FACE_BOUND('',#1373,.T.);
#305=FACE_BOUND('',#1374,.T.);
#306=FACE_BOUND('',#1376,.T.);
#307=FACE_BOUND('',#1377,.T.);
#308=FACE_BOUND('',#1378,.T.);
#309=FACE_BOUND('',#1379,.T.);
#310=FACE_BOUND('',#1380,.T.);
#311=FACE_BOUND('',#1381,.T.);
#312=FACE_BOUND('',#1382,.T.);
#313=FACE_BOUND('',#1387,.T.);
#314=FACE_BOUND('',#1388,.T.);
#315=FACE_BOUND('',#1389,.T.);
#316=FACE_BOUND('',#1390,.T.);
#317=FACE_BOUND('',#1391,.T.);
#318=FACE_BOUND('',#1401,.T.);
#319=FACE_BOUND('',#1402,.T.);
#320=FACE_BOUND('',#1403,.T.);
#321=FACE_BOUND('',#1404,.T.);
#322=FACE_BOUND('',#1405,.T.);
#323=FACE_BOUND('',#1408,.T.);
#324=FACE_BOUND('',#1409,.T.);
#325=FACE_BOUND('',#1410,.T.);
#326=FACE_BOUND('',#1411,.T.);
#327=FACE_BOUND('',#1412,.T.);
#328=FACE_BOUND('',#1414,.T.);
#329=FACE_BOUND('',#1415,.T.);
#330=FACE_BOUND('',#1416,.T.);
#331=FACE_BOUND('',#1417,.T.);
#332=FACE_BOUND('',#1418,.T.);
#333=FACE_BOUND('',#1424,.T.);
#334=FACE_BOUND('',#1457,.T.);
#335=FACE_BOUND('',#1458,.T.);
#336=FACE_BOUND('',#1459,.T.);
#337=FACE_BOUND('',#1460,.T.);
#338=FACE_BOUND('',#1461,.T.);
#339=FACE_BOUND('',#1462,.T.);
#340=FACE_BOUND('',#1463,.T.);
#341=FACE_BOUND('',#1464,.T.);
#342=FACE_BOUND('',#1465,.T.);
#343=FACE_BOUND('',#1466,.T.);
#344=FACE_BOUND('',#1467,.T.);
#345=FACE_BOUND('',#1468,.T.);
#346=FACE_BOUND('',#1469,.T.);
#347=FACE_BOUND('',#1470,.T.);
#348=FACE_BOUND('',#1471,.T.);
#349=FACE_BOUND('',#1484,.T.);
#350=FACE_BOUND('',#1485,.T.);
#351=FACE_BOUND('',#1486,.T.);
#352=FACE_BOUND('',#1487,.T.);
#353=FACE_BOUND('',#1488,.T.);
#354=FACE_BOUND('',#1489,.T.);
#355=FACE_BOUND('',#1490,.T.);
#356=FACE_BOUND('',#1491,.T.);
#357=FACE_BOUND('',#1492,.T.);
#358=FACE_BOUND('',#1493,.T.);
#359=FACE_BOUND('',#1494,.T.);
#360=FACE_BOUND('',#1495,.T.);
#361=FACE_BOUND('',#1496,.T.);
#362=FACE_BOUND('',#1497,.T.);
#363=FACE_BOUND('',#1498,.T.);
#364=FACE_BOUND('',#1509,.T.);
#365=FACE_BOUND('',#1511,.T.);
#366=FACE_BOUND('',#1514,.T.);
#367=FACE_BOUND('',#1516,.T.);
#368=FACE_BOUND('',#1519,.T.);
#369=FACE_BOUND('',#1523,.T.);
#370=FACE_BOUND('',#1528,.T.);
#371=FACE_BOUND('',#1529,.T.);
#372=FACE_BOUND('',#1530,.T.);
#373=FACE_BOUND('',#1531,.T.);
#374=FACE_BOUND('',#1532,.T.);
#375=FACE_BOUND('',#1533,.T.);
#376=FACE_BOUND('',#1534,.T.);
#377=FACE_BOUND('',#1535,.T.);
#378=FACE_BOUND('',#1536,.T.);
#379=FACE_BOUND('',#1549,.T.);
#380=FACE_BOUND('',#1550,.T.);
#381=FACE_BOUND('',#1551,.T.);
#382=FACE_BOUND('',#1552,.T.);
#383=FACE_BOUND('',#1553,.T.);
#384=FACE_BOUND('',#1554,.T.);
#385=FACE_BOUND('',#1555,.T.);
#386=FACE_BOUND('',#1556,.T.);
#387=FACE_BOUND('',#1557,.T.);
#388=FACE_BOUND('',#1572,.T.);
#389=FACE_BOUND('',#1575,.T.);
#390=FACE_BOUND('',#1595,.T.);
#391=FACE_BOUND('',#1596,.T.);
#392=FACE_BOUND('',#1597,.T.);
#393=FACE_BOUND('',#1598,.T.);
#394=FACE_BOUND('',#1599,.T.);
#395=FACE_BOUND('',#1600,.T.);
#396=FACE_BOUND('',#1601,.T.);
#397=FACE_BOUND('',#1602,.T.);
#398=FACE_BOUND('',#1603,.T.);
#399=FACE_BOUND('',#1604,.T.);
#400=FACE_BOUND('',#1605,.T.);
#401=FACE_BOUND('',#1607,.T.);
#402=FACE_BOUND('',#1608,.T.);
#403=FACE_BOUND('',#1609,.T.);
#404=FACE_BOUND('',#1610,.T.);
#405=FACE_BOUND('',#1611,.T.);
#406=FACE_BOUND('',#1612,.T.);
#407=FACE_BOUND('',#1613,.T.);
#408=FACE_BOUND('',#1614,.T.);
#409=FACE_BOUND('',#1615,.T.);
#410=FACE_BOUND('',#1616,.T.);
#411=FACE_BOUND('',#1617,.T.);
#412=FACE_BOUND('',#1622,.T.);
#413=FACE_BOUND('',#1623,.T.);
#414=FACE_BOUND('',#1624,.T.);
#415=FACE_BOUND('',#1625,.T.);
#416=FACE_BOUND('',#1626,.T.);
#417=FACE_BOUND('',#1632,.T.);
#418=FACE_BOUND('',#1633,.T.);
#419=FACE_BOUND('',#1634,.T.);
#420=FACE_BOUND('',#1635,.T.);
#421=FACE_BOUND('',#1636,.T.);
#422=FACE_BOUND('',#1696,.T.);
#423=FACE_BOUND('',#1697,.T.);
#424=FACE_BOUND('',#1699,.T.);
#425=FACE_BOUND('',#1700,.T.);
#426=FACE_BOUND('',#1702,.T.);
#427=FACE_BOUND('',#1703,.T.);
#428=FACE_BOUND('',#1706,.T.);
#429=FACE_BOUND('',#1709,.T.);
#430=FACE_BOUND('',#1710,.T.);
#431=FACE_BOUND('',#1713,.T.);
#432=FACE_BOUND('',#1714,.T.);
#433=FACE_BOUND('',#1719,.T.);
#434=FACE_BOUND('',#1720,.T.);
#435=FACE_BOUND('',#1722,.T.);
#436=FACE_BOUND('',#1723,.T.);
#437=FACE_BOUND('',#1731,.T.);
#438=FACE_BOUND('',#1734,.T.);
#439=FACE_BOUND('',#1735,.T.);
#440=FACE_BOUND('',#1736,.T.);
#441=FACE_BOUND('',#1737,.T.);
#442=FACE_BOUND('',#1738,.T.);
#443=FACE_BOUND('',#1739,.T.);
#444=FACE_BOUND('',#1745,.T.);
#445=FACE_BOUND('',#1746,.T.);
#446=FACE_BOUND('',#1747,.T.);
#447=FACE_BOUND('',#1748,.T.);
#448=FACE_BOUND('',#1749,.T.);
#449=FACE_BOUND('',#1768,.T.);
#450=FACE_BOUND('',#1769,.T.);
#451=FACE_BOUND('',#1770,.T.);
#452=FACE_BOUND('',#1771,.T.);
#453=FACE_BOUND('',#1772,.T.);
#454=FACE_BOUND('',#1773,.T.);
#455=FACE_BOUND('',#1774,.T.);
#456=FACE_BOUND('',#1775,.T.);
#457=FACE_BOUND('',#1776,.T.);
#458=FACE_BOUND('',#1777,.T.);
#459=FACE_BOUND('',#1778,.T.);
#460=FACE_BOUND('',#1779,.T.);
#461=FACE_BOUND('',#1780,.T.);
#462=FACE_BOUND('',#1781,.T.);
#463=FACE_BOUND('',#1782,.T.);
#464=FACE_BOUND('',#1803,.T.);
#465=FACE_BOUND('',#1804,.T.);
#466=FACE_BOUND('',#1805,.T.);
#467=FACE_BOUND('',#1806,.T.);
#468=FACE_BOUND('',#1807,.T.);
#469=FACE_BOUND('',#1808,.T.);
#470=FACE_BOUND('',#1809,.T.);
#471=FACE_BOUND('',#1810,.T.);
#472=FACE_BOUND('',#1811,.T.);
#473=FACE_BOUND('',#1812,.T.);
#474=FACE_BOUND('',#1813,.T.);
#475=FACE_BOUND('',#1814,.T.);
#476=FACE_BOUND('',#1815,.T.);
#477=FACE_BOUND('',#1816,.T.);
#478=FACE_BOUND('',#1817,.T.);
#479=FACE_BOUND('',#1855,.T.);
#480=FACE_BOUND('',#1856,.T.);
#481=FACE_BOUND('',#1857,.T.);
#482=FACE_BOUND('',#1858,.T.);
#483=FACE_BOUND('',#1859,.T.);
#484=FACE_BOUND('',#1860,.T.);
#485=FACE_BOUND('',#1861,.T.);
#486=FACE_BOUND('',#1862,.T.);
#487=FACE_BOUND('',#1863,.T.);
#488=FACE_BOUND('',#1865,.T.);
#489=FACE_BOUND('',#1866,.T.);
#490=FACE_BOUND('',#1867,.T.);
#491=FACE_BOUND('',#1868,.T.);
#492=FACE_BOUND('',#1869,.T.);
#493=FACE_BOUND('',#1870,.T.);
#494=FACE_BOUND('',#1871,.T.);
#495=FACE_BOUND('',#1872,.T.);
#496=FACE_BOUND('',#1873,.T.);
#497=FACE_BOUND('',#1875,.T.);
#498=FACE_BOUND('',#1879,.T.);
#499=FACE_BOUND('',#1883,.T.);
#500=FACE_BOUND('',#1887,.T.);
#501=FACE_BOUND('',#1890,.T.);
#502=FACE_BOUND('',#1894,.T.);
#503=FACE_BOUND('',#1897,.T.);
#504=FACE_BOUND('',#1901,.T.);
#505=FACE_BOUND('',#1919,.T.);
#506=FACE_BOUND('',#1920,.T.);
#507=FACE_BOUND('',#1922,.T.);
#508=FACE_BOUND('',#1925,.T.);
#509=FACE_BOUND('',#1926,.T.);
#510=FACE_BOUND('',#1928,.T.);
#511=FACE_BOUND('',#1930,.T.);
#512=FACE_BOUND('',#1934,.T.);
#513=FACE_BOUND('',#1936,.T.);
#514=FACE_BOUND('',#1940,.T.);
#515=FACE_BOUND('',#1942,.T.);
#516=FACE_BOUND('',#1959,.T.);
#517=FACE_BOUND('',#1963,.T.);
#518=FACE_BOUND('',#1964,.T.);
#519=FACE_BOUND('',#1965,.T.);
#520=FACE_BOUND('',#1966,.T.);
#521=FACE_BOUND('',#1967,.T.);
#522=FACE_BOUND('',#1968,.T.);
#523=FACE_BOUND('',#1969,.T.);
#524=FACE_BOUND('',#1980,.T.);
#525=FACE_BOUND('',#1981,.T.);
#526=FACE_BOUND('',#1982,.T.);
#527=FACE_BOUND('',#1983,.T.);
#528=FACE_BOUND('',#1984,.T.);
#529=FACE_BOUND('',#1986,.T.);
#530=FACE_BOUND('',#1987,.T.);
#531=FACE_BOUND('',#1988,.T.);
#532=FACE_BOUND('',#1989,.T.);
#533=FACE_BOUND('',#1990,.T.);
#534=FACE_BOUND('',#1998,.T.);
#535=FACE_BOUND('',#1999,.T.);
#536=FACE_BOUND('',#2000,.T.);
#537=FACE_BOUND('',#2001,.T.);
#538=FACE_BOUND('',#2002,.T.);
#539=FACE_BOUND('',#2004,.T.);
#540=FACE_BOUND('',#2005,.T.);
#541=FACE_BOUND('',#2006,.T.);
#542=FACE_BOUND('',#2007,.T.);
#543=FACE_BOUND('',#2008,.T.);
#544=FACE_BOUND('',#2021,.T.);
#545=FACE_BOUND('',#2022,.T.);
#546=FACE_BOUND('',#2023,.T.);
#547=FACE_BOUND('',#2024,.T.);
#548=FACE_BOUND('',#2026,.T.);
#549=FACE_BOUND('',#2027,.T.);
#550=FACE_BOUND('',#2028,.T.);
#551=FACE_BOUND('',#2029,.T.);
#552=FACE_BOUND('',#2033,.T.);
#553=FACE_BOUND('',#2035,.T.);
#554=FACE_BOUND('',#2045,.T.);
#555=FACE_BOUND('',#2047,.T.);
#556=FACE_BOUND('',#2051,.T.);
#557=FACE_BOUND('',#2053,.T.);
#558=FACE_BOUND('',#2057,.T.);
#559=FACE_BOUND('',#2059,.T.);
#560=FACE_BOUND('',#2063,.T.);
#561=FACE_BOUND('',#2065,.T.);
#562=FACE_BOUND('',#2079,.T.);
#563=FACE_BOUND('',#2080,.T.);
#564=FACE_BOUND('',#2082,.T.);
#565=FACE_BOUND('',#2083,.T.);
#566=FACE_BOUND('',#2091,.T.);
#567=FACE_BOUND('',#2092,.T.);
#568=FACE_BOUND('',#2094,.T.);
#569=FACE_BOUND('',#2095,.T.);
#570=FACE_BOUND('',#2105,.T.);
#571=FACE_BOUND('',#2107,.T.);
#572=FACE_BOUND('',#2111,.T.);
#573=FACE_BOUND('',#2113,.T.);
#574=FACE_BOUND('',#2117,.T.);
#575=FACE_BOUND('',#2119,.T.);
#576=PLANE('',#9685);
#577=PLANE('',#9686);
#578=PLANE('',#9688);
#579=PLANE('',#9689);
#580=PLANE('',#9690);
#581=PLANE('',#9691);
#582=PLANE('',#9718);
#583=PLANE('',#9722);
#584=PLANE('',#9725);
#585=PLANE('',#9734);
#586=PLANE('',#9781);
#587=PLANE('',#9782);
#588=PLANE('',#9783);
#589=PLANE('',#9784);
#590=PLANE('',#9785);
#591=PLANE('',#9786);
#592=PLANE('',#9787);
#593=PLANE('',#9788);
#594=PLANE('',#9789);
#595=PLANE('',#9790);
#596=PLANE('',#9791);
#597=PLANE('',#9792);
#598=PLANE('',#9793);
#599=PLANE('',#9803);
#600=PLANE('',#9815);
#601=PLANE('',#9816);
#602=PLANE('',#9817);
#603=PLANE('',#9818);
#604=PLANE('',#9819);
#605=PLANE('',#9820);
#606=PLANE('',#9821);
#607=PLANE('',#9824);
#608=PLANE('',#9831);
#609=PLANE('',#9832);
#610=PLANE('',#9833);
#611=PLANE('',#9835);
#612=PLANE('',#9836);
#613=PLANE('',#9837);
#614=PLANE('',#9842);
#615=PLANE('',#9844);
#616=PLANE('',#9848);
#617=PLANE('',#9851);
#618=PLANE('',#9858);
#619=PLANE('',#9859);
#620=PLANE('',#9861);
#621=PLANE('',#9862);
#622=PLANE('',#9863);
#623=PLANE('',#9864);
#624=PLANE('',#9874);
#625=PLANE('',#9875);
#626=PLANE('',#9876);
#627=PLANE('',#9877);
#628=PLANE('',#9878);
#629=PLANE('',#9879);
#630=PLANE('',#9880);
#631=PLANE('',#9881);
#632=PLANE('',#9882);
#633=PLANE('',#9883);
#634=PLANE('',#9884);
#635=PLANE('',#9885);
#636=PLANE('',#9895);
#637=PLANE('',#9896);
#638=PLANE('',#9897);
#639=PLANE('',#9898);
#640=PLANE('',#9909);
#641=PLANE('',#9913);
#642=PLANE('',#9916);
#643=PLANE('',#9917);
#644=PLANE('',#9952);
#645=PLANE('',#9953);
#646=PLANE('',#9954);
#647=PLANE('',#9955);
#648=PLANE('',#9956);
#649=PLANE('',#9957);
#650=PLANE('',#9968);
#651=PLANE('',#9994);
#652=PLANE('',#10013);
#653=PLANE('',#10014);
#654=PLANE('',#10015);
#655=PLANE('',#10016);
#656=PLANE('',#10017);
#657=PLANE('',#10018);
#658=PLANE('',#10019);
#659=PLANE('',#10020);
#660=PLANE('',#10021);
#661=PLANE('',#10022);
#662=PLANE('',#10023);
#663=PLANE('',#10024);
#664=PLANE('',#10025);
#665=PLANE('',#10032);
#666=PLANE('',#10033);
#667=PLANE('',#10034);
#668=PLANE('',#10035);
#669=PLANE('',#10036);
#670=PLANE('',#10037);
#671=PLANE('',#10038);
#672=PLANE('',#10042);
#673=PLANE('',#10043);
#674=PLANE('',#10044);
#675=PLANE('',#10045);
#676=PLANE('',#10046);
#677=PLANE('',#10047);
#678=PLANE('',#10049);
#679=PLANE('',#10050);
#680=PLANE('',#10051);
#681=PLANE('',#10052);
#682=PLANE('',#10053);
#683=PLANE('',#10054);
#684=PLANE('',#10059);
#685=PLANE('',#10063);
#686=PLANE('',#10082);
#687=PLANE('',#10083);
#688=PLANE('',#10084);
#689=PLANE('',#10085);
#690=PLANE('',#10086);
#691=PLANE('',#10087);
#692=PLANE('',#10088);
#693=PLANE('',#10089);
#694=PLANE('',#10090);
#695=PLANE('',#10091);
#696=PLANE('',#10092);
#697=PLANE('',#10093);
#698=PLANE('',#10094);
#699=PLANE('',#10095);
#700=PLANE('',#10096);
#701=PLANE('',#10097);
#702=PLANE('',#10098);
#703=PLANE('',#10115);
#704=PLANE('',#10116);
#705=PLANE('',#10117);
#706=PLANE('',#10118);
#707=PLANE('',#10121);
#708=PLANE('',#10122);
#709=PLANE('',#10127);
#710=PLANE('',#10162);
#711=PLANE('',#10163);
#712=PLANE('',#10164);
#713=PLANE('',#10165);
#714=PLANE('',#10166);
#715=PLANE('',#10167);
#716=PLANE('',#10168);
#717=PLANE('',#10169);
#718=PLANE('',#10170);
#719=PLANE('',#10171);
#720=PLANE('',#10172);
#721=PLANE('',#10173);
#722=PLANE('',#10174);
#723=PLANE('',#10175);
#724=PLANE('',#10176);
#725=PLANE('',#10177);
#726=PLANE('',#10178);
#727=PLANE('',#10179);
#728=PLANE('',#10180);
#729=PLANE('',#10181);
#730=PLANE('',#10182);
#731=PLANE('',#10183);
#732=PLANE('',#10184);
#733=PLANE('',#10185);
#734=PLANE('',#10186);
#735=PLANE('',#10187);
#736=PLANE('',#10188);
#737=PLANE('',#10189);
#738=PLANE('',#10190);
#739=PLANE('',#10191);
#740=PLANE('',#10192);
#741=PLANE('',#10193);
#742=PLANE('',#10194);
#743=PLANE('',#10195);
#744=PLANE('',#10196);
#745=PLANE('',#10197);
#746=PLANE('',#10198);
#747=PLANE('',#10199);
#748=PLANE('',#10225);
#749=PLANE('',#10226);
#750=PLANE('',#10227);
#751=PLANE('',#10228);
#752=PLANE('',#10229);
#753=PLANE('',#10230);
#754=PLANE('',#10231);
#755=PLANE('',#10232);
#756=PLANE('',#10233);
#757=PLANE('',#10234);
#758=PLANE('',#10235);
#759=PLANE('',#10236);
#760=PLANE('',#10237);
#761=PLANE('',#10238);
#762=PLANE('',#10239);
#763=PLANE('',#10240);
#764=PLANE('',#10244);
#765=PLANE('',#10245);
#766=PLANE('',#10246);
#767=PLANE('',#10247);
#768=PLANE('',#10248);
#769=PLANE('',#10249);
#770=PLANE('',#10250);
#771=PLANE('',#10251);
#772=PLANE('',#10252);
#773=PLANE('',#10253);
#774=PLANE('',#10254);
#775=PLANE('',#10255);
#776=PLANE('',#10256);
#777=PLANE('',#10257);
#778=PLANE('',#10258);
#779=PLANE('',#10259);
#780=PLANE('',#10260);
#781=PLANE('',#10261);
#782=PLANE('',#10262);
#783=PLANE('',#10263);
#784=PLANE('',#10264);
#785=PLANE('',#10265);
#786=PLANE('',#10266);
#787=PLANE('',#10267);
#788=PLANE('',#10268);
#789=PLANE('',#10269);
#790=PLANE('',#10270);
#791=PLANE('',#10271);
#792=PLANE('',#10272);
#793=PLANE('',#10273);
#794=PLANE('',#10275);
#795=PLANE('',#10276);
#796=PLANE('',#10277);
#797=PLANE('',#10280);
#798=PLANE('',#10283);
#799=PLANE('',#10286);
#800=PLANE('',#10287);
#801=PLANE('',#10288);
#802=PLANE('',#10294);
#803=PLANE('',#10301);
#804=PLANE('',#10302);
#805=PLANE('',#10310);
#806=PLANE('',#10311);
#807=PLANE('',#10319);
#808=PLANE('',#10320);
#809=PLANE('',#10325);
#810=PLANE('',#10329);
#811=PLANE('',#10333);
#812=PLANE('',#10337);
#813=PLANE('',#10341);
#814=PLANE('',#10345);
#815=PLANE('',#10349);
#816=PLANE('',#10353);
#817=PLANE('',#10357);
#818=PLANE('',#10358);
#819=PLANE('',#10363);
#820=PLANE('',#10364);
#821=PLANE('',#10384);
#822=PLANE('',#10385);
#823=PLANE('',#10405);
#824=PLANE('',#10406);
#825=PLANE('',#10411);
#826=PLANE('',#10412);
#827=PLANE('',#10426);
#828=PLANE('',#10427);
#829=PLANE('',#10428);
#830=PLANE('',#10429);
#831=PLANE('',#10430);
#832=PLANE('',#10431);
#833=PLANE('',#10439);
#834=PLANE('',#10440);
#835=PLANE('',#10442);
#836=PLANE('',#10443);
#837=PLANE('',#10444);
#838=PLANE('',#10451);
#839=PLANE('',#10459);
#840=PLANE('',#10460);
#841=PLANE('',#10468);
#842=PLANE('',#10469);
#843=PLANE('',#10477);
#844=PLANE('',#10478);
#845=PLANE('',#10486);
#846=PLANE('',#10487);
#847=PLANE('',#10492);
#848=PLANE('',#10493);
#849=PLANE('',#10498);
#850=PLANE('',#10499);
#851=PLANE('',#10507);
#852=PLANE('',#10508);
#853=PLANE('',#10509);
#854=PLANE('',#10510);
#855=PLANE('',#10511);
#856=PLANE('',#10512);
#857=PLANE('',#10520);
#858=PLANE('',#10521);
#859=PLANE('',#10522);
#860=PLANE('',#10523);
#861=PLANE('',#10524);
#862=PLANE('',#10525);
#863=PLANE('',#10527);
#864=PLANE('',#10528);
#865=PLANE('',#10529);
#866=PLANE('',#10530);
#867=PLANE('',#10531);
#868=PLANE('',#10532);
#869=PLANE('',#10540);
#870=PLANE('',#10541);
#871=PLANE('',#10549);
#872=PLANE('',#10550);
#873=PLANE('',#10558);
#874=PLANE('',#10559);
#875=FACE_OUTER_BOUND('',#1359,.T.);
#876=FACE_OUTER_BOUND('',#1360,.T.);
#877=FACE_OUTER_BOUND('',#1361,.T.);
#878=FACE_OUTER_BOUND('',#1362,.T.);
#879=FACE_OUTER_BOUND('',#1363,.T.);
#880=FACE_OUTER_BOUND('',#1364,.T.);
#881=FACE_OUTER_BOUND('',#1365,.T.);
#882=FACE_OUTER_BOUND('',#1366,.T.);
#883=FACE_OUTER_BOUND('',#1367,.T.);
#884=FACE_OUTER_BOUND('',#1375,.T.);
#885=FACE_OUTER_BOUND('',#1383,.T.);
#886=FACE_OUTER_BOUND('',#1384,.T.);
#887=FACE_OUTER_BOUND('',#1385,.T.);
#888=FACE_OUTER_BOUND('',#1386,.T.);
#889=FACE_OUTER_BOUND('',#1392,.T.);
#890=FACE_OUTER_BOUND('',#1393,.T.);
#891=FACE_OUTER_BOUND('',#1394,.T.);
#892=FACE_OUTER_BOUND('',#1395,.T.);
#893=FACE_OUTER_BOUND('',#1396,.T.);
#894=FACE_OUTER_BOUND('',#1397,.T.);
#895=FACE_OUTER_BOUND('',#1398,.T.);
#896=FACE_OUTER_BOUND('',#1399,.T.);
#897=FACE_OUTER_BOUND('',#1400,.T.);
#898=FACE_OUTER_BOUND('',#1406,.T.);
#899=FACE_OUTER_BOUND('',#1407,.T.);
#900=FACE_OUTER_BOUND('',#1413,.T.);
#901=FACE_OUTER_BOUND('',#1419,.T.);
#902=FACE_OUTER_BOUND('',#1420,.T.);
#903=FACE_OUTER_BOUND('',#1421,.T.);
#904=FACE_OUTER_BOUND('',#1422,.T.);
#905=FACE_OUTER_BOUND('',#1423,.T.);
#906=FACE_OUTER_BOUND('',#1425,.T.);
#907=FACE_OUTER_BOUND('',#1426,.T.);
#908=FACE_OUTER_BOUND('',#1427,.T.);
#909=FACE_OUTER_BOUND('',#1428,.T.);
#910=FACE_OUTER_BOUND('',#1429,.T.);
#911=FACE_OUTER_BOUND('',#1430,.T.);
#912=FACE_OUTER_BOUND('',#1431,.T.);
#913=FACE_OUTER_BOUND('',#1432,.T.);
#914=FACE_OUTER_BOUND('',#1433,.T.);
#915=FACE_OUTER_BOUND('',#1434,.T.);
#916=FACE_OUTER_BOUND('',#1435,.T.);
#917=FACE_OUTER_BOUND('',#1436,.T.);
#918=FACE_OUTER_BOUND('',#1437,.T.);
#919=FACE_OUTER_BOUND('',#1438,.T.);
#920=FACE_OUTER_BOUND('',#1439,.T.);
#921=FACE_OUTER_BOUND('',#1440,.T.);
#922=FACE_OUTER_BOUND('',#1441,.T.);
#923=FACE_OUTER_BOUND('',#1442,.T.);
#924=FACE_OUTER_BOUND('',#1443,.T.);
#925=FACE_OUTER_BOUND('',#1444,.T.);
#926=FACE_OUTER_BOUND('',#1445,.T.);
#927=FACE_OUTER_BOUND('',#1446,.T.);
#928=FACE_OUTER_BOUND('',#1447,.T.);
#929=FACE_OUTER_BOUND('',#1448,.T.);
#930=FACE_OUTER_BOUND('',#1449,.T.);
#931=FACE_OUTER_BOUND('',#1450,.T.);
#932=FACE_OUTER_BOUND('',#1451,.T.);
#933=FACE_OUTER_BOUND('',#1452,.T.);
#934=FACE_OUTER_BOUND('',#1453,.T.);
#935=FACE_OUTER_BOUND('',#1454,.T.);
#936=FACE_OUTER_BOUND('',#1455,.T.);
#937=FACE_OUTER_BOUND('',#1456,.T.);
#938=FACE_OUTER_BOUND('',#1472,.T.);
#939=FACE_OUTER_BOUND('',#1473,.T.);
#940=FACE_OUTER_BOUND('',#1474,.T.);
#941=FACE_OUTER_BOUND('',#1475,.T.);
#942=FACE_OUTER_BOUND('',#1476,.T.);
#943=FACE_OUTER_BOUND('',#1477,.T.);
#944=FACE_OUTER_BOUND('',#1478,.T.);
#945=FACE_OUTER_BOUND('',#1479,.T.);
#946=FACE_OUTER_BOUND('',#1480,.T.);
#947=FACE_OUTER_BOUND('',#1481,.T.);
#948=FACE_OUTER_BOUND('',#1482,.T.);
#949=FACE_OUTER_BOUND('',#1483,.T.);
#950=FACE_OUTER_BOUND('',#1499,.T.);
#951=FACE_OUTER_BOUND('',#1500,.T.);
#952=FACE_OUTER_BOUND('',#1501,.T.);
#953=FACE_OUTER_BOUND('',#1502,.T.);
#954=FACE_OUTER_BOUND('',#1503,.T.);
#955=FACE_OUTER_BOUND('',#1504,.T.);
#956=FACE_OUTER_BOUND('',#1505,.T.);
#957=FACE_OUTER_BOUND('',#1506,.T.);
#958=FACE_OUTER_BOUND('',#1507,.T.);
#959=FACE_OUTER_BOUND('',#1508,.T.);
#960=FACE_OUTER_BOUND('',#1510,.T.);
#961=FACE_OUTER_BOUND('',#1512,.T.);
#962=FACE_OUTER_BOUND('',#1513,.T.);
#963=FACE_OUTER_BOUND('',#1515,.T.);
#964=FACE_OUTER_BOUND('',#1517,.T.);
#965=FACE_OUTER_BOUND('',#1518,.T.);
#966=FACE_OUTER_BOUND('',#1520,.T.);
#967=FACE_OUTER_BOUND('',#1521,.T.);
#968=FACE_OUTER_BOUND('',#1522,.T.);
#969=FACE_OUTER_BOUND('',#1524,.T.);
#970=FACE_OUTER_BOUND('',#1525,.T.);
#971=FACE_OUTER_BOUND('',#1526,.T.);
#972=FACE_OUTER_BOUND('',#1527,.T.);
#973=FACE_OUTER_BOUND('',#1537,.T.);
#974=FACE_OUTER_BOUND('',#1538,.T.);
#975=FACE_OUTER_BOUND('',#1539,.T.);
#976=FACE_OUTER_BOUND('',#1540,.T.);
#977=FACE_OUTER_BOUND('',#1541,.T.);
#978=FACE_OUTER_BOUND('',#1542,.T.);
#979=FACE_OUTER_BOUND('',#1543,.T.);
#980=FACE_OUTER_BOUND('',#1544,.T.);
#981=FACE_OUTER_BOUND('',#1545,.T.);
#982=FACE_OUTER_BOUND('',#1546,.T.);
#983=FACE_OUTER_BOUND('',#1547,.T.);
#984=FACE_OUTER_BOUND('',#1548,.T.);
#985=FACE_OUTER_BOUND('',#1558,.T.);
#986=FACE_OUTER_BOUND('',#1559,.T.);
#987=FACE_OUTER_BOUND('',#1560,.T.);
#988=FACE_OUTER_BOUND('',#1561,.T.);
#989=FACE_OUTER_BOUND('',#1562,.T.);
#990=FACE_OUTER_BOUND('',#1563,.T.);
#991=FACE_OUTER_BOUND('',#1564,.T.);
#992=FACE_OUTER_BOUND('',#1565,.T.);
#993=FACE_OUTER_BOUND('',#1566,.T.);
#994=FACE_OUTER_BOUND('',#1567,.T.);
#995=FACE_OUTER_BOUND('',#1568,.T.);
#996=FACE_OUTER_BOUND('',#1569,.T.);
#997=FACE_OUTER_BOUND('',#1570,.T.);
#998=FACE_OUTER_BOUND('',#1571,.T.);
#999=FACE_OUTER_BOUND('',#1573,.T.);
#1000=FACE_OUTER_BOUND('',#1574,.T.);
#1001=FACE_OUTER_BOUND('',#1576,.T.);
#1002=FACE_OUTER_BOUND('',#1577,.T.);
#1003=FACE_OUTER_BOUND('',#1578,.T.);
#1004=FACE_OUTER_BOUND('',#1579,.T.);
#1005=FACE_OUTER_BOUND('',#1580,.T.);
#1006=FACE_OUTER_BOUND('',#1581,.T.);
#1007=FACE_OUTER_BOUND('',#1582,.T.);
#1008=FACE_OUTER_BOUND('',#1583,.T.);
#1009=FACE_OUTER_BOUND('',#1584,.T.);
#1010=FACE_OUTER_BOUND('',#1585,.T.);
#1011=FACE_OUTER_BOUND('',#1586,.T.);
#1012=FACE_OUTER_BOUND('',#1587,.T.);
#1013=FACE_OUTER_BOUND('',#1588,.T.);
#1014=FACE_OUTER_BOUND('',#1589,.T.);
#1015=FACE_OUTER_BOUND('',#1590,.T.);
#1016=FACE_OUTER_BOUND('',#1591,.T.);
#1017=FACE_OUTER_BOUND('',#1592,.T.);
#1018=FACE_OUTER_BOUND('',#1593,.T.);
#1019=FACE_OUTER_BOUND('',#1594,.T.);
#1020=FACE_OUTER_BOUND('',#1606,.T.);
#1021=FACE_OUTER_BOUND('',#1618,.T.);
#1022=FACE_OUTER_BOUND('',#1619,.T.);
#1023=FACE_OUTER_BOUND('',#1620,.T.);
#1024=FACE_OUTER_BOUND('',#1621,.T.);
#1025=FACE_OUTER_BOUND('',#1627,.T.);
#1026=FACE_OUTER_BOUND('',#1628,.T.);
#1027=FACE_OUTER_BOUND('',#1629,.T.);
#1028=FACE_OUTER_BOUND('',#1630,.T.);
#1029=FACE_OUTER_BOUND('',#1631,.T.);
#1030=FACE_OUTER_BOUND('',#1637,.T.);
#1031=FACE_OUTER_BOUND('',#1638,.T.);
#1032=FACE_OUTER_BOUND('',#1639,.T.);
#1033=FACE_OUTER_BOUND('',#1640,.T.);
#1034=FACE_OUTER_BOUND('',#1641,.T.);
#1035=FACE_OUTER_BOUND('',#1642,.T.);
#1036=FACE_OUTER_BOUND('',#1643,.T.);
#1037=FACE_OUTER_BOUND('',#1644,.T.);
#1038=FACE_OUTER_BOUND('',#1645,.T.);
#1039=FACE_OUTER_BOUND('',#1646,.T.);
#1040=FACE_OUTER_BOUND('',#1647,.T.);
#1041=FACE_OUTER_BOUND('',#1648,.T.);
#1042=FACE_OUTER_BOUND('',#1649,.T.);
#1043=FACE_OUTER_BOUND('',#1650,.T.);
#1044=FACE_OUTER_BOUND('',#1651,.T.);
#1045=FACE_OUTER_BOUND('',#1652,.T.);
#1046=FACE_OUTER_BOUND('',#1653,.T.);
#1047=FACE_OUTER_BOUND('',#1654,.T.);
#1048=FACE_OUTER_BOUND('',#1655,.T.);
#1049=FACE_OUTER_BOUND('',#1656,.T.);
#1050=FACE_OUTER_BOUND('',#1657,.T.);
#1051=FACE_OUTER_BOUND('',#1658,.T.);
#1052=FACE_OUTER_BOUND('',#1659,.T.);
#1053=FACE_OUTER_BOUND('',#1660,.T.);
#1054=FACE_OUTER_BOUND('',#1661,.T.);
#1055=FACE_OUTER_BOUND('',#1662,.T.);
#1056=FACE_OUTER_BOUND('',#1663,.T.);
#1057=FACE_OUTER_BOUND('',#1664,.T.);
#1058=FACE_OUTER_BOUND('',#1665,.T.);
#1059=FACE_OUTER_BOUND('',#1666,.T.);
#1060=FACE_OUTER_BOUND('',#1667,.T.);
#1061=FACE_OUTER_BOUND('',#1668,.T.);
#1062=FACE_OUTER_BOUND('',#1669,.T.);
#1063=FACE_OUTER_BOUND('',#1670,.T.);
#1064=FACE_OUTER_BOUND('',#1671,.T.);
#1065=FACE_OUTER_BOUND('',#1672,.T.);
#1066=FACE_OUTER_BOUND('',#1673,.T.);
#1067=FACE_OUTER_BOUND('',#1674,.T.);
#1068=FACE_OUTER_BOUND('',#1675,.T.);
#1069=FACE_OUTER_BOUND('',#1676,.T.);
#1070=FACE_OUTER_BOUND('',#1677,.T.);
#1071=FACE_OUTER_BOUND('',#1678,.T.);
#1072=FACE_OUTER_BOUND('',#1679,.T.);
#1073=FACE_OUTER_BOUND('',#1680,.T.);
#1074=FACE_OUTER_BOUND('',#1681,.T.);
#1075=FACE_OUTER_BOUND('',#1682,.T.);
#1076=FACE_OUTER_BOUND('',#1683,.T.);
#1077=FACE_OUTER_BOUND('',#1684,.T.);
#1078=FACE_OUTER_BOUND('',#1685,.T.);
#1079=FACE_OUTER_BOUND('',#1686,.T.);
#1080=FACE_OUTER_BOUND('',#1687,.T.);
#1081=FACE_OUTER_BOUND('',#1688,.T.);
#1082=FACE_OUTER_BOUND('',#1689,.T.);
#1083=FACE_OUTER_BOUND('',#1690,.T.);
#1084=FACE_OUTER_BOUND('',#1691,.T.);
#1085=FACE_OUTER_BOUND('',#1692,.T.);
#1086=FACE_OUTER_BOUND('',#1693,.T.);
#1087=FACE_OUTER_BOUND('',#1694,.T.);
#1088=FACE_OUTER_BOUND('',#1695,.T.);
#1089=FACE_OUTER_BOUND('',#1698,.T.);
#1090=FACE_OUTER_BOUND('',#1701,.T.);
#1091=FACE_OUTER_BOUND('',#1704,.T.);
#1092=FACE_OUTER_BOUND('',#1705,.T.);
#1093=FACE_OUTER_BOUND('',#1707,.T.);
#1094=FACE_OUTER_BOUND('',#1708,.T.);
#1095=FACE_OUTER_BOUND('',#1711,.T.);
#1096=FACE_OUTER_BOUND('',#1712,.T.);
#1097=FACE_OUTER_BOUND('',#1715,.T.);
#1098=FACE_OUTER_BOUND('',#1716,.T.);
#1099=FACE_OUTER_BOUND('',#1717,.T.);
#1100=FACE_OUTER_BOUND('',#1718,.T.);
#1101=FACE_OUTER_BOUND('',#1721,.T.);
#1102=FACE_OUTER_BOUND('',#1724,.T.);
#1103=FACE_OUTER_BOUND('',#1725,.T.);
#1104=FACE_OUTER_BOUND('',#1726,.T.);
#1105=FACE_OUTER_BOUND('',#1727,.T.);
#1106=FACE_OUTER_BOUND('',#1728,.T.);
#1107=FACE_OUTER_BOUND('',#1729,.T.);
#1108=FACE_OUTER_BOUND('',#1730,.T.);
#1109=FACE_OUTER_BOUND('',#1732,.T.);
#1110=FACE_OUTER_BOUND('',#1733,.T.);
#1111=FACE_OUTER_BOUND('',#1740,.T.);
#1112=FACE_OUTER_BOUND('',#1741,.T.);
#1113=FACE_OUTER_BOUND('',#1742,.T.);
#1114=FACE_OUTER_BOUND('',#1743,.T.);
#1115=FACE_OUTER_BOUND('',#1744,.T.);
#1116=FACE_OUTER_BOUND('',#1750,.T.);
#1117=FACE_OUTER_BOUND('',#1751,.T.);
#1118=FACE_OUTER_BOUND('',#1752,.T.);
#1119=FACE_OUTER_BOUND('',#1753,.T.);
#1120=FACE_OUTER_BOUND('',#1754,.T.);
#1121=FACE_OUTER_BOUND('',#1755,.T.);
#1122=FACE_OUTER_BOUND('',#1756,.T.);
#1123=FACE_OUTER_BOUND('',#1757,.T.);
#1124=FACE_OUTER_BOUND('',#1758,.T.);
#1125=FACE_OUTER_BOUND('',#1759,.T.);
#1126=FACE_OUTER_BOUND('',#1760,.T.);
#1127=FACE_OUTER_BOUND('',#1761,.T.);
#1128=FACE_OUTER_BOUND('',#1762,.T.);
#1129=FACE_OUTER_BOUND('',#1763,.T.);
#1130=FACE_OUTER_BOUND('',#1764,.T.);
#1131=FACE_OUTER_BOUND('',#1765,.T.);
#1132=FACE_OUTER_BOUND('',#1766,.T.);
#1133=FACE_OUTER_BOUND('',#1767,.T.);
#1134=FACE_OUTER_BOUND('',#1783,.T.);
#1135=FACE_OUTER_BOUND('',#1784,.T.);
#1136=FACE_OUTER_BOUND('',#1785,.T.);
#1137=FACE_OUTER_BOUND('',#1786,.T.);
#1138=FACE_OUTER_BOUND('',#1787,.T.);
#1139=FACE_OUTER_BOUND('',#1788,.T.);
#1140=FACE_OUTER_BOUND('',#1789,.T.);
#1141=FACE_OUTER_BOUND('',#1790,.T.);
#1142=FACE_OUTER_BOUND('',#1791,.T.);
#1143=FACE_OUTER_BOUND('',#1792,.T.);
#1144=FACE_OUTER_BOUND('',#1793,.T.);
#1145=FACE_OUTER_BOUND('',#1794,.T.);
#1146=FACE_OUTER_BOUND('',#1795,.T.);
#1147=FACE_OUTER_BOUND('',#1796,.T.);
#1148=FACE_OUTER_BOUND('',#1797,.T.);
#1149=FACE_OUTER_BOUND('',#1798,.T.);
#1150=FACE_OUTER_BOUND('',#1799,.T.);
#1151=FACE_OUTER_BOUND('',#1800,.T.);
#1152=FACE_OUTER_BOUND('',#1801,.T.);
#1153=FACE_OUTER_BOUND('',#1802,.T.);
#1154=FACE_OUTER_BOUND('',#1818,.T.);
#1155=FACE_OUTER_BOUND('',#1819,.T.);
#1156=FACE_OUTER_BOUND('',#1820,.T.);
#1157=FACE_OUTER_BOUND('',#1821,.T.);
#1158=FACE_OUTER_BOUND('',#1822,.T.);
#1159=FACE_OUTER_BOUND('',#1823,.T.);
#1160=FACE_OUTER_BOUND('',#1824,.T.);
#1161=FACE_OUTER_BOUND('',#1825,.T.);
#1162=FACE_OUTER_BOUND('',#1826,.T.);
#1163=FACE_OUTER_BOUND('',#1827,.T.);
#1164=FACE_OUTER_BOUND('',#1828,.T.);
#1165=FACE_OUTER_BOUND('',#1829,.T.);
#1166=FACE_OUTER_BOUND('',#1830,.T.);
#1167=FACE_OUTER_BOUND('',#1831,.T.);
#1168=FACE_OUTER_BOUND('',#1832,.T.);
#1169=FACE_OUTER_BOUND('',#1833,.T.);
#1170=FACE_OUTER_BOUND('',#1834,.T.);
#1171=FACE_OUTER_BOUND('',#1835,.T.);
#1172=FACE_OUTER_BOUND('',#1836,.T.);
#1173=FACE_OUTER_BOUND('',#1837,.T.);
#1174=FACE_OUTER_BOUND('',#1838,.T.);
#1175=FACE_OUTER_BOUND('',#1839,.T.);
#1176=FACE_OUTER_BOUND('',#1840,.T.);
#1177=FACE_OUTER_BOUND('',#1841,.T.);
#1178=FACE_OUTER_BOUND('',#1842,.T.);
#1179=FACE_OUTER_BOUND('',#1843,.T.);
#1180=FACE_OUTER_BOUND('',#1844,.T.);
#1181=FACE_OUTER_BOUND('',#1845,.T.);
#1182=FACE_OUTER_BOUND('',#1846,.T.);
#1183=FACE_OUTER_BOUND('',#1847,.T.);
#1184=FACE_OUTER_BOUND('',#1848,.T.);
#1185=FACE_OUTER_BOUND('',#1849,.T.);
#1186=FACE_OUTER_BOUND('',#1850,.T.);
#1187=FACE_OUTER_BOUND('',#1851,.T.);
#1188=FACE_OUTER_BOUND('',#1852,.T.);
#1189=FACE_OUTER_BOUND('',#1853,.T.);
#1190=FACE_OUTER_BOUND('',#1854,.T.);
#1191=FACE_OUTER_BOUND('',#1864,.T.);
#1192=FACE_OUTER_BOUND('',#1874,.T.);
#1193=FACE_OUTER_BOUND('',#1876,.T.);
#1194=FACE_OUTER_BOUND('',#1877,.T.);
#1195=FACE_OUTER_BOUND('',#1878,.T.);
#1196=FACE_OUTER_BOUND('',#1880,.T.);
#1197=FACE_OUTER_BOUND('',#1881,.T.);
#1198=FACE_OUTER_BOUND('',#1882,.T.);
#1199=FACE_OUTER_BOUND('',#1884,.T.);
#1200=FACE_OUTER_BOUND('',#1885,.T.);
#1201=FACE_OUTER_BOUND('',#1886,.T.);
#1202=FACE_OUTER_BOUND('',#1888,.T.);
#1203=FACE_OUTER_BOUND('',#1889,.T.);
#1204=FACE_OUTER_BOUND('',#1891,.T.);
#1205=FACE_OUTER_BOUND('',#1892,.T.);
#1206=FACE_OUTER_BOUND('',#1893,.T.);
#1207=FACE_OUTER_BOUND('',#1895,.T.);
#1208=FACE_OUTER_BOUND('',#1896,.T.);
#1209=FACE_OUTER_BOUND('',#1898,.T.);
#1210=FACE_OUTER_BOUND('',#1899,.T.);
#1211=FACE_OUTER_BOUND('',#1900,.T.);
#1212=FACE_OUTER_BOUND('',#1902,.T.);
#1213=FACE_OUTER_BOUND('',#1903,.T.);
#1214=FACE_OUTER_BOUND('',#1904,.T.);
#1215=FACE_OUTER_BOUND('',#1905,.T.);
#1216=FACE_OUTER_BOUND('',#1906,.T.);
#1217=FACE_OUTER_BOUND('',#1907,.T.);
#1218=FACE_OUTER_BOUND('',#1908,.T.);
#1219=FACE_OUTER_BOUND('',#1909,.T.);
#1220=FACE_OUTER_BOUND('',#1910,.T.);
#1221=FACE_OUTER_BOUND('',#1911,.T.);
#1222=FACE_OUTER_BOUND('',#1912,.T.);
#1223=FACE_OUTER_BOUND('',#1913,.T.);
#1224=FACE_OUTER_BOUND('',#1914,.T.);
#1225=FACE_OUTER_BOUND('',#1915,.T.);
#1226=FACE_OUTER_BOUND('',#1916,.T.);
#1227=FACE_OUTER_BOUND('',#1917,.T.);
#1228=FACE_OUTER_BOUND('',#1918,.T.);
#1229=FACE_OUTER_BOUND('',#1921,.T.);
#1230=FACE_OUTER_BOUND('',#1923,.T.);
#1231=FACE_OUTER_BOUND('',#1924,.T.);
#1232=FACE_OUTER_BOUND('',#1927,.T.);
#1233=FACE_OUTER_BOUND('',#1929,.T.);
#1234=FACE_OUTER_BOUND('',#1931,.T.);
#1235=FACE_OUTER_BOUND('',#1932,.T.);
#1236=FACE_OUTER_BOUND('',#1933,.T.);
#1237=FACE_OUTER_BOUND('',#1935,.T.);
#1238=FACE_OUTER_BOUND('',#1937,.T.);
#1239=FACE_OUTER_BOUND('',#1938,.T.);
#1240=FACE_OUTER_BOUND('',#1939,.T.);
#1241=FACE_OUTER_BOUND('',#1941,.T.);
#1242=FACE_OUTER_BOUND('',#1943,.T.);
#1243=FACE_OUTER_BOUND('',#1944,.T.);
#1244=FACE_OUTER_BOUND('',#1945,.T.);
#1245=FACE_OUTER_BOUND('',#1946,.T.);
#1246=FACE_OUTER_BOUND('',#1947,.T.);
#1247=FACE_OUTER_BOUND('',#1948,.T.);
#1248=FACE_OUTER_BOUND('',#1949,.T.);
#1249=FACE_OUTER_BOUND('',#1950,.T.);
#1250=FACE_OUTER_BOUND('',#1951,.T.);
#1251=FACE_OUTER_BOUND('',#1952,.T.);
#1252=FACE_OUTER_BOUND('',#1953,.T.);
#1253=FACE_OUTER_BOUND('',#1954,.T.);
#1254=FACE_OUTER_BOUND('',#1955,.T.);
#1255=FACE_OUTER_BOUND('',#1956,.T.);
#1256=FACE_OUTER_BOUND('',#1957,.T.);
#1257=FACE_OUTER_BOUND('',#1958,.T.);
#1258=FACE_OUTER_BOUND('',#1960,.T.);
#1259=FACE_OUTER_BOUND('',#1961,.T.);
#1260=FACE_OUTER_BOUND('',#1962,.T.);
#1261=FACE_OUTER_BOUND('',#1970,.T.);
#1262=FACE_OUTER_BOUND('',#1971,.T.);
#1263=FACE_OUTER_BOUND('',#1972,.T.);
#1264=FACE_OUTER_BOUND('',#1973,.T.);
#1265=FACE_OUTER_BOUND('',#1974,.T.);
#1266=FACE_OUTER_BOUND('',#1975,.T.);
#1267=FACE_OUTER_BOUND('',#1976,.T.);
#1268=FACE_OUTER_BOUND('',#1977,.T.);
#1269=FACE_OUTER_BOUND('',#1978,.T.);
#1270=FACE_OUTER_BOUND('',#1979,.T.);
#1271=FACE_OUTER_BOUND('',#1985,.T.);
#1272=FACE_OUTER_BOUND('',#1991,.T.);
#1273=FACE_OUTER_BOUND('',#1992,.T.);
#1274=FACE_OUTER_BOUND('',#1993,.T.);
#1275=FACE_OUTER_BOUND('',#1994,.T.);
#1276=FACE_OUTER_BOUND('',#1995,.T.);
#1277=FACE_OUTER_BOUND('',#1996,.T.);
#1278=FACE_OUTER_BOUND('',#1997,.T.);
#1279=FACE_OUTER_BOUND('',#2003,.T.);
#1280=FACE_OUTER_BOUND('',#2009,.T.);
#1281=FACE_OUTER_BOUND('',#2010,.T.);
#1282=FACE_OUTER_BOUND('',#2011,.T.);
#1283=FACE_OUTER_BOUND('',#2012,.T.);
#1284=FACE_OUTER_BOUND('',#2013,.T.);
#1285=FACE_OUTER_BOUND('',#2014,.T.);
#1286=FACE_OUTER_BOUND('',#2015,.T.);
#1287=FACE_OUTER_BOUND('',#2016,.T.);
#1288=FACE_OUTER_BOUND('',#2017,.T.);
#1289=FACE_OUTER_BOUND('',#2018,.T.);
#1290=FACE_OUTER_BOUND('',#2019,.T.);
#1291=FACE_OUTER_BOUND('',#2020,.T.);
#1292=FACE_OUTER_BOUND('',#2025,.T.);
#1293=FACE_OUTER_BOUND('',#2030,.T.);
#1294=FACE_OUTER_BOUND('',#2031,.T.);
#1295=FACE_OUTER_BOUND('',#2032,.T.);
#1296=FACE_OUTER_BOUND('',#2034,.T.);
#1297=FACE_OUTER_BOUND('',#2036,.T.);
#1298=FACE_OUTER_BOUND('',#2037,.T.);
#1299=FACE_OUTER_BOUND('',#2038,.T.);
#1300=FACE_OUTER_BOUND('',#2039,.T.);
#1301=FACE_OUTER_BOUND('',#2040,.T.);
#1302=FACE_OUTER_BOUND('',#2041,.T.);
#1303=FACE_OUTER_BOUND('',#2042,.T.);
#1304=FACE_OUTER_BOUND('',#2043,.T.);
#1305=FACE_OUTER_BOUND('',#2044,.T.);
#1306=FACE_OUTER_BOUND('',#2046,.T.);
#1307=FACE_OUTER_BOUND('',#2048,.T.);
#1308=FACE_OUTER_BOUND('',#2049,.T.);
#1309=FACE_OUTER_BOUND('',#2050,.T.);
#1310=FACE_OUTER_BOUND('',#2052,.T.);
#1311=FACE_OUTER_BOUND('',#2054,.T.);
#1312=FACE_OUTER_BOUND('',#2055,.T.);
#1313=FACE_OUTER_BOUND('',#2056,.T.);
#1314=FACE_OUTER_BOUND('',#2058,.T.);
#1315=FACE_OUTER_BOUND('',#2060,.T.);
#1316=FACE_OUTER_BOUND('',#2061,.T.);
#1317=FACE_OUTER_BOUND('',#2062,.T.);
#1318=FACE_OUTER_BOUND('',#2064,.T.);
#1319=FACE_OUTER_BOUND('',#2066,.T.);
#1320=FACE_OUTER_BOUND('',#2067,.T.);
#1321=FACE_OUTER_BOUND('',#2068,.T.);
#1322=FACE_OUTER_BOUND('',#2069,.T.);
#1323=FACE_OUTER_BOUND('',#2070,.T.);
#1324=FACE_OUTER_BOUND('',#2071,.T.);
#1325=FACE_OUTER_BOUND('',#2072,.T.);
#1326=FACE_OUTER_BOUND('',#2073,.T.);
#1327=FACE_OUTER_BOUND('',#2074,.T.);
#1328=FACE_OUTER_BOUND('',#2075,.T.);
#1329=FACE_OUTER_BOUND('',#2076,.T.);
#1330=FACE_OUTER_BOUND('',#2077,.T.);
#1331=FACE_OUTER_BOUND('',#2078,.T.);
#1332=FACE_OUTER_BOUND('',#2081,.T.);
#1333=FACE_OUTER_BOUND('',#2084,.T.);
#1334=FACE_OUTER_BOUND('',#2085,.T.);
#1335=FACE_OUTER_BOUND('',#2086,.T.);
#1336=FACE_OUTER_BOUND('',#2087,.T.);
#1337=FACE_OUTER_BOUND('',#2088,.T.);
#1338=FACE_OUTER_BOUND('',#2089,.T.);
#1339=FACE_OUTER_BOUND('',#2090,.T.);
#1340=FACE_OUTER_BOUND('',#2093,.T.);
#1341=FACE_OUTER_BOUND('',#2096,.T.);
#1342=FACE_OUTER_BOUND('',#2097,.T.);
#1343=FACE_OUTER_BOUND('',#2098,.T.);
#1344=FACE_OUTER_BOUND('',#2099,.T.);
#1345=FACE_OUTER_BOUND('',#2100,.T.);
#1346=FACE_OUTER_BOUND('',#2101,.T.);
#1347=FACE_OUTER_BOUND('',#2102,.T.);
#1348=FACE_OUTER_BOUND('',#2103,.T.);
#1349=FACE_OUTER_BOUND('',#2104,.T.);
#1350=FACE_OUTER_BOUND('',#2106,.T.);
#1351=FACE_OUTER_BOUND('',#2108,.T.);
#1352=FACE_OUTER_BOUND('',#2109,.T.);
#1353=FACE_OUTER_BOUND('',#2110,.T.);
#1354=FACE_OUTER_BOUND('',#2112,.T.);
#1355=FACE_OUTER_BOUND('',#2114,.T.);
#1356=FACE_OUTER_BOUND('',#2115,.T.);
#1357=FACE_OUTER_BOUND('',#2116,.T.);
#1358=FACE_OUTER_BOUND('',#2118,.T.);
#1359=EDGE_LOOP('',(#5987,#5988,#5989,#5990));
#1360=EDGE_LOOP('',(#5991,#5992,#5993,#5994));
#1361=EDGE_LOOP('',(#5995,#5996,#5997,#5998));
#1362=EDGE_LOOP('',(#5999,#6000,#6001,#6002));
#1363=EDGE_LOOP('',(#6003,#6004,#6005,#6006));
#1364=EDGE_LOOP('',(#6007,#6008,#6009,#6010));
#1365=EDGE_LOOP('',(#6011,#6012,#6013,#6014));
#1366=EDGE_LOOP('',(#6015,#6016,#6017,#6018));
#1367=EDGE_LOOP('',(#6019));
#1368=EDGE_LOOP('',(#6020));
#1369=EDGE_LOOP('',(#6021));
#1370=EDGE_LOOP('',(#6022));
#1371=EDGE_LOOP('',(#6023));
#1372=EDGE_LOOP('',(#6024));
#1373=EDGE_LOOP('',(#6025));
#1374=EDGE_LOOP('',(#6026));
#1375=EDGE_LOOP('',(#6027));
#1376=EDGE_LOOP('',(#6028));
#1377=EDGE_LOOP('',(#6029));
#1378=EDGE_LOOP('',(#6030));
#1379=EDGE_LOOP('',(#6031));
#1380=EDGE_LOOP('',(#6032));
#1381=EDGE_LOOP('',(#6033));
#1382=EDGE_LOOP('',(#6034));
#1383=EDGE_LOOP('',(#6035,#6036,#6037,#6038));
#1384=EDGE_LOOP('',(#6039,#6040,#6041,#6042));
#1385=EDGE_LOOP('',(#6043,#6044,#6045,#6046));
#1386=EDGE_LOOP('',(#6047));
#1387=EDGE_LOOP('',(#6048,#6049,#6050,#6051));
#1388=EDGE_LOOP('',(#6052));
#1389=EDGE_LOOP('',(#6053));
#1390=EDGE_LOOP('',(#6054));
#1391=EDGE_LOOP('',(#6055));
#1392=EDGE_LOOP('',(#6056,#6057,#6058,#6059));
#1393=EDGE_LOOP('',(#6060,#6061,#6062,#6063));
#1394=EDGE_LOOP('',(#6064,#6065,#6066,#6067));
#1395=EDGE_LOOP('',(#6068,#6069,#6070,#6071));
#1396=EDGE_LOOP('',(#6072,#6073,#6074,#6075));
#1397=EDGE_LOOP('',(#6076,#6077,#6078,#6079));
#1398=EDGE_LOOP('',(#6080,#6081,#6082,#6083));
#1399=EDGE_LOOP('',(#6084,#6085,#6086,#6087));
#1400=EDGE_LOOP('',(#6088));
#1401=EDGE_LOOP('',(#6089));
#1402=EDGE_LOOP('',(#6090));
#1403=EDGE_LOOP('',(#6091));
#1404=EDGE_LOOP('',(#6092));
#1405=EDGE_LOOP('',(#6093));
#1406=EDGE_LOOP('',(#6094,#6095,#6096,#6097));
#1407=EDGE_LOOP('',(#6098));
#1408=EDGE_LOOP('',(#6099));
#1409=EDGE_LOOP('',(#6100));
#1410=EDGE_LOOP('',(#6101));
#1411=EDGE_LOOP('',(#6102));
#1412=EDGE_LOOP('',(#6103));
#1413=EDGE_LOOP('',(#6104));
#1414=EDGE_LOOP('',(#6105));
#1415=EDGE_LOOP('',(#6106));
#1416=EDGE_LOOP('',(#6107));
#1417=EDGE_LOOP('',(#6108));
#1418=EDGE_LOOP('',(#6109));
#1419=EDGE_LOOP('',(#6110,#6111,#6112,#6113));
#1420=EDGE_LOOP('',(#6114,#6115,#6116,#6117));
#1421=EDGE_LOOP('',(#6118,#6119,#6120,#6121));
#1422=EDGE_LOOP('',(#6122,#6123,#6124,#6125));
#1423=EDGE_LOOP('',(#6126));
#1424=EDGE_LOOP('',(#6127,#6128,#6129,#6130));
#1425=EDGE_LOOP('',(#6131,#6132,#6133,#6134));
#1426=EDGE_LOOP('',(#6135,#6136,#6137,#6138));
#1427=EDGE_LOOP('',(#6139,#6140,#6141,#6142));
#1428=EDGE_LOOP('',(#6143,#6144,#6145,#6146));
#1429=EDGE_LOOP('',(#6147,#6148,#6149,#6150));
#1430=EDGE_LOOP('',(#6151,#6152,#6153,#6154));
#1431=EDGE_LOOP('',(#6155,#6156,#6157,#6158));
#1432=EDGE_LOOP('',(#6159,#6160,#6161,#6162));
#1433=EDGE_LOOP('',(#6163,#6164,#6165,#6166));
#1434=EDGE_LOOP('',(#6167,#6168,#6169,#6170));
#1435=EDGE_LOOP('',(#6171,#6172,#6173,#6174));
#1436=EDGE_LOOP('',(#6175,#6176,#6177,#6178));
#1437=EDGE_LOOP('',(#6179,#6180,#6181,#6182));
#1438=EDGE_LOOP('',(#6183,#6184,#6185,#6186));
#1439=EDGE_LOOP('',(#6187,#6188,#6189,#6190));
#1440=EDGE_LOOP('',(#6191,#6192,#6193,#6194));
#1441=EDGE_LOOP('',(#6195,#6196,#6197,#6198));
#1442=EDGE_LOOP('',(#6199,#6200,#6201,#6202));
#1443=EDGE_LOOP('',(#6203,#6204,#6205,#6206));
#1444=EDGE_LOOP('',(#6207,#6208,#6209,#6210));
#1445=EDGE_LOOP('',(#6211,#6212,#6213,#6214));
#1446=EDGE_LOOP('',(#6215,#6216,#6217,#6218));
#1447=EDGE_LOOP('',(#6219,#6220,#6221,#6222));
#1448=EDGE_LOOP('',(#6223,#6224,#6225,#6226));
#1449=EDGE_LOOP('',(#6227,#6228,#6229,#6230));
#1450=EDGE_LOOP('',(#6231,#6232,#6233,#6234));
#1451=EDGE_LOOP('',(#6235,#6236,#6237,#6238));
#1452=EDGE_LOOP('',(#6239,#6240,#6241,#6242));
#1453=EDGE_LOOP('',(#6243,#6244,#6245,#6246));
#1454=EDGE_LOOP('',(#6247,#6248,#6249,#6250));
#1455=EDGE_LOOP('',(#6251,#6252,#6253,#6254));
#1456=EDGE_LOOP('',(#6255,#6256,#6257,#6258,#6259,#6260,#6261,#6262,#6263,
#6264,#6265,#6266,#6267,#6268,#6269,#6270));
#1457=EDGE_LOOP('',(#6271));
#1458=EDGE_LOOP('',(#6272));
#1459=EDGE_LOOP('',(#6273));
#1460=EDGE_LOOP('',(#6274));
#1461=EDGE_LOOP('',(#6275));
#1462=EDGE_LOOP('',(#6276));
#1463=EDGE_LOOP('',(#6277));
#1464=EDGE_LOOP('',(#6278));
#1465=EDGE_LOOP('',(#6279));
#1466=EDGE_LOOP('',(#6280));
#1467=EDGE_LOOP('',(#6281));
#1468=EDGE_LOOP('',(#6282,#6283,#6284,#6285));
#1469=EDGE_LOOP('',(#6286,#6287,#6288,#6289));
#1470=EDGE_LOOP('',(#6290,#6291,#6292,#6293));
#1471=EDGE_LOOP('',(#6294,#6295,#6296,#6297));
#1472=EDGE_LOOP('',(#6298,#6299,#6300,#6301));
#1473=EDGE_LOOP('',(#6302,#6303,#6304,#6305));
#1474=EDGE_LOOP('',(#6306,#6307,#6308,#6309));
#1475=EDGE_LOOP('',(#6310,#6311,#6312,#6313));
#1476=EDGE_LOOP('',(#6314,#6315,#6316,#6317));
#1477=EDGE_LOOP('',(#6318,#6319,#6320,#6321));
#1478=EDGE_LOOP('',(#6322,#6323,#6324,#6325));
#1479=EDGE_LOOP('',(#6326,#6327,#6328,#6329));
#1480=EDGE_LOOP('',(#6330,#6331,#6332,#6333));
#1481=EDGE_LOOP('',(#6334,#6335,#6336,#6337));
#1482=EDGE_LOOP('',(#6338,#6339,#6340,#6341));
#1483=EDGE_LOOP('',(#6342,#6343,#6344,#6345,#6346,#6347,#6348,#6349,#6350,
#6351,#6352,#6353,#6354,#6355,#6356,#6357));
#1484=EDGE_LOOP('',(#6358));
#1485=EDGE_LOOP('',(#6359));
#1486=EDGE_LOOP('',(#6360));
#1487=EDGE_LOOP('',(#6361));
#1488=EDGE_LOOP('',(#6362));
#1489=EDGE_LOOP('',(#6363));
#1490=EDGE_LOOP('',(#6364));
#1491=EDGE_LOOP('',(#6365));
#1492=EDGE_LOOP('',(#6366));
#1493=EDGE_LOOP('',(#6367));
#1494=EDGE_LOOP('',(#6368));
#1495=EDGE_LOOP('',(#6369,#6370,#6371,#6372));
#1496=EDGE_LOOP('',(#6373,#6374,#6375,#6376));
#1497=EDGE_LOOP('',(#6377,#6378,#6379,#6380));
#1498=EDGE_LOOP('',(#6381,#6382,#6383,#6384));
#1499=EDGE_LOOP('',(#6385,#6386,#6387,#6388));
#1500=EDGE_LOOP('',(#6389,#6390,#6391,#6392));
#1501=EDGE_LOOP('',(#6393));
#1502=EDGE_LOOP('',(#6394,#6395,#6396,#6397));
#1503=EDGE_LOOP('',(#6398,#6399,#6400,#6401));
#1504=EDGE_LOOP('',(#6402,#6403,#6404,#6405));
#1505=EDGE_LOOP('',(#6406,#6407,#6408,#6409));
#1506=EDGE_LOOP('',(#6410,#6411,#6412,#6413));
#1507=EDGE_LOOP('',(#6414,#6415,#6416,#6417));
#1508=EDGE_LOOP('',(#6418));
#1509=EDGE_LOOP('',(#6419));
#1510=EDGE_LOOP('',(#6420));
#1511=EDGE_LOOP('',(#6421));
#1512=EDGE_LOOP('',(#6422,#6423,#6424,#6425));
#1513=EDGE_LOOP('',(#6426));
#1514=EDGE_LOOP('',(#6427));
#1515=EDGE_LOOP('',(#6428));
#1516=EDGE_LOOP('',(#6429));
#1517=EDGE_LOOP('',(#6430,#6431,#6432,#6433));
#1518=EDGE_LOOP('',(#6434,#6435,#6436,#6437));
#1519=EDGE_LOOP('',(#6438,#6439,#6440,#6441));
#1520=EDGE_LOOP('',(#6442,#6443,#6444,#6445));
#1521=EDGE_LOOP('',(#6446));
#1522=EDGE_LOOP('',(#6447));
#1523=EDGE_LOOP('',(#6448));
#1524=EDGE_LOOP('',(#6449,#6450,#6451,#6452));
#1525=EDGE_LOOP('',(#6453,#6454,#6455,#6456));
#1526=EDGE_LOOP('',(#6457,#6458,#6459,#6460));
#1527=EDGE_LOOP('',(#6461,#6462,#6463,#6464,#6465,#6466,#6467,#6468,#6469,
#6470,#6471,#6472,#6473,#6474,#6475,#6476,#6477,#6478,#6479,#6480));
#1528=EDGE_LOOP('',(#6481));
#1529=EDGE_LOOP('',(#6482));
#1530=EDGE_LOOP('',(#6483));
#1531=EDGE_LOOP('',(#6484));
#1532=EDGE_LOOP('',(#6485));
#1533=EDGE_LOOP('',(#6486));
#1534=EDGE_LOOP('',(#6487));
#1535=EDGE_LOOP('',(#6488));
#1536=EDGE_LOOP('',(#6489));
#1537=EDGE_LOOP('',(#6490,#6491,#6492,#6493));
#1538=EDGE_LOOP('',(#6494,#6495,#6496,#6497));
#1539=EDGE_LOOP('',(#6498,#6499,#6500,#6501));
#1540=EDGE_LOOP('',(#6502,#6503,#6504,#6505));
#1541=EDGE_LOOP('',(#6506,#6507,#6508,#6509));
#1542=EDGE_LOOP('',(#6510,#6511,#6512,#6513));
#1543=EDGE_LOOP('',(#6514,#6515,#6516,#6517));
#1544=EDGE_LOOP('',(#6518,#6519,#6520,#6521));
#1545=EDGE_LOOP('',(#6522,#6523,#6524,#6525));
#1546=EDGE_LOOP('',(#6526,#6527,#6528,#6529));
#1547=EDGE_LOOP('',(#6530,#6531,#6532,#6533));
#1548=EDGE_LOOP('',(#6534,#6535,#6536,#6537,#6538,#6539,#6540,#6541,#6542,
#6543,#6544,#6545,#6546,#6547,#6548,#6549,#6550,#6551,#6552,#6553));
#1549=EDGE_LOOP('',(#6554));
#1550=EDGE_LOOP('',(#6555));
#1551=EDGE_LOOP('',(#6556));
#1552=EDGE_LOOP('',(#6557));
#1553=EDGE_LOOP('',(#6558));
#1554=EDGE_LOOP('',(#6559));
#1555=EDGE_LOOP('',(#6560));
#1556=EDGE_LOOP('',(#6561));
#1557=EDGE_LOOP('',(#6562));
#1558=EDGE_LOOP('',(#6563,#6564,#6565,#6566));
#1559=EDGE_LOOP('',(#6567,#6568,#6569,#6570));
#1560=EDGE_LOOP('',(#6571,#6572,#6573,#6574));
#1561=EDGE_LOOP('',(#6575,#6576,#6577,#6578));
#1562=EDGE_LOOP('',(#6579,#6580,#6581,#6582));
#1563=EDGE_LOOP('',(#6583,#6584,#6585,#6586));
#1564=EDGE_LOOP('',(#6587,#6588,#6589,#6590));
#1565=EDGE_LOOP('',(#6591,#6592,#6593,#6594));
#1566=EDGE_LOOP('',(#6595,#6596,#6597,#6598));
#1567=EDGE_LOOP('',(#6599,#6600,#6601,#6602));
#1568=EDGE_LOOP('',(#6603,#6604,#6605,#6606));
#1569=EDGE_LOOP('',(#6607,#6608,#6609,#6610));
#1570=EDGE_LOOP('',(#6611,#6612,#6613,#6614));
#1571=EDGE_LOOP('',(#6615));
#1572=EDGE_LOOP('',(#6616));
#1573=EDGE_LOOP('',(#6617,#6618,#6619,#6620));
#1574=EDGE_LOOP('',(#6621));
#1575=EDGE_LOOP('',(#6622));
#1576=EDGE_LOOP('',(#6623,#6624,#6625,#6626));
#1577=EDGE_LOOP('',(#6627,#6628,#6629,#6630));
#1578=EDGE_LOOP('',(#6631,#6632,#6633,#6634));
#1579=EDGE_LOOP('',(#6635,#6636,#6637,#6638));
#1580=EDGE_LOOP('',(#6639,#6640,#6641,#6642));
#1581=EDGE_LOOP('',(#6643,#6644,#6645,#6646));
#1582=EDGE_LOOP('',(#6647,#6648,#6649,#6650));
#1583=EDGE_LOOP('',(#6651,#6652,#6653,#6654));
#1584=EDGE_LOOP('',(#6655,#6656,#6657,#6658));
#1585=EDGE_LOOP('',(#6659,#6660,#6661,#6662));
#1586=EDGE_LOOP('',(#6663,#6664,#6665,#6666));
#1587=EDGE_LOOP('',(#6667,#6668,#6669,#6670));
#1588=EDGE_LOOP('',(#6671,#6672,#6673,#6674));
#1589=EDGE_LOOP('',(#6675,#6676,#6677,#6678));
#1590=EDGE_LOOP('',(#6679,#6680,#6681,#6682));
#1591=EDGE_LOOP('',(#6683,#6684,#6685,#6686));
#1592=EDGE_LOOP('',(#6687,#6688,#6689,#6690));
#1593=EDGE_LOOP('',(#6691,#6692,#6693,#6694));
#1594=EDGE_LOOP('',(#6695,#6696,#6697,#6698));
#1595=EDGE_LOOP('',(#6699));
#1596=EDGE_LOOP('',(#6700));
#1597=EDGE_LOOP('',(#6701));
#1598=EDGE_LOOP('',(#6702));
#1599=EDGE_LOOP('',(#6703));
#1600=EDGE_LOOP('',(#6704));
#1601=EDGE_LOOP('',(#6705));
#1602=EDGE_LOOP('',(#6706));
#1603=EDGE_LOOP('',(#6707));
#1604=EDGE_LOOP('',(#6708));
#1605=EDGE_LOOP('',(#6709));
#1606=EDGE_LOOP('',(#6710,#6711,#6712,#6713));
#1607=EDGE_LOOP('',(#6714));
#1608=EDGE_LOOP('',(#6715));
#1609=EDGE_LOOP('',(#6716));
#1610=EDGE_LOOP('',(#6717));
#1611=EDGE_LOOP('',(#6718));
#1612=EDGE_LOOP('',(#6719));
#1613=EDGE_LOOP('',(#6720));
#1614=EDGE_LOOP('',(#6721));
#1615=EDGE_LOOP('',(#6722));
#1616=EDGE_LOOP('',(#6723));
#1617=EDGE_LOOP('',(#6724));
#1618=EDGE_LOOP('',(#6725,#6726,#6727,#6728));
#1619=EDGE_LOOP('',(#6729,#6730,#6731,#6732));
#1620=EDGE_LOOP('',(#6733,#6734,#6735,#6736));
#1621=EDGE_LOOP('',(#6737,#6738,#6739,#6740,#6741,#6742,#6743,#6744,#6745,
#6746,#6747,#6748,#6749,#6750,#6751,#6752));
#1622=EDGE_LOOP('',(#6753,#6754,#6755,#6756,#6757,#6758,#6759,#6760));
#1623=EDGE_LOOP('',(#6761,#6762,#6763,#6764));
#1624=EDGE_LOOP('',(#6765,#6766,#6767,#6768));
#1625=EDGE_LOOP('',(#6769,#6770,#6771,#6772));
#1626=EDGE_LOOP('',(#6773,#6774,#6775,#6776));
#1627=EDGE_LOOP('',(#6777,#6778,#6779,#6780));
#1628=EDGE_LOOP('',(#6781,#6782,#6783,#6784));
#1629=EDGE_LOOP('',(#6785,#6786,#6787,#6788));
#1630=EDGE_LOOP('',(#6789,#6790,#6791,#6792));
#1631=EDGE_LOOP('',(#6793,#6794,#6795,#6796,#6797,#6798,#6799,#6800,#6801,
#6802,#6803,#6804,#6805,#6806,#6807,#6808));
#1632=EDGE_LOOP('',(#6809,#6810,#6811,#6812,#6813,#6814,#6815,#6816));
#1633=EDGE_LOOP('',(#6817,#6818,#6819,#6820));
#1634=EDGE_LOOP('',(#6821,#6822,#6823,#6824));
#1635=EDGE_LOOP('',(#6825,#6826,#6827,#6828));
#1636=EDGE_LOOP('',(#6829,#6830,#6831,#6832));
#1637=EDGE_LOOP('',(#6833,#6834,#6835,#6836));
#1638=EDGE_LOOP('',(#6837,#6838,#6839,#6840));
#1639=EDGE_LOOP('',(#6841,#6842,#6843,#6844));
#1640=EDGE_LOOP('',(#6845,#6846,#6847,#6848));
#1641=EDGE_LOOP('',(#6849,#6850,#6851,#6852));
#1642=EDGE_LOOP('',(#6853,#6854,#6855,#6856));
#1643=EDGE_LOOP('',(#6857,#6858,#6859,#6860));
#1644=EDGE_LOOP('',(#6861,#6862,#6863,#6864));
#1645=EDGE_LOOP('',(#6865,#6866,#6867,#6868));
#1646=EDGE_LOOP('',(#6869,#6870,#6871,#6872));
#1647=EDGE_LOOP('',(#6873,#6874,#6875,#6876));
#1648=EDGE_LOOP('',(#6877,#6878,#6879,#6880));
#1649=EDGE_LOOP('',(#6881,#6882,#6883,#6884));
#1650=EDGE_LOOP('',(#6885,#6886,#6887,#6888));
#1651=EDGE_LOOP('',(#6889,#6890,#6891,#6892));
#1652=EDGE_LOOP('',(#6893,#6894,#6895,#6896));
#1653=EDGE_LOOP('',(#6897,#6898,#6899,#6900));
#1654=EDGE_LOOP('',(#6901,#6902,#6903,#6904));
#1655=EDGE_LOOP('',(#6905,#6906,#6907,#6908));
#1656=EDGE_LOOP('',(#6909,#6910,#6911,#6912));
#1657=EDGE_LOOP('',(#6913,#6914,#6915,#6916));
#1658=EDGE_LOOP('',(#6917,#6918,#6919,#6920));
#1659=EDGE_LOOP('',(#6921,#6922,#6923,#6924));
#1660=EDGE_LOOP('',(#6925,#6926,#6927,#6928));
#1661=EDGE_LOOP('',(#6929,#6930,#6931,#6932));
#1662=EDGE_LOOP('',(#6933,#6934,#6935,#6936));
#1663=EDGE_LOOP('',(#6937,#6938,#6939,#6940));
#1664=EDGE_LOOP('',(#6941,#6942,#6943,#6944));
#1665=EDGE_LOOP('',(#6945,#6946,#6947,#6948));
#1666=EDGE_LOOP('',(#6949,#6950,#6951,#6952));
#1667=EDGE_LOOP('',(#6953,#6954,#6955,#6956));
#1668=EDGE_LOOP('',(#6957,#6958,#6959,#6960));
#1669=EDGE_LOOP('',(#6961,#6962,#6963,#6964));
#1670=EDGE_LOOP('',(#6965,#6966,#6967,#6968));
#1671=EDGE_LOOP('',(#6969,#6970,#6971,#6972));
#1672=EDGE_LOOP('',(#6973,#6974,#6975,#6976));
#1673=EDGE_LOOP('',(#6977,#6978,#6979,#6980));
#1674=EDGE_LOOP('',(#6981,#6982,#6983,#6984));
#1675=EDGE_LOOP('',(#6985,#6986,#6987,#6988));
#1676=EDGE_LOOP('',(#6989,#6990,#6991,#6992));
#1677=EDGE_LOOP('',(#6993,#6994,#6995,#6996));
#1678=EDGE_LOOP('',(#6997,#6998,#6999,#7000));
#1679=EDGE_LOOP('',(#7001,#7002,#7003,#7004));
#1680=EDGE_LOOP('',(#7005,#7006,#7007,#7008));
#1681=EDGE_LOOP('',(#7009,#7010,#7011,#7012));
#1682=EDGE_LOOP('',(#7013,#7014,#7015,#7016));
#1683=EDGE_LOOP('',(#7017));
#1684=EDGE_LOOP('',(#7018,#7019,#7020,#7021));
#1685=EDGE_LOOP('',(#7022));
#1686=EDGE_LOOP('',(#7023,#7024,#7025,#7026));
#1687=EDGE_LOOP('',(#7027,#7028,#7029,#7030));
#1688=EDGE_LOOP('',(#7031,#7032,#7033,#7034));
#1689=EDGE_LOOP('',(#7035,#7036,#7037,#7038));
#1690=EDGE_LOOP('',(#7039,#7040,#7041,#7042));
#1691=EDGE_LOOP('',(#7043,#7044,#7045,#7046));
#1692=EDGE_LOOP('',(#7047,#7048,#7049,#7050));
#1693=EDGE_LOOP('',(#7051,#7052,#7053,#7054));
#1694=EDGE_LOOP('',(#7055,#7056,#7057,#7058));
#1695=EDGE_LOOP('',(#7059,#7060,#7061,#7062));
#1696=EDGE_LOOP('',(#7063));
#1697=EDGE_LOOP('',(#7064));
#1698=EDGE_LOOP('',(#7065,#7066,#7067,#7068));
#1699=EDGE_LOOP('',(#7069));
#1700=EDGE_LOOP('',(#7070));
#1701=EDGE_LOOP('',(#7071,#7072,#7073,#7074));
#1702=EDGE_LOOP('',(#7075));
#1703=EDGE_LOOP('',(#7076));
#1704=EDGE_LOOP('',(#7077,#7078,#7079,#7080));
#1705=EDGE_LOOP('',(#7081,#7082,#7083,#7084));
#1706=EDGE_LOOP('',(#7085,#7086,#7087,#7088));
#1707=EDGE_LOOP('',(#7089,#7090,#7091,#7092,#7093,#7094,#7095,#7096,#7097,
#7098));
#1708=EDGE_LOOP('',(#7099,#7100,#7101,#7102));
#1709=EDGE_LOOP('',(#7103));
#1710=EDGE_LOOP('',(#7104));
#1711=EDGE_LOOP('',(#7105,#7106,#7107,#7108));
#1712=EDGE_LOOP('',(#7109,#7110,#7111,#7112));
#1713=EDGE_LOOP('',(#7113));
#1714=EDGE_LOOP('',(#7114));
#1715=EDGE_LOOP('',(#7115,#7116,#7117,#7118));
#1716=EDGE_LOOP('',(#7119,#7120,#7121,#7122));
#1717=EDGE_LOOP('',(#7123,#7124,#7125,#7126,#7127,#7128,#7129,#7130,#7131,
#7132));
#1718=EDGE_LOOP('',(#7133,#7134,#7135,#7136));
#1719=EDGE_LOOP('',(#7137));
#1720=EDGE_LOOP('',(#7138));
#1721=EDGE_LOOP('',(#7139,#7140,#7141,#7142));
#1722=EDGE_LOOP('',(#7143));
#1723=EDGE_LOOP('',(#7144));
#1724=EDGE_LOOP('',(#7145,#7146,#7147,#7148));
#1725=EDGE_LOOP('',(#7149,#7150,#7151,#7152));
#1726=EDGE_LOOP('',(#7153,#7154,#7155,#7156));
#1727=EDGE_LOOP('',(#7157,#7158,#7159,#7160));
#1728=EDGE_LOOP('',(#7161,#7162,#7163,#7164));
#1729=EDGE_LOOP('',(#7165,#7166,#7167,#7168));
#1730=EDGE_LOOP('',(#7169,#7170,#7171,#7172));
#1731=EDGE_LOOP('',(#7173));
#1732=EDGE_LOOP('',(#7174,#7175,#7176,#7177,#7178,#7179));
#1733=EDGE_LOOP('',(#7180,#7181,#7182,#7183));
#1734=EDGE_LOOP('',(#7184));
#1735=EDGE_LOOP('',(#7185));
#1736=EDGE_LOOP('',(#7186));
#1737=EDGE_LOOP('',(#7187));
#1738=EDGE_LOOP('',(#7188));
#1739=EDGE_LOOP('',(#7189));
#1740=EDGE_LOOP('',(#7190,#7191,#7192,#7193,#7194,#7195));
#1741=EDGE_LOOP('',(#7196,#7197,#7198,#7199));
#1742=EDGE_LOOP('',(#7200,#7201,#7202,#7203));
#1743=EDGE_LOOP('',(#7204,#7205,#7206,#7207));
#1744=EDGE_LOOP('',(#7208,#7209,#7210,#7211));
#1745=EDGE_LOOP('',(#7212));
#1746=EDGE_LOOP('',(#7213));
#1747=EDGE_LOOP('',(#7214));
#1748=EDGE_LOOP('',(#7215));
#1749=EDGE_LOOP('',(#7216));
#1750=EDGE_LOOP('',(#7217,#7218,#7219,#7220));
#1751=EDGE_LOOP('',(#7221,#7222,#7223,#7224));
#1752=EDGE_LOOP('',(#7225,#7226,#7227,#7228));
#1753=EDGE_LOOP('',(#7229,#7230,#7231,#7232));
#1754=EDGE_LOOP('',(#7233,#7234,#7235,#7236));
#1755=EDGE_LOOP('',(#7237,#7238,#7239,#7240));
#1756=EDGE_LOOP('',(#7241,#7242,#7243,#7244));
#1757=EDGE_LOOP('',(#7245,#7246,#7247,#7248));
#1758=EDGE_LOOP('',(#7249,#7250,#7251,#7252));
#1759=EDGE_LOOP('',(#7253,#7254,#7255,#7256));
#1760=EDGE_LOOP('',(#7257,#7258,#7259,#7260));
#1761=EDGE_LOOP('',(#7261,#7262,#7263,#7264));
#1762=EDGE_LOOP('',(#7265,#7266,#7267,#7268));
#1763=EDGE_LOOP('',(#7269,#7270,#7271,#7272));
#1764=EDGE_LOOP('',(#7273,#7274,#7275,#7276));
#1765=EDGE_LOOP('',(#7277,#7278,#7279,#7280));
#1766=EDGE_LOOP('',(#7281,#7282,#7283,#7284));
#1767=EDGE_LOOP('',(#7285,#7286,#7287,#7288));
#1768=EDGE_LOOP('',(#7289));
#1769=EDGE_LOOP('',(#7290));
#1770=EDGE_LOOP('',(#7291));
#1771=EDGE_LOOP('',(#7292));
#1772=EDGE_LOOP('',(#7293));
#1773=EDGE_LOOP('',(#7294));
#1774=EDGE_LOOP('',(#7295));
#1775=EDGE_LOOP('',(#7296));
#1776=EDGE_LOOP('',(#7297));
#1777=EDGE_LOOP('',(#7298));
#1778=EDGE_LOOP('',(#7299));
#1779=EDGE_LOOP('',(#7300,#7301,#7302,#7303,#7304,#7305,#7306,#7307,#7308,
#7309));
#1780=EDGE_LOOP('',(#7310,#7311,#7312,#7313,#7314,#7315));
#1781=EDGE_LOOP('',(#7316,#7317,#7318,#7319,#7320,#7321));
#1782=EDGE_LOOP('',(#7322,#7323,#7324,#7325,#7326,#7327,#7328,#7329,#7330,
#7331));
#1783=EDGE_LOOP('',(#7332,#7333,#7334,#7335));
#1784=EDGE_LOOP('',(#7336,#7337,#7338,#7339));
#1785=EDGE_LOOP('',(#7340,#7341,#7342,#7343));
#1786=EDGE_LOOP('',(#7344,#7345,#7346,#7347));
#1787=EDGE_LOOP('',(#7348,#7349,#7350,#7351));
#1788=EDGE_LOOP('',(#7352,#7353,#7354,#7355));
#1789=EDGE_LOOP('',(#7356,#7357,#7358,#7359));
#1790=EDGE_LOOP('',(#7360,#7361,#7362,#7363));
#1791=EDGE_LOOP('',(#7364,#7365,#7366,#7367));
#1792=EDGE_LOOP('',(#7368,#7369,#7370,#7371));
#1793=EDGE_LOOP('',(#7372,#7373,#7374,#7375));
#1794=EDGE_LOOP('',(#7376,#7377,#7378,#7379));
#1795=EDGE_LOOP('',(#7380,#7381,#7382,#7383));
#1796=EDGE_LOOP('',(#7384,#7385,#7386,#7387));
#1797=EDGE_LOOP('',(#7388,#7389,#7390,#7391));
#1798=EDGE_LOOP('',(#7392,#7393,#7394,#7395));
#1799=EDGE_LOOP('',(#7396,#7397,#7398,#7399));
#1800=EDGE_LOOP('',(#7400,#7401,#7402,#7403));
#1801=EDGE_LOOP('',(#7404,#7405,#7406,#7407));
#1802=EDGE_LOOP('',(#7408,#7409,#7410,#7411));
#1803=EDGE_LOOP('',(#7412));
#1804=EDGE_LOOP('',(#7413));
#1805=EDGE_LOOP('',(#7414));
#1806=EDGE_LOOP('',(#7415));
#1807=EDGE_LOOP('',(#7416));
#1808=EDGE_LOOP('',(#7417));
#1809=EDGE_LOOP('',(#7418));
#1810=EDGE_LOOP('',(#7419));
#1811=EDGE_LOOP('',(#7420));
#1812=EDGE_LOOP('',(#7421));
#1813=EDGE_LOOP('',(#7422));
#1814=EDGE_LOOP('',(#7423,#7424,#7425,#7426,#7427,#7428,#7429,#7430,#7431,
#7432));
#1815=EDGE_LOOP('',(#7433,#7434,#7435,#7436,#7437,#7438,#7439,#7440,#7441,
#7442));
#1816=EDGE_LOOP('',(#7443,#7444,#7445,#7446,#7447,#7448));
#1817=EDGE_LOOP('',(#7449,#7450,#7451,#7452,#7453,#7454));
#1818=EDGE_LOOP('',(#7455,#7456,#7457,#7458));
#1819=EDGE_LOOP('',(#7459,#7460,#7461,#7462));
#1820=EDGE_LOOP('',(#7463,#7464,#7465,#7466));
#1821=EDGE_LOOP('',(#7467,#7468,#7469,#7470));
#1822=EDGE_LOOP('',(#7471,#7472,#7473,#7474));
#1823=EDGE_LOOP('',(#7475,#7476,#7477,#7478));
#1824=EDGE_LOOP('',(#7479,#7480,#7481,#7482));
#1825=EDGE_LOOP('',(#7483,#7484,#7485,#7486));
#1826=EDGE_LOOP('',(#7487,#7488,#7489,#7490));
#1827=EDGE_LOOP('',(#7491,#7492,#7493,#7494));
#1828=EDGE_LOOP('',(#7495,#7496,#7497,#7498));
#1829=EDGE_LOOP('',(#7499,#7500,#7501,#7502));
#1830=EDGE_LOOP('',(#7503,#7504,#7505,#7506));
#1831=EDGE_LOOP('',(#7507,#7508,#7509,#7510));
#1832=EDGE_LOOP('',(#7511,#7512,#7513,#7514));
#1833=EDGE_LOOP('',(#7515,#7516,#7517,#7518));
#1834=EDGE_LOOP('',(#7519,#7520,#7521,#7522));
#1835=EDGE_LOOP('',(#7523,#7524,#7525,#7526));
#1836=EDGE_LOOP('',(#7527,#7528,#7529,#7530));
#1837=EDGE_LOOP('',(#7531,#7532,#7533,#7534));
#1838=EDGE_LOOP('',(#7535,#7536,#7537,#7538));
#1839=EDGE_LOOP('',(#7539,#7540,#7541,#7542));
#1840=EDGE_LOOP('',(#7543,#7544,#7545,#7546));
#1841=EDGE_LOOP('',(#7547,#7548,#7549,#7550));
#1842=EDGE_LOOP('',(#7551,#7552,#7553,#7554));
#1843=EDGE_LOOP('',(#7555,#7556,#7557,#7558));
#1844=EDGE_LOOP('',(#7559,#7560,#7561,#7562));
#1845=EDGE_LOOP('',(#7563,#7564,#7565,#7566));
#1846=EDGE_LOOP('',(#7567,#7568,#7569,#7570));
#1847=EDGE_LOOP('',(#7571,#7572,#7573,#7574));
#1848=EDGE_LOOP('',(#7575,#7576,#7577,#7578));
#1849=EDGE_LOOP('',(#7579,#7580,#7581,#7582));
#1850=EDGE_LOOP('',(#7583,#7584,#7585,#7586));
#1851=EDGE_LOOP('',(#7587,#7588,#7589,#7590));
#1852=EDGE_LOOP('',(#7591,#7592,#7593,#7594));
#1853=EDGE_LOOP('',(#7595,#7596,#7597,#7598));
#1854=EDGE_LOOP('',(#7599,#7600,#7601,#7602));
#1855=EDGE_LOOP('',(#7603));
#1856=EDGE_LOOP('',(#7604));
#1857=EDGE_LOOP('',(#7605));
#1858=EDGE_LOOP('',(#7606));
#1859=EDGE_LOOP('',(#7607,#7608,#7609,#7610));
#1860=EDGE_LOOP('',(#7611,#7612,#7613,#7614));
#1861=EDGE_LOOP('',(#7615,#7616,#7617,#7618));
#1862=EDGE_LOOP('',(#7619,#7620,#7621,#7622));
#1863=EDGE_LOOP('',(#7623));
#1864=EDGE_LOOP('',(#7624,#7625,#7626,#7627));
#1865=EDGE_LOOP('',(#7628));
#1866=EDGE_LOOP('',(#7629));
#1867=EDGE_LOOP('',(#7630));
#1868=EDGE_LOOP('',(#7631));
#1869=EDGE_LOOP('',(#7632,#7633,#7634,#7635));
#1870=EDGE_LOOP('',(#7636,#7637,#7638,#7639));
#1871=EDGE_LOOP('',(#7640,#7641,#7642,#7643));
#1872=EDGE_LOOP('',(#7644,#7645,#7646,#7647));
#1873=EDGE_LOOP('',(#7648));
#1874=EDGE_LOOP('',(#7649,#7650,#7651,#7652));
#1875=EDGE_LOOP('',(#7653));
#1876=EDGE_LOOP('',(#7654,#7655,#7656,#7657,#7658));
#1877=EDGE_LOOP('',(#7659,#7660,#7661,#7662,#7663));
#1878=EDGE_LOOP('',(#7664,#7665,#7666,#7667));
#1879=EDGE_LOOP('',(#7668));
#1880=EDGE_LOOP('',(#7669,#7670,#7671,#7672));
#1881=EDGE_LOOP('',(#7673,#7674,#7675,#7676));
#1882=EDGE_LOOP('',(#7677,#7678,#7679,#7680));
#1883=EDGE_LOOP('',(#7681));
#1884=EDGE_LOOP('',(#7682,#7683,#7684,#7685,#7686));
#1885=EDGE_LOOP('',(#7687,#7688,#7689,#7690,#7691));
#1886=EDGE_LOOP('',(#7692,#7693,#7694,#7695));
#1887=EDGE_LOOP('',(#7696));
#1888=EDGE_LOOP('',(#7697,#7698,#7699,#7700));
#1889=EDGE_LOOP('',(#7701,#7702,#7703,#7704));
#1890=EDGE_LOOP('',(#7705));
#1891=EDGE_LOOP('',(#7706,#7707,#7708,#7709,#7710));
#1892=EDGE_LOOP('',(#7711,#7712,#7713,#7714,#7715));
#1893=EDGE_LOOP('',(#7716,#7717,#7718,#7719));
#1894=EDGE_LOOP('',(#7720));
#1895=EDGE_LOOP('',(#7721,#7722,#7723,#7724));
#1896=EDGE_LOOP('',(#7725,#7726,#7727,#7728));
#1897=EDGE_LOOP('',(#7729));
#1898=EDGE_LOOP('',(#7730,#7731,#7732,#7733,#7734));
#1899=EDGE_LOOP('',(#7735,#7736,#7737,#7738,#7739));
#1900=EDGE_LOOP('',(#7740,#7741,#7742,#7743));
#1901=EDGE_LOOP('',(#7744));
#1902=EDGE_LOOP('',(#7745,#7746,#7747,#7748,#7749,#7750));
#1903=EDGE_LOOP('',(#7751,#7752,#7753,#7754,#7755,#7756));
#1904=EDGE_LOOP('',(#7757,#7758,#7759,#7760,#7761,#7762));
#1905=EDGE_LOOP('',(#7763,#7764,#7765,#7766,#7767,#7768));
#1906=EDGE_LOOP('',(#7769,#7770,#7771,#7772,#7773,#7774,#7775,#7776));
#1907=EDGE_LOOP('',(#7777,#7778,#7779,#7780,#7781,#7782,#7783,#7784));
#1908=EDGE_LOOP('',(#7785,#7786,#7787,#7788,#7789,#7790,#7791,#7792));
#1909=EDGE_LOOP('',(#7793,#7794,#7795,#7796,#7797,#7798,#7799,#7800));
#1910=EDGE_LOOP('',(#7801,#7802,#7803,#7804));
#1911=EDGE_LOOP('',(#7805,#7806,#7807,#7808));
#1912=EDGE_LOOP('',(#7809,#7810,#7811,#7812));
#1913=EDGE_LOOP('',(#7813,#7814,#7815,#7816));
#1914=EDGE_LOOP('',(#7817,#7818,#7819,#7820));
#1915=EDGE_LOOP('',(#7821,#7822,#7823,#7824));
#1916=EDGE_LOOP('',(#7825,#7826,#7827,#7828));
#1917=EDGE_LOOP('',(#7829,#7830,#7831,#7832));
#1918=EDGE_LOOP('',(#7833,#7834,#7835,#7836));
#1919=EDGE_LOOP('',(#7837,#7838,#7839,#7840));
#1920=EDGE_LOOP('',(#7841,#7842,#7843,#7844));
#1921=EDGE_LOOP('',(#7845));
#1922=EDGE_LOOP('',(#7846));
#1923=EDGE_LOOP('',(#7847,#7848,#7849,#7850));
#1924=EDGE_LOOP('',(#7851,#7852,#7853,#7854));
#1925=EDGE_LOOP('',(#7855,#7856,#7857,#7858));
#1926=EDGE_LOOP('',(#7859,#7860,#7861,#7862));
#1927=EDGE_LOOP('',(#7863));
#1928=EDGE_LOOP('',(#7864));
#1929=EDGE_LOOP('',(#7865));
#1930=EDGE_LOOP('',(#7866));
#1931=EDGE_LOOP('',(#7867,#7868,#7869,#7870));
#1932=EDGE_LOOP('',(#7871,#7872,#7873,#7874));
#1933=EDGE_LOOP('',(#7875));
#1934=EDGE_LOOP('',(#7876));
#1935=EDGE_LOOP('',(#7877));
#1936=EDGE_LOOP('',(#7878));
#1937=EDGE_LOOP('',(#7879,#7880,#7881,#7882));
#1938=EDGE_LOOP('',(#7883,#7884,#7885,#7886));
#1939=EDGE_LOOP('',(#7887));
#1940=EDGE_LOOP('',(#7888));
#1941=EDGE_LOOP('',(#7889));
#1942=EDGE_LOOP('',(#7890));
#1943=EDGE_LOOP('',(#7891,#7892,#7893,#7894));
#1944=EDGE_LOOP('',(#7895));
#1945=EDGE_LOOP('',(#7896,#7897,#7898,#7899));
#1946=EDGE_LOOP('',(#7900));
#1947=EDGE_LOOP('',(#7901,#7902,#7903,#7904));
#1948=EDGE_LOOP('',(#7905));
#1949=EDGE_LOOP('',(#7906,#7907,#7908,#7909));
#1950=EDGE_LOOP('',(#7910));
#1951=EDGE_LOOP('',(#7911,#7912,#7913,#7914));
#1952=EDGE_LOOP('',(#7915));
#1953=EDGE_LOOP('',(#7916,#7917,#7918,#7919));
#1954=EDGE_LOOP('',(#7920));
#1955=EDGE_LOOP('',(#7921,#7922,#7923,#7924));
#1956=EDGE_LOOP('',(#7925));
#1957=EDGE_LOOP('',(#7926,#7927,#7928,#7929));
#1958=EDGE_LOOP('',(#7930));
#1959=EDGE_LOOP('',(#7931));
#1960=EDGE_LOOP('',(#7932,#7933,#7934,#7935));
#1961=EDGE_LOOP('',(#7936));
#1962=EDGE_LOOP('',(#7937));
#1963=EDGE_LOOP('',(#7938));
#1964=EDGE_LOOP('',(#7939));
#1965=EDGE_LOOP('',(#7940));
#1966=EDGE_LOOP('',(#7941));
#1967=EDGE_LOOP('',(#7942));
#1968=EDGE_LOOP('',(#7943));
#1969=EDGE_LOOP('',(#7944));
#1970=EDGE_LOOP('',(#7945,#7946,#7947,#7948));
#1971=EDGE_LOOP('',(#7949));
#1972=EDGE_LOOP('',(#7950));
#1973=EDGE_LOOP('',(#7951,#7952,#7953,#7954));
#1974=EDGE_LOOP('',(#7955,#7956,#7957,#7958));
#1975=EDGE_LOOP('',(#7959,#7960,#7961,#7962));
#1976=EDGE_LOOP('',(#7963,#7964,#7965,#7966));
#1977=EDGE_LOOP('',(#7967,#7968,#7969,#7970));
#1978=EDGE_LOOP('',(#7971,#7972,#7973,#7974));
#1979=EDGE_LOOP('',(#7975));
#1980=EDGE_LOOP('',(#7976));
#1981=EDGE_LOOP('',(#7977));
#1982=EDGE_LOOP('',(#7978));
#1983=EDGE_LOOP('',(#7979));
#1984=EDGE_LOOP('',(#7980));
#1985=EDGE_LOOP('',(#7981));
#1986=EDGE_LOOP('',(#7982));
#1987=EDGE_LOOP('',(#7983));
#1988=EDGE_LOOP('',(#7984));
#1989=EDGE_LOOP('',(#7985));
#1990=EDGE_LOOP('',(#7986));
#1991=EDGE_LOOP('',(#7987,#7988,#7989,#7990));
#1992=EDGE_LOOP('',(#7991,#7992,#7993,#7994));
#1993=EDGE_LOOP('',(#7995,#7996,#7997,#7998));
#1994=EDGE_LOOP('',(#7999,#8000,#8001,#8002));
#1995=EDGE_LOOP('',(#8003,#8004,#8005,#8006));
#1996=EDGE_LOOP('',(#8007,#8008,#8009,#8010));
#1997=EDGE_LOOP('',(#8011));
#1998=EDGE_LOOP('',(#8012));
#1999=EDGE_LOOP('',(#8013));
#2000=EDGE_LOOP('',(#8014));
#2001=EDGE_LOOP('',(#8015));
#2002=EDGE_LOOP('',(#8016));
#2003=EDGE_LOOP('',(#8017));
#2004=EDGE_LOOP('',(#8018));
#2005=EDGE_LOOP('',(#8019));
#2006=EDGE_LOOP('',(#8020));
#2007=EDGE_LOOP('',(#8021));
#2008=EDGE_LOOP('',(#8022));
#2009=EDGE_LOOP('',(#8023,#8024,#8025,#8026));
#2010=EDGE_LOOP('',(#8027));
#2011=EDGE_LOOP('',(#8028));
#2012=EDGE_LOOP('',(#8029,#8030,#8031,#8032));
#2013=EDGE_LOOP('',(#8033,#8034,#8035,#8036));
#2014=EDGE_LOOP('',(#8037,#8038,#8039,#8040));
#2015=EDGE_LOOP('',(#8041,#8042,#8043,#8044));
#2016=EDGE_LOOP('',(#8045,#8046,#8047,#8048));
#2017=EDGE_LOOP('',(#8049,#8050,#8051,#8052));
#2018=EDGE_LOOP('',(#8053,#8054,#8055,#8056));
#2019=EDGE_LOOP('',(#8057,#8058,#8059,#8060));
#2020=EDGE_LOOP('',(#8061,#8062,#8063,#8064));
#2021=EDGE_LOOP('',(#8065));
#2022=EDGE_LOOP('',(#8066));
#2023=EDGE_LOOP('',(#8067));
#2024=EDGE_LOOP('',(#8068));
#2025=EDGE_LOOP('',(#8069,#8070,#8071,#8072));
#2026=EDGE_LOOP('',(#8073));
#2027=EDGE_LOOP('',(#8074));
#2028=EDGE_LOOP('',(#8075));
#2029=EDGE_LOOP('',(#8076));
#2030=EDGE_LOOP('',(#8077,#8078,#8079,#8080));
#2031=EDGE_LOOP('',(#8081,#8082,#8083,#8084));
#2032=EDGE_LOOP('',(#8085));
#2033=EDGE_LOOP('',(#8086));
#2034=EDGE_LOOP('',(#8087));
#2035=EDGE_LOOP('',(#8088));
#2036=EDGE_LOOP('',(#8089,#8090,#8091,#8092));
#2037=EDGE_LOOP('',(#8093,#8094,#8095,#8096));
#2038=EDGE_LOOP('',(#8097,#8098,#8099,#8100));
#2039=EDGE_LOOP('',(#8101,#8102,#8103,#8104));
#2040=EDGE_LOOP('',(#8105,#8106,#8107,#8108));
#2041=EDGE_LOOP('',(#8109,#8110,#8111,#8112));
#2042=EDGE_LOOP('',(#8113,#8114,#8115,#8116));
#2043=EDGE_LOOP('',(#8117,#8118,#8119,#8120));
#2044=EDGE_LOOP('',(#8121));
#2045=EDGE_LOOP('',(#8122));
#2046=EDGE_LOOP('',(#8123));
#2047=EDGE_LOOP('',(#8124));
#2048=EDGE_LOOP('',(#8125,#8126,#8127,#8128));
#2049=EDGE_LOOP('',(#8129,#8130,#8131,#8132));
#2050=EDGE_LOOP('',(#8133));
#2051=EDGE_LOOP('',(#8134));
#2052=EDGE_LOOP('',(#8135));
#2053=EDGE_LOOP('',(#8136));
#2054=EDGE_LOOP('',(#8137,#8138,#8139,#8140));
#2055=EDGE_LOOP('',(#8141,#8142,#8143,#8144));
#2056=EDGE_LOOP('',(#8145));
#2057=EDGE_LOOP('',(#8146));
#2058=EDGE_LOOP('',(#8147));
#2059=EDGE_LOOP('',(#8148));
#2060=EDGE_LOOP('',(#8149,#8150,#8151,#8152));
#2061=EDGE_LOOP('',(#8153,#8154,#8155,#8156));
#2062=EDGE_LOOP('',(#8157));
#2063=EDGE_LOOP('',(#8158));
#2064=EDGE_LOOP('',(#8159));
#2065=EDGE_LOOP('',(#8160));
#2066=EDGE_LOOP('',(#8161,#8162,#8163,#8164));
#2067=EDGE_LOOP('',(#8165));
#2068=EDGE_LOOP('',(#8166));
#2069=EDGE_LOOP('',(#8167,#8168,#8169,#8170));
#2070=EDGE_LOOP('',(#8171));
#2071=EDGE_LOOP('',(#8172));
#2072=EDGE_LOOP('',(#8173,#8174,#8175,#8176));
#2073=EDGE_LOOP('',(#8177,#8178,#8179,#8180));
#2074=EDGE_LOOP('',(#8181,#8182,#8183,#8184));
#2075=EDGE_LOOP('',(#8185,#8186,#8187,#8188));
#2076=EDGE_LOOP('',(#8189,#8190,#8191,#8192));
#2077=EDGE_LOOP('',(#8193,#8194,#8195,#8196));
#2078=EDGE_LOOP('',(#8197,#8198,#8199,#8200));
#2079=EDGE_LOOP('',(#8201));
#2080=EDGE_LOOP('',(#8202));
#2081=EDGE_LOOP('',(#8203,#8204,#8205,#8206));
#2082=EDGE_LOOP('',(#8207));
#2083=EDGE_LOOP('',(#8208));
#2084=EDGE_LOOP('',(#8209,#8210,#8211,#8212));
#2085=EDGE_LOOP('',(#8213,#8214,#8215,#8216));
#2086=EDGE_LOOP('',(#8217,#8218,#8219,#8220));
#2087=EDGE_LOOP('',(#8221,#8222,#8223,#8224));
#2088=EDGE_LOOP('',(#8225,#8226,#8227,#8228));
#2089=EDGE_LOOP('',(#8229,#8230,#8231,#8232));
#2090=EDGE_LOOP('',(#8233,#8234,#8235,#8236));
#2091=EDGE_LOOP('',(#8237));
#2092=EDGE_LOOP('',(#8238));
#2093=EDGE_LOOP('',(#8239,#8240,#8241,#8242));
#2094=EDGE_LOOP('',(#8243));
#2095=EDGE_LOOP('',(#8244));
#2096=EDGE_LOOP('',(#8245,#8246,#8247,#8248));
#2097=EDGE_LOOP('',(#8249,#8250,#8251,#8252));
#2098=EDGE_LOOP('',(#8253,#8254,#8255,#8256));
#2099=EDGE_LOOP('',(#8257,#8258,#8259,#8260));
#2100=EDGE_LOOP('',(#8261,#8262,#8263,#8264));
#2101=EDGE_LOOP('',(#8265,#8266,#8267,#8268));
#2102=EDGE_LOOP('',(#8269,#8270,#8271,#8272));
#2103=EDGE_LOOP('',(#8273,#8274,#8275,#8276));
#2104=EDGE_LOOP('',(#8277));
#2105=EDGE_LOOP('',(#8278));
#2106=EDGE_LOOP('',(#8279));
#2107=EDGE_LOOP('',(#8280));
#2108=EDGE_LOOP('',(#8281,#8282,#8283,#8284));
#2109=EDGE_LOOP('',(#8285,#8286,#8287,#8288));
#2110=EDGE_LOOP('',(#8289));
#2111=EDGE_LOOP('',(#8290));
#2112=EDGE_LOOP('',(#8291));
#2113=EDGE_LOOP('',(#8292));
#2114=EDGE_LOOP('',(#8293,#8294,#8295,#8296));
#2115=EDGE_LOOP('',(#8297,#8298,#8299,#8300));
#2116=EDGE_LOOP('',(#8301));
#2117=EDGE_LOOP('',(#8302));
#2118=EDGE_LOOP('',(#8303));
#2119=EDGE_LOOP('',(#8304));
#2120=LINE('',#13255,#2899);
#2121=LINE('',#13261,#2900);
#2122=LINE('',#13267,#2901);
#2123=LINE('',#13273,#2902);
#2124=LINE('',#13279,#2903);
#2125=LINE('',#13285,#2904);
#2126=LINE('',#13291,#2905);
#2127=LINE('',#13297,#2906);
#2128=LINE('',#13305,#2907);
#2129=LINE('',#13307,#2908);
#2130=LINE('',#13309,#2909);
#2131=LINE('',#13310,#2910);
#2132=LINE('',#13313,#2911);
#2133=LINE('',#13315,#2912);
#2134=LINE('',#13316,#2913);
#2135=LINE('',#13320,#2914);
#2136=LINE('',#13321,#2915);
#2137=LINE('',#13322,#2916);
#2138=LINE('',#13338,#2917);
#2139=LINE('',#13342,#2918);
#2140=LINE('',#13346,#2919);
#2141=LINE('',#13350,#2920);
#2142=LINE('',#13355,#2921);
#2143=LINE('',#13361,#2922);
#2144=LINE('',#13367,#2923);
#2145=LINE('',#13373,#2924);
#2146=LINE('',#13381,#2925);
#2147=LINE('',#13393,#2926);
#2148=LINE('',#13395,#2927);
#2149=LINE('',#13400,#2928);
#2150=LINE('',#13408,#2929);
#2151=LINE('',#13414,#2930);
#2152=LINE('',#13420,#2931);
#2153=LINE('',#13426,#2932);
#2154=LINE('',#13432,#2933);
#2155=LINE('',#13438,#2934);
#2156=LINE('',#13444,#2935);
#2157=LINE('',#13450,#2936);
#2158=LINE('',#13456,#2937);
#2159=LINE('',#13462,#2938);
#2160=LINE('',#13468,#2939);
#2161=LINE('',#13473,#2940);
#2162=LINE('',#13477,#2941);
#2163=LINE('',#13482,#2942);
#2164=LINE('',#13486,#2943);
#2165=LINE('',#13491,#2944);
#2166=LINE('',#13495,#2945);
#2167=LINE('',#13500,#2946);
#2168=LINE('',#13504,#2947);
#2169=LINE('',#13508,#2948);
#2170=LINE('',#13510,#2949);
#2171=LINE('',#13511,#2950);
#2172=LINE('',#13514,#2951);
#2173=LINE('',#13516,#2952);
#2174=LINE('',#13517,#2953);
#2175=LINE('',#13520,#2954);
#2176=LINE('',#13522,#2955);
#2177=LINE('',#13523,#2956);
#2178=LINE('',#13526,#2957);
#2179=LINE('',#13528,#2958);
#2180=LINE('',#13529,#2959);
#2181=LINE('',#13533,#2960);
#2182=LINE('',#13535,#2961);
#2183=LINE('',#13537,#2962);
#2184=LINE('',#13538,#2963);
#2185=LINE('',#13542,#2964);
#2186=LINE('',#13544,#2965);
#2187=LINE('',#13546,#2966);
#2188=LINE('',#13547,#2967);
#2189=LINE('',#13551,#2968);
#2190=LINE('',#13552,#2969);
#2191=LINE('',#13553,#2970);
#2192=LINE('',#13556,#2971);
#2193=LINE('',#13558,#2972);
#2194=LINE('',#13559,#2973);
#2195=LINE('',#13563,#2974);
#2196=LINE('',#13565,#2975);
#2197=LINE('',#13567,#2976);
#2198=LINE('',#13568,#2977);
#2199=LINE('',#13571,#2978);
#2200=LINE('',#13573,#2979);
#2201=LINE('',#13574,#2980);
#2202=LINE('',#13578,#2981);
#2203=LINE('',#13579,#2982);
#2204=LINE('',#13580,#2983);
#2205=LINE('',#13582,#2984);
#2206=LINE('',#13583,#2985);
#2207=LINE('',#13586,#2986);
#2208=LINE('',#13588,#2987);
#2209=LINE('',#13589,#2988);
#2210=LINE('',#13600,#2989);
#2211=LINE('',#13604,#2990);
#2212=LINE('',#13606,#2991);
#2213=LINE('',#13608,#2992);
#2214=LINE('',#13613,#2993);
#2215=LINE('',#13615,#2994);
#2216=LINE('',#13617,#2995);
#2217=LINE('',#13621,#2996);
#2218=LINE('',#13627,#2997);
#2219=LINE('',#13632,#2998);
#2220=LINE('',#13636,#2999);
#2221=LINE('',#13637,#3000);
#2222=LINE('',#13638,#3001);
#2223=LINE('',#13641,#3002);
#2224=LINE('',#13643,#3003);
#2225=LINE('',#13644,#3004);
#2226=LINE('',#13646,#3005);
#2227=LINE('',#13649,#3006);
#2228=LINE('',#13650,#3007);
#2229=LINE('',#13652,#3008);
#2230=LINE('',#13654,#3009);
#2231=LINE('',#13657,#3010);
#2232=LINE('',#13658,#3011);
#2233=LINE('',#13669,#3012);
#2234=LINE('',#13675,#3013);
#2235=LINE('',#13677,#3014);
#2236=LINE('',#13679,#3015);
#2237=LINE('',#13680,#3016);
#2238=LINE('',#13685,#3017);
#2239=LINE('',#13686,#3018);
#2240=LINE('',#13689,#3019);
#2241=LINE('',#13691,#3020);
#2242=LINE('',#13692,#3021);
#2243=LINE('',#13694,#3022);
#2244=LINE('',#13701,#3023);
#2245=LINE('',#13712,#3024);
#2246=LINE('',#13724,#3025);
#2247=LINE('',#13726,#3026);
#2248=LINE('',#13729,#3027);
#2249=LINE('',#13737,#3028);
#2250=LINE('',#13739,#3029);
#2251=LINE('',#13741,#3030);
#2252=LINE('',#13742,#3031);
#2253=LINE('',#13745,#3032);
#2254=LINE('',#13747,#3033);
#2255=LINE('',#13748,#3034);
#2256=LINE('',#13751,#3035);
#2257=LINE('',#13753,#3036);
#2258=LINE('',#13754,#3037);
#2259=LINE('',#13757,#3038);
#2260=LINE('',#13759,#3039);
#2261=LINE('',#13761,#3040);
#2262=LINE('',#13763,#3041);
#2263=LINE('',#13765,#3042);
#2264=LINE('',#13767,#3043);
#2265=LINE('',#13769,#3044);
#2266=LINE('',#13771,#3045);
#2267=LINE('',#13773,#3046);
#2268=LINE('',#13775,#3047);
#2269=LINE('',#13777,#3048);
#2270=LINE('',#13779,#3049);
#2271=LINE('',#13781,#3050);
#2272=LINE('',#13783,#3051);
#2273=LINE('',#13785,#3052);
#2274=LINE('',#13787,#3053);
#2275=LINE('',#13788,#3054);
#2276=LINE('',#13809,#3055);
#2277=LINE('',#13810,#3056);
#2278=LINE('',#13814,#3057);
#2279=LINE('',#13815,#3058);
#2280=LINE('',#13816,#3059);
#2281=LINE('',#13820,#3060);
#2282=LINE('',#13821,#3061);
#2283=LINE('',#13822,#3062);
#2284=LINE('',#13824,#3063);
#2285=LINE('',#13827,#3064);
#2286=LINE('',#13828,#3065);
#2287=LINE('',#13830,#3066);
#2288=LINE('',#13834,#3067);
#2289=LINE('',#13835,#3068);
#2290=LINE('',#13836,#3069);
#2291=LINE('',#13839,#3070);
#2292=LINE('',#13840,#3071);
#2293=LINE('',#13843,#3072);
#2294=LINE('',#13844,#3073);
#2295=LINE('',#13846,#3074);
#2296=LINE('',#13849,#3075);
#2297=LINE('',#13850,#3076);
#2298=LINE('',#13853,#3077);
#2299=LINE('',#13855,#3078);
#2300=LINE('',#13857,#3079);
#2301=LINE('',#13859,#3080);
#2302=LINE('',#13861,#3081);
#2303=LINE('',#13862,#3082);
#2304=LINE('',#13882,#3083);
#2305=LINE('',#13883,#3084);
#2306=LINE('',#13885,#3085);
#2307=LINE('',#13887,#3086);
#2308=LINE('',#13889,#3087);
#2309=LINE('',#13891,#3088);
#2310=LINE('',#13893,#3089);
#2311=LINE('',#13895,#3090);
#2312=LINE('',#13897,#3091);
#2313=LINE('',#13899,#3092);
#2314=LINE('',#13901,#3093);
#2315=LINE('',#13903,#3094);
#2316=LINE('',#13905,#3095);
#2317=LINE('',#13909,#3096);
#2318=LINE('',#13915,#3097);
#2319=LINE('',#13921,#3098);
#2320=LINE('',#13929,#3099);
#2321=LINE('',#13935,#3100);
#2322=LINE('',#13941,#3101);
#2323=LINE('',#13947,#3102);
#2324=LINE('',#13953,#3103);
#2325=LINE('',#13959,#3104);
#2326=LINE('',#13965,#3105);
#2327=LINE('',#13971,#3106);
#2328=LINE('',#13977,#3107);
#2329=LINE('',#13983,#3108);
#2330=LINE('',#13989,#3109);
#2331=LINE('',#13994,#3110);
#2332=LINE('',#13996,#3111);
#2333=LINE('',#13998,#3112);
#2334=LINE('',#13999,#3113);
#2335=LINE('',#14002,#3114);
#2336=LINE('',#14004,#3115);
#2337=LINE('',#14005,#3116);
#2338=LINE('',#14008,#3117);
#2339=LINE('',#14010,#3118);
#2340=LINE('',#14011,#3119);
#2341=LINE('',#14013,#3120);
#2342=LINE('',#14014,#3121);
#2343=LINE('',#14021,#3122);
#2344=LINE('',#14025,#3123);
#2345=LINE('',#14031,#3124);
#2346=LINE('',#14037,#3125);
#2347=LINE('',#14044,#3126);
#2348=LINE('',#14046,#3127);
#2349=LINE('',#14048,#3128);
#2350=LINE('',#14052,#3129);
#2351=LINE('',#14054,#3130);
#2352=LINE('',#14056,#3131);
#2353=LINE('',#14060,#3132);
#2354=LINE('',#14062,#3133);
#2355=LINE('',#14064,#3134);
#2356=LINE('',#14068,#3135);
#2357=LINE('',#14070,#3136);
#2358=LINE('',#14071,#3137);
#2359=LINE('',#14083,#3138);
#2360=LINE('',#14087,#3139);
#2361=LINE('',#14091,#3140);
#2362=LINE('',#14095,#3141);
#2363=LINE('',#14101,#3142);
#2364=LINE('',#14104,#3143);
#2365=LINE('',#14109,#3144);
#2366=LINE('',#14112,#3145);
#2367=LINE('',#14116,#3146);
#2368=LINE('',#14120,#3147);
#2369=LINE('',#14123,#3148);
#2370=LINE('',#14128,#3149);
#2371=LINE('',#14132,#3150);
#2372=LINE('',#14134,#3151);
#2373=LINE('',#14138,#3152);
#2374=LINE('',#14140,#3153);
#2375=LINE('',#14142,#3154);
#2376=LINE('',#14146,#3155);
#2377=LINE('',#14148,#3156);
#2378=LINE('',#14150,#3157);
#2379=LINE('',#14154,#3158);
#2380=LINE('',#14156,#3159);
#2381=LINE('',#14158,#3160);
#2382=LINE('',#14161,#3161);
#2383=LINE('',#14165,#3162);
#2384=LINE('',#14169,#3163);
#2385=LINE('',#14173,#3164);
#2386=LINE('',#14177,#3165);
#2387=LINE('',#14183,#3166);
#2388=LINE('',#14186,#3167);
#2389=LINE('',#14191,#3168);
#2390=LINE('',#14194,#3169);
#2391=LINE('',#14197,#3170);
#2392=LINE('',#14198,#3171);
#2393=LINE('',#14200,#3172);
#2394=LINE('',#14201,#3173);
#2395=LINE('',#14203,#3174);
#2396=LINE('',#14204,#3175);
#2397=LINE('',#14206,#3176);
#2398=LINE('',#14207,#3177);
#2399=LINE('',#14209,#3178);
#2400=LINE('',#14211,#3179);
#2401=LINE('',#14213,#3180);
#2402=LINE('',#14215,#3181);
#2403=LINE('',#14217,#3182);
#2404=LINE('',#14218,#3183);
#2405=LINE('',#14220,#3184);
#2406=LINE('',#14221,#3185);
#2407=LINE('',#14223,#3186);
#2408=LINE('',#14225,#3187);
#2409=LINE('',#14227,#3188);
#2410=LINE('',#14228,#3189);
#2411=LINE('',#14230,#3190);
#2412=LINE('',#14232,#3191);
#2413=LINE('',#14235,#3192);
#2414=LINE('',#14239,#3193);
#2415=LINE('',#14242,#3194);
#2416=LINE('',#14244,#3195);
#2417=LINE('',#14246,#3196);
#2418=LINE('',#14247,#3197);
#2419=LINE('',#14249,#3198);
#2420=LINE('',#14250,#3199);
#2421=LINE('',#14253,#3200);
#2422=LINE('',#14257,#3201);
#2423=LINE('',#14264,#3202);
#2424=LINE('',#14266,#3203);
#2425=LINE('',#14268,#3204);
#2426=LINE('',#14269,#3205);
#2427=LINE('',#14272,#3206);
#2428=LINE('',#14274,#3207);
#2429=LINE('',#14275,#3208);
#2430=LINE('',#14278,#3209);
#2431=LINE('',#14280,#3210);
#2432=LINE('',#14281,#3211);
#2433=LINE('',#14283,#3212);
#2434=LINE('',#14284,#3213);
#2435=LINE('',#14291,#3214);
#2436=LINE('',#14293,#3215);
#2437=LINE('',#14295,#3216);
#2438=LINE('',#14296,#3217);
#2439=LINE('',#14299,#3218);
#2440=LINE('',#14301,#3219);
#2441=LINE('',#14302,#3220);
#2442=LINE('',#14305,#3221);
#2443=LINE('',#14307,#3222);
#2444=LINE('',#14308,#3223);
#2445=LINE('',#14310,#3224);
#2446=LINE('',#14311,#3225);
#2447=LINE('',#14319,#3226);
#2448=LINE('',#14326,#3227);
#2449=LINE('',#14333,#3228);
#2450=LINE('',#14339,#3229);
#2451=LINE('',#14345,#3230);
#2452=LINE('',#14351,#3231);
#2453=LINE('',#14357,#3232);
#2454=LINE('',#14363,#3233);
#2455=LINE('',#14368,#3234);
#2456=LINE('',#14370,#3235);
#2457=LINE('',#14372,#3236);
#2458=LINE('',#14373,#3237);
#2459=LINE('',#14376,#3238);
#2460=LINE('',#14378,#3239);
#2461=LINE('',#14379,#3240);
#2462=LINE('',#14382,#3241);
#2463=LINE('',#14384,#3242);
#2464=LINE('',#14385,#3243);
#2465=LINE('',#14387,#3244);
#2466=LINE('',#14389,#3245);
#2467=LINE('',#14393,#3246);
#2468=LINE('',#14395,#3247);
#2469=LINE('',#14397,#3248);
#2470=LINE('',#14398,#3249);
#2471=LINE('',#14401,#3250);
#2472=LINE('',#14403,#3251);
#2473=LINE('',#14404,#3252);
#2474=LINE('',#14408,#3253);
#2475=LINE('',#14410,#3254);
#2476=LINE('',#14412,#3255);
#2477=LINE('',#14413,#3256);
#2478=LINE('',#14416,#3257);
#2479=LINE('',#14418,#3258);
#2480=LINE('',#14420,#3259);
#2481=LINE('',#14422,#3260);
#2482=LINE('',#14424,#3261);
#2483=LINE('',#14425,#3262);
#2484=LINE('',#14426,#3263);
#2485=LINE('',#14429,#3264);
#2486=LINE('',#14431,#3265);
#2487=LINE('',#14432,#3266);
#2488=LINE('',#14435,#3267);
#2489=LINE('',#14436,#3268);
#2490=LINE('',#14439,#3269);
#2491=LINE('',#14440,#3270);
#2492=LINE('',#14442,#3271);
#2493=LINE('',#14445,#3272);
#2494=LINE('',#14446,#3273);
#2495=LINE('',#14448,#3274);
#2496=LINE('',#14449,#3275);
#2497=LINE('',#14457,#3276);
#2498=LINE('',#14463,#3277);
#2499=LINE('',#14469,#3278);
#2500=LINE('',#14475,#3279);
#2501=LINE('',#14481,#3280);
#2502=LINE('',#14486,#3281);
#2503=LINE('',#14488,#3282);
#2504=LINE('',#14490,#3283);
#2505=LINE('',#14491,#3284);
#2506=LINE('',#14494,#3285);
#2507=LINE('',#14496,#3286);
#2508=LINE('',#14497,#3287);
#2509=LINE('',#14501,#3288);
#2510=LINE('',#14503,#3289);
#2511=LINE('',#14504,#3290);
#2512=LINE('',#14505,#3291);
#2513=LINE('',#14509,#3292);
#2514=LINE('',#14511,#3293);
#2515=LINE('',#14516,#3294);
#2516=LINE('',#14517,#3295);
#2517=LINE('',#14518,#3296);
#2518=LINE('',#14523,#3297);
#2519=LINE('',#14532,#3298);
#2520=LINE('',#14538,#3299);
#2521=LINE('',#14544,#3300);
#2522=LINE('',#14550,#3301);
#2523=LINE('',#14556,#3302);
#2524=LINE('',#14562,#3303);
#2525=LINE('',#14568,#3304);
#2526=LINE('',#14574,#3305);
#2527=LINE('',#14580,#3306);
#2528=LINE('',#14586,#3307);
#2529=LINE('',#14592,#3308);
#2530=LINE('',#14597,#3309);
#2531=LINE('',#14599,#3310);
#2532=LINE('',#14601,#3311);
#2533=LINE('',#14602,#3312);
#2534=LINE('',#14606,#3313);
#2535=LINE('',#14608,#3314);
#2536=LINE('',#14610,#3315);
#2537=LINE('',#14611,#3316);
#2538=LINE('',#14615,#3317);
#2539=LINE('',#14617,#3318);
#2540=LINE('',#14619,#3319);
#2541=LINE('',#14620,#3320);
#2542=LINE('',#14622,#3321);
#2543=LINE('',#14623,#3322);
#2544=LINE('',#14627,#3323);
#2545=LINE('',#14629,#3324);
#2546=LINE('',#14631,#3325);
#2547=LINE('',#14632,#3326);
#2548=LINE('',#14634,#3327);
#2549=LINE('',#14635,#3328);
#2550=LINE('',#14639,#3329);
#2551=LINE('',#14641,#3330);
#2552=LINE('',#14643,#3331);
#2553=LINE('',#14644,#3332);
#2554=LINE('',#14646,#3333);
#2555=LINE('',#14648,#3334);
#2556=LINE('',#14650,#3335);
#2557=LINE('',#14652,#3336);
#2558=LINE('',#14654,#3337);
#2559=LINE('',#14656,#3338);
#2560=LINE('',#14657,#3339);
#2561=LINE('',#14660,#3340);
#2562=LINE('',#14662,#3341);
#2563=LINE('',#14664,#3342);
#2564=LINE('',#14666,#3343);
#2565=LINE('',#14668,#3344);
#2566=LINE('',#14669,#3345);
#2567=LINE('',#14672,#3346);
#2568=LINE('',#14674,#3347);
#2569=LINE('',#14676,#3348);
#2570=LINE('',#14678,#3349);
#2571=LINE('',#14680,#3350);
#2572=LINE('',#14681,#3351);
#2573=LINE('',#14683,#3352);
#2574=LINE('',#14685,#3353);
#2575=LINE('',#14687,#3354);
#2576=LINE('',#14689,#3355);
#2577=LINE('',#14691,#3356);
#2578=LINE('',#14693,#3357);
#2579=LINE('',#14694,#3358);
#2580=LINE('',#14697,#3359);
#2581=LINE('',#14698,#3360);
#2582=LINE('',#14701,#3361);
#2583=LINE('',#14702,#3362);
#2584=LINE('',#14705,#3363);
#2585=LINE('',#14707,#3364);
#2586=LINE('',#14708,#3365);
#2587=LINE('',#14711,#3366);
#2588=LINE('',#14713,#3367);
#2589=LINE('',#14714,#3368);
#2590=LINE('',#14717,#3369);
#2591=LINE('',#14719,#3370);
#2592=LINE('',#14720,#3371);
#2593=LINE('',#14723,#3372);
#2594=LINE('',#14725,#3373);
#2595=LINE('',#14726,#3374);
#2596=LINE('',#14729,#3375);
#2597=LINE('',#14730,#3376);
#2598=LINE('',#14733,#3377);
#2599=LINE('',#14734,#3378);
#2600=LINE('',#14737,#3379);
#2601=LINE('',#14738,#3380);
#2602=LINE('',#14741,#3381);
#2603=LINE('',#14742,#3382);
#2604=LINE('',#14745,#3383);
#2605=LINE('',#14746,#3384);
#2606=LINE('',#14748,#3385);
#2607=LINE('',#14751,#3386);
#2608=LINE('',#14752,#3387);
#2609=LINE('',#14755,#3388);
#2610=LINE('',#14756,#3389);
#2611=LINE('',#14759,#3390);
#2612=LINE('',#14760,#3391);
#2613=LINE('',#14763,#3392);
#2614=LINE('',#14764,#3393);
#2615=LINE('',#14767,#3394);
#2616=LINE('',#14769,#3395);
#2617=LINE('',#14770,#3396);
#2618=LINE('',#14773,#3397);
#2619=LINE('',#14774,#3398);
#2620=LINE('',#14776,#3399);
#2621=LINE('',#14779,#3400);
#2622=LINE('',#14781,#3401);
#2623=LINE('',#14782,#3402);
#2624=LINE('',#14784,#3403);
#2625=LINE('',#14785,#3404);
#2626=LINE('',#14787,#3405);
#2627=LINE('',#14788,#3406);
#2628=LINE('',#14789,#3407);
#2629=LINE('',#14791,#3408);
#2630=LINE('',#14793,#3409);
#2631=LINE('',#14794,#3410);
#2632=LINE('',#14796,#3411);
#2633=LINE('',#14797,#3412);
#2634=LINE('',#14799,#3413);
#2635=LINE('',#14801,#3414);
#2636=LINE('',#14803,#3415);
#2637=LINE('',#14807,#3416);
#2638=LINE('',#14817,#3417);
#2639=LINE('',#14823,#3418);
#2640=LINE('',#14829,#3419);
#2641=LINE('',#14835,#3420);
#2642=LINE('',#14841,#3421);
#2643=LINE('',#14847,#3422);
#2644=LINE('',#14853,#3423);
#2645=LINE('',#14859,#3424);
#2646=LINE('',#14864,#3425);
#2647=LINE('',#14866,#3426);
#2648=LINE('',#14868,#3427);
#2649=LINE('',#14869,#3428);
#2650=LINE('',#14872,#3429);
#2651=LINE('',#14874,#3430);
#2652=LINE('',#14875,#3431);
#2653=LINE('',#14878,#3432);
#2654=LINE('',#14880,#3433);
#2655=LINE('',#14881,#3434);
#2656=LINE('',#14883,#3435);
#2657=LINE('',#14884,#3436);
#2658=LINE('',#14888,#3437);
#2659=LINE('',#14890,#3438);
#2660=LINE('',#14892,#3439);
#2661=LINE('',#14893,#3440);
#2662=LINE('',#14896,#3441);
#2663=LINE('',#14898,#3442);
#2664=LINE('',#14899,#3443);
#2665=LINE('',#14902,#3444);
#2666=LINE('',#14904,#3445);
#2667=LINE('',#14905,#3446);
#2668=LINE('',#14907,#3447);
#2669=LINE('',#14908,#3448);
#2670=LINE('',#14912,#3449);
#2671=LINE('',#14914,#3450);
#2672=LINE('',#14916,#3451);
#2673=LINE('',#14917,#3452);
#2674=LINE('',#14920,#3453);
#2675=LINE('',#14922,#3454);
#2676=LINE('',#14923,#3455);
#2677=LINE('',#14926,#3456);
#2678=LINE('',#14928,#3457);
#2679=LINE('',#14929,#3458);
#2680=LINE('',#14931,#3459);
#2681=LINE('',#14932,#3460);
#2682=LINE('',#14936,#3461);
#2683=LINE('',#14938,#3462);
#2684=LINE('',#14940,#3463);
#2685=LINE('',#14941,#3464);
#2686=LINE('',#14944,#3465);
#2687=LINE('',#14946,#3466);
#2688=LINE('',#14947,#3467);
#2689=LINE('',#14950,#3468);
#2690=LINE('',#14952,#3469);
#2691=LINE('',#14953,#3470);
#2692=LINE('',#14955,#3471);
#2693=LINE('',#14956,#3472);
#2694=LINE('',#14961,#3473);
#2695=LINE('',#14966,#3474);
#2696=LINE('',#14968,#3475);
#2697=LINE('',#14970,#3476);
#2698=LINE('',#14971,#3477);
#2699=LINE('',#14975,#3478);
#2700=LINE('',#14977,#3479);
#2701=LINE('',#14979,#3480);
#2702=LINE('',#14980,#3481);
#2703=LINE('',#14984,#3482);
#2704=LINE('',#14986,#3483);
#2705=LINE('',#14988,#3484);
#2706=LINE('',#14989,#3485);
#2707=LINE('',#14993,#3486);
#2708=LINE('',#14994,#3487);
#2709=LINE('',#14996,#3488);
#2710=LINE('',#14997,#3489);
#2711=LINE('',#15000,#3490);
#2712=LINE('',#15002,#3491);
#2713=LINE('',#15003,#3492);
#2714=LINE('',#15006,#3493);
#2715=LINE('',#15007,#3494);
#2716=LINE('',#15010,#3495);
#2717=LINE('',#15012,#3496);
#2718=LINE('',#15013,#3497);
#2719=LINE('',#15016,#3498);
#2720=LINE('',#15018,#3499);
#2721=LINE('',#15019,#3500);
#2722=LINE('',#15023,#3501);
#2723=LINE('',#15024,#3502);
#2724=LINE('',#15026,#3503);
#2725=LINE('',#15027,#3504);
#2726=LINE('',#15031,#3505);
#2727=LINE('',#15033,#3506);
#2728=LINE('',#15034,#3507);
#2729=LINE('',#15035,#3508);
#2730=LINE('',#15038,#3509);
#2731=LINE('',#15039,#3510);
#2732=LINE('',#15042,#3511);
#2733=LINE('',#15043,#3512);
#2734=LINE('',#15046,#3513);
#2735=LINE('',#15048,#3514);
#2736=LINE('',#15049,#3515);
#2737=LINE('',#15052,#3516);
#2738=LINE('',#15054,#3517);
#2739=LINE('',#15056,#3518);
#2740=LINE('',#15057,#3519);
#2741=LINE('',#15061,#3520);
#2742=LINE('',#15062,#3521);
#2743=LINE('',#15063,#3522);
#2744=LINE('',#15066,#3523);
#2745=LINE('',#15068,#3524);
#2746=LINE('',#15069,#3525);
#2747=LINE('',#15072,#3526);
#2748=LINE('',#15073,#3527);
#2749=LINE('',#15076,#3528);
#2750=LINE('',#15078,#3529);
#2751=LINE('',#15079,#3530);
#2752=LINE('',#15082,#3531);
#2753=LINE('',#15083,#3532);
#2754=LINE('',#15085,#3533);
#2755=LINE('',#15086,#3534);
#2756=LINE('',#15090,#3535);
#2757=LINE('',#15091,#3536);
#2758=LINE('',#15092,#3537);
#2759=LINE('',#15095,#3538);
#2760=LINE('',#15096,#3539);
#2761=LINE('',#15099,#3540);
#2762=LINE('',#15100,#3541);
#2763=LINE('',#15102,#3542);
#2764=LINE('',#15103,#3543);
#2765=LINE('',#15105,#3544);
#2766=LINE('',#15107,#3545);
#2767=LINE('',#15110,#3546);
#2768=LINE('',#15111,#3547);
#2769=LINE('',#15113,#3548);
#2770=LINE('',#15115,#3549);
#2771=LINE('',#15121,#3550);
#2772=LINE('',#15123,#3551);
#2773=LINE('',#15125,#3552);
#2774=LINE('',#15126,#3553);
#2775=LINE('',#15130,#3554);
#2776=LINE('',#15132,#3555);
#2777=LINE('',#15134,#3556);
#2778=LINE('',#15135,#3557);
#2779=LINE('',#15141,#3558);
#2780=LINE('',#15146,#3559);
#2781=LINE('',#15153,#3560);
#2782=LINE('',#15155,#3561);
#2783=LINE('',#15156,#3562);
#2784=LINE('',#15159,#3563);
#2785=LINE('',#15161,#3564);
#2786=LINE('',#15162,#3565);
#2787=LINE('',#15170,#3566);
#2788=LINE('',#15178,#3567);
#2789=LINE('',#15183,#3568);
#2790=LINE('',#15192,#3569);
#2791=LINE('',#15198,#3570);
#2792=LINE('',#15207,#3571);
#2793=LINE('',#15213,#3572);
#2794=LINE('',#15222,#3573);
#2795=LINE('',#15229,#3574);
#2796=LINE('',#15236,#3575);
#2797=LINE('',#15243,#3576);
#2798=LINE('',#15250,#3577);
#2799=LINE('',#15257,#3578);
#2800=LINE('',#15264,#3579);
#2801=LINE('',#15271,#3580);
#2802=LINE('',#15278,#3581);
#2803=LINE('',#15287,#3582);
#2804=LINE('',#15296,#3583);
#2805=LINE('',#15302,#3584);
#2806=LINE('',#15308,#3585);
#2807=LINE('',#15314,#3586);
#2808=LINE('',#15320,#3587);
#2809=LINE('',#15326,#3588);
#2810=LINE('',#15335,#3589);
#2811=LINE('',#15341,#3590);
#2812=LINE('',#15347,#3591);
#2813=LINE('',#15353,#3592);
#2814=LINE('',#15359,#3593);
#2815=LINE('',#15365,#3594);
#2816=LINE('',#15374,#3595);
#2817=LINE('',#15383,#3596);
#2818=LINE('',#15389,#3597);
#2819=LINE('',#15395,#3598);
#2820=LINE('',#15401,#3599);
#2821=LINE('',#15406,#3600);
#2822=LINE('',#15408,#3601);
#2823=LINE('',#15410,#3602);
#2824=LINE('',#15411,#3603);
#2825=LINE('',#15414,#3604);
#2826=LINE('',#15416,#3605);
#2827=LINE('',#15417,#3606);
#2828=LINE('',#15420,#3607);
#2829=LINE('',#15422,#3608);
#2830=LINE('',#15423,#3609);
#2831=LINE('',#15425,#3610);
#2832=LINE('',#15426,#3611);
#2833=LINE('',#15434,#3612);
#2834=LINE('',#15440,#3613);
#2835=LINE('',#15448,#3614);
#2836=LINE('',#15450,#3615);
#2837=LINE('',#15452,#3616);
#2838=LINE('',#15453,#3617);
#2839=LINE('',#15457,#3618);
#2840=LINE('',#15459,#3619);
#2841=LINE('',#15461,#3620);
#2842=LINE('',#15462,#3621);
#2843=LINE('',#15476,#3622);
#2844=LINE('',#15482,#3623);
#2845=LINE('',#15491,#3624);
#2846=LINE('',#15497,#3625);
#2847=LINE('',#15506,#3626);
#2848=LINE('',#15512,#3627);
#2849=LINE('',#15521,#3628);
#2850=LINE('',#15527,#3629);
#2851=LINE('',#15536,#3630);
#2852=LINE('',#15545,#3631);
#2853=LINE('',#15554,#3632);
#2854=LINE('',#15560,#3633);
#2855=LINE('',#15565,#3634);
#2856=LINE('',#15567,#3635);
#2857=LINE('',#15569,#3636);
#2858=LINE('',#15570,#3637);
#2859=LINE('',#15573,#3638);
#2860=LINE('',#15575,#3639);
#2861=LINE('',#15576,#3640);
#2862=LINE('',#15579,#3641);
#2863=LINE('',#15581,#3642);
#2864=LINE('',#15582,#3643);
#2865=LINE('',#15584,#3644);
#2866=LINE('',#15585,#3645);
#2867=LINE('',#15593,#3646);
#2868=LINE('',#15599,#3647);
#2869=LINE('',#15604,#3648);
#2870=LINE('',#15606,#3649);
#2871=LINE('',#15608,#3650);
#2872=LINE('',#15609,#3651);
#2873=LINE('',#15612,#3652);
#2874=LINE('',#15614,#3653);
#2875=LINE('',#15615,#3654);
#2876=LINE('',#15618,#3655);
#2877=LINE('',#15620,#3656);
#2878=LINE('',#15621,#3657);
#2879=LINE('',#15623,#3658);
#2880=LINE('',#15624,#3659);
#2881=LINE('',#15631,#3660);
#2882=LINE('',#15633,#3661);
#2883=LINE('',#15635,#3662);
#2884=LINE('',#15636,#3663);
#2885=LINE('',#15639,#3664);
#2886=LINE('',#15641,#3665);
#2887=LINE('',#15642,#3666);
#2888=LINE('',#15645,#3667);
#2889=LINE('',#15647,#3668);
#2890=LINE('',#15648,#3669);
#2891=LINE('',#15650,#3670);
#2892=LINE('',#15651,#3671);
#2893=LINE('',#15659,#3672);
#2894=LINE('',#15665,#3673);
#2895=LINE('',#15674,#3674);
#2896=LINE('',#15680,#3675);
#2897=LINE('',#15689,#3676);
#2898=LINE('',#15695,#3677);
#2899=VECTOR('',#10604,1.6);
#2900=VECTOR('',#10611,1.6);
#2901=VECTOR('',#10618,1.6);
#2902=VECTOR('',#10625,1.6);
#2903=VECTOR('',#10632,1.6);
#2904=VECTOR('',#10639,1.6);
#2905=VECTOR('',#10646,68.);
#2906=VECTOR('',#10653,75.);
#2907=VECTOR('',#10664,10.);
#2908=VECTOR('',#10665,10.);
#2909=VECTOR('',#10666,10.);
#2910=VECTOR('',#10667,10.);
#2911=VECTOR('',#10670,10.);
#2912=VECTOR('',#10671,10.);
#2913=VECTOR('',#10672,10.);
#2914=VECTOR('',#10675,10.);
#2915=VECTOR('',#10676,10.);
#2916=VECTOR('',#10677,10.);
#2917=VECTOR('',#10696,1.25);
#2918=VECTOR('',#10701,1.25);
#2919=VECTOR('',#10706,1.25);
#2920=VECTOR('',#10711,1.25);
#2921=VECTOR('',#10716,1.25);
#2922=VECTOR('',#10723,1.25);
#2923=VECTOR('',#10730,1.25);
#2924=VECTOR('',#10737,1.25);
#2925=VECTOR('',#10748,18.);
#2926=VECTOR('',#10763,18.);
#2927=VECTOR('',#10766,12.);
#2928=VECTOR('',#10773,12.);
#2929=VECTOR('',#10784,1.6);
#2930=VECTOR('',#10791,1.6);
#2931=VECTOR('',#10798,1.6);
#2932=VECTOR('',#10805,1.6);
#2933=VECTOR('',#10812,1.6);
#2934=VECTOR('',#10819,1.6);
#2935=VECTOR('',#10826,1.6);
#2936=VECTOR('',#10833,1.6);
#2937=VECTOR('',#10840,1.6);
#2938=VECTOR('',#10847,1.6);
#2939=VECTOR('',#10854,5.);
#2940=VECTOR('',#10859,10.);
#2941=VECTOR('',#10862,10.);
#2942=VECTOR('',#10867,10.);
#2943=VECTOR('',#10870,10.);
#2944=VECTOR('',#10875,10.);
#2945=VECTOR('',#10878,10.);
#2946=VECTOR('',#10883,10.);
#2947=VECTOR('',#10886,10.);
#2948=VECTOR('',#10891,10.);
#2949=VECTOR('',#10892,10.);
#2950=VECTOR('',#10893,10.);
#2951=VECTOR('',#10896,10.);
#2952=VECTOR('',#10897,10.);
#2953=VECTOR('',#10898,10.);
#2954=VECTOR('',#10901,10.);
#2955=VECTOR('',#10902,10.);
#2956=VECTOR('',#10903,10.);
#2957=VECTOR('',#10906,10.);
#2958=VECTOR('',#10907,10.);
#2959=VECTOR('',#10908,10.);
#2960=VECTOR('',#10911,10.);
#2961=VECTOR('',#10912,10.);
#2962=VECTOR('',#10913,10.);
#2963=VECTOR('',#10914,10.);
#2964=VECTOR('',#10917,10.);
#2965=VECTOR('',#10918,10.);
#2966=VECTOR('',#10919,10.);
#2967=VECTOR('',#10920,10.);
#2968=VECTOR('',#10923,10.);
#2969=VECTOR('',#10924,10.);
#2970=VECTOR('',#10925,10.);
#2971=VECTOR('',#10928,10.);
#2972=VECTOR('',#10929,10.);
#2973=VECTOR('',#10930,10.);
#2974=VECTOR('',#10933,10.);
#2975=VECTOR('',#10934,10.);
#2976=VECTOR('',#10935,10.);
#2977=VECTOR('',#10936,10.);
#2978=VECTOR('',#10939,10.);
#2979=VECTOR('',#10940,10.);
#2980=VECTOR('',#10941,10.);
#2981=VECTOR('',#10944,10.);
#2982=VECTOR('',#10945,10.);
#2983=VECTOR('',#10946,10.);
#2984=VECTOR('',#10949,10.);
#2985=VECTOR('',#10950,10.);
#2986=VECTOR('',#10953,10.);
#2987=VECTOR('',#10954,10.);
#2988=VECTOR('',#10955,10.);
#2989=VECTOR('',#10972,10.);
#2990=VECTOR('',#10977,10.);
#2991=VECTOR('',#10978,10.);
#2992=VECTOR('',#10979,10.);
#2993=VECTOR('',#10984,10.);
#2994=VECTOR('',#10985,10.);
#2995=VECTOR('',#10986,10.);
#2996=VECTOR('',#10991,10.);
#2997=VECTOR('',#11000,10.);
#2998=VECTOR('',#11007,10.);
#2999=VECTOR('',#11010,10.);
#3000=VECTOR('',#11011,10.);
#3001=VECTOR('',#11012,10.);
#3002=VECTOR('',#11015,10.);
#3003=VECTOR('',#11016,10.);
#3004=VECTOR('',#11017,10.);
#3005=VECTOR('',#11020,10.);
#3006=VECTOR('',#11023,10.);
#3007=VECTOR('',#11024,10.);
#3008=VECTOR('',#11027,10.);
#3009=VECTOR('',#11030,10.);
#3010=VECTOR('',#11033,10.);
#3011=VECTOR('',#11034,10.);
#3012=VECTOR('',#11051,1.25);
#3013=VECTOR('',#11058,10.);
#3014=VECTOR('',#11059,10.);
#3015=VECTOR('',#11060,10.);
#3016=VECTOR('',#11061,10.);
#3017=VECTOR('',#11066,10.);
#3018=VECTOR('',#11067,10.);
#3019=VECTOR('',#11070,10.);
#3020=VECTOR('',#11071,10.);
#3021=VECTOR('',#11072,10.);
#3022=VECTOR('',#11075,10.);
#3023=VECTOR('',#11084,4.6);
#3024=VECTOR('',#11099,5.);
#3025=VECTOR('',#11114,6.);
#3026=VECTOR('',#11117,5.);
#3027=VECTOR('',#11120,5.);
#3028=VECTOR('',#11131,10.);
#3029=VECTOR('',#11132,10.);
#3030=VECTOR('',#11133,10.);
#3031=VECTOR('',#11134,10.);
#3032=VECTOR('',#11137,10.);
#3033=VECTOR('',#11138,10.);
#3034=VECTOR('',#11139,10.);
#3035=VECTOR('',#11142,10.);
#3036=VECTOR('',#11143,10.);
#3037=VECTOR('',#11144,10.);
#3038=VECTOR('',#11147,10.);
#3039=VECTOR('',#11148,10.);
#3040=VECTOR('',#11149,10.);
#3041=VECTOR('',#11150,10.);
#3042=VECTOR('',#11151,10.);
#3043=VECTOR('',#11152,10.);
#3044=VECTOR('',#11153,10.);
#3045=VECTOR('',#11154,10.);
#3046=VECTOR('',#11155,10.);
#3047=VECTOR('',#11156,10.);
#3048=VECTOR('',#11157,10.);
#3049=VECTOR('',#11158,10.);
#3050=VECTOR('',#11159,10.);
#3051=VECTOR('',#11160,10.);
#3052=VECTOR('',#11161,10.);
#3053=VECTOR('',#11162,10.);
#3054=VECTOR('',#11163,10.);
#3055=VECTOR('',#11184,10.);
#3056=VECTOR('',#11185,10.);
#3057=VECTOR('',#11188,10.);
#3058=VECTOR('',#11189,10.);
#3059=VECTOR('',#11190,10.);
#3060=VECTOR('',#11193,10.);
#3061=VECTOR('',#11194,10.);
#3062=VECTOR('',#11195,10.);
#3063=VECTOR('',#11198,10.);
#3064=VECTOR('',#11201,10.);
#3065=VECTOR('',#11202,10.);
#3066=VECTOR('',#11205,10.);
#3067=VECTOR('',#11208,10.);
#3068=VECTOR('',#11209,10.);
#3069=VECTOR('',#11210,10.);
#3070=VECTOR('',#11213,10.);
#3071=VECTOR('',#11214,10.);
#3072=VECTOR('',#11217,10.);
#3073=VECTOR('',#11218,10.);
#3074=VECTOR('',#11221,10.);
#3075=VECTOR('',#11224,10.);
#3076=VECTOR('',#11225,10.);
#3077=VECTOR('',#11228,10.);
#3078=VECTOR('',#11229,10.);
#3079=VECTOR('',#11230,10.);
#3080=VECTOR('',#11231,10.);
#3081=VECTOR('',#11232,10.);
#3082=VECTOR('',#11233,10.);
#3083=VECTOR('',#11254,10.);
#3084=VECTOR('',#11255,10.);
#3085=VECTOR('',#11258,10.);
#3086=VECTOR('',#11261,10.);
#3087=VECTOR('',#11264,10.);
#3088=VECTOR('',#11267,1.25);
#3089=VECTOR('',#11270,1.25);
#3090=VECTOR('',#11273,1.25);
#3091=VECTOR('',#11276,1.25);
#3092=VECTOR('',#11279,2.1);
#3093=VECTOR('',#11282,2.1);
#3094=VECTOR('',#11285,2.1);
#3095=VECTOR('',#11288,2.1);
#3096=VECTOR('',#11293,13.);
#3097=VECTOR('',#11300,13.);
#3098=VECTOR('',#11309,11.);
#3099=VECTOR('',#11320,2.1);
#3100=VECTOR('',#11327,2.1);
#3101=VECTOR('',#11334,2.1);
#3102=VECTOR('',#11341,2.1);
#3103=VECTOR('',#11348,1.6);
#3104=VECTOR('',#11355,1.6);
#3105=VECTOR('',#11362,1.6);
#3106=VECTOR('',#11369,1.6);
#3107=VECTOR('',#11376,1.6);
#3108=VECTOR('',#11383,1.6);
#3109=VECTOR('',#11390,8.05);
#3110=VECTOR('',#11395,10.);
#3111=VECTOR('',#11396,10.);
#3112=VECTOR('',#11397,10.);
#3113=VECTOR('',#11398,10.);
#3114=VECTOR('',#11401,10.);
#3115=VECTOR('',#11402,10.);
#3116=VECTOR('',#11403,10.);
#3117=VECTOR('',#11406,10.);
#3118=VECTOR('',#11407,10.);
#3119=VECTOR('',#11408,10.);
#3120=VECTOR('',#11411,10.);
#3121=VECTOR('',#11412,10.);
#3122=VECTOR('',#11421,10.);
#3123=VECTOR('',#11424,10.);
#3124=VECTOR('',#11431,10.);
#3125=VECTOR('',#11438,10.);
#3126=VECTOR('',#11445,10.);
#3127=VECTOR('',#11446,10.);
#3128=VECTOR('',#11447,10.);
#3129=VECTOR('',#11450,10.);
#3130=VECTOR('',#11451,10.);
#3131=VECTOR('',#11452,10.);
#3132=VECTOR('',#11455,10.);
#3133=VECTOR('',#11456,10.);
#3134=VECTOR('',#11457,10.);
#3135=VECTOR('',#11460,10.);
#3136=VECTOR('',#11461,10.);
#3137=VECTOR('',#11462,10.);
#3138=VECTOR('',#11473,10.);
#3139=VECTOR('',#11476,10.);
#3140=VECTOR('',#11479,10.);
#3141=VECTOR('',#11482,10.);
#3142=VECTOR('',#11487,10.);
#3143=VECTOR('',#11490,10.);
#3144=VECTOR('',#11493,10.);
#3145=VECTOR('',#11496,10.);
#3146=VECTOR('',#11501,10.);
#3147=VECTOR('',#11506,10.);
#3148=VECTOR('',#11509,10.);
#3149=VECTOR('',#11516,10.);
#3150=VECTOR('',#11519,10.);
#3151=VECTOR('',#11520,10.);
#3152=VECTOR('',#11523,10.);
#3153=VECTOR('',#11524,10.);
#3154=VECTOR('',#11525,10.);
#3155=VECTOR('',#11528,10.);
#3156=VECTOR('',#11529,10.);
#3157=VECTOR('',#11530,10.);
#3158=VECTOR('',#11533,10.);
#3159=VECTOR('',#11534,10.);
#3160=VECTOR('',#11535,10.);
#3161=VECTOR('',#11538,10.);
#3162=VECTOR('',#11541,10.);
#3163=VECTOR('',#11544,10.);
#3164=VECTOR('',#11547,10.);
#3165=VECTOR('',#11550,10.);
#3166=VECTOR('',#11555,10.);
#3167=VECTOR('',#11558,10.);
#3168=VECTOR('',#11561,10.);
#3169=VECTOR('',#11564,10.);
#3170=VECTOR('',#11569,10.);
#3171=VECTOR('',#11570,10.);
#3172=VECTOR('',#11573,10.);
#3173=VECTOR('',#11574,10.);
#3174=VECTOR('',#11577,10.);
#3175=VECTOR('',#11578,10.);
#3176=VECTOR('',#11581,10.);
#3177=VECTOR('',#11582,10.);
#3178=VECTOR('',#11585,10.);
#3179=VECTOR('',#11588,10.);
#3180=VECTOR('',#11591,10.);
#3181=VECTOR('',#11594,10.);
#3182=VECTOR('',#11597,10.);
#3183=VECTOR('',#11598,10.);
#3184=VECTOR('',#11601,10.);
#3185=VECTOR('',#11602,10.);
#3186=VECTOR('',#11605,10.);
#3187=VECTOR('',#11608,10.);
#3188=VECTOR('',#11611,10.);
#3189=VECTOR('',#11612,10.);
#3190=VECTOR('',#11615,10.);
#3191=VECTOR('',#11618,10.);
#3192=VECTOR('',#11623,10.);
#3193=VECTOR('',#11630,10.);
#3194=VECTOR('',#11635,10.);
#3195=VECTOR('',#11638,10.);
#3196=VECTOR('',#11641,10.);
#3197=VECTOR('',#11642,10.);
#3198=VECTOR('',#11645,10.);
#3199=VECTOR('',#11646,10.);
#3200=VECTOR('',#11651,10.);
#3201=VECTOR('',#11658,10.);
#3202=VECTOR('',#11667,10.);
#3203=VECTOR('',#11668,10.);
#3204=VECTOR('',#11669,10.);
#3205=VECTOR('',#11670,10.);
#3206=VECTOR('',#11673,10.);
#3207=VECTOR('',#11674,10.);
#3208=VECTOR('',#11675,10.);
#3209=VECTOR('',#11678,10.);
#3210=VECTOR('',#11679,10.);
#3211=VECTOR('',#11680,10.);
#3212=VECTOR('',#11683,10.);
#3213=VECTOR('',#11684,10.);
#3214=VECTOR('',#11693,10.);
#3215=VECTOR('',#11694,10.);
#3216=VECTOR('',#11695,10.);
#3217=VECTOR('',#11696,10.);
#3218=VECTOR('',#11699,10.);
#3219=VECTOR('',#11700,10.);
#3220=VECTOR('',#11701,10.);
#3221=VECTOR('',#11704,10.);
#3222=VECTOR('',#11705,10.);
#3223=VECTOR('',#11706,10.);
#3224=VECTOR('',#11709,10.);
#3225=VECTOR('',#11710,10.);
#3226=VECTOR('',#11721,1.25);
#3227=VECTOR('',#11730,1.25);
#3228=VECTOR('',#11739,1.5);
#3229=VECTOR('',#11746,1.5);
#3230=VECTOR('',#11753,1.5);
#3231=VECTOR('',#11760,1.5);
#3232=VECTOR('',#11767,2.10000000000001);
#3233=VECTOR('',#11774,2.1);
#3234=VECTOR('',#11779,10.);
#3235=VECTOR('',#11780,10.);
#3236=VECTOR('',#11781,10.);
#3237=VECTOR('',#11782,10.);
#3238=VECTOR('',#11785,10.);
#3239=VECTOR('',#11786,10.);
#3240=VECTOR('',#11787,10.);
#3241=VECTOR('',#11790,10.);
#3242=VECTOR('',#11791,10.);
#3243=VECTOR('',#11792,10.);
#3244=VECTOR('',#11795,10.);
#3245=VECTOR('',#11798,10.);
#3246=VECTOR('',#11801,10.);
#3247=VECTOR('',#11802,10.);
#3248=VECTOR('',#11803,10.);
#3249=VECTOR('',#11804,10.);
#3250=VECTOR('',#11807,10.);
#3251=VECTOR('',#11808,10.);
#3252=VECTOR('',#11809,10.);
#3253=VECTOR('',#11812,10.);
#3254=VECTOR('',#11813,10.);
#3255=VECTOR('',#11814,10.);
#3256=VECTOR('',#11815,10.);
#3257=VECTOR('',#11818,10.);
#3258=VECTOR('',#11819,10.);
#3259=VECTOR('',#11820,10.);
#3260=VECTOR('',#11821,10.);
#3261=VECTOR('',#11822,10.);
#3262=VECTOR('',#11823,10.);
#3263=VECTOR('',#11824,10.);
#3264=VECTOR('',#11827,10.);
#3265=VECTOR('',#11828,10.);
#3266=VECTOR('',#11829,10.);
#3267=VECTOR('',#11832,10.);
#3268=VECTOR('',#11833,10.);
#3269=VECTOR('',#11836,10.);
#3270=VECTOR('',#11837,10.);
#3271=VECTOR('',#11840,10.);
#3272=VECTOR('',#11843,10.);
#3273=VECTOR('',#11844,10.);
#3274=VECTOR('',#11847,10.);
#3275=VECTOR('',#11848,10.);
#3276=VECTOR('',#11859,2.1);
#3277=VECTOR('',#11866,1.1);
#3278=VECTOR('',#11873,1.1);
#3279=VECTOR('',#11880,1.1);
#3280=VECTOR('',#11887,1.1);
#3281=VECTOR('',#11892,10.);
#3282=VECTOR('',#11893,10.);
#3283=VECTOR('',#11894,10.);
#3284=VECTOR('',#11895,10.);
#3285=VECTOR('',#11898,10.);
#3286=VECTOR('',#11899,10.);
#3287=VECTOR('',#11900,10.);
#3288=VECTOR('',#11903,10.);
#3289=VECTOR('',#11904,10.);
#3290=VECTOR('',#11905,10.);
#3291=VECTOR('',#11906,10.);
#3292=VECTOR('',#11909,10.);
#3293=VECTOR('',#11912,10.);
#3294=VECTOR('',#11917,10.);
#3295=VECTOR('',#11918,10.);
#3296=VECTOR('',#11919,10.);
#3297=VECTOR('',#11926,8.);
#3298=VECTOR('',#11939,1.7);
#3299=VECTOR('',#11946,1.7);
#3300=VECTOR('',#11953,2.1);
#3301=VECTOR('',#11960,2.1);
#3302=VECTOR('',#11967,2.1);
#3303=VECTOR('',#11974,2.1);
#3304=VECTOR('',#11981,2.10000000000001);
#3305=VECTOR('',#11988,2.10000000000001);
#3306=VECTOR('',#11995,2.10000000000001);
#3307=VECTOR('',#12002,2.10000000000001);
#3308=VECTOR('',#12009,7.);
#3309=VECTOR('',#12014,10.);
#3310=VECTOR('',#12015,10.);
#3311=VECTOR('',#12016,10.);
#3312=VECTOR('',#12017,10.);
#3313=VECTOR('',#12020,10.);
#3314=VECTOR('',#12021,10.);
#3315=VECTOR('',#12022,10.);
#3316=VECTOR('',#12023,10.);
#3317=VECTOR('',#12026,10.);
#3318=VECTOR('',#12027,10.);
#3319=VECTOR('',#12028,10.);
#3320=VECTOR('',#12029,10.);
#3321=VECTOR('',#12032,10.);
#3322=VECTOR('',#12033,10.);
#3323=VECTOR('',#12036,10.);
#3324=VECTOR('',#12037,10.);
#3325=VECTOR('',#12038,10.);
#3326=VECTOR('',#12039,10.);
#3327=VECTOR('',#12042,10.);
#3328=VECTOR('',#12043,10.);
#3329=VECTOR('',#12046,10.);
#3330=VECTOR('',#12047,10.);
#3331=VECTOR('',#12048,10.);
#3332=VECTOR('',#12049,10.);
#3333=VECTOR('',#12050,10.);
#3334=VECTOR('',#12051,10.);
#3335=VECTOR('',#12052,10.);
#3336=VECTOR('',#12053,10.);
#3337=VECTOR('',#12054,10.);
#3338=VECTOR('',#12055,10.);
#3339=VECTOR('',#12056,10.);
#3340=VECTOR('',#12057,10.);
#3341=VECTOR('',#12058,10.);
#3342=VECTOR('',#12059,10.);
#3343=VECTOR('',#12060,10.);
#3344=VECTOR('',#12061,10.);
#3345=VECTOR('',#12062,10.);
#3346=VECTOR('',#12063,10.);
#3347=VECTOR('',#12064,10.);
#3348=VECTOR('',#12065,10.);
#3349=VECTOR('',#12066,10.);
#3350=VECTOR('',#12067,10.);
#3351=VECTOR('',#12068,10.);
#3352=VECTOR('',#12069,10.);
#3353=VECTOR('',#12070,10.);
#3354=VECTOR('',#12071,10.);
#3355=VECTOR('',#12072,10.);
#3356=VECTOR('',#12073,10.);
#3357=VECTOR('',#12074,10.);
#3358=VECTOR('',#12075,10.);
#3359=VECTOR('',#12078,10.);
#3360=VECTOR('',#12079,10.);
#3361=VECTOR('',#12082,10.);
#3362=VECTOR('',#12083,10.);
#3363=VECTOR('',#12086,10.);
#3364=VECTOR('',#12087,10.);
#3365=VECTOR('',#12088,10.);
#3366=VECTOR('',#12091,10.);
#3367=VECTOR('',#12092,10.);
#3368=VECTOR('',#12093,10.);
#3369=VECTOR('',#12096,10.);
#3370=VECTOR('',#12097,10.);
#3371=VECTOR('',#12098,10.);
#3372=VECTOR('',#12101,10.);
#3373=VECTOR('',#12102,10.);
#3374=VECTOR('',#12103,10.);
#3375=VECTOR('',#12106,10.);
#3376=VECTOR('',#12107,10.);
#3377=VECTOR('',#12110,10.);
#3378=VECTOR('',#12111,10.);
#3379=VECTOR('',#12114,10.);
#3380=VECTOR('',#12115,10.);
#3381=VECTOR('',#12118,10.);
#3382=VECTOR('',#12119,10.);
#3383=VECTOR('',#12122,10.);
#3384=VECTOR('',#12123,10.);
#3385=VECTOR('',#12126,10.);
#3386=VECTOR('',#12129,10.);
#3387=VECTOR('',#12130,10.);
#3388=VECTOR('',#12133,10.);
#3389=VECTOR('',#12134,10.);
#3390=VECTOR('',#12137,10.);
#3391=VECTOR('',#12138,10.);
#3392=VECTOR('',#12141,10.);
#3393=VECTOR('',#12142,10.);
#3394=VECTOR('',#12145,10.);
#3395=VECTOR('',#12146,10.);
#3396=VECTOR('',#12147,10.);
#3397=VECTOR('',#12150,10.);
#3398=VECTOR('',#12151,10.);
#3399=VECTOR('',#12154,10.);
#3400=VECTOR('',#12157,10.);
#3401=VECTOR('',#12158,10.);
#3402=VECTOR('',#12159,10.);
#3403=VECTOR('',#12160,10.);
#3404=VECTOR('',#12161,10.);
#3405=VECTOR('',#12162,10.);
#3406=VECTOR('',#12163,10.);
#3407=VECTOR('',#12164,10.);
#3408=VECTOR('',#12165,10.);
#3409=VECTOR('',#12166,10.);
#3410=VECTOR('',#12167,10.);
#3411=VECTOR('',#12170,10.);
#3412=VECTOR('',#12171,10.);
#3413=VECTOR('',#12174,10.);
#3414=VECTOR('',#12177,10.);
#3415=VECTOR('',#12180,10.);
#3416=VECTOR('',#12187,10.);
#3417=VECTOR('',#12202,2.10000000000001);
#3418=VECTOR('',#12209,2.10000000000001);
#3419=VECTOR('',#12216,2.10000000000001);
#3420=VECTOR('',#12223,2.10000000000001);
#3421=VECTOR('',#12230,2.10000000000001);
#3422=VECTOR('',#12237,2.10000000000001);
#3423=VECTOR('',#12244,2.10000000000001);
#3424=VECTOR('',#12251,2.10000000000001);
#3425=VECTOR('',#12256,10.);
#3426=VECTOR('',#12257,10.);
#3427=VECTOR('',#12258,10.);
#3428=VECTOR('',#12259,10.);
#3429=VECTOR('',#12262,10.);
#3430=VECTOR('',#12263,10.);
#3431=VECTOR('',#12264,10.);
#3432=VECTOR('',#12267,10.);
#3433=VECTOR('',#12268,10.);
#3434=VECTOR('',#12269,10.);
#3435=VECTOR('',#12272,10.);
#3436=VECTOR('',#12273,10.);
#3437=VECTOR('',#12276,10.);
#3438=VECTOR('',#12277,10.);
#3439=VECTOR('',#12278,10.);
#3440=VECTOR('',#12279,10.);
#3441=VECTOR('',#12282,10.);
#3442=VECTOR('',#12283,10.);
#3443=VECTOR('',#12284,10.);
#3444=VECTOR('',#12287,10.);
#3445=VECTOR('',#12288,10.);
#3446=VECTOR('',#12289,10.);
#3447=VECTOR('',#12292,10.);
#3448=VECTOR('',#12293,10.);
#3449=VECTOR('',#12296,10.);
#3450=VECTOR('',#12297,10.);
#3451=VECTOR('',#12298,10.);
#3452=VECTOR('',#12299,10.);
#3453=VECTOR('',#12302,10.);
#3454=VECTOR('',#12303,10.);
#3455=VECTOR('',#12304,10.);
#3456=VECTOR('',#12307,10.);
#3457=VECTOR('',#12308,10.);
#3458=VECTOR('',#12309,10.);
#3459=VECTOR('',#12312,10.);
#3460=VECTOR('',#12313,10.);
#3461=VECTOR('',#12316,10.);
#3462=VECTOR('',#12317,10.);
#3463=VECTOR('',#12318,10.);
#3464=VECTOR('',#12319,10.);
#3465=VECTOR('',#12322,10.);
#3466=VECTOR('',#12323,10.);
#3467=VECTOR('',#12324,10.);
#3468=VECTOR('',#12327,10.);
#3469=VECTOR('',#12328,10.);
#3470=VECTOR('',#12329,10.);
#3471=VECTOR('',#12332,10.);
#3472=VECTOR('',#12333,10.);
#3473=VECTOR('',#12338,12.);
#3474=VECTOR('',#12343,10.);
#3475=VECTOR('',#12344,10.);
#3476=VECTOR('',#12345,10.);
#3477=VECTOR('',#12346,10.);
#3478=VECTOR('',#12349,10.);
#3479=VECTOR('',#12350,10.);
#3480=VECTOR('',#12351,10.);
#3481=VECTOR('',#12352,10.);
#3482=VECTOR('',#12355,10.);
#3483=VECTOR('',#12356,10.);
#3484=VECTOR('',#12357,10.);
#3485=VECTOR('',#12358,10.);
#3486=VECTOR('',#12361,10.);
#3487=VECTOR('',#12362,10.);
#3488=VECTOR('',#12363,10.);
#3489=VECTOR('',#12364,10.);
#3490=VECTOR('',#12367,10.);
#3491=VECTOR('',#12368,10.);
#3492=VECTOR('',#12369,10.);
#3493=VECTOR('',#12372,10.);
#3494=VECTOR('',#12373,10.);
#3495=VECTOR('',#12376,10.);
#3496=VECTOR('',#12377,10.);
#3497=VECTOR('',#12378,10.);
#3498=VECTOR('',#12381,10.);
#3499=VECTOR('',#12382,10.);
#3500=VECTOR('',#12383,10.);
#3501=VECTOR('',#12386,10.);
#3502=VECTOR('',#12387,10.);
#3503=VECTOR('',#12388,10.);
#3504=VECTOR('',#12389,10.);
#3505=VECTOR('',#12392,10.);
#3506=VECTOR('',#12393,10.);
#3507=VECTOR('',#12394,10.);
#3508=VECTOR('',#12395,10.);
#3509=VECTOR('',#12398,10.);
#3510=VECTOR('',#12399,10.);
#3511=VECTOR('',#12402,10.);
#3512=VECTOR('',#12403,10.);
#3513=VECTOR('',#12406,10.);
#3514=VECTOR('',#12407,10.);
#3515=VECTOR('',#12408,10.);
#3516=VECTOR('',#12411,10.);
#3517=VECTOR('',#12412,10.);
#3518=VECTOR('',#12413,10.);
#3519=VECTOR('',#12414,10.);
#3520=VECTOR('',#12417,10.);
#3521=VECTOR('',#12418,10.);
#3522=VECTOR('',#12419,10.);
#3523=VECTOR('',#12422,10.);
#3524=VECTOR('',#12423,10.);
#3525=VECTOR('',#12424,10.);
#3526=VECTOR('',#12427,10.);
#3527=VECTOR('',#12428,10.);
#3528=VECTOR('',#12431,10.);
#3529=VECTOR('',#12432,10.);
#3530=VECTOR('',#12433,10.);
#3531=VECTOR('',#12436,10.);
#3532=VECTOR('',#12437,10.);
#3533=VECTOR('',#12438,10.);
#3534=VECTOR('',#12439,10.);
#3535=VECTOR('',#12442,10.);
#3536=VECTOR('',#12443,10.);
#3537=VECTOR('',#12444,10.);
#3538=VECTOR('',#12447,10.);
#3539=VECTOR('',#12448,10.);
#3540=VECTOR('',#12451,10.);
#3541=VECTOR('',#12452,10.);
#3542=VECTOR('',#12455,10.);
#3543=VECTOR('',#12456,10.);
#3544=VECTOR('',#12459,10.);
#3545=VECTOR('',#12462,10.);
#3546=VECTOR('',#12467,10.);
#3547=VECTOR('',#12468,10.);
#3548=VECTOR('',#12471,10.);
#3549=VECTOR('',#12474,10.);
#3550=VECTOR('',#12481,10.);
#3551=VECTOR('',#12482,10.);
#3552=VECTOR('',#12483,10.);
#3553=VECTOR('',#12484,10.);
#3554=VECTOR('',#12487,10.);
#3555=VECTOR('',#12488,10.);
#3556=VECTOR('',#12489,10.);
#3557=VECTOR('',#12490,10.);
#3558=VECTOR('',#12497,10.);
#3559=VECTOR('',#12502,10.);
#3560=VECTOR('',#12511,10.);
#3561=VECTOR('',#12514,10.);
#3562=VECTOR('',#12515,10.);
#3563=VECTOR('',#12518,10.);
#3564=VECTOR('',#12519,10.);
#3565=VECTOR('',#12520,10.);
#3566=VECTOR('',#12531,5.);
#3567=VECTOR('',#12542,2.5);
#3568=VECTOR('',#12547,9.);
#3569=VECTOR('',#12560,5.);
#3570=VECTOR('',#12567,13.);
#3571=VECTOR('',#12580,5.);
#3572=VECTOR('',#12587,13.);
#3573=VECTOR('',#12600,1.25);
#3574=VECTOR('',#12609,1.25);
#3575=VECTOR('',#12618,1.25);
#3576=VECTOR('',#12627,1.25);
#3577=VECTOR('',#12636,1.25);
#3578=VECTOR('',#12645,1.25);
#3579=VECTOR('',#12654,2.6);
#3580=VECTOR('',#12663,8.);
#3581=VECTOR('',#12672,21.);
#3582=VECTOR('',#12685,2.5);
#3583=VECTOR('',#12698,1.6);
#3584=VECTOR('',#12705,1.6);
#3585=VECTOR('',#12712,1.6);
#3586=VECTOR('',#12719,1.6);
#3587=VECTOR('',#12726,6.);
#3588=VECTOR('',#12733,25.);
#3589=VECTOR('',#12746,1.6);
#3590=VECTOR('',#12753,1.6);
#3591=VECTOR('',#12760,1.6);
#3592=VECTOR('',#12767,1.6);
#3593=VECTOR('',#12774,6.);
#3594=VECTOR('',#12781,25.);
#3595=VECTOR('',#12794,2.5);
#3596=VECTOR('',#12807,1.1);
#3597=VECTOR('',#12814,1.1);
#3598=VECTOR('',#12821,1.1);
#3599=VECTOR('',#12828,1.1);
#3600=VECTOR('',#12833,10.);
#3601=VECTOR('',#12834,10.);
#3602=VECTOR('',#12835,10.);
#3603=VECTOR('',#12836,10.);
#3604=VECTOR('',#12839,10.);
#3605=VECTOR('',#12840,10.);
#3606=VECTOR('',#12841,10.);
#3607=VECTOR('',#12844,10.);
#3608=VECTOR('',#12845,10.);
#3609=VECTOR('',#12846,10.);
#3610=VECTOR('',#12849,10.);
#3611=VECTOR('',#12850,10.);
#3612=VECTOR('',#12861,5.);
#3613=VECTOR('',#12868,9.);
#3614=VECTOR('',#12879,10.);
#3615=VECTOR('',#12880,10.);
#3616=VECTOR('',#12881,10.);
#3617=VECTOR('',#12882,10.);
#3618=VECTOR('',#12885,10.);
#3619=VECTOR('',#12886,10.);
#3620=VECTOR('',#12887,10.);
#3621=VECTOR('',#12888,10.);
#3622=VECTOR('',#12911,2.1);
#3623=VECTOR('',#12918,4.);
#3624=VECTOR('',#12931,2.1);
#3625=VECTOR('',#12938,4.);
#3626=VECTOR('',#12951,2.1);
#3627=VECTOR('',#12958,4.);
#3628=VECTOR('',#12971,2.1);
#3629=VECTOR('',#12978,4.);
#3630=VECTOR('',#12991,1.5);
#3631=VECTOR('',#13004,1.5);
#3632=VECTOR('',#13017,1.6);
#3633=VECTOR('',#13024,1.6);
#3634=VECTOR('',#13029,10.);
#3635=VECTOR('',#13030,10.);
#3636=VECTOR('',#13031,10.);
#3637=VECTOR('',#13032,10.);
#3638=VECTOR('',#13035,10.);
#3639=VECTOR('',#13036,10.);
#3640=VECTOR('',#13037,10.);
#3641=VECTOR('',#13040,10.);
#3642=VECTOR('',#13041,10.);
#3643=VECTOR('',#13042,10.);
#3644=VECTOR('',#13045,10.);
#3645=VECTOR('',#13046,10.);
#3646=VECTOR('',#13057,1.6);
#3647=VECTOR('',#13064,1.6);
#3648=VECTOR('',#13069,10.);
#3649=VECTOR('',#13070,10.);
#3650=VECTOR('',#13071,10.);
#3651=VECTOR('',#13072,10.);
#3652=VECTOR('',#13075,10.);
#3653=VECTOR('',#13076,10.);
#3654=VECTOR('',#13077,10.);
#3655=VECTOR('',#13080,10.);
#3656=VECTOR('',#13081,10.);
#3657=VECTOR('',#13082,10.);
#3658=VECTOR('',#13085,10.);
#3659=VECTOR('',#13086,10.);
#3660=VECTOR('',#13095,10.);
#3661=VECTOR('',#13096,10.);
#3662=VECTOR('',#13097,10.);
#3663=VECTOR('',#13098,10.);
#3664=VECTOR('',#13101,10.);
#3665=VECTOR('',#13102,10.);
#3666=VECTOR('',#13103,10.);
#3667=VECTOR('',#13106,10.);
#3668=VECTOR('',#13107,10.);
#3669=VECTOR('',#13108,10.);
#3670=VECTOR('',#13111,10.);
#3671=VECTOR('',#13112,10.);
#3672=VECTOR('',#13123,5.);
#3673=VECTOR('',#13130,6.);
#3674=VECTOR('',#13143,5.);
#3675=VECTOR('',#13150,9.);
#3676=VECTOR('',#13163,5.);
#3677=VECTOR('',#13170,9.);
#3678=CIRCLE('',#9662,1.6);
#3679=CIRCLE('',#9663,1.6);
#3680=CIRCLE('',#9665,1.6);
#3681=CIRCLE('',#9666,1.6);
#3682=CIRCLE('',#9668,1.6);
#3683=CIRCLE('',#9669,1.6);
#3684=CIRCLE('',#9671,1.6);
#3685=CIRCLE('',#9672,1.6);
#3686=CIRCLE('',#9674,1.6);
#3687=CIRCLE('',#9675,1.6);
#3688=CIRCLE('',#9677,1.6);
#3689=CIRCLE('',#9678,1.6);
#3690=CIRCLE('',#9680,68.);
#3691=CIRCLE('',#9681,68.);
#3692=CIRCLE('',#9683,75.);
#3693=CIRCLE('',#9684,75.);
#3694=CIRCLE('',#9692,18.);
#3695=CIRCLE('',#9693,5.);
#3696=CIRCLE('',#9694,1.25);
#3697=CIRCLE('',#9695,1.25);
#3698=CIRCLE('',#9696,1.25);
#3699=CIRCLE('',#9697,1.25);
#3700=CIRCLE('',#9699,1.25);
#3701=CIRCLE('',#9701,1.25);
#3702=CIRCLE('',#9703,1.25);
#3703=CIRCLE('',#9705,1.25);
#3704=CIRCLE('',#9707,1.25);
#3705=CIRCLE('',#9708,1.25);
#3706=CIRCLE('',#9710,1.25);
#3707=CIRCLE('',#9711,1.25);
#3708=CIRCLE('',#9713,1.25);
#3709=CIRCLE('',#9714,1.25);
#3710=CIRCLE('',#9716,1.25);
#3711=CIRCLE('',#9717,1.25);
#3712=CIRCLE('',#9719,18.);
#3713=CIRCLE('',#9720,12.);
#3714=CIRCLE('',#9723,18.);
#3715=CIRCLE('',#9724,12.);
#3716=CIRCLE('',#9726,18.);
#3717=CIRCLE('',#9727,12.);
#3718=CIRCLE('',#9731,5.);
#3719=CIRCLE('',#9733,12.);
#3720=CIRCLE('',#9737,1.6);
#3721=CIRCLE('',#9738,1.6);
#3722=CIRCLE('',#9740,1.6);
#3723=CIRCLE('',#9741,1.6);
#3724=CIRCLE('',#9743,1.6);
#3725=CIRCLE('',#9744,1.6);
#3726=CIRCLE('',#9746,1.6);
#3727=CIRCLE('',#9747,1.6);
#3728=CIRCLE('',#9749,1.6);
#3729=CIRCLE('',#9750,1.6);
#3730=CIRCLE('',#9752,1.6);
#3731=CIRCLE('',#9753,1.6);
#3732=CIRCLE('',#9755,1.6);
#3733=CIRCLE('',#9756,1.6);
#3734=CIRCLE('',#9758,1.6);
#3735=CIRCLE('',#9759,1.6);
#3736=CIRCLE('',#9761,1.6);
#3737=CIRCLE('',#9762,1.6);
#3738=CIRCLE('',#9764,1.6);
#3739=CIRCLE('',#9765,1.6);
#3740=CIRCLE('',#9767,5.);
#3741=CIRCLE('',#9768,5.);
#3742=CIRCLE('',#9770,18.);
#3743=CIRCLE('',#9771,18.);
#3744=CIRCLE('',#9773,18.);
#3745=CIRCLE('',#9774,18.);
#3746=CIRCLE('',#9776,18.);
#3747=CIRCLE('',#9777,18.);
#3748=CIRCLE('',#9779,18.);
#3749=CIRCLE('',#9780,18.);
#3750=CIRCLE('',#9795,68.);
#3751=CIRCLE('',#9796,68.);
#3752=CIRCLE('',#9798,68.);
#3753=CIRCLE('',#9799,68.);
#3754=CIRCLE('',#9801,74.);
#3755=CIRCLE('',#9802,74.);
#3756=CIRCLE('',#9804,74.);
#3757=CIRCLE('',#9805,74.);
#3758=CIRCLE('',#9806,74.);
#3759=CIRCLE('',#9807,68.);
#3760=CIRCLE('',#9808,68.);
#3761=CIRCLE('',#9810,68.);
#3762=CIRCLE('',#9812,74.);
#3763=CIRCLE('',#9814,74.);
#3764=CIRCLE('',#9823,68.);
#3765=CIRCLE('',#9825,74.);
#3766=CIRCLE('',#9829,1.25);
#3767=CIRCLE('',#9830,1.25);
#3768=CIRCLE('',#9834,5.);
#3769=CIRCLE('',#9838,5.);
#3770=CIRCLE('',#9840,4.6);
#3771=CIRCLE('',#9841,4.6);
#3772=CIRCLE('',#9843,5.);
#3773=CIRCLE('',#9845,5.);
#3774=CIRCLE('',#9847,5.);
#3775=CIRCLE('',#9849,6.);
#3776=CIRCLE('',#9850,5.);
#3777=CIRCLE('',#9852,6.);
#3778=CIRCLE('',#9853,5.);
#3779=CIRCLE('',#9857,5.);
#3780=CIRCLE('',#9865,13.);
#3781=CIRCLE('',#9866,2.1);
#3782=CIRCLE('',#9867,2.1);
#3783=CIRCLE('',#9868,2.1);
#3784=CIRCLE('',#9869,2.1);
#3785=CIRCLE('',#9870,1.25);
#3786=CIRCLE('',#9871,1.25);
#3787=CIRCLE('',#9872,1.25);
#3788=CIRCLE('',#9873,1.25);
#3789=CIRCLE('',#9886,13.);
#3790=CIRCLE('',#9887,2.1);
#3791=CIRCLE('',#9888,2.1);
#3792=CIRCLE('',#9889,2.1);
#3793=CIRCLE('',#9890,2.1);
#3794=CIRCLE('',#9891,1.25);
#3795=CIRCLE('',#9892,1.25);
#3796=CIRCLE('',#9893,1.25);
#3797=CIRCLE('',#9894,1.25);
#3798=CIRCLE('',#9908,13.);
#3799=CIRCLE('',#9910,11.);
#3800=CIRCLE('',#9912,13.);
#3801=CIRCLE('',#9914,11.);
#3802=CIRCLE('',#9920,2.1);
#3803=CIRCLE('',#9921,2.1);
#3804=CIRCLE('',#9923,2.1);
#3805=CIRCLE('',#9924,2.1);
#3806=CIRCLE('',#9926,2.1);
#3807=CIRCLE('',#9927,2.1);
#3808=CIRCLE('',#9929,2.1);
#3809=CIRCLE('',#9930,2.1);
#3810=CIRCLE('',#9932,1.6);
#3811=CIRCLE('',#9933,1.6);
#3812=CIRCLE('',#9935,1.6);
#3813=CIRCLE('',#9936,1.6);
#3814=CIRCLE('',#9938,1.6);
#3815=CIRCLE('',#9939,1.6);
#3816=CIRCLE('',#9941,1.6);
#3817=CIRCLE('',#9942,1.6);
#3818=CIRCLE('',#9944,1.6);
#3819=CIRCLE('',#9945,1.6);
#3820=CIRCLE('',#9947,1.6);
#3821=CIRCLE('',#9948,1.6);
#3822=CIRCLE('',#9950,8.05);
#3823=CIRCLE('',#9951,8.05);
#3824=CIRCLE('',#9960,1.6);
#3825=CIRCLE('',#9961,1.6);
#3826=CIRCLE('',#9963,15.);
#3827=CIRCLE('',#9964,15.);
#3828=CIRCLE('',#9966,15.);
#3829=CIRCLE('',#9967,15.);
#3830=CIRCLE('',#9969,55.);
#3831=CIRCLE('',#9970,55.);
#3832=CIRCLE('',#9971,55.);
#3833=CIRCLE('',#9972,55.);
#3834=CIRCLE('',#9973,1.6);
#3835=CIRCLE('',#9974,15.);
#3836=CIRCLE('',#9975,1.6);
#3837=CIRCLE('',#9976,15.);
#3838=CIRCLE('',#9977,1.6);
#3839=CIRCLE('',#9978,45.);
#3840=CIRCLE('',#9979,20.);
#3841=CIRCLE('',#9980,45.);
#3842=CIRCLE('',#9981,20.);
#3843=CIRCLE('',#9982,20.);
#3844=CIRCLE('',#9983,45.);
#3845=CIRCLE('',#9984,20.);
#3846=CIRCLE('',#9985,45.);
#3847=CIRCLE('',#9987,1.6);
#3848=CIRCLE('',#9989,15.);
#3849=CIRCLE('',#9991,1.6);
#3850=CIRCLE('',#9993,15.);
#3851=CIRCLE('',#9995,55.);
#3852=CIRCLE('',#9996,55.);
#3853=CIRCLE('',#9997,55.);
#3854=CIRCLE('',#9998,55.);
#3855=CIRCLE('',#9999,1.6);
#3856=CIRCLE('',#10000,45.);
#3857=CIRCLE('',#10001,20.);
#3858=CIRCLE('',#10002,45.);
#3859=CIRCLE('',#10003,20.);
#3860=CIRCLE('',#10004,20.);
#3861=CIRCLE('',#10005,45.);
#3862=CIRCLE('',#10006,20.);
#3863=CIRCLE('',#10007,45.);
#3864=CIRCLE('',#10057,1.25);
#3865=CIRCLE('',#10058,1.25);
#3866=CIRCLE('',#10061,1.25);
#3867=CIRCLE('',#10062,1.25);
#3868=CIRCLE('',#10065,1.5);
#3869=CIRCLE('',#10066,1.5);
#3870=CIRCLE('',#10068,1.5);
#3871=CIRCLE('',#10069,1.5);
#3872=CIRCLE('',#10071,1.5);
#3873=CIRCLE('',#10072,1.5);
#3874=CIRCLE('',#10074,1.5);
#3875=CIRCLE('',#10075,1.5);
#3876=CIRCLE('',#10077,2.10000000000001);
#3877=CIRCLE('',#10078,2.10000000000001);
#3878=CIRCLE('',#10080,2.1);
#3879=CIRCLE('',#10081,2.1);
#3880=CIRCLE('',#10101,2.1);
#3881=CIRCLE('',#10102,2.1);
#3882=CIRCLE('',#10104,1.1);
#3883=CIRCLE('',#10105,1.1);
#3884=CIRCLE('',#10107,1.1);
#3885=CIRCLE('',#10108,1.1);
#3886=CIRCLE('',#10110,1.1);
#3887=CIRCLE('',#10111,1.1);
#3888=CIRCLE('',#10113,1.1);
#3889=CIRCLE('',#10114,1.1);
#3890=CIRCLE('',#10119,15.);
#3891=CIRCLE('',#10120,8.);
#3892=CIRCLE('',#10124,8.);
#3893=CIRCLE('',#10126,15.);
#3894=CIRCLE('',#10130,1.7);
#3895=CIRCLE('',#10131,1.7);
#3896=CIRCLE('',#10133,1.7);
#3897=CIRCLE('',#10134,1.7);
#3898=CIRCLE('',#10136,2.1);
#3899=CIRCLE('',#10137,2.1);
#3900=CIRCLE('',#10139,2.1);
#3901=CIRCLE('',#10140,2.1);
#3902=CIRCLE('',#10142,2.1);
#3903=CIRCLE('',#10143,2.1);
#3904=CIRCLE('',#10145,2.1);
#3905=CIRCLE('',#10146,2.1);
#3906=CIRCLE('',#10148,2.10000000000001);
#3907=CIRCLE('',#10149,2.10000000000001);
#3908=CIRCLE('',#10151,2.10000000000001);
#3909=CIRCLE('',#10152,2.10000000000001);
#3910=CIRCLE('',#10154,2.10000000000001);
#3911=CIRCLE('',#10155,2.10000000000001);
#3912=CIRCLE('',#10157,2.10000000000001);
#3913=CIRCLE('',#10158,2.10000000000001);
#3914=CIRCLE('',#10160,7.);
#3915=CIRCLE('',#10161,7.);
#3916=CIRCLE('',#10202,2.10000000000001);
#3917=CIRCLE('',#10203,2.10000000000001);
#3918=CIRCLE('',#10205,2.10000000000001);
#3919=CIRCLE('',#10206,2.10000000000001);
#3920=CIRCLE('',#10208,2.10000000000001);
#3921=CIRCLE('',#10209,2.10000000000001);
#3922=CIRCLE('',#10211,2.10000000000001);
#3923=CIRCLE('',#10212,2.10000000000001);
#3924=CIRCLE('',#10214,2.10000000000001);
#3925=CIRCLE('',#10215,2.10000000000001);
#3926=CIRCLE('',#10217,2.10000000000001);
#3927=CIRCLE('',#10218,2.10000000000001);
#3928=CIRCLE('',#10220,2.10000000000001);
#3929=CIRCLE('',#10221,2.10000000000001);
#3930=CIRCLE('',#10223,2.10000000000001);
#3931=CIRCLE('',#10224,2.10000000000001);
#3932=CIRCLE('',#10242,12.);
#3933=CIRCLE('',#10243,12.);
#3934=CIRCLE('',#10278,5.);
#3935=CIRCLE('',#10279,9.);
#3936=CIRCLE('',#10281,5.);
#3937=CIRCLE('',#10282,9.);
#3938=CIRCLE('',#10284,5.);
#3939=CIRCLE('',#10285,9.);
#3940=CIRCLE('',#10289,5.);
#3941=CIRCLE('',#10290,9.);
#3942=CIRCLE('',#10292,5.);
#3943=CIRCLE('',#10293,5.);
#3944=CIRCLE('',#10295,2.5);
#3945=CIRCLE('',#10297,2.5);
#3946=CIRCLE('',#10299,9.);
#3947=CIRCLE('',#10300,9.);
#3948=CIRCLE('',#10305,5.);
#3949=CIRCLE('',#10306,5.);
#3950=CIRCLE('',#10308,13.);
#3951=CIRCLE('',#10309,13.);
#3952=CIRCLE('',#10314,5.);
#3953=CIRCLE('',#10315,5.);
#3954=CIRCLE('',#10317,13.);
#3955=CIRCLE('',#10318,13.);
#3956=CIRCLE('',#10323,1.25);
#3957=CIRCLE('',#10324,1.25);
#3958=CIRCLE('',#10327,1.25);
#3959=CIRCLE('',#10328,1.25);
#3960=CIRCLE('',#10331,1.25);
#3961=CIRCLE('',#10332,1.25);
#3962=CIRCLE('',#10335,1.25);
#3963=CIRCLE('',#10336,1.25);
#3964=CIRCLE('',#10339,1.25);
#3965=CIRCLE('',#10340,1.25);
#3966=CIRCLE('',#10343,1.25);
#3967=CIRCLE('',#10344,1.25);
#3968=CIRCLE('',#10347,2.6);
#3969=CIRCLE('',#10348,2.6);
#3970=CIRCLE('',#10351,8.);
#3971=CIRCLE('',#10352,8.);
#3972=CIRCLE('',#10355,21.);
#3973=CIRCLE('',#10356,21.);
#3974=CIRCLE('',#10361,2.5);
#3975=CIRCLE('',#10362,2.5);
#3976=CIRCLE('',#10367,1.6);
#3977=CIRCLE('',#10368,1.6);
#3978=CIRCLE('',#10370,1.6);
#3979=CIRCLE('',#10371,1.6);
#3980=CIRCLE('',#10373,1.6);
#3981=CIRCLE('',#10374,1.6);
#3982=CIRCLE('',#10376,1.6);
#3983=CIRCLE('',#10377,1.6);
#3984=CIRCLE('',#10379,6.);
#3985=CIRCLE('',#10380,6.);
#3986=CIRCLE('',#10382,25.);
#3987=CIRCLE('',#10383,25.);
#3988=CIRCLE('',#10388,1.6);
#3989=CIRCLE('',#10389,1.6);
#3990=CIRCLE('',#10391,1.6);
#3991=CIRCLE('',#10392,1.6);
#3992=CIRCLE('',#10394,1.6);
#3993=CIRCLE('',#10395,1.6);
#3994=CIRCLE('',#10397,1.6);
#3995=CIRCLE('',#10398,1.6);
#3996=CIRCLE('',#10400,6.);
#3997=CIRCLE('',#10401,6.);
#3998=CIRCLE('',#10403,25.);
#3999=CIRCLE('',#10404,25.);
#4000=CIRCLE('',#10409,2.5);
#4001=CIRCLE('',#10410,2.5);
#4002=CIRCLE('',#10415,1.1);
#4003=CIRCLE('',#10416,1.1);
#4004=CIRCLE('',#10418,1.1);
#4005=CIRCLE('',#10419,1.1);
#4006=CIRCLE('',#10421,1.1);
#4007=CIRCLE('',#10422,1.1);
#4008=CIRCLE('',#10424,1.1);
#4009=CIRCLE('',#10425,1.1);
#4010=CIRCLE('',#10434,5.);
#4011=CIRCLE('',#10435,5.);
#4012=CIRCLE('',#10437,9.);
#4013=CIRCLE('',#10438,9.);
#4014=CIRCLE('',#10445,6.);
#4015=CIRCLE('',#10446,4.6);
#4016=CIRCLE('',#10448,4.6);
#4017=CIRCLE('',#10450,6.);
#4018=CIRCLE('',#10454,2.1);
#4019=CIRCLE('',#10455,2.1);
#4020=CIRCLE('',#10457,4.);
#4021=CIRCLE('',#10458,4.);
#4022=CIRCLE('',#10463,2.1);
#4023=CIRCLE('',#10464,2.1);
#4024=CIRCLE('',#10466,4.);
#4025=CIRCLE('',#10467,4.);
#4026=CIRCLE('',#10472,2.1);
#4027=CIRCLE('',#10473,2.1);
#4028=CIRCLE('',#10475,4.);
#4029=CIRCLE('',#10476,4.);
#4030=CIRCLE('',#10481,2.1);
#4031=CIRCLE('',#10482,2.1);
#4032=CIRCLE('',#10484,4.);
#4033=CIRCLE('',#10485,4.);
#4034=CIRCLE('',#10490,1.5);
#4035=CIRCLE('',#10491,1.5);
#4036=CIRCLE('',#10496,1.5);
#4037=CIRCLE('',#10497,1.5);
#4038=CIRCLE('',#10502,1.6);
#4039=CIRCLE('',#10503,1.6);
#4040=CIRCLE('',#10505,1.6);
#4041=CIRCLE('',#10506,1.6);
#4042=CIRCLE('',#10515,1.6);
#4043=CIRCLE('',#10516,1.6);
#4044=CIRCLE('',#10518,1.6);
#4045=CIRCLE('',#10519,1.6);
#4046=CIRCLE('',#10535,5.);
#4047=CIRCLE('',#10536,5.);
#4048=CIRCLE('',#10538,6.);
#4049=CIRCLE('',#10539,6.);
#4050=CIRCLE('',#10544,5.);
#4051=CIRCLE('',#10545,5.);
#4052=CIRCLE('',#10547,9.);
#4053=CIRCLE('',#10548,9.);
#4054=CIRCLE('',#10553,5.);
#4055=CIRCLE('',#10554,5.);
#4056=CIRCLE('',#10556,9.);
#4057=CIRCLE('',#10557,9.);
#4058=VERTEX_POINT('',#13252);
#4059=VERTEX_POINT('',#13254);
#4060=VERTEX_POINT('',#13258);
#4061=VERTEX_POINT('',#13260);
#4062=VERTEX_POINT('',#13264);
#4063=VERTEX_POINT('',#13266);
#4064=VERTEX_POINT('',#13270);
#4065=VERTEX_POINT('',#13272);
#4066=VERTEX_POINT('',#13276);
#4067=VERTEX_POINT('',#13278);
#4068=VERTEX_POINT('',#13282);
#4069=VERTEX_POINT('',#13284);
#4070=VERTEX_POINT('',#13288);
#4071=VERTEX_POINT('',#13290);
#4072=VERTEX_POINT('',#13294);
#4073=VERTEX_POINT('',#13296);
#4074=VERTEX_POINT('',#13303);
#4075=VERTEX_POINT('',#13304);
#4076=VERTEX_POINT('',#13306);
#4077=VERTEX_POINT('',#13308);
#4078=VERTEX_POINT('',#13312);
#4079=VERTEX_POINT('',#13314);
#4080=VERTEX_POINT('',#13318);
#4081=VERTEX_POINT('',#13319);
#4082=VERTEX_POINT('',#13324);
#4083=VERTEX_POINT('',#13327);
#4084=VERTEX_POINT('',#13329);
#4085=VERTEX_POINT('',#13331);
#4086=VERTEX_POINT('',#13333);
#4087=VERTEX_POINT('',#13336);
#4088=VERTEX_POINT('',#13340);
#4089=VERTEX_POINT('',#13344);
#4090=VERTEX_POINT('',#13348);
#4091=VERTEX_POINT('',#13352);
#4092=VERTEX_POINT('',#13354);
#4093=VERTEX_POINT('',#13358);
#4094=VERTEX_POINT('',#13360);
#4095=VERTEX_POINT('',#13364);
#4096=VERTEX_POINT('',#13366);
#4097=VERTEX_POINT('',#13370);
#4098=VERTEX_POINT('',#13372);
#4099=VERTEX_POINT('',#13376);
#4100=VERTEX_POINT('',#13378);
#4101=VERTEX_POINT('',#13383);
#4102=VERTEX_POINT('',#13385);
#4103=VERTEX_POINT('',#13388);
#4104=VERTEX_POINT('',#13390);
#4105=VERTEX_POINT('',#13399);
#4106=VERTEX_POINT('',#13405);
#4107=VERTEX_POINT('',#13407);
#4108=VERTEX_POINT('',#13411);
#4109=VERTEX_POINT('',#13413);
#4110=VERTEX_POINT('',#13417);
#4111=VERTEX_POINT('',#13419);
#4112=VERTEX_POINT('',#13423);
#4113=VERTEX_POINT('',#13425);
#4114=VERTEX_POINT('',#13429);
#4115=VERTEX_POINT('',#13431);
#4116=VERTEX_POINT('',#13435);
#4117=VERTEX_POINT('',#13437);
#4118=VERTEX_POINT('',#13441);
#4119=VERTEX_POINT('',#13443);
#4120=VERTEX_POINT('',#13447);
#4121=VERTEX_POINT('',#13449);
#4122=VERTEX_POINT('',#13453);
#4123=VERTEX_POINT('',#13455);
#4124=VERTEX_POINT('',#13459);
#4125=VERTEX_POINT('',#13461);
#4126=VERTEX_POINT('',#13465);
#4127=VERTEX_POINT('',#13467);
#4128=VERTEX_POINT('',#13471);
#4129=VERTEX_POINT('',#13472);
#4130=VERTEX_POINT('',#13474);
#4131=VERTEX_POINT('',#13476);
#4132=VERTEX_POINT('',#13480);
#4133=VERTEX_POINT('',#13481);
#4134=VERTEX_POINT('',#13483);
#4135=VERTEX_POINT('',#13485);
#4136=VERTEX_POINT('',#13489);
#4137=VERTEX_POINT('',#13490);
#4138=VERTEX_POINT('',#13492);
#4139=VERTEX_POINT('',#13494);
#4140=VERTEX_POINT('',#13498);
#4141=VERTEX_POINT('',#13499);
#4142=VERTEX_POINT('',#13501);
#4143=VERTEX_POINT('',#13503);
#4144=VERTEX_POINT('',#13507);
#4145=VERTEX_POINT('',#13509);
#4146=VERTEX_POINT('',#13513);
#4147=VERTEX_POINT('',#13515);
#4148=VERTEX_POINT('',#13519);
#4149=VERTEX_POINT('',#13521);
#4150=VERTEX_POINT('',#13525);
#4151=VERTEX_POINT('',#13527);
#4152=VERTEX_POINT('',#13531);
#4153=VERTEX_POINT('',#13532);
#4154=VERTEX_POINT('',#13534);
#4155=VERTEX_POINT('',#13536);
#4156=VERTEX_POINT('',#13540);
#4157=VERTEX_POINT('',#13541);
#4158=VERTEX_POINT('',#13543);
#4159=VERTEX_POINT('',#13545);
#4160=VERTEX_POINT('',#13549);
#4161=VERTEX_POINT('',#13550);
#4162=VERTEX_POINT('',#13555);
#4163=VERTEX_POINT('',#13557);
#4164=VERTEX_POINT('',#13561);
#4165=VERTEX_POINT('',#13562);
#4166=VERTEX_POINT('',#13564);
#4167=VERTEX_POINT('',#13566);
#4168=VERTEX_POINT('',#13570);
#4169=VERTEX_POINT('',#13572);
#4170=VERTEX_POINT('',#13576);
#4171=VERTEX_POINT('',#13577);
#4172=VERTEX_POINT('',#13585);
#4173=VERTEX_POINT('',#13587);
#4174=VERTEX_POINT('',#13597);
#4175=VERTEX_POINT('',#13599);
#4176=VERTEX_POINT('',#13603);
#4177=VERTEX_POINT('',#13605);
#4178=VERTEX_POINT('',#13607);
#4179=VERTEX_POINT('',#13610);
#4180=VERTEX_POINT('',#13612);
#4181=VERTEX_POINT('',#13614);
#4182=VERTEX_POINT('',#13616);
#4183=VERTEX_POINT('',#13620);
#4184=VERTEX_POINT('',#13626);
#4185=VERTEX_POINT('',#13630);
#4186=VERTEX_POINT('',#13634);
#4187=VERTEX_POINT('',#13635);
#4188=VERTEX_POINT('',#13640);
#4189=VERTEX_POINT('',#13642);
#4190=VERTEX_POINT('',#13648);
#4191=VERTEX_POINT('',#13656);
#4192=VERTEX_POINT('',#13666);
#4193=VERTEX_POINT('',#13668);
#4194=VERTEX_POINT('',#13673);
#4195=VERTEX_POINT('',#13674);
#4196=VERTEX_POINT('',#13676);
#4197=VERTEX_POINT('',#13678);
#4198=VERTEX_POINT('',#13682);
#4199=VERTEX_POINT('',#13684);
#4200=VERTEX_POINT('',#13688);
#4201=VERTEX_POINT('',#13690);
#4202=VERTEX_POINT('',#13698);
#4203=VERTEX_POINT('',#13700);
#4204=VERTEX_POINT('',#13704);
#4205=VERTEX_POINT('',#13707);
#4206=VERTEX_POINT('',#13710);
#4207=VERTEX_POINT('',#13714);
#4208=VERTEX_POINT('',#13716);
#4209=VERTEX_POINT('',#13719);
#4210=VERTEX_POINT('',#13721);
#4211=VERTEX_POINT('',#13728);
#4212=VERTEX_POINT('',#13735);
#4213=VERTEX_POINT('',#13736);
#4214=VERTEX_POINT('',#13738);
#4215=VERTEX_POINT('',#13740);
#4216=VERTEX_POINT('',#13744);
#4217=VERTEX_POINT('',#13746);
#4218=VERTEX_POINT('',#13750);
#4219=VERTEX_POINT('',#13752);
#4220=VERTEX_POINT('',#13756);
#4221=VERTEX_POINT('',#13758);
#4222=VERTEX_POINT('',#13760);
#4223=VERTEX_POINT('',#13762);
#4224=VERTEX_POINT('',#13764);
#4225=VERTEX_POINT('',#13766);
#4226=VERTEX_POINT('',#13768);
#4227=VERTEX_POINT('',#13770);
#4228=VERTEX_POINT('',#13772);
#4229=VERTEX_POINT('',#13774);
#4230=VERTEX_POINT('',#13776);
#4231=VERTEX_POINT('',#13778);
#4232=VERTEX_POINT('',#13780);
#4233=VERTEX_POINT('',#13782);
#4234=VERTEX_POINT('',#13784);
#4235=VERTEX_POINT('',#13786);
#4236=VERTEX_POINT('',#13789);
#4237=VERTEX_POINT('',#13791);
#4238=VERTEX_POINT('',#13793);
#4239=VERTEX_POINT('',#13795);
#4240=VERTEX_POINT('',#13797);
#4241=VERTEX_POINT('',#13799);
#4242=VERTEX_POINT('',#13801);
#4243=VERTEX_POINT('',#13803);
#4244=VERTEX_POINT('',#13805);
#4245=VERTEX_POINT('',#13808);
#4246=VERTEX_POINT('',#13812);
#4247=VERTEX_POINT('',#13813);
#4248=VERTEX_POINT('',#13818);
#4249=VERTEX_POINT('',#13819);
#4250=VERTEX_POINT('',#13826);
#4251=VERTEX_POINT('',#13832);
#4252=VERTEX_POINT('',#13833);
#4253=VERTEX_POINT('',#13838);
#4254=VERTEX_POINT('',#13842);
#4255=VERTEX_POINT('',#13848);
#4256=VERTEX_POINT('',#13852);
#4257=VERTEX_POINT('',#13854);
#4258=VERTEX_POINT('',#13856);
#4259=VERTEX_POINT('',#13858);
#4260=VERTEX_POINT('',#13860);
#4261=VERTEX_POINT('',#13863);
#4262=VERTEX_POINT('',#13865);
#4263=VERTEX_POINT('',#13867);
#4264=VERTEX_POINT('',#13869);
#4265=VERTEX_POINT('',#13871);
#4266=VERTEX_POINT('',#13873);
#4267=VERTEX_POINT('',#13875);
#4268=VERTEX_POINT('',#13877);
#4269=VERTEX_POINT('',#13879);
#4270=VERTEX_POINT('',#13907);
#4271=VERTEX_POINT('',#13911);
#4272=VERTEX_POINT('',#13914);
#4273=VERTEX_POINT('',#13918);
#4274=VERTEX_POINT('',#13926);
#4275=VERTEX_POINT('',#13928);
#4276=VERTEX_POINT('',#13932);
#4277=VERTEX_POINT('',#13934);
#4278=VERTEX_POINT('',#13938);
#4279=VERTEX_POINT('',#13940);
#4280=VERTEX_POINT('',#13944);
#4281=VERTEX_POINT('',#13946);
#4282=VERTEX_POINT('',#13950);
#4283=VERTEX_POINT('',#13952);
#4284=VERTEX_POINT('',#13956);
#4285=VERTEX_POINT('',#13958);
#4286=VERTEX_POINT('',#13962);
#4287=VERTEX_POINT('',#13964);
#4288=VERTEX_POINT('',#13968);
#4289=VERTEX_POINT('',#13970);
#4290=VERTEX_POINT('',#13974);
#4291=VERTEX_POINT('',#13976);
#4292=VERTEX_POINT('',#13980);
#4293=VERTEX_POINT('',#13982);
#4294=VERTEX_POINT('',#13986);
#4295=VERTEX_POINT('',#13988);
#4296=VERTEX_POINT('',#13992);
#4297=VERTEX_POINT('',#13993);
#4298=VERTEX_POINT('',#13995);
#4299=VERTEX_POINT('',#13997);
#4300=VERTEX_POINT('',#14001);
#4301=VERTEX_POINT('',#14003);
#4302=VERTEX_POINT('',#14007);
#4303=VERTEX_POINT('',#14009);
#4304=VERTEX_POINT('',#14019);
#4305=VERTEX_POINT('',#14020);
#4306=VERTEX_POINT('',#14022);
#4307=VERTEX_POINT('',#14024);
#4308=VERTEX_POINT('',#14028);
#4309=VERTEX_POINT('',#14030);
#4310=VERTEX_POINT('',#14034);
#4311=VERTEX_POINT('',#14036);
#4312=VERTEX_POINT('',#14040);
#4313=VERTEX_POINT('',#14041);
#4314=VERTEX_POINT('',#14043);
#4315=VERTEX_POINT('',#14045);
#4316=VERTEX_POINT('',#14047);
#4317=VERTEX_POINT('',#14049);
#4318=VERTEX_POINT('',#14051);
#4319=VERTEX_POINT('',#14053);
#4320=VERTEX_POINT('',#14055);
#4321=VERTEX_POINT('',#14057);
#4322=VERTEX_POINT('',#14059);
#4323=VERTEX_POINT('',#14061);
#4324=VERTEX_POINT('',#14063);
#4325=VERTEX_POINT('',#14065);
#4326=VERTEX_POINT('',#14067);
#4327=VERTEX_POINT('',#14069);
#4328=VERTEX_POINT('',#14072);
#4329=VERTEX_POINT('',#14074);
#4330=VERTEX_POINT('',#14076);
#4331=VERTEX_POINT('',#14078);
#4332=VERTEX_POINT('',#14081);
#4333=VERTEX_POINT('',#14082);
#4334=VERTEX_POINT('',#14084);
#4335=VERTEX_POINT('',#14086);
#4336=VERTEX_POINT('',#14089);
#4337=VERTEX_POINT('',#14090);
#4338=VERTEX_POINT('',#14092);
#4339=VERTEX_POINT('',#14094);
#4340=VERTEX_POINT('',#14097);
#4341=VERTEX_POINT('',#14098);
#4342=VERTEX_POINT('',#14100);
#4343=VERTEX_POINT('',#14102);
#4344=VERTEX_POINT('',#14105);
#4345=VERTEX_POINT('',#14106);
#4346=VERTEX_POINT('',#14108);
#4347=VERTEX_POINT('',#14110);
#4348=VERTEX_POINT('',#14114);
#4349=VERTEX_POINT('',#14118);
#4350=VERTEX_POINT('',#14122);
#4351=VERTEX_POINT('',#14126);
#4352=VERTEX_POINT('',#14130);
#4353=VERTEX_POINT('',#14131);
#4354=VERTEX_POINT('',#14133);
#4355=VERTEX_POINT('',#14135);
#4356=VERTEX_POINT('',#14137);
#4357=VERTEX_POINT('',#14139);
#4358=VERTEX_POINT('',#14141);
#4359=VERTEX_POINT('',#14143);
#4360=VERTEX_POINT('',#14145);
#4361=VERTEX_POINT('',#14147);
#4362=VERTEX_POINT('',#14149);
#4363=VERTEX_POINT('',#14151);
#4364=VERTEX_POINT('',#14153);
#4365=VERTEX_POINT('',#14155);
#4366=VERTEX_POINT('',#14157);
#4367=VERTEX_POINT('',#14159);
#4368=VERTEX_POINT('',#14163);
#4369=VERTEX_POINT('',#14164);
#4370=VERTEX_POINT('',#14166);
#4371=VERTEX_POINT('',#14168);
#4372=VERTEX_POINT('',#14171);
#4373=VERTEX_POINT('',#14172);
#4374=VERTEX_POINT('',#14174);
#4375=VERTEX_POINT('',#14176);
#4376=VERTEX_POINT('',#14179);
#4377=VERTEX_POINT('',#14180);
#4378=VERTEX_POINT('',#14182);
#4379=VERTEX_POINT('',#14184);
#4380=VERTEX_POINT('',#14187);
#4381=VERTEX_POINT('',#14188);
#4382=VERTEX_POINT('',#14190);
#4383=VERTEX_POINT('',#14192);
#4384=VERTEX_POINT('',#14262);
#4385=VERTEX_POINT('',#14263);
#4386=VERTEX_POINT('',#14265);
#4387=VERTEX_POINT('',#14267);
#4388=VERTEX_POINT('',#14271);
#4389=VERTEX_POINT('',#14273);
#4390=VERTEX_POINT('',#14277);
#4391=VERTEX_POINT('',#14279);
#4392=VERTEX_POINT('',#14289);
#4393=VERTEX_POINT('',#14290);
#4394=VERTEX_POINT('',#14292);
#4395=VERTEX_POINT('',#14294);
#4396=VERTEX_POINT('',#14298);
#4397=VERTEX_POINT('',#14300);
#4398=VERTEX_POINT('',#14304);
#4399=VERTEX_POINT('',#14306);
#4400=VERTEX_POINT('',#14316);
#4401=VERTEX_POINT('',#14318);
#4402=VERTEX_POINT('',#14323);
#4403=VERTEX_POINT('',#14325);
#4404=VERTEX_POINT('',#14330);
#4405=VERTEX_POINT('',#14332);
#4406=VERTEX_POINT('',#14336);
#4407=VERTEX_POINT('',#14338);
#4408=VERTEX_POINT('',#14342);
#4409=VERTEX_POINT('',#14344);
#4410=VERTEX_POINT('',#14348);
#4411=VERTEX_POINT('',#14350);
#4412=VERTEX_POINT('',#14354);
#4413=VERTEX_POINT('',#14356);
#4414=VERTEX_POINT('',#14360);
#4415=VERTEX_POINT('',#14362);
#4416=VERTEX_POINT('',#14366);
#4417=VERTEX_POINT('',#14367);
#4418=VERTEX_POINT('',#14369);
#4419=VERTEX_POINT('',#14371);
#4420=VERTEX_POINT('',#14375);
#4421=VERTEX_POINT('',#14377);
#4422=VERTEX_POINT('',#14381);
#4423=VERTEX_POINT('',#14383);
#4424=VERTEX_POINT('',#14391);
#4425=VERTEX_POINT('',#14392);
#4426=VERTEX_POINT('',#14394);
#4427=VERTEX_POINT('',#14396);
#4428=VERTEX_POINT('',#14400);
#4429=VERTEX_POINT('',#14402);
#4430=VERTEX_POINT('',#14406);
#4431=VERTEX_POINT('',#14407);
#4432=VERTEX_POINT('',#14409);
#4433=VERTEX_POINT('',#14411);
#4434=VERTEX_POINT('',#14415);
#4435=VERTEX_POINT('',#14417);
#4436=VERTEX_POINT('',#14419);
#4437=VERTEX_POINT('',#14421);
#4438=VERTEX_POINT('',#14423);
#4439=VERTEX_POINT('',#14428);
#4440=VERTEX_POINT('',#14430);
#4441=VERTEX_POINT('',#14434);
#4442=VERTEX_POINT('',#14438);
#4443=VERTEX_POINT('',#14444);
#4444=VERTEX_POINT('',#14454);
#4445=VERTEX_POINT('',#14456);
#4446=VERTEX_POINT('',#14460);
#4447=VERTEX_POINT('',#14462);
#4448=VERTEX_POINT('',#14466);
#4449=VERTEX_POINT('',#14468);
#4450=VERTEX_POINT('',#14472);
#4451=VERTEX_POINT('',#14474);
#4452=VERTEX_POINT('',#14478);
#4453=VERTEX_POINT('',#14480);
#4454=VERTEX_POINT('',#14484);
#4455=VERTEX_POINT('',#14485);
#4456=VERTEX_POINT('',#14487);
#4457=VERTEX_POINT('',#14489);
#4458=VERTEX_POINT('',#14493);
#4459=VERTEX_POINT('',#14495);
#4460=VERTEX_POINT('',#14499);
#4461=VERTEX_POINT('',#14500);
#4462=VERTEX_POINT('',#14502);
#4463=VERTEX_POINT('',#14507);
#4464=VERTEX_POINT('',#14508);
#4465=VERTEX_POINT('',#14512);
#4466=VERTEX_POINT('',#14515);
#4467=VERTEX_POINT('',#14521);
#4468=VERTEX_POINT('',#14529);
#4469=VERTEX_POINT('',#14531);
#4470=VERTEX_POINT('',#14535);
#4471=VERTEX_POINT('',#14537);
#4472=VERTEX_POINT('',#14541);
#4473=VERTEX_POINT('',#14543);
#4474=VERTEX_POINT('',#14547);
#4475=VERTEX_POINT('',#14549);
#4476=VERTEX_POINT('',#14553);
#4477=VERTEX_POINT('',#14555);
#4478=VERTEX_POINT('',#14559);
#4479=VERTEX_POINT('',#14561);
#4480=VERTEX_POINT('',#14565);
#4481=VERTEX_POINT('',#14567);
#4482=VERTEX_POINT('',#14571);
#4483=VERTEX_POINT('',#14573);
#4484=VERTEX_POINT('',#14577);
#4485=VERTEX_POINT('',#14579);
#4486=VERTEX_POINT('',#14583);
#4487=VERTEX_POINT('',#14585);
#4488=VERTEX_POINT('',#14589);
#4489=VERTEX_POINT('',#14591);
#4490=VERTEX_POINT('',#14595);
#4491=VERTEX_POINT('',#14596);
#4492=VERTEX_POINT('',#14598);
#4493=VERTEX_POINT('',#14600);
#4494=VERTEX_POINT('',#14604);
#4495=VERTEX_POINT('',#14605);
#4496=VERTEX_POINT('',#14607);
#4497=VERTEX_POINT('',#14609);
#4498=VERTEX_POINT('',#14613);
#4499=VERTEX_POINT('',#14614);
#4500=VERTEX_POINT('',#14616);
#4501=VERTEX_POINT('',#14618);
#4502=VERTEX_POINT('',#14625);
#4503=VERTEX_POINT('',#14626);
#4504=VERTEX_POINT('',#14628);
#4505=VERTEX_POINT('',#14630);
#4506=VERTEX_POINT('',#14637);
#4507=VERTEX_POINT('',#14638);
#4508=VERTEX_POINT('',#14640);
#4509=VERTEX_POINT('',#14642);
#4510=VERTEX_POINT('',#14645);
#4511=VERTEX_POINT('',#14647);
#4512=VERTEX_POINT('',#14649);
#4513=VERTEX_POINT('',#14651);
#4514=VERTEX_POINT('',#14653);
#4515=VERTEX_POINT('',#14655);
#4516=VERTEX_POINT('',#14658);
#4517=VERTEX_POINT('',#14659);
#4518=VERTEX_POINT('',#14661);
#4519=VERTEX_POINT('',#14663);
#4520=VERTEX_POINT('',#14665);
#4521=VERTEX_POINT('',#14667);
#4522=VERTEX_POINT('',#14670);
#4523=VERTEX_POINT('',#14671);
#4524=VERTEX_POINT('',#14673);
#4525=VERTEX_POINT('',#14675);
#4526=VERTEX_POINT('',#14677);
#4527=VERTEX_POINT('',#14679);
#4528=VERTEX_POINT('',#14682);
#4529=VERTEX_POINT('',#14684);
#4530=VERTEX_POINT('',#14686);
#4531=VERTEX_POINT('',#14688);
#4532=VERTEX_POINT('',#14690);
#4533=VERTEX_POINT('',#14692);
#4534=VERTEX_POINT('',#14696);
#4535=VERTEX_POINT('',#14700);
#4536=VERTEX_POINT('',#14704);
#4537=VERTEX_POINT('',#14706);
#4538=VERTEX_POINT('',#14710);
#4539=VERTEX_POINT('',#14712);
#4540=VERTEX_POINT('',#14716);
#4541=VERTEX_POINT('',#14718);
#4542=VERTEX_POINT('',#14722);
#4543=VERTEX_POINT('',#14724);
#4544=VERTEX_POINT('',#14728);
#4545=VERTEX_POINT('',#14732);
#4546=VERTEX_POINT('',#14736);
#4547=VERTEX_POINT('',#14740);
#4548=VERTEX_POINT('',#14744);
#4549=VERTEX_POINT('',#14750);
#4550=VERTEX_POINT('',#14754);
#4551=VERTEX_POINT('',#14758);
#4552=VERTEX_POINT('',#14762);
#4553=VERTEX_POINT('',#14766);
#4554=VERTEX_POINT('',#14768);
#4555=VERTEX_POINT('',#14772);
#4556=VERTEX_POINT('',#14778);
#4557=VERTEX_POINT('',#14780);
#4558=VERTEX_POINT('',#14783);
#4559=VERTEX_POINT('',#14786);
#4560=VERTEX_POINT('',#14790);
#4561=VERTEX_POINT('',#14792);
#4562=VERTEX_POINT('',#14814);
#4563=VERTEX_POINT('',#14816);
#4564=VERTEX_POINT('',#14820);
#4565=VERTEX_POINT('',#14822);
#4566=VERTEX_POINT('',#14826);
#4567=VERTEX_POINT('',#14828);
#4568=VERTEX_POINT('',#14832);
#4569=VERTEX_POINT('',#14834);
#4570=VERTEX_POINT('',#14838);
#4571=VERTEX_POINT('',#14840);
#4572=VERTEX_POINT('',#14844);
#4573=VERTEX_POINT('',#14846);
#4574=VERTEX_POINT('',#14850);
#4575=VERTEX_POINT('',#14852);
#4576=VERTEX_POINT('',#14856);
#4577=VERTEX_POINT('',#14858);
#4578=VERTEX_POINT('',#14862);
#4579=VERTEX_POINT('',#14863);
#4580=VERTEX_POINT('',#14865);
#4581=VERTEX_POINT('',#14867);
#4582=VERTEX_POINT('',#14871);
#4583=VERTEX_POINT('',#14873);
#4584=VERTEX_POINT('',#14877);
#4585=VERTEX_POINT('',#14879);
#4586=VERTEX_POINT('',#14886);
#4587=VERTEX_POINT('',#14887);
#4588=VERTEX_POINT('',#14889);
#4589=VERTEX_POINT('',#14891);
#4590=VERTEX_POINT('',#14895);
#4591=VERTEX_POINT('',#14897);
#4592=VERTEX_POINT('',#14901);
#4593=VERTEX_POINT('',#14903);
#4594=VERTEX_POINT('',#14910);
#4595=VERTEX_POINT('',#14911);
#4596=VERTEX_POINT('',#14913);
#4597=VERTEX_POINT('',#14915);
#4598=VERTEX_POINT('',#14919);
#4599=VERTEX_POINT('',#14921);
#4600=VERTEX_POINT('',#14925);
#4601=VERTEX_POINT('',#14927);
#4602=VERTEX_POINT('',#14934);
#4603=VERTEX_POINT('',#14935);
#4604=VERTEX_POINT('',#14937);
#4605=VERTEX_POINT('',#14939);
#4606=VERTEX_POINT('',#14943);
#4607=VERTEX_POINT('',#14945);
#4608=VERTEX_POINT('',#14949);
#4609=VERTEX_POINT('',#14951);
#4610=VERTEX_POINT('',#14958);
#4611=VERTEX_POINT('',#14960);
#4612=VERTEX_POINT('',#14964);
#4613=VERTEX_POINT('',#14965);
#4614=VERTEX_POINT('',#14967);
#4615=VERTEX_POINT('',#14969);
#4616=VERTEX_POINT('',#14973);
#4617=VERTEX_POINT('',#14974);
#4618=VERTEX_POINT('',#14976);
#4619=VERTEX_POINT('',#14978);
#4620=VERTEX_POINT('',#14982);
#4621=VERTEX_POINT('',#14983);
#4622=VERTEX_POINT('',#14985);
#4623=VERTEX_POINT('',#14987);
#4624=VERTEX_POINT('',#14991);
#4625=VERTEX_POINT('',#14992);
#4626=VERTEX_POINT('',#14995);
#4627=VERTEX_POINT('',#14999);
#4628=VERTEX_POINT('',#15001);
#4629=VERTEX_POINT('',#15005);
#4630=VERTEX_POINT('',#15009);
#4631=VERTEX_POINT('',#15011);
#4632=VERTEX_POINT('',#15015);
#4633=VERTEX_POINT('',#15017);
#4634=VERTEX_POINT('',#15021);
#4635=VERTEX_POINT('',#15022);
#4636=VERTEX_POINT('',#15025);
#4637=VERTEX_POINT('',#15029);
#4638=VERTEX_POINT('',#15030);
#4639=VERTEX_POINT('',#15032);
#4640=VERTEX_POINT('',#15037);
#4641=VERTEX_POINT('',#15041);
#4642=VERTEX_POINT('',#15045);
#4643=VERTEX_POINT('',#15047);
#4644=VERTEX_POINT('',#15051);
#4645=VERTEX_POINT('',#15053);
#4646=VERTEX_POINT('',#15055);
#4647=VERTEX_POINT('',#15059);
#4648=VERTEX_POINT('',#15060);
#4649=VERTEX_POINT('',#15065);
#4650=VERTEX_POINT('',#15067);
#4651=VERTEX_POINT('',#15071);
#4652=VERTEX_POINT('',#15075);
#4653=VERTEX_POINT('',#15077);
#4654=VERTEX_POINT('',#15081);
#4655=VERTEX_POINT('',#15084);
#4656=VERTEX_POINT('',#15088);
#4657=VERTEX_POINT('',#15089);
#4658=VERTEX_POINT('',#15094);
#4659=VERTEX_POINT('',#15098);
#4660=VERTEX_POINT('',#15119);
#4661=VERTEX_POINT('',#15120);
#4662=VERTEX_POINT('',#15122);
#4663=VERTEX_POINT('',#15124);
#4664=VERTEX_POINT('',#15128);
#4665=VERTEX_POINT('',#15129);
#4666=VERTEX_POINT('',#15131);
#4667=VERTEX_POINT('',#15133);
#4668=VERTEX_POINT('',#15137);
#4669=VERTEX_POINT('',#15139);
#4670=VERTEX_POINT('',#15143);
#4671=VERTEX_POINT('',#15145);
#4672=VERTEX_POINT('',#15149);
#4673=VERTEX_POINT('',#15151);
#4674=VERTEX_POINT('',#15158);
#4675=VERTEX_POINT('',#15160);
#4676=VERTEX_POINT('',#15167);
#4677=VERTEX_POINT('',#15169);
#4678=VERTEX_POINT('',#15173);
#4679=VERTEX_POINT('',#15176);
#4680=VERTEX_POINT('',#15180);
#4681=VERTEX_POINT('',#15182);
#4682=VERTEX_POINT('',#15189);
#4683=VERTEX_POINT('',#15191);
#4684=VERTEX_POINT('',#15195);
#4685=VERTEX_POINT('',#15197);
#4686=VERTEX_POINT('',#15204);
#4687=VERTEX_POINT('',#15206);
#4688=VERTEX_POINT('',#15210);
#4689=VERTEX_POINT('',#15212);
#4690=VERTEX_POINT('',#15219);
#4691=VERTEX_POINT('',#15221);
#4692=VERTEX_POINT('',#15226);
#4693=VERTEX_POINT('',#15228);
#4694=VERTEX_POINT('',#15233);
#4695=VERTEX_POINT('',#15235);
#4696=VERTEX_POINT('',#15240);
#4697=VERTEX_POINT('',#15242);
#4698=VERTEX_POINT('',#15247);
#4699=VERTEX_POINT('',#15249);
#4700=VERTEX_POINT('',#15254);
#4701=VERTEX_POINT('',#15256);
#4702=VERTEX_POINT('',#15261);
#4703=VERTEX_POINT('',#15263);
#4704=VERTEX_POINT('',#15268);
#4705=VERTEX_POINT('',#15270);
#4706=VERTEX_POINT('',#15275);
#4707=VERTEX_POINT('',#15277);
#4708=VERTEX_POINT('',#15284);
#4709=VERTEX_POINT('',#15286);
#4710=VERTEX_POINT('',#15293);
#4711=VERTEX_POINT('',#15295);
#4712=VERTEX_POINT('',#15299);
#4713=VERTEX_POINT('',#15301);
#4714=VERTEX_POINT('',#15305);
#4715=VERTEX_POINT('',#15307);
#4716=VERTEX_POINT('',#15311);
#4717=VERTEX_POINT('',#15313);
#4718=VERTEX_POINT('',#15317);
#4719=VERTEX_POINT('',#15319);
#4720=VERTEX_POINT('',#15323);
#4721=VERTEX_POINT('',#15325);
#4722=VERTEX_POINT('',#15332);
#4723=VERTEX_POINT('',#15334);
#4724=VERTEX_POINT('',#15338);
#4725=VERTEX_POINT('',#15340);
#4726=VERTEX_POINT('',#15344);
#4727=VERTEX_POINT('',#15346);
#4728=VERTEX_POINT('',#15350);
#4729=VERTEX_POINT('',#15352);
#4730=VERTEX_POINT('',#15356);
#4731=VERTEX_POINT('',#15358);
#4732=VERTEX_POINT('',#15362);
#4733=VERTEX_POINT('',#15364);
#4734=VERTEX_POINT('',#15371);
#4735=VERTEX_POINT('',#15373);
#4736=VERTEX_POINT('',#15380);
#4737=VERTEX_POINT('',#15382);
#4738=VERTEX_POINT('',#15386);
#4739=VERTEX_POINT('',#15388);
#4740=VERTEX_POINT('',#15392);
#4741=VERTEX_POINT('',#15394);
#4742=VERTEX_POINT('',#15398);
#4743=VERTEX_POINT('',#15400);
#4744=VERTEX_POINT('',#15404);
#4745=VERTEX_POINT('',#15405);
#4746=VERTEX_POINT('',#15407);
#4747=VERTEX_POINT('',#15409);
#4748=VERTEX_POINT('',#15413);
#4749=VERTEX_POINT('',#15415);
#4750=VERTEX_POINT('',#15419);
#4751=VERTEX_POINT('',#15421);
#4752=VERTEX_POINT('',#15431);
#4753=VERTEX_POINT('',#15433);
#4754=VERTEX_POINT('',#15437);
#4755=VERTEX_POINT('',#15439);
#4756=VERTEX_POINT('',#15446);
#4757=VERTEX_POINT('',#15447);
#4758=VERTEX_POINT('',#15449);
#4759=VERTEX_POINT('',#15451);
#4760=VERTEX_POINT('',#15455);
#4761=VERTEX_POINT('',#15456);
#4762=VERTEX_POINT('',#15458);
#4763=VERTEX_POINT('',#15460);
#4764=VERTEX_POINT('',#15473);
#4765=VERTEX_POINT('',#15475);
#4766=VERTEX_POINT('',#15479);
#4767=VERTEX_POINT('',#15481);
#4768=VERTEX_POINT('',#15488);
#4769=VERTEX_POINT('',#15490);
#4770=VERTEX_POINT('',#15494);
#4771=VERTEX_POINT('',#15496);
#4772=VERTEX_POINT('',#15503);
#4773=VERTEX_POINT('',#15505);
#4774=VERTEX_POINT('',#15509);
#4775=VERTEX_POINT('',#15511);
#4776=VERTEX_POINT('',#15518);
#4777=VERTEX_POINT('',#15520);
#4778=VERTEX_POINT('',#15524);
#4779=VERTEX_POINT('',#15526);
#4780=VERTEX_POINT('',#15533);
#4781=VERTEX_POINT('',#15535);
#4782=VERTEX_POINT('',#15542);
#4783=VERTEX_POINT('',#15544);
#4784=VERTEX_POINT('',#15551);
#4785=VERTEX_POINT('',#15553);
#4786=VERTEX_POINT('',#15557);
#4787=VERTEX_POINT('',#15559);
#4788=VERTEX_POINT('',#15563);
#4789=VERTEX_POINT('',#15564);
#4790=VERTEX_POINT('',#15566);
#4791=VERTEX_POINT('',#15568);
#4792=VERTEX_POINT('',#15572);
#4793=VERTEX_POINT('',#15574);
#4794=VERTEX_POINT('',#15578);
#4795=VERTEX_POINT('',#15580);
#4796=VERTEX_POINT('',#15590);
#4797=VERTEX_POINT('',#15592);
#4798=VERTEX_POINT('',#15596);
#4799=VERTEX_POINT('',#15598);
#4800=VERTEX_POINT('',#15602);
#4801=VERTEX_POINT('',#15603);
#4802=VERTEX_POINT('',#15605);
#4803=VERTEX_POINT('',#15607);
#4804=VERTEX_POINT('',#15611);
#4805=VERTEX_POINT('',#15613);
#4806=VERTEX_POINT('',#15617);
#4807=VERTEX_POINT('',#15619);
#4808=VERTEX_POINT('',#15629);
#4809=VERTEX_POINT('',#15630);
#4810=VERTEX_POINT('',#15632);
#4811=VERTEX_POINT('',#15634);
#4812=VERTEX_POINT('',#15638);
#4813=VERTEX_POINT('',#15640);
#4814=VERTEX_POINT('',#15644);
#4815=VERTEX_POINT('',#15646);
#4816=VERTEX_POINT('',#15656);
#4817=VERTEX_POINT('',#15658);
#4818=VERTEX_POINT('',#15662);
#4819=VERTEX_POINT('',#15664);
#4820=VERTEX_POINT('',#15671);
#4821=VERTEX_POINT('',#15673);
#4822=VERTEX_POINT('',#15677);
#4823=VERTEX_POINT('',#15679);
#4824=VERTEX_POINT('',#15686);
#4825=VERTEX_POINT('',#15688);
#4826=VERTEX_POINT('',#15692);
#4827=VERTEX_POINT('',#15694);
#4828=EDGE_CURVE('',#4058,#4058,#3678,.T.);
#4829=EDGE_CURVE('',#4058,#4059,#2120,.T.);
#4830=EDGE_CURVE('',#4059,#4059,#3679,.T.);
#4831=EDGE_CURVE('',#4060,#4060,#3680,.T.);
#4832=EDGE_CURVE('',#4060,#4061,#2121,.T.);
#4833=EDGE_CURVE('',#4061,#4061,#3681,.T.);
#4834=EDGE_CURVE('',#4062,#4062,#3682,.T.);
#4835=EDGE_CURVE('',#4062,#4063,#2122,.T.);
#4836=EDGE_CURVE('',#4063,#4063,#3683,.T.);
#4837=EDGE_CURVE('',#4064,#4064,#3684,.T.);
#4838=EDGE_CURVE('',#4064,#4065,#2123,.T.);
#4839=EDGE_CURVE('',#4065,#4065,#3685,.T.);
#4840=EDGE_CURVE('',#4066,#4066,#3686,.T.);
#4841=EDGE_CURVE('',#4066,#4067,#2124,.T.);
#4842=EDGE_CURVE('',#4067,#4067,#3687,.T.);
#4843=EDGE_CURVE('',#4068,#4068,#3688,.T.);
#4844=EDGE_CURVE('',#4068,#4069,#2125,.T.);
#4845=EDGE_CURVE('',#4069,#4069,#3689,.T.);
#4846=EDGE_CURVE('',#4070,#4070,#3690,.T.);
#4847=EDGE_CURVE('',#4070,#4071,#2126,.T.);
#4848=EDGE_CURVE('',#4071,#4071,#3691,.T.);
#4849=EDGE_CURVE('',#4072,#4072,#3692,.T.);
#4850=EDGE_CURVE('',#4072,#4073,#2127,.T.);
#4851=EDGE_CURVE('',#4073,#4073,#3693,.T.);
#4852=EDGE_CURVE('',#4074,#4075,#2128,.T.);
#4853=EDGE_CURVE('',#4076,#4074,#2129,.T.);
#4854=EDGE_CURVE('',#4076,#4077,#2130,.T.);
#4855=EDGE_CURVE('',#4075,#4077,#2131,.T.);
#4856=EDGE_CURVE('',#4078,#4076,#2132,.T.);
#4857=EDGE_CURVE('',#4078,#4079,#2133,.T.);
#4858=EDGE_CURVE('',#4077,#4079,#2134,.T.);
#4859=EDGE_CURVE('',#4080,#4081,#2135,.T.);
#4860=EDGE_CURVE('',#4079,#4080,#2136,.T.);
#4861=EDGE_CURVE('',#4081,#4078,#2137,.T.);
#4862=EDGE_CURVE('',#4082,#4082,#3694,.T.);
#4863=EDGE_CURVE('',#4080,#4075,#3695,.T.);
#4864=EDGE_CURVE('',#4083,#4083,#3696,.T.);
#4865=EDGE_CURVE('',#4084,#4084,#3697,.T.);
#4866=EDGE_CURVE('',#4085,#4085,#3698,.T.);
#4867=EDGE_CURVE('',#4086,#4086,#3699,.T.);
#4868=EDGE_CURVE('',#4087,#4087,#3700,.T.);
#4869=EDGE_CURVE('',#4087,#4086,#2138,.T.);
#4870=EDGE_CURVE('',#4088,#4088,#3701,.T.);
#4871=EDGE_CURVE('',#4088,#4085,#2139,.T.);
#4872=EDGE_CURVE('',#4089,#4089,#3702,.T.);
#4873=EDGE_CURVE('',#4089,#4084,#2140,.T.);
#4874=EDGE_CURVE('',#4090,#4090,#3703,.T.);
#4875=EDGE_CURVE('',#4090,#4083,#2141,.T.);
#4876=EDGE_CURVE('',#4091,#4091,#3704,.T.);
#4877=EDGE_CURVE('',#4091,#4092,#2142,.T.);
#4878=EDGE_CURVE('',#4092,#4092,#3705,.T.);
#4879=EDGE_CURVE('',#4093,#4093,#3706,.T.);
#4880=EDGE_CURVE('',#4093,#4094,#2143,.T.);
#4881=EDGE_CURVE('',#4094,#4094,#3707,.T.);
#4882=EDGE_CURVE('',#4095,#4095,#3708,.T.);
#4883=EDGE_CURVE('',#4095,#4096,#2144,.T.);
#4884=EDGE_CURVE('',#4096,#4096,#3709,.T.);
#4885=EDGE_CURVE('',#4097,#4097,#3710,.T.);
#4886=EDGE_CURVE('',#4097,#4098,#2145,.T.);
#4887=EDGE_CURVE('',#4098,#4098,#3711,.T.);
#4888=EDGE_CURVE('',#4099,#4099,#3712,.T.);
#4889=EDGE_CURVE('',#4100,#4100,#3713,.T.);
#4890=EDGE_CURVE('',#4082,#4099,#2146,.T.);
#4891=EDGE_CURVE('',#4101,#4101,#3714,.T.);
#4892=EDGE_CURVE('',#4102,#4102,#3715,.T.);
#4893=EDGE_CURVE('',#4103,#4103,#3716,.T.);
#4894=EDGE_CURVE('',#4104,#4104,#3717,.T.);
#4895=EDGE_CURVE('',#4103,#4101,#2147,.T.);
#4896=EDGE_CURVE('',#4100,#4104,#2148,.T.);
#4897=EDGE_CURVE('',#4074,#4081,#3718,.T.);
#4898=EDGE_CURVE('',#4102,#4105,#2149,.T.);
#4899=EDGE_CURVE('',#4105,#4105,#3719,.T.);
#4900=EDGE_CURVE('',#4106,#4106,#3720,.T.);
#4901=EDGE_CURVE('',#4106,#4107,#2150,.T.);
#4902=EDGE_CURVE('',#4107,#4107,#3721,.T.);
#4903=EDGE_CURVE('',#4108,#4108,#3722,.T.);
#4904=EDGE_CURVE('',#4108,#4109,#2151,.T.);
#4905=EDGE_CURVE('',#4109,#4109,#3723,.T.);
#4906=EDGE_CURVE('',#4110,#4110,#3724,.T.);
#4907=EDGE_CURVE('',#4110,#4111,#2152,.T.);
#4908=EDGE_CURVE('',#4111,#4111,#3725,.T.);
#4909=EDGE_CURVE('',#4112,#4112,#3726,.T.);
#4910=EDGE_CURVE('',#4112,#4113,#2153,.T.);
#4911=EDGE_CURVE('',#4113,#4113,#3727,.T.);
#4912=EDGE_CURVE('',#4114,#4114,#3728,.T.);
#4913=EDGE_CURVE('',#4114,#4115,#2154,.T.);
#4914=EDGE_CURVE('',#4115,#4115,#3729,.T.);
#4915=EDGE_CURVE('',#4116,#4116,#3730,.T.);
#4916=EDGE_CURVE('',#4116,#4117,#2155,.T.);
#4917=EDGE_CURVE('',#4117,#4117,#3731,.T.);
#4918=EDGE_CURVE('',#4118,#4118,#3732,.T.);
#4919=EDGE_CURVE('',#4118,#4119,#2156,.T.);
#4920=EDGE_CURVE('',#4119,#4119,#3733,.T.);
#4921=EDGE_CURVE('',#4120,#4120,#3734,.T.);
#4922=EDGE_CURVE('',#4120,#4121,#2157,.T.);
#4923=EDGE_CURVE('',#4121,#4121,#3735,.T.);
#4924=EDGE_CURVE('',#4122,#4122,#3736,.T.);
#4925=EDGE_CURVE('',#4122,#4123,#2158,.T.);
#4926=EDGE_CURVE('',#4123,#4123,#3737,.T.);
#4927=EDGE_CURVE('',#4124,#4124,#3738,.T.);
#4928=EDGE_CURVE('',#4124,#4125,#2159,.T.);
#4929=EDGE_CURVE('',#4125,#4125,#3739,.T.);
#4930=EDGE_CURVE('',#4126,#4126,#3740,.T.);
#4931=EDGE_CURVE('',#4126,#4127,#2160,.T.);
#4932=EDGE_CURVE('',#4127,#4127,#3741,.T.);
#4933=EDGE_CURVE('',#4128,#4129,#2161,.T.);
#4934=EDGE_CURVE('',#4130,#4128,#3742,.T.);
#4935=EDGE_CURVE('',#4131,#4130,#2162,.T.);
#4936=EDGE_CURVE('',#4129,#4131,#3743,.T.);
#4937=EDGE_CURVE('',#4132,#4133,#2163,.T.);
#4938=EDGE_CURVE('',#4134,#4132,#3744,.T.);
#4939=EDGE_CURVE('',#4135,#4134,#2164,.T.);
#4940=EDGE_CURVE('',#4133,#4135,#3745,.T.);
#4941=EDGE_CURVE('',#4136,#4137,#2165,.T.);
#4942=EDGE_CURVE('',#4138,#4136,#3746,.T.);
#4943=EDGE_CURVE('',#4139,#4138,#2166,.T.);
#4944=EDGE_CURVE('',#4137,#4139,#3747,.T.);
#4945=EDGE_CURVE('',#4140,#4141,#2167,.T.);
#4946=EDGE_CURVE('',#4142,#4140,#3748,.T.);
#4947=EDGE_CURVE('',#4143,#4142,#2168,.T.);
#4948=EDGE_CURVE('',#4141,#4143,#3749,.T.);
#4949=EDGE_CURVE('',#4141,#4144,#2169,.T.);
#4950=EDGE_CURVE('',#4145,#4144,#2170,.T.);
#4951=EDGE_CURVE('',#4140,#4145,#2171,.T.);
#4952=EDGE_CURVE('',#4138,#4146,#2172,.T.);
#4953=EDGE_CURVE('',#4147,#4146,#2173,.T.);
#4954=EDGE_CURVE('',#4139,#4147,#2174,.T.);
#4955=EDGE_CURVE('',#4133,#4148,#2175,.T.);
#4956=EDGE_CURVE('',#4149,#4148,#2176,.T.);
#4957=EDGE_CURVE('',#4132,#4149,#2177,.T.);
#4958=EDGE_CURVE('',#4130,#4150,#2178,.T.);
#4959=EDGE_CURVE('',#4151,#4150,#2179,.T.);
#4960=EDGE_CURVE('',#4131,#4151,#2180,.T.);
#4961=EDGE_CURVE('',#4152,#4153,#2181,.T.);
#4962=EDGE_CURVE('',#4154,#4152,#2182,.T.);
#4963=EDGE_CURVE('',#4154,#4155,#2183,.T.);
#4964=EDGE_CURVE('',#4155,#4153,#2184,.T.);
#4965=EDGE_CURVE('',#4156,#4157,#2185,.T.);
#4966=EDGE_CURVE('',#4156,#4158,#2186,.T.);
#4967=EDGE_CURVE('',#4158,#4159,#2187,.T.);
#4968=EDGE_CURVE('',#4157,#4159,#2188,.T.);
#4969=EDGE_CURVE('',#4160,#4161,#2189,.T.);
#4970=EDGE_CURVE('',#4153,#4160,#2190,.T.);
#4971=EDGE_CURVE('',#4155,#4161,#2191,.T.);
#4972=EDGE_CURVE('',#4162,#4129,#2192,.T.);
#4973=EDGE_CURVE('',#4163,#4162,#2193,.T.);
#4974=EDGE_CURVE('',#4163,#4128,#2194,.T.);
#4975=EDGE_CURVE('',#4164,#4165,#2195,.T.);
#4976=EDGE_CURVE('',#4166,#4164,#2196,.T.);
#4977=EDGE_CURVE('',#4167,#4166,#2197,.T.);
#4978=EDGE_CURVE('',#4167,#4165,#2198,.T.);
#4979=EDGE_CURVE('',#4168,#4142,#2199,.T.);
#4980=EDGE_CURVE('',#4169,#4168,#2200,.T.);
#4981=EDGE_CURVE('',#4169,#4143,#2201,.T.);
#4982=EDGE_CURVE('',#4170,#4171,#2202,.T.);
#4983=EDGE_CURVE('',#4170,#4154,#2203,.T.);
#4984=EDGE_CURVE('',#4171,#4152,#2204,.T.);
#4985=EDGE_CURVE('',#4159,#4166,#2205,.T.);
#4986=EDGE_CURVE('',#4158,#4167,#2206,.T.);
#4987=EDGE_CURVE('',#4172,#4137,#2207,.T.);
#4988=EDGE_CURVE('',#4173,#4172,#2208,.T.);
#4989=EDGE_CURVE('',#4173,#4136,#2209,.T.);
#4990=EDGE_CURVE('',#4173,#4146,#3750,.T.);
#4991=EDGE_CURVE('',#4147,#4172,#3751,.T.);
#4992=EDGE_CURVE('',#4151,#4162,#3752,.T.);
#4993=EDGE_CURVE('',#4163,#4150,#3753,.T.);
#4994=EDGE_CURVE('',#4174,#4171,#3754,.T.);
#4995=EDGE_CURVE('',#4174,#4175,#2210,.T.);
#4996=EDGE_CURVE('',#4170,#4175,#3755,.T.);
#4997=EDGE_CURVE('',#4176,#4175,#2211,.T.);
#4998=EDGE_CURVE('',#4177,#4176,#2212,.T.);
#4999=EDGE_CURVE('',#4178,#4177,#2213,.T.);
#5000=EDGE_CURVE('',#4178,#4165,#3756,.T.);
#5001=EDGE_CURVE('',#4156,#4179,#3757,.T.);
#5002=EDGE_CURVE('',#4180,#4179,#2214,.T.);
#5003=EDGE_CURVE('',#4181,#4180,#2215,.T.);
#5004=EDGE_CURVE('',#4182,#4181,#2216,.T.);
#5005=EDGE_CURVE('',#4182,#4161,#3758,.T.);
#5006=EDGE_CURVE('',#4169,#4144,#3759,.T.);
#5007=EDGE_CURVE('',#4183,#4135,#2217,.T.);
#5008=EDGE_CURVE('',#4183,#4148,#3760,.T.);
#5009=EDGE_CURVE('',#4145,#4168,#3761,.T.);
#5010=EDGE_CURVE('',#4178,#4184,#2218,.T.);
#5011=EDGE_CURVE('',#4164,#4184,#3762,.T.);
#5012=EDGE_CURVE('',#4185,#4157,#3763,.T.);
#5013=EDGE_CURVE('',#4185,#4179,#2219,.T.);
#5014=EDGE_CURVE('',#4186,#4187,#2220,.T.);
#5015=EDGE_CURVE('',#4177,#4186,#2221,.T.);
#5016=EDGE_CURVE('',#4176,#4187,#2222,.T.);
#5017=EDGE_CURVE('',#4182,#4188,#2223,.T.);
#5018=EDGE_CURVE('',#4181,#4189,#2224,.T.);
#5019=EDGE_CURVE('',#4188,#4189,#2225,.T.);
#5020=EDGE_CURVE('',#4187,#4174,#2226,.T.);
#5021=EDGE_CURVE('',#4190,#4185,#2227,.T.);
#5022=EDGE_CURVE('',#4180,#4190,#2228,.T.);
#5023=EDGE_CURVE('',#4184,#4186,#2229,.T.);
#5024=EDGE_CURVE('',#4189,#4190,#2230,.T.);
#5025=EDGE_CURVE('',#4191,#4134,#2231,.T.);
#5026=EDGE_CURVE('',#4183,#4191,#2232,.T.);
#5027=EDGE_CURVE('',#4149,#4191,#3764,.T.);
#5028=EDGE_CURVE('',#4160,#4188,#3765,.T.);
#5029=EDGE_CURVE('',#4192,#4192,#3766,.T.);
#5030=EDGE_CURVE('',#4192,#4193,#2233,.T.);
#5031=EDGE_CURVE('',#4193,#4193,#3767,.T.);
#5032=EDGE_CURVE('',#4194,#4195,#2234,.T.);
#5033=EDGE_CURVE('',#4194,#4196,#2235,.T.);
#5034=EDGE_CURVE('',#4197,#4196,#2236,.T.);
#5035=EDGE_CURVE('',#4195,#4197,#2237,.T.);
#5036=EDGE_CURVE('',#4195,#4198,#3768,.T.);
#5037=EDGE_CURVE('',#4197,#4199,#2238,.T.);
#5038=EDGE_CURVE('',#4199,#4198,#2239,.T.);
#5039=EDGE_CURVE('',#4198,#4200,#2240,.T.);
#5040=EDGE_CURVE('',#4199,#4201,#2241,.T.);
#5041=EDGE_CURVE('',#4201,#4200,#2242,.T.);
#5042=EDGE_CURVE('',#4196,#4201,#2243,.T.);
#5043=EDGE_CURVE('',#4200,#4194,#3769,.T.);
#5044=EDGE_CURVE('',#4202,#4202,#3770,.T.);
#5045=EDGE_CURVE('',#4202,#4203,#2244,.T.);
#5046=EDGE_CURVE('',#4203,#4203,#3771,.T.);
#5047=EDGE_CURVE('',#4204,#4204,#3772,.T.);
#5048=EDGE_CURVE('',#4205,#4205,#3773,.T.);
#5049=EDGE_CURVE('',#4206,#4206,#3774,.T.);
#5050=EDGE_CURVE('',#4206,#4205,#2245,.T.);
#5051=EDGE_CURVE('',#4207,#4207,#3775,.T.);
#5052=EDGE_CURVE('',#4208,#4208,#3776,.T.);
#5053=EDGE_CURVE('',#4209,#4209,#3777,.T.);
#5054=EDGE_CURVE('',#4210,#4210,#3778,.T.);
#5055=EDGE_CURVE('',#4209,#4207,#2246,.T.);
#5056=EDGE_CURVE('',#4204,#4210,#2247,.T.);
#5057=EDGE_CURVE('',#4208,#4211,#2248,.T.);
#5058=EDGE_CURVE('',#4211,#4211,#3779,.T.);
#5059=EDGE_CURVE('',#4212,#4213,#2249,.T.);
#5060=EDGE_CURVE('',#4212,#4214,#2250,.T.);
#5061=EDGE_CURVE('',#4215,#4214,#2251,.T.);
#5062=EDGE_CURVE('',#4213,#4215,#2252,.T.);
#5063=EDGE_CURVE('',#4216,#4212,#2253,.T.);
#5064=EDGE_CURVE('',#4217,#4216,#2254,.T.);
#5065=EDGE_CURVE('',#4214,#4217,#2255,.T.);
#5066=EDGE_CURVE('',#4213,#4218,#2256,.T.);
#5067=EDGE_CURVE('',#4219,#4215,#2257,.T.);
#5068=EDGE_CURVE('',#4218,#4219,#2258,.T.);
#5069=EDGE_CURVE('',#4217,#4220,#2259,.T.);
#5070=EDGE_CURVE('',#4220,#4221,#2260,.T.);
#5071=EDGE_CURVE('',#4221,#4222,#2261,.T.);
#5072=EDGE_CURVE('',#4222,#4223,#2262,.T.);
#5073=EDGE_CURVE('',#4223,#4224,#2263,.T.);
#5074=EDGE_CURVE('',#4224,#4225,#2264,.T.);
#5075=EDGE_CURVE('',#4225,#4226,#2265,.T.);
#5076=EDGE_CURVE('',#4226,#4227,#2266,.T.);
#5077=EDGE_CURVE('',#4227,#4228,#2267,.T.);
#5078=EDGE_CURVE('',#4228,#4229,#2268,.T.);
#5079=EDGE_CURVE('',#4229,#4230,#2269,.T.);
#5080=EDGE_CURVE('',#4230,#4231,#2270,.T.);
#5081=EDGE_CURVE('',#4231,#4232,#2271,.T.);
#5082=EDGE_CURVE('',#4232,#4233,#2272,.T.);
#5083=EDGE_CURVE('',#4233,#4234,#2273,.T.);
#5084=EDGE_CURVE('',#4234,#4235,#2274,.T.);
#5085=EDGE_CURVE('',#4235,#4219,#2275,.T.);
#5086=EDGE_CURVE('',#4236,#4236,#3780,.T.);
#5087=EDGE_CURVE('',#4237,#4237,#3781,.T.);
#5088=EDGE_CURVE('',#4238,#4238,#3782,.T.);
#5089=EDGE_CURVE('',#4239,#4239,#3783,.T.);
#5090=EDGE_CURVE('',#4240,#4240,#3784,.T.);
#5091=EDGE_CURVE('',#4241,#4241,#3785,.T.);
#5092=EDGE_CURVE('',#4242,#4242,#3786,.T.);
#5093=EDGE_CURVE('',#4243,#4243,#3787,.T.);
#5094=EDGE_CURVE('',#4244,#4244,#3788,.T.);
#5095=EDGE_CURVE('',#4216,#4245,#2276,.T.);
#5096=EDGE_CURVE('',#4245,#4220,#2277,.T.);
#5097=EDGE_CURVE('',#4246,#4247,#2278,.T.);
#5098=EDGE_CURVE('',#4224,#4246,#2279,.T.);
#5099=EDGE_CURVE('',#4247,#4223,#2280,.T.);
#5100=EDGE_CURVE('',#4248,#4249,#2281,.T.);
#5101=EDGE_CURVE('',#4248,#4222,#2282,.T.);
#5102=EDGE_CURVE('',#4249,#4221,#2283,.T.);
#5103=EDGE_CURVE('',#4247,#4248,#2284,.T.);
#5104=EDGE_CURVE('',#4246,#4250,#2285,.T.);
#5105=EDGE_CURVE('',#4250,#4225,#2286,.T.);
#5106=EDGE_CURVE('',#4245,#4249,#2287,.T.);
#5107=EDGE_CURVE('',#4251,#4252,#2288,.T.);
#5108=EDGE_CURVE('',#4251,#4227,#2289,.T.);
#5109=EDGE_CURVE('',#4252,#4226,#2290,.T.);
#5110=EDGE_CURVE('',#4253,#4251,#2291,.T.);
#5111=EDGE_CURVE('',#4253,#4228,#2292,.T.);
#5112=EDGE_CURVE('',#4254,#4253,#2293,.T.);
#5113=EDGE_CURVE('',#4229,#4254,#2294,.T.);
#5114=EDGE_CURVE('',#4250,#4252,#2295,.T.);
#5115=EDGE_CURVE('',#4254,#4255,#2296,.T.);
#5116=EDGE_CURVE('',#4255,#4230,#2297,.T.);
#5117=EDGE_CURVE('',#4256,#4218,#2298,.T.);
#5118=EDGE_CURVE('',#4257,#4256,#2299,.T.);
#5119=EDGE_CURVE('',#4257,#4258,#2300,.T.);
#5120=EDGE_CURVE('',#4258,#4259,#2301,.T.);
#5121=EDGE_CURVE('',#4259,#4260,#2302,.T.);
#5122=EDGE_CURVE('',#4255,#4260,#2303,.T.);
#5123=EDGE_CURVE('',#4261,#4261,#3789,.T.);
#5124=EDGE_CURVE('',#4262,#4262,#3790,.T.);
#5125=EDGE_CURVE('',#4263,#4263,#3791,.T.);
#5126=EDGE_CURVE('',#4264,#4264,#3792,.T.);
#5127=EDGE_CURVE('',#4265,#4265,#3793,.T.);
#5128=EDGE_CURVE('',#4266,#4266,#3794,.T.);
#5129=EDGE_CURVE('',#4267,#4267,#3795,.T.);
#5130=EDGE_CURVE('',#4268,#4268,#3796,.T.);
#5131=EDGE_CURVE('',#4269,#4269,#3797,.T.);
#5132=EDGE_CURVE('',#4259,#4232,#2304,.T.);
#5133=EDGE_CURVE('',#4260,#4231,#2305,.T.);
#5134=EDGE_CURVE('',#4258,#4233,#2306,.T.);
#5135=EDGE_CURVE('',#4234,#4257,#2307,.T.);
#5136=EDGE_CURVE('',#4256,#4235,#2308,.T.);
#5137=EDGE_CURVE('',#4269,#4244,#2309,.T.);
#5138=EDGE_CURVE('',#4268,#4243,#2310,.T.);
#5139=EDGE_CURVE('',#4267,#4242,#2311,.T.);
#5140=EDGE_CURVE('',#4266,#4241,#2312,.T.);
#5141=EDGE_CURVE('',#4265,#4240,#2313,.T.);
#5142=EDGE_CURVE('',#4264,#4239,#2314,.T.);
#5143=EDGE_CURVE('',#4263,#4238,#2315,.T.);
#5144=EDGE_CURVE('',#4262,#4237,#2316,.T.);
#5145=EDGE_CURVE('',#4270,#4270,#3798,.T.);
#5146=EDGE_CURVE('',#4270,#4236,#2317,.T.);
#5147=EDGE_CURVE('',#4271,#4271,#3799,.T.);
#5148=EDGE_CURVE('',#4261,#4272,#2318,.T.);
#5149=EDGE_CURVE('',#4272,#4272,#3800,.T.);
#5150=EDGE_CURVE('',#4273,#4273,#3801,.T.);
#5151=EDGE_CURVE('',#4273,#4271,#2319,.T.);
#5152=EDGE_CURVE('',#4274,#4274,#3802,.T.);
#5153=EDGE_CURVE('',#4274,#4275,#2320,.T.);
#5154=EDGE_CURVE('',#4275,#4275,#3803,.T.);
#5155=EDGE_CURVE('',#4276,#4276,#3804,.T.);
#5156=EDGE_CURVE('',#4276,#4277,#2321,.T.);
#5157=EDGE_CURVE('',#4277,#4277,#3805,.T.);
#5158=EDGE_CURVE('',#4278,#4278,#3806,.T.);
#5159=EDGE_CURVE('',#4278,#4279,#2322,.T.);
#5160=EDGE_CURVE('',#4279,#4279,#3807,.T.);
#5161=EDGE_CURVE('',#4280,#4280,#3808,.T.);
#5162=EDGE_CURVE('',#4280,#4281,#2323,.T.);
#5163=EDGE_CURVE('',#4281,#4281,#3809,.T.);
#5164=EDGE_CURVE('',#4282,#4282,#3810,.T.);
#5165=EDGE_CURVE('',#4282,#4283,#2324,.T.);
#5166=EDGE_CURVE('',#4283,#4283,#3811,.T.);
#5167=EDGE_CURVE('',#4284,#4284,#3812,.T.);
#5168=EDGE_CURVE('',#4284,#4285,#2325,.T.);
#5169=EDGE_CURVE('',#4285,#4285,#3813,.T.);
#5170=EDGE_CURVE('',#4286,#4286,#3814,.T.);
#5171=EDGE_CURVE('',#4286,#4287,#2326,.T.);
#5172=EDGE_CURVE('',#4287,#4287,#3815,.T.);
#5173=EDGE_CURVE('',#4288,#4288,#3816,.T.);
#5174=EDGE_CURVE('',#4288,#4289,#2327,.T.);
#5175=EDGE_CURVE('',#4289,#4289,#3817,.T.);
#5176=EDGE_CURVE('',#4290,#4290,#3818,.T.);
#5177=EDGE_CURVE('',#4290,#4291,#2328,.T.);
#5178=EDGE_CURVE('',#4291,#4291,#3819,.T.);
#5179=EDGE_CURVE('',#4292,#4292,#3820,.T.);
#5180=EDGE_CURVE('',#4292,#4293,#2329,.T.);
#5181=EDGE_CURVE('',#4293,#4293,#3821,.T.);
#5182=EDGE_CURVE('',#4294,#4294,#3822,.T.);
#5183=EDGE_CURVE('',#4294,#4295,#2330,.T.);
#5184=EDGE_CURVE('',#4295,#4295,#3823,.T.);
#5185=EDGE_CURVE('',#4296,#4297,#2331,.T.);
#5186=EDGE_CURVE('',#4297,#4298,#2332,.T.);
#5187=EDGE_CURVE('',#4299,#4298,#2333,.T.);
#5188=EDGE_CURVE('',#4296,#4299,#2334,.T.);
#5189=EDGE_CURVE('',#4300,#4296,#2335,.T.);
#5190=EDGE_CURVE('',#4301,#4299,#2336,.T.);
#5191=EDGE_CURVE('',#4300,#4301,#2337,.T.);
#5192=EDGE_CURVE('',#4302,#4300,#2338,.T.);
#5193=EDGE_CURVE('',#4303,#4301,#2339,.T.);
#5194=EDGE_CURVE('',#4302,#4303,#2340,.T.);
#5195=EDGE_CURVE('',#4297,#4302,#2341,.T.);
#5196=EDGE_CURVE('',#4298,#4303,#2342,.T.);
#5197=EDGE_CURVE('',#4304,#4305,#2343,.T.);
#5198=EDGE_CURVE('',#4306,#4304,#3824,.T.);
#5199=EDGE_CURVE('',#4307,#4306,#2344,.T.);
#5200=EDGE_CURVE('',#4305,#4307,#3825,.T.);
#5201=EDGE_CURVE('',#4308,#4306,#3826,.T.);
#5202=EDGE_CURVE('',#4308,#4309,#2345,.T.);
#5203=EDGE_CURVE('',#4307,#4309,#3827,.T.);
#5204=EDGE_CURVE('',#4310,#4305,#3828,.T.);
#5205=EDGE_CURVE('',#4310,#4311,#2346,.T.);
#5206=EDGE_CURVE('',#4304,#4311,#3829,.T.);
#5207=EDGE_CURVE('',#4312,#4313,#3830,.T.);
#5208=EDGE_CURVE('',#4313,#4314,#2347,.T.);
#5209=EDGE_CURVE('',#4314,#4315,#2348,.T.);
#5210=EDGE_CURVE('',#4315,#4316,#2349,.T.);
#5211=EDGE_CURVE('',#4316,#4317,#3831,.T.);
#5212=EDGE_CURVE('',#4317,#4318,#2350,.T.);
#5213=EDGE_CURVE('',#4318,#4319,#2351,.T.);
#5214=EDGE_CURVE('',#4319,#4320,#2352,.T.);
#5215=EDGE_CURVE('',#4320,#4321,#3832,.T.);
#5216=EDGE_CURVE('',#4321,#4322,#2353,.T.);
#5217=EDGE_CURVE('',#4322,#4323,#2354,.T.);
#5218=EDGE_CURVE('',#4323,#4324,#2355,.T.);
#5219=EDGE_CURVE('',#4324,#4325,#3833,.T.);
#5220=EDGE_CURVE('',#4325,#4326,#2356,.T.);
#5221=EDGE_CURVE('',#4326,#4327,#2357,.T.);
#5222=EDGE_CURVE('',#4327,#4312,#2358,.T.);
#5223=EDGE_CURVE('',#4309,#4328,#3834,.T.);
#5224=EDGE_CURVE('',#4328,#4329,#3835,.T.);
#5225=EDGE_CURVE('',#4329,#4330,#3836,.T.);
#5226=EDGE_CURVE('',#4330,#4331,#3837,.T.);
#5227=EDGE_CURVE('',#4331,#4310,#3838,.T.);
#5228=EDGE_CURVE('',#4332,#4333,#2359,.T.);
#5229=EDGE_CURVE('',#4333,#4334,#3839,.T.);
#5230=EDGE_CURVE('',#4334,#4335,#2360,.T.);
#5231=EDGE_CURVE('',#4335,#4332,#3840,.T.);
#5232=EDGE_CURVE('',#4336,#4337,#2361,.T.);
#5233=EDGE_CURVE('',#4337,#4338,#3841,.T.);
#5234=EDGE_CURVE('',#4338,#4339,#2362,.T.);
#5235=EDGE_CURVE('',#4339,#4336,#3842,.T.);
#5236=EDGE_CURVE('',#4340,#4341,#3843,.T.);
#5237=EDGE_CURVE('',#4341,#4342,#2363,.T.);
#5238=EDGE_CURVE('',#4342,#4343,#3844,.T.);
#5239=EDGE_CURVE('',#4343,#4340,#2364,.T.);
#5240=EDGE_CURVE('',#4344,#4345,#3845,.T.);
#5241=EDGE_CURVE('',#4345,#4346,#2365,.T.);
#5242=EDGE_CURVE('',#4346,#4347,#3846,.T.);
#5243=EDGE_CURVE('',#4347,#4344,#2366,.T.);
#5244=EDGE_CURVE('',#4348,#4308,#3847,.T.);
#5245=EDGE_CURVE('',#4328,#4348,#2367,.T.);
#5246=EDGE_CURVE('',#4349,#4348,#3848,.T.);
#5247=EDGE_CURVE('',#4349,#4329,#2368,.T.);
#5248=EDGE_CURVE('',#4330,#4350,#2369,.T.);
#5249=EDGE_CURVE('',#4350,#4349,#3849,.T.);
#5250=EDGE_CURVE('',#4351,#4350,#3850,.T.);
#5251=EDGE_CURVE('',#4351,#4331,#2370,.T.);
#5252=EDGE_CURVE('',#4352,#4353,#2371,.T.);
#5253=EDGE_CURVE('',#4354,#4352,#2372,.T.);
#5254=EDGE_CURVE('',#4354,#4355,#3851,.T.);
#5255=EDGE_CURVE('',#4356,#4355,#2373,.T.);
#5256=EDGE_CURVE('',#4357,#4356,#2374,.T.);
#5257=EDGE_CURVE('',#4358,#4357,#2375,.T.);
#5258=EDGE_CURVE('',#4358,#4359,#3852,.T.);
#5259=EDGE_CURVE('',#4360,#4359,#2376,.T.);
#5260=EDGE_CURVE('',#4361,#4360,#2377,.T.);
#5261=EDGE_CURVE('',#4362,#4361,#2378,.T.);
#5262=EDGE_CURVE('',#4362,#4363,#3853,.T.);
#5263=EDGE_CURVE('',#4364,#4363,#2379,.T.);
#5264=EDGE_CURVE('',#4365,#4364,#2380,.T.);
#5265=EDGE_CURVE('',#4366,#4365,#2381,.T.);
#5266=EDGE_CURVE('',#4366,#4367,#3854,.T.);
#5267=EDGE_CURVE('',#4353,#4367,#2382,.T.);
#5268=EDGE_CURVE('',#4311,#4351,#3855,.T.);
#5269=EDGE_CURVE('',#4368,#4369,#2383,.T.);
#5270=EDGE_CURVE('',#4368,#4370,#3856,.T.);
#5271=EDGE_CURVE('',#4371,#4370,#2384,.T.);
#5272=EDGE_CURVE('',#4371,#4369,#3857,.T.);
#5273=EDGE_CURVE('',#4372,#4373,#2385,.T.);
#5274=EDGE_CURVE('',#4372,#4374,#3858,.T.);
#5275=EDGE_CURVE('',#4375,#4374,#2386,.T.);
#5276=EDGE_CURVE('',#4375,#4373,#3859,.T.);
#5277=EDGE_CURVE('',#4376,#4377,#3860,.T.);
#5278=EDGE_CURVE('',#4378,#4377,#2387,.T.);
#5279=EDGE_CURVE('',#4378,#4379,#3861,.T.);
#5280=EDGE_CURVE('',#4376,#4379,#2388,.T.);
#5281=EDGE_CURVE('',#4380,#4381,#3862,.T.);
#5282=EDGE_CURVE('',#4382,#4381,#2389,.T.);
#5283=EDGE_CURVE('',#4382,#4383,#3863,.T.);
#5284=EDGE_CURVE('',#4380,#4383,#2390,.T.);
#5285=EDGE_CURVE('',#4373,#4344,#2391,.T.);
#5286=EDGE_CURVE('',#4345,#4375,#2392,.T.);
#5287=EDGE_CURVE('',#4336,#4380,#2393,.T.);
#5288=EDGE_CURVE('',#4381,#4339,#2394,.T.);
#5289=EDGE_CURVE('',#4369,#4340,#2395,.T.);
#5290=EDGE_CURVE('',#4341,#4371,#2396,.T.);
#5291=EDGE_CURVE('',#4332,#4376,#2397,.T.);
#5292=EDGE_CURVE('',#4377,#4335,#2398,.T.);
#5293=EDGE_CURVE('',#4333,#4379,#2399,.T.);
#5294=EDGE_CURVE('',#4342,#4370,#2400,.T.);
#5295=EDGE_CURVE('',#4337,#4383,#2401,.T.);
#5296=EDGE_CURVE('',#4346,#4374,#2402,.T.);
#5297=EDGE_CURVE('',#4352,#4326,#2403,.T.);
#5298=EDGE_CURVE('',#4353,#4327,#2404,.T.);
#5299=EDGE_CURVE('',#4362,#4317,#2405,.T.);
#5300=EDGE_CURVE('',#4361,#4318,#2406,.T.);
#5301=EDGE_CURVE('',#4312,#4367,#2407,.T.);
#5302=EDGE_CURVE('',#4372,#4347,#2408,.T.);
#5303=EDGE_CURVE('',#4320,#4359,#2409,.T.);
#5304=EDGE_CURVE('',#4360,#4319,#2410,.T.);
#5305=EDGE_CURVE('',#4378,#4334,#2411,.T.);
#5306=EDGE_CURVE('',#4354,#4325,#2412,.T.);
#5307=EDGE_CURVE('',#4368,#4343,#2413,.T.);
#5308=EDGE_CURVE('',#4324,#4355,#2414,.T.);
#5309=EDGE_CURVE('',#4358,#4321,#2415,.T.);
#5310=EDGE_CURVE('',#4316,#4363,#2416,.T.);
#5311=EDGE_CURVE('',#4357,#4322,#2417,.T.);
#5312=EDGE_CURVE('',#4356,#4323,#2418,.T.);
#5313=EDGE_CURVE('',#4366,#4313,#2419,.T.);
#5314=EDGE_CURVE('',#4365,#4314,#2420,.T.);
#5315=EDGE_CURVE('',#4364,#4315,#2421,.T.);
#5316=EDGE_CURVE('',#4382,#4338,#2422,.T.);
#5317=EDGE_CURVE('',#4384,#4385,#2423,.T.);
#5318=EDGE_CURVE('',#4385,#4386,#2424,.T.);
#5319=EDGE_CURVE('',#4387,#4386,#2425,.T.);
#5320=EDGE_CURVE('',#4384,#4387,#2426,.T.);
#5321=EDGE_CURVE('',#4388,#4384,#2427,.T.);
#5322=EDGE_CURVE('',#4389,#4387,#2428,.T.);
#5323=EDGE_CURVE('',#4388,#4389,#2429,.T.);
#5324=EDGE_CURVE('',#4390,#4388,#2430,.T.);
#5325=EDGE_CURVE('',#4391,#4389,#2431,.T.);
#5326=EDGE_CURVE('',#4390,#4391,#2432,.T.);
#5327=EDGE_CURVE('',#4385,#4390,#2433,.T.);
#5328=EDGE_CURVE('',#4386,#4391,#2434,.T.);
#5329=EDGE_CURVE('',#4392,#4393,#2435,.T.);
#5330=EDGE_CURVE('',#4393,#4394,#2436,.T.);
#5331=EDGE_CURVE('',#4395,#4394,#2437,.T.);
#5332=EDGE_CURVE('',#4392,#4395,#2438,.T.);
#5333=EDGE_CURVE('',#4396,#4392,#2439,.T.);
#5334=EDGE_CURVE('',#4397,#4395,#2440,.T.);
#5335=EDGE_CURVE('',#4396,#4397,#2441,.T.);
#5336=EDGE_CURVE('',#4398,#4396,#2442,.T.);
#5337=EDGE_CURVE('',#4399,#4397,#2443,.T.);
#5338=EDGE_CURVE('',#4398,#4399,#2444,.T.);
#5339=EDGE_CURVE('',#4393,#4398,#2445,.T.);
#5340=EDGE_CURVE('',#4394,#4399,#2446,.T.);
#5341=EDGE_CURVE('',#4400,#4400,#3864,.T.);
#5342=EDGE_CURVE('',#4400,#4401,#2447,.T.);
#5343=EDGE_CURVE('',#4401,#4401,#3865,.T.);
#5344=EDGE_CURVE('',#4402,#4402,#3866,.T.);
#5345=EDGE_CURVE('',#4402,#4403,#2448,.T.);
#5346=EDGE_CURVE('',#4403,#4403,#3867,.T.);
#5347=EDGE_CURVE('',#4404,#4404,#3868,.T.);
#5348=EDGE_CURVE('',#4404,#4405,#2449,.T.);
#5349=EDGE_CURVE('',#4405,#4405,#3869,.T.);
#5350=EDGE_CURVE('',#4406,#4406,#3870,.T.);
#5351=EDGE_CURVE('',#4406,#4407,#2450,.T.);
#5352=EDGE_CURVE('',#4407,#4407,#3871,.T.);
#5353=EDGE_CURVE('',#4408,#4408,#3872,.T.);
#5354=EDGE_CURVE('',#4408,#4409,#2451,.T.);
#5355=EDGE_CURVE('',#4409,#4409,#3873,.T.);
#5356=EDGE_CURVE('',#4410,#4410,#3874,.T.);
#5357=EDGE_CURVE('',#4410,#4411,#2452,.T.);
#5358=EDGE_CURVE('',#4411,#4411,#3875,.T.);
#5359=EDGE_CURVE('',#4412,#4412,#3876,.T.);
#5360=EDGE_CURVE('',#4412,#4413,#2453,.T.);
#5361=EDGE_CURVE('',#4413,#4413,#3877,.T.);
#5362=EDGE_CURVE('',#4414,#4414,#3878,.T.);
#5363=EDGE_CURVE('',#4414,#4415,#2454,.T.);
#5364=EDGE_CURVE('',#4415,#4415,#3879,.T.);
#5365=EDGE_CURVE('',#4416,#4417,#2455,.T.);
#5366=EDGE_CURVE('',#4418,#4417,#2456,.T.);
#5367=EDGE_CURVE('',#4419,#4418,#2457,.T.);
#5368=EDGE_CURVE('',#4416,#4419,#2458,.T.);
#5369=EDGE_CURVE('',#4420,#4416,#2459,.T.);
#5370=EDGE_CURVE('',#4421,#4419,#2460,.T.);
#5371=EDGE_CURVE('',#4420,#4421,#2461,.T.);
#5372=EDGE_CURVE('',#4422,#4420,#2462,.T.);
#5373=EDGE_CURVE('',#4423,#4421,#2463,.T.);
#5374=EDGE_CURVE('',#4422,#4423,#2464,.T.);
#5375=EDGE_CURVE('',#4423,#4418,#2465,.T.);
#5376=EDGE_CURVE('',#4417,#4422,#2466,.T.);
#5377=EDGE_CURVE('',#4424,#4425,#2467,.T.);
#5378=EDGE_CURVE('',#4426,#4424,#2468,.T.);
#5379=EDGE_CURVE('',#4427,#4426,#2469,.T.);
#5380=EDGE_CURVE('',#4425,#4427,#2470,.T.);
#5381=EDGE_CURVE('',#4426,#4428,#2471,.T.);
#5382=EDGE_CURVE('',#4429,#4428,#2472,.T.);
#5383=EDGE_CURVE('',#4427,#4429,#2473,.T.);
#5384=EDGE_CURVE('',#4430,#4431,#2474,.T.);
#5385=EDGE_CURVE('',#4430,#4432,#2475,.T.);
#5386=EDGE_CURVE('',#4432,#4433,#2476,.T.);
#5387=EDGE_CURVE('',#4431,#4433,#2477,.T.);
#5388=EDGE_CURVE('',#4434,#4424,#2478,.T.);
#5389=EDGE_CURVE('',#4435,#4434,#2479,.T.);
#5390=EDGE_CURVE('',#4436,#4435,#2480,.T.);
#5391=EDGE_CURVE('',#4436,#4437,#2481,.T.);
#5392=EDGE_CURVE('',#4438,#4437,#2482,.T.);
#5393=EDGE_CURVE('',#4438,#4430,#2483,.T.);
#5394=EDGE_CURVE('',#4428,#4431,#2484,.T.);
#5395=EDGE_CURVE('',#4437,#4439,#2485,.T.);
#5396=EDGE_CURVE('',#4440,#4436,#2486,.T.);
#5397=EDGE_CURVE('',#4439,#4440,#2487,.T.);
#5398=EDGE_CURVE('',#4441,#4435,#2488,.T.);
#5399=EDGE_CURVE('',#4440,#4441,#2489,.T.);
#5400=EDGE_CURVE('',#4442,#4434,#2490,.T.);
#5401=EDGE_CURVE('',#4442,#4441,#2491,.T.);
#5402=EDGE_CURVE('',#4442,#4425,#2492,.T.);
#5403=EDGE_CURVE('',#4443,#4439,#2493,.T.);
#5404=EDGE_CURVE('',#4443,#4438,#2494,.T.);
#5405=EDGE_CURVE('',#4432,#4443,#2495,.T.);
#5406=EDGE_CURVE('',#4433,#4429,#2496,.T.);
#5407=EDGE_CURVE('',#4444,#4444,#3880,.T.);
#5408=EDGE_CURVE('',#4444,#4445,#2497,.T.);
#5409=EDGE_CURVE('',#4445,#4445,#3881,.T.);
#5410=EDGE_CURVE('',#4446,#4446,#3882,.T.);
#5411=EDGE_CURVE('',#4446,#4447,#2498,.T.);
#5412=EDGE_CURVE('',#4447,#4447,#3883,.T.);
#5413=EDGE_CURVE('',#4448,#4448,#3884,.T.);
#5414=EDGE_CURVE('',#4448,#4449,#2499,.T.);
#5415=EDGE_CURVE('',#4449,#4449,#3885,.T.);
#5416=EDGE_CURVE('',#4450,#4450,#3886,.T.);
#5417=EDGE_CURVE('',#4450,#4451,#2500,.T.);
#5418=EDGE_CURVE('',#4451,#4451,#3887,.T.);
#5419=EDGE_CURVE('',#4452,#4452,#3888,.T.);
#5420=EDGE_CURVE('',#4452,#4453,#2501,.T.);
#5421=EDGE_CURVE('',#4453,#4453,#3889,.T.);
#5422=EDGE_CURVE('',#4454,#4455,#2502,.T.);
#5423=EDGE_CURVE('',#4456,#4454,#2503,.T.);
#5424=EDGE_CURVE('',#4456,#4457,#2504,.T.);
#5425=EDGE_CURVE('',#4457,#4455,#2505,.T.);
#5426=EDGE_CURVE('',#4458,#4456,#2506,.T.);
#5427=EDGE_CURVE('',#4459,#4458,#2507,.T.);
#5428=EDGE_CURVE('',#4457,#4459,#2508,.T.);
#5429=EDGE_CURVE('',#4460,#4461,#2509,.T.);
#5430=EDGE_CURVE('',#4462,#4460,#2510,.T.);
#5431=EDGE_CURVE('',#4462,#4455,#2511,.T.);
#5432=EDGE_CURVE('',#4459,#4461,#2512,.T.);
#5433=EDGE_CURVE('',#4463,#4464,#2513,.T.);
#5434=EDGE_CURVE('',#4464,#4460,#3890,.T.);
#5435=EDGE_CURVE('',#4461,#4463,#2514,.T.);
#5436=EDGE_CURVE('',#4465,#4465,#3891,.T.);
#5437=EDGE_CURVE('',#4454,#4466,#2515,.T.);
#5438=EDGE_CURVE('',#4464,#4466,#2516,.T.);
#5439=EDGE_CURVE('',#4458,#4463,#2517,.T.);
#5440=EDGE_CURVE('',#4467,#4467,#3892,.T.);
#5441=EDGE_CURVE('',#4467,#4465,#2518,.T.);
#5442=EDGE_CURVE('',#4462,#4466,#3893,.T.);
#5443=EDGE_CURVE('',#4468,#4468,#3894,.T.);
#5444=EDGE_CURVE('',#4468,#4469,#2519,.T.);
#5445=EDGE_CURVE('',#4469,#4469,#3895,.T.);
#5446=EDGE_CURVE('',#4470,#4470,#3896,.T.);
#5447=EDGE_CURVE('',#4470,#4471,#2520,.T.);
#5448=EDGE_CURVE('',#4471,#4471,#3897,.T.);
#5449=EDGE_CURVE('',#4472,#4472,#3898,.T.);
#5450=EDGE_CURVE('',#4472,#4473,#2521,.T.);
#5451=EDGE_CURVE('',#4473,#4473,#3899,.T.);
#5452=EDGE_CURVE('',#4474,#4474,#3900,.T.);
#5453=EDGE_CURVE('',#4474,#4475,#2522,.T.);
#5454=EDGE_CURVE('',#4475,#4475,#3901,.T.);
#5455=EDGE_CURVE('',#4476,#4476,#3902,.T.);
#5456=EDGE_CURVE('',#4476,#4477,#2523,.T.);
#5457=EDGE_CURVE('',#4477,#4477,#3903,.T.);
#5458=EDGE_CURVE('',#4478,#4478,#3904,.T.);
#5459=EDGE_CURVE('',#4478,#4479,#2524,.T.);
#5460=EDGE_CURVE('',#4479,#4479,#3905,.T.);
#5461=EDGE_CURVE('',#4480,#4480,#3906,.T.);
#5462=EDGE_CURVE('',#4480,#4481,#2525,.T.);
#5463=EDGE_CURVE('',#4481,#4481,#3907,.T.);
#5464=EDGE_CURVE('',#4482,#4482,#3908,.T.);
#5465=EDGE_CURVE('',#4482,#4483,#2526,.T.);
#5466=EDGE_CURVE('',#4483,#4483,#3909,.T.);
#5467=EDGE_CURVE('',#4484,#4484,#3910,.T.);
#5468=EDGE_CURVE('',#4484,#4485,#2527,.T.);
#5469=EDGE_CURVE('',#4485,#4485,#3911,.T.);
#5470=EDGE_CURVE('',#4486,#4486,#3912,.T.);
#5471=EDGE_CURVE('',#4486,#4487,#2528,.T.);
#5472=EDGE_CURVE('',#4487,#4487,#3913,.T.);
#5473=EDGE_CURVE('',#4488,#4488,#3914,.T.);
#5474=EDGE_CURVE('',#4488,#4489,#2529,.T.);
#5475=EDGE_CURVE('',#4489,#4489,#3915,.T.);
#5476=EDGE_CURVE('',#4490,#4491,#2530,.T.);
#5477=EDGE_CURVE('',#4492,#4490,#2531,.T.);
#5478=EDGE_CURVE('',#4493,#4492,#2532,.T.);
#5479=EDGE_CURVE('',#4493,#4491,#2533,.T.);
#5480=EDGE_CURVE('',#4494,#4495,#2534,.T.);
#5481=EDGE_CURVE('',#4494,#4496,#2535,.T.);
#5482=EDGE_CURVE('',#4496,#4497,#2536,.T.);
#5483=EDGE_CURVE('',#4495,#4497,#2537,.T.);
#5484=EDGE_CURVE('',#4498,#4499,#2538,.T.);
#5485=EDGE_CURVE('',#4498,#4500,#2539,.T.);
#5486=EDGE_CURVE('',#4500,#4501,#2540,.T.);
#5487=EDGE_CURVE('',#4499,#4501,#2541,.T.);
#5488=EDGE_CURVE('',#4500,#4493,#2542,.T.);
#5489=EDGE_CURVE('',#4501,#4492,#2543,.T.);
#5490=EDGE_CURVE('',#4502,#4503,#2544,.T.);
#5491=EDGE_CURVE('',#4504,#4502,#2545,.T.);
#5492=EDGE_CURVE('',#4505,#4504,#2546,.T.);
#5493=EDGE_CURVE('',#4505,#4503,#2547,.T.);
#5494=EDGE_CURVE('',#4496,#4505,#2548,.T.);
#5495=EDGE_CURVE('',#4497,#4504,#2549,.T.);
#5496=EDGE_CURVE('',#4506,#4507,#2550,.T.);
#5497=EDGE_CURVE('',#4507,#4508,#2551,.T.);
#5498=EDGE_CURVE('',#4508,#4509,#2552,.T.);
#5499=EDGE_CURVE('',#4509,#4506,#2553,.T.);
#5500=EDGE_CURVE('',#4490,#4510,#2554,.T.);
#5501=EDGE_CURVE('',#4510,#4511,#2555,.T.);
#5502=EDGE_CURVE('',#4511,#4512,#2556,.T.);
#5503=EDGE_CURVE('',#4512,#4513,#2557,.T.);
#5504=EDGE_CURVE('',#4513,#4514,#2558,.T.);
#5505=EDGE_CURVE('',#4514,#4515,#2559,.T.);
#5506=EDGE_CURVE('',#4515,#4499,#2560,.T.);
#5507=EDGE_CURVE('',#4516,#4517,#2561,.T.);
#5508=EDGE_CURVE('',#4517,#4518,#2562,.T.);
#5509=EDGE_CURVE('',#4518,#4519,#2563,.T.);
#5510=EDGE_CURVE('',#4519,#4520,#2564,.T.);
#5511=EDGE_CURVE('',#4520,#4521,#2565,.T.);
#5512=EDGE_CURVE('',#4521,#4516,#2566,.T.);
#5513=EDGE_CURVE('',#4522,#4523,#2567,.T.);
#5514=EDGE_CURVE('',#4523,#4524,#2568,.T.);
#5515=EDGE_CURVE('',#4524,#4525,#2569,.T.);
#5516=EDGE_CURVE('',#4525,#4526,#2570,.T.);
#5517=EDGE_CURVE('',#4526,#4527,#2571,.T.);
#5518=EDGE_CURVE('',#4527,#4522,#2572,.T.);
#5519=EDGE_CURVE('',#4502,#4528,#2573,.T.);
#5520=EDGE_CURVE('',#4528,#4529,#2574,.T.);
#5521=EDGE_CURVE('',#4529,#4530,#2575,.T.);
#5522=EDGE_CURVE('',#4530,#4531,#2576,.T.);
#5523=EDGE_CURVE('',#4531,#4532,#2577,.T.);
#5524=EDGE_CURVE('',#4532,#4533,#2578,.T.);
#5525=EDGE_CURVE('',#4533,#4495,#2579,.T.);
#5526=EDGE_CURVE('',#4503,#4534,#2580,.T.);
#5527=EDGE_CURVE('',#4528,#4534,#2581,.T.);
#5528=EDGE_CURVE('',#4535,#4515,#2582,.T.);
#5529=EDGE_CURVE('',#4535,#4498,#2583,.T.);
#5530=EDGE_CURVE('',#4512,#4536,#2584,.T.);
#5531=EDGE_CURVE('',#4537,#4511,#2585,.T.);
#5532=EDGE_CURVE('',#4537,#4536,#2586,.T.);
#5533=EDGE_CURVE('',#4538,#4522,#2587,.T.);
#5534=EDGE_CURVE('',#4538,#4539,#2588,.T.);
#5535=EDGE_CURVE('',#4539,#4523,#2589,.T.);
#5536=EDGE_CURVE('',#4540,#4516,#2590,.T.);
#5537=EDGE_CURVE('',#4540,#4541,#2591,.T.);
#5538=EDGE_CURVE('',#4541,#4517,#2592,.T.);
#5539=EDGE_CURVE('',#4533,#4542,#2593,.T.);
#5540=EDGE_CURVE('',#4543,#4532,#2594,.T.);
#5541=EDGE_CURVE('',#4543,#4542,#2595,.T.);
#5542=EDGE_CURVE('',#4544,#4531,#2596,.T.);
#5543=EDGE_CURVE('',#4544,#4543,#2597,.T.);
#5544=EDGE_CURVE('',#4524,#4545,#2598,.T.);
#5545=EDGE_CURVE('',#4539,#4545,#2599,.T.);
#5546=EDGE_CURVE('',#4546,#4510,#2600,.T.);
#5547=EDGE_CURVE('',#4546,#4537,#2601,.T.);
#5548=EDGE_CURVE('',#4518,#4547,#2602,.T.);
#5549=EDGE_CURVE('',#4541,#4547,#2603,.T.);
#5550=EDGE_CURVE('',#4545,#4548,#2604,.T.);
#5551=EDGE_CURVE('',#4525,#4548,#2605,.T.);
#5552=EDGE_CURVE('',#4491,#4546,#2606,.T.);
#5553=EDGE_CURVE('',#4547,#4549,#2607,.T.);
#5554=EDGE_CURVE('',#4519,#4549,#2608,.T.);
#5555=EDGE_CURVE('',#4550,#4530,#2609,.T.);
#5556=EDGE_CURVE('',#4550,#4544,#2610,.T.);
#5557=EDGE_CURVE('',#4536,#4551,#2611,.T.);
#5558=EDGE_CURVE('',#4513,#4551,#2612,.T.);
#5559=EDGE_CURVE('',#4552,#4527,#2613,.T.);
#5560=EDGE_CURVE('',#4552,#4538,#2614,.T.);
#5561=EDGE_CURVE('',#4553,#4506,#2615,.T.);
#5562=EDGE_CURVE('',#4553,#4554,#2616,.T.);
#5563=EDGE_CURVE('',#4554,#4507,#2617,.T.);
#5564=EDGE_CURVE('',#4555,#4526,#2618,.T.);
#5565=EDGE_CURVE('',#4552,#4555,#2619,.T.);
#5566=EDGE_CURVE('',#4542,#4494,#2620,.T.);
#5567=EDGE_CURVE('',#4556,#4553,#2621,.T.);
#5568=EDGE_CURVE('',#4557,#4556,#2622,.T.);
#5569=EDGE_CURVE('',#4554,#4557,#2623,.T.);
#5570=EDGE_CURVE('',#4550,#4558,#2624,.T.);
#5571=EDGE_CURVE('',#4558,#4534,#2625,.T.);
#5572=EDGE_CURVE('',#4535,#4559,#2626,.T.);
#5573=EDGE_CURVE('',#4559,#4551,#2627,.T.);
#5574=EDGE_CURVE('',#4555,#4548,#2628,.T.);
#5575=EDGE_CURVE('',#4560,#4540,#2629,.T.);
#5576=EDGE_CURVE('',#4560,#4561,#2630,.T.);
#5577=EDGE_CURVE('',#4561,#4549,#2631,.T.);
#5578=EDGE_CURVE('',#4557,#4508,#2632,.T.);
#5579=EDGE_CURVE('',#4556,#4509,#2633,.T.);
#5580=EDGE_CURVE('',#4558,#4529,#2634,.T.);
#5581=EDGE_CURVE('',#4560,#4521,#2635,.T.);
#5582=EDGE_CURVE('',#4561,#4520,#2636,.T.);
#5583=EDGE_CURVE('',#4559,#4514,#2637,.T.);
#5584=EDGE_CURVE('',#4562,#4562,#3916,.T.);
#5585=EDGE_CURVE('',#4562,#4563,#2638,.T.);
#5586=EDGE_CURVE('',#4563,#4563,#3917,.T.);
#5587=EDGE_CURVE('',#4564,#4564,#3918,.T.);
#5588=EDGE_CURVE('',#4564,#4565,#2639,.T.);
#5589=EDGE_CURVE('',#4565,#4565,#3919,.T.);
#5590=EDGE_CURVE('',#4566,#4566,#3920,.T.);
#5591=EDGE_CURVE('',#4566,#4567,#2640,.T.);
#5592=EDGE_CURVE('',#4567,#4567,#3921,.T.);
#5593=EDGE_CURVE('',#4568,#4568,#3922,.T.);
#5594=EDGE_CURVE('',#4568,#4569,#2641,.T.);
#5595=EDGE_CURVE('',#4569,#4569,#3923,.T.);
#5596=EDGE_CURVE('',#4570,#4570,#3924,.T.);
#5597=EDGE_CURVE('',#4570,#4571,#2642,.T.);
#5598=EDGE_CURVE('',#4571,#4571,#3925,.T.);
#5599=EDGE_CURVE('',#4572,#4572,#3926,.T.);
#5600=EDGE_CURVE('',#4572,#4573,#2643,.T.);
#5601=EDGE_CURVE('',#4573,#4573,#3927,.T.);
#5602=EDGE_CURVE('',#4574,#4574,#3928,.T.);
#5603=EDGE_CURVE('',#4574,#4575,#2644,.T.);
#5604=EDGE_CURVE('',#4575,#4575,#3929,.T.);
#5605=EDGE_CURVE('',#4576,#4576,#3930,.T.);
#5606=EDGE_CURVE('',#4576,#4577,#2645,.T.);
#5607=EDGE_CURVE('',#4577,#4577,#3931,.T.);
#5608=EDGE_CURVE('',#4578,#4579,#2646,.T.);
#5609=EDGE_CURVE('',#4578,#4580,#2647,.T.);
#5610=EDGE_CURVE('',#4581,#4580,#2648,.T.);
#5611=EDGE_CURVE('',#4579,#4581,#2649,.T.);
#5612=EDGE_CURVE('',#4582,#4578,#2650,.T.);
#5613=EDGE_CURVE('',#4582,#4583,#2651,.T.);
#5614=EDGE_CURVE('',#4580,#4583,#2652,.T.);
#5615=EDGE_CURVE('',#4584,#4582,#2653,.T.);
#5616=EDGE_CURVE('',#4584,#4585,#2654,.T.);
#5617=EDGE_CURVE('',#4583,#4585,#2655,.T.);
#5618=EDGE_CURVE('',#4579,#4584,#2656,.T.);
#5619=EDGE_CURVE('',#4585,#4581,#2657,.T.);
#5620=EDGE_CURVE('',#4586,#4587,#2658,.T.);
#5621=EDGE_CURVE('',#4586,#4588,#2659,.T.);
#5622=EDGE_CURVE('',#4589,#4588,#2660,.T.);
#5623=EDGE_CURVE('',#4587,#4589,#2661,.T.);
#5624=EDGE_CURVE('',#4590,#4586,#2662,.T.);
#5625=EDGE_CURVE('',#4590,#4591,#2663,.T.);
#5626=EDGE_CURVE('',#4588,#4591,#2664,.T.);
#5627=EDGE_CURVE('',#4592,#4590,#2665,.T.);
#5628=EDGE_CURVE('',#4592,#4593,#2666,.T.);
#5629=EDGE_CURVE('',#4591,#4593,#2667,.T.);
#5630=EDGE_CURVE('',#4587,#4592,#2668,.T.);
#5631=EDGE_CURVE('',#4593,#4589,#2669,.T.);
#5632=EDGE_CURVE('',#4594,#4595,#2670,.T.);
#5633=EDGE_CURVE('',#4594,#4596,#2671,.T.);
#5634=EDGE_CURVE('',#4597,#4596,#2672,.T.);
#5635=EDGE_CURVE('',#4595,#4597,#2673,.T.);
#5636=EDGE_CURVE('',#4598,#4594,#2674,.T.);
#5637=EDGE_CURVE('',#4598,#4599,#2675,.T.);
#5638=EDGE_CURVE('',#4596,#4599,#2676,.T.);
#5639=EDGE_CURVE('',#4600,#4598,#2677,.T.);
#5640=EDGE_CURVE('',#4600,#4601,#2678,.T.);
#5641=EDGE_CURVE('',#4599,#4601,#2679,.T.);
#5642=EDGE_CURVE('',#4595,#4600,#2680,.T.);
#5643=EDGE_CURVE('',#4601,#4597,#2681,.T.);
#5644=EDGE_CURVE('',#4602,#4603,#2682,.T.);
#5645=EDGE_CURVE('',#4602,#4604,#2683,.T.);
#5646=EDGE_CURVE('',#4605,#4604,#2684,.T.);
#5647=EDGE_CURVE('',#4603,#4605,#2685,.T.);
#5648=EDGE_CURVE('',#4606,#4602,#2686,.T.);
#5649=EDGE_CURVE('',#4606,#4607,#2687,.T.);
#5650=EDGE_CURVE('',#4604,#4607,#2688,.T.);
#5651=EDGE_CURVE('',#4608,#4606,#2689,.T.);
#5652=EDGE_CURVE('',#4608,#4609,#2690,.T.);
#5653=EDGE_CURVE('',#4607,#4609,#2691,.T.);
#5654=EDGE_CURVE('',#4603,#4608,#2692,.T.);
#5655=EDGE_CURVE('',#4609,#4605,#2693,.T.);
#5656=EDGE_CURVE('',#4610,#4610,#3932,.T.);
#5657=EDGE_CURVE('',#4610,#4611,#2694,.T.);
#5658=EDGE_CURVE('',#4611,#4611,#3933,.T.);
#5659=EDGE_CURVE('',#4612,#4613,#2695,.T.);
#5660=EDGE_CURVE('',#4613,#4614,#2696,.T.);
#5661=EDGE_CURVE('',#4614,#4615,#2697,.T.);
#5662=EDGE_CURVE('',#4615,#4612,#2698,.T.);
#5663=EDGE_CURVE('',#4616,#4617,#2699,.T.);
#5664=EDGE_CURVE('',#4617,#4618,#2700,.T.);
#5665=EDGE_CURVE('',#4618,#4619,#2701,.T.);
#5666=EDGE_CURVE('',#4619,#4616,#2702,.T.);
#5667=EDGE_CURVE('',#4620,#4621,#2703,.T.);
#5668=EDGE_CURVE('',#4621,#4622,#2704,.T.);
#5669=EDGE_CURVE('',#4622,#4623,#2705,.T.);
#5670=EDGE_CURVE('',#4623,#4620,#2706,.T.);
#5671=EDGE_CURVE('',#4624,#4625,#2707,.T.);
#5672=EDGE_CURVE('',#4625,#4623,#2708,.T.);
#5673=EDGE_CURVE('',#4626,#4622,#2709,.T.);
#5674=EDGE_CURVE('',#4624,#4626,#2710,.T.);
#5675=EDGE_CURVE('',#4625,#4627,#2711,.T.);
#5676=EDGE_CURVE('',#4627,#4628,#2712,.T.);
#5677=EDGE_CURVE('',#4620,#4628,#2713,.T.);
#5678=EDGE_CURVE('',#4629,#4624,#2714,.T.);
#5679=EDGE_CURVE('',#4627,#4629,#2715,.T.);
#5680=EDGE_CURVE('',#4622,#4630,#2716,.T.);
#5681=EDGE_CURVE('',#4630,#4631,#2717,.T.);
#5682=EDGE_CURVE('',#4626,#4631,#2718,.T.);
#5683=EDGE_CURVE('',#4632,#4628,#2719,.T.);
#5684=EDGE_CURVE('',#4632,#4633,#2720,.T.);
#5685=EDGE_CURVE('',#4633,#4620,#2721,.T.);
#5686=EDGE_CURVE('',#4634,#4635,#2722,.T.);
#5687=EDGE_CURVE('',#4635,#4633,#2723,.T.);
#5688=EDGE_CURVE('',#4633,#4636,#2724,.T.);
#5689=EDGE_CURVE('',#4636,#4634,#2725,.T.);
#5690=EDGE_CURVE('',#4637,#4638,#2726,.T.);
#5691=EDGE_CURVE('',#4638,#4639,#2727,.T.);
#5692=EDGE_CURVE('',#4634,#4639,#2728,.T.);
#5693=EDGE_CURVE('',#4637,#4636,#2729,.T.);
#5694=EDGE_CURVE('',#4640,#4637,#2730,.T.);
#5695=EDGE_CURVE('',#4640,#4632,#2731,.T.);
#5696=EDGE_CURVE('',#4638,#4641,#2732,.T.);
#5697=EDGE_CURVE('',#4641,#4640,#2733,.T.);
#5698=EDGE_CURVE('',#4642,#4639,#2734,.T.);
#5699=EDGE_CURVE('',#4642,#4643,#2735,.T.);
#5700=EDGE_CURVE('',#4643,#4634,#2736,.T.);
#5701=EDGE_CURVE('',#4630,#4644,#2737,.T.);
#5702=EDGE_CURVE('',#4644,#4645,#2738,.T.);
#5703=EDGE_CURVE('',#4645,#4646,#2739,.T.);
#5704=EDGE_CURVE('',#4646,#4630,#2740,.T.);
#5705=EDGE_CURVE('',#4647,#4648,#2741,.T.);
#5706=EDGE_CURVE('',#4648,#4631,#2742,.T.);
#5707=EDGE_CURVE('',#4647,#4646,#2743,.T.);
#5708=EDGE_CURVE('',#4649,#4647,#2744,.T.);
#5709=EDGE_CURVE('',#4650,#4645,#2745,.T.);
#5710=EDGE_CURVE('',#4649,#4650,#2746,.T.);
#5711=EDGE_CURVE('',#4651,#4649,#2747,.T.);
#5712=EDGE_CURVE('',#4648,#4651,#2748,.T.);
#5713=EDGE_CURVE('',#4645,#4652,#2749,.T.);
#5714=EDGE_CURVE('',#4652,#4653,#2750,.T.);
#5715=EDGE_CURVE('',#4650,#4653,#2751,.T.);
#5716=EDGE_CURVE('',#4652,#4654,#2752,.T.);
#5717=EDGE_CURVE('',#4654,#4643,#2753,.T.);
#5718=EDGE_CURVE('',#4643,#4655,#2754,.T.);
#5719=EDGE_CURVE('',#4655,#4652,#2755,.T.);
#5720=EDGE_CURVE('',#4656,#4657,#2756,.T.);
#5721=EDGE_CURVE('',#4657,#4653,#2757,.T.);
#5722=EDGE_CURVE('',#4656,#4655,#2758,.T.);
#5723=EDGE_CURVE('',#4658,#4656,#2759,.T.);
#5724=EDGE_CURVE('',#4658,#4642,#2760,.T.);
#5725=EDGE_CURVE('',#4659,#4658,#2761,.T.);
#5726=EDGE_CURVE('',#4657,#4659,#2762,.T.);
#5727=EDGE_CURVE('',#4644,#4613,#2763,.T.);
#5728=EDGE_CURVE('',#4654,#4612,#2764,.T.);
#5729=EDGE_CURVE('',#4621,#4614,#2765,.T.);
#5730=EDGE_CURVE('',#4635,#4615,#2766,.T.);
#5731=EDGE_CURVE('',#4659,#4616,#2767,.T.);
#5732=EDGE_CURVE('',#4651,#4619,#2768,.T.);
#5733=EDGE_CURVE('',#4629,#4618,#2769,.T.);
#5734=EDGE_CURVE('',#4641,#4617,#2770,.T.);
#5735=EDGE_CURVE('',#4660,#4661,#2771,.T.);
#5736=EDGE_CURVE('',#4662,#4660,#2772,.T.);
#5737=EDGE_CURVE('',#4663,#4662,#2773,.T.);
#5738=EDGE_CURVE('',#4663,#4661,#2774,.T.);
#5739=EDGE_CURVE('',#4664,#4665,#2775,.T.);
#5740=EDGE_CURVE('',#4664,#4666,#2776,.T.);
#5741=EDGE_CURVE('',#4667,#4666,#2777,.T.);
#5742=EDGE_CURVE('',#4665,#4667,#2778,.T.);
#5743=EDGE_CURVE('',#4661,#4668,#3934,.T.);
#5744=EDGE_CURVE('',#4669,#4663,#3935,.T.);
#5745=EDGE_CURVE('',#4668,#4669,#2779,.T.);
#5746=EDGE_CURVE('',#4670,#4660,#3936,.T.);
#5747=EDGE_CURVE('',#4670,#4671,#2780,.T.);
#5748=EDGE_CURVE('',#4662,#4671,#3937,.T.);
#5749=EDGE_CURVE('',#4665,#4672,#3938,.T.);
#5750=EDGE_CURVE('',#4673,#4667,#3939,.T.);
#5751=EDGE_CURVE('',#4673,#4672,#2781,.T.);
#5752=EDGE_CURVE('',#4668,#4670,#2782,.T.);
#5753=EDGE_CURVE('',#4671,#4669,#2783,.T.);
#5754=EDGE_CURVE('',#4672,#4674,#2784,.T.);
#5755=EDGE_CURVE('',#4675,#4673,#2785,.T.);
#5756=EDGE_CURVE('',#4675,#4674,#2786,.T.);
#5757=EDGE_CURVE('',#4674,#4664,#3940,.T.);
#5758=EDGE_CURVE('',#4666,#4675,#3941,.T.);
#5759=EDGE_CURVE('',#4676,#4676,#3942,.T.);
#5760=EDGE_CURVE('',#4676,#4677,#2787,.T.);
#5761=EDGE_CURVE('',#4677,#4677,#3943,.T.);
#5762=EDGE_CURVE('',#4678,#4678,#3944,.T.);
#5763=EDGE_CURVE('',#4679,#4679,#3945,.T.);
#5764=EDGE_CURVE('',#4679,#4678,#2788,.T.);
#5765=EDGE_CURVE('',#4680,#4680,#3946,.T.);
#5766=EDGE_CURVE('',#4680,#4681,#2789,.T.);
#5767=EDGE_CURVE('',#4681,#4681,#3947,.T.);
#5768=EDGE_CURVE('',#4682,#4682,#3948,.T.);
#5769=EDGE_CURVE('',#4682,#4683,#2790,.T.);
#5770=EDGE_CURVE('',#4683,#4683,#3949,.T.);
#5771=EDGE_CURVE('',#4684,#4684,#3950,.T.);
#5772=EDGE_CURVE('',#4684,#4685,#2791,.T.);
#5773=EDGE_CURVE('',#4685,#4685,#3951,.T.);
#5774=EDGE_CURVE('',#4686,#4686,#3952,.T.);
#5775=EDGE_CURVE('',#4686,#4687,#2792,.T.);
#5776=EDGE_CURVE('',#4687,#4687,#3953,.T.);
#5777=EDGE_CURVE('',#4688,#4688,#3954,.T.);
#5778=EDGE_CURVE('',#4688,#4689,#2793,.T.);
#5779=EDGE_CURVE('',#4689,#4689,#3955,.T.);
#5780=EDGE_CURVE('',#4690,#4690,#3956,.T.);
#5781=EDGE_CURVE('',#4690,#4691,#2794,.T.);
#5782=EDGE_CURVE('',#4691,#4691,#3957,.T.);
#5783=EDGE_CURVE('',#4692,#4692,#3958,.T.);
#5784=EDGE_CURVE('',#4692,#4693,#2795,.T.);
#5785=EDGE_CURVE('',#4693,#4693,#3959,.T.);
#5786=EDGE_CURVE('',#4694,#4694,#3960,.T.);
#5787=EDGE_CURVE('',#4694,#4695,#2796,.T.);
#5788=EDGE_CURVE('',#4695,#4695,#3961,.T.);
#5789=EDGE_CURVE('',#4696,#4696,#3962,.T.);
#5790=EDGE_CURVE('',#4696,#4697,#2797,.T.);
#5791=EDGE_CURVE('',#4697,#4697,#3963,.T.);
#5792=EDGE_CURVE('',#4698,#4698,#3964,.T.);
#5793=EDGE_CURVE('',#4698,#4699,#2798,.T.);
#5794=EDGE_CURVE('',#4699,#4699,#3965,.T.);
#5795=EDGE_CURVE('',#4700,#4700,#3966,.T.);
#5796=EDGE_CURVE('',#4700,#4701,#2799,.T.);
#5797=EDGE_CURVE('',#4701,#4701,#3967,.T.);
#5798=EDGE_CURVE('',#4702,#4702,#3968,.T.);
#5799=EDGE_CURVE('',#4702,#4703,#2800,.T.);
#5800=EDGE_CURVE('',#4703,#4703,#3969,.T.);
#5801=EDGE_CURVE('',#4704,#4704,#3970,.T.);
#5802=EDGE_CURVE('',#4704,#4705,#2801,.T.);
#5803=EDGE_CURVE('',#4705,#4705,#3971,.T.);
#5804=EDGE_CURVE('',#4706,#4706,#3972,.T.);
#5805=EDGE_CURVE('',#4706,#4707,#2802,.T.);
#5806=EDGE_CURVE('',#4707,#4707,#3973,.T.);
#5807=EDGE_CURVE('',#4708,#4708,#3974,.T.);
#5808=EDGE_CURVE('',#4708,#4709,#2803,.T.);
#5809=EDGE_CURVE('',#4709,#4709,#3975,.T.);
#5810=EDGE_CURVE('',#4710,#4710,#3976,.T.);
#5811=EDGE_CURVE('',#4710,#4711,#2804,.T.);
#5812=EDGE_CURVE('',#4711,#4711,#3977,.T.);
#5813=EDGE_CURVE('',#4712,#4712,#3978,.T.);
#5814=EDGE_CURVE('',#4712,#4713,#2805,.T.);
#5815=EDGE_CURVE('',#4713,#4713,#3979,.T.);
#5816=EDGE_CURVE('',#4714,#4714,#3980,.T.);
#5817=EDGE_CURVE('',#4714,#4715,#2806,.T.);
#5818=EDGE_CURVE('',#4715,#4715,#3981,.T.);
#5819=EDGE_CURVE('',#4716,#4716,#3982,.T.);
#5820=EDGE_CURVE('',#4716,#4717,#2807,.T.);
#5821=EDGE_CURVE('',#4717,#4717,#3983,.T.);
#5822=EDGE_CURVE('',#4718,#4718,#3984,.T.);
#5823=EDGE_CURVE('',#4718,#4719,#2808,.T.);
#5824=EDGE_CURVE('',#4719,#4719,#3985,.T.);
#5825=EDGE_CURVE('',#4720,#4720,#3986,.T.);
#5826=EDGE_CURVE('',#4720,#4721,#2809,.T.);
#5827=EDGE_CURVE('',#4721,#4721,#3987,.T.);
#5828=EDGE_CURVE('',#4722,#4722,#3988,.T.);
#5829=EDGE_CURVE('',#4722,#4723,#2810,.T.);
#5830=EDGE_CURVE('',#4723,#4723,#3989,.T.);
#5831=EDGE_CURVE('',#4724,#4724,#3990,.T.);
#5832=EDGE_CURVE('',#4724,#4725,#2811,.T.);
#5833=EDGE_CURVE('',#4725,#4725,#3991,.T.);
#5834=EDGE_CURVE('',#4726,#4726,#3992,.T.);
#5835=EDGE_CURVE('',#4726,#4727,#2812,.T.);
#5836=EDGE_CURVE('',#4727,#4727,#3993,.T.);
#5837=EDGE_CURVE('',#4728,#4728,#3994,.T.);
#5838=EDGE_CURVE('',#4728,#4729,#2813,.T.);
#5839=EDGE_CURVE('',#4729,#4729,#3995,.T.);
#5840=EDGE_CURVE('',#4730,#4730,#3996,.T.);
#5841=EDGE_CURVE('',#4730,#4731,#2814,.T.);
#5842=EDGE_CURVE('',#4731,#4731,#3997,.T.);
#5843=EDGE_CURVE('',#4732,#4732,#3998,.T.);
#5844=EDGE_CURVE('',#4732,#4733,#2815,.T.);
#5845=EDGE_CURVE('',#4733,#4733,#3999,.T.);
#5846=EDGE_CURVE('',#4734,#4734,#4000,.T.);
#5847=EDGE_CURVE('',#4734,#4735,#2816,.T.);
#5848=EDGE_CURVE('',#4735,#4735,#4001,.T.);
#5849=EDGE_CURVE('',#4736,#4736,#4002,.T.);
#5850=EDGE_CURVE('',#4736,#4737,#2817,.T.);
#5851=EDGE_CURVE('',#4737,#4737,#4003,.T.);
#5852=EDGE_CURVE('',#4738,#4738,#4004,.T.);
#5853=EDGE_CURVE('',#4738,#4739,#2818,.T.);
#5854=EDGE_CURVE('',#4739,#4739,#4005,.T.);
#5855=EDGE_CURVE('',#4740,#4740,#4006,.T.);
#5856=EDGE_CURVE('',#4740,#4741,#2819,.T.);
#5857=EDGE_CURVE('',#4741,#4741,#4007,.T.);
#5858=EDGE_CURVE('',#4742,#4742,#4008,.T.);
#5859=EDGE_CURVE('',#4742,#4743,#2820,.T.);
#5860=EDGE_CURVE('',#4743,#4743,#4009,.T.);
#5861=EDGE_CURVE('',#4744,#4745,#2821,.T.);
#5862=EDGE_CURVE('',#4745,#4746,#2822,.T.);
#5863=EDGE_CURVE('',#4747,#4746,#2823,.T.);
#5864=EDGE_CURVE('',#4744,#4747,#2824,.T.);
#5865=EDGE_CURVE('',#4748,#4744,#2825,.T.);
#5866=EDGE_CURVE('',#4749,#4747,#2826,.T.);
#5867=EDGE_CURVE('',#4748,#4749,#2827,.T.);
#5868=EDGE_CURVE('',#4750,#4748,#2828,.T.);
#5869=EDGE_CURVE('',#4751,#4749,#2829,.T.);
#5870=EDGE_CURVE('',#4750,#4751,#2830,.T.);
#5871=EDGE_CURVE('',#4745,#4750,#2831,.T.);
#5872=EDGE_CURVE('',#4746,#4751,#2832,.T.);
#5873=EDGE_CURVE('',#4752,#4752,#4010,.T.);
#5874=EDGE_CURVE('',#4752,#4753,#2833,.T.);
#5875=EDGE_CURVE('',#4753,#4753,#4011,.T.);
#5876=EDGE_CURVE('',#4754,#4754,#4012,.T.);
#5877=EDGE_CURVE('',#4754,#4755,#2834,.T.);
#5878=EDGE_CURVE('',#4755,#4755,#4013,.T.);
#5879=EDGE_CURVE('',#4756,#4757,#2835,.T.);
#5880=EDGE_CURVE('',#4758,#4756,#2836,.T.);
#5881=EDGE_CURVE('',#4759,#4758,#2837,.T.);
#5882=EDGE_CURVE('',#4757,#4759,#2838,.T.);
#5883=EDGE_CURVE('',#4760,#4761,#2839,.T.);
#5884=EDGE_CURVE('',#4762,#4760,#2840,.T.);
#5885=EDGE_CURVE('',#4763,#4762,#2841,.T.);
#5886=EDGE_CURVE('',#4761,#4763,#2842,.T.);
#5887=EDGE_CURVE('',#4763,#4758,#4014,.T.);
#5888=EDGE_CURVE('',#4756,#4761,#4015,.T.);
#5889=EDGE_CURVE('',#4760,#4757,#4016,.T.);
#5890=EDGE_CURVE('',#4759,#4762,#4017,.T.);
#5891=EDGE_CURVE('',#4764,#4764,#4018,.T.);
#5892=EDGE_CURVE('',#4764,#4765,#2843,.T.);
#5893=EDGE_CURVE('',#4765,#4765,#4019,.T.);
#5894=EDGE_CURVE('',#4766,#4766,#4020,.T.);
#5895=EDGE_CURVE('',#4766,#4767,#2844,.T.);
#5896=EDGE_CURVE('',#4767,#4767,#4021,.T.);
#5897=EDGE_CURVE('',#4768,#4768,#4022,.T.);
#5898=EDGE_CURVE('',#4768,#4769,#2845,.T.);
#5899=EDGE_CURVE('',#4769,#4769,#4023,.T.);
#5900=EDGE_CURVE('',#4770,#4770,#4024,.T.);
#5901=EDGE_CURVE('',#4770,#4771,#2846,.T.);
#5902=EDGE_CURVE('',#4771,#4771,#4025,.T.);
#5903=EDGE_CURVE('',#4772,#4772,#4026,.T.);
#5904=EDGE_CURVE('',#4772,#4773,#2847,.T.);
#5905=EDGE_CURVE('',#4773,#4773,#4027,.T.);
#5906=EDGE_CURVE('',#4774,#4774,#4028,.T.);
#5907=EDGE_CURVE('',#4774,#4775,#2848,.T.);
#5908=EDGE_CURVE('',#4775,#4775,#4029,.T.);
#5909=EDGE_CURVE('',#4776,#4776,#4030,.T.);
#5910=EDGE_CURVE('',#4776,#4777,#2849,.T.);
#5911=EDGE_CURVE('',#4777,#4777,#4031,.T.);
#5912=EDGE_CURVE('',#4778,#4778,#4032,.T.);
#5913=EDGE_CURVE('',#4778,#4779,#2850,.T.);
#5914=EDGE_CURVE('',#4779,#4779,#4033,.T.);
#5915=EDGE_CURVE('',#4780,#4780,#4034,.T.);
#5916=EDGE_CURVE('',#4780,#4781,#2851,.T.);
#5917=EDGE_CURVE('',#4781,#4781,#4035,.T.);
#5918=EDGE_CURVE('',#4782,#4782,#4036,.T.);
#5919=EDGE_CURVE('',#4782,#4783,#2852,.T.);
#5920=EDGE_CURVE('',#4783,#4783,#4037,.T.);
#5921=EDGE_CURVE('',#4784,#4784,#4038,.T.);
#5922=EDGE_CURVE('',#4784,#4785,#2853,.T.);
#5923=EDGE_CURVE('',#4785,#4785,#4039,.T.);
#5924=EDGE_CURVE('',#4786,#4786,#4040,.T.);
#5925=EDGE_CURVE('',#4786,#4787,#2854,.T.);
#5926=EDGE_CURVE('',#4787,#4787,#4041,.T.);
#5927=EDGE_CURVE('',#4788,#4789,#2855,.T.);
#5928=EDGE_CURVE('',#4789,#4790,#2856,.T.);
#5929=EDGE_CURVE('',#4791,#4790,#2857,.T.);
#5930=EDGE_CURVE('',#4788,#4791,#2858,.T.);
#5931=EDGE_CURVE('',#4792,#4788,#2859,.T.);
#5932=EDGE_CURVE('',#4793,#4791,#2860,.T.);
#5933=EDGE_CURVE('',#4792,#4793,#2861,.T.);
#5934=EDGE_CURVE('',#4794,#4792,#2862,.T.);
#5935=EDGE_CURVE('',#4795,#4793,#2863,.T.);
#5936=EDGE_CURVE('',#4794,#4795,#2864,.T.);
#5937=EDGE_CURVE('',#4789,#4794,#2865,.T.);
#5938=EDGE_CURVE('',#4790,#4795,#2866,.T.);
#5939=EDGE_CURVE('',#4796,#4796,#4042,.T.);
#5940=EDGE_CURVE('',#4796,#4797,#2867,.T.);
#5941=EDGE_CURVE('',#4797,#4797,#4043,.T.);
#5942=EDGE_CURVE('',#4798,#4798,#4044,.T.);
#5943=EDGE_CURVE('',#4798,#4799,#2868,.T.);
#5944=EDGE_CURVE('',#4799,#4799,#4045,.T.);
#5945=EDGE_CURVE('',#4800,#4801,#2869,.T.);
#5946=EDGE_CURVE('',#4801,#4802,#2870,.T.);
#5947=EDGE_CURVE('',#4803,#4802,#2871,.T.);
#5948=EDGE_CURVE('',#4800,#4803,#2872,.T.);
#5949=EDGE_CURVE('',#4804,#4800,#2873,.T.);
#5950=EDGE_CURVE('',#4805,#4803,#2874,.T.);
#5951=EDGE_CURVE('',#4804,#4805,#2875,.T.);
#5952=EDGE_CURVE('',#4806,#4804,#2876,.T.);
#5953=EDGE_CURVE('',#4807,#4805,#2877,.T.);
#5954=EDGE_CURVE('',#4806,#4807,#2878,.T.);
#5955=EDGE_CURVE('',#4801,#4806,#2879,.T.);
#5956=EDGE_CURVE('',#4802,#4807,#2880,.T.);
#5957=EDGE_CURVE('',#4808,#4809,#2881,.T.);
#5958=EDGE_CURVE('',#4809,#4810,#2882,.T.);
#5959=EDGE_CURVE('',#4811,#4810,#2883,.T.);
#5960=EDGE_CURVE('',#4808,#4811,#2884,.T.);
#5961=EDGE_CURVE('',#4812,#4808,#2885,.T.);
#5962=EDGE_CURVE('',#4813,#4811,#2886,.T.);
#5963=EDGE_CURVE('',#4812,#4813,#2887,.T.);
#5964=EDGE_CURVE('',#4814,#4812,#2888,.T.);
#5965=EDGE_CURVE('',#4815,#4813,#2889,.T.);
#5966=EDGE_CURVE('',#4814,#4815,#2890,.T.);
#5967=EDGE_CURVE('',#4809,#4814,#2891,.T.);
#5968=EDGE_CURVE('',#4810,#4815,#2892,.T.);
#5969=EDGE_CURVE('',#4816,#4816,#4046,.T.);
#5970=EDGE_CURVE('',#4816,#4817,#2893,.T.);
#5971=EDGE_CURVE('',#4817,#4817,#4047,.T.);
#5972=EDGE_CURVE('',#4818,#4818,#4048,.T.);
#5973=EDGE_CURVE('',#4818,#4819,#2894,.T.);
#5974=EDGE_CURVE('',#4819,#4819,#4049,.T.);
#5975=EDGE_CURVE('',#4820,#4820,#4050,.T.);
#5976=EDGE_CURVE('',#4820,#4821,#2895,.T.);
#5977=EDGE_CURVE('',#4821,#4821,#4051,.T.);
#5978=EDGE_CURVE('',#4822,#4822,#4052,.T.);
#5979=EDGE_CURVE('',#4822,#4823,#2896,.T.);
#5980=EDGE_CURVE('',#4823,#4823,#4053,.T.);
#5981=EDGE_CURVE('',#4824,#4824,#4054,.T.);
#5982=EDGE_CURVE('',#4824,#4825,#2897,.T.);
#5983=EDGE_CURVE('',#4825,#4825,#4055,.T.);
#5984=EDGE_CURVE('',#4826,#4826,#4056,.T.);
#5985=EDGE_CURVE('',#4826,#4827,#2898,.T.);
#5986=EDGE_CURVE('',#4827,#4827,#4057,.T.);
#5987=ORIENTED_EDGE('',*,*,#4828,.F.);
#5988=ORIENTED_EDGE('',*,*,#4829,.T.);
#5989=ORIENTED_EDGE('',*,*,#4830,.F.);
#5990=ORIENTED_EDGE('',*,*,#4829,.F.);
#5991=ORIENTED_EDGE('',*,*,#4831,.F.);
#5992=ORIENTED_EDGE('',*,*,#4832,.T.);
#5993=ORIENTED_EDGE('',*,*,#4833,.F.);
#5994=ORIENTED_EDGE('',*,*,#4832,.F.);
#5995=ORIENTED_EDGE('',*,*,#4834,.F.);
#5996=ORIENTED_EDGE('',*,*,#4835,.T.);
#5997=ORIENTED_EDGE('',*,*,#4836,.F.);
#5998=ORIENTED_EDGE('',*,*,#4835,.F.);
#5999=ORIENTED_EDGE('',*,*,#4837,.F.);
#6000=ORIENTED_EDGE('',*,*,#4838,.T.);
#6001=ORIENTED_EDGE('',*,*,#4839,.F.);
#6002=ORIENTED_EDGE('',*,*,#4838,.F.);
#6003=ORIENTED_EDGE('',*,*,#4840,.F.);
#6004=ORIENTED_EDGE('',*,*,#4841,.T.);
#6005=ORIENTED_EDGE('',*,*,#4842,.F.);
#6006=ORIENTED_EDGE('',*,*,#4841,.F.);
#6007=ORIENTED_EDGE('',*,*,#4843,.F.);
#6008=ORIENTED_EDGE('',*,*,#4844,.T.);
#6009=ORIENTED_EDGE('',*,*,#4845,.F.);
#6010=ORIENTED_EDGE('',*,*,#4844,.F.);
#6011=ORIENTED_EDGE('',*,*,#4846,.F.);
#6012=ORIENTED_EDGE('',*,*,#4847,.T.);
#6013=ORIENTED_EDGE('',*,*,#4848,.F.);
#6014=ORIENTED_EDGE('',*,*,#4847,.F.);
#6015=ORIENTED_EDGE('',*,*,#4849,.F.);
#6016=ORIENTED_EDGE('',*,*,#4850,.T.);
#6017=ORIENTED_EDGE('',*,*,#4851,.F.);
#6018=ORIENTED_EDGE('',*,*,#4850,.F.);
#6019=ORIENTED_EDGE('',*,*,#4851,.T.);
#6020=ORIENTED_EDGE('',*,*,#4828,.T.);
#6021=ORIENTED_EDGE('',*,*,#4831,.T.);
#6022=ORIENTED_EDGE('',*,*,#4834,.T.);
#6023=ORIENTED_EDGE('',*,*,#4837,.T.);
#6024=ORIENTED_EDGE('',*,*,#4840,.T.);
#6025=ORIENTED_EDGE('',*,*,#4843,.T.);
#6026=ORIENTED_EDGE('',*,*,#4846,.T.);
#6027=ORIENTED_EDGE('',*,*,#4849,.T.);
#6028=ORIENTED_EDGE('',*,*,#4830,.T.);
#6029=ORIENTED_EDGE('',*,*,#4833,.T.);
#6030=ORIENTED_EDGE('',*,*,#4836,.T.);
#6031=ORIENTED_EDGE('',*,*,#4839,.T.);
#6032=ORIENTED_EDGE('',*,*,#4842,.T.);
#6033=ORIENTED_EDGE('',*,*,#4845,.T.);
#6034=ORIENTED_EDGE('',*,*,#4848,.T.);
#6035=ORIENTED_EDGE('',*,*,#4852,.F.);
#6036=ORIENTED_EDGE('',*,*,#4853,.F.);
#6037=ORIENTED_EDGE('',*,*,#4854,.T.);
#6038=ORIENTED_EDGE('',*,*,#4855,.F.);
#6039=ORIENTED_EDGE('',*,*,#4856,.F.);
#6040=ORIENTED_EDGE('',*,*,#4857,.T.);
#6041=ORIENTED_EDGE('',*,*,#4858,.F.);
#6042=ORIENTED_EDGE('',*,*,#4854,.F.);
#6043=ORIENTED_EDGE('',*,*,#4859,.F.);
#6044=ORIENTED_EDGE('',*,*,#4860,.F.);
#6045=ORIENTED_EDGE('',*,*,#4857,.F.);
#6046=ORIENTED_EDGE('',*,*,#4861,.F.);
#6047=ORIENTED_EDGE('',*,*,#4862,.T.);
#6048=ORIENTED_EDGE('',*,*,#4855,.T.);
#6049=ORIENTED_EDGE('',*,*,#4858,.T.);
#6050=ORIENTED_EDGE('',*,*,#4860,.T.);
#6051=ORIENTED_EDGE('',*,*,#4863,.T.);
#6052=ORIENTED_EDGE('',*,*,#4864,.T.);
#6053=ORIENTED_EDGE('',*,*,#4865,.T.);
#6054=ORIENTED_EDGE('',*,*,#4866,.T.);
#6055=ORIENTED_EDGE('',*,*,#4867,.T.);
#6056=ORIENTED_EDGE('',*,*,#4868,.F.);
#6057=ORIENTED_EDGE('',*,*,#4869,.T.);
#6058=ORIENTED_EDGE('',*,*,#4867,.F.);
#6059=ORIENTED_EDGE('',*,*,#4869,.F.);
#6060=ORIENTED_EDGE('',*,*,#4870,.F.);
#6061=ORIENTED_EDGE('',*,*,#4871,.T.);
#6062=ORIENTED_EDGE('',*,*,#4866,.F.);
#6063=ORIENTED_EDGE('',*,*,#4871,.F.);
#6064=ORIENTED_EDGE('',*,*,#4872,.F.);
#6065=ORIENTED_EDGE('',*,*,#4873,.T.);
#6066=ORIENTED_EDGE('',*,*,#4865,.F.);
#6067=ORIENTED_EDGE('',*,*,#4873,.F.);
#6068=ORIENTED_EDGE('',*,*,#4874,.F.);
#6069=ORIENTED_EDGE('',*,*,#4875,.T.);
#6070=ORIENTED_EDGE('',*,*,#4864,.F.);
#6071=ORIENTED_EDGE('',*,*,#4875,.F.);
#6072=ORIENTED_EDGE('',*,*,#4876,.F.);
#6073=ORIENTED_EDGE('',*,*,#4877,.T.);
#6074=ORIENTED_EDGE('',*,*,#4878,.F.);
#6075=ORIENTED_EDGE('',*,*,#4877,.F.);
#6076=ORIENTED_EDGE('',*,*,#4879,.F.);
#6077=ORIENTED_EDGE('',*,*,#4880,.T.);
#6078=ORIENTED_EDGE('',*,*,#4881,.F.);
#6079=ORIENTED_EDGE('',*,*,#4880,.F.);
#6080=ORIENTED_EDGE('',*,*,#4882,.F.);
#6081=ORIENTED_EDGE('',*,*,#4883,.T.);
#6082=ORIENTED_EDGE('',*,*,#4884,.F.);
#6083=ORIENTED_EDGE('',*,*,#4883,.F.);
#6084=ORIENTED_EDGE('',*,*,#4885,.F.);
#6085=ORIENTED_EDGE('',*,*,#4886,.T.);
#6086=ORIENTED_EDGE('',*,*,#4887,.F.);
#6087=ORIENTED_EDGE('',*,*,#4886,.F.);
#6088=ORIENTED_EDGE('',*,*,#4888,.T.);
#6089=ORIENTED_EDGE('',*,*,#4868,.T.);
#6090=ORIENTED_EDGE('',*,*,#4870,.T.);
#6091=ORIENTED_EDGE('',*,*,#4872,.T.);
#6092=ORIENTED_EDGE('',*,*,#4874,.T.);
#6093=ORIENTED_EDGE('',*,*,#4889,.F.);
#6094=ORIENTED_EDGE('',*,*,#4862,.F.);
#6095=ORIENTED_EDGE('',*,*,#4890,.T.);
#6096=ORIENTED_EDGE('',*,*,#4888,.F.);
#6097=ORIENTED_EDGE('',*,*,#4890,.F.);
#6098=ORIENTED_EDGE('',*,*,#4891,.T.);
#6099=ORIENTED_EDGE('',*,*,#4876,.T.);
#6100=ORIENTED_EDGE('',*,*,#4879,.T.);
#6101=ORIENTED_EDGE('',*,*,#4882,.T.);
#6102=ORIENTED_EDGE('',*,*,#4885,.T.);
#6103=ORIENTED_EDGE('',*,*,#4892,.F.);
#6104=ORIENTED_EDGE('',*,*,#4893,.T.);
#6105=ORIENTED_EDGE('',*,*,#4878,.T.);
#6106=ORIENTED_EDGE('',*,*,#4881,.T.);
#6107=ORIENTED_EDGE('',*,*,#4884,.T.);
#6108=ORIENTED_EDGE('',*,*,#4887,.T.);
#6109=ORIENTED_EDGE('',*,*,#4894,.F.);
#6110=ORIENTED_EDGE('',*,*,#4893,.F.);
#6111=ORIENTED_EDGE('',*,*,#4895,.T.);
#6112=ORIENTED_EDGE('',*,*,#4891,.F.);
#6113=ORIENTED_EDGE('',*,*,#4895,.F.);
#6114=ORIENTED_EDGE('',*,*,#4889,.T.);
#6115=ORIENTED_EDGE('',*,*,#4896,.T.);
#6116=ORIENTED_EDGE('',*,*,#4894,.T.);
#6117=ORIENTED_EDGE('',*,*,#4896,.F.);
#6118=ORIENTED_EDGE('',*,*,#4852,.T.);
#6119=ORIENTED_EDGE('',*,*,#4863,.F.);
#6120=ORIENTED_EDGE('',*,*,#4859,.T.);
#6121=ORIENTED_EDGE('',*,*,#4897,.F.);
#6122=ORIENTED_EDGE('',*,*,#4892,.T.);
#6123=ORIENTED_EDGE('',*,*,#4898,.T.);
#6124=ORIENTED_EDGE('',*,*,#4899,.F.);
#6125=ORIENTED_EDGE('',*,*,#4898,.F.);
#6126=ORIENTED_EDGE('',*,*,#4899,.T.);
#6127=ORIENTED_EDGE('',*,*,#4853,.T.);
#6128=ORIENTED_EDGE('',*,*,#4897,.T.);
#6129=ORIENTED_EDGE('',*,*,#4861,.T.);
#6130=ORIENTED_EDGE('',*,*,#4856,.T.);
#6131=ORIENTED_EDGE('',*,*,#4900,.F.);
#6132=ORIENTED_EDGE('',*,*,#4901,.T.);
#6133=ORIENTED_EDGE('',*,*,#4902,.F.);
#6134=ORIENTED_EDGE('',*,*,#4901,.F.);
#6135=ORIENTED_EDGE('',*,*,#4903,.F.);
#6136=ORIENTED_EDGE('',*,*,#4904,.T.);
#6137=ORIENTED_EDGE('',*,*,#4905,.F.);
#6138=ORIENTED_EDGE('',*,*,#4904,.F.);
#6139=ORIENTED_EDGE('',*,*,#4906,.F.);
#6140=ORIENTED_EDGE('',*,*,#4907,.T.);
#6141=ORIENTED_EDGE('',*,*,#4908,.F.);
#6142=ORIENTED_EDGE('',*,*,#4907,.F.);
#6143=ORIENTED_EDGE('',*,*,#4909,.F.);
#6144=ORIENTED_EDGE('',*,*,#4910,.T.);
#6145=ORIENTED_EDGE('',*,*,#4911,.F.);
#6146=ORIENTED_EDGE('',*,*,#4910,.F.);
#6147=ORIENTED_EDGE('',*,*,#4912,.F.);
#6148=ORIENTED_EDGE('',*,*,#4913,.T.);
#6149=ORIENTED_EDGE('',*,*,#4914,.F.);
#6150=ORIENTED_EDGE('',*,*,#4913,.F.);
#6151=ORIENTED_EDGE('',*,*,#4915,.F.);
#6152=ORIENTED_EDGE('',*,*,#4916,.T.);
#6153=ORIENTED_EDGE('',*,*,#4917,.F.);
#6154=ORIENTED_EDGE('',*,*,#4916,.F.);
#6155=ORIENTED_EDGE('',*,*,#4918,.F.);
#6156=ORIENTED_EDGE('',*,*,#4919,.T.);
#6157=ORIENTED_EDGE('',*,*,#4920,.F.);
#6158=ORIENTED_EDGE('',*,*,#4919,.F.);
#6159=ORIENTED_EDGE('',*,*,#4921,.F.);
#6160=ORIENTED_EDGE('',*,*,#4922,.T.);
#6161=ORIENTED_EDGE('',*,*,#4923,.F.);
#6162=ORIENTED_EDGE('',*,*,#4922,.F.);
#6163=ORIENTED_EDGE('',*,*,#4924,.F.);
#6164=ORIENTED_EDGE('',*,*,#4925,.T.);
#6165=ORIENTED_EDGE('',*,*,#4926,.F.);
#6166=ORIENTED_EDGE('',*,*,#4925,.F.);
#6167=ORIENTED_EDGE('',*,*,#4927,.F.);
#6168=ORIENTED_EDGE('',*,*,#4928,.T.);
#6169=ORIENTED_EDGE('',*,*,#4929,.F.);
#6170=ORIENTED_EDGE('',*,*,#4928,.F.);
#6171=ORIENTED_EDGE('',*,*,#4930,.F.);
#6172=ORIENTED_EDGE('',*,*,#4931,.T.);
#6173=ORIENTED_EDGE('',*,*,#4932,.F.);
#6174=ORIENTED_EDGE('',*,*,#4931,.F.);
#6175=ORIENTED_EDGE('',*,*,#4933,.F.);
#6176=ORIENTED_EDGE('',*,*,#4934,.F.);
#6177=ORIENTED_EDGE('',*,*,#4935,.F.);
#6178=ORIENTED_EDGE('',*,*,#4936,.F.);
#6179=ORIENTED_EDGE('',*,*,#4937,.F.);
#6180=ORIENTED_EDGE('',*,*,#4938,.F.);
#6181=ORIENTED_EDGE('',*,*,#4939,.F.);
#6182=ORIENTED_EDGE('',*,*,#4940,.F.);
#6183=ORIENTED_EDGE('',*,*,#4941,.F.);
#6184=ORIENTED_EDGE('',*,*,#4942,.F.);
#6185=ORIENTED_EDGE('',*,*,#4943,.F.);
#6186=ORIENTED_EDGE('',*,*,#4944,.F.);
#6187=ORIENTED_EDGE('',*,*,#4945,.F.);
#6188=ORIENTED_EDGE('',*,*,#4946,.F.);
#6189=ORIENTED_EDGE('',*,*,#4947,.F.);
#6190=ORIENTED_EDGE('',*,*,#4948,.F.);
#6191=ORIENTED_EDGE('',*,*,#4945,.T.);
#6192=ORIENTED_EDGE('',*,*,#4949,.T.);
#6193=ORIENTED_EDGE('',*,*,#4950,.F.);
#6194=ORIENTED_EDGE('',*,*,#4951,.F.);
#6195=ORIENTED_EDGE('',*,*,#4943,.T.);
#6196=ORIENTED_EDGE('',*,*,#4952,.T.);
#6197=ORIENTED_EDGE('',*,*,#4953,.F.);
#6198=ORIENTED_EDGE('',*,*,#4954,.F.);
#6199=ORIENTED_EDGE('',*,*,#4937,.T.);
#6200=ORIENTED_EDGE('',*,*,#4955,.T.);
#6201=ORIENTED_EDGE('',*,*,#4956,.F.);
#6202=ORIENTED_EDGE('',*,*,#4957,.F.);
#6203=ORIENTED_EDGE('',*,*,#4935,.T.);
#6204=ORIENTED_EDGE('',*,*,#4958,.T.);
#6205=ORIENTED_EDGE('',*,*,#4959,.F.);
#6206=ORIENTED_EDGE('',*,*,#4960,.F.);
#6207=ORIENTED_EDGE('',*,*,#4961,.F.);
#6208=ORIENTED_EDGE('',*,*,#4962,.F.);
#6209=ORIENTED_EDGE('',*,*,#4963,.T.);
#6210=ORIENTED_EDGE('',*,*,#4964,.T.);
#6211=ORIENTED_EDGE('',*,*,#4965,.F.);
#6212=ORIENTED_EDGE('',*,*,#4966,.T.);
#6213=ORIENTED_EDGE('',*,*,#4967,.T.);
#6214=ORIENTED_EDGE('',*,*,#4968,.F.);
#6215=ORIENTED_EDGE('',*,*,#4969,.F.);
#6216=ORIENTED_EDGE('',*,*,#4970,.F.);
#6217=ORIENTED_EDGE('',*,*,#4964,.F.);
#6218=ORIENTED_EDGE('',*,*,#4971,.T.);
#6219=ORIENTED_EDGE('',*,*,#4933,.T.);
#6220=ORIENTED_EDGE('',*,*,#4972,.F.);
#6221=ORIENTED_EDGE('',*,*,#4973,.F.);
#6222=ORIENTED_EDGE('',*,*,#4974,.T.);
#6223=ORIENTED_EDGE('',*,*,#4975,.F.);
#6224=ORIENTED_EDGE('',*,*,#4976,.F.);
#6225=ORIENTED_EDGE('',*,*,#4977,.F.);
#6226=ORIENTED_EDGE('',*,*,#4978,.T.);
#6227=ORIENTED_EDGE('',*,*,#4947,.T.);
#6228=ORIENTED_EDGE('',*,*,#4979,.F.);
#6229=ORIENTED_EDGE('',*,*,#4980,.F.);
#6230=ORIENTED_EDGE('',*,*,#4981,.T.);
#6231=ORIENTED_EDGE('',*,*,#4982,.F.);
#6232=ORIENTED_EDGE('',*,*,#4983,.T.);
#6233=ORIENTED_EDGE('',*,*,#4962,.T.);
#6234=ORIENTED_EDGE('',*,*,#4984,.F.);
#6235=ORIENTED_EDGE('',*,*,#4985,.F.);
#6236=ORIENTED_EDGE('',*,*,#4967,.F.);
#6237=ORIENTED_EDGE('',*,*,#4986,.T.);
#6238=ORIENTED_EDGE('',*,*,#4977,.T.);
#6239=ORIENTED_EDGE('',*,*,#4941,.T.);
#6240=ORIENTED_EDGE('',*,*,#4987,.F.);
#6241=ORIENTED_EDGE('',*,*,#4988,.F.);
#6242=ORIENTED_EDGE('',*,*,#4989,.T.);
#6243=ORIENTED_EDGE('',*,*,#4953,.T.);
#6244=ORIENTED_EDGE('',*,*,#4990,.F.);
#6245=ORIENTED_EDGE('',*,*,#4988,.T.);
#6246=ORIENTED_EDGE('',*,*,#4991,.F.);
#6247=ORIENTED_EDGE('',*,*,#4973,.T.);
#6248=ORIENTED_EDGE('',*,*,#4992,.F.);
#6249=ORIENTED_EDGE('',*,*,#4959,.T.);
#6250=ORIENTED_EDGE('',*,*,#4993,.F.);
#6251=ORIENTED_EDGE('',*,*,#4982,.T.);
#6252=ORIENTED_EDGE('',*,*,#4994,.F.);
#6253=ORIENTED_EDGE('',*,*,#4995,.T.);
#6254=ORIENTED_EDGE('',*,*,#4996,.F.);
#6255=ORIENTED_EDGE('',*,*,#4963,.F.);
#6256=ORIENTED_EDGE('',*,*,#4983,.F.);
#6257=ORIENTED_EDGE('',*,*,#4996,.T.);
#6258=ORIENTED_EDGE('',*,*,#4997,.F.);
#6259=ORIENTED_EDGE('',*,*,#4998,.F.);
#6260=ORIENTED_EDGE('',*,*,#4999,.F.);
#6261=ORIENTED_EDGE('',*,*,#5000,.T.);
#6262=ORIENTED_EDGE('',*,*,#4978,.F.);
#6263=ORIENTED_EDGE('',*,*,#4986,.F.);
#6264=ORIENTED_EDGE('',*,*,#4966,.F.);
#6265=ORIENTED_EDGE('',*,*,#5001,.T.);
#6266=ORIENTED_EDGE('',*,*,#5002,.F.);
#6267=ORIENTED_EDGE('',*,*,#5003,.F.);
#6268=ORIENTED_EDGE('',*,*,#5004,.F.);
#6269=ORIENTED_EDGE('',*,*,#5005,.T.);
#6270=ORIENTED_EDGE('',*,*,#4971,.F.);
#6271=ORIENTED_EDGE('',*,*,#4900,.T.);
#6272=ORIENTED_EDGE('',*,*,#4903,.T.);
#6273=ORIENTED_EDGE('',*,*,#4906,.T.);
#6274=ORIENTED_EDGE('',*,*,#4909,.T.);
#6275=ORIENTED_EDGE('',*,*,#4912,.T.);
#6276=ORIENTED_EDGE('',*,*,#4915,.T.);
#6277=ORIENTED_EDGE('',*,*,#4918,.T.);
#6278=ORIENTED_EDGE('',*,*,#4921,.T.);
#6279=ORIENTED_EDGE('',*,*,#4924,.T.);
#6280=ORIENTED_EDGE('',*,*,#4927,.T.);
#6281=ORIENTED_EDGE('',*,*,#4930,.T.);
#6282=ORIENTED_EDGE('',*,*,#4989,.F.);
#6283=ORIENTED_EDGE('',*,*,#4990,.T.);
#6284=ORIENTED_EDGE('',*,*,#4952,.F.);
#6285=ORIENTED_EDGE('',*,*,#4942,.T.);
#6286=ORIENTED_EDGE('',*,*,#4974,.F.);
#6287=ORIENTED_EDGE('',*,*,#4993,.T.);
#6288=ORIENTED_EDGE('',*,*,#4958,.F.);
#6289=ORIENTED_EDGE('',*,*,#4934,.T.);
#6290=ORIENTED_EDGE('',*,*,#4948,.T.);
#6291=ORIENTED_EDGE('',*,*,#4981,.F.);
#6292=ORIENTED_EDGE('',*,*,#5006,.T.);
#6293=ORIENTED_EDGE('',*,*,#4949,.F.);
#6294=ORIENTED_EDGE('',*,*,#4940,.T.);
#6295=ORIENTED_EDGE('',*,*,#5007,.F.);
#6296=ORIENTED_EDGE('',*,*,#5008,.T.);
#6297=ORIENTED_EDGE('',*,*,#4955,.F.);
#6298=ORIENTED_EDGE('',*,*,#4980,.T.);
#6299=ORIENTED_EDGE('',*,*,#5009,.F.);
#6300=ORIENTED_EDGE('',*,*,#4950,.T.);
#6301=ORIENTED_EDGE('',*,*,#5006,.F.);
#6302=ORIENTED_EDGE('',*,*,#4975,.T.);
#6303=ORIENTED_EDGE('',*,*,#5000,.F.);
#6304=ORIENTED_EDGE('',*,*,#5010,.T.);
#6305=ORIENTED_EDGE('',*,*,#5011,.F.);
#6306=ORIENTED_EDGE('',*,*,#4965,.T.);
#6307=ORIENTED_EDGE('',*,*,#5012,.F.);
#6308=ORIENTED_EDGE('',*,*,#5013,.T.);
#6309=ORIENTED_EDGE('',*,*,#5001,.F.);
#6310=ORIENTED_EDGE('',*,*,#5014,.F.);
#6311=ORIENTED_EDGE('',*,*,#5015,.F.);
#6312=ORIENTED_EDGE('',*,*,#4998,.T.);
#6313=ORIENTED_EDGE('',*,*,#5016,.T.);
#6314=ORIENTED_EDGE('',*,*,#5017,.F.);
#6315=ORIENTED_EDGE('',*,*,#5004,.T.);
#6316=ORIENTED_EDGE('',*,*,#5018,.T.);
#6317=ORIENTED_EDGE('',*,*,#5019,.F.);
#6318=ORIENTED_EDGE('',*,*,#4995,.F.);
#6319=ORIENTED_EDGE('',*,*,#5020,.F.);
#6320=ORIENTED_EDGE('',*,*,#5016,.F.);
#6321=ORIENTED_EDGE('',*,*,#4997,.T.);
#6322=ORIENTED_EDGE('',*,*,#5013,.F.);
#6323=ORIENTED_EDGE('',*,*,#5021,.F.);
#6324=ORIENTED_EDGE('',*,*,#5022,.F.);
#6325=ORIENTED_EDGE('',*,*,#5002,.T.);
#6326=ORIENTED_EDGE('',*,*,#5010,.F.);
#6327=ORIENTED_EDGE('',*,*,#4999,.T.);
#6328=ORIENTED_EDGE('',*,*,#5015,.T.);
#6329=ORIENTED_EDGE('',*,*,#5023,.F.);
#6330=ORIENTED_EDGE('',*,*,#5024,.F.);
#6331=ORIENTED_EDGE('',*,*,#5018,.F.);
#6332=ORIENTED_EDGE('',*,*,#5003,.T.);
#6333=ORIENTED_EDGE('',*,*,#5022,.T.);
#6334=ORIENTED_EDGE('',*,*,#4939,.T.);
#6335=ORIENTED_EDGE('',*,*,#5025,.F.);
#6336=ORIENTED_EDGE('',*,*,#5026,.F.);
#6337=ORIENTED_EDGE('',*,*,#5007,.T.);
#6338=ORIENTED_EDGE('',*,*,#4956,.T.);
#6339=ORIENTED_EDGE('',*,*,#5008,.F.);
#6340=ORIENTED_EDGE('',*,*,#5026,.T.);
#6341=ORIENTED_EDGE('',*,*,#5027,.F.);
#6342=ORIENTED_EDGE('',*,*,#5028,.T.);
#6343=ORIENTED_EDGE('',*,*,#5019,.T.);
#6344=ORIENTED_EDGE('',*,*,#5024,.T.);
#6345=ORIENTED_EDGE('',*,*,#5021,.T.);
#6346=ORIENTED_EDGE('',*,*,#5012,.T.);
#6347=ORIENTED_EDGE('',*,*,#4968,.T.);
#6348=ORIENTED_EDGE('',*,*,#4985,.T.);
#6349=ORIENTED_EDGE('',*,*,#4976,.T.);
#6350=ORIENTED_EDGE('',*,*,#5011,.T.);
#6351=ORIENTED_EDGE('',*,*,#5023,.T.);
#6352=ORIENTED_EDGE('',*,*,#5014,.T.);
#6353=ORIENTED_EDGE('',*,*,#5020,.T.);
#6354=ORIENTED_EDGE('',*,*,#4994,.T.);
#6355=ORIENTED_EDGE('',*,*,#4984,.T.);
#6356=ORIENTED_EDGE('',*,*,#4961,.T.);
#6357=ORIENTED_EDGE('',*,*,#4970,.T.);
#6358=ORIENTED_EDGE('',*,*,#4902,.T.);
#6359=ORIENTED_EDGE('',*,*,#4905,.T.);
#6360=ORIENTED_EDGE('',*,*,#4908,.T.);
#6361=ORIENTED_EDGE('',*,*,#4911,.T.);
#6362=ORIENTED_EDGE('',*,*,#4914,.T.);
#6363=ORIENTED_EDGE('',*,*,#4917,.T.);
#6364=ORIENTED_EDGE('',*,*,#4920,.T.);
#6365=ORIENTED_EDGE('',*,*,#4923,.T.);
#6366=ORIENTED_EDGE('',*,*,#4926,.T.);
#6367=ORIENTED_EDGE('',*,*,#4929,.T.);
#6368=ORIENTED_EDGE('',*,*,#4932,.T.);
#6369=ORIENTED_EDGE('',*,*,#4951,.T.);
#6370=ORIENTED_EDGE('',*,*,#5009,.T.);
#6371=ORIENTED_EDGE('',*,*,#4979,.T.);
#6372=ORIENTED_EDGE('',*,*,#4946,.T.);
#6373=ORIENTED_EDGE('',*,*,#4957,.T.);
#6374=ORIENTED_EDGE('',*,*,#5027,.T.);
#6375=ORIENTED_EDGE('',*,*,#5025,.T.);
#6376=ORIENTED_EDGE('',*,*,#4938,.T.);
#6377=ORIENTED_EDGE('',*,*,#4944,.T.);
#6378=ORIENTED_EDGE('',*,*,#4954,.T.);
#6379=ORIENTED_EDGE('',*,*,#4991,.T.);
#6380=ORIENTED_EDGE('',*,*,#4987,.T.);
#6381=ORIENTED_EDGE('',*,*,#4936,.T.);
#6382=ORIENTED_EDGE('',*,*,#4960,.T.);
#6383=ORIENTED_EDGE('',*,*,#4992,.T.);
#6384=ORIENTED_EDGE('',*,*,#4972,.T.);
#6385=ORIENTED_EDGE('',*,*,#4969,.T.);
#6386=ORIENTED_EDGE('',*,*,#5005,.F.);
#6387=ORIENTED_EDGE('',*,*,#5017,.T.);
#6388=ORIENTED_EDGE('',*,*,#5028,.F.);
#6389=ORIENTED_EDGE('',*,*,#5029,.T.);
#6390=ORIENTED_EDGE('',*,*,#5030,.T.);
#6391=ORIENTED_EDGE('',*,*,#5031,.F.);
#6392=ORIENTED_EDGE('',*,*,#5030,.F.);
#6393=ORIENTED_EDGE('',*,*,#5029,.F.);
#6394=ORIENTED_EDGE('',*,*,#5032,.F.);
#6395=ORIENTED_EDGE('',*,*,#5033,.T.);
#6396=ORIENTED_EDGE('',*,*,#5034,.F.);
#6397=ORIENTED_EDGE('',*,*,#5035,.F.);
#6398=ORIENTED_EDGE('',*,*,#5036,.F.);
#6399=ORIENTED_EDGE('',*,*,#5035,.T.);
#6400=ORIENTED_EDGE('',*,*,#5037,.T.);
#6401=ORIENTED_EDGE('',*,*,#5038,.T.);
#6402=ORIENTED_EDGE('',*,*,#5039,.F.);
#6403=ORIENTED_EDGE('',*,*,#5038,.F.);
#6404=ORIENTED_EDGE('',*,*,#5040,.T.);
#6405=ORIENTED_EDGE('',*,*,#5041,.T.);
#6406=ORIENTED_EDGE('',*,*,#5037,.F.);
#6407=ORIENTED_EDGE('',*,*,#5034,.T.);
#6408=ORIENTED_EDGE('',*,*,#5042,.T.);
#6409=ORIENTED_EDGE('',*,*,#5040,.F.);
#6410=ORIENTED_EDGE('',*,*,#5043,.F.);
#6411=ORIENTED_EDGE('',*,*,#5041,.F.);
#6412=ORIENTED_EDGE('',*,*,#5042,.F.);
#6413=ORIENTED_EDGE('',*,*,#5033,.F.);
#6414=ORIENTED_EDGE('',*,*,#5044,.T.);
#6415=ORIENTED_EDGE('',*,*,#5045,.T.);
#6416=ORIENTED_EDGE('',*,*,#5046,.T.);
#6417=ORIENTED_EDGE('',*,*,#5045,.F.);
#6418=ORIENTED_EDGE('',*,*,#5047,.F.);
#6419=ORIENTED_EDGE('',*,*,#5046,.F.);
#6420=ORIENTED_EDGE('',*,*,#5048,.F.);
#6421=ORIENTED_EDGE('',*,*,#5044,.F.);
#6422=ORIENTED_EDGE('',*,*,#5049,.F.);
#6423=ORIENTED_EDGE('',*,*,#5050,.T.);
#6424=ORIENTED_EDGE('',*,*,#5048,.T.);
#6425=ORIENTED_EDGE('',*,*,#5050,.F.);
#6426=ORIENTED_EDGE('',*,*,#5051,.T.);
#6427=ORIENTED_EDGE('',*,*,#5052,.F.);
#6428=ORIENTED_EDGE('',*,*,#5053,.T.);
#6429=ORIENTED_EDGE('',*,*,#5054,.F.);
#6430=ORIENTED_EDGE('',*,*,#5053,.F.);
#6431=ORIENTED_EDGE('',*,*,#5055,.T.);
#6432=ORIENTED_EDGE('',*,*,#5051,.F.);
#6433=ORIENTED_EDGE('',*,*,#5055,.F.);
#6434=ORIENTED_EDGE('',*,*,#5047,.T.);
#6435=ORIENTED_EDGE('',*,*,#5056,.T.);
#6436=ORIENTED_EDGE('',*,*,#5054,.T.);
#6437=ORIENTED_EDGE('',*,*,#5056,.F.);
#6438=ORIENTED_EDGE('',*,*,#5039,.T.);
#6439=ORIENTED_EDGE('',*,*,#5043,.T.);
#6440=ORIENTED_EDGE('',*,*,#5032,.T.);
#6441=ORIENTED_EDGE('',*,*,#5036,.T.);
#6442=ORIENTED_EDGE('',*,*,#5052,.T.);
#6443=ORIENTED_EDGE('',*,*,#5057,.T.);
#6444=ORIENTED_EDGE('',*,*,#5058,.F.);
#6445=ORIENTED_EDGE('',*,*,#5057,.F.);
#6446=ORIENTED_EDGE('',*,*,#5058,.T.);
#6447=ORIENTED_EDGE('',*,*,#5049,.T.);
#6448=ORIENTED_EDGE('',*,*,#5031,.T.);
#6449=ORIENTED_EDGE('',*,*,#5059,.F.);
#6450=ORIENTED_EDGE('',*,*,#5060,.T.);
#6451=ORIENTED_EDGE('',*,*,#5061,.F.);
#6452=ORIENTED_EDGE('',*,*,#5062,.F.);
#6453=ORIENTED_EDGE('',*,*,#5063,.F.);
#6454=ORIENTED_EDGE('',*,*,#5064,.F.);
#6455=ORIENTED_EDGE('',*,*,#5065,.F.);
#6456=ORIENTED_EDGE('',*,*,#5060,.F.);
#6457=ORIENTED_EDGE('',*,*,#5066,.F.);
#6458=ORIENTED_EDGE('',*,*,#5062,.T.);
#6459=ORIENTED_EDGE('',*,*,#5067,.F.);
#6460=ORIENTED_EDGE('',*,*,#5068,.F.);
#6461=ORIENTED_EDGE('',*,*,#5067,.T.);
#6462=ORIENTED_EDGE('',*,*,#5061,.T.);
#6463=ORIENTED_EDGE('',*,*,#5065,.T.);
#6464=ORIENTED_EDGE('',*,*,#5069,.T.);
#6465=ORIENTED_EDGE('',*,*,#5070,.T.);
#6466=ORIENTED_EDGE('',*,*,#5071,.T.);
#6467=ORIENTED_EDGE('',*,*,#5072,.T.);
#6468=ORIENTED_EDGE('',*,*,#5073,.T.);
#6469=ORIENTED_EDGE('',*,*,#5074,.T.);
#6470=ORIENTED_EDGE('',*,*,#5075,.T.);
#6471=ORIENTED_EDGE('',*,*,#5076,.T.);
#6472=ORIENTED_EDGE('',*,*,#5077,.T.);
#6473=ORIENTED_EDGE('',*,*,#5078,.T.);
#6474=ORIENTED_EDGE('',*,*,#5079,.T.);
#6475=ORIENTED_EDGE('',*,*,#5080,.T.);
#6476=ORIENTED_EDGE('',*,*,#5081,.T.);
#6477=ORIENTED_EDGE('',*,*,#5082,.T.);
#6478=ORIENTED_EDGE('',*,*,#5083,.T.);
#6479=ORIENTED_EDGE('',*,*,#5084,.T.);
#6480=ORIENTED_EDGE('',*,*,#5085,.T.);
#6481=ORIENTED_EDGE('',*,*,#5086,.T.);
#6482=ORIENTED_EDGE('',*,*,#5087,.T.);
#6483=ORIENTED_EDGE('',*,*,#5088,.T.);
#6484=ORIENTED_EDGE('',*,*,#5089,.T.);
#6485=ORIENTED_EDGE('',*,*,#5090,.T.);
#6486=ORIENTED_EDGE('',*,*,#5091,.T.);
#6487=ORIENTED_EDGE('',*,*,#5092,.T.);
#6488=ORIENTED_EDGE('',*,*,#5093,.T.);
#6489=ORIENTED_EDGE('',*,*,#5094,.T.);
#6490=ORIENTED_EDGE('',*,*,#5064,.T.);
#6491=ORIENTED_EDGE('',*,*,#5095,.T.);
#6492=ORIENTED_EDGE('',*,*,#5096,.T.);
#6493=ORIENTED_EDGE('',*,*,#5069,.F.);
#6494=ORIENTED_EDGE('',*,*,#5097,.F.);
#6495=ORIENTED_EDGE('',*,*,#5098,.F.);
#6496=ORIENTED_EDGE('',*,*,#5073,.F.);
#6497=ORIENTED_EDGE('',*,*,#5099,.F.);
#6498=ORIENTED_EDGE('',*,*,#5100,.F.);
#6499=ORIENTED_EDGE('',*,*,#5101,.T.);
#6500=ORIENTED_EDGE('',*,*,#5071,.F.);
#6501=ORIENTED_EDGE('',*,*,#5102,.F.);
#6502=ORIENTED_EDGE('',*,*,#5103,.F.);
#6503=ORIENTED_EDGE('',*,*,#5099,.T.);
#6504=ORIENTED_EDGE('',*,*,#5072,.F.);
#6505=ORIENTED_EDGE('',*,*,#5101,.F.);
#6506=ORIENTED_EDGE('',*,*,#5098,.T.);
#6507=ORIENTED_EDGE('',*,*,#5104,.T.);
#6508=ORIENTED_EDGE('',*,*,#5105,.T.);
#6509=ORIENTED_EDGE('',*,*,#5074,.F.);
#6510=ORIENTED_EDGE('',*,*,#5102,.T.);
#6511=ORIENTED_EDGE('',*,*,#5070,.F.);
#6512=ORIENTED_EDGE('',*,*,#5096,.F.);
#6513=ORIENTED_EDGE('',*,*,#5106,.T.);
#6514=ORIENTED_EDGE('',*,*,#5107,.F.);
#6515=ORIENTED_EDGE('',*,*,#5108,.T.);
#6516=ORIENTED_EDGE('',*,*,#5076,.F.);
#6517=ORIENTED_EDGE('',*,*,#5109,.F.);
#6518=ORIENTED_EDGE('',*,*,#5110,.F.);
#6519=ORIENTED_EDGE('',*,*,#5111,.T.);
#6520=ORIENTED_EDGE('',*,*,#5077,.F.);
#6521=ORIENTED_EDGE('',*,*,#5108,.F.);
#6522=ORIENTED_EDGE('',*,*,#5112,.F.);
#6523=ORIENTED_EDGE('',*,*,#5113,.F.);
#6524=ORIENTED_EDGE('',*,*,#5078,.F.);
#6525=ORIENTED_EDGE('',*,*,#5111,.F.);
#6526=ORIENTED_EDGE('',*,*,#5109,.T.);
#6527=ORIENTED_EDGE('',*,*,#5075,.F.);
#6528=ORIENTED_EDGE('',*,*,#5105,.F.);
#6529=ORIENTED_EDGE('',*,*,#5114,.T.);
#6530=ORIENTED_EDGE('',*,*,#5113,.T.);
#6531=ORIENTED_EDGE('',*,*,#5115,.T.);
#6532=ORIENTED_EDGE('',*,*,#5116,.T.);
#6533=ORIENTED_EDGE('',*,*,#5079,.F.);
#6534=ORIENTED_EDGE('',*,*,#5066,.T.);
#6535=ORIENTED_EDGE('',*,*,#5117,.F.);
#6536=ORIENTED_EDGE('',*,*,#5118,.F.);
#6537=ORIENTED_EDGE('',*,*,#5119,.T.);
#6538=ORIENTED_EDGE('',*,*,#5120,.T.);
#6539=ORIENTED_EDGE('',*,*,#5121,.T.);
#6540=ORIENTED_EDGE('',*,*,#5122,.F.);
#6541=ORIENTED_EDGE('',*,*,#5115,.F.);
#6542=ORIENTED_EDGE('',*,*,#5112,.T.);
#6543=ORIENTED_EDGE('',*,*,#5110,.T.);
#6544=ORIENTED_EDGE('',*,*,#5107,.T.);
#6545=ORIENTED_EDGE('',*,*,#5114,.F.);
#6546=ORIENTED_EDGE('',*,*,#5104,.F.);
#6547=ORIENTED_EDGE('',*,*,#5097,.T.);
#6548=ORIENTED_EDGE('',*,*,#5103,.T.);
#6549=ORIENTED_EDGE('',*,*,#5100,.T.);
#6550=ORIENTED_EDGE('',*,*,#5106,.F.);
#6551=ORIENTED_EDGE('',*,*,#5095,.F.);
#6552=ORIENTED_EDGE('',*,*,#5063,.T.);
#6553=ORIENTED_EDGE('',*,*,#5059,.T.);
#6554=ORIENTED_EDGE('',*,*,#5123,.T.);
#6555=ORIENTED_EDGE('',*,*,#5124,.T.);
#6556=ORIENTED_EDGE('',*,*,#5125,.T.);
#6557=ORIENTED_EDGE('',*,*,#5126,.T.);
#6558=ORIENTED_EDGE('',*,*,#5127,.T.);
#6559=ORIENTED_EDGE('',*,*,#5128,.T.);
#6560=ORIENTED_EDGE('',*,*,#5129,.T.);
#6561=ORIENTED_EDGE('',*,*,#5130,.T.);
#6562=ORIENTED_EDGE('',*,*,#5131,.T.);
#6563=ORIENTED_EDGE('',*,*,#5121,.F.);
#6564=ORIENTED_EDGE('',*,*,#5132,.T.);
#6565=ORIENTED_EDGE('',*,*,#5081,.F.);
#6566=ORIENTED_EDGE('',*,*,#5133,.F.);
#6567=ORIENTED_EDGE('',*,*,#5120,.F.);
#6568=ORIENTED_EDGE('',*,*,#5134,.T.);
#6569=ORIENTED_EDGE('',*,*,#5082,.F.);
#6570=ORIENTED_EDGE('',*,*,#5132,.F.);
#6571=ORIENTED_EDGE('',*,*,#5119,.F.);
#6572=ORIENTED_EDGE('',*,*,#5135,.F.);
#6573=ORIENTED_EDGE('',*,*,#5083,.F.);
#6574=ORIENTED_EDGE('',*,*,#5134,.F.);
#6575=ORIENTED_EDGE('',*,*,#5135,.T.);
#6576=ORIENTED_EDGE('',*,*,#5118,.T.);
#6577=ORIENTED_EDGE('',*,*,#5136,.T.);
#6578=ORIENTED_EDGE('',*,*,#5084,.F.);
#6579=ORIENTED_EDGE('',*,*,#5131,.F.);
#6580=ORIENTED_EDGE('',*,*,#5137,.T.);
#6581=ORIENTED_EDGE('',*,*,#5094,.F.);
#6582=ORIENTED_EDGE('',*,*,#5137,.F.);
#6583=ORIENTED_EDGE('',*,*,#5130,.F.);
#6584=ORIENTED_EDGE('',*,*,#5138,.T.);
#6585=ORIENTED_EDGE('',*,*,#5093,.F.);
#6586=ORIENTED_EDGE('',*,*,#5138,.F.);
#6587=ORIENTED_EDGE('',*,*,#5129,.F.);
#6588=ORIENTED_EDGE('',*,*,#5139,.T.);
#6589=ORIENTED_EDGE('',*,*,#5092,.F.);
#6590=ORIENTED_EDGE('',*,*,#5139,.F.);
#6591=ORIENTED_EDGE('',*,*,#5128,.F.);
#6592=ORIENTED_EDGE('',*,*,#5140,.T.);
#6593=ORIENTED_EDGE('',*,*,#5091,.F.);
#6594=ORIENTED_EDGE('',*,*,#5140,.F.);
#6595=ORIENTED_EDGE('',*,*,#5127,.F.);
#6596=ORIENTED_EDGE('',*,*,#5141,.T.);
#6597=ORIENTED_EDGE('',*,*,#5090,.F.);
#6598=ORIENTED_EDGE('',*,*,#5141,.F.);
#6599=ORIENTED_EDGE('',*,*,#5126,.F.);
#6600=ORIENTED_EDGE('',*,*,#5142,.T.);
#6601=ORIENTED_EDGE('',*,*,#5089,.F.);
#6602=ORIENTED_EDGE('',*,*,#5142,.F.);
#6603=ORIENTED_EDGE('',*,*,#5125,.F.);
#6604=ORIENTED_EDGE('',*,*,#5143,.T.);
#6605=ORIENTED_EDGE('',*,*,#5088,.F.);
#6606=ORIENTED_EDGE('',*,*,#5143,.F.);
#6607=ORIENTED_EDGE('',*,*,#5124,.F.);
#6608=ORIENTED_EDGE('',*,*,#5144,.T.);
#6609=ORIENTED_EDGE('',*,*,#5087,.F.);
#6610=ORIENTED_EDGE('',*,*,#5144,.F.);
#6611=ORIENTED_EDGE('',*,*,#5145,.T.);
#6612=ORIENTED_EDGE('',*,*,#5146,.T.);
#6613=ORIENTED_EDGE('',*,*,#5086,.F.);
#6614=ORIENTED_EDGE('',*,*,#5146,.F.);
#6615=ORIENTED_EDGE('',*,*,#5145,.F.);
#6616=ORIENTED_EDGE('',*,*,#5147,.F.);
#6617=ORIENTED_EDGE('',*,*,#5123,.F.);
#6618=ORIENTED_EDGE('',*,*,#5148,.T.);
#6619=ORIENTED_EDGE('',*,*,#5149,.T.);
#6620=ORIENTED_EDGE('',*,*,#5148,.F.);
#6621=ORIENTED_EDGE('',*,*,#5149,.F.);
#6622=ORIENTED_EDGE('',*,*,#5150,.F.);
#6623=ORIENTED_EDGE('',*,*,#5150,.T.);
#6624=ORIENTED_EDGE('',*,*,#5151,.T.);
#6625=ORIENTED_EDGE('',*,*,#5147,.T.);
#6626=ORIENTED_EDGE('',*,*,#5151,.F.);
#6627=ORIENTED_EDGE('',*,*,#5068,.T.);
#6628=ORIENTED_EDGE('',*,*,#5085,.F.);
#6629=ORIENTED_EDGE('',*,*,#5136,.F.);
#6630=ORIENTED_EDGE('',*,*,#5117,.T.);
#6631=ORIENTED_EDGE('',*,*,#5133,.T.);
#6632=ORIENTED_EDGE('',*,*,#5080,.F.);
#6633=ORIENTED_EDGE('',*,*,#5116,.F.);
#6634=ORIENTED_EDGE('',*,*,#5122,.T.);
#6635=ORIENTED_EDGE('',*,*,#5152,.F.);
#6636=ORIENTED_EDGE('',*,*,#5153,.T.);
#6637=ORIENTED_EDGE('',*,*,#5154,.F.);
#6638=ORIENTED_EDGE('',*,*,#5153,.F.);
#6639=ORIENTED_EDGE('',*,*,#5155,.F.);
#6640=ORIENTED_EDGE('',*,*,#5156,.T.);
#6641=ORIENTED_EDGE('',*,*,#5157,.F.);
#6642=ORIENTED_EDGE('',*,*,#5156,.F.);
#6643=ORIENTED_EDGE('',*,*,#5158,.F.);
#6644=ORIENTED_EDGE('',*,*,#5159,.T.);
#6645=ORIENTED_EDGE('',*,*,#5160,.F.);
#6646=ORIENTED_EDGE('',*,*,#5159,.F.);
#6647=ORIENTED_EDGE('',*,*,#5161,.F.);
#6648=ORIENTED_EDGE('',*,*,#5162,.T.);
#6649=ORIENTED_EDGE('',*,*,#5163,.F.);
#6650=ORIENTED_EDGE('',*,*,#5162,.F.);
#6651=ORIENTED_EDGE('',*,*,#5164,.F.);
#6652=ORIENTED_EDGE('',*,*,#5165,.T.);
#6653=ORIENTED_EDGE('',*,*,#5166,.F.);
#6654=ORIENTED_EDGE('',*,*,#5165,.F.);
#6655=ORIENTED_EDGE('',*,*,#5167,.F.);
#6656=ORIENTED_EDGE('',*,*,#5168,.T.);
#6657=ORIENTED_EDGE('',*,*,#5169,.F.);
#6658=ORIENTED_EDGE('',*,*,#5168,.F.);
#6659=ORIENTED_EDGE('',*,*,#5170,.F.);
#6660=ORIENTED_EDGE('',*,*,#5171,.T.);
#6661=ORIENTED_EDGE('',*,*,#5172,.F.);
#6662=ORIENTED_EDGE('',*,*,#5171,.F.);
#6663=ORIENTED_EDGE('',*,*,#5173,.F.);
#6664=ORIENTED_EDGE('',*,*,#5174,.T.);
#6665=ORIENTED_EDGE('',*,*,#5175,.F.);
#6666=ORIENTED_EDGE('',*,*,#5174,.F.);
#6667=ORIENTED_EDGE('',*,*,#5176,.F.);
#6668=ORIENTED_EDGE('',*,*,#5177,.T.);
#6669=ORIENTED_EDGE('',*,*,#5178,.F.);
#6670=ORIENTED_EDGE('',*,*,#5177,.F.);
#6671=ORIENTED_EDGE('',*,*,#5179,.F.);
#6672=ORIENTED_EDGE('',*,*,#5180,.T.);
#6673=ORIENTED_EDGE('',*,*,#5181,.F.);
#6674=ORIENTED_EDGE('',*,*,#5180,.F.);
#6675=ORIENTED_EDGE('',*,*,#5182,.F.);
#6676=ORIENTED_EDGE('',*,*,#5183,.T.);
#6677=ORIENTED_EDGE('',*,*,#5184,.F.);
#6678=ORIENTED_EDGE('',*,*,#5183,.F.);
#6679=ORIENTED_EDGE('',*,*,#5185,.T.);
#6680=ORIENTED_EDGE('',*,*,#5186,.T.);
#6681=ORIENTED_EDGE('',*,*,#5187,.F.);
#6682=ORIENTED_EDGE('',*,*,#5188,.F.);
#6683=ORIENTED_EDGE('',*,*,#5189,.T.);
#6684=ORIENTED_EDGE('',*,*,#5188,.T.);
#6685=ORIENTED_EDGE('',*,*,#5190,.F.);
#6686=ORIENTED_EDGE('',*,*,#5191,.F.);
#6687=ORIENTED_EDGE('',*,*,#5192,.T.);
#6688=ORIENTED_EDGE('',*,*,#5191,.T.);
#6689=ORIENTED_EDGE('',*,*,#5193,.F.);
#6690=ORIENTED_EDGE('',*,*,#5194,.F.);
#6691=ORIENTED_EDGE('',*,*,#5195,.T.);
#6692=ORIENTED_EDGE('',*,*,#5194,.T.);
#6693=ORIENTED_EDGE('',*,*,#5196,.F.);
#6694=ORIENTED_EDGE('',*,*,#5186,.F.);
#6695=ORIENTED_EDGE('',*,*,#5196,.T.);
#6696=ORIENTED_EDGE('',*,*,#5193,.T.);
#6697=ORIENTED_EDGE('',*,*,#5190,.T.);
#6698=ORIENTED_EDGE('',*,*,#5187,.T.);
#6699=ORIENTED_EDGE('',*,*,#5154,.T.);
#6700=ORIENTED_EDGE('',*,*,#5157,.T.);
#6701=ORIENTED_EDGE('',*,*,#5160,.T.);
#6702=ORIENTED_EDGE('',*,*,#5163,.T.);
#6703=ORIENTED_EDGE('',*,*,#5166,.T.);
#6704=ORIENTED_EDGE('',*,*,#5169,.T.);
#6705=ORIENTED_EDGE('',*,*,#5172,.T.);
#6706=ORIENTED_EDGE('',*,*,#5175,.T.);
#6707=ORIENTED_EDGE('',*,*,#5178,.T.);
#6708=ORIENTED_EDGE('',*,*,#5181,.T.);
#6709=ORIENTED_EDGE('',*,*,#5184,.T.);
#6710=ORIENTED_EDGE('',*,*,#5195,.F.);
#6711=ORIENTED_EDGE('',*,*,#5185,.F.);
#6712=ORIENTED_EDGE('',*,*,#5189,.F.);
#6713=ORIENTED_EDGE('',*,*,#5192,.F.);
#6714=ORIENTED_EDGE('',*,*,#5152,.T.);
#6715=ORIENTED_EDGE('',*,*,#5155,.T.);
#6716=ORIENTED_EDGE('',*,*,#5158,.T.);
#6717=ORIENTED_EDGE('',*,*,#5161,.T.);
#6718=ORIENTED_EDGE('',*,*,#5164,.T.);
#6719=ORIENTED_EDGE('',*,*,#5167,.T.);
#6720=ORIENTED_EDGE('',*,*,#5170,.T.);
#6721=ORIENTED_EDGE('',*,*,#5173,.T.);
#6722=ORIENTED_EDGE('',*,*,#5176,.T.);
#6723=ORIENTED_EDGE('',*,*,#5179,.T.);
#6724=ORIENTED_EDGE('',*,*,#5182,.T.);
#6725=ORIENTED_EDGE('',*,*,#5197,.F.);
#6726=ORIENTED_EDGE('',*,*,#5198,.F.);
#6727=ORIENTED_EDGE('',*,*,#5199,.F.);
#6728=ORIENTED_EDGE('',*,*,#5200,.F.);
#6729=ORIENTED_EDGE('',*,*,#5199,.T.);
#6730=ORIENTED_EDGE('',*,*,#5201,.F.);
#6731=ORIENTED_EDGE('',*,*,#5202,.T.);
#6732=ORIENTED_EDGE('',*,*,#5203,.F.);
#6733=ORIENTED_EDGE('',*,*,#5197,.T.);
#6734=ORIENTED_EDGE('',*,*,#5204,.F.);
#6735=ORIENTED_EDGE('',*,*,#5205,.T.);
#6736=ORIENTED_EDGE('',*,*,#5206,.F.);
#6737=ORIENTED_EDGE('',*,*,#5207,.T.);
#6738=ORIENTED_EDGE('',*,*,#5208,.T.);
#6739=ORIENTED_EDGE('',*,*,#5209,.T.);
#6740=ORIENTED_EDGE('',*,*,#5210,.T.);
#6741=ORIENTED_EDGE('',*,*,#5211,.T.);
#6742=ORIENTED_EDGE('',*,*,#5212,.T.);
#6743=ORIENTED_EDGE('',*,*,#5213,.T.);
#6744=ORIENTED_EDGE('',*,*,#5214,.T.);
#6745=ORIENTED_EDGE('',*,*,#5215,.T.);
#6746=ORIENTED_EDGE('',*,*,#5216,.T.);
#6747=ORIENTED_EDGE('',*,*,#5217,.T.);
#6748=ORIENTED_EDGE('',*,*,#5218,.T.);
#6749=ORIENTED_EDGE('',*,*,#5219,.T.);
#6750=ORIENTED_EDGE('',*,*,#5220,.T.);
#6751=ORIENTED_EDGE('',*,*,#5221,.T.);
#6752=ORIENTED_EDGE('',*,*,#5222,.T.);
#6753=ORIENTED_EDGE('',*,*,#5200,.T.);
#6754=ORIENTED_EDGE('',*,*,#5203,.T.);
#6755=ORIENTED_EDGE('',*,*,#5223,.T.);
#6756=ORIENTED_EDGE('',*,*,#5224,.T.);
#6757=ORIENTED_EDGE('',*,*,#5225,.T.);
#6758=ORIENTED_EDGE('',*,*,#5226,.T.);
#6759=ORIENTED_EDGE('',*,*,#5227,.T.);
#6760=ORIENTED_EDGE('',*,*,#5204,.T.);
#6761=ORIENTED_EDGE('',*,*,#5228,.T.);
#6762=ORIENTED_EDGE('',*,*,#5229,.T.);
#6763=ORIENTED_EDGE('',*,*,#5230,.T.);
#6764=ORIENTED_EDGE('',*,*,#5231,.T.);
#6765=ORIENTED_EDGE('',*,*,#5232,.T.);
#6766=ORIENTED_EDGE('',*,*,#5233,.T.);
#6767=ORIENTED_EDGE('',*,*,#5234,.T.);
#6768=ORIENTED_EDGE('',*,*,#5235,.T.);
#6769=ORIENTED_EDGE('',*,*,#5236,.T.);
#6770=ORIENTED_EDGE('',*,*,#5237,.T.);
#6771=ORIENTED_EDGE('',*,*,#5238,.T.);
#6772=ORIENTED_EDGE('',*,*,#5239,.T.);
#6773=ORIENTED_EDGE('',*,*,#5240,.T.);
#6774=ORIENTED_EDGE('',*,*,#5241,.T.);
#6775=ORIENTED_EDGE('',*,*,#5242,.T.);
#6776=ORIENTED_EDGE('',*,*,#5243,.T.);
#6777=ORIENTED_EDGE('',*,*,#5202,.F.);
#6778=ORIENTED_EDGE('',*,*,#5244,.F.);
#6779=ORIENTED_EDGE('',*,*,#5245,.F.);
#6780=ORIENTED_EDGE('',*,*,#5223,.F.);
#6781=ORIENTED_EDGE('',*,*,#5245,.T.);
#6782=ORIENTED_EDGE('',*,*,#5246,.F.);
#6783=ORIENTED_EDGE('',*,*,#5247,.T.);
#6784=ORIENTED_EDGE('',*,*,#5224,.F.);
#6785=ORIENTED_EDGE('',*,*,#5248,.F.);
#6786=ORIENTED_EDGE('',*,*,#5225,.F.);
#6787=ORIENTED_EDGE('',*,*,#5247,.F.);
#6788=ORIENTED_EDGE('',*,*,#5249,.F.);
#6789=ORIENTED_EDGE('',*,*,#5248,.T.);
#6790=ORIENTED_EDGE('',*,*,#5250,.F.);
#6791=ORIENTED_EDGE('',*,*,#5251,.T.);
#6792=ORIENTED_EDGE('',*,*,#5226,.F.);
#6793=ORIENTED_EDGE('',*,*,#5252,.F.);
#6794=ORIENTED_EDGE('',*,*,#5253,.F.);
#6795=ORIENTED_EDGE('',*,*,#5254,.T.);
#6796=ORIENTED_EDGE('',*,*,#5255,.F.);
#6797=ORIENTED_EDGE('',*,*,#5256,.F.);
#6798=ORIENTED_EDGE('',*,*,#5257,.F.);
#6799=ORIENTED_EDGE('',*,*,#5258,.T.);
#6800=ORIENTED_EDGE('',*,*,#5259,.F.);
#6801=ORIENTED_EDGE('',*,*,#5260,.F.);
#6802=ORIENTED_EDGE('',*,*,#5261,.F.);
#6803=ORIENTED_EDGE('',*,*,#5262,.T.);
#6804=ORIENTED_EDGE('',*,*,#5263,.F.);
#6805=ORIENTED_EDGE('',*,*,#5264,.F.);
#6806=ORIENTED_EDGE('',*,*,#5265,.F.);
#6807=ORIENTED_EDGE('',*,*,#5266,.T.);
#6808=ORIENTED_EDGE('',*,*,#5267,.F.);
#6809=ORIENTED_EDGE('',*,*,#5198,.T.);
#6810=ORIENTED_EDGE('',*,*,#5206,.T.);
#6811=ORIENTED_EDGE('',*,*,#5268,.T.);
#6812=ORIENTED_EDGE('',*,*,#5250,.T.);
#6813=ORIENTED_EDGE('',*,*,#5249,.T.);
#6814=ORIENTED_EDGE('',*,*,#5246,.T.);
#6815=ORIENTED_EDGE('',*,*,#5244,.T.);
#6816=ORIENTED_EDGE('',*,*,#5201,.T.);
#6817=ORIENTED_EDGE('',*,*,#5269,.F.);
#6818=ORIENTED_EDGE('',*,*,#5270,.T.);
#6819=ORIENTED_EDGE('',*,*,#5271,.F.);
#6820=ORIENTED_EDGE('',*,*,#5272,.T.);
#6821=ORIENTED_EDGE('',*,*,#5273,.F.);
#6822=ORIENTED_EDGE('',*,*,#5274,.T.);
#6823=ORIENTED_EDGE('',*,*,#5275,.F.);
#6824=ORIENTED_EDGE('',*,*,#5276,.T.);
#6825=ORIENTED_EDGE('',*,*,#5277,.T.);
#6826=ORIENTED_EDGE('',*,*,#5278,.F.);
#6827=ORIENTED_EDGE('',*,*,#5279,.T.);
#6828=ORIENTED_EDGE('',*,*,#5280,.F.);
#6829=ORIENTED_EDGE('',*,*,#5281,.T.);
#6830=ORIENTED_EDGE('',*,*,#5282,.F.);
#6831=ORIENTED_EDGE('',*,*,#5283,.T.);
#6832=ORIENTED_EDGE('',*,*,#5284,.F.);
#6833=ORIENTED_EDGE('',*,*,#5205,.F.);
#6834=ORIENTED_EDGE('',*,*,#5227,.F.);
#6835=ORIENTED_EDGE('',*,*,#5251,.F.);
#6836=ORIENTED_EDGE('',*,*,#5268,.F.);
#6837=ORIENTED_EDGE('',*,*,#5285,.F.);
#6838=ORIENTED_EDGE('',*,*,#5276,.F.);
#6839=ORIENTED_EDGE('',*,*,#5286,.F.);
#6840=ORIENTED_EDGE('',*,*,#5240,.F.);
#6841=ORIENTED_EDGE('',*,*,#5287,.F.);
#6842=ORIENTED_EDGE('',*,*,#5235,.F.);
#6843=ORIENTED_EDGE('',*,*,#5288,.F.);
#6844=ORIENTED_EDGE('',*,*,#5281,.F.);
#6845=ORIENTED_EDGE('',*,*,#5289,.F.);
#6846=ORIENTED_EDGE('',*,*,#5272,.F.);
#6847=ORIENTED_EDGE('',*,*,#5290,.F.);
#6848=ORIENTED_EDGE('',*,*,#5236,.F.);
#6849=ORIENTED_EDGE('',*,*,#5291,.F.);
#6850=ORIENTED_EDGE('',*,*,#5231,.F.);
#6851=ORIENTED_EDGE('',*,*,#5292,.F.);
#6852=ORIENTED_EDGE('',*,*,#5277,.F.);
#6853=ORIENTED_EDGE('',*,*,#5291,.T.);
#6854=ORIENTED_EDGE('',*,*,#5280,.T.);
#6855=ORIENTED_EDGE('',*,*,#5293,.F.);
#6856=ORIENTED_EDGE('',*,*,#5228,.F.);
#6857=ORIENTED_EDGE('',*,*,#5290,.T.);
#6858=ORIENTED_EDGE('',*,*,#5271,.T.);
#6859=ORIENTED_EDGE('',*,*,#5294,.F.);
#6860=ORIENTED_EDGE('',*,*,#5237,.F.);
#6861=ORIENTED_EDGE('',*,*,#5287,.T.);
#6862=ORIENTED_EDGE('',*,*,#5284,.T.);
#6863=ORIENTED_EDGE('',*,*,#5295,.F.);
#6864=ORIENTED_EDGE('',*,*,#5232,.F.);
#6865=ORIENTED_EDGE('',*,*,#5286,.T.);
#6866=ORIENTED_EDGE('',*,*,#5275,.T.);
#6867=ORIENTED_EDGE('',*,*,#5296,.F.);
#6868=ORIENTED_EDGE('',*,*,#5241,.F.);
#6869=ORIENTED_EDGE('',*,*,#5221,.F.);
#6870=ORIENTED_EDGE('',*,*,#5297,.F.);
#6871=ORIENTED_EDGE('',*,*,#5252,.T.);
#6872=ORIENTED_EDGE('',*,*,#5298,.T.);
#6873=ORIENTED_EDGE('',*,*,#5299,.F.);
#6874=ORIENTED_EDGE('',*,*,#5261,.T.);
#6875=ORIENTED_EDGE('',*,*,#5300,.T.);
#6876=ORIENTED_EDGE('',*,*,#5212,.F.);
#6877=ORIENTED_EDGE('',*,*,#5301,.F.);
#6878=ORIENTED_EDGE('',*,*,#5222,.F.);
#6879=ORIENTED_EDGE('',*,*,#5298,.F.);
#6880=ORIENTED_EDGE('',*,*,#5267,.T.);
#6881=ORIENTED_EDGE('',*,*,#5285,.T.);
#6882=ORIENTED_EDGE('',*,*,#5243,.F.);
#6883=ORIENTED_EDGE('',*,*,#5302,.F.);
#6884=ORIENTED_EDGE('',*,*,#5273,.T.);
#6885=ORIENTED_EDGE('',*,*,#5303,.F.);
#6886=ORIENTED_EDGE('',*,*,#5214,.F.);
#6887=ORIENTED_EDGE('',*,*,#5304,.F.);
#6888=ORIENTED_EDGE('',*,*,#5259,.T.);
#6889=ORIENTED_EDGE('',*,*,#5292,.T.);
#6890=ORIENTED_EDGE('',*,*,#5230,.F.);
#6891=ORIENTED_EDGE('',*,*,#5305,.F.);
#6892=ORIENTED_EDGE('',*,*,#5278,.T.);
#6893=ORIENTED_EDGE('',*,*,#5306,.F.);
#6894=ORIENTED_EDGE('',*,*,#5253,.T.);
#6895=ORIENTED_EDGE('',*,*,#5297,.T.);
#6896=ORIENTED_EDGE('',*,*,#5220,.F.);
#6897=ORIENTED_EDGE('',*,*,#5213,.F.);
#6898=ORIENTED_EDGE('',*,*,#5300,.F.);
#6899=ORIENTED_EDGE('',*,*,#5260,.T.);
#6900=ORIENTED_EDGE('',*,*,#5304,.T.);
#6901=ORIENTED_EDGE('',*,*,#5289,.T.);
#6902=ORIENTED_EDGE('',*,*,#5239,.F.);
#6903=ORIENTED_EDGE('',*,*,#5307,.F.);
#6904=ORIENTED_EDGE('',*,*,#5269,.T.);
#6905=ORIENTED_EDGE('',*,*,#5294,.T.);
#6906=ORIENTED_EDGE('',*,*,#5270,.F.);
#6907=ORIENTED_EDGE('',*,*,#5307,.T.);
#6908=ORIENTED_EDGE('',*,*,#5238,.F.);
#6909=ORIENTED_EDGE('',*,*,#5302,.T.);
#6910=ORIENTED_EDGE('',*,*,#5242,.F.);
#6911=ORIENTED_EDGE('',*,*,#5296,.T.);
#6912=ORIENTED_EDGE('',*,*,#5274,.F.);
#6913=ORIENTED_EDGE('',*,*,#5306,.T.);
#6914=ORIENTED_EDGE('',*,*,#5219,.F.);
#6915=ORIENTED_EDGE('',*,*,#5308,.T.);
#6916=ORIENTED_EDGE('',*,*,#5254,.F.);
#6917=ORIENTED_EDGE('',*,*,#5305,.T.);
#6918=ORIENTED_EDGE('',*,*,#5229,.F.);
#6919=ORIENTED_EDGE('',*,*,#5293,.T.);
#6920=ORIENTED_EDGE('',*,*,#5279,.F.);
#6921=ORIENTED_EDGE('',*,*,#5303,.T.);
#6922=ORIENTED_EDGE('',*,*,#5258,.F.);
#6923=ORIENTED_EDGE('',*,*,#5309,.T.);
#6924=ORIENTED_EDGE('',*,*,#5215,.F.);
#6925=ORIENTED_EDGE('',*,*,#5299,.T.);
#6926=ORIENTED_EDGE('',*,*,#5211,.F.);
#6927=ORIENTED_EDGE('',*,*,#5310,.T.);
#6928=ORIENTED_EDGE('',*,*,#5262,.F.);
#6929=ORIENTED_EDGE('',*,*,#5217,.F.);
#6930=ORIENTED_EDGE('',*,*,#5311,.F.);
#6931=ORIENTED_EDGE('',*,*,#5256,.T.);
#6932=ORIENTED_EDGE('',*,*,#5312,.T.);
#6933=ORIENTED_EDGE('',*,*,#5313,.F.);
#6934=ORIENTED_EDGE('',*,*,#5265,.T.);
#6935=ORIENTED_EDGE('',*,*,#5314,.T.);
#6936=ORIENTED_EDGE('',*,*,#5208,.F.);
#6937=ORIENTED_EDGE('',*,*,#5308,.F.);
#6938=ORIENTED_EDGE('',*,*,#5218,.F.);
#6939=ORIENTED_EDGE('',*,*,#5312,.F.);
#6940=ORIENTED_EDGE('',*,*,#5255,.T.);
#6941=ORIENTED_EDGE('',*,*,#5310,.F.);
#6942=ORIENTED_EDGE('',*,*,#5210,.F.);
#6943=ORIENTED_EDGE('',*,*,#5315,.F.);
#6944=ORIENTED_EDGE('',*,*,#5263,.T.);
#6945=ORIENTED_EDGE('',*,*,#5309,.F.);
#6946=ORIENTED_EDGE('',*,*,#5257,.T.);
#6947=ORIENTED_EDGE('',*,*,#5311,.T.);
#6948=ORIENTED_EDGE('',*,*,#5216,.F.);
#6949=ORIENTED_EDGE('',*,*,#5209,.F.);
#6950=ORIENTED_EDGE('',*,*,#5314,.F.);
#6951=ORIENTED_EDGE('',*,*,#5264,.T.);
#6952=ORIENTED_EDGE('',*,*,#5315,.T.);
#6953=ORIENTED_EDGE('',*,*,#5288,.T.);
#6954=ORIENTED_EDGE('',*,*,#5234,.F.);
#6955=ORIENTED_EDGE('',*,*,#5316,.F.);
#6956=ORIENTED_EDGE('',*,*,#5282,.T.);
#6957=ORIENTED_EDGE('',*,*,#5295,.T.);
#6958=ORIENTED_EDGE('',*,*,#5283,.F.);
#6959=ORIENTED_EDGE('',*,*,#5316,.T.);
#6960=ORIENTED_EDGE('',*,*,#5233,.F.);
#6961=ORIENTED_EDGE('',*,*,#5301,.T.);
#6962=ORIENTED_EDGE('',*,*,#5266,.F.);
#6963=ORIENTED_EDGE('',*,*,#5313,.T.);
#6964=ORIENTED_EDGE('',*,*,#5207,.F.);
#6965=ORIENTED_EDGE('',*,*,#5317,.T.);
#6966=ORIENTED_EDGE('',*,*,#5318,.T.);
#6967=ORIENTED_EDGE('',*,*,#5319,.F.);
#6968=ORIENTED_EDGE('',*,*,#5320,.F.);
#6969=ORIENTED_EDGE('',*,*,#5321,.T.);
#6970=ORIENTED_EDGE('',*,*,#5320,.T.);
#6971=ORIENTED_EDGE('',*,*,#5322,.F.);
#6972=ORIENTED_EDGE('',*,*,#5323,.F.);
#6973=ORIENTED_EDGE('',*,*,#5324,.T.);
#6974=ORIENTED_EDGE('',*,*,#5323,.T.);
#6975=ORIENTED_EDGE('',*,*,#5325,.F.);
#6976=ORIENTED_EDGE('',*,*,#5326,.F.);
#6977=ORIENTED_EDGE('',*,*,#5327,.T.);
#6978=ORIENTED_EDGE('',*,*,#5326,.T.);
#6979=ORIENTED_EDGE('',*,*,#5328,.F.);
#6980=ORIENTED_EDGE('',*,*,#5318,.F.);
#6981=ORIENTED_EDGE('',*,*,#5328,.T.);
#6982=ORIENTED_EDGE('',*,*,#5325,.T.);
#6983=ORIENTED_EDGE('',*,*,#5322,.T.);
#6984=ORIENTED_EDGE('',*,*,#5319,.T.);
#6985=ORIENTED_EDGE('',*,*,#5327,.F.);
#6986=ORIENTED_EDGE('',*,*,#5317,.F.);
#6987=ORIENTED_EDGE('',*,*,#5321,.F.);
#6988=ORIENTED_EDGE('',*,*,#5324,.F.);
#6989=ORIENTED_EDGE('',*,*,#5329,.T.);
#6990=ORIENTED_EDGE('',*,*,#5330,.T.);
#6991=ORIENTED_EDGE('',*,*,#5331,.F.);
#6992=ORIENTED_EDGE('',*,*,#5332,.F.);
#6993=ORIENTED_EDGE('',*,*,#5333,.T.);
#6994=ORIENTED_EDGE('',*,*,#5332,.T.);
#6995=ORIENTED_EDGE('',*,*,#5334,.F.);
#6996=ORIENTED_EDGE('',*,*,#5335,.F.);
#6997=ORIENTED_EDGE('',*,*,#5336,.T.);
#6998=ORIENTED_EDGE('',*,*,#5335,.T.);
#6999=ORIENTED_EDGE('',*,*,#5337,.F.);
#7000=ORIENTED_EDGE('',*,*,#5338,.F.);
#7001=ORIENTED_EDGE('',*,*,#5339,.T.);
#7002=ORIENTED_EDGE('',*,*,#5338,.T.);
#7003=ORIENTED_EDGE('',*,*,#5340,.F.);
#7004=ORIENTED_EDGE('',*,*,#5330,.F.);
#7005=ORIENTED_EDGE('',*,*,#5340,.T.);
#7006=ORIENTED_EDGE('',*,*,#5337,.T.);
#7007=ORIENTED_EDGE('',*,*,#5334,.T.);
#7008=ORIENTED_EDGE('',*,*,#5331,.T.);
#7009=ORIENTED_EDGE('',*,*,#5339,.F.);
#7010=ORIENTED_EDGE('',*,*,#5329,.F.);
#7011=ORIENTED_EDGE('',*,*,#5333,.F.);
#7012=ORIENTED_EDGE('',*,*,#5336,.F.);
#7013=ORIENTED_EDGE('',*,*,#5341,.F.);
#7014=ORIENTED_EDGE('',*,*,#5342,.T.);
#7015=ORIENTED_EDGE('',*,*,#5343,.T.);
#7016=ORIENTED_EDGE('',*,*,#5342,.F.);
#7017=ORIENTED_EDGE('',*,*,#5343,.F.);
#7018=ORIENTED_EDGE('',*,*,#5344,.F.);
#7019=ORIENTED_EDGE('',*,*,#5345,.T.);
#7020=ORIENTED_EDGE('',*,*,#5346,.T.);
#7021=ORIENTED_EDGE('',*,*,#5345,.F.);
#7022=ORIENTED_EDGE('',*,*,#5346,.F.);
#7023=ORIENTED_EDGE('',*,*,#5347,.F.);
#7024=ORIENTED_EDGE('',*,*,#5348,.T.);
#7025=ORIENTED_EDGE('',*,*,#5349,.F.);
#7026=ORIENTED_EDGE('',*,*,#5348,.F.);
#7027=ORIENTED_EDGE('',*,*,#5350,.F.);
#7028=ORIENTED_EDGE('',*,*,#5351,.T.);
#7029=ORIENTED_EDGE('',*,*,#5352,.F.);
#7030=ORIENTED_EDGE('',*,*,#5351,.F.);
#7031=ORIENTED_EDGE('',*,*,#5353,.F.);
#7032=ORIENTED_EDGE('',*,*,#5354,.T.);
#7033=ORIENTED_EDGE('',*,*,#5355,.F.);
#7034=ORIENTED_EDGE('',*,*,#5354,.F.);
#7035=ORIENTED_EDGE('',*,*,#5356,.F.);
#7036=ORIENTED_EDGE('',*,*,#5357,.T.);
#7037=ORIENTED_EDGE('',*,*,#5358,.F.);
#7038=ORIENTED_EDGE('',*,*,#5357,.F.);
#7039=ORIENTED_EDGE('',*,*,#5359,.F.);
#7040=ORIENTED_EDGE('',*,*,#5360,.T.);
#7041=ORIENTED_EDGE('',*,*,#5361,.F.);
#7042=ORIENTED_EDGE('',*,*,#5360,.F.);
#7043=ORIENTED_EDGE('',*,*,#5362,.F.);
#7044=ORIENTED_EDGE('',*,*,#5363,.T.);
#7045=ORIENTED_EDGE('',*,*,#5364,.F.);
#7046=ORIENTED_EDGE('',*,*,#5363,.F.);
#7047=ORIENTED_EDGE('',*,*,#5365,.T.);
#7048=ORIENTED_EDGE('',*,*,#5366,.F.);
#7049=ORIENTED_EDGE('',*,*,#5367,.F.);
#7050=ORIENTED_EDGE('',*,*,#5368,.F.);
#7051=ORIENTED_EDGE('',*,*,#5369,.T.);
#7052=ORIENTED_EDGE('',*,*,#5368,.T.);
#7053=ORIENTED_EDGE('',*,*,#5370,.F.);
#7054=ORIENTED_EDGE('',*,*,#5371,.F.);
#7055=ORIENTED_EDGE('',*,*,#5372,.T.);
#7056=ORIENTED_EDGE('',*,*,#5371,.T.);
#7057=ORIENTED_EDGE('',*,*,#5373,.F.);
#7058=ORIENTED_EDGE('',*,*,#5374,.F.);
#7059=ORIENTED_EDGE('',*,*,#5373,.T.);
#7060=ORIENTED_EDGE('',*,*,#5370,.T.);
#7061=ORIENTED_EDGE('',*,*,#5367,.T.);
#7062=ORIENTED_EDGE('',*,*,#5375,.F.);
#7063=ORIENTED_EDGE('',*,*,#5361,.T.);
#7064=ORIENTED_EDGE('',*,*,#5364,.T.);
#7065=ORIENTED_EDGE('',*,*,#5372,.F.);
#7066=ORIENTED_EDGE('',*,*,#5376,.F.);
#7067=ORIENTED_EDGE('',*,*,#5365,.F.);
#7068=ORIENTED_EDGE('',*,*,#5369,.F.);
#7069=ORIENTED_EDGE('',*,*,#5359,.T.);
#7070=ORIENTED_EDGE('',*,*,#5362,.T.);
#7071=ORIENTED_EDGE('',*,*,#5377,.F.);
#7072=ORIENTED_EDGE('',*,*,#5378,.F.);
#7073=ORIENTED_EDGE('',*,*,#5379,.F.);
#7074=ORIENTED_EDGE('',*,*,#5380,.F.);
#7075=ORIENTED_EDGE('',*,*,#5350,.T.);
#7076=ORIENTED_EDGE('',*,*,#5356,.T.);
#7077=ORIENTED_EDGE('',*,*,#5379,.T.);
#7078=ORIENTED_EDGE('',*,*,#5381,.T.);
#7079=ORIENTED_EDGE('',*,*,#5382,.F.);
#7080=ORIENTED_EDGE('',*,*,#5383,.F.);
#7081=ORIENTED_EDGE('',*,*,#5384,.F.);
#7082=ORIENTED_EDGE('',*,*,#5385,.T.);
#7083=ORIENTED_EDGE('',*,*,#5386,.T.);
#7084=ORIENTED_EDGE('',*,*,#5387,.F.);
#7085=ORIENTED_EDGE('',*,*,#5374,.T.);
#7086=ORIENTED_EDGE('',*,*,#5375,.T.);
#7087=ORIENTED_EDGE('',*,*,#5366,.T.);
#7088=ORIENTED_EDGE('',*,*,#5376,.T.);
#7089=ORIENTED_EDGE('',*,*,#5388,.F.);
#7090=ORIENTED_EDGE('',*,*,#5389,.F.);
#7091=ORIENTED_EDGE('',*,*,#5390,.F.);
#7092=ORIENTED_EDGE('',*,*,#5391,.T.);
#7093=ORIENTED_EDGE('',*,*,#5392,.F.);
#7094=ORIENTED_EDGE('',*,*,#5393,.T.);
#7095=ORIENTED_EDGE('',*,*,#5384,.T.);
#7096=ORIENTED_EDGE('',*,*,#5394,.F.);
#7097=ORIENTED_EDGE('',*,*,#5381,.F.);
#7098=ORIENTED_EDGE('',*,*,#5378,.T.);
#7099=ORIENTED_EDGE('',*,*,#5395,.F.);
#7100=ORIENTED_EDGE('',*,*,#5391,.F.);
#7101=ORIENTED_EDGE('',*,*,#5396,.F.);
#7102=ORIENTED_EDGE('',*,*,#5397,.F.);
#7103=ORIENTED_EDGE('',*,*,#5347,.T.);
#7104=ORIENTED_EDGE('',*,*,#5353,.T.);
#7105=ORIENTED_EDGE('',*,*,#5396,.T.);
#7106=ORIENTED_EDGE('',*,*,#5390,.T.);
#7107=ORIENTED_EDGE('',*,*,#5398,.F.);
#7108=ORIENTED_EDGE('',*,*,#5399,.F.);
#7109=ORIENTED_EDGE('',*,*,#5400,.F.);
#7110=ORIENTED_EDGE('',*,*,#5401,.T.);
#7111=ORIENTED_EDGE('',*,*,#5398,.T.);
#7112=ORIENTED_EDGE('',*,*,#5389,.T.);
#7113=ORIENTED_EDGE('',*,*,#5349,.T.);
#7114=ORIENTED_EDGE('',*,*,#5355,.T.);
#7115=ORIENTED_EDGE('',*,*,#5377,.T.);
#7116=ORIENTED_EDGE('',*,*,#5402,.F.);
#7117=ORIENTED_EDGE('',*,*,#5400,.T.);
#7118=ORIENTED_EDGE('',*,*,#5388,.T.);
#7119=ORIENTED_EDGE('',*,*,#5395,.T.);
#7120=ORIENTED_EDGE('',*,*,#5403,.F.);
#7121=ORIENTED_EDGE('',*,*,#5404,.T.);
#7122=ORIENTED_EDGE('',*,*,#5392,.T.);
#7123=ORIENTED_EDGE('',*,*,#5386,.F.);
#7124=ORIENTED_EDGE('',*,*,#5405,.T.);
#7125=ORIENTED_EDGE('',*,*,#5403,.T.);
#7126=ORIENTED_EDGE('',*,*,#5397,.T.);
#7127=ORIENTED_EDGE('',*,*,#5399,.T.);
#7128=ORIENTED_EDGE('',*,*,#5401,.F.);
#7129=ORIENTED_EDGE('',*,*,#5402,.T.);
#7130=ORIENTED_EDGE('',*,*,#5380,.T.);
#7131=ORIENTED_EDGE('',*,*,#5383,.T.);
#7132=ORIENTED_EDGE('',*,*,#5406,.F.);
#7133=ORIENTED_EDGE('',*,*,#5394,.T.);
#7134=ORIENTED_EDGE('',*,*,#5387,.T.);
#7135=ORIENTED_EDGE('',*,*,#5406,.T.);
#7136=ORIENTED_EDGE('',*,*,#5382,.T.);
#7137=ORIENTED_EDGE('',*,*,#5352,.T.);
#7138=ORIENTED_EDGE('',*,*,#5358,.T.);
#7139=ORIENTED_EDGE('',*,*,#5393,.F.);
#7140=ORIENTED_EDGE('',*,*,#5404,.F.);
#7141=ORIENTED_EDGE('',*,*,#5405,.F.);
#7142=ORIENTED_EDGE('',*,*,#5385,.F.);
#7143=ORIENTED_EDGE('',*,*,#5341,.T.);
#7144=ORIENTED_EDGE('',*,*,#5344,.T.);
#7145=ORIENTED_EDGE('',*,*,#5407,.F.);
#7146=ORIENTED_EDGE('',*,*,#5408,.T.);
#7147=ORIENTED_EDGE('',*,*,#5409,.F.);
#7148=ORIENTED_EDGE('',*,*,#5408,.F.);
#7149=ORIENTED_EDGE('',*,*,#5410,.F.);
#7150=ORIENTED_EDGE('',*,*,#5411,.T.);
#7151=ORIENTED_EDGE('',*,*,#5412,.F.);
#7152=ORIENTED_EDGE('',*,*,#5411,.F.);
#7153=ORIENTED_EDGE('',*,*,#5413,.F.);
#7154=ORIENTED_EDGE('',*,*,#5414,.T.);
#7155=ORIENTED_EDGE('',*,*,#5415,.F.);
#7156=ORIENTED_EDGE('',*,*,#5414,.F.);
#7157=ORIENTED_EDGE('',*,*,#5416,.F.);
#7158=ORIENTED_EDGE('',*,*,#5417,.T.);
#7159=ORIENTED_EDGE('',*,*,#5418,.F.);
#7160=ORIENTED_EDGE('',*,*,#5417,.F.);
#7161=ORIENTED_EDGE('',*,*,#5419,.F.);
#7162=ORIENTED_EDGE('',*,*,#5420,.T.);
#7163=ORIENTED_EDGE('',*,*,#5421,.F.);
#7164=ORIENTED_EDGE('',*,*,#5420,.F.);
#7165=ORIENTED_EDGE('',*,*,#5422,.F.);
#7166=ORIENTED_EDGE('',*,*,#5423,.F.);
#7167=ORIENTED_EDGE('',*,*,#5424,.T.);
#7168=ORIENTED_EDGE('',*,*,#5425,.T.);
#7169=ORIENTED_EDGE('',*,*,#5426,.F.);
#7170=ORIENTED_EDGE('',*,*,#5427,.F.);
#7171=ORIENTED_EDGE('',*,*,#5428,.F.);
#7172=ORIENTED_EDGE('',*,*,#5424,.F.);
#7173=ORIENTED_EDGE('',*,*,#5407,.T.);
#7174=ORIENTED_EDGE('',*,*,#5429,.F.);
#7175=ORIENTED_EDGE('',*,*,#5430,.F.);
#7176=ORIENTED_EDGE('',*,*,#5431,.T.);
#7177=ORIENTED_EDGE('',*,*,#5425,.F.);
#7178=ORIENTED_EDGE('',*,*,#5428,.T.);
#7179=ORIENTED_EDGE('',*,*,#5432,.T.);
#7180=ORIENTED_EDGE('',*,*,#5433,.T.);
#7181=ORIENTED_EDGE('',*,*,#5434,.T.);
#7182=ORIENTED_EDGE('',*,*,#5429,.T.);
#7183=ORIENTED_EDGE('',*,*,#5435,.T.);
#7184=ORIENTED_EDGE('',*,*,#5409,.T.);
#7185=ORIENTED_EDGE('',*,*,#5412,.T.);
#7186=ORIENTED_EDGE('',*,*,#5415,.T.);
#7187=ORIENTED_EDGE('',*,*,#5418,.T.);
#7188=ORIENTED_EDGE('',*,*,#5421,.T.);
#7189=ORIENTED_EDGE('',*,*,#5436,.T.);
#7190=ORIENTED_EDGE('',*,*,#5437,.T.);
#7191=ORIENTED_EDGE('',*,*,#5438,.F.);
#7192=ORIENTED_EDGE('',*,*,#5433,.F.);
#7193=ORIENTED_EDGE('',*,*,#5439,.F.);
#7194=ORIENTED_EDGE('',*,*,#5426,.T.);
#7195=ORIENTED_EDGE('',*,*,#5423,.T.);
#7196=ORIENTED_EDGE('',*,*,#5439,.T.);
#7197=ORIENTED_EDGE('',*,*,#5435,.F.);
#7198=ORIENTED_EDGE('',*,*,#5432,.F.);
#7199=ORIENTED_EDGE('',*,*,#5427,.T.);
#7200=ORIENTED_EDGE('',*,*,#5440,.F.);
#7201=ORIENTED_EDGE('',*,*,#5441,.T.);
#7202=ORIENTED_EDGE('',*,*,#5436,.F.);
#7203=ORIENTED_EDGE('',*,*,#5441,.F.);
#7204=ORIENTED_EDGE('',*,*,#5430,.T.);
#7205=ORIENTED_EDGE('',*,*,#5434,.F.);
#7206=ORIENTED_EDGE('',*,*,#5438,.T.);
#7207=ORIENTED_EDGE('',*,*,#5442,.F.);
#7208=ORIENTED_EDGE('',*,*,#5422,.T.);
#7209=ORIENTED_EDGE('',*,*,#5431,.F.);
#7210=ORIENTED_EDGE('',*,*,#5442,.T.);
#7211=ORIENTED_EDGE('',*,*,#5437,.F.);
#7212=ORIENTED_EDGE('',*,*,#5410,.T.);
#7213=ORIENTED_EDGE('',*,*,#5413,.T.);
#7214=ORIENTED_EDGE('',*,*,#5416,.T.);
#7215=ORIENTED_EDGE('',*,*,#5419,.T.);
#7216=ORIENTED_EDGE('',*,*,#5440,.T.);
#7217=ORIENTED_EDGE('',*,*,#5443,.F.);
#7218=ORIENTED_EDGE('',*,*,#5444,.T.);
#7219=ORIENTED_EDGE('',*,*,#5445,.F.);
#7220=ORIENTED_EDGE('',*,*,#5444,.F.);
#7221=ORIENTED_EDGE('',*,*,#5446,.F.);
#7222=ORIENTED_EDGE('',*,*,#5447,.T.);
#7223=ORIENTED_EDGE('',*,*,#5448,.F.);
#7224=ORIENTED_EDGE('',*,*,#5447,.F.);
#7225=ORIENTED_EDGE('',*,*,#5449,.F.);
#7226=ORIENTED_EDGE('',*,*,#5450,.T.);
#7227=ORIENTED_EDGE('',*,*,#5451,.F.);
#7228=ORIENTED_EDGE('',*,*,#5450,.F.);
#7229=ORIENTED_EDGE('',*,*,#5452,.F.);
#7230=ORIENTED_EDGE('',*,*,#5453,.T.);
#7231=ORIENTED_EDGE('',*,*,#5454,.F.);
#7232=ORIENTED_EDGE('',*,*,#5453,.F.);
#7233=ORIENTED_EDGE('',*,*,#5455,.F.);
#7234=ORIENTED_EDGE('',*,*,#5456,.T.);
#7235=ORIENTED_EDGE('',*,*,#5457,.F.);
#7236=ORIENTED_EDGE('',*,*,#5456,.F.);
#7237=ORIENTED_EDGE('',*,*,#5458,.F.);
#7238=ORIENTED_EDGE('',*,*,#5459,.T.);
#7239=ORIENTED_EDGE('',*,*,#5460,.F.);
#7240=ORIENTED_EDGE('',*,*,#5459,.F.);
#7241=ORIENTED_EDGE('',*,*,#5461,.F.);
#7242=ORIENTED_EDGE('',*,*,#5462,.T.);
#7243=ORIENTED_EDGE('',*,*,#5463,.F.);
#7244=ORIENTED_EDGE('',*,*,#5462,.F.);
#7245=ORIENTED_EDGE('',*,*,#5464,.F.);
#7246=ORIENTED_EDGE('',*,*,#5465,.T.);
#7247=ORIENTED_EDGE('',*,*,#5466,.F.);
#7248=ORIENTED_EDGE('',*,*,#5465,.F.);
#7249=ORIENTED_EDGE('',*,*,#5467,.F.);
#7250=ORIENTED_EDGE('',*,*,#5468,.T.);
#7251=ORIENTED_EDGE('',*,*,#5469,.F.);
#7252=ORIENTED_EDGE('',*,*,#5468,.F.);
#7253=ORIENTED_EDGE('',*,*,#5470,.F.);
#7254=ORIENTED_EDGE('',*,*,#5471,.T.);
#7255=ORIENTED_EDGE('',*,*,#5472,.F.);
#7256=ORIENTED_EDGE('',*,*,#5471,.F.);
#7257=ORIENTED_EDGE('',*,*,#5473,.F.);
#7258=ORIENTED_EDGE('',*,*,#5474,.T.);
#7259=ORIENTED_EDGE('',*,*,#5475,.F.);
#7260=ORIENTED_EDGE('',*,*,#5474,.F.);
#7261=ORIENTED_EDGE('',*,*,#5476,.F.);
#7262=ORIENTED_EDGE('',*,*,#5477,.F.);
#7263=ORIENTED_EDGE('',*,*,#5478,.F.);
#7264=ORIENTED_EDGE('',*,*,#5479,.T.);
#7265=ORIENTED_EDGE('',*,*,#5480,.F.);
#7266=ORIENTED_EDGE('',*,*,#5481,.T.);
#7267=ORIENTED_EDGE('',*,*,#5482,.T.);
#7268=ORIENTED_EDGE('',*,*,#5483,.F.);
#7269=ORIENTED_EDGE('',*,*,#5484,.F.);
#7270=ORIENTED_EDGE('',*,*,#5485,.T.);
#7271=ORIENTED_EDGE('',*,*,#5486,.T.);
#7272=ORIENTED_EDGE('',*,*,#5487,.F.);
#7273=ORIENTED_EDGE('',*,*,#5488,.T.);
#7274=ORIENTED_EDGE('',*,*,#5478,.T.);
#7275=ORIENTED_EDGE('',*,*,#5489,.F.);
#7276=ORIENTED_EDGE('',*,*,#5486,.F.);
#7277=ORIENTED_EDGE('',*,*,#5490,.F.);
#7278=ORIENTED_EDGE('',*,*,#5491,.F.);
#7279=ORIENTED_EDGE('',*,*,#5492,.F.);
#7280=ORIENTED_EDGE('',*,*,#5493,.T.);
#7281=ORIENTED_EDGE('',*,*,#5494,.T.);
#7282=ORIENTED_EDGE('',*,*,#5492,.T.);
#7283=ORIENTED_EDGE('',*,*,#5495,.F.);
#7284=ORIENTED_EDGE('',*,*,#5482,.F.);
#7285=ORIENTED_EDGE('',*,*,#5496,.T.);
#7286=ORIENTED_EDGE('',*,*,#5497,.T.);
#7287=ORIENTED_EDGE('',*,*,#5498,.T.);
#7288=ORIENTED_EDGE('',*,*,#5499,.T.);
#7289=ORIENTED_EDGE('',*,*,#5445,.T.);
#7290=ORIENTED_EDGE('',*,*,#5448,.T.);
#7291=ORIENTED_EDGE('',*,*,#5451,.T.);
#7292=ORIENTED_EDGE('',*,*,#5454,.T.);
#7293=ORIENTED_EDGE('',*,*,#5457,.T.);
#7294=ORIENTED_EDGE('',*,*,#5460,.T.);
#7295=ORIENTED_EDGE('',*,*,#5463,.T.);
#7296=ORIENTED_EDGE('',*,*,#5466,.T.);
#7297=ORIENTED_EDGE('',*,*,#5469,.T.);
#7298=ORIENTED_EDGE('',*,*,#5472,.T.);
#7299=ORIENTED_EDGE('',*,*,#5475,.T.);
#7300=ORIENTED_EDGE('',*,*,#5500,.T.);
#7301=ORIENTED_EDGE('',*,*,#5501,.T.);
#7302=ORIENTED_EDGE('',*,*,#5502,.T.);
#7303=ORIENTED_EDGE('',*,*,#5503,.T.);
#7304=ORIENTED_EDGE('',*,*,#5504,.T.);
#7305=ORIENTED_EDGE('',*,*,#5505,.T.);
#7306=ORIENTED_EDGE('',*,*,#5506,.T.);
#7307=ORIENTED_EDGE('',*,*,#5487,.T.);
#7308=ORIENTED_EDGE('',*,*,#5489,.T.);
#7309=ORIENTED_EDGE('',*,*,#5477,.T.);
#7310=ORIENTED_EDGE('',*,*,#5507,.T.);
#7311=ORIENTED_EDGE('',*,*,#5508,.T.);
#7312=ORIENTED_EDGE('',*,*,#5509,.T.);
#7313=ORIENTED_EDGE('',*,*,#5510,.T.);
#7314=ORIENTED_EDGE('',*,*,#5511,.T.);
#7315=ORIENTED_EDGE('',*,*,#5512,.T.);
#7316=ORIENTED_EDGE('',*,*,#5513,.T.);
#7317=ORIENTED_EDGE('',*,*,#5514,.T.);
#7318=ORIENTED_EDGE('',*,*,#5515,.T.);
#7319=ORIENTED_EDGE('',*,*,#5516,.T.);
#7320=ORIENTED_EDGE('',*,*,#5517,.T.);
#7321=ORIENTED_EDGE('',*,*,#5518,.T.);
#7322=ORIENTED_EDGE('',*,*,#5519,.T.);
#7323=ORIENTED_EDGE('',*,*,#5520,.T.);
#7324=ORIENTED_EDGE('',*,*,#5521,.T.);
#7325=ORIENTED_EDGE('',*,*,#5522,.T.);
#7326=ORIENTED_EDGE('',*,*,#5523,.T.);
#7327=ORIENTED_EDGE('',*,*,#5524,.T.);
#7328=ORIENTED_EDGE('',*,*,#5525,.T.);
#7329=ORIENTED_EDGE('',*,*,#5483,.T.);
#7330=ORIENTED_EDGE('',*,*,#5495,.T.);
#7331=ORIENTED_EDGE('',*,*,#5491,.T.);
#7332=ORIENTED_EDGE('',*,*,#5490,.T.);
#7333=ORIENTED_EDGE('',*,*,#5526,.T.);
#7334=ORIENTED_EDGE('',*,*,#5527,.F.);
#7335=ORIENTED_EDGE('',*,*,#5519,.F.);
#7336=ORIENTED_EDGE('',*,*,#5484,.T.);
#7337=ORIENTED_EDGE('',*,*,#5506,.F.);
#7338=ORIENTED_EDGE('',*,*,#5528,.F.);
#7339=ORIENTED_EDGE('',*,*,#5529,.T.);
#7340=ORIENTED_EDGE('',*,*,#5530,.F.);
#7341=ORIENTED_EDGE('',*,*,#5502,.F.);
#7342=ORIENTED_EDGE('',*,*,#5531,.F.);
#7343=ORIENTED_EDGE('',*,*,#5532,.T.);
#7344=ORIENTED_EDGE('',*,*,#5533,.F.);
#7345=ORIENTED_EDGE('',*,*,#5534,.T.);
#7346=ORIENTED_EDGE('',*,*,#5535,.T.);
#7347=ORIENTED_EDGE('',*,*,#5513,.F.);
#7348=ORIENTED_EDGE('',*,*,#5536,.F.);
#7349=ORIENTED_EDGE('',*,*,#5537,.T.);
#7350=ORIENTED_EDGE('',*,*,#5538,.T.);
#7351=ORIENTED_EDGE('',*,*,#5507,.F.);
#7352=ORIENTED_EDGE('',*,*,#5539,.F.);
#7353=ORIENTED_EDGE('',*,*,#5524,.F.);
#7354=ORIENTED_EDGE('',*,*,#5540,.F.);
#7355=ORIENTED_EDGE('',*,*,#5541,.T.);
#7356=ORIENTED_EDGE('',*,*,#5542,.F.);
#7357=ORIENTED_EDGE('',*,*,#5543,.T.);
#7358=ORIENTED_EDGE('',*,*,#5540,.T.);
#7359=ORIENTED_EDGE('',*,*,#5523,.F.);
#7360=ORIENTED_EDGE('',*,*,#5544,.F.);
#7361=ORIENTED_EDGE('',*,*,#5514,.F.);
#7362=ORIENTED_EDGE('',*,*,#5535,.F.);
#7363=ORIENTED_EDGE('',*,*,#5545,.T.);
#7364=ORIENTED_EDGE('',*,*,#5546,.F.);
#7365=ORIENTED_EDGE('',*,*,#5547,.T.);
#7366=ORIENTED_EDGE('',*,*,#5531,.T.);
#7367=ORIENTED_EDGE('',*,*,#5501,.F.);
#7368=ORIENTED_EDGE('',*,*,#5548,.F.);
#7369=ORIENTED_EDGE('',*,*,#5508,.F.);
#7370=ORIENTED_EDGE('',*,*,#5538,.F.);
#7371=ORIENTED_EDGE('',*,*,#5549,.T.);
#7372=ORIENTED_EDGE('',*,*,#5544,.T.);
#7373=ORIENTED_EDGE('',*,*,#5550,.T.);
#7374=ORIENTED_EDGE('',*,*,#5551,.F.);
#7375=ORIENTED_EDGE('',*,*,#5515,.F.);
#7376=ORIENTED_EDGE('',*,*,#5476,.T.);
#7377=ORIENTED_EDGE('',*,*,#5552,.T.);
#7378=ORIENTED_EDGE('',*,*,#5546,.T.);
#7379=ORIENTED_EDGE('',*,*,#5500,.F.);
#7380=ORIENTED_EDGE('',*,*,#5548,.T.);
#7381=ORIENTED_EDGE('',*,*,#5553,.T.);
#7382=ORIENTED_EDGE('',*,*,#5554,.F.);
#7383=ORIENTED_EDGE('',*,*,#5509,.F.);
#7384=ORIENTED_EDGE('',*,*,#5542,.T.);
#7385=ORIENTED_EDGE('',*,*,#5522,.F.);
#7386=ORIENTED_EDGE('',*,*,#5555,.F.);
#7387=ORIENTED_EDGE('',*,*,#5556,.T.);
#7388=ORIENTED_EDGE('',*,*,#5530,.T.);
#7389=ORIENTED_EDGE('',*,*,#5557,.T.);
#7390=ORIENTED_EDGE('',*,*,#5558,.F.);
#7391=ORIENTED_EDGE('',*,*,#5503,.F.);
#7392=ORIENTED_EDGE('',*,*,#5533,.T.);
#7393=ORIENTED_EDGE('',*,*,#5518,.F.);
#7394=ORIENTED_EDGE('',*,*,#5559,.F.);
#7395=ORIENTED_EDGE('',*,*,#5560,.T.);
#7396=ORIENTED_EDGE('',*,*,#5496,.F.);
#7397=ORIENTED_EDGE('',*,*,#5561,.F.);
#7398=ORIENTED_EDGE('',*,*,#5562,.T.);
#7399=ORIENTED_EDGE('',*,*,#5563,.T.);
#7400=ORIENTED_EDGE('',*,*,#5559,.T.);
#7401=ORIENTED_EDGE('',*,*,#5517,.F.);
#7402=ORIENTED_EDGE('',*,*,#5564,.F.);
#7403=ORIENTED_EDGE('',*,*,#5565,.F.);
#7404=ORIENTED_EDGE('',*,*,#5480,.T.);
#7405=ORIENTED_EDGE('',*,*,#5525,.F.);
#7406=ORIENTED_EDGE('',*,*,#5539,.T.);
#7407=ORIENTED_EDGE('',*,*,#5566,.T.);
#7408=ORIENTED_EDGE('',*,*,#5562,.F.);
#7409=ORIENTED_EDGE('',*,*,#5567,.F.);
#7410=ORIENTED_EDGE('',*,*,#5568,.F.);
#7411=ORIENTED_EDGE('',*,*,#5569,.F.);
#7412=ORIENTED_EDGE('',*,*,#5443,.T.);
#7413=ORIENTED_EDGE('',*,*,#5446,.T.);
#7414=ORIENTED_EDGE('',*,*,#5449,.T.);
#7415=ORIENTED_EDGE('',*,*,#5452,.T.);
#7416=ORIENTED_EDGE('',*,*,#5455,.T.);
#7417=ORIENTED_EDGE('',*,*,#5458,.T.);
#7418=ORIENTED_EDGE('',*,*,#5461,.T.);
#7419=ORIENTED_EDGE('',*,*,#5464,.T.);
#7420=ORIENTED_EDGE('',*,*,#5467,.T.);
#7421=ORIENTED_EDGE('',*,*,#5470,.T.);
#7422=ORIENTED_EDGE('',*,*,#5473,.T.);
#7423=ORIENTED_EDGE('',*,*,#5566,.F.);
#7424=ORIENTED_EDGE('',*,*,#5541,.F.);
#7425=ORIENTED_EDGE('',*,*,#5543,.F.);
#7426=ORIENTED_EDGE('',*,*,#5556,.F.);
#7427=ORIENTED_EDGE('',*,*,#5570,.T.);
#7428=ORIENTED_EDGE('',*,*,#5571,.T.);
#7429=ORIENTED_EDGE('',*,*,#5526,.F.);
#7430=ORIENTED_EDGE('',*,*,#5493,.F.);
#7431=ORIENTED_EDGE('',*,*,#5494,.F.);
#7432=ORIENTED_EDGE('',*,*,#5481,.F.);
#7433=ORIENTED_EDGE('',*,*,#5529,.F.);
#7434=ORIENTED_EDGE('',*,*,#5572,.T.);
#7435=ORIENTED_EDGE('',*,*,#5573,.T.);
#7436=ORIENTED_EDGE('',*,*,#5557,.F.);
#7437=ORIENTED_EDGE('',*,*,#5532,.F.);
#7438=ORIENTED_EDGE('',*,*,#5547,.F.);
#7439=ORIENTED_EDGE('',*,*,#5552,.F.);
#7440=ORIENTED_EDGE('',*,*,#5479,.F.);
#7441=ORIENTED_EDGE('',*,*,#5488,.F.);
#7442=ORIENTED_EDGE('',*,*,#5485,.F.);
#7443=ORIENTED_EDGE('',*,*,#5560,.F.);
#7444=ORIENTED_EDGE('',*,*,#5565,.T.);
#7445=ORIENTED_EDGE('',*,*,#5574,.T.);
#7446=ORIENTED_EDGE('',*,*,#5550,.F.);
#7447=ORIENTED_EDGE('',*,*,#5545,.F.);
#7448=ORIENTED_EDGE('',*,*,#5534,.F.);
#7449=ORIENTED_EDGE('',*,*,#5575,.F.);
#7450=ORIENTED_EDGE('',*,*,#5576,.T.);
#7451=ORIENTED_EDGE('',*,*,#5577,.T.);
#7452=ORIENTED_EDGE('',*,*,#5553,.F.);
#7453=ORIENTED_EDGE('',*,*,#5549,.F.);
#7454=ORIENTED_EDGE('',*,*,#5537,.F.);
#7455=ORIENTED_EDGE('',*,*,#5498,.F.);
#7456=ORIENTED_EDGE('',*,*,#5578,.F.);
#7457=ORIENTED_EDGE('',*,*,#5568,.T.);
#7458=ORIENTED_EDGE('',*,*,#5579,.T.);
#7459=ORIENTED_EDGE('',*,*,#5555,.T.);
#7460=ORIENTED_EDGE('',*,*,#5521,.F.);
#7461=ORIENTED_EDGE('',*,*,#5580,.F.);
#7462=ORIENTED_EDGE('',*,*,#5570,.F.);
#7463=ORIENTED_EDGE('',*,*,#5536,.T.);
#7464=ORIENTED_EDGE('',*,*,#5512,.F.);
#7465=ORIENTED_EDGE('',*,*,#5581,.F.);
#7466=ORIENTED_EDGE('',*,*,#5575,.T.);
#7467=ORIENTED_EDGE('',*,*,#5581,.T.);
#7468=ORIENTED_EDGE('',*,*,#5511,.F.);
#7469=ORIENTED_EDGE('',*,*,#5582,.F.);
#7470=ORIENTED_EDGE('',*,*,#5576,.F.);
#7471=ORIENTED_EDGE('',*,*,#5527,.T.);
#7472=ORIENTED_EDGE('',*,*,#5571,.F.);
#7473=ORIENTED_EDGE('',*,*,#5580,.T.);
#7474=ORIENTED_EDGE('',*,*,#5520,.F.);
#7475=ORIENTED_EDGE('',*,*,#5551,.T.);
#7476=ORIENTED_EDGE('',*,*,#5574,.F.);
#7477=ORIENTED_EDGE('',*,*,#5564,.T.);
#7478=ORIENTED_EDGE('',*,*,#5516,.F.);
#7479=ORIENTED_EDGE('',*,*,#5558,.T.);
#7480=ORIENTED_EDGE('',*,*,#5573,.F.);
#7481=ORIENTED_EDGE('',*,*,#5583,.T.);
#7482=ORIENTED_EDGE('',*,*,#5504,.F.);
#7483=ORIENTED_EDGE('',*,*,#5528,.T.);
#7484=ORIENTED_EDGE('',*,*,#5505,.F.);
#7485=ORIENTED_EDGE('',*,*,#5583,.F.);
#7486=ORIENTED_EDGE('',*,*,#5572,.F.);
#7487=ORIENTED_EDGE('',*,*,#5554,.T.);
#7488=ORIENTED_EDGE('',*,*,#5577,.F.);
#7489=ORIENTED_EDGE('',*,*,#5582,.T.);
#7490=ORIENTED_EDGE('',*,*,#5510,.F.);
#7491=ORIENTED_EDGE('',*,*,#5497,.F.);
#7492=ORIENTED_EDGE('',*,*,#5563,.F.);
#7493=ORIENTED_EDGE('',*,*,#5569,.T.);
#7494=ORIENTED_EDGE('',*,*,#5578,.T.);
#7495=ORIENTED_EDGE('',*,*,#5567,.T.);
#7496=ORIENTED_EDGE('',*,*,#5561,.T.);
#7497=ORIENTED_EDGE('',*,*,#5499,.F.);
#7498=ORIENTED_EDGE('',*,*,#5579,.F.);
#7499=ORIENTED_EDGE('',*,*,#5584,.F.);
#7500=ORIENTED_EDGE('',*,*,#5585,.T.);
#7501=ORIENTED_EDGE('',*,*,#5586,.F.);
#7502=ORIENTED_EDGE('',*,*,#5585,.F.);
#7503=ORIENTED_EDGE('',*,*,#5587,.F.);
#7504=ORIENTED_EDGE('',*,*,#5588,.T.);
#7505=ORIENTED_EDGE('',*,*,#5589,.F.);
#7506=ORIENTED_EDGE('',*,*,#5588,.F.);
#7507=ORIENTED_EDGE('',*,*,#5590,.F.);
#7508=ORIENTED_EDGE('',*,*,#5591,.T.);
#7509=ORIENTED_EDGE('',*,*,#5592,.F.);
#7510=ORIENTED_EDGE('',*,*,#5591,.F.);
#7511=ORIENTED_EDGE('',*,*,#5593,.F.);
#7512=ORIENTED_EDGE('',*,*,#5594,.T.);
#7513=ORIENTED_EDGE('',*,*,#5595,.F.);
#7514=ORIENTED_EDGE('',*,*,#5594,.F.);
#7515=ORIENTED_EDGE('',*,*,#5596,.F.);
#7516=ORIENTED_EDGE('',*,*,#5597,.T.);
#7517=ORIENTED_EDGE('',*,*,#5598,.F.);
#7518=ORIENTED_EDGE('',*,*,#5597,.F.);
#7519=ORIENTED_EDGE('',*,*,#5599,.F.);
#7520=ORIENTED_EDGE('',*,*,#5600,.T.);
#7521=ORIENTED_EDGE('',*,*,#5601,.F.);
#7522=ORIENTED_EDGE('',*,*,#5600,.F.);
#7523=ORIENTED_EDGE('',*,*,#5602,.F.);
#7524=ORIENTED_EDGE('',*,*,#5603,.T.);
#7525=ORIENTED_EDGE('',*,*,#5604,.F.);
#7526=ORIENTED_EDGE('',*,*,#5603,.F.);
#7527=ORIENTED_EDGE('',*,*,#5605,.F.);
#7528=ORIENTED_EDGE('',*,*,#5606,.T.);
#7529=ORIENTED_EDGE('',*,*,#5607,.F.);
#7530=ORIENTED_EDGE('',*,*,#5606,.F.);
#7531=ORIENTED_EDGE('',*,*,#5608,.F.);
#7532=ORIENTED_EDGE('',*,*,#5609,.T.);
#7533=ORIENTED_EDGE('',*,*,#5610,.F.);
#7534=ORIENTED_EDGE('',*,*,#5611,.F.);
#7535=ORIENTED_EDGE('',*,*,#5612,.F.);
#7536=ORIENTED_EDGE('',*,*,#5613,.T.);
#7537=ORIENTED_EDGE('',*,*,#5614,.F.);
#7538=ORIENTED_EDGE('',*,*,#5609,.F.);
#7539=ORIENTED_EDGE('',*,*,#5615,.F.);
#7540=ORIENTED_EDGE('',*,*,#5616,.T.);
#7541=ORIENTED_EDGE('',*,*,#5617,.F.);
#7542=ORIENTED_EDGE('',*,*,#5613,.F.);
#7543=ORIENTED_EDGE('',*,*,#5618,.F.);
#7544=ORIENTED_EDGE('',*,*,#5611,.T.);
#7545=ORIENTED_EDGE('',*,*,#5619,.F.);
#7546=ORIENTED_EDGE('',*,*,#5616,.F.);
#7547=ORIENTED_EDGE('',*,*,#5620,.F.);
#7548=ORIENTED_EDGE('',*,*,#5621,.T.);
#7549=ORIENTED_EDGE('',*,*,#5622,.F.);
#7550=ORIENTED_EDGE('',*,*,#5623,.F.);
#7551=ORIENTED_EDGE('',*,*,#5624,.F.);
#7552=ORIENTED_EDGE('',*,*,#5625,.T.);
#7553=ORIENTED_EDGE('',*,*,#5626,.F.);
#7554=ORIENTED_EDGE('',*,*,#5621,.F.);
#7555=ORIENTED_EDGE('',*,*,#5627,.F.);
#7556=ORIENTED_EDGE('',*,*,#5628,.T.);
#7557=ORIENTED_EDGE('',*,*,#5629,.F.);
#7558=ORIENTED_EDGE('',*,*,#5625,.F.);
#7559=ORIENTED_EDGE('',*,*,#5630,.F.);
#7560=ORIENTED_EDGE('',*,*,#5623,.T.);
#7561=ORIENTED_EDGE('',*,*,#5631,.F.);
#7562=ORIENTED_EDGE('',*,*,#5628,.F.);
#7563=ORIENTED_EDGE('',*,*,#5632,.F.);
#7564=ORIENTED_EDGE('',*,*,#5633,.T.);
#7565=ORIENTED_EDGE('',*,*,#5634,.F.);
#7566=ORIENTED_EDGE('',*,*,#5635,.F.);
#7567=ORIENTED_EDGE('',*,*,#5636,.F.);
#7568=ORIENTED_EDGE('',*,*,#5637,.T.);
#7569=ORIENTED_EDGE('',*,*,#5638,.F.);
#7570=ORIENTED_EDGE('',*,*,#5633,.F.);
#7571=ORIENTED_EDGE('',*,*,#5639,.F.);
#7572=ORIENTED_EDGE('',*,*,#5640,.T.);
#7573=ORIENTED_EDGE('',*,*,#5641,.F.);
#7574=ORIENTED_EDGE('',*,*,#5637,.F.);
#7575=ORIENTED_EDGE('',*,*,#5642,.F.);
#7576=ORIENTED_EDGE('',*,*,#5635,.T.);
#7577=ORIENTED_EDGE('',*,*,#5643,.F.);
#7578=ORIENTED_EDGE('',*,*,#5640,.F.);
#7579=ORIENTED_EDGE('',*,*,#5644,.F.);
#7580=ORIENTED_EDGE('',*,*,#5645,.T.);
#7581=ORIENTED_EDGE('',*,*,#5646,.F.);
#7582=ORIENTED_EDGE('',*,*,#5647,.F.);
#7583=ORIENTED_EDGE('',*,*,#5648,.F.);
#7584=ORIENTED_EDGE('',*,*,#5649,.T.);
#7585=ORIENTED_EDGE('',*,*,#5650,.F.);
#7586=ORIENTED_EDGE('',*,*,#5645,.F.);
#7587=ORIENTED_EDGE('',*,*,#5651,.F.);
#7588=ORIENTED_EDGE('',*,*,#5652,.T.);
#7589=ORIENTED_EDGE('',*,*,#5653,.F.);
#7590=ORIENTED_EDGE('',*,*,#5649,.F.);
#7591=ORIENTED_EDGE('',*,*,#5654,.F.);
#7592=ORIENTED_EDGE('',*,*,#5647,.T.);
#7593=ORIENTED_EDGE('',*,*,#5655,.F.);
#7594=ORIENTED_EDGE('',*,*,#5652,.F.);
#7595=ORIENTED_EDGE('',*,*,#5656,.F.);
#7596=ORIENTED_EDGE('',*,*,#5657,.T.);
#7597=ORIENTED_EDGE('',*,*,#5658,.F.);
#7598=ORIENTED_EDGE('',*,*,#5657,.F.);
#7599=ORIENTED_EDGE('',*,*,#5659,.T.);
#7600=ORIENTED_EDGE('',*,*,#5660,.T.);
#7601=ORIENTED_EDGE('',*,*,#5661,.T.);
#7602=ORIENTED_EDGE('',*,*,#5662,.T.);
#7603=ORIENTED_EDGE('',*,*,#5587,.T.);
#7604=ORIENTED_EDGE('',*,*,#5593,.T.);
#7605=ORIENTED_EDGE('',*,*,#5599,.T.);
#7606=ORIENTED_EDGE('',*,*,#5605,.T.);
#7607=ORIENTED_EDGE('',*,*,#5608,.T.);
#7608=ORIENTED_EDGE('',*,*,#5618,.T.);
#7609=ORIENTED_EDGE('',*,*,#5615,.T.);
#7610=ORIENTED_EDGE('',*,*,#5612,.T.);
#7611=ORIENTED_EDGE('',*,*,#5620,.T.);
#7612=ORIENTED_EDGE('',*,*,#5630,.T.);
#7613=ORIENTED_EDGE('',*,*,#5627,.T.);
#7614=ORIENTED_EDGE('',*,*,#5624,.T.);
#7615=ORIENTED_EDGE('',*,*,#5632,.T.);
#7616=ORIENTED_EDGE('',*,*,#5642,.T.);
#7617=ORIENTED_EDGE('',*,*,#5639,.T.);
#7618=ORIENTED_EDGE('',*,*,#5636,.T.);
#7619=ORIENTED_EDGE('',*,*,#5644,.T.);
#7620=ORIENTED_EDGE('',*,*,#5654,.T.);
#7621=ORIENTED_EDGE('',*,*,#5651,.T.);
#7622=ORIENTED_EDGE('',*,*,#5648,.T.);
#7623=ORIENTED_EDGE('',*,*,#5656,.T.);
#7624=ORIENTED_EDGE('',*,*,#5663,.T.);
#7625=ORIENTED_EDGE('',*,*,#5664,.T.);
#7626=ORIENTED_EDGE('',*,*,#5665,.T.);
#7627=ORIENTED_EDGE('',*,*,#5666,.T.);
#7628=ORIENTED_EDGE('',*,*,#5589,.T.);
#7629=ORIENTED_EDGE('',*,*,#5595,.T.);
#7630=ORIENTED_EDGE('',*,*,#5601,.T.);
#7631=ORIENTED_EDGE('',*,*,#5607,.T.);
#7632=ORIENTED_EDGE('',*,*,#5610,.T.);
#7633=ORIENTED_EDGE('',*,*,#5614,.T.);
#7634=ORIENTED_EDGE('',*,*,#5617,.T.);
#7635=ORIENTED_EDGE('',*,*,#5619,.T.);
#7636=ORIENTED_EDGE('',*,*,#5622,.T.);
#7637=ORIENTED_EDGE('',*,*,#5626,.T.);
#7638=ORIENTED_EDGE('',*,*,#5629,.T.);
#7639=ORIENTED_EDGE('',*,*,#5631,.T.);
#7640=ORIENTED_EDGE('',*,*,#5634,.T.);
#7641=ORIENTED_EDGE('',*,*,#5638,.T.);
#7642=ORIENTED_EDGE('',*,*,#5641,.T.);
#7643=ORIENTED_EDGE('',*,*,#5643,.T.);
#7644=ORIENTED_EDGE('',*,*,#5646,.T.);
#7645=ORIENTED_EDGE('',*,*,#5650,.T.);
#7646=ORIENTED_EDGE('',*,*,#5653,.T.);
#7647=ORIENTED_EDGE('',*,*,#5655,.T.);
#7648=ORIENTED_EDGE('',*,*,#5658,.T.);
#7649=ORIENTED_EDGE('',*,*,#5667,.T.);
#7650=ORIENTED_EDGE('',*,*,#5668,.T.);
#7651=ORIENTED_EDGE('',*,*,#5669,.T.);
#7652=ORIENTED_EDGE('',*,*,#5670,.T.);
#7653=ORIENTED_EDGE('',*,*,#5586,.T.);
#7654=ORIENTED_EDGE('',*,*,#5671,.T.);
#7655=ORIENTED_EDGE('',*,*,#5672,.T.);
#7656=ORIENTED_EDGE('',*,*,#5669,.F.);
#7657=ORIENTED_EDGE('',*,*,#5673,.F.);
#7658=ORIENTED_EDGE('',*,*,#5674,.F.);
#7659=ORIENTED_EDGE('',*,*,#5675,.T.);
#7660=ORIENTED_EDGE('',*,*,#5676,.T.);
#7661=ORIENTED_EDGE('',*,*,#5677,.F.);
#7662=ORIENTED_EDGE('',*,*,#5670,.F.);
#7663=ORIENTED_EDGE('',*,*,#5672,.F.);
#7664=ORIENTED_EDGE('',*,*,#5675,.F.);
#7665=ORIENTED_EDGE('',*,*,#5671,.F.);
#7666=ORIENTED_EDGE('',*,*,#5678,.F.);
#7667=ORIENTED_EDGE('',*,*,#5679,.F.);
#7668=ORIENTED_EDGE('',*,*,#5584,.T.);
#7669=ORIENTED_EDGE('',*,*,#5673,.T.);
#7670=ORIENTED_EDGE('',*,*,#5680,.T.);
#7671=ORIENTED_EDGE('',*,*,#5681,.T.);
#7672=ORIENTED_EDGE('',*,*,#5682,.F.);
#7673=ORIENTED_EDGE('',*,*,#5677,.T.);
#7674=ORIENTED_EDGE('',*,*,#5683,.F.);
#7675=ORIENTED_EDGE('',*,*,#5684,.T.);
#7676=ORIENTED_EDGE('',*,*,#5685,.T.);
#7677=ORIENTED_EDGE('',*,*,#5686,.T.);
#7678=ORIENTED_EDGE('',*,*,#5687,.T.);
#7679=ORIENTED_EDGE('',*,*,#5688,.T.);
#7680=ORIENTED_EDGE('',*,*,#5689,.T.);
#7681=ORIENTED_EDGE('',*,*,#5592,.T.);
#7682=ORIENTED_EDGE('',*,*,#5690,.T.);
#7683=ORIENTED_EDGE('',*,*,#5691,.T.);
#7684=ORIENTED_EDGE('',*,*,#5692,.F.);
#7685=ORIENTED_EDGE('',*,*,#5689,.F.);
#7686=ORIENTED_EDGE('',*,*,#5693,.F.);
#7687=ORIENTED_EDGE('',*,*,#5694,.T.);
#7688=ORIENTED_EDGE('',*,*,#5693,.T.);
#7689=ORIENTED_EDGE('',*,*,#5688,.F.);
#7690=ORIENTED_EDGE('',*,*,#5684,.F.);
#7691=ORIENTED_EDGE('',*,*,#5695,.F.);
#7692=ORIENTED_EDGE('',*,*,#5696,.F.);
#7693=ORIENTED_EDGE('',*,*,#5690,.F.);
#7694=ORIENTED_EDGE('',*,*,#5694,.F.);
#7695=ORIENTED_EDGE('',*,*,#5697,.F.);
#7696=ORIENTED_EDGE('',*,*,#5590,.T.);
#7697=ORIENTED_EDGE('',*,*,#5692,.T.);
#7698=ORIENTED_EDGE('',*,*,#5698,.F.);
#7699=ORIENTED_EDGE('',*,*,#5699,.T.);
#7700=ORIENTED_EDGE('',*,*,#5700,.T.);
#7701=ORIENTED_EDGE('',*,*,#5701,.T.);
#7702=ORIENTED_EDGE('',*,*,#5702,.T.);
#7703=ORIENTED_EDGE('',*,*,#5703,.T.);
#7704=ORIENTED_EDGE('',*,*,#5704,.T.);
#7705=ORIENTED_EDGE('',*,*,#5598,.T.);
#7706=ORIENTED_EDGE('',*,*,#5705,.T.);
#7707=ORIENTED_EDGE('',*,*,#5706,.T.);
#7708=ORIENTED_EDGE('',*,*,#5681,.F.);
#7709=ORIENTED_EDGE('',*,*,#5704,.F.);
#7710=ORIENTED_EDGE('',*,*,#5707,.F.);
#7711=ORIENTED_EDGE('',*,*,#5708,.T.);
#7712=ORIENTED_EDGE('',*,*,#5707,.T.);
#7713=ORIENTED_EDGE('',*,*,#5703,.F.);
#7714=ORIENTED_EDGE('',*,*,#5709,.F.);
#7715=ORIENTED_EDGE('',*,*,#5710,.F.);
#7716=ORIENTED_EDGE('',*,*,#5708,.F.);
#7717=ORIENTED_EDGE('',*,*,#5711,.F.);
#7718=ORIENTED_EDGE('',*,*,#5712,.F.);
#7719=ORIENTED_EDGE('',*,*,#5705,.F.);
#7720=ORIENTED_EDGE('',*,*,#5596,.T.);
#7721=ORIENTED_EDGE('',*,*,#5709,.T.);
#7722=ORIENTED_EDGE('',*,*,#5713,.T.);
#7723=ORIENTED_EDGE('',*,*,#5714,.T.);
#7724=ORIENTED_EDGE('',*,*,#5715,.F.);
#7725=ORIENTED_EDGE('',*,*,#5716,.T.);
#7726=ORIENTED_EDGE('',*,*,#5717,.T.);
#7727=ORIENTED_EDGE('',*,*,#5718,.T.);
#7728=ORIENTED_EDGE('',*,*,#5719,.T.);
#7729=ORIENTED_EDGE('',*,*,#5604,.T.);
#7730=ORIENTED_EDGE('',*,*,#5720,.T.);
#7731=ORIENTED_EDGE('',*,*,#5721,.T.);
#7732=ORIENTED_EDGE('',*,*,#5714,.F.);
#7733=ORIENTED_EDGE('',*,*,#5719,.F.);
#7734=ORIENTED_EDGE('',*,*,#5722,.F.);
#7735=ORIENTED_EDGE('',*,*,#5723,.T.);
#7736=ORIENTED_EDGE('',*,*,#5722,.T.);
#7737=ORIENTED_EDGE('',*,*,#5718,.F.);
#7738=ORIENTED_EDGE('',*,*,#5699,.F.);
#7739=ORIENTED_EDGE('',*,*,#5724,.F.);
#7740=ORIENTED_EDGE('',*,*,#5725,.F.);
#7741=ORIENTED_EDGE('',*,*,#5726,.F.);
#7742=ORIENTED_EDGE('',*,*,#5720,.F.);
#7743=ORIENTED_EDGE('',*,*,#5723,.F.);
#7744=ORIENTED_EDGE('',*,*,#5602,.T.);
#7745=ORIENTED_EDGE('',*,*,#5702,.F.);
#7746=ORIENTED_EDGE('',*,*,#5727,.T.);
#7747=ORIENTED_EDGE('',*,*,#5659,.F.);
#7748=ORIENTED_EDGE('',*,*,#5728,.F.);
#7749=ORIENTED_EDGE('',*,*,#5716,.F.);
#7750=ORIENTED_EDGE('',*,*,#5713,.F.);
#7751=ORIENTED_EDGE('',*,*,#5668,.F.);
#7752=ORIENTED_EDGE('',*,*,#5729,.T.);
#7753=ORIENTED_EDGE('',*,*,#5660,.F.);
#7754=ORIENTED_EDGE('',*,*,#5727,.F.);
#7755=ORIENTED_EDGE('',*,*,#5701,.F.);
#7756=ORIENTED_EDGE('',*,*,#5680,.F.);
#7757=ORIENTED_EDGE('',*,*,#5687,.F.);
#7758=ORIENTED_EDGE('',*,*,#5730,.T.);
#7759=ORIENTED_EDGE('',*,*,#5661,.F.);
#7760=ORIENTED_EDGE('',*,*,#5729,.F.);
#7761=ORIENTED_EDGE('',*,*,#5667,.F.);
#7762=ORIENTED_EDGE('',*,*,#5685,.F.);
#7763=ORIENTED_EDGE('',*,*,#5717,.F.);
#7764=ORIENTED_EDGE('',*,*,#5728,.T.);
#7765=ORIENTED_EDGE('',*,*,#5662,.F.);
#7766=ORIENTED_EDGE('',*,*,#5730,.F.);
#7767=ORIENTED_EDGE('',*,*,#5686,.F.);
#7768=ORIENTED_EDGE('',*,*,#5700,.F.);
#7769=ORIENTED_EDGE('',*,*,#5715,.T.);
#7770=ORIENTED_EDGE('',*,*,#5721,.F.);
#7771=ORIENTED_EDGE('',*,*,#5726,.T.);
#7772=ORIENTED_EDGE('',*,*,#5731,.T.);
#7773=ORIENTED_EDGE('',*,*,#5666,.F.);
#7774=ORIENTED_EDGE('',*,*,#5732,.F.);
#7775=ORIENTED_EDGE('',*,*,#5711,.T.);
#7776=ORIENTED_EDGE('',*,*,#5710,.T.);
#7777=ORIENTED_EDGE('',*,*,#5682,.T.);
#7778=ORIENTED_EDGE('',*,*,#5706,.F.);
#7779=ORIENTED_EDGE('',*,*,#5712,.T.);
#7780=ORIENTED_EDGE('',*,*,#5732,.T.);
#7781=ORIENTED_EDGE('',*,*,#5665,.F.);
#7782=ORIENTED_EDGE('',*,*,#5733,.F.);
#7783=ORIENTED_EDGE('',*,*,#5678,.T.);
#7784=ORIENTED_EDGE('',*,*,#5674,.T.);
#7785=ORIENTED_EDGE('',*,*,#5683,.T.);
#7786=ORIENTED_EDGE('',*,*,#5676,.F.);
#7787=ORIENTED_EDGE('',*,*,#5679,.T.);
#7788=ORIENTED_EDGE('',*,*,#5733,.T.);
#7789=ORIENTED_EDGE('',*,*,#5664,.F.);
#7790=ORIENTED_EDGE('',*,*,#5734,.F.);
#7791=ORIENTED_EDGE('',*,*,#5697,.T.);
#7792=ORIENTED_EDGE('',*,*,#5695,.T.);
#7793=ORIENTED_EDGE('',*,*,#5698,.T.);
#7794=ORIENTED_EDGE('',*,*,#5691,.F.);
#7795=ORIENTED_EDGE('',*,*,#5696,.T.);
#7796=ORIENTED_EDGE('',*,*,#5734,.T.);
#7797=ORIENTED_EDGE('',*,*,#5663,.F.);
#7798=ORIENTED_EDGE('',*,*,#5731,.F.);
#7799=ORIENTED_EDGE('',*,*,#5725,.T.);
#7800=ORIENTED_EDGE('',*,*,#5724,.T.);
#7801=ORIENTED_EDGE('',*,*,#5735,.F.);
#7802=ORIENTED_EDGE('',*,*,#5736,.F.);
#7803=ORIENTED_EDGE('',*,*,#5737,.F.);
#7804=ORIENTED_EDGE('',*,*,#5738,.T.);
#7805=ORIENTED_EDGE('',*,*,#5739,.F.);
#7806=ORIENTED_EDGE('',*,*,#5740,.T.);
#7807=ORIENTED_EDGE('',*,*,#5741,.F.);
#7808=ORIENTED_EDGE('',*,*,#5742,.F.);
#7809=ORIENTED_EDGE('',*,*,#5743,.F.);
#7810=ORIENTED_EDGE('',*,*,#5738,.F.);
#7811=ORIENTED_EDGE('',*,*,#5744,.F.);
#7812=ORIENTED_EDGE('',*,*,#5745,.F.);
#7813=ORIENTED_EDGE('',*,*,#5746,.F.);
#7814=ORIENTED_EDGE('',*,*,#5747,.T.);
#7815=ORIENTED_EDGE('',*,*,#5748,.F.);
#7816=ORIENTED_EDGE('',*,*,#5736,.T.);
#7817=ORIENTED_EDGE('',*,*,#5749,.F.);
#7818=ORIENTED_EDGE('',*,*,#5742,.T.);
#7819=ORIENTED_EDGE('',*,*,#5750,.F.);
#7820=ORIENTED_EDGE('',*,*,#5751,.T.);
#7821=ORIENTED_EDGE('',*,*,#5752,.F.);
#7822=ORIENTED_EDGE('',*,*,#5745,.T.);
#7823=ORIENTED_EDGE('',*,*,#5753,.F.);
#7824=ORIENTED_EDGE('',*,*,#5747,.F.);
#7825=ORIENTED_EDGE('',*,*,#5754,.F.);
#7826=ORIENTED_EDGE('',*,*,#5751,.F.);
#7827=ORIENTED_EDGE('',*,*,#5755,.F.);
#7828=ORIENTED_EDGE('',*,*,#5756,.T.);
#7829=ORIENTED_EDGE('',*,*,#5757,.F.);
#7830=ORIENTED_EDGE('',*,*,#5756,.F.);
#7831=ORIENTED_EDGE('',*,*,#5758,.F.);
#7832=ORIENTED_EDGE('',*,*,#5740,.F.);
#7833=ORIENTED_EDGE('',*,*,#5759,.T.);
#7834=ORIENTED_EDGE('',*,*,#5760,.T.);
#7835=ORIENTED_EDGE('',*,*,#5761,.F.);
#7836=ORIENTED_EDGE('',*,*,#5760,.F.);
#7837=ORIENTED_EDGE('',*,*,#5754,.T.);
#7838=ORIENTED_EDGE('',*,*,#5757,.T.);
#7839=ORIENTED_EDGE('',*,*,#5739,.T.);
#7840=ORIENTED_EDGE('',*,*,#5749,.T.);
#7841=ORIENTED_EDGE('',*,*,#5752,.T.);
#7842=ORIENTED_EDGE('',*,*,#5746,.T.);
#7843=ORIENTED_EDGE('',*,*,#5735,.T.);
#7844=ORIENTED_EDGE('',*,*,#5743,.T.);
#7845=ORIENTED_EDGE('',*,*,#5759,.F.);
#7846=ORIENTED_EDGE('',*,*,#5762,.F.);
#7847=ORIENTED_EDGE('',*,*,#5763,.F.);
#7848=ORIENTED_EDGE('',*,*,#5764,.T.);
#7849=ORIENTED_EDGE('',*,*,#5762,.T.);
#7850=ORIENTED_EDGE('',*,*,#5764,.F.);
#7851=ORIENTED_EDGE('',*,*,#5765,.F.);
#7852=ORIENTED_EDGE('',*,*,#5766,.T.);
#7853=ORIENTED_EDGE('',*,*,#5767,.F.);
#7854=ORIENTED_EDGE('',*,*,#5766,.F.);
#7855=ORIENTED_EDGE('',*,*,#5755,.T.);
#7856=ORIENTED_EDGE('',*,*,#5750,.T.);
#7857=ORIENTED_EDGE('',*,*,#5741,.T.);
#7858=ORIENTED_EDGE('',*,*,#5758,.T.);
#7859=ORIENTED_EDGE('',*,*,#5753,.T.);
#7860=ORIENTED_EDGE('',*,*,#5744,.T.);
#7861=ORIENTED_EDGE('',*,*,#5737,.T.);
#7862=ORIENTED_EDGE('',*,*,#5748,.T.);
#7863=ORIENTED_EDGE('',*,*,#5767,.T.);
#7864=ORIENTED_EDGE('',*,*,#5763,.T.);
#7865=ORIENTED_EDGE('',*,*,#5765,.T.);
#7866=ORIENTED_EDGE('',*,*,#5761,.T.);
#7867=ORIENTED_EDGE('',*,*,#5768,.F.);
#7868=ORIENTED_EDGE('',*,*,#5769,.T.);
#7869=ORIENTED_EDGE('',*,*,#5770,.F.);
#7870=ORIENTED_EDGE('',*,*,#5769,.F.);
#7871=ORIENTED_EDGE('',*,*,#5771,.F.);
#7872=ORIENTED_EDGE('',*,*,#5772,.T.);
#7873=ORIENTED_EDGE('',*,*,#5773,.F.);
#7874=ORIENTED_EDGE('',*,*,#5772,.F.);
#7875=ORIENTED_EDGE('',*,*,#5773,.T.);
#7876=ORIENTED_EDGE('',*,*,#5768,.T.);
#7877=ORIENTED_EDGE('',*,*,#5771,.T.);
#7878=ORIENTED_EDGE('',*,*,#5770,.T.);
#7879=ORIENTED_EDGE('',*,*,#5774,.F.);
#7880=ORIENTED_EDGE('',*,*,#5775,.T.);
#7881=ORIENTED_EDGE('',*,*,#5776,.F.);
#7882=ORIENTED_EDGE('',*,*,#5775,.F.);
#7883=ORIENTED_EDGE('',*,*,#5777,.F.);
#7884=ORIENTED_EDGE('',*,*,#5778,.T.);
#7885=ORIENTED_EDGE('',*,*,#5779,.F.);
#7886=ORIENTED_EDGE('',*,*,#5778,.F.);
#7887=ORIENTED_EDGE('',*,*,#5779,.T.);
#7888=ORIENTED_EDGE('',*,*,#5774,.T.);
#7889=ORIENTED_EDGE('',*,*,#5777,.T.);
#7890=ORIENTED_EDGE('',*,*,#5776,.T.);
#7891=ORIENTED_EDGE('',*,*,#5780,.T.);
#7892=ORIENTED_EDGE('',*,*,#5781,.T.);
#7893=ORIENTED_EDGE('',*,*,#5782,.F.);
#7894=ORIENTED_EDGE('',*,*,#5781,.F.);
#7895=ORIENTED_EDGE('',*,*,#5780,.F.);
#7896=ORIENTED_EDGE('',*,*,#5783,.T.);
#7897=ORIENTED_EDGE('',*,*,#5784,.T.);
#7898=ORIENTED_EDGE('',*,*,#5785,.F.);
#7899=ORIENTED_EDGE('',*,*,#5784,.F.);
#7900=ORIENTED_EDGE('',*,*,#5783,.F.);
#7901=ORIENTED_EDGE('',*,*,#5786,.T.);
#7902=ORIENTED_EDGE('',*,*,#5787,.T.);
#7903=ORIENTED_EDGE('',*,*,#5788,.F.);
#7904=ORIENTED_EDGE('',*,*,#5787,.F.);
#7905=ORIENTED_EDGE('',*,*,#5786,.F.);
#7906=ORIENTED_EDGE('',*,*,#5789,.T.);
#7907=ORIENTED_EDGE('',*,*,#5790,.T.);
#7908=ORIENTED_EDGE('',*,*,#5791,.F.);
#7909=ORIENTED_EDGE('',*,*,#5790,.F.);
#7910=ORIENTED_EDGE('',*,*,#5789,.F.);
#7911=ORIENTED_EDGE('',*,*,#5792,.T.);
#7912=ORIENTED_EDGE('',*,*,#5793,.T.);
#7913=ORIENTED_EDGE('',*,*,#5794,.F.);
#7914=ORIENTED_EDGE('',*,*,#5793,.F.);
#7915=ORIENTED_EDGE('',*,*,#5792,.F.);
#7916=ORIENTED_EDGE('',*,*,#5795,.T.);
#7917=ORIENTED_EDGE('',*,*,#5796,.T.);
#7918=ORIENTED_EDGE('',*,*,#5797,.F.);
#7919=ORIENTED_EDGE('',*,*,#5796,.F.);
#7920=ORIENTED_EDGE('',*,*,#5795,.F.);
#7921=ORIENTED_EDGE('',*,*,#5798,.T.);
#7922=ORIENTED_EDGE('',*,*,#5799,.T.);
#7923=ORIENTED_EDGE('',*,*,#5800,.F.);
#7924=ORIENTED_EDGE('',*,*,#5799,.F.);
#7925=ORIENTED_EDGE('',*,*,#5798,.F.);
#7926=ORIENTED_EDGE('',*,*,#5801,.F.);
#7927=ORIENTED_EDGE('',*,*,#5802,.T.);
#7928=ORIENTED_EDGE('',*,*,#5803,.F.);
#7929=ORIENTED_EDGE('',*,*,#5802,.F.);
#7930=ORIENTED_EDGE('',*,*,#5801,.T.);
#7931=ORIENTED_EDGE('',*,*,#5800,.T.);
#7932=ORIENTED_EDGE('',*,*,#5804,.F.);
#7933=ORIENTED_EDGE('',*,*,#5805,.T.);
#7934=ORIENTED_EDGE('',*,*,#5806,.F.);
#7935=ORIENTED_EDGE('',*,*,#5805,.F.);
#7936=ORIENTED_EDGE('',*,*,#5806,.T.);
#7937=ORIENTED_EDGE('',*,*,#5804,.T.);
#7938=ORIENTED_EDGE('',*,*,#5782,.T.);
#7939=ORIENTED_EDGE('',*,*,#5785,.T.);
#7940=ORIENTED_EDGE('',*,*,#5788,.T.);
#7941=ORIENTED_EDGE('',*,*,#5791,.T.);
#7942=ORIENTED_EDGE('',*,*,#5794,.T.);
#7943=ORIENTED_EDGE('',*,*,#5797,.T.);
#7944=ORIENTED_EDGE('',*,*,#5803,.T.);
#7945=ORIENTED_EDGE('',*,*,#5807,.F.);
#7946=ORIENTED_EDGE('',*,*,#5808,.T.);
#7947=ORIENTED_EDGE('',*,*,#5809,.F.);
#7948=ORIENTED_EDGE('',*,*,#5808,.F.);
#7949=ORIENTED_EDGE('',*,*,#5809,.T.);
#7950=ORIENTED_EDGE('',*,*,#5807,.T.);
#7951=ORIENTED_EDGE('',*,*,#5810,.F.);
#7952=ORIENTED_EDGE('',*,*,#5811,.T.);
#7953=ORIENTED_EDGE('',*,*,#5812,.F.);
#7954=ORIENTED_EDGE('',*,*,#5811,.F.);
#7955=ORIENTED_EDGE('',*,*,#5813,.F.);
#7956=ORIENTED_EDGE('',*,*,#5814,.T.);
#7957=ORIENTED_EDGE('',*,*,#5815,.F.);
#7958=ORIENTED_EDGE('',*,*,#5814,.F.);
#7959=ORIENTED_EDGE('',*,*,#5816,.F.);
#7960=ORIENTED_EDGE('',*,*,#5817,.T.);
#7961=ORIENTED_EDGE('',*,*,#5818,.F.);
#7962=ORIENTED_EDGE('',*,*,#5817,.F.);
#7963=ORIENTED_EDGE('',*,*,#5819,.F.);
#7964=ORIENTED_EDGE('',*,*,#5820,.T.);
#7965=ORIENTED_EDGE('',*,*,#5821,.F.);
#7966=ORIENTED_EDGE('',*,*,#5820,.F.);
#7967=ORIENTED_EDGE('',*,*,#5822,.F.);
#7968=ORIENTED_EDGE('',*,*,#5823,.T.);
#7969=ORIENTED_EDGE('',*,*,#5824,.F.);
#7970=ORIENTED_EDGE('',*,*,#5823,.F.);
#7971=ORIENTED_EDGE('',*,*,#5825,.F.);
#7972=ORIENTED_EDGE('',*,*,#5826,.T.);
#7973=ORIENTED_EDGE('',*,*,#5827,.F.);
#7974=ORIENTED_EDGE('',*,*,#5826,.F.);
#7975=ORIENTED_EDGE('',*,*,#5827,.T.);
#7976=ORIENTED_EDGE('',*,*,#5810,.T.);
#7977=ORIENTED_EDGE('',*,*,#5813,.T.);
#7978=ORIENTED_EDGE('',*,*,#5816,.T.);
#7979=ORIENTED_EDGE('',*,*,#5819,.T.);
#7980=ORIENTED_EDGE('',*,*,#5822,.T.);
#7981=ORIENTED_EDGE('',*,*,#5825,.T.);
#7982=ORIENTED_EDGE('',*,*,#5812,.T.);
#7983=ORIENTED_EDGE('',*,*,#5815,.T.);
#7984=ORIENTED_EDGE('',*,*,#5818,.T.);
#7985=ORIENTED_EDGE('',*,*,#5821,.T.);
#7986=ORIENTED_EDGE('',*,*,#5824,.T.);
#7987=ORIENTED_EDGE('',*,*,#5828,.F.);
#7988=ORIENTED_EDGE('',*,*,#5829,.T.);
#7989=ORIENTED_EDGE('',*,*,#5830,.F.);
#7990=ORIENTED_EDGE('',*,*,#5829,.F.);
#7991=ORIENTED_EDGE('',*,*,#5831,.F.);
#7992=ORIENTED_EDGE('',*,*,#5832,.T.);
#7993=ORIENTED_EDGE('',*,*,#5833,.F.);
#7994=ORIENTED_EDGE('',*,*,#5832,.F.);
#7995=ORIENTED_EDGE('',*,*,#5834,.F.);
#7996=ORIENTED_EDGE('',*,*,#5835,.T.);
#7997=ORIENTED_EDGE('',*,*,#5836,.F.);
#7998=ORIENTED_EDGE('',*,*,#5835,.F.);
#7999=ORIENTED_EDGE('',*,*,#5837,.F.);
#8000=ORIENTED_EDGE('',*,*,#5838,.T.);
#8001=ORIENTED_EDGE('',*,*,#5839,.F.);
#8002=ORIENTED_EDGE('',*,*,#5838,.F.);
#8003=ORIENTED_EDGE('',*,*,#5840,.F.);
#8004=ORIENTED_EDGE('',*,*,#5841,.T.);
#8005=ORIENTED_EDGE('',*,*,#5842,.F.);
#8006=ORIENTED_EDGE('',*,*,#5841,.F.);
#8007=ORIENTED_EDGE('',*,*,#5843,.F.);
#8008=ORIENTED_EDGE('',*,*,#5844,.T.);
#8009=ORIENTED_EDGE('',*,*,#5845,.F.);
#8010=ORIENTED_EDGE('',*,*,#5844,.F.);
#8011=ORIENTED_EDGE('',*,*,#5845,.T.);
#8012=ORIENTED_EDGE('',*,*,#5828,.T.);
#8013=ORIENTED_EDGE('',*,*,#5831,.T.);
#8014=ORIENTED_EDGE('',*,*,#5834,.T.);
#8015=ORIENTED_EDGE('',*,*,#5837,.T.);
#8016=ORIENTED_EDGE('',*,*,#5840,.T.);
#8017=ORIENTED_EDGE('',*,*,#5843,.T.);
#8018=ORIENTED_EDGE('',*,*,#5830,.T.);
#8019=ORIENTED_EDGE('',*,*,#5833,.T.);
#8020=ORIENTED_EDGE('',*,*,#5836,.T.);
#8021=ORIENTED_EDGE('',*,*,#5839,.T.);
#8022=ORIENTED_EDGE('',*,*,#5842,.T.);
#8023=ORIENTED_EDGE('',*,*,#5846,.F.);
#8024=ORIENTED_EDGE('',*,*,#5847,.T.);
#8025=ORIENTED_EDGE('',*,*,#5848,.F.);
#8026=ORIENTED_EDGE('',*,*,#5847,.F.);
#8027=ORIENTED_EDGE('',*,*,#5848,.T.);
#8028=ORIENTED_EDGE('',*,*,#5846,.T.);
#8029=ORIENTED_EDGE('',*,*,#5849,.F.);
#8030=ORIENTED_EDGE('',*,*,#5850,.T.);
#8031=ORIENTED_EDGE('',*,*,#5851,.F.);
#8032=ORIENTED_EDGE('',*,*,#5850,.F.);
#8033=ORIENTED_EDGE('',*,*,#5852,.F.);
#8034=ORIENTED_EDGE('',*,*,#5853,.T.);
#8035=ORIENTED_EDGE('',*,*,#5854,.F.);
#8036=ORIENTED_EDGE('',*,*,#5853,.F.);
#8037=ORIENTED_EDGE('',*,*,#5855,.F.);
#8038=ORIENTED_EDGE('',*,*,#5856,.T.);
#8039=ORIENTED_EDGE('',*,*,#5857,.F.);
#8040=ORIENTED_EDGE('',*,*,#5856,.F.);
#8041=ORIENTED_EDGE('',*,*,#5858,.F.);
#8042=ORIENTED_EDGE('',*,*,#5859,.T.);
#8043=ORIENTED_EDGE('',*,*,#5860,.F.);
#8044=ORIENTED_EDGE('',*,*,#5859,.F.);
#8045=ORIENTED_EDGE('',*,*,#5861,.T.);
#8046=ORIENTED_EDGE('',*,*,#5862,.T.);
#8047=ORIENTED_EDGE('',*,*,#5863,.F.);
#8048=ORIENTED_EDGE('',*,*,#5864,.F.);
#8049=ORIENTED_EDGE('',*,*,#5865,.T.);
#8050=ORIENTED_EDGE('',*,*,#5864,.T.);
#8051=ORIENTED_EDGE('',*,*,#5866,.F.);
#8052=ORIENTED_EDGE('',*,*,#5867,.F.);
#8053=ORIENTED_EDGE('',*,*,#5868,.T.);
#8054=ORIENTED_EDGE('',*,*,#5867,.T.);
#8055=ORIENTED_EDGE('',*,*,#5869,.F.);
#8056=ORIENTED_EDGE('',*,*,#5870,.F.);
#8057=ORIENTED_EDGE('',*,*,#5871,.T.);
#8058=ORIENTED_EDGE('',*,*,#5870,.T.);
#8059=ORIENTED_EDGE('',*,*,#5872,.F.);
#8060=ORIENTED_EDGE('',*,*,#5862,.F.);
#8061=ORIENTED_EDGE('',*,*,#5872,.T.);
#8062=ORIENTED_EDGE('',*,*,#5869,.T.);
#8063=ORIENTED_EDGE('',*,*,#5866,.T.);
#8064=ORIENTED_EDGE('',*,*,#5863,.T.);
#8065=ORIENTED_EDGE('',*,*,#5851,.T.);
#8066=ORIENTED_EDGE('',*,*,#5854,.T.);
#8067=ORIENTED_EDGE('',*,*,#5857,.T.);
#8068=ORIENTED_EDGE('',*,*,#5860,.T.);
#8069=ORIENTED_EDGE('',*,*,#5871,.F.);
#8070=ORIENTED_EDGE('',*,*,#5861,.F.);
#8071=ORIENTED_EDGE('',*,*,#5865,.F.);
#8072=ORIENTED_EDGE('',*,*,#5868,.F.);
#8073=ORIENTED_EDGE('',*,*,#5849,.T.);
#8074=ORIENTED_EDGE('',*,*,#5852,.T.);
#8075=ORIENTED_EDGE('',*,*,#5855,.T.);
#8076=ORIENTED_EDGE('',*,*,#5858,.T.);
#8077=ORIENTED_EDGE('',*,*,#5873,.F.);
#8078=ORIENTED_EDGE('',*,*,#5874,.T.);
#8079=ORIENTED_EDGE('',*,*,#5875,.F.);
#8080=ORIENTED_EDGE('',*,*,#5874,.F.);
#8081=ORIENTED_EDGE('',*,*,#5876,.F.);
#8082=ORIENTED_EDGE('',*,*,#5877,.T.);
#8083=ORIENTED_EDGE('',*,*,#5878,.F.);
#8084=ORIENTED_EDGE('',*,*,#5877,.F.);
#8085=ORIENTED_EDGE('',*,*,#5878,.T.);
#8086=ORIENTED_EDGE('',*,*,#5873,.T.);
#8087=ORIENTED_EDGE('',*,*,#5876,.T.);
#8088=ORIENTED_EDGE('',*,*,#5875,.T.);
#8089=ORIENTED_EDGE('',*,*,#5879,.F.);
#8090=ORIENTED_EDGE('',*,*,#5880,.F.);
#8091=ORIENTED_EDGE('',*,*,#5881,.F.);
#8092=ORIENTED_EDGE('',*,*,#5882,.F.);
#8093=ORIENTED_EDGE('',*,*,#5883,.F.);
#8094=ORIENTED_EDGE('',*,*,#5884,.F.);
#8095=ORIENTED_EDGE('',*,*,#5885,.F.);
#8096=ORIENTED_EDGE('',*,*,#5886,.F.);
#8097=ORIENTED_EDGE('',*,*,#5886,.T.);
#8098=ORIENTED_EDGE('',*,*,#5887,.T.);
#8099=ORIENTED_EDGE('',*,*,#5880,.T.);
#8100=ORIENTED_EDGE('',*,*,#5888,.T.);
#8101=ORIENTED_EDGE('',*,*,#5883,.T.);
#8102=ORIENTED_EDGE('',*,*,#5888,.F.);
#8103=ORIENTED_EDGE('',*,*,#5879,.T.);
#8104=ORIENTED_EDGE('',*,*,#5889,.F.);
#8105=ORIENTED_EDGE('',*,*,#5885,.T.);
#8106=ORIENTED_EDGE('',*,*,#5890,.F.);
#8107=ORIENTED_EDGE('',*,*,#5881,.T.);
#8108=ORIENTED_EDGE('',*,*,#5887,.F.);
#8109=ORIENTED_EDGE('',*,*,#5884,.T.);
#8110=ORIENTED_EDGE('',*,*,#5889,.T.);
#8111=ORIENTED_EDGE('',*,*,#5882,.T.);
#8112=ORIENTED_EDGE('',*,*,#5890,.T.);
#8113=ORIENTED_EDGE('',*,*,#5891,.F.);
#8114=ORIENTED_EDGE('',*,*,#5892,.T.);
#8115=ORIENTED_EDGE('',*,*,#5893,.F.);
#8116=ORIENTED_EDGE('',*,*,#5892,.F.);
#8117=ORIENTED_EDGE('',*,*,#5894,.F.);
#8118=ORIENTED_EDGE('',*,*,#5895,.T.);
#8119=ORIENTED_EDGE('',*,*,#5896,.F.);
#8120=ORIENTED_EDGE('',*,*,#5895,.F.);
#8121=ORIENTED_EDGE('',*,*,#5896,.T.);
#8122=ORIENTED_EDGE('',*,*,#5891,.T.);
#8123=ORIENTED_EDGE('',*,*,#5894,.T.);
#8124=ORIENTED_EDGE('',*,*,#5893,.T.);
#8125=ORIENTED_EDGE('',*,*,#5897,.F.);
#8126=ORIENTED_EDGE('',*,*,#5898,.T.);
#8127=ORIENTED_EDGE('',*,*,#5899,.F.);
#8128=ORIENTED_EDGE('',*,*,#5898,.F.);
#8129=ORIENTED_EDGE('',*,*,#5900,.F.);
#8130=ORIENTED_EDGE('',*,*,#5901,.T.);
#8131=ORIENTED_EDGE('',*,*,#5902,.F.);
#8132=ORIENTED_EDGE('',*,*,#5901,.F.);
#8133=ORIENTED_EDGE('',*,*,#5902,.T.);
#8134=ORIENTED_EDGE('',*,*,#5897,.T.);
#8135=ORIENTED_EDGE('',*,*,#5900,.T.);
#8136=ORIENTED_EDGE('',*,*,#5899,.T.);
#8137=ORIENTED_EDGE('',*,*,#5903,.F.);
#8138=ORIENTED_EDGE('',*,*,#5904,.T.);
#8139=ORIENTED_EDGE('',*,*,#5905,.F.);
#8140=ORIENTED_EDGE('',*,*,#5904,.F.);
#8141=ORIENTED_EDGE('',*,*,#5906,.F.);
#8142=ORIENTED_EDGE('',*,*,#5907,.T.);
#8143=ORIENTED_EDGE('',*,*,#5908,.F.);
#8144=ORIENTED_EDGE('',*,*,#5907,.F.);
#8145=ORIENTED_EDGE('',*,*,#5908,.T.);
#8146=ORIENTED_EDGE('',*,*,#5903,.T.);
#8147=ORIENTED_EDGE('',*,*,#5906,.T.);
#8148=ORIENTED_EDGE('',*,*,#5905,.T.);
#8149=ORIENTED_EDGE('',*,*,#5909,.F.);
#8150=ORIENTED_EDGE('',*,*,#5910,.T.);
#8151=ORIENTED_EDGE('',*,*,#5911,.F.);
#8152=ORIENTED_EDGE('',*,*,#5910,.F.);
#8153=ORIENTED_EDGE('',*,*,#5912,.F.);
#8154=ORIENTED_EDGE('',*,*,#5913,.T.);
#8155=ORIENTED_EDGE('',*,*,#5914,.F.);
#8156=ORIENTED_EDGE('',*,*,#5913,.F.);
#8157=ORIENTED_EDGE('',*,*,#5914,.T.);
#8158=ORIENTED_EDGE('',*,*,#5909,.T.);
#8159=ORIENTED_EDGE('',*,*,#5912,.T.);
#8160=ORIENTED_EDGE('',*,*,#5911,.T.);
#8161=ORIENTED_EDGE('',*,*,#5915,.F.);
#8162=ORIENTED_EDGE('',*,*,#5916,.T.);
#8163=ORIENTED_EDGE('',*,*,#5917,.F.);
#8164=ORIENTED_EDGE('',*,*,#5916,.F.);
#8165=ORIENTED_EDGE('',*,*,#5917,.T.);
#8166=ORIENTED_EDGE('',*,*,#5915,.T.);
#8167=ORIENTED_EDGE('',*,*,#5918,.F.);
#8168=ORIENTED_EDGE('',*,*,#5919,.T.);
#8169=ORIENTED_EDGE('',*,*,#5920,.F.);
#8170=ORIENTED_EDGE('',*,*,#5919,.F.);
#8171=ORIENTED_EDGE('',*,*,#5920,.T.);
#8172=ORIENTED_EDGE('',*,*,#5918,.T.);
#8173=ORIENTED_EDGE('',*,*,#5921,.F.);
#8174=ORIENTED_EDGE('',*,*,#5922,.T.);
#8175=ORIENTED_EDGE('',*,*,#5923,.F.);
#8176=ORIENTED_EDGE('',*,*,#5922,.F.);
#8177=ORIENTED_EDGE('',*,*,#5924,.F.);
#8178=ORIENTED_EDGE('',*,*,#5925,.T.);
#8179=ORIENTED_EDGE('',*,*,#5926,.F.);
#8180=ORIENTED_EDGE('',*,*,#5925,.F.);
#8181=ORIENTED_EDGE('',*,*,#5927,.T.);
#8182=ORIENTED_EDGE('',*,*,#5928,.T.);
#8183=ORIENTED_EDGE('',*,*,#5929,.F.);
#8184=ORIENTED_EDGE('',*,*,#5930,.F.);
#8185=ORIENTED_EDGE('',*,*,#5931,.T.);
#8186=ORIENTED_EDGE('',*,*,#5930,.T.);
#8187=ORIENTED_EDGE('',*,*,#5932,.F.);
#8188=ORIENTED_EDGE('',*,*,#5933,.F.);
#8189=ORIENTED_EDGE('',*,*,#5934,.T.);
#8190=ORIENTED_EDGE('',*,*,#5933,.T.);
#8191=ORIENTED_EDGE('',*,*,#5935,.F.);
#8192=ORIENTED_EDGE('',*,*,#5936,.F.);
#8193=ORIENTED_EDGE('',*,*,#5937,.T.);
#8194=ORIENTED_EDGE('',*,*,#5936,.T.);
#8195=ORIENTED_EDGE('',*,*,#5938,.F.);
#8196=ORIENTED_EDGE('',*,*,#5928,.F.);
#8197=ORIENTED_EDGE('',*,*,#5938,.T.);
#8198=ORIENTED_EDGE('',*,*,#5935,.T.);
#8199=ORIENTED_EDGE('',*,*,#5932,.T.);
#8200=ORIENTED_EDGE('',*,*,#5929,.T.);
#8201=ORIENTED_EDGE('',*,*,#5923,.T.);
#8202=ORIENTED_EDGE('',*,*,#5926,.T.);
#8203=ORIENTED_EDGE('',*,*,#5937,.F.);
#8204=ORIENTED_EDGE('',*,*,#5927,.F.);
#8205=ORIENTED_EDGE('',*,*,#5931,.F.);
#8206=ORIENTED_EDGE('',*,*,#5934,.F.);
#8207=ORIENTED_EDGE('',*,*,#5921,.T.);
#8208=ORIENTED_EDGE('',*,*,#5924,.T.);
#8209=ORIENTED_EDGE('',*,*,#5939,.F.);
#8210=ORIENTED_EDGE('',*,*,#5940,.T.);
#8211=ORIENTED_EDGE('',*,*,#5941,.F.);
#8212=ORIENTED_EDGE('',*,*,#5940,.F.);
#8213=ORIENTED_EDGE('',*,*,#5942,.F.);
#8214=ORIENTED_EDGE('',*,*,#5943,.T.);
#8215=ORIENTED_EDGE('',*,*,#5944,.F.);
#8216=ORIENTED_EDGE('',*,*,#5943,.F.);
#8217=ORIENTED_EDGE('',*,*,#5945,.T.);
#8218=ORIENTED_EDGE('',*,*,#5946,.T.);
#8219=ORIENTED_EDGE('',*,*,#5947,.F.);
#8220=ORIENTED_EDGE('',*,*,#5948,.F.);
#8221=ORIENTED_EDGE('',*,*,#5949,.T.);
#8222=ORIENTED_EDGE('',*,*,#5948,.T.);
#8223=ORIENTED_EDGE('',*,*,#5950,.F.);
#8224=ORIENTED_EDGE('',*,*,#5951,.F.);
#8225=ORIENTED_EDGE('',*,*,#5952,.T.);
#8226=ORIENTED_EDGE('',*,*,#5951,.T.);
#8227=ORIENTED_EDGE('',*,*,#5953,.F.);
#8228=ORIENTED_EDGE('',*,*,#5954,.F.);
#8229=ORIENTED_EDGE('',*,*,#5955,.T.);
#8230=ORIENTED_EDGE('',*,*,#5954,.T.);
#8231=ORIENTED_EDGE('',*,*,#5956,.F.);
#8232=ORIENTED_EDGE('',*,*,#5946,.F.);
#8233=ORIENTED_EDGE('',*,*,#5956,.T.);
#8234=ORIENTED_EDGE('',*,*,#5953,.T.);
#8235=ORIENTED_EDGE('',*,*,#5950,.T.);
#8236=ORIENTED_EDGE('',*,*,#5947,.T.);
#8237=ORIENTED_EDGE('',*,*,#5941,.T.);
#8238=ORIENTED_EDGE('',*,*,#5944,.T.);
#8239=ORIENTED_EDGE('',*,*,#5955,.F.);
#8240=ORIENTED_EDGE('',*,*,#5945,.F.);
#8241=ORIENTED_EDGE('',*,*,#5949,.F.);
#8242=ORIENTED_EDGE('',*,*,#5952,.F.);
#8243=ORIENTED_EDGE('',*,*,#5939,.T.);
#8244=ORIENTED_EDGE('',*,*,#5942,.T.);
#8245=ORIENTED_EDGE('',*,*,#5957,.T.);
#8246=ORIENTED_EDGE('',*,*,#5958,.T.);
#8247=ORIENTED_EDGE('',*,*,#5959,.F.);
#8248=ORIENTED_EDGE('',*,*,#5960,.F.);
#8249=ORIENTED_EDGE('',*,*,#5961,.T.);
#8250=ORIENTED_EDGE('',*,*,#5960,.T.);
#8251=ORIENTED_EDGE('',*,*,#5962,.F.);
#8252=ORIENTED_EDGE('',*,*,#5963,.F.);
#8253=ORIENTED_EDGE('',*,*,#5964,.T.);
#8254=ORIENTED_EDGE('',*,*,#5963,.T.);
#8255=ORIENTED_EDGE('',*,*,#5965,.F.);
#8256=ORIENTED_EDGE('',*,*,#5966,.F.);
#8257=ORIENTED_EDGE('',*,*,#5967,.T.);
#8258=ORIENTED_EDGE('',*,*,#5966,.T.);
#8259=ORIENTED_EDGE('',*,*,#5968,.F.);
#8260=ORIENTED_EDGE('',*,*,#5958,.F.);
#8261=ORIENTED_EDGE('',*,*,#5968,.T.);
#8262=ORIENTED_EDGE('',*,*,#5965,.T.);
#8263=ORIENTED_EDGE('',*,*,#5962,.T.);
#8264=ORIENTED_EDGE('',*,*,#5959,.T.);
#8265=ORIENTED_EDGE('',*,*,#5967,.F.);
#8266=ORIENTED_EDGE('',*,*,#5957,.F.);
#8267=ORIENTED_EDGE('',*,*,#5961,.F.);
#8268=ORIENTED_EDGE('',*,*,#5964,.F.);
#8269=ORIENTED_EDGE('',*,*,#5969,.F.);
#8270=ORIENTED_EDGE('',*,*,#5970,.T.);
#8271=ORIENTED_EDGE('',*,*,#5971,.F.);
#8272=ORIENTED_EDGE('',*,*,#5970,.F.);
#8273=ORIENTED_EDGE('',*,*,#5972,.F.);
#8274=ORIENTED_EDGE('',*,*,#5973,.T.);
#8275=ORIENTED_EDGE('',*,*,#5974,.F.);
#8276=ORIENTED_EDGE('',*,*,#5973,.F.);
#8277=ORIENTED_EDGE('',*,*,#5974,.T.);
#8278=ORIENTED_EDGE('',*,*,#5969,.T.);
#8279=ORIENTED_EDGE('',*,*,#5972,.T.);
#8280=ORIENTED_EDGE('',*,*,#5971,.T.);
#8281=ORIENTED_EDGE('',*,*,#5975,.F.);
#8282=ORIENTED_EDGE('',*,*,#5976,.T.);
#8283=ORIENTED_EDGE('',*,*,#5977,.F.);
#8284=ORIENTED_EDGE('',*,*,#5976,.F.);
#8285=ORIENTED_EDGE('',*,*,#5978,.F.);
#8286=ORIENTED_EDGE('',*,*,#5979,.T.);
#8287=ORIENTED_EDGE('',*,*,#5980,.F.);
#8288=ORIENTED_EDGE('',*,*,#5979,.F.);
#8289=ORIENTED_EDGE('',*,*,#5980,.T.);
#8290=ORIENTED_EDGE('',*,*,#5975,.T.);
#8291=ORIENTED_EDGE('',*,*,#5978,.T.);
#8292=ORIENTED_EDGE('',*,*,#5977,.T.);
#8293=ORIENTED_EDGE('',*,*,#5981,.F.);
#8294=ORIENTED_EDGE('',*,*,#5982,.T.);
#8295=ORIENTED_EDGE('',*,*,#5983,.F.);
#8296=ORIENTED_EDGE('',*,*,#5982,.F.);
#8297=ORIENTED_EDGE('',*,*,#5984,.F.);
#8298=ORIENTED_EDGE('',*,*,#5985,.T.);
#8299=ORIENTED_EDGE('',*,*,#5986,.F.);
#8300=ORIENTED_EDGE('',*,*,#5985,.F.);
#8301=ORIENTED_EDGE('',*,*,#5986,.T.);
#8302=ORIENTED_EDGE('',*,*,#5981,.T.);
#8303=ORIENTED_EDGE('',*,*,#5984,.T.);
#8304=ORIENTED_EDGE('',*,*,#5983,.T.);
#8305=CYLINDRICAL_SURFACE('',#9661,1.6);
#8306=CYLINDRICAL_SURFACE('',#9664,1.6);
#8307=CYLINDRICAL_SURFACE('',#9667,1.6);
#8308=CYLINDRICAL_SURFACE('',#9670,1.6);
#8309=CYLINDRICAL_SURFACE('',#9673,1.6);
#8310=CYLINDRICAL_SURFACE('',#9676,1.6);
#8311=CYLINDRICAL_SURFACE('',#9679,68.);
#8312=CYLINDRICAL_SURFACE('',#9682,75.);
#8313=CYLINDRICAL_SURFACE('',#9698,1.25);
#8314=CYLINDRICAL_SURFACE('',#9700,1.25);
#8315=CYLINDRICAL_SURFACE('',#9702,1.25);
#8316=CYLINDRICAL_SURFACE('',#9704,1.25);
#8317=CYLINDRICAL_SURFACE('',#9706,1.25);
#8318=CYLINDRICAL_SURFACE('',#9709,1.25);
#8319=CYLINDRICAL_SURFACE('',#9712,1.25);
#8320=CYLINDRICAL_SURFACE('',#9715,1.25);
#8321=CYLINDRICAL_SURFACE('',#9721,18.);
#8322=CYLINDRICAL_SURFACE('',#9728,18.);
#8323=CYLINDRICAL_SURFACE('',#9729,12.);
#8324=CYLINDRICAL_SURFACE('',#9730,5.);
#8325=CYLINDRICAL_SURFACE('',#9732,12.);
#8326=CYLINDRICAL_SURFACE('',#9736,1.6);
#8327=CYLINDRICAL_SURFACE('',#9739,1.6);
#8328=CYLINDRICAL_SURFACE('',#9742,1.6);
#8329=CYLINDRICAL_SURFACE('',#9745,1.6);
#8330=CYLINDRICAL_SURFACE('',#9748,1.6);
#8331=CYLINDRICAL_SURFACE('',#9751,1.6);
#8332=CYLINDRICAL_SURFACE('',#9754,1.6);
#8333=CYLINDRICAL_SURFACE('',#9757,1.6);
#8334=CYLINDRICAL_SURFACE('',#9760,1.6);
#8335=CYLINDRICAL_SURFACE('',#9763,1.6);
#8336=CYLINDRICAL_SURFACE('',#9766,5.);
#8337=CYLINDRICAL_SURFACE('',#9769,18.);
#8338=CYLINDRICAL_SURFACE('',#9772,18.);
#8339=CYLINDRICAL_SURFACE('',#9775,18.);
#8340=CYLINDRICAL_SURFACE('',#9778,18.);
#8341=CYLINDRICAL_SURFACE('',#9794,68.);
#8342=CYLINDRICAL_SURFACE('',#9797,68.);
#8343=CYLINDRICAL_SURFACE('',#9800,74.);
#8344=CYLINDRICAL_SURFACE('',#9809,68.);
#8345=CYLINDRICAL_SURFACE('',#9811,74.);
#8346=CYLINDRICAL_SURFACE('',#9813,74.);
#8347=CYLINDRICAL_SURFACE('',#9822,68.);
#8348=CYLINDRICAL_SURFACE('',#9826,74.);
#8349=CYLINDRICAL_SURFACE('',#9828,1.25);
#8350=CYLINDRICAL_SURFACE('',#9839,4.6);
#8351=CYLINDRICAL_SURFACE('',#9846,5.);
#8352=CYLINDRICAL_SURFACE('',#9854,6.);
#8353=CYLINDRICAL_SURFACE('',#9855,5.);
#8354=CYLINDRICAL_SURFACE('',#9856,5.);
#8355=CYLINDRICAL_SURFACE('',#9899,1.25);
#8356=CYLINDRICAL_SURFACE('',#9900,1.25);
#8357=CYLINDRICAL_SURFACE('',#9901,1.25);
#8358=CYLINDRICAL_SURFACE('',#9902,1.25);
#8359=CYLINDRICAL_SURFACE('',#9903,2.1);
#8360=CYLINDRICAL_SURFACE('',#9904,2.1);
#8361=CYLINDRICAL_SURFACE('',#9905,2.1);
#8362=CYLINDRICAL_SURFACE('',#9906,2.1);
#8363=CYLINDRICAL_SURFACE('',#9907,13.);
#8364=CYLINDRICAL_SURFACE('',#9911,13.);
#8365=CYLINDRICAL_SURFACE('',#9915,11.);
#8366=CYLINDRICAL_SURFACE('',#9919,2.1);
#8367=CYLINDRICAL_SURFACE('',#9922,2.1);
#8368=CYLINDRICAL_SURFACE('',#9925,2.1);
#8369=CYLINDRICAL_SURFACE('',#9928,2.1);
#8370=CYLINDRICAL_SURFACE('',#9931,1.6);
#8371=CYLINDRICAL_SURFACE('',#9934,1.6);
#8372=CYLINDRICAL_SURFACE('',#9937,1.6);
#8373=CYLINDRICAL_SURFACE('',#9940,1.6);
#8374=CYLINDRICAL_SURFACE('',#9943,1.6);
#8375=CYLINDRICAL_SURFACE('',#9946,1.6);
#8376=CYLINDRICAL_SURFACE('',#9949,8.05);
#8377=CYLINDRICAL_SURFACE('',#9959,1.6);
#8378=CYLINDRICAL_SURFACE('',#9962,15.);
#8379=CYLINDRICAL_SURFACE('',#9965,15.);
#8380=CYLINDRICAL_SURFACE('',#9986,1.6);
#8381=CYLINDRICAL_SURFACE('',#9988,15.);
#8382=CYLINDRICAL_SURFACE('',#9990,1.6);
#8383=CYLINDRICAL_SURFACE('',#9992,15.);
#8384=CYLINDRICAL_SURFACE('',#10008,1.6);
#8385=CYLINDRICAL_SURFACE('',#10009,20.);
#8386=CYLINDRICAL_SURFACE('',#10010,20.);
#8387=CYLINDRICAL_SURFACE('',#10011,20.);
#8388=CYLINDRICAL_SURFACE('',#10012,20.);
#8389=CYLINDRICAL_SURFACE('',#10026,45.);
#8390=CYLINDRICAL_SURFACE('',#10027,45.);
#8391=CYLINDRICAL_SURFACE('',#10028,55.);
#8392=CYLINDRICAL_SURFACE('',#10029,45.);
#8393=CYLINDRICAL_SURFACE('',#10030,55.);
#8394=CYLINDRICAL_SURFACE('',#10031,55.);
#8395=CYLINDRICAL_SURFACE('',#10039,45.);
#8396=CYLINDRICAL_SURFACE('',#10040,55.);
#8397=CYLINDRICAL_SURFACE('',#10056,1.25);
#8398=CYLINDRICAL_SURFACE('',#10060,1.25);
#8399=CYLINDRICAL_SURFACE('',#10064,1.5);
#8400=CYLINDRICAL_SURFACE('',#10067,1.5);
#8401=CYLINDRICAL_SURFACE('',#10070,1.5);
#8402=CYLINDRICAL_SURFACE('',#10073,1.5);
#8403=CYLINDRICAL_SURFACE('',#10076,2.10000000000001);
#8404=CYLINDRICAL_SURFACE('',#10079,2.1);
#8405=CYLINDRICAL_SURFACE('',#10100,2.1);
#8406=CYLINDRICAL_SURFACE('',#10103,1.1);
#8407=CYLINDRICAL_SURFACE('',#10106,1.1);
#8408=CYLINDRICAL_SURFACE('',#10109,1.1);
#8409=CYLINDRICAL_SURFACE('',#10112,1.1);
#8410=CYLINDRICAL_SURFACE('',#10123,8.);
#8411=CYLINDRICAL_SURFACE('',#10125,15.);
#8412=CYLINDRICAL_SURFACE('',#10129,1.7);
#8413=CYLINDRICAL_SURFACE('',#10132,1.7);
#8414=CYLINDRICAL_SURFACE('',#10135,2.1);
#8415=CYLINDRICAL_SURFACE('',#10138,2.1);
#8416=CYLINDRICAL_SURFACE('',#10141,2.1);
#8417=CYLINDRICAL_SURFACE('',#10144,2.1);
#8418=CYLINDRICAL_SURFACE('',#10147,2.10000000000001);
#8419=CYLINDRICAL_SURFACE('',#10150,2.10000000000001);
#8420=CYLINDRICAL_SURFACE('',#10153,2.10000000000001);
#8421=CYLINDRICAL_SURFACE('',#10156,2.10000000000001);
#8422=CYLINDRICAL_SURFACE('',#10159,7.);
#8423=CYLINDRICAL_SURFACE('',#10201,2.10000000000001);
#8424=CYLINDRICAL_SURFACE('',#10204,2.10000000000001);
#8425=CYLINDRICAL_SURFACE('',#10207,2.10000000000001);
#8426=CYLINDRICAL_SURFACE('',#10210,2.10000000000001);
#8427=CYLINDRICAL_SURFACE('',#10213,2.10000000000001);
#8428=CYLINDRICAL_SURFACE('',#10216,2.10000000000001);
#8429=CYLINDRICAL_SURFACE('',#10219,2.10000000000001);
#8430=CYLINDRICAL_SURFACE('',#10222,2.10000000000001);
#8431=CYLINDRICAL_SURFACE('',#10241,12.);
#8432=CYLINDRICAL_SURFACE('',#10291,5.);
#8433=CYLINDRICAL_SURFACE('',#10296,2.5);
#8434=CYLINDRICAL_SURFACE('',#10298,9.);
#8435=CYLINDRICAL_SURFACE('',#10304,5.);
#8436=CYLINDRICAL_SURFACE('',#10307,13.);
#8437=CYLINDRICAL_SURFACE('',#10313,5.);
#8438=CYLINDRICAL_SURFACE('',#10316,13.);
#8439=CYLINDRICAL_SURFACE('',#10322,1.25);
#8440=CYLINDRICAL_SURFACE('',#10326,1.25);
#8441=CYLINDRICAL_SURFACE('',#10330,1.25);
#8442=CYLINDRICAL_SURFACE('',#10334,1.25);
#8443=CYLINDRICAL_SURFACE('',#10338,1.25);
#8444=CYLINDRICAL_SURFACE('',#10342,1.25);
#8445=CYLINDRICAL_SURFACE('',#10346,2.6);
#8446=CYLINDRICAL_SURFACE('',#10350,8.);
#8447=CYLINDRICAL_SURFACE('',#10354,21.);
#8448=CYLINDRICAL_SURFACE('',#10360,2.5);
#8449=CYLINDRICAL_SURFACE('',#10366,1.6);
#8450=CYLINDRICAL_SURFACE('',#10369,1.6);
#8451=CYLINDRICAL_SURFACE('',#10372,1.6);
#8452=CYLINDRICAL_SURFACE('',#10375,1.6);
#8453=CYLINDRICAL_SURFACE('',#10378,6.);
#8454=CYLINDRICAL_SURFACE('',#10381,25.);
#8455=CYLINDRICAL_SURFACE('',#10387,1.6);
#8456=CYLINDRICAL_SURFACE('',#10390,1.6);
#8457=CYLINDRICAL_SURFACE('',#10393,1.6);
#8458=CYLINDRICAL_SURFACE('',#10396,1.6);
#8459=CYLINDRICAL_SURFACE('',#10399,6.);
#8460=CYLINDRICAL_SURFACE('',#10402,25.);
#8461=CYLINDRICAL_SURFACE('',#10408,2.5);
#8462=CYLINDRICAL_SURFACE('',#10414,1.1);
#8463=CYLINDRICAL_SURFACE('',#10417,1.1);
#8464=CYLINDRICAL_SURFACE('',#10420,1.1);
#8465=CYLINDRICAL_SURFACE('',#10423,1.1);
#8466=CYLINDRICAL_SURFACE('',#10433,5.);
#8467=CYLINDRICAL_SURFACE('',#10436,9.);
#8468=CYLINDRICAL_SURFACE('',#10447,4.6);
#8469=CYLINDRICAL_SURFACE('',#10449,6.);
#8470=CYLINDRICAL_SURFACE('',#10453,2.1);
#8471=CYLINDRICAL_SURFACE('',#10456,4.);
#8472=CYLINDRICAL_SURFACE('',#10462,2.1);
#8473=CYLINDRICAL_SURFACE('',#10465,4.);
#8474=CYLINDRICAL_SURFACE('',#10471,2.1);
#8475=CYLINDRICAL_SURFACE('',#10474,4.);
#8476=CYLINDRICAL_SURFACE('',#10480,2.1);
#8477=CYLINDRICAL_SURFACE('',#10483,4.);
#8478=CYLINDRICAL_SURFACE('',#10489,1.5);
#8479=CYLINDRICAL_SURFACE('',#10495,1.5);
#8480=CYLINDRICAL_SURFACE('',#10501,1.6);
#8481=CYLINDRICAL_SURFACE('',#10504,1.6);
#8482=CYLINDRICAL_SURFACE('',#10514,1.6);
#8483=CYLINDRICAL_SURFACE('',#10517,1.6);
#8484=CYLINDRICAL_SURFACE('',#10534,5.);
#8485=CYLINDRICAL_SURFACE('',#10537,6.);
#8486=CYLINDRICAL_SURFACE('',#10543,5.);
#8487=CYLINDRICAL_SURFACE('',#10546,9.);
#8488=CYLINDRICAL_SURFACE('',#10552,5.);
#8489=CYLINDRICAL_SURFACE('',#10555,9.);
#8490=ADVANCED_FACE('',(#875),#8305,.F.);
#8491=ADVANCED_FACE('',(#876),#8306,.F.);
#8492=ADVANCED_FACE('',(#877),#8307,.F.);
#8493=ADVANCED_FACE('',(#878),#8308,.F.);
#8494=ADVANCED_FACE('',(#879),#8309,.F.);
#8495=ADVANCED_FACE('',(#880),#8310,.F.);
#8496=ADVANCED_FACE('',(#881),#8311,.F.);
#8497=ADVANCED_FACE('',(#882),#8312,.T.);
#8498=ADVANCED_FACE('',(#883,#299,#300,#301,#302,#303,#304,#305),#576,.F.);
#8499=ADVANCED_FACE('',(#884,#306,#307,#308,#309,#310,#311,#312),#577,.T.);
#8500=ADVANCED_FACE('',(#885),#578,.F.);
#8501=ADVANCED_FACE('',(#886),#579,.F.);
#8502=ADVANCED_FACE('',(#887),#580,.F.);
#8503=ADVANCED_FACE('',(#888,#313,#314,#315,#316,#317),#581,.T.);
#8504=ADVANCED_FACE('',(#889),#8313,.F.);
#8505=ADVANCED_FACE('',(#890),#8314,.F.);
#8506=ADVANCED_FACE('',(#891),#8315,.F.);
#8507=ADVANCED_FACE('',(#892),#8316,.F.);
#8508=ADVANCED_FACE('',(#893),#8317,.F.);
#8509=ADVANCED_FACE('',(#894),#8318,.F.);
#8510=ADVANCED_FACE('',(#895),#8319,.F.);
#8511=ADVANCED_FACE('',(#896),#8320,.F.);
#8512=ADVANCED_FACE('',(#897,#318,#319,#320,#321,#322),#582,.F.);
#8513=ADVANCED_FACE('',(#898),#8321,.T.);
#8514=ADVANCED_FACE('',(#899,#323,#324,#325,#326,#327),#583,.F.);
#8515=ADVANCED_FACE('',(#900,#328,#329,#330,#331,#332),#584,.T.);
#8516=ADVANCED_FACE('',(#901),#8322,.T.);
#8517=ADVANCED_FACE('',(#902),#8323,.T.);
#8518=ADVANCED_FACE('',(#903),#8324,.F.);
#8519=ADVANCED_FACE('',(#904),#8325,.T.);
#8520=ADVANCED_FACE('',(#905,#333),#585,.F.);
#8521=ADVANCED_FACE('',(#906),#8326,.F.);
#8522=ADVANCED_FACE('',(#907),#8327,.F.);
#8523=ADVANCED_FACE('',(#908),#8328,.F.);
#8524=ADVANCED_FACE('',(#909),#8329,.F.);
#8525=ADVANCED_FACE('',(#910),#8330,.F.);
#8526=ADVANCED_FACE('',(#911),#8331,.F.);
#8527=ADVANCED_FACE('',(#912),#8332,.F.);
#8528=ADVANCED_FACE('',(#913),#8333,.F.);
#8529=ADVANCED_FACE('',(#914),#8334,.F.);
#8530=ADVANCED_FACE('',(#915),#8335,.F.);
#8531=ADVANCED_FACE('',(#916),#8336,.F.);
#8532=ADVANCED_FACE('',(#917),#8337,.T.);
#8533=ADVANCED_FACE('',(#918),#8338,.T.);
#8534=ADVANCED_FACE('',(#919),#8339,.T.);
#8535=ADVANCED_FACE('',(#920),#8340,.T.);
#8536=ADVANCED_FACE('',(#921),#586,.T.);
#8537=ADVANCED_FACE('',(#922),#587,.T.);
#8538=ADVANCED_FACE('',(#923),#588,.T.);
#8539=ADVANCED_FACE('',(#924),#589,.T.);
#8540=ADVANCED_FACE('',(#925),#590,.T.);
#8541=ADVANCED_FACE('',(#926),#591,.T.);
#8542=ADVANCED_FACE('',(#927),#592,.T.);
#8543=ADVANCED_FACE('',(#928),#593,.T.);
#8544=ADVANCED_FACE('',(#929),#594,.T.);
#8545=ADVANCED_FACE('',(#930),#595,.T.);
#8546=ADVANCED_FACE('',(#931),#596,.T.);
#8547=ADVANCED_FACE('',(#932),#597,.T.);
#8548=ADVANCED_FACE('',(#933),#598,.T.);
#8549=ADVANCED_FACE('',(#934),#8341,.F.);
#8550=ADVANCED_FACE('',(#935),#8342,.F.);
#8551=ADVANCED_FACE('',(#936),#8343,.T.);
#8552=ADVANCED_FACE('',(#937,#334,#335,#336,#337,#338,#339,#340,#341,#342,
#343,#344,#345,#346,#347,#348),#599,.F.);
#8553=ADVANCED_FACE('',(#938),#8344,.F.);
#8554=ADVANCED_FACE('',(#939),#8345,.T.);
#8555=ADVANCED_FACE('',(#940),#8346,.T.);
#8556=ADVANCED_FACE('',(#941),#600,.T.);
#8557=ADVANCED_FACE('',(#942),#601,.T.);
#8558=ADVANCED_FACE('',(#943),#602,.T.);
#8559=ADVANCED_FACE('',(#944),#603,.T.);
#8560=ADVANCED_FACE('',(#945),#604,.T.);
#8561=ADVANCED_FACE('',(#946),#605,.T.);
#8562=ADVANCED_FACE('',(#947),#606,.T.);
#8563=ADVANCED_FACE('',(#948),#8347,.F.);
#8564=ADVANCED_FACE('',(#949,#349,#350,#351,#352,#353,#354,#355,#356,#357,
#358,#359,#360,#361,#362,#363),#607,.T.);
#8565=ADVANCED_FACE('',(#950),#8348,.T.);
#8566=ADVANCED_FACE('',(#951),#8349,.F.);
#8567=ADVANCED_FACE('',(#952),#608,.T.);
#8568=ADVANCED_FACE('',(#953),#609,.F.);
#8569=ADVANCED_FACE('',(#954),#610,.T.);
#8570=ADVANCED_FACE('',(#955),#611,.F.);
#8571=ADVANCED_FACE('',(#956),#612,.F.);
#8572=ADVANCED_FACE('',(#957),#613,.F.);
#8573=ADVANCED_FACE('',(#958),#8350,.T.);
#8574=ADVANCED_FACE('',(#959,#364),#614,.T.);
#8575=ADVANCED_FACE('',(#960,#365),#615,.F.);
#8576=ADVANCED_FACE('',(#961),#8351,.T.);
#8577=ADVANCED_FACE('',(#962,#366),#616,.F.);
#8578=ADVANCED_FACE('',(#963,#367),#617,.T.);
#8579=ADVANCED_FACE('',(#964),#8352,.T.);
#8580=ADVANCED_FACE('',(#965,#368),#8353,.T.);
#8581=ADVANCED_FACE('',(#966),#8354,.T.);
#8582=ADVANCED_FACE('',(#967),#618,.F.);
#8583=ADVANCED_FACE('',(#968,#369),#619,.T.);
#8584=ADVANCED_FACE('',(#969),#620,.F.);
#8585=ADVANCED_FACE('',(#970),#621,.F.);
#8586=ADVANCED_FACE('',(#971),#622,.F.);
#8587=ADVANCED_FACE('',(#972,#370,#371,#372,#373,#374,#375,#376,#377,#378),
#623,.T.);
#8588=ADVANCED_FACE('',(#973),#624,.T.);
#8589=ADVANCED_FACE('',(#974),#625,.F.);
#8590=ADVANCED_FACE('',(#975),#626,.F.);
#8591=ADVANCED_FACE('',(#976),#627,.F.);
#8592=ADVANCED_FACE('',(#977),#628,.T.);
#8593=ADVANCED_FACE('',(#978),#629,.T.);
#8594=ADVANCED_FACE('',(#979),#630,.F.);
#8595=ADVANCED_FACE('',(#980),#631,.F.);
#8596=ADVANCED_FACE('',(#981),#632,.F.);
#8597=ADVANCED_FACE('',(#982),#633,.T.);
#8598=ADVANCED_FACE('',(#983),#634,.T.);
#8599=ADVANCED_FACE('',(#984,#379,#380,#381,#382,#383,#384,#385,#386,#387),
#635,.F.);
#8600=ADVANCED_FACE('',(#985),#636,.F.);
#8601=ADVANCED_FACE('',(#986),#637,.F.);
#8602=ADVANCED_FACE('',(#987),#638,.F.);
#8603=ADVANCED_FACE('',(#988),#639,.T.);
#8604=ADVANCED_FACE('',(#989),#8355,.F.);
#8605=ADVANCED_FACE('',(#990),#8356,.F.);
#8606=ADVANCED_FACE('',(#991),#8357,.F.);
#8607=ADVANCED_FACE('',(#992),#8358,.F.);
#8608=ADVANCED_FACE('',(#993),#8359,.F.);
#8609=ADVANCED_FACE('',(#994),#8360,.F.);
#8610=ADVANCED_FACE('',(#995),#8361,.F.);
#8611=ADVANCED_FACE('',(#996),#8362,.F.);
#8612=ADVANCED_FACE('',(#997),#8363,.F.);
#8613=ADVANCED_FACE('',(#998,#388),#640,.T.);
#8614=ADVANCED_FACE('',(#999),#8364,.F.);
#8615=ADVANCED_FACE('',(#1000,#389),#641,.F.);
#8616=ADVANCED_FACE('',(#1001),#8365,.F.);
#8617=ADVANCED_FACE('',(#1002),#642,.T.);
#8618=ADVANCED_FACE('',(#1003),#643,.T.);
#8619=ADVANCED_FACE('',(#1004),#8366,.F.);
#8620=ADVANCED_FACE('',(#1005),#8367,.F.);
#8621=ADVANCED_FACE('',(#1006),#8368,.F.);
#8622=ADVANCED_FACE('',(#1007),#8369,.F.);
#8623=ADVANCED_FACE('',(#1008),#8370,.F.);
#8624=ADVANCED_FACE('',(#1009),#8371,.F.);
#8625=ADVANCED_FACE('',(#1010),#8372,.F.);
#8626=ADVANCED_FACE('',(#1011),#8373,.F.);
#8627=ADVANCED_FACE('',(#1012),#8374,.F.);
#8628=ADVANCED_FACE('',(#1013),#8375,.F.);
#8629=ADVANCED_FACE('',(#1014),#8376,.F.);
#8630=ADVANCED_FACE('',(#1015),#644,.T.);
#8631=ADVANCED_FACE('',(#1016),#645,.T.);
#8632=ADVANCED_FACE('',(#1017),#646,.T.);
#8633=ADVANCED_FACE('',(#1018),#647,.T.);
#8634=ADVANCED_FACE('',(#1019,#390,#391,#392,#393,#394,#395,#396,#397,#398,
#399,#400),#648,.T.);
#8635=ADVANCED_FACE('',(#1020,#401,#402,#403,#404,#405,#406,#407,#408,#409,
#410,#411),#649,.F.);
#8636=ADVANCED_FACE('',(#1021),#8377,.F.);
#8637=ADVANCED_FACE('',(#1022),#8378,.F.);
#8638=ADVANCED_FACE('',(#1023),#8379,.F.);
#8639=ADVANCED_FACE('',(#1024,#412,#413,#414,#415,#416),#650,.T.);
#8640=ADVANCED_FACE('',(#1025),#8380,.F.);
#8641=ADVANCED_FACE('',(#1026),#8381,.F.);
#8642=ADVANCED_FACE('',(#1027),#8382,.F.);
#8643=ADVANCED_FACE('',(#1028),#8383,.F.);
#8644=ADVANCED_FACE('',(#1029,#417,#418,#419,#420,#421),#651,.F.);
#8645=ADVANCED_FACE('',(#1030),#8384,.F.);
#8646=ADVANCED_FACE('',(#1031),#8385,.T.);
#8647=ADVANCED_FACE('',(#1032),#8386,.T.);
#8648=ADVANCED_FACE('',(#1033),#8387,.T.);
#8649=ADVANCED_FACE('',(#1034),#8388,.T.);
#8650=ADVANCED_FACE('',(#1035),#652,.T.);
#8651=ADVANCED_FACE('',(#1036),#653,.T.);
#8652=ADVANCED_FACE('',(#1037),#654,.T.);
#8653=ADVANCED_FACE('',(#1038),#655,.T.);
#8654=ADVANCED_FACE('',(#1039),#656,.T.);
#8655=ADVANCED_FACE('',(#1040),#657,.T.);
#8656=ADVANCED_FACE('',(#1041),#658,.T.);
#8657=ADVANCED_FACE('',(#1042),#659,.T.);
#8658=ADVANCED_FACE('',(#1043),#660,.T.);
#8659=ADVANCED_FACE('',(#1044),#661,.T.);
#8660=ADVANCED_FACE('',(#1045),#662,.T.);
#8661=ADVANCED_FACE('',(#1046),#663,.T.);
#8662=ADVANCED_FACE('',(#1047),#664,.T.);
#8663=ADVANCED_FACE('',(#1048),#8389,.F.);
#8664=ADVANCED_FACE('',(#1049),#8390,.F.);
#8665=ADVANCED_FACE('',(#1050),#8391,.T.);
#8666=ADVANCED_FACE('',(#1051),#8392,.F.);
#8667=ADVANCED_FACE('',(#1052),#8393,.T.);
#8668=ADVANCED_FACE('',(#1053),#8394,.T.);
#8669=ADVANCED_FACE('',(#1054),#665,.T.);
#8670=ADVANCED_FACE('',(#1055),#666,.T.);
#8671=ADVANCED_FACE('',(#1056),#667,.T.);
#8672=ADVANCED_FACE('',(#1057),#668,.T.);
#8673=ADVANCED_FACE('',(#1058),#669,.T.);
#8674=ADVANCED_FACE('',(#1059),#670,.T.);
#8675=ADVANCED_FACE('',(#1060),#671,.T.);
#8676=ADVANCED_FACE('',(#1061),#8395,.F.);
#8677=ADVANCED_FACE('',(#1062),#8396,.T.);
#8678=ADVANCED_FACE('',(#1063),#672,.T.);
#8679=ADVANCED_FACE('',(#1064),#673,.T.);
#8680=ADVANCED_FACE('',(#1065),#674,.T.);
#8681=ADVANCED_FACE('',(#1066),#675,.T.);
#8682=ADVANCED_FACE('',(#1067),#676,.T.);
#8683=ADVANCED_FACE('',(#1068),#677,.F.);
#8684=ADVANCED_FACE('',(#1069),#678,.T.);
#8685=ADVANCED_FACE('',(#1070),#679,.T.);
#8686=ADVANCED_FACE('',(#1071),#680,.T.);
#8687=ADVANCED_FACE('',(#1072),#681,.T.);
#8688=ADVANCED_FACE('',(#1073),#682,.T.);
#8689=ADVANCED_FACE('',(#1074),#683,.F.);
#8690=ADVANCED_FACE('',(#1075),#8397,.F.);
#8691=ADVANCED_FACE('',(#1076),#684,.F.);
#8692=ADVANCED_FACE('',(#1077),#8398,.F.);
#8693=ADVANCED_FACE('',(#1078),#685,.F.);
#8694=ADVANCED_FACE('',(#1079),#8399,.F.);
#8695=ADVANCED_FACE('',(#1080),#8400,.F.);
#8696=ADVANCED_FACE('',(#1081),#8401,.F.);
#8697=ADVANCED_FACE('',(#1082),#8402,.F.);
#8698=ADVANCED_FACE('',(#1083),#8403,.F.);
#8699=ADVANCED_FACE('',(#1084),#8404,.F.);
#8700=ADVANCED_FACE('',(#1085),#686,.T.);
#8701=ADVANCED_FACE('',(#1086),#687,.T.);
#8702=ADVANCED_FACE('',(#1087),#688,.T.);
#8703=ADVANCED_FACE('',(#1088,#422,#423),#689,.T.);
#8704=ADVANCED_FACE('',(#1089,#424,#425),#690,.F.);
#8705=ADVANCED_FACE('',(#1090,#426,#427),#691,.F.);
#8706=ADVANCED_FACE('',(#1091),#692,.T.);
#8707=ADVANCED_FACE('',(#1092,#428),#693,.T.);
#8708=ADVANCED_FACE('',(#1093),#694,.T.);
#8709=ADVANCED_FACE('',(#1094,#429,#430),#695,.F.);
#8710=ADVANCED_FACE('',(#1095),#696,.T.);
#8711=ADVANCED_FACE('',(#1096,#431,#432),#697,.T.);
#8712=ADVANCED_FACE('',(#1097),#698,.T.);
#8713=ADVANCED_FACE('',(#1098),#699,.T.);
#8714=ADVANCED_FACE('',(#1099),#700,.T.);
#8715=ADVANCED_FACE('',(#1100,#433,#434),#701,.T.);
#8716=ADVANCED_FACE('',(#1101,#435,#436),#702,.F.);
#8717=ADVANCED_FACE('',(#1102),#8405,.F.);
#8718=ADVANCED_FACE('',(#1103),#8406,.F.);
#8719=ADVANCED_FACE('',(#1104),#8407,.F.);
#8720=ADVANCED_FACE('',(#1105),#8408,.F.);
#8721=ADVANCED_FACE('',(#1106),#8409,.F.);
#8722=ADVANCED_FACE('',(#1107),#703,.T.);
#8723=ADVANCED_FACE('',(#1108,#437),#704,.F.);
#8724=ADVANCED_FACE('',(#1109),#705,.T.);
#8725=ADVANCED_FACE('',(#1110,#438,#439,#440,#441,#442,#443),#706,.T.);
#8726=ADVANCED_FACE('',(#1111),#707,.T.);
#8727=ADVANCED_FACE('',(#1112),#708,.T.);
#8728=ADVANCED_FACE('',(#1113),#8410,.F.);
#8729=ADVANCED_FACE('',(#1114),#8411,.T.);
#8730=ADVANCED_FACE('',(#1115,#444,#445,#446,#447,#448),#709,.F.);
#8731=ADVANCED_FACE('',(#1116),#8412,.F.);
#8732=ADVANCED_FACE('',(#1117),#8413,.F.);
#8733=ADVANCED_FACE('',(#1118),#8414,.F.);
#8734=ADVANCED_FACE('',(#1119),#8415,.F.);
#8735=ADVANCED_FACE('',(#1120),#8416,.F.);
#8736=ADVANCED_FACE('',(#1121),#8417,.F.);
#8737=ADVANCED_FACE('',(#1122),#8418,.F.);
#8738=ADVANCED_FACE('',(#1123),#8419,.F.);
#8739=ADVANCED_FACE('',(#1124),#8420,.F.);
#8740=ADVANCED_FACE('',(#1125),#8421,.F.);
#8741=ADVANCED_FACE('',(#1126),#8422,.F.);
#8742=ADVANCED_FACE('',(#1127),#710,.T.);
#8743=ADVANCED_FACE('',(#1128),#711,.T.);
#8744=ADVANCED_FACE('',(#1129),#712,.T.);
#8745=ADVANCED_FACE('',(#1130),#713,.T.);
#8746=ADVANCED_FACE('',(#1131),#714,.T.);
#8747=ADVANCED_FACE('',(#1132),#715,.T.);
#8748=ADVANCED_FACE('',(#1133,#449,#450,#451,#452,#453,#454,#455,#456,#457,
#458,#459,#460,#461,#462,#463),#716,.T.);
#8749=ADVANCED_FACE('',(#1134),#717,.T.);
#8750=ADVANCED_FACE('',(#1135),#718,.T.);
#8751=ADVANCED_FACE('',(#1136),#719,.T.);
#8752=ADVANCED_FACE('',(#1137),#720,.T.);
#8753=ADVANCED_FACE('',(#1138),#721,.T.);
#8754=ADVANCED_FACE('',(#1139),#722,.T.);
#8755=ADVANCED_FACE('',(#1140),#723,.T.);
#8756=ADVANCED_FACE('',(#1141),#724,.T.);
#8757=ADVANCED_FACE('',(#1142),#725,.T.);
#8758=ADVANCED_FACE('',(#1143),#726,.T.);
#8759=ADVANCED_FACE('',(#1144),#727,.T.);
#8760=ADVANCED_FACE('',(#1145),#728,.T.);
#8761=ADVANCED_FACE('',(#1146),#729,.T.);
#8762=ADVANCED_FACE('',(#1147),#730,.T.);
#8763=ADVANCED_FACE('',(#1148),#731,.T.);
#8764=ADVANCED_FACE('',(#1149),#732,.T.);
#8765=ADVANCED_FACE('',(#1150),#733,.T.);
#8766=ADVANCED_FACE('',(#1151),#734,.F.);
#8767=ADVANCED_FACE('',(#1152),#735,.T.);
#8768=ADVANCED_FACE('',(#1153,#464,#465,#466,#467,#468,#469,#470,#471,#472,
#473,#474,#475,#476,#477,#478),#736,.F.);
#8769=ADVANCED_FACE('',(#1154),#737,.T.);
#8770=ADVANCED_FACE('',(#1155),#738,.F.);
#8771=ADVANCED_FACE('',(#1156),#739,.T.);
#8772=ADVANCED_FACE('',(#1157),#740,.F.);
#8773=ADVANCED_FACE('',(#1158),#741,.F.);
#8774=ADVANCED_FACE('',(#1159),#742,.F.);
#8775=ADVANCED_FACE('',(#1160),#743,.F.);
#8776=ADVANCED_FACE('',(#1161),#744,.F.);
#8777=ADVANCED_FACE('',(#1162),#745,.F.);
#8778=ADVANCED_FACE('',(#1163),#746,.T.);
#8779=ADVANCED_FACE('',(#1164),#747,.T.);
#8780=ADVANCED_FACE('',(#1165),#8423,.F.);
#8781=ADVANCED_FACE('',(#1166),#8424,.F.);
#8782=ADVANCED_FACE('',(#1167),#8425,.F.);
#8783=ADVANCED_FACE('',(#1168),#8426,.F.);
#8784=ADVANCED_FACE('',(#1169),#8427,.F.);
#8785=ADVANCED_FACE('',(#1170),#8428,.F.);
#8786=ADVANCED_FACE('',(#1171),#8429,.F.);
#8787=ADVANCED_FACE('',(#1172),#8430,.F.);
#8788=ADVANCED_FACE('',(#1173),#748,.F.);
#8789=ADVANCED_FACE('',(#1174),#749,.F.);
#8790=ADVANCED_FACE('',(#1175),#750,.F.);
#8791=ADVANCED_FACE('',(#1176),#751,.F.);
#8792=ADVANCED_FACE('',(#1177),#752,.F.);
#8793=ADVANCED_FACE('',(#1178),#753,.F.);
#8794=ADVANCED_FACE('',(#1179),#754,.F.);
#8795=ADVANCED_FACE('',(#1180),#755,.F.);
#8796=ADVANCED_FACE('',(#1181),#756,.F.);
#8797=ADVANCED_FACE('',(#1182),#757,.F.);
#8798=ADVANCED_FACE('',(#1183),#758,.F.);
#8799=ADVANCED_FACE('',(#1184),#759,.F.);
#8800=ADVANCED_FACE('',(#1185),#760,.F.);
#8801=ADVANCED_FACE('',(#1186),#761,.F.);
#8802=ADVANCED_FACE('',(#1187),#762,.F.);
#8803=ADVANCED_FACE('',(#1188),#763,.F.);
#8804=ADVANCED_FACE('',(#1189),#8431,.F.);
#8805=ADVANCED_FACE('',(#1190,#479,#480,#481,#482,#483,#484,#485,#486,#487),
#764,.F.);
#8806=ADVANCED_FACE('',(#1191,#488,#489,#490,#491,#492,#493,#494,#495,#496),
#765,.T.);
#8807=ADVANCED_FACE('',(#1192,#497),#766,.T.);
#8808=ADVANCED_FACE('',(#1193),#767,.T.);
#8809=ADVANCED_FACE('',(#1194),#768,.T.);
#8810=ADVANCED_FACE('',(#1195,#498),#769,.F.);
#8811=ADVANCED_FACE('',(#1196),#770,.F.);
#8812=ADVANCED_FACE('',(#1197),#771,.F.);
#8813=ADVANCED_FACE('',(#1198,#499),#772,.T.);
#8814=ADVANCED_FACE('',(#1199),#773,.T.);
#8815=ADVANCED_FACE('',(#1200),#774,.T.);
#8816=ADVANCED_FACE('',(#1201,#500),#775,.F.);
#8817=ADVANCED_FACE('',(#1202),#776,.F.);
#8818=ADVANCED_FACE('',(#1203,#501),#777,.T.);
#8819=ADVANCED_FACE('',(#1204),#778,.T.);
#8820=ADVANCED_FACE('',(#1205),#779,.T.);
#8821=ADVANCED_FACE('',(#1206,#502),#780,.F.);
#8822=ADVANCED_FACE('',(#1207),#781,.F.);
#8823=ADVANCED_FACE('',(#1208,#503),#782,.T.);
#8824=ADVANCED_FACE('',(#1209),#783,.T.);
#8825=ADVANCED_FACE('',(#1210),#784,.T.);
#8826=ADVANCED_FACE('',(#1211,#504),#785,.F.);
#8827=ADVANCED_FACE('',(#1212),#786,.F.);
#8828=ADVANCED_FACE('',(#1213),#787,.F.);
#8829=ADVANCED_FACE('',(#1214),#788,.F.);
#8830=ADVANCED_FACE('',(#1215),#789,.F.);
#8831=ADVANCED_FACE('',(#1216),#790,.T.);
#8832=ADVANCED_FACE('',(#1217),#791,.T.);
#8833=ADVANCED_FACE('',(#1218),#792,.T.);
#8834=ADVANCED_FACE('',(#1219),#793,.T.);
#8835=ADVANCED_FACE('',(#1220),#794,.F.);
#8836=ADVANCED_FACE('',(#1221),#795,.F.);
#8837=ADVANCED_FACE('',(#1222),#796,.F.);
#8838=ADVANCED_FACE('',(#1223),#797,.T.);
#8839=ADVANCED_FACE('',(#1224),#798,.T.);
#8840=ADVANCED_FACE('',(#1225),#799,.F.);
#8841=ADVANCED_FACE('',(#1226),#800,.F.);
#8842=ADVANCED_FACE('',(#1227),#801,.F.);
#8843=ADVANCED_FACE('',(#1228,#505,#506),#8432,.F.);
#8844=ADVANCED_FACE('',(#1229,#507),#802,.T.);
#8845=ADVANCED_FACE('',(#1230),#8433,.F.);
#8846=ADVANCED_FACE('',(#1231,#508,#509),#8434,.T.);
#8847=ADVANCED_FACE('',(#1232,#510),#803,.F.);
#8848=ADVANCED_FACE('',(#1233,#511),#804,.T.);
#8849=ADVANCED_FACE('',(#1234),#8435,.F.);
#8850=ADVANCED_FACE('',(#1235),#8436,.T.);
#8851=ADVANCED_FACE('',(#1236,#512),#805,.F.);
#8852=ADVANCED_FACE('',(#1237,#513),#806,.T.);
#8853=ADVANCED_FACE('',(#1238),#8437,.F.);
#8854=ADVANCED_FACE('',(#1239),#8438,.T.);
#8855=ADVANCED_FACE('',(#1240,#514),#807,.F.);
#8856=ADVANCED_FACE('',(#1241,#515),#808,.T.);
#8857=ADVANCED_FACE('',(#1242),#8439,.F.);
#8858=ADVANCED_FACE('',(#1243),#809,.T.);
#8859=ADVANCED_FACE('',(#1244),#8440,.F.);
#8860=ADVANCED_FACE('',(#1245),#810,.T.);
#8861=ADVANCED_FACE('',(#1246),#8441,.F.);
#8862=ADVANCED_FACE('',(#1247),#811,.T.);
#8863=ADVANCED_FACE('',(#1248),#8442,.F.);
#8864=ADVANCED_FACE('',(#1249),#812,.T.);
#8865=ADVANCED_FACE('',(#1250),#8443,.F.);
#8866=ADVANCED_FACE('',(#1251),#813,.T.);
#8867=ADVANCED_FACE('',(#1252),#8444,.F.);
#8868=ADVANCED_FACE('',(#1253),#814,.T.);
#8869=ADVANCED_FACE('',(#1254),#8445,.F.);
#8870=ADVANCED_FACE('',(#1255),#815,.T.);
#8871=ADVANCED_FACE('',(#1256),#8446,.T.);
#8872=ADVANCED_FACE('',(#1257,#516),#816,.T.);
#8873=ADVANCED_FACE('',(#1258),#8447,.T.);
#8874=ADVANCED_FACE('',(#1259),#817,.F.);
#8875=ADVANCED_FACE('',(#1260,#517,#518,#519,#520,#521,#522,#523),#818,
 .T.);
#8876=ADVANCED_FACE('',(#1261),#8448,.T.);
#8877=ADVANCED_FACE('',(#1262),#819,.F.);
#8878=ADVANCED_FACE('',(#1263),#820,.T.);
#8879=ADVANCED_FACE('',(#1264),#8449,.F.);
#8880=ADVANCED_FACE('',(#1265),#8450,.F.);
#8881=ADVANCED_FACE('',(#1266),#8451,.F.);
#8882=ADVANCED_FACE('',(#1267),#8452,.F.);
#8883=ADVANCED_FACE('',(#1268),#8453,.F.);
#8884=ADVANCED_FACE('',(#1269),#8454,.T.);
#8885=ADVANCED_FACE('',(#1270,#524,#525,#526,#527,#528),#821,.F.);
#8886=ADVANCED_FACE('',(#1271,#529,#530,#531,#532,#533),#822,.T.);
#8887=ADVANCED_FACE('',(#1272),#8455,.F.);
#8888=ADVANCED_FACE('',(#1273),#8456,.F.);
#8889=ADVANCED_FACE('',(#1274),#8457,.F.);
#8890=ADVANCED_FACE('',(#1275),#8458,.F.);
#8891=ADVANCED_FACE('',(#1276),#8459,.F.);
#8892=ADVANCED_FACE('',(#1277),#8460,.T.);
#8893=ADVANCED_FACE('',(#1278,#534,#535,#536,#537,#538),#823,.F.);
#8894=ADVANCED_FACE('',(#1279,#539,#540,#541,#542,#543),#824,.T.);
#8895=ADVANCED_FACE('',(#1280),#8461,.T.);
#8896=ADVANCED_FACE('',(#1281),#825,.F.);
#8897=ADVANCED_FACE('',(#1282),#826,.T.);
#8898=ADVANCED_FACE('',(#1283),#8462,.F.);
#8899=ADVANCED_FACE('',(#1284),#8463,.F.);
#8900=ADVANCED_FACE('',(#1285),#8464,.F.);
#8901=ADVANCED_FACE('',(#1286),#8465,.F.);
#8902=ADVANCED_FACE('',(#1287),#827,.T.);
#8903=ADVANCED_FACE('',(#1288),#828,.T.);
#8904=ADVANCED_FACE('',(#1289),#829,.T.);
#8905=ADVANCED_FACE('',(#1290),#830,.T.);
#8906=ADVANCED_FACE('',(#1291,#544,#545,#546,#547),#831,.T.);
#8907=ADVANCED_FACE('',(#1292,#548,#549,#550,#551),#832,.F.);
#8908=ADVANCED_FACE('',(#1293),#8466,.F.);
#8909=ADVANCED_FACE('',(#1294),#8467,.T.);
#8910=ADVANCED_FACE('',(#1295,#552),#833,.F.);
#8911=ADVANCED_FACE('',(#1296,#553),#834,.T.);
#8912=ADVANCED_FACE('',(#1297),#835,.F.);
#8913=ADVANCED_FACE('',(#1298),#836,.F.);
#8914=ADVANCED_FACE('',(#1299),#837,.T.);
#8915=ADVANCED_FACE('',(#1300),#8468,.F.);
#8916=ADVANCED_FACE('',(#1301),#8469,.T.);
#8917=ADVANCED_FACE('',(#1302),#838,.F.);
#8918=ADVANCED_FACE('',(#1303),#8470,.F.);
#8919=ADVANCED_FACE('',(#1304),#8471,.T.);
#8920=ADVANCED_FACE('',(#1305,#554),#839,.F.);
#8921=ADVANCED_FACE('',(#1306,#555),#840,.T.);
#8922=ADVANCED_FACE('',(#1307),#8472,.F.);
#8923=ADVANCED_FACE('',(#1308),#8473,.T.);
#8924=ADVANCED_FACE('',(#1309,#556),#841,.F.);
#8925=ADVANCED_FACE('',(#1310,#557),#842,.T.);
#8926=ADVANCED_FACE('',(#1311),#8474,.F.);
#8927=ADVANCED_FACE('',(#1312),#8475,.T.);
#8928=ADVANCED_FACE('',(#1313,#558),#843,.F.);
#8929=ADVANCED_FACE('',(#1314,#559),#844,.T.);
#8930=ADVANCED_FACE('',(#1315),#8476,.F.);
#8931=ADVANCED_FACE('',(#1316),#8477,.T.);
#8932=ADVANCED_FACE('',(#1317,#560),#845,.F.);
#8933=ADVANCED_FACE('',(#1318,#561),#846,.T.);
#8934=ADVANCED_FACE('',(#1319),#8478,.T.);
#8935=ADVANCED_FACE('',(#1320),#847,.F.);
#8936=ADVANCED_FACE('',(#1321),#848,.T.);
#8937=ADVANCED_FACE('',(#1322),#8479,.T.);
#8938=ADVANCED_FACE('',(#1323),#849,.F.);
#8939=ADVANCED_FACE('',(#1324),#850,.T.);
#8940=ADVANCED_FACE('',(#1325),#8480,.F.);
#8941=ADVANCED_FACE('',(#1326),#8481,.F.);
#8942=ADVANCED_FACE('',(#1327),#851,.T.);
#8943=ADVANCED_FACE('',(#1328),#852,.T.);
#8944=ADVANCED_FACE('',(#1329),#853,.T.);
#8945=ADVANCED_FACE('',(#1330),#854,.T.);
#8946=ADVANCED_FACE('',(#1331,#562,#563),#855,.T.);
#8947=ADVANCED_FACE('',(#1332,#564,#565),#856,.F.);
#8948=ADVANCED_FACE('',(#1333),#8482,.F.);
#8949=ADVANCED_FACE('',(#1334),#8483,.F.);
#8950=ADVANCED_FACE('',(#1335),#857,.T.);
#8951=ADVANCED_FACE('',(#1336),#858,.T.);
#8952=ADVANCED_FACE('',(#1337),#859,.T.);
#8953=ADVANCED_FACE('',(#1338),#860,.T.);
#8954=ADVANCED_FACE('',(#1339,#566,#567),#861,.T.);
#8955=ADVANCED_FACE('',(#1340,#568,#569),#862,.F.);
#8956=ADVANCED_FACE('',(#1341),#863,.T.);
#8957=ADVANCED_FACE('',(#1342),#864,.T.);
#8958=ADVANCED_FACE('',(#1343),#865,.T.);
#8959=ADVANCED_FACE('',(#1344),#866,.T.);
#8960=ADVANCED_FACE('',(#1345),#867,.T.);
#8961=ADVANCED_FACE('',(#1346),#868,.F.);
#8962=ADVANCED_FACE('',(#1347),#8484,.F.);
#8963=ADVANCED_FACE('',(#1348),#8485,.T.);
#8964=ADVANCED_FACE('',(#1349,#570),#869,.F.);
#8965=ADVANCED_FACE('',(#1350,#571),#870,.T.);
#8966=ADVANCED_FACE('',(#1351),#8486,.F.);
#8967=ADVANCED_FACE('',(#1352),#8487,.T.);
#8968=ADVANCED_FACE('',(#1353,#572),#871,.F.);
#8969=ADVANCED_FACE('',(#1354,#573),#872,.T.);
#8970=ADVANCED_FACE('',(#1355),#8488,.F.);
#8971=ADVANCED_FACE('',(#1356),#8489,.T.);
#8972=ADVANCED_FACE('',(#1357,#574),#873,.F.);
#8973=ADVANCED_FACE('',(#1358,#575),#874,.T.);
#8974=CLOSED_SHELL('',(#8490,#8491,#8492,#8493,#8494,#8495,#8496,#8497,
#8498,#8499));
#8975=CLOSED_SHELL('',(#8500,#8501,#8502,#8503,#8504,#8505,#8506,#8507,
#8508,#8509,#8510,#8511,#8512,#8513,#8514,#8515,#8516,#8517,#8518,#8519,
#8520));
#8976=CLOSED_SHELL('',(#8521,#8522,#8523,#8524,#8525,#8526,#8527,#8528,
#8529,#8530,#8531,#8532,#8533,#8534,#8535,#8536,#8537,#8538,#8539,#8540,
#8541,#8542,#8543,#8544,#8545,#8546,#8547,#8548,#8549,#8550,#8551,#8552,
#8553,#8554,#8555,#8556,#8557,#8558,#8559,#8560,#8561,#8562,#8563,#8564,
#8565));
#8977=CLOSED_SHELL('',(#8566,#8567,#8568,#8569,#8570,#8571,#8572,#8573,
#8574,#8575,#8576,#8577,#8578,#8579,#8580,#8581,#8582,#8583));
#8978=CLOSED_SHELL('',(#8584,#8585,#8586,#8587,#8588,#8589,#8590,#8591,
#8592,#8593,#8594,#8595,#8596,#8597,#8598,#8599,#8600,#8601,#8602,#8603,
#8604,#8605,#8606,#8607,#8608,#8609,#8610,#8611,#8612,#8613,#8614,#8615,
#8616,#8617,#8618));
#8979=CLOSED_SHELL('',(#8619,#8620,#8621,#8622,#8623,#8624,#8625,#8626,
#8627,#8628,#8629,#8630,#8631,#8632,#8633,#8634,#8635));
#8980=CLOSED_SHELL('',(#8636,#8637,#8638,#8639,#8640,#8641,#8642,#8643,
#8644,#8645,#8646,#8647,#8648,#8649,#8650,#8651,#8652,#8653,#8654,#8655,
#8656,#8657,#8658,#8659,#8660,#8661,#8662,#8663,#8664,#8665,#8666,#8667,
#8668,#8669,#8670,#8671,#8672,#8673,#8674,#8675,#8676,#8677));
#8981=CLOSED_SHELL('',(#8678,#8679,#8680,#8681,#8682,#8683));
#8982=CLOSED_SHELL('',(#8684,#8685,#8686,#8687,#8688,#8689));
#8983=CLOSED_SHELL('',(#8690,#8691,#8692,#8693,#8694,#8695,#8696,#8697,
#8698,#8699,#8700,#8701,#8702,#8703,#8704,#8705,#8706,#8707,#8708,#8709,
#8710,#8711,#8712,#8713,#8714,#8715,#8716));
#8984=CLOSED_SHELL('',(#8717,#8718,#8719,#8720,#8721,#8722,#8723,#8724,
#8725,#8726,#8727,#8728,#8729,#8730));
#8985=CLOSED_SHELL('',(#8731,#8732,#8733,#8734,#8735,#8736,#8737,#8738,
#8739,#8740,#8741,#8742,#8743,#8744,#8745,#8746,#8747,#8748,#8749,#8750,
#8751,#8752,#8753,#8754,#8755,#8756,#8757,#8758,#8759,#8760,#8761,#8762,
#8763,#8764,#8765,#8766,#8767,#8768,#8769,#8770,#8771,#8772,#8773,#8774,
#8775,#8776,#8777,#8778,#8779));
#8986=CLOSED_SHELL('',(#8780,#8781,#8782,#8783,#8784,#8785,#8786,#8787,
#8788,#8789,#8790,#8791,#8792,#8793,#8794,#8795,#8796,#8797,#8798,#8799,
#8800,#8801,#8802,#8803,#8804,#8805,#8806,#8807,#8808,#8809,#8810,#8811,
#8812,#8813,#8814,#8815,#8816,#8817,#8818,#8819,#8820,#8821,#8822,#8823,
#8824,#8825,#8826,#8827,#8828,#8829,#8830,#8831,#8832,#8833,#8834));
#8987=CLOSED_SHELL('',(#8835,#8836,#8837,#8838,#8839,#8840,#8841,#8842,
#8843,#8844,#8845,#8846,#8847,#8848));
#8988=CLOSED_SHELL('',(#8849,#8850,#8851,#8852));
#8989=CLOSED_SHELL('',(#8853,#8854,#8855,#8856));
#8990=CLOSED_SHELL('',(#8857,#8858,#8859,#8860,#8861,#8862,#8863,#8864,
#8865,#8866,#8867,#8868,#8869,#8870,#8871,#8872,#8873,#8874,#8875));
#8991=CLOSED_SHELL('',(#8876,#8877,#8878));
#8992=CLOSED_SHELL('',(#8879,#8880,#8881,#8882,#8883,#8884,#8885,#8886));
#8993=CLOSED_SHELL('',(#8887,#8888,#8889,#8890,#8891,#8892,#8893,#8894));
#8994=CLOSED_SHELL('',(#8895,#8896,#8897));
#8995=CLOSED_SHELL('',(#8898,#8899,#8900,#8901,#8902,#8903,#8904,#8905,
#8906,#8907));
#8996=CLOSED_SHELL('',(#8908,#8909,#8910,#8911));
#8997=CLOSED_SHELL('',(#8912,#8913,#8914,#8915,#8916,#8917));
#8998=CLOSED_SHELL('',(#8918,#8919,#8920,#8921));
#8999=CLOSED_SHELL('',(#8922,#8923,#8924,#8925));
#9000=CLOSED_SHELL('',(#8926,#8927,#8928,#8929));
#9001=CLOSED_SHELL('',(#8930,#8931,#8932,#8933));
#9002=CLOSED_SHELL('',(#8934,#8935,#8936));
#9003=CLOSED_SHELL('',(#8937,#8938,#8939));
#9004=CLOSED_SHELL('',(#8940,#8941,#8942,#8943,#8944,#8945,#8946,#8947));
#9005=CLOSED_SHELL('',(#8948,#8949,#8950,#8951,#8952,#8953,#8954,#8955));
#9006=CLOSED_SHELL('',(#8956,#8957,#8958,#8959,#8960,#8961));
#9007=CLOSED_SHELL('',(#8962,#8963,#8964,#8965));
#9008=CLOSED_SHELL('',(#8966,#8967,#8968,#8969));
#9009=CLOSED_SHELL('',(#8970,#8971,#8972,#8973));
#9010=DERIVED_UNIT_ELEMENT(#9083,1.);
#9011=DERIVED_UNIT_ELEMENT(#15812,-3.);
#9012=DERIVED_UNIT_ELEMENT(#9083,1.);
#9013=DERIVED_UNIT_ELEMENT(#15812,-3.);
#9014=DERIVED_UNIT_ELEMENT(#9083,1.);
#9015=DERIVED_UNIT_ELEMENT(#15812,-3.);
#9016=DERIVED_UNIT_ELEMENT(#9083,1.);
#9017=DERIVED_UNIT_ELEMENT(#15812,-3.);
#9018=DERIVED_UNIT_ELEMENT(#9083,1.);
#9019=DERIVED_UNIT_ELEMENT(#15812,-3.);
#9020=DERIVED_UNIT_ELEMENT(#9083,1.);
#9021=DERIVED_UNIT_ELEMENT(#15812,-3.);
#9022=DERIVED_UNIT_ELEMENT(#9083,1.);
#9023=DERIVED_UNIT_ELEMENT(#15812,-3.);
#9024=DERIVED_UNIT_ELEMENT(#9083,1.);
#9025=DERIVED_UNIT_ELEMENT(#15812,-3.);
#9026=DERIVED_UNIT_ELEMENT(#9083,1.);
#9027=DERIVED_UNIT_ELEMENT(#15812,-3.);
#9028=DERIVED_UNIT_ELEMENT(#9083,1.);
#9029=DERIVED_UNIT_ELEMENT(#15812,-3.);
#9030=DERIVED_UNIT_ELEMENT(#9083,1.);
#9031=DERIVED_UNIT_ELEMENT(#15812,-3.);
#9032=DERIVED_UNIT_ELEMENT(#9083,1.);
#9033=DERIVED_UNIT_ELEMENT(#15812,-3.);
#9034=DERIVED_UNIT_ELEMENT(#9083,1.);
#9035=DERIVED_UNIT_ELEMENT(#15812,-3.);
#9036=DERIVED_UNIT_ELEMENT(#9083,1.);
#9037=DERIVED_UNIT_ELEMENT(#15812,-3.);
#9038=DERIVED_UNIT_ELEMENT(#9083,1.);
#9039=DERIVED_UNIT_ELEMENT(#15812,-3.);
#9040=DERIVED_UNIT_ELEMENT(#9083,1.);
#9041=DERIVED_UNIT_ELEMENT(#15812,-3.);
#9042=DERIVED_UNIT_ELEMENT(#9083,1.);
#9043=DERIVED_UNIT_ELEMENT(#15812,-3.);
#9044=DERIVED_UNIT_ELEMENT(#9083,1.);
#9045=DERIVED_UNIT_ELEMENT(#15812,-3.);
#9046=DERIVED_UNIT_ELEMENT(#9083,1.);
#9047=DERIVED_UNIT_ELEMENT(#15812,-3.);
#9048=DERIVED_UNIT_ELEMENT(#9083,1.);
#9049=DERIVED_UNIT_ELEMENT(#15812,-3.);
#9050=DERIVED_UNIT_ELEMENT(#9083,1.);
#9051=DERIVED_UNIT_ELEMENT(#15812,-3.);
#9052=DERIVED_UNIT_ELEMENT(#9083,1.);
#9053=DERIVED_UNIT_ELEMENT(#15812,-3.);
#9054=DERIVED_UNIT_ELEMENT(#9083,1.);
#9055=DERIVED_UNIT_ELEMENT(#15812,-3.);
#9056=DERIVED_UNIT_ELEMENT(#9083,1.);
#9057=DERIVED_UNIT_ELEMENT(#15812,-3.);
#9058=DERIVED_UNIT_ELEMENT(#9083,1.);
#9059=DERIVED_UNIT_ELEMENT(#15812,-3.);
#9060=DERIVED_UNIT_ELEMENT(#9083,1.);
#9061=DERIVED_UNIT_ELEMENT(#15812,-3.);
#9062=DERIVED_UNIT_ELEMENT(#9083,1.);
#9063=DERIVED_UNIT_ELEMENT(#15812,-3.);
#9064=DERIVED_UNIT_ELEMENT(#9083,1.);
#9065=DERIVED_UNIT_ELEMENT(#15812,-3.);
#9066=DERIVED_UNIT_ELEMENT(#9083,1.);
#9067=DERIVED_UNIT_ELEMENT(#15812,-3.);
#9068=DERIVED_UNIT_ELEMENT(#9083,1.);
#9069=DERIVED_UNIT_ELEMENT(#15812,-3.);
#9070=DERIVED_UNIT_ELEMENT(#9083,1.);
#9071=DERIVED_UNIT_ELEMENT(#15812,-3.);
#9072=DERIVED_UNIT_ELEMENT(#9083,1.);
#9073=DERIVED_UNIT_ELEMENT(#15812,-3.);
#9074=DERIVED_UNIT_ELEMENT(#9083,1.);
#9075=DERIVED_UNIT_ELEMENT(#15812,-3.);
#9076=DERIVED_UNIT_ELEMENT(#9083,1.);
#9077=DERIVED_UNIT_ELEMENT(#15812,-3.);
#9078=DERIVED_UNIT_ELEMENT(#9083,1.);
#9079=DERIVED_UNIT_ELEMENT(#15812,-3.);
#9080=DERIVED_UNIT_ELEMENT(#9083,1.);
#9081=DERIVED_UNIT_ELEMENT(#15812,-3.);
#9082=DIMENSIONAL_EXPONENTS(0.,1.,0.,0.,0.,0.,0.);
#9083=(
CONVERSION_BASED_UNIT('gram',#9085)
MASS_UNIT()
NAMED_UNIT(#9082)
);
#9084=(
MASS_UNIT()
NAMED_UNIT(*)
SI_UNIT(.KILO.,.GRAM.)
);
#9085=MASS_MEASURE_WITH_UNIT(MASS_MEASURE(0.001),#9084);
#9086=DERIVED_UNIT((#9010,#9011));
#9087=DERIVED_UNIT((#9012,#9013));
#9088=DERIVED_UNIT((#9014,#9015));
#9089=DERIVED_UNIT((#9016,#9017));
#9090=DERIVED_UNIT((#9018,#9019));
#9091=DERIVED_UNIT((#9020,#9021));
#9092=DERIVED_UNIT((#9022,#9023));
#9093=DERIVED_UNIT((#9024,#9025));
#9094=DERIVED_UNIT((#9026,#9027));
#9095=DERIVED_UNIT((#9028,#9029));
#9096=DERIVED_UNIT((#9030,#9031));
#9097=DERIVED_UNIT((#9032,#9033));
#9098=DERIVED_UNIT((#9034,#9035));
#9099=DERIVED_UNIT((#9036,#9037));
#9100=DERIVED_UNIT((#9038,#9039));
#9101=DERIVED_UNIT((#9040,#9041));
#9102=DERIVED_UNIT((#9042,#9043));
#9103=DERIVED_UNIT((#9044,#9045));
#9104=DERIVED_UNIT((#9046,#9047));
#9105=DERIVED_UNIT((#9048,#9049));
#9106=DERIVED_UNIT((#9050,#9051));
#9107=DERIVED_UNIT((#9052,#9053));
#9108=DERIVED_UNIT((#9054,#9055));
#9109=DERIVED_UNIT((#9056,#9057));
#9110=DERIVED_UNIT((#9058,#9059));
#9111=DERIVED_UNIT((#9060,#9061));
#9112=DERIVED_UNIT((#9062,#9063));
#9113=DERIVED_UNIT((#9064,#9065));
#9114=DERIVED_UNIT((#9066,#9067));
#9115=DERIVED_UNIT((#9068,#9069));
#9116=DERIVED_UNIT((#9070,#9071));
#9117=DERIVED_UNIT((#9072,#9073));
#9118=DERIVED_UNIT((#9074,#9075));
#9119=DERIVED_UNIT((#9076,#9077));
#9120=DERIVED_UNIT((#9078,#9079));
#9121=DERIVED_UNIT((#9080,#9081));
#9122=MEASURE_REPRESENTATION_ITEM('density measure',
POSITIVE_RATIO_MEASURE(2.7),#9086);
#9123=MEASURE_REPRESENTATION_ITEM('density measure',
POSITIVE_RATIO_MEASURE(2.7),#9087);
#9124=MEASURE_REPRESENTATION_ITEM('density measure',
POSITIVE_RATIO_MEASURE(2.7),#9088);
#9125=MEASURE_REPRESENTATION_ITEM('density measure',
POSITIVE_RATIO_MEASURE(7.73),#9089);
#9126=MEASURE_REPRESENTATION_ITEM('density measure',
POSITIVE_RATIO_MEASURE(2.7),#9090);
#9127=MEASURE_REPRESENTATION_ITEM('density measure',
POSITIVE_RATIO_MEASURE(2.7),#9091);
#9128=MEASURE_REPRESENTATION_ITEM('density measure',
POSITIVE_RATIO_MEASURE(8.),#9092);
#9129=MEASURE_REPRESENTATION_ITEM('density measure',
POSITIVE_RATIO_MEASURE(1.541),#9093);
#9130=MEASURE_REPRESENTATION_ITEM('density measure',
POSITIVE_RATIO_MEASURE(1.541),#9094);
#9131=MEASURE_REPRESENTATION_ITEM('density measure',
POSITIVE_RATIO_MEASURE(2.7),#9095);
#9132=MEASURE_REPRESENTATION_ITEM('density measure',
POSITIVE_RATIO_MEASURE(1.541),#9096);
#9133=MEASURE_REPRESENTATION_ITEM('density measure',
POSITIVE_RATIO_MEASURE(1.541),#9097);
#9134=MEASURE_REPRESENTATION_ITEM('density measure',
POSITIVE_RATIO_MEASURE(1.541),#9098);
#9135=MEASURE_REPRESENTATION_ITEM('density measure',
POSITIVE_RATIO_MEASURE(2.7),#9099);
#9136=MEASURE_REPRESENTATION_ITEM('density measure',
POSITIVE_RATIO_MEASURE(7.73),#9100);
#9137=MEASURE_REPRESENTATION_ITEM('density measure',
POSITIVE_RATIO_MEASURE(7.73),#9101);
#9138=MEASURE_REPRESENTATION_ITEM('density measure',
POSITIVE_RATIO_MEASURE(7.73),#9102);
#9139=MEASURE_REPRESENTATION_ITEM('density measure',
POSITIVE_RATIO_MEASURE(7.73),#9103);
#9140=MEASURE_REPRESENTATION_ITEM('density measure',
POSITIVE_RATIO_MEASURE(2.7),#9104);
#9141=MEASURE_REPRESENTATION_ITEM('density measure',
POSITIVE_RATIO_MEASURE(2.7),#9105);
#9142=MEASURE_REPRESENTATION_ITEM('density measure',
POSITIVE_RATIO_MEASURE(7.73),#9106);
#9143=MEASURE_REPRESENTATION_ITEM('density measure',
POSITIVE_RATIO_MEASURE(1.541),#9107);
#9144=MEASURE_REPRESENTATION_ITEM('density measure',
POSITIVE_RATIO_MEASURE(7.73),#9108);
#9145=MEASURE_REPRESENTATION_ITEM('density measure',
POSITIVE_RATIO_MEASURE(7.73),#9109);
#9146=MEASURE_REPRESENTATION_ITEM('density measure',
POSITIVE_RATIO_MEASURE(2.7),#9110);
#9147=MEASURE_REPRESENTATION_ITEM('density measure',
POSITIVE_RATIO_MEASURE(2.7),#9111);
#9148=MEASURE_REPRESENTATION_ITEM('density measure',
POSITIVE_RATIO_MEASURE(2.7),#9112);
#9149=MEASURE_REPRESENTATION_ITEM('density measure',
POSITIVE_RATIO_MEASURE(2.7),#9113);
#9150=MEASURE_REPRESENTATION_ITEM('density measure',
POSITIVE_RATIO_MEASURE(7.73),#9114);
#9151=MEASURE_REPRESENTATION_ITEM('density measure',
POSITIVE_RATIO_MEASURE(7.73),#9115);
#9152=MEASURE_REPRESENTATION_ITEM('density measure',
POSITIVE_RATIO_MEASURE(2.7),#9116);
#9153=MEASURE_REPRESENTATION_ITEM('density measure',
POSITIVE_RATIO_MEASURE(2.7),#9117);
#9154=MEASURE_REPRESENTATION_ITEM('density measure',
POSITIVE_RATIO_MEASURE(7.73),#9118);
#9155=MEASURE_REPRESENTATION_ITEM('density measure',
POSITIVE_RATIO_MEASURE(7.73),#9119);
#9156=MEASURE_REPRESENTATION_ITEM('density measure',
POSITIVE_RATIO_MEASURE(7.73),#9120);
#9157=MEASURE_REPRESENTATION_ITEM('density measure',
POSITIVE_RATIO_MEASURE(7.73),#9121);
#9158=PROPERTY_DEFINITION_REPRESENTATION(#9338,#9230);
#9159=PROPERTY_DEFINITION_REPRESENTATION(#9339,#9231);
#9160=PROPERTY_DEFINITION_REPRESENTATION(#9340,#9232);
#9161=PROPERTY_DEFINITION_REPRESENTATION(#9341,#9233);
#9162=PROPERTY_DEFINITION_REPRESENTATION(#9342,#9234);
#9163=PROPERTY_DEFINITION_REPRESENTATION(#9343,#9235);
#9164=PROPERTY_DEFINITION_REPRESENTATION(#9344,#9236);
#9165=PROPERTY_DEFINITION_REPRESENTATION(#9345,#9237);
#9166=PROPERTY_DEFINITION_REPRESENTATION(#9346,#9238);
#9167=PROPERTY_DEFINITION_REPRESENTATION(#9347,#9239);
#9168=PROPERTY_DEFINITION_REPRESENTATION(#9348,#9240);
#9169=PROPERTY_DEFINITION_REPRESENTATION(#9349,#9241);
#9170=PROPERTY_DEFINITION_REPRESENTATION(#9350,#9242);
#9171=PROPERTY_DEFINITION_REPRESENTATION(#9351,#9243);
#9172=PROPERTY_DEFINITION_REPRESENTATION(#9352,#9244);
#9173=PROPERTY_DEFINITION_REPRESENTATION(#9353,#9245);
#9174=PROPERTY_DEFINITION_REPRESENTATION(#9354,#9246);
#9175=PROPERTY_DEFINITION_REPRESENTATION(#9355,#9247);
#9176=PROPERTY_DEFINITION_REPRESENTATION(#9356,#9248);
#9177=PROPERTY_DEFINITION_REPRESENTATION(#9357,#9249);
#9178=PROPERTY_DEFINITION_REPRESENTATION(#9358,#9250);
#9179=PROPERTY_DEFINITION_REPRESENTATION(#9359,#9251);
#9180=PROPERTY_DEFINITION_REPRESENTATION(#9360,#9252);
#9181=PROPERTY_DEFINITION_REPRESENTATION(#9361,#9253);
#9182=PROPERTY_DEFINITION_REPRESENTATION(#9362,#9254);
#9183=PROPERTY_DEFINITION_REPRESENTATION(#9363,#9255);
#9184=PROPERTY_DEFINITION_REPRESENTATION(#9364,#9256);
#9185=PROPERTY_DEFINITION_REPRESENTATION(#9365,#9257);
#9186=PROPERTY_DEFINITION_REPRESENTATION(#9366,#9258);
#9187=PROPERTY_DEFINITION_REPRESENTATION(#9367,#9259);
#9188=PROPERTY_DEFINITION_REPRESENTATION(#9368,#9260);
#9189=PROPERTY_DEFINITION_REPRESENTATION(#9369,#9261);
#9190=PROPERTY_DEFINITION_REPRESENTATION(#9370,#9262);
#9191=PROPERTY_DEFINITION_REPRESENTATION(#9371,#9263);
#9192=PROPERTY_DEFINITION_REPRESENTATION(#9372,#9264);
#9193=PROPERTY_DEFINITION_REPRESENTATION(#9373,#9265);
#9194=PROPERTY_DEFINITION_REPRESENTATION(#9374,#9266);
#9195=PROPERTY_DEFINITION_REPRESENTATION(#9375,#9267);
#9196=PROPERTY_DEFINITION_REPRESENTATION(#9376,#9268);
#9197=PROPERTY_DEFINITION_REPRESENTATION(#9377,#9269);
#9198=PROPERTY_DEFINITION_REPRESENTATION(#9378,#9270);
#9199=PROPERTY_DEFINITION_REPRESENTATION(#9379,#9271);
#9200=PROPERTY_DEFINITION_REPRESENTATION(#9380,#9272);
#9201=PROPERTY_DEFINITION_REPRESENTATION(#9381,#9273);
#9202=PROPERTY_DEFINITION_REPRESENTATION(#9382,#9274);
#9203=PROPERTY_DEFINITION_REPRESENTATION(#9383,#9275);
#9204=PROPERTY_DEFINITION_REPRESENTATION(#9384,#9276);
#9205=PROPERTY_DEFINITION_REPRESENTATION(#9385,#9277);
#9206=PROPERTY_DEFINITION_REPRESENTATION(#9386,#9278);
#9207=PROPERTY_DEFINITION_REPRESENTATION(#9387,#9279);
#9208=PROPERTY_DEFINITION_REPRESENTATION(#9388,#9280);
#9209=PROPERTY_DEFINITION_REPRESENTATION(#9389,#9281);
#9210=PROPERTY_DEFINITION_REPRESENTATION(#9390,#9282);
#9211=PROPERTY_DEFINITION_REPRESENTATION(#9391,#9283);
#9212=PROPERTY_DEFINITION_REPRESENTATION(#9392,#9284);
#9213=PROPERTY_DEFINITION_REPRESENTATION(#9393,#9285);
#9214=PROPERTY_DEFINITION_REPRESENTATION(#9394,#9286);
#9215=PROPERTY_DEFINITION_REPRESENTATION(#9395,#9287);
#9216=PROPERTY_DEFINITION_REPRESENTATION(#9396,#9288);
#9217=PROPERTY_DEFINITION_REPRESENTATION(#9397,#9289);
#9218=PROPERTY_DEFINITION_REPRESENTATION(#9398,#9290);
#9219=PROPERTY_DEFINITION_REPRESENTATION(#9399,#9291);
#9220=PROPERTY_DEFINITION_REPRESENTATION(#9400,#9292);
#9221=PROPERTY_DEFINITION_REPRESENTATION(#9401,#9293);
#9222=PROPERTY_DEFINITION_REPRESENTATION(#9402,#9294);
#9223=PROPERTY_DEFINITION_REPRESENTATION(#9403,#9295);
#9224=PROPERTY_DEFINITION_REPRESENTATION(#9404,#9296);
#9225=PROPERTY_DEFINITION_REPRESENTATION(#9405,#9297);
#9226=PROPERTY_DEFINITION_REPRESENTATION(#9406,#9298);
#9227=PROPERTY_DEFINITION_REPRESENTATION(#9407,#9299);
#9228=PROPERTY_DEFINITION_REPRESENTATION(#9408,#9300);
#9229=PROPERTY_DEFINITION_REPRESENTATION(#9409,#9301);
#9230=REPRESENTATION('material name',(#9302),#15774);
#9231=REPRESENTATION('density',(#9122),#15774);
#9232=REPRESENTATION('material name',(#9303),#15775);
#9233=REPRESENTATION('density',(#9123),#15775);
#9234=REPRESENTATION('material name',(#9304),#15776);
#9235=REPRESENTATION('density',(#9124),#15776);
#9236=REPRESENTATION('material name',(#9305),#15777);
#9237=REPRESENTATION('density',(#9125),#15777);
#9238=REPRESENTATION('material name',(#9306),#15778);
#9239=REPRESENTATION('density',(#9126),#15778);
#9240=REPRESENTATION('material name',(#9307),#15779);
#9241=REPRESENTATION('density',(#9127),#15779);
#9242=REPRESENTATION('material name',(#9308),#15780);
#9243=REPRESENTATION('density',(#9128),#15780);
#9244=REPRESENTATION('material name',(#9309),#15781);
#9245=REPRESENTATION('density',(#9129),#15781);
#9246=REPRESENTATION('material name',(#9310),#15782);
#9247=REPRESENTATION('density',(#9130),#15782);
#9248=REPRESENTATION('material name',(#9311),#15783);
#9249=REPRESENTATION('density',(#9131),#15783);
#9250=REPRESENTATION('material name',(#9312),#15784);
#9251=REPRESENTATION('density',(#9132),#15784);
#9252=REPRESENTATION('material name',(#9313),#15785);
#9253=REPRESENTATION('density',(#9133),#15785);
#9254=REPRESENTATION('material name',(#9314),#15786);
#9255=REPRESENTATION('density',(#9134),#15786);
#9256=REPRESENTATION('material name',(#9315),#15787);
#9257=REPRESENTATION('density',(#9135),#15787);
#9258=REPRESENTATION('material name',(#9316),#15788);
#9259=REPRESENTATION('density',(#9136),#15788);
#9260=REPRESENTATION('material name',(#9317),#15789);
#9261=REPRESENTATION('density',(#9137),#15789);
#9262=REPRESENTATION('material name',(#9318),#15790);
#9263=REPRESENTATION('density',(#9138),#15790);
#9264=REPRESENTATION('material name',(#9319),#15791);
#9265=REPRESENTATION('density',(#9139),#15791);
#9266=REPRESENTATION('material name',(#9320),#15792);
#9267=REPRESENTATION('density',(#9140),#15792);
#9268=REPRESENTATION('material name',(#9321),#15793);
#9269=REPRESENTATION('density',(#9141),#15793);
#9270=REPRESENTATION('material name',(#9322),#15794);
#9271=REPRESENTATION('density',(#9142),#15794);
#9272=REPRESENTATION('material name',(#9323),#15795);
#9273=REPRESENTATION('density',(#9143),#15795);
#9274=REPRESENTATION('material name',(#9324),#15796);
#9275=REPRESENTATION('density',(#9144),#15796);
#9276=REPRESENTATION('material name',(#9325),#15797);
#9277=REPRESENTATION('density',(#9145),#15797);
#9278=REPRESENTATION('material name',(#9326),#15798);
#9279=REPRESENTATION('density',(#9146),#15798);
#9280=REPRESENTATION('material name',(#9327),#15799);
#9281=REPRESENTATION('density',(#9147),#15799);
#9282=REPRESENTATION('material name',(#9328),#15800);
#9283=REPRESENTATION('density',(#9148),#15800);
#9284=REPRESENTATION('material name',(#9329),#15801);
#9285=REPRESENTATION('density',(#9149),#15801);
#9286=REPRESENTATION('material name',(#9330),#15802);
#9287=REPRESENTATION('density',(#9150),#15802);
#9288=REPRESENTATION('material name',(#9331),#15803);
#9289=REPRESENTATION('density',(#9151),#15803);
#9290=REPRESENTATION('material name',(#9332),#15804);
#9291=REPRESENTATION('density',(#9152),#15804);
#9292=REPRESENTATION('material name',(#9333),#15805);
#9293=REPRESENTATION('density',(#9153),#15805);
#9294=REPRESENTATION('material name',(#9334),#15806);
#9295=REPRESENTATION('density',(#9154),#15806);
#9296=REPRESENTATION('material name',(#9335),#15807);
#9297=REPRESENTATION('density',(#9155),#15807);
#9298=REPRESENTATION('material name',(#9336),#15808);
#9299=REPRESENTATION('density',(#9156),#15808);
#9300=REPRESENTATION('material name',(#9337),#15809);
#9301=REPRESENTATION('density',(#9157),#15809);
#9302=DESCRIPTIVE_REPRESENTATION_ITEM('\X2\30A230EB30DF30CB30A630E0\X0\ 
6061','\X2\30A230EB30DF30CB30A630E0\X0\ 6061');
#9303=DESCRIPTIVE_REPRESENTATION_ITEM('\X2\30A230EB30DF30CB30A630E0\X0\ 
6061','\X2\30A230EB30DF30CB30A630E0\X0\ 6061');
#9304=DESCRIPTIVE_REPRESENTATION_ITEM('\X2\30A230EB30DF30CB30A630E0\X0\ 
6061','\X2\30A230EB30DF30CB30A630E0\X0\ 6061');
#9305=DESCRIPTIVE_REPRESENTATION_ITEM('\X2\92FC3001540891D192FC\X0\',
'\X2\92FC3001540891D192FC\X0\');
#9306=DESCRIPTIVE_REPRESENTATION_ITEM('\X2\30A230EB30DF30CB30A630E0\X0\ 
6061','\X2\30A230EB30DF30CB30A630E0\X0\ 6061');
#9307=DESCRIPTIVE_REPRESENTATION_ITEM('\X2\30A230EB30DF30CB30A630E0\X0\ 
6061','\X2\30A230EB30DF30CB30A630E0\X0\ 6061');
#9308=DESCRIPTIVE_REPRESENTATION_ITEM('\X2\30B930C630F330EC30B992FC\X0\',
'\X2\30B930C630F330EC30B992FC\X0\');
#9309=DESCRIPTIVE_REPRESENTATION_ITEM('PET \X2\30D730E930B930C130C330AF\X0\',
'PET \X2\30D730E930B930C130C330AF\X0\');
#9310=DESCRIPTIVE_REPRESENTATION_ITEM('PET \X2\30D730E930B930C130C330AF\X0\',
'PET \X2\30D730E930B930C130C330AF\X0\');
#9311=DESCRIPTIVE_REPRESENTATION_ITEM('\X2\30A230EB30DF30CB30A630E0\X0\ 
6061','\X2\30A230EB30DF30CB30A630E0\X0\ 6061');
#9312=DESCRIPTIVE_REPRESENTATION_ITEM('PET \X2\30D730E930B930C130C330AF\X0\',
'PET \X2\30D730E930B930C130C330AF\X0\');
#9313=DESCRIPTIVE_REPRESENTATION_ITEM('PET \X2\30D730E930B930C130C330AF\X0\',
'PET \X2\30D730E930B930C130C330AF\X0\');
#9314=DESCRIPTIVE_REPRESENTATION_ITEM('PET \X2\30D730E930B930C130C330AF\X0\',
'PET \X2\30D730E930B930C130C330AF\X0\');
#9315=DESCRIPTIVE_REPRESENTATION_ITEM('\X2\30A230EB30DF30CB30A630E0\X0\ 
6061','\X2\30A230EB30DF30CB30A630E0\X0\ 6061');
#9316=DESCRIPTIVE_REPRESENTATION_ITEM('\X2\92FC3001540891D192FC\X0\',
'\X2\92FC3001540891D192FC\X0\');
#9317=DESCRIPTIVE_REPRESENTATION_ITEM('\X2\92FC3001540891D192FC\X0\',
'\X2\92FC3001540891D192FC\X0\');
#9318=DESCRIPTIVE_REPRESENTATION_ITEM('\X2\92FC3001540891D192FC\X0\',
'\X2\92FC3001540891D192FC\X0\');
#9319=DESCRIPTIVE_REPRESENTATION_ITEM('\X2\92FC3001540891D192FC\X0\',
'\X2\92FC3001540891D192FC\X0\');
#9320=DESCRIPTIVE_REPRESENTATION_ITEM('\X2\30A230EB30DF30CB30A630E0\X0\ 
6061','\X2\30A230EB30DF30CB30A630E0\X0\ 6061');
#9321=DESCRIPTIVE_REPRESENTATION_ITEM('\X2\30A230EB30DF30CB30A630E0\X0\ 
6061','\X2\30A230EB30DF30CB30A630E0\X0\ 6061');
#9322=DESCRIPTIVE_REPRESENTATION_ITEM('\X2\92FC3001540891D192FC\X0\',
'\X2\92FC3001540891D192FC\X0\');
#9323=DESCRIPTIVE_REPRESENTATION_ITEM('PET \X2\30D730E930B930C130C330AF\X0\',
'PET \X2\30D730E930B930C130C330AF\X0\');
#9324=DESCRIPTIVE_REPRESENTATION_ITEM('\X2\92FC3001540891D192FC\X0\',
'\X2\92FC3001540891D192FC\X0\');
#9325=DESCRIPTIVE_REPRESENTATION_ITEM('\X2\92FC3001540891D192FC\X0\',
'\X2\92FC3001540891D192FC\X0\');
#9326=DESCRIPTIVE_REPRESENTATION_ITEM('\X2\30A230EB30DF30CB30A630E0\X0\ 
6061','\X2\30A230EB30DF30CB30A630E0\X0\ 6061');
#9327=DESCRIPTIVE_REPRESENTATION_ITEM('\X2\30A230EB30DF30CB30A630E0\X0\ 
6061','\X2\30A230EB30DF30CB30A630E0\X0\ 6061');
#9328=DESCRIPTIVE_REPRESENTATION_ITEM('\X2\30A230EB30DF30CB30A630E0\X0\ 
6061','\X2\30A230EB30DF30CB30A630E0\X0\ 6061');
#9329=DESCRIPTIVE_REPRESENTATION_ITEM('\X2\30A230EB30DF30CB30A630E0\X0\ 
6061','\X2\30A230EB30DF30CB30A630E0\X0\ 6061');
#9330=DESCRIPTIVE_REPRESENTATION_ITEM('\X2\92FC3001540891D192FC\X0\',
'\X2\92FC3001540891D192FC\X0\');
#9331=DESCRIPTIVE_REPRESENTATION_ITEM('\X2\92FC3001540891D192FC\X0\',
'\X2\92FC3001540891D192FC\X0\');
#9332=DESCRIPTIVE_REPRESENTATION_ITEM('\X2\30A230EB30DF30CB30A630E0\X0\ 
6061','\X2\30A230EB30DF30CB30A630E0\X0\ 6061');
#9333=DESCRIPTIVE_REPRESENTATION_ITEM('\X2\30A230EB30DF30CB30A630E0\X0\ 
6061','\X2\30A230EB30DF30CB30A630E0\X0\ 6061');
#9334=DESCRIPTIVE_REPRESENTATION_ITEM('\X2\92FC3001540891D192FC\X0\',
'\X2\92FC3001540891D192FC\X0\');
#9335=DESCRIPTIVE_REPRESENTATION_ITEM('\X2\92FC3001540891D192FC\X0\',
'\X2\92FC3001540891D192FC\X0\');
#9336=DESCRIPTIVE_REPRESENTATION_ITEM('\X2\92FC3001540891D192FC\X0\',
'\X2\92FC3001540891D192FC\X0\');
#9337=DESCRIPTIVE_REPRESENTATION_ITEM('\X2\92FC3001540891D192FC\X0\',
'\X2\92FC3001540891D192FC\X0\');
#9338=PROPERTY_DEFINITION('material property','material name',#15964);
#9339=PROPERTY_DEFINITION('material property','density of part',#15964);
#9340=PROPERTY_DEFINITION('material property','material name',#15965);
#9341=PROPERTY_DEFINITION('material property','density of part',#15965);
#9342=PROPERTY_DEFINITION('material property','material name',#15966);
#9343=PROPERTY_DEFINITION('material property','density of part',#15966);
#9344=PROPERTY_DEFINITION('material property','material name',#15967);
#9345=PROPERTY_DEFINITION('material property','density of part',#15967);
#9346=PROPERTY_DEFINITION('material property','material name',#15968);
#9347=PROPERTY_DEFINITION('material property','density of part',#15968);
#9348=PROPERTY_DEFINITION('material property','material name',#15969);
#9349=PROPERTY_DEFINITION('material property','density of part',#15969);
#9350=PROPERTY_DEFINITION('material property','material name',#15970);
#9351=PROPERTY_DEFINITION('material property','density of part',#15970);
#9352=PROPERTY_DEFINITION('material property','material name',#15971);
#9353=PROPERTY_DEFINITION('material property','density of part',#15971);
#9354=PROPERTY_DEFINITION('material property','material name',#15972);
#9355=PROPERTY_DEFINITION('material property','density of part',#15972);
#9356=PROPERTY_DEFINITION('material property','material name',#15973);
#9357=PROPERTY_DEFINITION('material property','density of part',#15973);
#9358=PROPERTY_DEFINITION('material property','material name',#15974);
#9359=PROPERTY_DEFINITION('material property','density of part',#15974);
#9360=PROPERTY_DEFINITION('material property','material name',#15975);
#9361=PROPERTY_DEFINITION('material property','density of part',#15975);
#9362=PROPERTY_DEFINITION('material property','material name',#15976);
#9363=PROPERTY_DEFINITION('material property','density of part',#15976);
#9364=PROPERTY_DEFINITION('material property','material name',#15977);
#9365=PROPERTY_DEFINITION('material property','density of part',#15977);
#9366=PROPERTY_DEFINITION('material property','material name',#15978);
#9367=PROPERTY_DEFINITION('material property','density of part',#15978);
#9368=PROPERTY_DEFINITION('material property','material name',#15979);
#9369=PROPERTY_DEFINITION('material property','density of part',#15979);
#9370=PROPERTY_DEFINITION('material property','material name',#15980);
#9371=PROPERTY_DEFINITION('material property','density of part',#15980);
#9372=PROPERTY_DEFINITION('material property','material name',#15981);
#9373=PROPERTY_DEFINITION('material property','density of part',#15981);
#9374=PROPERTY_DEFINITION('material property','material name',#15982);
#9375=PROPERTY_DEFINITION('material property','density of part',#15982);
#9376=PROPERTY_DEFINITION('material property','material name',#15983);
#9377=PROPERTY_DEFINITION('material property','density of part',#15983);
#9378=PROPERTY_DEFINITION('material property','material name',#15984);
#9379=PROPERTY_DEFINITION('material property','density of part',#15984);
#9380=PROPERTY_DEFINITION('material property','material name',#15985);
#9381=PROPERTY_DEFINITION('material property','density of part',#15985);
#9382=PROPERTY_DEFINITION('material property','material name',#15986);
#9383=PROPERTY_DEFINITION('material property','density of part',#15986);
#9384=PROPERTY_DEFINITION('material property','material name',#15987);
#9385=PROPERTY_DEFINITION('material property','density of part',#15987);
#9386=PROPERTY_DEFINITION('material property','material name',#15988);
#9387=PROPERTY_DEFINITION('material property','density of part',#15988);
#9388=PROPERTY_DEFINITION('material property','material name',#15989);
#9389=PROPERTY_DEFINITION('material property','density of part',#15989);
#9390=PROPERTY_DEFINITION('material property','material name',#15990);
#9391=PROPERTY_DEFINITION('material property','density of part',#15990);
#9392=PROPERTY_DEFINITION('material property','material name',#15991);
#9393=PROPERTY_DEFINITION('material property','density of part',#15991);
#9394=PROPERTY_DEFINITION('material property','material name',#15992);
#9395=PROPERTY_DEFINITION('material property','density of part',#15992);
#9396=PROPERTY_DEFINITION('material property','material name',#15993);
#9397=PROPERTY_DEFINITION('material property','density of part',#15993);
#9398=PROPERTY_DEFINITION('material property','material name',#15994);
#9399=PROPERTY_DEFINITION('material property','density of part',#15994);
#9400=PROPERTY_DEFINITION('material property','material name',#15995);
#9401=PROPERTY_DEFINITION('material property','density of part',#15995);
#9402=PROPERTY_DEFINITION('material property','material name',#15996);
#9403=PROPERTY_DEFINITION('material property','density of part',#15996);
#9404=PROPERTY_DEFINITION('material property','material name',#15997);
#9405=PROPERTY_DEFINITION('material property','density of part',#15997);
#9406=PROPERTY_DEFINITION('material property','material name',#15998);
#9407=PROPERTY_DEFINITION('material property','density of part',#15998);
#9408=PROPERTY_DEFINITION('material property','material name',#15999);
#9409=PROPERTY_DEFINITION('material property','density of part',#15999);
#9410=PRESENTATION_STYLE_ASSIGNMENT((#9413));
#9411=PRESENTATION_STYLE_ASSIGNMENT((#9414));
#9412=PRESENTATION_STYLE_ASSIGNMENT((#9415));
#9413=SURFACE_STYLE_USAGE(.BOTH.,#9422);
#9414=SURFACE_STYLE_USAGE(.BOTH.,#9423);
#9415=SURFACE_STYLE_USAGE(.BOTH.,#9424);
#9416=SURFACE_STYLE_RENDERING_WITH_PROPERTIES($,#9434,(#9419));
#9417=SURFACE_STYLE_RENDERING_WITH_PROPERTIES($,#9435,(#9420));
#9418=SURFACE_STYLE_RENDERING_WITH_PROPERTIES($,#9436,(#9421));
#9419=SURFACE_STYLE_TRANSPARENT(0.);
#9420=SURFACE_STYLE_TRANSPARENT(0.);
#9421=SURFACE_STYLE_TRANSPARENT(0.53999999165535);
#9422=SURFACE_SIDE_STYLE('',(#9425,#9416));
#9423=SURFACE_SIDE_STYLE('',(#9426,#9417));
#9424=SURFACE_SIDE_STYLE('',(#9427,#9418));
#9425=SURFACE_STYLE_FILL_AREA(#9428);
#9426=SURFACE_STYLE_FILL_AREA(#9429);
#9427=SURFACE_STYLE_FILL_AREA(#9430);
#9428=FILL_AREA_STYLE('',(#9431));
#9429=FILL_AREA_STYLE('',(#9432));
#9430=FILL_AREA_STYLE('',(#9433));
#9431=FILL_AREA_STYLE_COLOUR('',#9434);
#9432=FILL_AREA_STYLE_COLOUR('',#9435);
#9433=FILL_AREA_STYLE_COLOUR('',#9436);
#9434=COLOUR_RGB('',0.996078431372549,0.996078431372549,1.);
#9435=COLOUR_RGB('',0.745098039215686,0.737254901960784,0.729411764705882);
#9436=COLOUR_RGB('',0.8,0.8,0.8);
#9437=DATE_TIME_ROLE('creation_date');
#9438=DATE_TIME_ROLE('creation_date');
#9439=DATE_TIME_ROLE('creation_date');
#9440=DATE_TIME_ROLE('creation_date');
#9441=DATE_TIME_ROLE('creation_date');
#9442=DATE_TIME_ROLE('creation_date');
#9443=DATE_TIME_ROLE('creation_date');
#9444=DATE_TIME_ROLE('creation_date');
#9445=DATE_TIME_ROLE('creation_date');
#9446=DATE_TIME_ROLE('creation_date');
#9447=DATE_TIME_ROLE('creation_date');
#9448=DATE_TIME_ROLE('creation_date');
#9449=DATE_TIME_ROLE('creation_date');
#9450=DATE_TIME_ROLE('creation_date');
#9451=DATE_TIME_ROLE('creation_date');
#9452=DATE_TIME_ROLE('creation_date');
#9453=DATE_TIME_ROLE('creation_date');
#9454=DATE_TIME_ROLE('creation_date');
#9455=DATE_TIME_ROLE('creation_date');
#9456=DATE_TIME_ROLE('creation_date');
#9457=DATE_TIME_ROLE('creation_date');
#9458=DATE_TIME_ROLE('creation_date');
#9459=DATE_TIME_ROLE('creation_date');
#9460=DATE_TIME_ROLE('creation_date');
#9461=DATE_TIME_ROLE('creation_date');
#9462=DATE_TIME_ROLE('creation_date');
#9463=DATE_TIME_ROLE('creation_date');
#9464=DATE_TIME_ROLE('creation_date');
#9465=DATE_TIME_ROLE('creation_date');
#9466=DATE_TIME_ROLE('creation_date');
#9467=DATE_TIME_ROLE('creation_date');
#9468=DATE_TIME_ROLE('creation_date');
#9469=DATE_TIME_ROLE('creation_date');
#9470=DATE_TIME_ROLE('creation_date');
#9471=DATE_TIME_ROLE('creation_date');
#9472=DATE_TIME_ROLE('creation_date');
#9473=DATE_TIME_ROLE('creation_date');
#9474=APPLIED_DATE_AND_TIME_ASSIGNMENT(#9511,#9437,(#15963));
#9475=APPLIED_DATE_AND_TIME_ASSIGNMENT(#9512,#9438,(#15964));
#9476=APPLIED_DATE_AND_TIME_ASSIGNMENT(#9513,#9439,(#15965));
#9477=APPLIED_DATE_AND_TIME_ASSIGNMENT(#9514,#9440,(#15966));
#9478=APPLIED_DATE_AND_TIME_ASSIGNMENT(#9515,#9441,(#15967));
#9479=APPLIED_DATE_AND_TIME_ASSIGNMENT(#9516,#9442,(#15968));
#9480=APPLIED_DATE_AND_TIME_ASSIGNMENT(#9517,#9443,(#15969));
#9481=APPLIED_DATE_AND_TIME_ASSIGNMENT(#9518,#9444,(#15970));
#9482=APPLIED_DATE_AND_TIME_ASSIGNMENT(#9519,#9445,(#15971));
#9483=APPLIED_DATE_AND_TIME_ASSIGNMENT(#9520,#9446,(#15972));
#9484=APPLIED_DATE_AND_TIME_ASSIGNMENT(#9521,#9447,(#15973));
#9485=APPLIED_DATE_AND_TIME_ASSIGNMENT(#9522,#9448,(#15974));
#9486=APPLIED_DATE_AND_TIME_ASSIGNMENT(#9523,#9449,(#15975));
#9487=APPLIED_DATE_AND_TIME_ASSIGNMENT(#9524,#9450,(#15976));
#9488=APPLIED_DATE_AND_TIME_ASSIGNMENT(#9525,#9451,(#15977));
#9489=APPLIED_DATE_AND_TIME_ASSIGNMENT(#9526,#9452,(#15978));
#9490=APPLIED_DATE_AND_TIME_ASSIGNMENT(#9527,#9453,(#15979));
#9491=APPLIED_DATE_AND_TIME_ASSIGNMENT(#9528,#9454,(#15980));
#9492=APPLIED_DATE_AND_TIME_ASSIGNMENT(#9529,#9455,(#15981));
#9493=APPLIED_DATE_AND_TIME_ASSIGNMENT(#9530,#9456,(#15982));
#9494=APPLIED_DATE_AND_TIME_ASSIGNMENT(#9531,#9457,(#15983));
#9495=APPLIED_DATE_AND_TIME_ASSIGNMENT(#9532,#9458,(#15984));
#9496=APPLIED_DATE_AND_TIME_ASSIGNMENT(#9533,#9459,(#15985));
#9497=APPLIED_DATE_AND_TIME_ASSIGNMENT(#9534,#9460,(#15986));
#9498=APPLIED_DATE_AND_TIME_ASSIGNMENT(#9535,#9461,(#15987));
#9499=APPLIED_DATE_AND_TIME_ASSIGNMENT(#9536,#9462,(#15988));
#9500=APPLIED_DATE_AND_TIME_ASSIGNMENT(#9537,#9463,(#15989));
#9501=APPLIED_DATE_AND_TIME_ASSIGNMENT(#9538,#9464,(#15990));
#9502=APPLIED_DATE_AND_TIME_ASSIGNMENT(#9539,#9465,(#15991));
#9503=APPLIED_DATE_AND_TIME_ASSIGNMENT(#9540,#9466,(#15992));
#9504=APPLIED_DATE_AND_TIME_ASSIGNMENT(#9541,#9467,(#15993));
#9505=APPLIED_DATE_AND_TIME_ASSIGNMENT(#9542,#9468,(#15994));
#9506=APPLIED_DATE_AND_TIME_ASSIGNMENT(#9543,#9469,(#15995));
#9507=APPLIED_DATE_AND_TIME_ASSIGNMENT(#9544,#9470,(#15996));
#9508=APPLIED_DATE_AND_TIME_ASSIGNMENT(#9545,#9471,(#15997));
#9509=APPLIED_DATE_AND_TIME_ASSIGNMENT(#9546,#9472,(#15998));
#9510=APPLIED_DATE_AND_TIME_ASSIGNMENT(#9547,#9473,(#15999));
#9511=DATE_AND_TIME(#9548,#9585);
#9512=DATE_AND_TIME(#9549,#9586);
#9513=DATE_AND_TIME(#9550,#9587);
#9514=DATE_AND_TIME(#9551,#9588);
#9515=DATE_AND_TIME(#9552,#9589);
#9516=DATE_AND_TIME(#9553,#9590);
#9517=DATE_AND_TIME(#9554,#9591);
#9518=DATE_AND_TIME(#9555,#9592);
#9519=DATE_AND_TIME(#9556,#9593);
#9520=DATE_AND_TIME(#9557,#9594);
#9521=DATE_AND_TIME(#9558,#9595);
#9522=DATE_AND_TIME(#9559,#9596);
#9523=DATE_AND_TIME(#9560,#9597);
#9524=DATE_AND_TIME(#9561,#9598);
#9525=DATE_AND_TIME(#9562,#9599);
#9526=DATE_AND_TIME(#9563,#9600);
#9527=DATE_AND_TIME(#9564,#9601);
#9528=DATE_AND_TIME(#9565,#9602);
#9529=DATE_AND_TIME(#9566,#9603);
#9530=DATE_AND_TIME(#9567,#9604);
#9531=DATE_AND_TIME(#9568,#9605);
#9532=DATE_AND_TIME(#9569,#9606);
#9533=DATE_AND_TIME(#9570,#9607);
#9534=DATE_AND_TIME(#9571,#9608);
#9535=DATE_AND_TIME(#9572,#9609);
#9536=DATE_AND_TIME(#9573,#9610);
#9537=DATE_AND_TIME(#9574,#9611);
#9538=DATE_AND_TIME(#9575,#9612);
#9539=DATE_AND_TIME(#9576,#9613);
#9540=DATE_AND_TIME(#9577,#9614);
#9541=DATE_AND_TIME(#9578,#9615);
#9542=DATE_AND_TIME(#9579,#9616);
#9543=DATE_AND_TIME(#9580,#9617);
#9544=DATE_AND_TIME(#9581,#9618);
#9545=DATE_AND_TIME(#9582,#9619);
#9546=DATE_AND_TIME(#9583,#9620);
#9547=DATE_AND_TIME(#9584,#9621);
#9548=CALENDAR_DATE(2026,8,10);
#9549=CALENDAR_DATE(2026,8,10);
#9550=CALENDAR_DATE(2026,8,10);
#9551=CALENDAR_DATE(2026,8,10);
#9552=CALENDAR_DATE(2026,8,10);
#9553=CALENDAR_DATE(2026,8,10);
#9554=CALENDAR_DATE(2026,8,10);
#9555=CALENDAR_DATE(2026,8,10);
#9556=CALENDAR_DATE(2026,8,10);
#9557=CALENDAR_DATE(2026,8,10);
#9558=CALENDAR_DATE(2026,8,10);
#9559=CALENDAR_DATE(2026,8,10);
#9560=CALENDAR_DATE(2026,8,10);
#9561=CALENDAR_DATE(2026,8,10);
#9562=CALENDAR_DATE(2026,8,10);
#9563=CALENDAR_DATE(2026,8,10);
#9564=CALENDAR_DATE(2026,8,10);
#9565=CALENDAR_DATE(2026,8,10);
#9566=CALENDAR_DATE(2026,8,10);
#9567=CALENDAR_DATE(2026,8,10);
#9568=CALENDAR_DATE(2026,8,10);
#9569=CALENDAR_DATE(2026,8,10);
#9570=CALENDAR_DATE(2026,8,10);
#9571=CALENDAR_DATE(2026,8,10);
#9572=CALENDAR_DATE(2026,8,10);
#9573=CALENDAR_DATE(2026,8,10);
#9574=CALENDAR_DATE(2026,8,10);
#9575=CALENDAR_DATE(2026,8,10);
#9576=CALENDAR_DATE(2026,8,10);
#9577=CALENDAR_DATE(2026,8,10);
#9578=CALENDAR_DATE(2026,8,10);
#9579=CALENDAR_DATE(2026,8,10);
#9580=CALENDAR_DATE(2026,8,10);
#9581=CALENDAR_DATE(2026,8,10);
#9582=CALENDAR_DATE(2026,8,10);
#9583=CALENDAR_DATE(2026,8,10);
#9584=CALENDAR_DATE(2026,8,10);
#9585=LOCAL_TIME(0,0,0.,#9622);
#9586=LOCAL_TIME(0,0,0.,#9623);
#9587=LOCAL_TIME(0,0,0.,#9624);
#9588=LOCAL_TIME(0,0,0.,#9625);
#9589=LOCAL_TIME(0,0,0.,#9626);
#9590=LOCAL_TIME(0,0,0.,#9627);
#9591=LOCAL_TIME(0,0,0.,#9628);
#9592=LOCAL_TIME(0,0,0.,#9629);
#9593=LOCAL_TIME(0,0,0.,#9630);
#9594=LOCAL_TIME(0,0,0.,#9631);
#9595=LOCAL_TIME(0,0,0.,#9632);
#9596=LOCAL_TIME(0,0,0.,#9633);
#9597=LOCAL_TIME(0,0,0.,#9634);
#9598=LOCAL_TIME(0,0,0.,#9635);
#9599=LOCAL_TIME(0,0,0.,#9636);
#9600=LOCAL_TIME(0,0,0.,#9637);
#9601=LOCAL_TIME(0,0,0.,#9638);
#9602=LOCAL_TIME(0,0,0.,#9639);
#9603=LOCAL_TIME(0,0,0.,#9640);
#9604=LOCAL_TIME(0,0,0.,#9641);
#9605=LOCAL_TIME(0,0,0.,#9642);
#9606=LOCAL_TIME(0,0,0.,#9643);
#9607=LOCAL_TIME(0,0,0.,#9644);
#9608=LOCAL_TIME(0,0,0.,#9645);
#9609=LOCAL_TIME(0,0,0.,#9646);
#9610=LOCAL_TIME(0,0,0.,#9647);
#9611=LOCAL_TIME(0,0,0.,#9648);
#9612=LOCAL_TIME(0,0,0.,#9649);
#9613=LOCAL_TIME(0,0,0.,#9650);
#9614=LOCAL_TIME(0,0,0.,#9651);
#9615=LOCAL_TIME(0,0,0.,#9652);
#9616=LOCAL_TIME(0,0,0.,#9653);
#9617=LOCAL_TIME(0,0,0.,#9654);
#9618=LOCAL_TIME(0,0,0.,#9655);
#9619=LOCAL_TIME(0,0,0.,#9656);
#9620=LOCAL_TIME(0,0,0.,#9657);
#9621=LOCAL_TIME(0,0,0.,#9658);
#9622=COORDINATED_UNIVERSAL_TIME_OFFSET(0,0,.BEHIND.);
#9623=COORDINATED_UNIVERSAL_TIME_OFFSET(0,0,.BEHIND.);
#9624=COORDINATED_UNIVERSAL_TIME_OFFSET(0,0,.BEHIND.);
#9625=COORDINATED_UNIVERSAL_TIME_OFFSET(0,0,.BEHIND.);
#9626=COORDINATED_UNIVERSAL_TIME_OFFSET(0,0,.BEHIND.);
#9627=COORDINATED_UNIVERSAL_TIME_OFFSET(0,0,.BEHIND.);
#9628=COORDINATED_UNIVERSAL_TIME_OFFSET(0,0,.BEHIND.);
#9629=COORDINATED_UNIVERSAL_TIME_OFFSET(0,0,.BEHIND.);
#9630=COORDINATED_UNIVERSAL_TIME_OFFSET(0,0,.BEHIND.);
#9631=COORDINATED_UNIVERSAL_TIME_OFFSET(0,0,.BEHIND.);
#9632=COORDINATED_UNIVERSAL_TIME_OFFSET(0,0,.BEHIND.);
#9633=COORDINATED_UNIVERSAL_TIME_OFFSET(0,0,.BEHIND.);
#9634=COORDINATED_UNIVERSAL_TIME_OFFSET(0,0,.BEHIND.);
#9635=COORDINATED_UNIVERSAL_TIME_OFFSET(0,0,.BEHIND.);
#9636=COORDINATED_UNIVERSAL_TIME_OFFSET(0,0,.BEHIND.);
#9637=COORDINATED_UNIVERSAL_TIME_OFFSET(0,0,.BEHIND.);
#9638=COORDINATED_UNIVERSAL_TIME_OFFSET(0,0,.BEHIND.);
#9639=COORDINATED_UNIVERSAL_TIME_OFFSET(0,0,.BEHIND.);
#9640=COORDINATED_UNIVERSAL_TIME_OFFSET(0,0,.BEHIND.);
#9641=COORDINATED_UNIVERSAL_TIME_OFFSET(0,0,.BEHIND.);
#9642=COORDINATED_UNIVERSAL_TIME_OFFSET(0,0,.BEHIND.);
#9643=COORDINATED_UNIVERSAL_TIME_OFFSET(0,0,.BEHIND.);
#9644=COORDINATED_UNIVERSAL_TIME_OFFSET(0,0,.BEHIND.);
#9645=COORDINATED_UNIVERSAL_TIME_OFFSET(0,0,.BEHIND.);
#9646=COORDINATED_UNIVERSAL_TIME_OFFSET(0,0,.BEHIND.);
#9647=COORDINATED_UNIVERSAL_TIME_OFFSET(0,0,.BEHIND.);
#9648=COORDINATED_UNIVERSAL_TIME_OFFSET(0,0,.BEHIND.);
#9649=COORDINATED_UNIVERSAL_TIME_OFFSET(0,0,.BEHIND.);
#9650=COORDINATED_UNIVERSAL_TIME_OFFSET(0,0,.BEHIND.);
#9651=COORDINATED_UNIVERSAL_TIME_OFFSET(0,0,.BEHIND.);
#9652=COORDINATED_UNIVERSAL_TIME_OFFSET(0,0,.BEHIND.);
#9653=COORDINATED_UNIVERSAL_TIME_OFFSET(0,0,.BEHIND.);
#9654=COORDINATED_UNIVERSAL_TIME_OFFSET(0,0,.BEHIND.);
#9655=COORDINATED_UNIVERSAL_TIME_OFFSET(0,0,.BEHIND.);
#9656=COORDINATED_UNIVERSAL_TIME_OFFSET(0,0,.BEHIND.);
#9657=COORDINATED_UNIVERSAL_TIME_OFFSET(0,0,.BEHIND.);
#9658=COORDINATED_UNIVERSAL_TIME_OFFSET(0,0,.BEHIND.);
#9659=AXIS2_PLACEMENT_3D('',#13249,#10596,#10597);
#9660=AXIS2_PLACEMENT_3D('',#13250,#10598,#10599);
#9661=AXIS2_PLACEMENT_3D('',#13251,#10600,#10601);
#9662=AXIS2_PLACEMENT_3D('',#13253,#10602,#10603);
#9663=AXIS2_PLACEMENT_3D('',#13256,#10605,#10606);
#9664=AXIS2_PLACEMENT_3D('',#13257,#10607,#10608);
#9665=AXIS2_PLACEMENT_3D('',#13259,#10609,#10610);
#9666=AXIS2_PLACEMENT_3D('',#13262,#10612,#10613);
#9667=AXIS2_PLACEMENT_3D('',#13263,#10614,#10615);
#9668=AXIS2_PLACEMENT_3D('',#13265,#10616,#10617);
#9669=AXIS2_PLACEMENT_3D('',#13268,#10619,#10620);
#9670=AXIS2_PLACEMENT_3D('',#13269,#10621,#10622);
#9671=AXIS2_PLACEMENT_3D('',#13271,#10623,#10624);
#9672=AXIS2_PLACEMENT_3D('',#13274,#10626,#10627);
#9673=AXIS2_PLACEMENT_3D('',#13275,#10628,#10629);
#9674=AXIS2_PLACEMENT_3D('',#13277,#10630,#10631);
#9675=AXIS2_PLACEMENT_3D('',#13280,#10633,#10634);
#9676=AXIS2_PLACEMENT_3D('',#13281,#10635,#10636);
#9677=AXIS2_PLACEMENT_3D('',#13283,#10637,#10638);
#9678=AXIS2_PLACEMENT_3D('',#13286,#10640,#10641);
#9679=AXIS2_PLACEMENT_3D('',#13287,#10642,#10643);
#9680=AXIS2_PLACEMENT_3D('',#13289,#10644,#10645);
#9681=AXIS2_PLACEMENT_3D('',#13292,#10647,#10648);
#9682=AXIS2_PLACEMENT_3D('',#13293,#10649,#10650);
#9683=AXIS2_PLACEMENT_3D('',#13295,#10651,#10652);
#9684=AXIS2_PLACEMENT_3D('',#13298,#10654,#10655);
#9685=AXIS2_PLACEMENT_3D('',#13299,#10656,#10657);
#9686=AXIS2_PLACEMENT_3D('',#13300,#10658,#10659);
#9687=AXIS2_PLACEMENT_3D('',#13301,#10660,#10661);
#9688=AXIS2_PLACEMENT_3D('',#13302,#10662,#10663);
#9689=AXIS2_PLACEMENT_3D('',#13311,#10668,#10669);
#9690=AXIS2_PLACEMENT_3D('',#13317,#10673,#10674);
#9691=AXIS2_PLACEMENT_3D('',#13323,#10678,#10679);
#9692=AXIS2_PLACEMENT_3D('',#13325,#10680,#10681);
#9693=AXIS2_PLACEMENT_3D('',#13326,#10682,#10683);
#9694=AXIS2_PLACEMENT_3D('',#13328,#10684,#10685);
#9695=AXIS2_PLACEMENT_3D('',#13330,#10686,#10687);
#9696=AXIS2_PLACEMENT_3D('',#13332,#10688,#10689);
#9697=AXIS2_PLACEMENT_3D('',#13334,#10690,#10691);
#9698=AXIS2_PLACEMENT_3D('',#13335,#10692,#10693);
#9699=AXIS2_PLACEMENT_3D('',#13337,#10694,#10695);
#9700=AXIS2_PLACEMENT_3D('',#13339,#10697,#10698);
#9701=AXIS2_PLACEMENT_3D('',#13341,#10699,#10700);
#9702=AXIS2_PLACEMENT_3D('',#13343,#10702,#10703);
#9703=AXIS2_PLACEMENT_3D('',#13345,#10704,#10705);
#9704=AXIS2_PLACEMENT_3D('',#13347,#10707,#10708);
#9705=AXIS2_PLACEMENT_3D('',#13349,#10709,#10710);
#9706=AXIS2_PLACEMENT_3D('',#13351,#10712,#10713);
#9707=AXIS2_PLACEMENT_3D('',#13353,#10714,#10715);
#9708=AXIS2_PLACEMENT_3D('',#13356,#10717,#10718);
#9709=AXIS2_PLACEMENT_3D('',#13357,#10719,#10720);
#9710=AXIS2_PLACEMENT_3D('',#13359,#10721,#10722);
#9711=AXIS2_PLACEMENT_3D('',#13362,#10724,#10725);
#9712=AXIS2_PLACEMENT_3D('',#13363,#10726,#10727);
#9713=AXIS2_PLACEMENT_3D('',#13365,#10728,#10729);
#9714=AXIS2_PLACEMENT_3D('',#13368,#10731,#10732);
#9715=AXIS2_PLACEMENT_3D('',#13369,#10733,#10734);
#9716=AXIS2_PLACEMENT_3D('',#13371,#10735,#10736);
#9717=AXIS2_PLACEMENT_3D('',#13374,#10738,#10739);
#9718=AXIS2_PLACEMENT_3D('',#13375,#10740,#10741);
#9719=AXIS2_PLACEMENT_3D('',#13377,#10742,#10743);
#9720=AXIS2_PLACEMENT_3D('',#13379,#10744,#10745);
#9721=AXIS2_PLACEMENT_3D('',#13380,#10746,#10747);
#9722=AXIS2_PLACEMENT_3D('',#13382,#10749,#10750);
#9723=AXIS2_PLACEMENT_3D('',#13384,#10751,#10752);
#9724=AXIS2_PLACEMENT_3D('',#13386,#10753,#10754);
#9725=AXIS2_PLACEMENT_3D('',#13387,#10755,#10756);
#9726=AXIS2_PLACEMENT_3D('',#13389,#10757,#10758);
#9727=AXIS2_PLACEMENT_3D('',#13391,#10759,#10760);
#9728=AXIS2_PLACEMENT_3D('',#13392,#10761,#10762);
#9729=AXIS2_PLACEMENT_3D('',#13394,#10764,#10765);
#9730=AXIS2_PLACEMENT_3D('',#13396,#10767,#10768);
#9731=AXIS2_PLACEMENT_3D('',#13397,#10769,#10770);
#9732=AXIS2_PLACEMENT_3D('',#13398,#10771,#10772);
#9733=AXIS2_PLACEMENT_3D('',#13401,#10774,#10775);
#9734=AXIS2_PLACEMENT_3D('',#13402,#10776,#10777);
#9735=AXIS2_PLACEMENT_3D('',#13403,#10778,#10779);
#9736=AXIS2_PLACEMENT_3D('',#13404,#10780,#10781);
#9737=AXIS2_PLACEMENT_3D('',#13406,#10782,#10783);
#9738=AXIS2_PLACEMENT_3D('',#13409,#10785,#10786);
#9739=AXIS2_PLACEMENT_3D('',#13410,#10787,#10788);
#9740=AXIS2_PLACEMENT_3D('',#13412,#10789,#10790);
#9741=AXIS2_PLACEMENT_3D('',#13415,#10792,#10793);
#9742=AXIS2_PLACEMENT_3D('',#13416,#10794,#10795);
#9743=AXIS2_PLACEMENT_3D('',#13418,#10796,#10797);
#9744=AXIS2_PLACEMENT_3D('',#13421,#10799,#10800);
#9745=AXIS2_PLACEMENT_3D('',#13422,#10801,#10802);
#9746=AXIS2_PLACEMENT_3D('',#13424,#10803,#10804);
#9747=AXIS2_PLACEMENT_3D('',#13427,#10806,#10807);
#9748=AXIS2_PLACEMENT_3D('',#13428,#10808,#10809);
#9749=AXIS2_PLACEMENT_3D('',#13430,#10810,#10811);
#9750=AXIS2_PLACEMENT_3D('',#13433,#10813,#10814);
#9751=AXIS2_PLACEMENT_3D('',#13434,#10815,#10816);
#9752=AXIS2_PLACEMENT_3D('',#13436,#10817,#10818);
#9753=AXIS2_PLACEMENT_3D('',#13439,#10820,#10821);
#9754=AXIS2_PLACEMENT_3D('',#13440,#10822,#10823);
#9755=AXIS2_PLACEMENT_3D('',#13442,#10824,#10825);
#9756=AXIS2_PLACEMENT_3D('',#13445,#10827,#10828);
#9757=AXIS2_PLACEMENT_3D('',#13446,#10829,#10830);
#9758=AXIS2_PLACEMENT_3D('',#13448,#10831,#10832);
#9759=AXIS2_PLACEMENT_3D('',#13451,#10834,#10835);
#9760=AXIS2_PLACEMENT_3D('',#13452,#10836,#10837);
#9761=AXIS2_PLACEMENT_3D('',#13454,#10838,#10839);
#9762=AXIS2_PLACEMENT_3D('',#13457,#10841,#10842);
#9763=AXIS2_PLACEMENT_3D('',#13458,#10843,#10844);
#9764=AXIS2_PLACEMENT_3D('',#13460,#10845,#10846);
#9765=AXIS2_PLACEMENT_3D('',#13463,#10848,#10849);
#9766=AXIS2_PLACEMENT_3D('',#13464,#10850,#10851);
#9767=AXIS2_PLACEMENT_3D('',#13466,#10852,#10853);
#9768=AXIS2_PLACEMENT_3D('',#13469,#10855,#10856);
#9769=AXIS2_PLACEMENT_3D('',#13470,#10857,#10858);
#9770=AXIS2_PLACEMENT_3D('',#13475,#10860,#10861);
#9771=AXIS2_PLACEMENT_3D('',#13478,#10863,#10864);
#9772=AXIS2_PLACEMENT_3D('',#13479,#10865,#10866);
#9773=AXIS2_PLACEMENT_3D('',#13484,#10868,#10869);
#9774=AXIS2_PLACEMENT_3D('',#13487,#10871,#10872);
#9775=AXIS2_PLACEMENT_3D('',#13488,#10873,#10874);
#9776=AXIS2_PLACEMENT_3D('',#13493,#10876,#10877);
#9777=AXIS2_PLACEMENT_3D('',#13496,#10879,#10880);
#9778=AXIS2_PLACEMENT_3D('',#13497,#10881,#10882);
#9779=AXIS2_PLACEMENT_3D('',#13502,#10884,#10885);
#9780=AXIS2_PLACEMENT_3D('',#13505,#10887,#10888);
#9781=AXIS2_PLACEMENT_3D('',#13506,#10889,#10890);
#9782=AXIS2_PLACEMENT_3D('',#13512,#10894,#10895);
#9783=AXIS2_PLACEMENT_3D('',#13518,#10899,#10900);
#9784=AXIS2_PLACEMENT_3D('',#13524,#10904,#10905);
#9785=AXIS2_PLACEMENT_3D('',#13530,#10909,#10910);
#9786=AXIS2_PLACEMENT_3D('',#13539,#10915,#10916);
#9787=AXIS2_PLACEMENT_3D('',#13548,#10921,#10922);
#9788=AXIS2_PLACEMENT_3D('',#13554,#10926,#10927);
#9789=AXIS2_PLACEMENT_3D('',#13560,#10931,#10932);
#9790=AXIS2_PLACEMENT_3D('',#13569,#10937,#10938);
#9791=AXIS2_PLACEMENT_3D('',#13575,#10942,#10943);
#9792=AXIS2_PLACEMENT_3D('',#13581,#10947,#10948);
#9793=AXIS2_PLACEMENT_3D('',#13584,#10951,#10952);
#9794=AXIS2_PLACEMENT_3D('',#13590,#10956,#10957);
#9795=AXIS2_PLACEMENT_3D('',#13591,#10958,#10959);
#9796=AXIS2_PLACEMENT_3D('',#13592,#10960,#10961);
#9797=AXIS2_PLACEMENT_3D('',#13593,#10962,#10963);
#9798=AXIS2_PLACEMENT_3D('',#13594,#10964,#10965);
#9799=AXIS2_PLACEMENT_3D('',#13595,#10966,#10967);
#9800=AXIS2_PLACEMENT_3D('',#13596,#10968,#10969);
#9801=AXIS2_PLACEMENT_3D('',#13598,#10970,#10971);
#9802=AXIS2_PLACEMENT_3D('',#13601,#10973,#10974);
#9803=AXIS2_PLACEMENT_3D('',#13602,#10975,#10976);
#9804=AXIS2_PLACEMENT_3D('',#13609,#10980,#10981);
#9805=AXIS2_PLACEMENT_3D('',#13611,#10982,#10983);
#9806=AXIS2_PLACEMENT_3D('',#13618,#10987,#10988);
#9807=AXIS2_PLACEMENT_3D('',#13619,#10989,#10990);
#9808=AXIS2_PLACEMENT_3D('',#13622,#10992,#10993);
#9809=AXIS2_PLACEMENT_3D('',#13623,#10994,#10995);
#9810=AXIS2_PLACEMENT_3D('',#13624,#10996,#10997);
#9811=AXIS2_PLACEMENT_3D('',#13625,#10998,#10999);
#9812=AXIS2_PLACEMENT_3D('',#13628,#11001,#11002);
#9813=AXIS2_PLACEMENT_3D('',#13629,#11003,#11004);
#9814=AXIS2_PLACEMENT_3D('',#13631,#11005,#11006);
#9815=AXIS2_PLACEMENT_3D('',#13633,#11008,#11009);
#9816=AXIS2_PLACEMENT_3D('',#13639,#11013,#11014);
#9817=AXIS2_PLACEMENT_3D('',#13645,#11018,#11019);
#9818=AXIS2_PLACEMENT_3D('',#13647,#11021,#11022);
#9819=AXIS2_PLACEMENT_3D('',#13651,#11025,#11026);
#9820=AXIS2_PLACEMENT_3D('',#13653,#11028,#11029);
#9821=AXIS2_PLACEMENT_3D('',#13655,#11031,#11032);
#9822=AXIS2_PLACEMENT_3D('',#13659,#11035,#11036);
#9823=AXIS2_PLACEMENT_3D('',#13660,#11037,#11038);
#9824=AXIS2_PLACEMENT_3D('',#13661,#11039,#11040);
#9825=AXIS2_PLACEMENT_3D('',#13662,#11041,#11042);
#9826=AXIS2_PLACEMENT_3D('',#13663,#11043,#11044);
#9827=AXIS2_PLACEMENT_3D('',#13664,#11045,#11046);
#9828=AXIS2_PLACEMENT_3D('',#13665,#11047,#11048);
#9829=AXIS2_PLACEMENT_3D('',#13667,#11049,#11050);
#9830=AXIS2_PLACEMENT_3D('',#13670,#11052,#11053);
#9831=AXIS2_PLACEMENT_3D('',#13671,#11054,#11055);
#9832=AXIS2_PLACEMENT_3D('',#13672,#11056,#11057);
#9833=AXIS2_PLACEMENT_3D('',#13681,#11062,#11063);
#9834=AXIS2_PLACEMENT_3D('',#13683,#11064,#11065);
#9835=AXIS2_PLACEMENT_3D('',#13687,#11068,#11069);
#9836=AXIS2_PLACEMENT_3D('',#13693,#11073,#11074);
#9837=AXIS2_PLACEMENT_3D('',#13695,#11076,#11077);
#9838=AXIS2_PLACEMENT_3D('',#13696,#11078,#11079);
#9839=AXIS2_PLACEMENT_3D('',#13697,#11080,#11081);
#9840=AXIS2_PLACEMENT_3D('',#13699,#11082,#11083);
#9841=AXIS2_PLACEMENT_3D('',#13702,#11085,#11086);
#9842=AXIS2_PLACEMENT_3D('',#13703,#11087,#11088);
#9843=AXIS2_PLACEMENT_3D('',#13705,#11089,#11090);
#9844=AXIS2_PLACEMENT_3D('',#13706,#11091,#11092);
#9845=AXIS2_PLACEMENT_3D('',#13708,#11093,#11094);
#9846=AXIS2_PLACEMENT_3D('',#13709,#11095,#11096);
#9847=AXIS2_PLACEMENT_3D('',#13711,#11097,#11098);
#9848=AXIS2_PLACEMENT_3D('',#13713,#11100,#11101);
#9849=AXIS2_PLACEMENT_3D('',#13715,#11102,#11103);
#9850=AXIS2_PLACEMENT_3D('',#13717,#11104,#11105);
#9851=AXIS2_PLACEMENT_3D('',#13718,#11106,#11107);
#9852=AXIS2_PLACEMENT_3D('',#13720,#11108,#11109);
#9853=AXIS2_PLACEMENT_3D('',#13722,#11110,#11111);
#9854=AXIS2_PLACEMENT_3D('',#13723,#11112,#11113);
#9855=AXIS2_PLACEMENT_3D('',#13725,#11115,#11116);
#9856=AXIS2_PLACEMENT_3D('',#13727,#11118,#11119);
#9857=AXIS2_PLACEMENT_3D('',#13730,#11121,#11122);
#9858=AXIS2_PLACEMENT_3D('',#13731,#11123,#11124);
#9859=AXIS2_PLACEMENT_3D('',#13732,#11125,#11126);
#9860=AXIS2_PLACEMENT_3D('',#13733,#11127,#11128);
#9861=AXIS2_PLACEMENT_3D('',#13734,#11129,#11130);
#9862=AXIS2_PLACEMENT_3D('',#13743,#11135,#11136);
#9863=AXIS2_PLACEMENT_3D('',#13749,#11140,#11141);
#9864=AXIS2_PLACEMENT_3D('',#13755,#11145,#11146);
#9865=AXIS2_PLACEMENT_3D('',#13790,#11164,#11165);
#9866=AXIS2_PLACEMENT_3D('',#13792,#11166,#11167);
#9867=AXIS2_PLACEMENT_3D('',#13794,#11168,#11169);
#9868=AXIS2_PLACEMENT_3D('',#13796,#11170,#11171);
#9869=AXIS2_PLACEMENT_3D('',#13798,#11172,#11173);
#9870=AXIS2_PLACEMENT_3D('',#13800,#11174,#11175);
#9871=AXIS2_PLACEMENT_3D('',#13802,#11176,#11177);
#9872=AXIS2_PLACEMENT_3D('',#13804,#11178,#11179);
#9873=AXIS2_PLACEMENT_3D('',#13806,#11180,#11181);
#9874=AXIS2_PLACEMENT_3D('',#13807,#11182,#11183);
#9875=AXIS2_PLACEMENT_3D('',#13811,#11186,#11187);
#9876=AXIS2_PLACEMENT_3D('',#13817,#11191,#11192);
#9877=AXIS2_PLACEMENT_3D('',#13823,#11196,#11197);
#9878=AXIS2_PLACEMENT_3D('',#13825,#11199,#11200);
#9879=AXIS2_PLACEMENT_3D('',#13829,#11203,#11204);
#9880=AXIS2_PLACEMENT_3D('',#13831,#11206,#11207);
#9881=AXIS2_PLACEMENT_3D('',#13837,#11211,#11212);
#9882=AXIS2_PLACEMENT_3D('',#13841,#11215,#11216);
#9883=AXIS2_PLACEMENT_3D('',#13845,#11219,#11220);
#9884=AXIS2_PLACEMENT_3D('',#13847,#11222,#11223);
#9885=AXIS2_PLACEMENT_3D('',#13851,#11226,#11227);
#9886=AXIS2_PLACEMENT_3D('',#13864,#11234,#11235);
#9887=AXIS2_PLACEMENT_3D('',#13866,#11236,#11237);
#9888=AXIS2_PLACEMENT_3D('',#13868,#11238,#11239);
#9889=AXIS2_PLACEMENT_3D('',#13870,#11240,#11241);
#9890=AXIS2_PLACEMENT_3D('',#13872,#11242,#11243);
#9891=AXIS2_PLACEMENT_3D('',#13874,#11244,#11245);
#9892=AXIS2_PLACEMENT_3D('',#13876,#11246,#11247);
#9893=AXIS2_PLACEMENT_3D('',#13878,#11248,#11249);
#9894=AXIS2_PLACEMENT_3D('',#13880,#11250,#11251);
#9895=AXIS2_PLACEMENT_3D('',#13881,#11252,#11253);
#9896=AXIS2_PLACEMENT_3D('',#13884,#11256,#11257);
#9897=AXIS2_PLACEMENT_3D('',#13886,#11259,#11260);
#9898=AXIS2_PLACEMENT_3D('',#13888,#11262,#11263);
#9899=AXIS2_PLACEMENT_3D('',#13890,#11265,#11266);
#9900=AXIS2_PLACEMENT_3D('',#13892,#11268,#11269);
#9901=AXIS2_PLACEMENT_3D('',#13894,#11271,#11272);
#9902=AXIS2_PLACEMENT_3D('',#13896,#11274,#11275);
#9903=AXIS2_PLACEMENT_3D('',#13898,#11277,#11278);
#9904=AXIS2_PLACEMENT_3D('',#13900,#11280,#11281);
#9905=AXIS2_PLACEMENT_3D('',#13902,#11283,#11284);
#9906=AXIS2_PLACEMENT_3D('',#13904,#11286,#11287);
#9907=AXIS2_PLACEMENT_3D('',#13906,#11289,#11290);
#9908=AXIS2_PLACEMENT_3D('',#13908,#11291,#11292);
#9909=AXIS2_PLACEMENT_3D('',#13910,#11294,#11295);
#9910=AXIS2_PLACEMENT_3D('',#13912,#11296,#11297);
#9911=AXIS2_PLACEMENT_3D('',#13913,#11298,#11299);
#9912=AXIS2_PLACEMENT_3D('',#13916,#11301,#11302);
#9913=AXIS2_PLACEMENT_3D('',#13917,#11303,#11304);
#9914=AXIS2_PLACEMENT_3D('',#13919,#11305,#11306);
#9915=AXIS2_PLACEMENT_3D('',#13920,#11307,#11308);
#9916=AXIS2_PLACEMENT_3D('',#13922,#11310,#11311);
#9917=AXIS2_PLACEMENT_3D('',#13923,#11312,#11313);
#9918=AXIS2_PLACEMENT_3D('',#13924,#11314,#11315);
#9919=AXIS2_PLACEMENT_3D('',#13925,#11316,#11317);
#9920=AXIS2_PLACEMENT_3D('',#13927,#11318,#11319);
#9921=AXIS2_PLACEMENT_3D('',#13930,#11321,#11322);
#9922=AXIS2_PLACEMENT_3D('',#13931,#11323,#11324);
#9923=AXIS2_PLACEMENT_3D('',#13933,#11325,#11326);
#9924=AXIS2_PLACEMENT_3D('',#13936,#11328,#11329);
#9925=AXIS2_PLACEMENT_3D('',#13937,#11330,#11331);
#9926=AXIS2_PLACEMENT_3D('',#13939,#11332,#11333);
#9927=AXIS2_PLACEMENT_3D('',#13942,#11335,#11336);
#9928=AXIS2_PLACEMENT_3D('',#13943,#11337,#11338);
#9929=AXIS2_PLACEMENT_3D('',#13945,#11339,#11340);
#9930=AXIS2_PLACEMENT_3D('',#13948,#11342,#11343);
#9931=AXIS2_PLACEMENT_3D('',#13949,#11344,#11345);
#9932=AXIS2_PLACEMENT_3D('',#13951,#11346,#11347);
#9933=AXIS2_PLACEMENT_3D('',#13954,#11349,#11350);
#9934=AXIS2_PLACEMENT_3D('',#13955,#11351,#11352);
#9935=AXIS2_PLACEMENT_3D('',#13957,#11353,#11354);
#9936=AXIS2_PLACEMENT_3D('',#13960,#11356,#11357);
#9937=AXIS2_PLACEMENT_3D('',#13961,#11358,#11359);
#9938=AXIS2_PLACEMENT_3D('',#13963,#11360,#11361);
#9939=AXIS2_PLACEMENT_3D('',#13966,#11363,#11364);
#9940=AXIS2_PLACEMENT_3D('',#13967,#11365,#11366);
#9941=AXIS2_PLACEMENT_3D('',#13969,#11367,#11368);
#9942=AXIS2_PLACEMENT_3D('',#13972,#11370,#11371);
#9943=AXIS2_PLACEMENT_3D('',#13973,#11372,#11373);
#9944=AXIS2_PLACEMENT_3D('',#13975,#11374,#11375);
#9945=AXIS2_PLACEMENT_3D('',#13978,#11377,#11378);
#9946=AXIS2_PLACEMENT_3D('',#13979,#11379,#11380);
#9947=AXIS2_PLACEMENT_3D('',#13981,#11381,#11382);
#9948=AXIS2_PLACEMENT_3D('',#13984,#11384,#11385);
#9949=AXIS2_PLACEMENT_3D('',#13985,#11386,#11387);
#9950=AXIS2_PLACEMENT_3D('',#13987,#11388,#11389);
#9951=AXIS2_PLACEMENT_3D('',#13990,#11391,#11392);
#9952=AXIS2_PLACEMENT_3D('',#13991,#11393,#11394);
#9953=AXIS2_PLACEMENT_3D('',#14000,#11399,#11400);
#9954=AXIS2_PLACEMENT_3D('',#14006,#11404,#11405);
#9955=AXIS2_PLACEMENT_3D('',#14012,#11409,#11410);
#9956=AXIS2_PLACEMENT_3D('',#14015,#11413,#11414);
#9957=AXIS2_PLACEMENT_3D('',#14016,#11415,#11416);
#9958=AXIS2_PLACEMENT_3D('',#14017,#11417,#11418);
#9959=AXIS2_PLACEMENT_3D('',#14018,#11419,#11420);
#9960=AXIS2_PLACEMENT_3D('',#14023,#11422,#11423);
#9961=AXIS2_PLACEMENT_3D('',#14026,#11425,#11426);
#9962=AXIS2_PLACEMENT_3D('',#14027,#11427,#11428);
#9963=AXIS2_PLACEMENT_3D('',#14029,#11429,#11430);
#9964=AXIS2_PLACEMENT_3D('',#14032,#11432,#11433);
#9965=AXIS2_PLACEMENT_3D('',#14033,#11434,#11435);
#9966=AXIS2_PLACEMENT_3D('',#14035,#11436,#11437);
#9967=AXIS2_PLACEMENT_3D('',#14038,#11439,#11440);
#9968=AXIS2_PLACEMENT_3D('',#14039,#11441,#11442);
#9969=AXIS2_PLACEMENT_3D('',#14042,#11443,#11444);
#9970=AXIS2_PLACEMENT_3D('',#14050,#11448,#11449);
#9971=AXIS2_PLACEMENT_3D('',#14058,#11453,#11454);
#9972=AXIS2_PLACEMENT_3D('',#14066,#11458,#11459);
#9973=AXIS2_PLACEMENT_3D('',#14073,#11463,#11464);
#9974=AXIS2_PLACEMENT_3D('',#14075,#11465,#11466);
#9975=AXIS2_PLACEMENT_3D('',#14077,#11467,#11468);
#9976=AXIS2_PLACEMENT_3D('',#14079,#11469,#11470);
#9977=AXIS2_PLACEMENT_3D('',#14080,#11471,#11472);
#9978=AXIS2_PLACEMENT_3D('',#14085,#11474,#11475);
#9979=AXIS2_PLACEMENT_3D('',#14088,#11477,#11478);
#9980=AXIS2_PLACEMENT_3D('',#14093,#11480,#11481);
#9981=AXIS2_PLACEMENT_3D('',#14096,#11483,#11484);
#9982=AXIS2_PLACEMENT_3D('',#14099,#11485,#11486);
#9983=AXIS2_PLACEMENT_3D('',#14103,#11488,#11489);
#9984=AXIS2_PLACEMENT_3D('',#14107,#11491,#11492);
#9985=AXIS2_PLACEMENT_3D('',#14111,#11494,#11495);
#9986=AXIS2_PLACEMENT_3D('',#14113,#11497,#11498);
#9987=AXIS2_PLACEMENT_3D('',#14115,#11499,#11500);
#9988=AXIS2_PLACEMENT_3D('',#14117,#11502,#11503);
#9989=AXIS2_PLACEMENT_3D('',#14119,#11504,#11505);
#9990=AXIS2_PLACEMENT_3D('',#14121,#11507,#11508);
#9991=AXIS2_PLACEMENT_3D('',#14124,#11510,#11511);
#9992=AXIS2_PLACEMENT_3D('',#14125,#11512,#11513);
#9993=AXIS2_PLACEMENT_3D('',#14127,#11514,#11515);
#9994=AXIS2_PLACEMENT_3D('',#14129,#11517,#11518);
#9995=AXIS2_PLACEMENT_3D('',#14136,#11521,#11522);
#9996=AXIS2_PLACEMENT_3D('',#14144,#11526,#11527);
#9997=AXIS2_PLACEMENT_3D('',#14152,#11531,#11532);
#9998=AXIS2_PLACEMENT_3D('',#14160,#11536,#11537);
#9999=AXIS2_PLACEMENT_3D('',#14162,#11539,#11540);
#10000=AXIS2_PLACEMENT_3D('',#14167,#11542,#11543);
#10001=AXIS2_PLACEMENT_3D('',#14170,#11545,#11546);
#10002=AXIS2_PLACEMENT_3D('',#14175,#11548,#11549);
#10003=AXIS2_PLACEMENT_3D('',#14178,#11551,#11552);
#10004=AXIS2_PLACEMENT_3D('',#14181,#11553,#11554);
#10005=AXIS2_PLACEMENT_3D('',#14185,#11556,#11557);
#10006=AXIS2_PLACEMENT_3D('',#14189,#11559,#11560);
#10007=AXIS2_PLACEMENT_3D('',#14193,#11562,#11563);
#10008=AXIS2_PLACEMENT_3D('',#14195,#11565,#11566);
#10009=AXIS2_PLACEMENT_3D('',#14196,#11567,#11568);
#10010=AXIS2_PLACEMENT_3D('',#14199,#11571,#11572);
#10011=AXIS2_PLACEMENT_3D('',#14202,#11575,#11576);
#10012=AXIS2_PLACEMENT_3D('',#14205,#11579,#11580);
#10013=AXIS2_PLACEMENT_3D('',#14208,#11583,#11584);
#10014=AXIS2_PLACEMENT_3D('',#14210,#11586,#11587);
#10015=AXIS2_PLACEMENT_3D('',#14212,#11589,#11590);
#10016=AXIS2_PLACEMENT_3D('',#14214,#11592,#11593);
#10017=AXIS2_PLACEMENT_3D('',#14216,#11595,#11596);
#10018=AXIS2_PLACEMENT_3D('',#14219,#11599,#11600);
#10019=AXIS2_PLACEMENT_3D('',#14222,#11603,#11604);
#10020=AXIS2_PLACEMENT_3D('',#14224,#11606,#11607);
#10021=AXIS2_PLACEMENT_3D('',#14226,#11609,#11610);
#10022=AXIS2_PLACEMENT_3D('',#14229,#11613,#11614);
#10023=AXIS2_PLACEMENT_3D('',#14231,#11616,#11617);
#10024=AXIS2_PLACEMENT_3D('',#14233,#11619,#11620);
#10025=AXIS2_PLACEMENT_3D('',#14234,#11621,#11622);
#10026=AXIS2_PLACEMENT_3D('',#14236,#11624,#11625);
#10027=AXIS2_PLACEMENT_3D('',#14237,#11626,#11627);
#10028=AXIS2_PLACEMENT_3D('',#14238,#11628,#11629);
#10029=AXIS2_PLACEMENT_3D('',#14240,#11631,#11632);
#10030=AXIS2_PLACEMENT_3D('',#14241,#11633,#11634);
#10031=AXIS2_PLACEMENT_3D('',#14243,#11636,#11637);
#10032=AXIS2_PLACEMENT_3D('',#14245,#11639,#11640);
#10033=AXIS2_PLACEMENT_3D('',#14248,#11643,#11644);
#10034=AXIS2_PLACEMENT_3D('',#14251,#11647,#11648);
#10035=AXIS2_PLACEMENT_3D('',#14252,#11649,#11650);
#10036=AXIS2_PLACEMENT_3D('',#14254,#11652,#11653);
#10037=AXIS2_PLACEMENT_3D('',#14255,#11654,#11655);
#10038=AXIS2_PLACEMENT_3D('',#14256,#11656,#11657);
#10039=AXIS2_PLACEMENT_3D('',#14258,#11659,#11660);
#10040=AXIS2_PLACEMENT_3D('',#14259,#11661,#11662);
#10041=AXIS2_PLACEMENT_3D('',#14260,#11663,#11664);
#10042=AXIS2_PLACEMENT_3D('',#14261,#11665,#11666);
#10043=AXIS2_PLACEMENT_3D('',#14270,#11671,#11672);
#10044=AXIS2_PLACEMENT_3D('',#14276,#11676,#11677);
#10045=AXIS2_PLACEMENT_3D('',#14282,#11681,#11682);
#10046=AXIS2_PLACEMENT_3D('',#14285,#11685,#11686);
#10047=AXIS2_PLACEMENT_3D('',#14286,#11687,#11688);
#10048=AXIS2_PLACEMENT_3D('',#14287,#11689,#11690);
#10049=AXIS2_PLACEMENT_3D('',#14288,#11691,#11692);
#10050=AXIS2_PLACEMENT_3D('',#14297,#11697,#11698);
#10051=AXIS2_PLACEMENT_3D('',#14303,#11702,#11703);
#10052=AXIS2_PLACEMENT_3D('',#14309,#11707,#11708);
#10053=AXIS2_PLACEMENT_3D('',#14312,#11711,#11712);
#10054=AXIS2_PLACEMENT_3D('',#14313,#11713,#11714);
#10055=AXIS2_PLACEMENT_3D('',#14314,#11715,#11716);
#10056=AXIS2_PLACEMENT_3D('',#14315,#11717,#11718);
#10057=AXIS2_PLACEMENT_3D('',#14317,#11719,#11720);
#10058=AXIS2_PLACEMENT_3D('',#14320,#11722,#11723);
#10059=AXIS2_PLACEMENT_3D('',#14321,#11724,#11725);
#10060=AXIS2_PLACEMENT_3D('',#14322,#11726,#11727);
#10061=AXIS2_PLACEMENT_3D('',#14324,#11728,#11729);
#10062=AXIS2_PLACEMENT_3D('',#14327,#11731,#11732);
#10063=AXIS2_PLACEMENT_3D('',#14328,#11733,#11734);
#10064=AXIS2_PLACEMENT_3D('',#14329,#11735,#11736);
#10065=AXIS2_PLACEMENT_3D('',#14331,#11737,#11738);
#10066=AXIS2_PLACEMENT_3D('',#14334,#11740,#11741);
#10067=AXIS2_PLACEMENT_3D('',#14335,#11742,#11743);
#10068=AXIS2_PLACEMENT_3D('',#14337,#11744,#11745);
#10069=AXIS2_PLACEMENT_3D('',#14340,#11747,#11748);
#10070=AXIS2_PLACEMENT_3D('',#14341,#11749,#11750);
#10071=AXIS2_PLACEMENT_3D('',#14343,#11751,#11752);
#10072=AXIS2_PLACEMENT_3D('',#14346,#11754,#11755);
#10073=AXIS2_PLACEMENT_3D('',#14347,#11756,#11757);
#10074=AXIS2_PLACEMENT_3D('',#14349,#11758,#11759);
#10075=AXIS2_PLACEMENT_3D('',#14352,#11761,#11762);
#10076=AXIS2_PLACEMENT_3D('',#14353,#11763,#11764);
#10077=AXIS2_PLACEMENT_3D('',#14355,#11765,#11766);
#10078=AXIS2_PLACEMENT_3D('',#14358,#11768,#11769);
#10079=AXIS2_PLACEMENT_3D('',#14359,#11770,#11771);
#10080=AXIS2_PLACEMENT_3D('',#14361,#11772,#11773);
#10081=AXIS2_PLACEMENT_3D('',#14364,#11775,#11776);
#10082=AXIS2_PLACEMENT_3D('',#14365,#11777,#11778);
#10083=AXIS2_PLACEMENT_3D('',#14374,#11783,#11784);
#10084=AXIS2_PLACEMENT_3D('',#14380,#11788,#11789);
#10085=AXIS2_PLACEMENT_3D('',#14386,#11793,#11794);
#10086=AXIS2_PLACEMENT_3D('',#14388,#11796,#11797);
#10087=AXIS2_PLACEMENT_3D('',#14390,#11799,#11800);
#10088=AXIS2_PLACEMENT_3D('',#14399,#11805,#11806);
#10089=AXIS2_PLACEMENT_3D('',#14405,#11810,#11811);
#10090=AXIS2_PLACEMENT_3D('',#14414,#11816,#11817);
#10091=AXIS2_PLACEMENT_3D('',#14427,#11825,#11826);
#10092=AXIS2_PLACEMENT_3D('',#14433,#11830,#11831);
#10093=AXIS2_PLACEMENT_3D('',#14437,#11834,#11835);
#10094=AXIS2_PLACEMENT_3D('',#14441,#11838,#11839);
#10095=AXIS2_PLACEMENT_3D('',#14443,#11841,#11842);
#10096=AXIS2_PLACEMENT_3D('',#14447,#11845,#11846);
#10097=AXIS2_PLACEMENT_3D('',#14450,#11849,#11850);
#10098=AXIS2_PLACEMENT_3D('',#14451,#11851,#11852);
#10099=AXIS2_PLACEMENT_3D('',#14452,#11853,#11854);
#10100=AXIS2_PLACEMENT_3D('',#14453,#11855,#11856);
#10101=AXIS2_PLACEMENT_3D('',#14455,#11857,#11858);
#10102=AXIS2_PLACEMENT_3D('',#14458,#11860,#11861);
#10103=AXIS2_PLACEMENT_3D('',#14459,#11862,#11863);
#10104=AXIS2_PLACEMENT_3D('',#14461,#11864,#11865);
#10105=AXIS2_PLACEMENT_3D('',#14464,#11867,#11868);
#10106=AXIS2_PLACEMENT_3D('',#14465,#11869,#11870);
#10107=AXIS2_PLACEMENT_3D('',#14467,#11871,#11872);
#10108=AXIS2_PLACEMENT_3D('',#14470,#11874,#11875);
#10109=AXIS2_PLACEMENT_3D('',#14471,#11876,#11877);
#10110=AXIS2_PLACEMENT_3D('',#14473,#11878,#11879);
#10111=AXIS2_PLACEMENT_3D('',#14476,#11881,#11882);
#10112=AXIS2_PLACEMENT_3D('',#14477,#11883,#11884);
#10113=AXIS2_PLACEMENT_3D('',#14479,#11885,#11886);
#10114=AXIS2_PLACEMENT_3D('',#14482,#11888,#11889);
#10115=AXIS2_PLACEMENT_3D('',#14483,#11890,#11891);
#10116=AXIS2_PLACEMENT_3D('',#14492,#11896,#11897);
#10117=AXIS2_PLACEMENT_3D('',#14498,#11901,#11902);
#10118=AXIS2_PLACEMENT_3D('',#14506,#11907,#11908);
#10119=AXIS2_PLACEMENT_3D('',#14510,#11910,#11911);
#10120=AXIS2_PLACEMENT_3D('',#14513,#11913,#11914);
#10121=AXIS2_PLACEMENT_3D('',#14514,#11915,#11916);
#10122=AXIS2_PLACEMENT_3D('',#14519,#11920,#11921);
#10123=AXIS2_PLACEMENT_3D('',#14520,#11922,#11923);
#10124=AXIS2_PLACEMENT_3D('',#14522,#11924,#11925);
#10125=AXIS2_PLACEMENT_3D('',#14524,#11927,#11928);
#10126=AXIS2_PLACEMENT_3D('',#14525,#11929,#11930);
#10127=AXIS2_PLACEMENT_3D('',#14526,#11931,#11932);
#10128=AXIS2_PLACEMENT_3D('',#14527,#11933,#11934);
#10129=AXIS2_PLACEMENT_3D('',#14528,#11935,#11936);
#10130=AXIS2_PLACEMENT_3D('',#14530,#11937,#11938);
#10131=AXIS2_PLACEMENT_3D('',#14533,#11940,#11941);
#10132=AXIS2_PLACEMENT_3D('',#14534,#11942,#11943);
#10133=AXIS2_PLACEMENT_3D('',#14536,#11944,#11945);
#10134=AXIS2_PLACEMENT_3D('',#14539,#11947,#11948);
#10135=AXIS2_PLACEMENT_3D('',#14540,#11949,#11950);
#10136=AXIS2_PLACEMENT_3D('',#14542,#11951,#11952);
#10137=AXIS2_PLACEMENT_3D('',#14545,#11954,#11955);
#10138=AXIS2_PLACEMENT_3D('',#14546,#11956,#11957);
#10139=AXIS2_PLACEMENT_3D('',#14548,#11958,#11959);
#10140=AXIS2_PLACEMENT_3D('',#14551,#11961,#11962);
#10141=AXIS2_PLACEMENT_3D('',#14552,#11963,#11964);
#10142=AXIS2_PLACEMENT_3D('',#14554,#11965,#11966);
#10143=AXIS2_PLACEMENT_3D('',#14557,#11968,#11969);
#10144=AXIS2_PLACEMENT_3D('',#14558,#11970,#11971);
#10145=AXIS2_PLACEMENT_3D('',#14560,#11972,#11973);
#10146=AXIS2_PLACEMENT_3D('',#14563,#11975,#11976);
#10147=AXIS2_PLACEMENT_3D('',#14564,#11977,#11978);
#10148=AXIS2_PLACEMENT_3D('',#14566,#11979,#11980);
#10149=AXIS2_PLACEMENT_3D('',#14569,#11982,#11983);
#10150=AXIS2_PLACEMENT_3D('',#14570,#11984,#11985);
#10151=AXIS2_PLACEMENT_3D('',#14572,#11986,#11987);
#10152=AXIS2_PLACEMENT_3D('',#14575,#11989,#11990);
#10153=AXIS2_PLACEMENT_3D('',#14576,#11991,#11992);
#10154=AXIS2_PLACEMENT_3D('',#14578,#11993,#11994);
#10155=AXIS2_PLACEMENT_3D('',#14581,#11996,#11997);
#10156=AXIS2_PLACEMENT_3D('',#14582,#11998,#11999);
#10157=AXIS2_PLACEMENT_3D('',#14584,#12000,#12001);
#10158=AXIS2_PLACEMENT_3D('',#14587,#12003,#12004);
#10159=AXIS2_PLACEMENT_3D('',#14588,#12005,#12006);
#10160=AXIS2_PLACEMENT_3D('',#14590,#12007,#12008);
#10161=AXIS2_PLACEMENT_3D('',#14593,#12010,#12011);
#10162=AXIS2_PLACEMENT_3D('',#14594,#12012,#12013);
#10163=AXIS2_PLACEMENT_3D('',#14603,#12018,#12019);
#10164=AXIS2_PLACEMENT_3D('',#14612,#12024,#12025);
#10165=AXIS2_PLACEMENT_3D('',#14621,#12030,#12031);
#10166=AXIS2_PLACEMENT_3D('',#14624,#12034,#12035);
#10167=AXIS2_PLACEMENT_3D('',#14633,#12040,#12041);
#10168=AXIS2_PLACEMENT_3D('',#14636,#12044,#12045);
#10169=AXIS2_PLACEMENT_3D('',#14695,#12076,#12077);
#10170=AXIS2_PLACEMENT_3D('',#14699,#12080,#12081);
#10171=AXIS2_PLACEMENT_3D('',#14703,#12084,#12085);
#10172=AXIS2_PLACEMENT_3D('',#14709,#12089,#12090);
#10173=AXIS2_PLACEMENT_3D('',#14715,#12094,#12095);
#10174=AXIS2_PLACEMENT_3D('',#14721,#12099,#12100);
#10175=AXIS2_PLACEMENT_3D('',#14727,#12104,#12105);
#10176=AXIS2_PLACEMENT_3D('',#14731,#12108,#12109);
#10177=AXIS2_PLACEMENT_3D('',#14735,#12112,#12113);
#10178=AXIS2_PLACEMENT_3D('',#14739,#12116,#12117);
#10179=AXIS2_PLACEMENT_3D('',#14743,#12120,#12121);
#10180=AXIS2_PLACEMENT_3D('',#14747,#12124,#12125);
#10181=AXIS2_PLACEMENT_3D('',#14749,#12127,#12128);
#10182=AXIS2_PLACEMENT_3D('',#14753,#12131,#12132);
#10183=AXIS2_PLACEMENT_3D('',#14757,#12135,#12136);
#10184=AXIS2_PLACEMENT_3D('',#14761,#12139,#12140);
#10185=AXIS2_PLACEMENT_3D('',#14765,#12143,#12144);
#10186=AXIS2_PLACEMENT_3D('',#14771,#12148,#12149);
#10187=AXIS2_PLACEMENT_3D('',#14775,#12152,#12153);
#10188=AXIS2_PLACEMENT_3D('',#14777,#12155,#12156);
#10189=AXIS2_PLACEMENT_3D('',#14795,#12168,#12169);
#10190=AXIS2_PLACEMENT_3D('',#14798,#12172,#12173);
#10191=AXIS2_PLACEMENT_3D('',#14800,#12175,#12176);
#10192=AXIS2_PLACEMENT_3D('',#14802,#12178,#12179);
#10193=AXIS2_PLACEMENT_3D('',#14804,#12181,#12182);
#10194=AXIS2_PLACEMENT_3D('',#14805,#12183,#12184);
#10195=AXIS2_PLACEMENT_3D('',#14806,#12185,#12186);
#10196=AXIS2_PLACEMENT_3D('',#14808,#12188,#12189);
#10197=AXIS2_PLACEMENT_3D('',#14809,#12190,#12191);
#10198=AXIS2_PLACEMENT_3D('',#14810,#12192,#12193);
#10199=AXIS2_PLACEMENT_3D('',#14811,#12194,#12195);
#10200=AXIS2_PLACEMENT_3D('',#14812,#12196,#12197);
#10201=AXIS2_PLACEMENT_3D('',#14813,#12198,#12199);
#10202=AXIS2_PLACEMENT_3D('',#14815,#12200,#12201);
#10203=AXIS2_PLACEMENT_3D('',#14818,#12203,#12204);
#10204=AXIS2_PLACEMENT_3D('',#14819,#12205,#12206);
#10205=AXIS2_PLACEMENT_3D('',#14821,#12207,#12208);
#10206=AXIS2_PLACEMENT_3D('',#14824,#12210,#12211);
#10207=AXIS2_PLACEMENT_3D('',#14825,#12212,#12213);
#10208=AXIS2_PLACEMENT_3D('',#14827,#12214,#12215);
#10209=AXIS2_PLACEMENT_3D('',#14830,#12217,#12218);
#10210=AXIS2_PLACEMENT_3D('',#14831,#12219,#12220);
#10211=AXIS2_PLACEMENT_3D('',#14833,#12221,#12222);
#10212=AXIS2_PLACEMENT_3D('',#14836,#12224,#12225);
#10213=AXIS2_PLACEMENT_3D('',#14837,#12226,#12227);
#10214=AXIS2_PLACEMENT_3D('',#14839,#12228,#12229);
#10215=AXIS2_PLACEMENT_3D('',#14842,#12231,#12232);
#10216=AXIS2_PLACEMENT_3D('',#14843,#12233,#12234);
#10217=AXIS2_PLACEMENT_3D('',#14845,#12235,#12236);
#10218=AXIS2_PLACEMENT_3D('',#14848,#12238,#12239);
#10219=AXIS2_PLACEMENT_3D('',#14849,#12240,#12241);
#10220=AXIS2_PLACEMENT_3D('',#14851,#12242,#12243);
#10221=AXIS2_PLACEMENT_3D('',#14854,#12245,#12246);
#10222=AXIS2_PLACEMENT_3D('',#14855,#12247,#12248);
#10223=AXIS2_PLACEMENT_3D('',#14857,#12249,#12250);
#10224=AXIS2_PLACEMENT_3D('',#14860,#12252,#12253);
#10225=AXIS2_PLACEMENT_3D('',#14861,#12254,#12255);
#10226=AXIS2_PLACEMENT_3D('',#14870,#12260,#12261);
#10227=AXIS2_PLACEMENT_3D('',#14876,#12265,#12266);
#10228=AXIS2_PLACEMENT_3D('',#14882,#12270,#12271);
#10229=AXIS2_PLACEMENT_3D('',#14885,#12274,#12275);
#10230=AXIS2_PLACEMENT_3D('',#14894,#12280,#12281);
#10231=AXIS2_PLACEMENT_3D('',#14900,#12285,#12286);
#10232=AXIS2_PLACEMENT_3D('',#14906,#12290,#12291);
#10233=AXIS2_PLACEMENT_3D('',#14909,#12294,#12295);
#10234=AXIS2_PLACEMENT_3D('',#14918,#12300,#12301);
#10235=AXIS2_PLACEMENT_3D('',#14924,#12305,#12306);
#10236=AXIS2_PLACEMENT_3D('',#14930,#12310,#12311);
#10237=AXIS2_PLACEMENT_3D('',#14933,#12314,#12315);
#10238=AXIS2_PLACEMENT_3D('',#14942,#12320,#12321);
#10239=AXIS2_PLACEMENT_3D('',#14948,#12325,#12326);
#10240=AXIS2_PLACEMENT_3D('',#14954,#12330,#12331);
#10241=AXIS2_PLACEMENT_3D('',#14957,#12334,#12335);
#10242=AXIS2_PLACEMENT_3D('',#14959,#12336,#12337);
#10243=AXIS2_PLACEMENT_3D('',#14962,#12339,#12340);
#10244=AXIS2_PLACEMENT_3D('',#14963,#12341,#12342);
#10245=AXIS2_PLACEMENT_3D('',#14972,#12347,#12348);
#10246=AXIS2_PLACEMENT_3D('',#14981,#12353,#12354);
#10247=AXIS2_PLACEMENT_3D('',#14990,#12359,#12360);
#10248=AXIS2_PLACEMENT_3D('',#14998,#12365,#12366);
#10249=AXIS2_PLACEMENT_3D('',#15004,#12370,#12371);
#10250=AXIS2_PLACEMENT_3D('',#15008,#12374,#12375);
#10251=AXIS2_PLACEMENT_3D('',#15014,#12379,#12380);
#10252=AXIS2_PLACEMENT_3D('',#15020,#12384,#12385);
#10253=AXIS2_PLACEMENT_3D('',#15028,#12390,#12391);
#10254=AXIS2_PLACEMENT_3D('',#15036,#12396,#12397);
#10255=AXIS2_PLACEMENT_3D('',#15040,#12400,#12401);
#10256=AXIS2_PLACEMENT_3D('',#15044,#12404,#12405);
#10257=AXIS2_PLACEMENT_3D('',#15050,#12409,#12410);
#10258=AXIS2_PLACEMENT_3D('',#15058,#12415,#12416);
#10259=AXIS2_PLACEMENT_3D('',#15064,#12420,#12421);
#10260=AXIS2_PLACEMENT_3D('',#15070,#12425,#12426);
#10261=AXIS2_PLACEMENT_3D('',#15074,#12429,#12430);
#10262=AXIS2_PLACEMENT_3D('',#15080,#12434,#12435);
#10263=AXIS2_PLACEMENT_3D('',#15087,#12440,#12441);
#10264=AXIS2_PLACEMENT_3D('',#15093,#12445,#12446);
#10265=AXIS2_PLACEMENT_3D('',#15097,#12449,#12450);
#10266=AXIS2_PLACEMENT_3D('',#15101,#12453,#12454);
#10267=AXIS2_PLACEMENT_3D('',#15104,#12457,#12458);
#10268=AXIS2_PLACEMENT_3D('',#15106,#12460,#12461);
#10269=AXIS2_PLACEMENT_3D('',#15108,#12463,#12464);
#10270=AXIS2_PLACEMENT_3D('',#15109,#12465,#12466);
#10271=AXIS2_PLACEMENT_3D('',#15112,#12469,#12470);
#10272=AXIS2_PLACEMENT_3D('',#15114,#12472,#12473);
#10273=AXIS2_PLACEMENT_3D('',#15116,#12475,#12476);
#10274=AXIS2_PLACEMENT_3D('',#15117,#12477,#12478);
#10275=AXIS2_PLACEMENT_3D('',#15118,#12479,#12480);
#10276=AXIS2_PLACEMENT_3D('',#15127,#12485,#12486);
#10277=AXIS2_PLACEMENT_3D('',#15136,#12491,#12492);
#10278=AXIS2_PLACEMENT_3D('',#15138,#12493,#12494);
#10279=AXIS2_PLACEMENT_3D('',#15140,#12495,#12496);
#10280=AXIS2_PLACEMENT_3D('',#15142,#12498,#12499);
#10281=AXIS2_PLACEMENT_3D('',#15144,#12500,#12501);
#10282=AXIS2_PLACEMENT_3D('',#15147,#12503,#12504);
#10283=AXIS2_PLACEMENT_3D('',#15148,#12505,#12506);
#10284=AXIS2_PLACEMENT_3D('',#15150,#12507,#12508);
#10285=AXIS2_PLACEMENT_3D('',#15152,#12509,#12510);
#10286=AXIS2_PLACEMENT_3D('',#15154,#12512,#12513);
#10287=AXIS2_PLACEMENT_3D('',#15157,#12516,#12517);
#10288=AXIS2_PLACEMENT_3D('',#15163,#12521,#12522);
#10289=AXIS2_PLACEMENT_3D('',#15164,#12523,#12524);
#10290=AXIS2_PLACEMENT_3D('',#15165,#12525,#12526);
#10291=AXIS2_PLACEMENT_3D('',#15166,#12527,#12528);
#10292=AXIS2_PLACEMENT_3D('',#15168,#12529,#12530);
#10293=AXIS2_PLACEMENT_3D('',#15171,#12532,#12533);
#10294=AXIS2_PLACEMENT_3D('',#15172,#12534,#12535);
#10295=AXIS2_PLACEMENT_3D('',#15174,#12536,#12537);
#10296=AXIS2_PLACEMENT_3D('',#15175,#12538,#12539);
#10297=AXIS2_PLACEMENT_3D('',#15177,#12540,#12541);
#10298=AXIS2_PLACEMENT_3D('',#15179,#12543,#12544);
#10299=AXIS2_PLACEMENT_3D('',#15181,#12545,#12546);
#10300=AXIS2_PLACEMENT_3D('',#15184,#12548,#12549);
#10301=AXIS2_PLACEMENT_3D('',#15185,#12550,#12551);
#10302=AXIS2_PLACEMENT_3D('',#15186,#12552,#12553);
#10303=AXIS2_PLACEMENT_3D('',#15187,#12554,#12555);
#10304=AXIS2_PLACEMENT_3D('',#15188,#12556,#12557);
#10305=AXIS2_PLACEMENT_3D('',#15190,#12558,#12559);
#10306=AXIS2_PLACEMENT_3D('',#15193,#12561,#12562);
#10307=AXIS2_PLACEMENT_3D('',#15194,#12563,#12564);
#10308=AXIS2_PLACEMENT_3D('',#15196,#12565,#12566);
#10309=AXIS2_PLACEMENT_3D('',#15199,#12568,#12569);
#10310=AXIS2_PLACEMENT_3D('',#15200,#12570,#12571);
#10311=AXIS2_PLACEMENT_3D('',#15201,#12572,#12573);
#10312=AXIS2_PLACEMENT_3D('',#15202,#12574,#12575);
#10313=AXIS2_PLACEMENT_3D('',#15203,#12576,#12577);
#10314=AXIS2_PLACEMENT_3D('',#15205,#12578,#12579);
#10315=AXIS2_PLACEMENT_3D('',#15208,#12581,#12582);
#10316=AXIS2_PLACEMENT_3D('',#15209,#12583,#12584);
#10317=AXIS2_PLACEMENT_3D('',#15211,#12585,#12586);
#10318=AXIS2_PLACEMENT_3D('',#15214,#12588,#12589);
#10319=AXIS2_PLACEMENT_3D('',#15215,#12590,#12591);
#10320=AXIS2_PLACEMENT_3D('',#15216,#12592,#12593);
#10321=AXIS2_PLACEMENT_3D('',#15217,#12594,#12595);
#10322=AXIS2_PLACEMENT_3D('',#15218,#12596,#12597);
#10323=AXIS2_PLACEMENT_3D('',#15220,#12598,#12599);
#10324=AXIS2_PLACEMENT_3D('',#15223,#12601,#12602);
#10325=AXIS2_PLACEMENT_3D('',#15224,#12603,#12604);
#10326=AXIS2_PLACEMENT_3D('',#15225,#12605,#12606);
#10327=AXIS2_PLACEMENT_3D('',#15227,#12607,#12608);
#10328=AXIS2_PLACEMENT_3D('',#15230,#12610,#12611);
#10329=AXIS2_PLACEMENT_3D('',#15231,#12612,#12613);
#10330=AXIS2_PLACEMENT_3D('',#15232,#12614,#12615);
#10331=AXIS2_PLACEMENT_3D('',#15234,#12616,#12617);
#10332=AXIS2_PLACEMENT_3D('',#15237,#12619,#12620);
#10333=AXIS2_PLACEMENT_3D('',#15238,#12621,#12622);
#10334=AXIS2_PLACEMENT_3D('',#15239,#12623,#12624);
#10335=AXIS2_PLACEMENT_3D('',#15241,#12625,#12626);
#10336=AXIS2_PLACEMENT_3D('',#15244,#12628,#12629);
#10337=AXIS2_PLACEMENT_3D('',#15245,#12630,#12631);
#10338=AXIS2_PLACEMENT_3D('',#15246,#12632,#12633);
#10339=AXIS2_PLACEMENT_3D('',#15248,#12634,#12635);
#10340=AXIS2_PLACEMENT_3D('',#15251,#12637,#12638);
#10341=AXIS2_PLACEMENT_3D('',#15252,#12639,#12640);
#10342=AXIS2_PLACEMENT_3D('',#15253,#12641,#12642);
#10343=AXIS2_PLACEMENT_3D('',#15255,#12643,#12644);
#10344=AXIS2_PLACEMENT_3D('',#15258,#12646,#12647);
#10345=AXIS2_PLACEMENT_3D('',#15259,#12648,#12649);
#10346=AXIS2_PLACEMENT_3D('',#15260,#12650,#12651);
#10347=AXIS2_PLACEMENT_3D('',#15262,#12652,#12653);
#10348=AXIS2_PLACEMENT_3D('',#15265,#12655,#12656);
#10349=AXIS2_PLACEMENT_3D('',#15266,#12657,#12658);
#10350=AXIS2_PLACEMENT_3D('',#15267,#12659,#12660);
#10351=AXIS2_PLACEMENT_3D('',#15269,#12661,#12662);
#10352=AXIS2_PLACEMENT_3D('',#15272,#12664,#12665);
#10353=AXIS2_PLACEMENT_3D('',#15273,#12666,#12667);
#10354=AXIS2_PLACEMENT_3D('',#15274,#12668,#12669);
#10355=AXIS2_PLACEMENT_3D('',#15276,#12670,#12671);
#10356=AXIS2_PLACEMENT_3D('',#15279,#12673,#12674);
#10357=AXIS2_PLACEMENT_3D('',#15280,#12675,#12676);
#10358=AXIS2_PLACEMENT_3D('',#15281,#12677,#12678);
#10359=AXIS2_PLACEMENT_3D('',#15282,#12679,#12680);
#10360=AXIS2_PLACEMENT_3D('',#15283,#12681,#12682);
#10361=AXIS2_PLACEMENT_3D('',#15285,#12683,#12684);
#10362=AXIS2_PLACEMENT_3D('',#15288,#12686,#12687);
#10363=AXIS2_PLACEMENT_3D('',#15289,#12688,#12689);
#10364=AXIS2_PLACEMENT_3D('',#15290,#12690,#12691);
#10365=AXIS2_PLACEMENT_3D('',#15291,#12692,#12693);
#10366=AXIS2_PLACEMENT_3D('',#15292,#12694,#12695);
#10367=AXIS2_PLACEMENT_3D('',#15294,#12696,#12697);
#10368=AXIS2_PLACEMENT_3D('',#15297,#12699,#12700);
#10369=AXIS2_PLACEMENT_3D('',#15298,#12701,#12702);
#10370=AXIS2_PLACEMENT_3D('',#15300,#12703,#12704);
#10371=AXIS2_PLACEMENT_3D('',#15303,#12706,#12707);
#10372=AXIS2_PLACEMENT_3D('',#15304,#12708,#12709);
#10373=AXIS2_PLACEMENT_3D('',#15306,#12710,#12711);
#10374=AXIS2_PLACEMENT_3D('',#15309,#12713,#12714);
#10375=AXIS2_PLACEMENT_3D('',#15310,#12715,#12716);
#10376=AXIS2_PLACEMENT_3D('',#15312,#12717,#12718);
#10377=AXIS2_PLACEMENT_3D('',#15315,#12720,#12721);
#10378=AXIS2_PLACEMENT_3D('',#15316,#12722,#12723);
#10379=AXIS2_PLACEMENT_3D('',#15318,#12724,#12725);
#10380=AXIS2_PLACEMENT_3D('',#15321,#12727,#12728);
#10381=AXIS2_PLACEMENT_3D('',#15322,#12729,#12730);
#10382=AXIS2_PLACEMENT_3D('',#15324,#12731,#12732);
#10383=AXIS2_PLACEMENT_3D('',#15327,#12734,#12735);
#10384=AXIS2_PLACEMENT_3D('',#15328,#12736,#12737);
#10385=AXIS2_PLACEMENT_3D('',#15329,#12738,#12739);
#10386=AXIS2_PLACEMENT_3D('',#15330,#12740,#12741);
#10387=AXIS2_PLACEMENT_3D('',#15331,#12742,#12743);
#10388=AXIS2_PLACEMENT_3D('',#15333,#12744,#12745);
#10389=AXIS2_PLACEMENT_3D('',#15336,#12747,#12748);
#10390=AXIS2_PLACEMENT_3D('',#15337,#12749,#12750);
#10391=AXIS2_PLACEMENT_3D('',#15339,#12751,#12752);
#10392=AXIS2_PLACEMENT_3D('',#15342,#12754,#12755);
#10393=AXIS2_PLACEMENT_3D('',#15343,#12756,#12757);
#10394=AXIS2_PLACEMENT_3D('',#15345,#12758,#12759);
#10395=AXIS2_PLACEMENT_3D('',#15348,#12761,#12762);
#10396=AXIS2_PLACEMENT_3D('',#15349,#12763,#12764);
#10397=AXIS2_PLACEMENT_3D('',#15351,#12765,#12766);
#10398=AXIS2_PLACEMENT_3D('',#15354,#12768,#12769);
#10399=AXIS2_PLACEMENT_3D('',#15355,#12770,#12771);
#10400=AXIS2_PLACEMENT_3D('',#15357,#12772,#12773);
#10401=AXIS2_PLACEMENT_3D('',#15360,#12775,#12776);
#10402=AXIS2_PLACEMENT_3D('',#15361,#12777,#12778);
#10403=AXIS2_PLACEMENT_3D('',#15363,#12779,#12780);
#10404=AXIS2_PLACEMENT_3D('',#15366,#12782,#12783);
#10405=AXIS2_PLACEMENT_3D('',#15367,#12784,#12785);
#10406=AXIS2_PLACEMENT_3D('',#15368,#12786,#12787);
#10407=AXIS2_PLACEMENT_3D('',#15369,#12788,#12789);
#10408=AXIS2_PLACEMENT_3D('',#15370,#12790,#12791);
#10409=AXIS2_PLACEMENT_3D('',#15372,#12792,#12793);
#10410=AXIS2_PLACEMENT_3D('',#15375,#12795,#12796);
#10411=AXIS2_PLACEMENT_3D('',#15376,#12797,#12798);
#10412=AXIS2_PLACEMENT_3D('',#15377,#12799,#12800);
#10413=AXIS2_PLACEMENT_3D('',#15378,#12801,#12802);
#10414=AXIS2_PLACEMENT_3D('',#15379,#12803,#12804);
#10415=AXIS2_PLACEMENT_3D('',#15381,#12805,#12806);
#10416=AXIS2_PLACEMENT_3D('',#15384,#12808,#12809);
#10417=AXIS2_PLACEMENT_3D('',#15385,#12810,#12811);
#10418=AXIS2_PLACEMENT_3D('',#15387,#12812,#12813);
#10419=AXIS2_PLACEMENT_3D('',#15390,#12815,#12816);
#10420=AXIS2_PLACEMENT_3D('',#15391,#12817,#12818);
#10421=AXIS2_PLACEMENT_3D('',#15393,#12819,#12820);
#10422=AXIS2_PLACEMENT_3D('',#15396,#12822,#12823);
#10423=AXIS2_PLACEMENT_3D('',#15397,#12824,#12825);
#10424=AXIS2_PLACEMENT_3D('',#15399,#12826,#12827);
#10425=AXIS2_PLACEMENT_3D('',#15402,#12829,#12830);
#10426=AXIS2_PLACEMENT_3D('',#15403,#12831,#12832);
#10427=AXIS2_PLACEMENT_3D('',#15412,#12837,#12838);
#10428=AXIS2_PLACEMENT_3D('',#15418,#12842,#12843);
#10429=AXIS2_PLACEMENT_3D('',#15424,#12847,#12848);
#10430=AXIS2_PLACEMENT_3D('',#15427,#12851,#12852);
#10431=AXIS2_PLACEMENT_3D('',#15428,#12853,#12854);
#10432=AXIS2_PLACEMENT_3D('',#15429,#12855,#12856);
#10433=AXIS2_PLACEMENT_3D('',#15430,#12857,#12858);
#10434=AXIS2_PLACEMENT_3D('',#15432,#12859,#12860);
#10435=AXIS2_PLACEMENT_3D('',#15435,#12862,#12863);
#10436=AXIS2_PLACEMENT_3D('',#15436,#12864,#12865);
#10437=AXIS2_PLACEMENT_3D('',#15438,#12866,#12867);
#10438=AXIS2_PLACEMENT_3D('',#15441,#12869,#12870);
#10439=AXIS2_PLACEMENT_3D('',#15442,#12871,#12872);
#10440=AXIS2_PLACEMENT_3D('',#15443,#12873,#12874);
#10441=AXIS2_PLACEMENT_3D('',#15444,#12875,#12876);
#10442=AXIS2_PLACEMENT_3D('',#15445,#12877,#12878);
#10443=AXIS2_PLACEMENT_3D('',#15454,#12883,#12884);
#10444=AXIS2_PLACEMENT_3D('',#15463,#12889,#12890);
#10445=AXIS2_PLACEMENT_3D('',#15464,#12891,#12892);
#10446=AXIS2_PLACEMENT_3D('',#15465,#12893,#12894);
#10447=AXIS2_PLACEMENT_3D('',#15466,#12895,#12896);
#10448=AXIS2_PLACEMENT_3D('',#15467,#12897,#12898);
#10449=AXIS2_PLACEMENT_3D('',#15468,#12899,#12900);
#10450=AXIS2_PLACEMENT_3D('',#15469,#12901,#12902);
#10451=AXIS2_PLACEMENT_3D('',#15470,#12903,#12904);
#10452=AXIS2_PLACEMENT_3D('',#15471,#12905,#12906);
#10453=AXIS2_PLACEMENT_3D('',#15472,#12907,#12908);
#10454=AXIS2_PLACEMENT_3D('',#15474,#12909,#12910);
#10455=AXIS2_PLACEMENT_3D('',#15477,#12912,#12913);
#10456=AXIS2_PLACEMENT_3D('',#15478,#12914,#12915);
#10457=AXIS2_PLACEMENT_3D('',#15480,#12916,#12917);
#10458=AXIS2_PLACEMENT_3D('',#15483,#12919,#12920);
#10459=AXIS2_PLACEMENT_3D('',#15484,#12921,#12922);
#10460=AXIS2_PLACEMENT_3D('',#15485,#12923,#12924);
#10461=AXIS2_PLACEMENT_3D('',#15486,#12925,#12926);
#10462=AXIS2_PLACEMENT_3D('',#15487,#12927,#12928);
#10463=AXIS2_PLACEMENT_3D('',#15489,#12929,#12930);
#10464=AXIS2_PLACEMENT_3D('',#15492,#12932,#12933);
#10465=AXIS2_PLACEMENT_3D('',#15493,#12934,#12935);
#10466=AXIS2_PLACEMENT_3D('',#15495,#12936,#12937);
#10467=AXIS2_PLACEMENT_3D('',#15498,#12939,#12940);
#10468=AXIS2_PLACEMENT_3D('',#15499,#12941,#12942);
#10469=AXIS2_PLACEMENT_3D('',#15500,#12943,#12944);
#10470=AXIS2_PLACEMENT_3D('',#15501,#12945,#12946);
#10471=AXIS2_PLACEMENT_3D('',#15502,#12947,#12948);
#10472=AXIS2_PLACEMENT_3D('',#15504,#12949,#12950);
#10473=AXIS2_PLACEMENT_3D('',#15507,#12952,#12953);
#10474=AXIS2_PLACEMENT_3D('',#15508,#12954,#12955);
#10475=AXIS2_PLACEMENT_3D('',#15510,#12956,#12957);
#10476=AXIS2_PLACEMENT_3D('',#15513,#12959,#12960);
#10477=AXIS2_PLACEMENT_3D('',#15514,#12961,#12962);
#10478=AXIS2_PLACEMENT_3D('',#15515,#12963,#12964);
#10479=AXIS2_PLACEMENT_3D('',#15516,#12965,#12966);
#10480=AXIS2_PLACEMENT_3D('',#15517,#12967,#12968);
#10481=AXIS2_PLACEMENT_3D('',#15519,#12969,#12970);
#10482=AXIS2_PLACEMENT_3D('',#15522,#12972,#12973);
#10483=AXIS2_PLACEMENT_3D('',#15523,#12974,#12975);
#10484=AXIS2_PLACEMENT_3D('',#15525,#12976,#12977);
#10485=AXIS2_PLACEMENT_3D('',#15528,#12979,#12980);
#10486=AXIS2_PLACEMENT_3D('',#15529,#12981,#12982);
#10487=AXIS2_PLACEMENT_3D('',#15530,#12983,#12984);
#10488=AXIS2_PLACEMENT_3D('',#15531,#12985,#12986);
#10489=AXIS2_PLACEMENT_3D('',#15532,#12987,#12988);
#10490=AXIS2_PLACEMENT_3D('',#15534,#12989,#12990);
#10491=AXIS2_PLACEMENT_3D('',#15537,#12992,#12993);
#10492=AXIS2_PLACEMENT_3D('',#15538,#12994,#12995);
#10493=AXIS2_PLACEMENT_3D('',#15539,#12996,#12997);
#10494=AXIS2_PLACEMENT_3D('',#15540,#12998,#12999);
#10495=AXIS2_PLACEMENT_3D('',#15541,#13000,#13001);
#10496=AXIS2_PLACEMENT_3D('',#15543,#13002,#13003);
#10497=AXIS2_PLACEMENT_3D('',#15546,#13005,#13006);
#10498=AXIS2_PLACEMENT_3D('',#15547,#13007,#13008);
#10499=AXIS2_PLACEMENT_3D('',#15548,#13009,#13010);
#10500=AXIS2_PLACEMENT_3D('',#15549,#13011,#13012);
#10501=AXIS2_PLACEMENT_3D('',#15550,#13013,#13014);
#10502=AXIS2_PLACEMENT_3D('',#15552,#13015,#13016);
#10503=AXIS2_PLACEMENT_3D('',#15555,#13018,#13019);
#10504=AXIS2_PLACEMENT_3D('',#15556,#13020,#13021);
#10505=AXIS2_PLACEMENT_3D('',#15558,#13022,#13023);
#10506=AXIS2_PLACEMENT_3D('',#15561,#13025,#13026);
#10507=AXIS2_PLACEMENT_3D('',#15562,#13027,#13028);
#10508=AXIS2_PLACEMENT_3D('',#15571,#13033,#13034);
#10509=AXIS2_PLACEMENT_3D('',#15577,#13038,#13039);
#10510=AXIS2_PLACEMENT_3D('',#15583,#13043,#13044);
#10511=AXIS2_PLACEMENT_3D('',#15586,#13047,#13048);
#10512=AXIS2_PLACEMENT_3D('',#15587,#13049,#13050);
#10513=AXIS2_PLACEMENT_3D('',#15588,#13051,#13052);
#10514=AXIS2_PLACEMENT_3D('',#15589,#13053,#13054);
#10515=AXIS2_PLACEMENT_3D('',#15591,#13055,#13056);
#10516=AXIS2_PLACEMENT_3D('',#15594,#13058,#13059);
#10517=AXIS2_PLACEMENT_3D('',#15595,#13060,#13061);
#10518=AXIS2_PLACEMENT_3D('',#15597,#13062,#13063);
#10519=AXIS2_PLACEMENT_3D('',#15600,#13065,#13066);
#10520=AXIS2_PLACEMENT_3D('',#15601,#13067,#13068);
#10521=AXIS2_PLACEMENT_3D('',#15610,#13073,#13074);
#10522=AXIS2_PLACEMENT_3D('',#15616,#13078,#13079);
#10523=AXIS2_PLACEMENT_3D('',#15622,#13083,#13084);
#10524=AXIS2_PLACEMENT_3D('',#15625,#13087,#13088);
#10525=AXIS2_PLACEMENT_3D('',#15626,#13089,#13090);
#10526=AXIS2_PLACEMENT_3D('',#15627,#13091,#13092);
#10527=AXIS2_PLACEMENT_3D('',#15628,#13093,#13094);
#10528=AXIS2_PLACEMENT_3D('',#15637,#13099,#13100);
#10529=AXIS2_PLACEMENT_3D('',#15643,#13104,#13105);
#10530=AXIS2_PLACEMENT_3D('',#15649,#13109,#13110);
#10531=AXIS2_PLACEMENT_3D('',#15652,#13113,#13114);
#10532=AXIS2_PLACEMENT_3D('',#15653,#13115,#13116);
#10533=AXIS2_PLACEMENT_3D('',#15654,#13117,#13118);
#10534=AXIS2_PLACEMENT_3D('',#15655,#13119,#13120);
#10535=AXIS2_PLACEMENT_3D('',#15657,#13121,#13122);
#10536=AXIS2_PLACEMENT_3D('',#15660,#13124,#13125);
#10537=AXIS2_PLACEMENT_3D('',#15661,#13126,#13127);
#10538=AXIS2_PLACEMENT_3D('',#15663,#13128,#13129);
#10539=AXIS2_PLACEMENT_3D('',#15666,#13131,#13132);
#10540=AXIS2_PLACEMENT_3D('',#15667,#13133,#13134);
#10541=AXIS2_PLACEMENT_3D('',#15668,#13135,#13136);
#10542=AXIS2_PLACEMENT_3D('',#15669,#13137,#13138);
#10543=AXIS2_PLACEMENT_3D('',#15670,#13139,#13140);
#10544=AXIS2_PLACEMENT_3D('',#15672,#13141,#13142);
#10545=AXIS2_PLACEMENT_3D('',#15675,#13144,#13145);
#10546=AXIS2_PLACEMENT_3D('',#15676,#13146,#13147);
#10547=AXIS2_PLACEMENT_3D('',#15678,#13148,#13149);
#10548=AXIS2_PLACEMENT_3D('',#15681,#13151,#13152);
#10549=AXIS2_PLACEMENT_3D('',#15682,#13153,#13154);
#10550=AXIS2_PLACEMENT_3D('',#15683,#13155,#13156);
#10551=AXIS2_PLACEMENT_3D('',#15684,#13157,#13158);
#10552=AXIS2_PLACEMENT_3D('',#15685,#13159,#13160);
#10553=AXIS2_PLACEMENT_3D('',#15687,#13161,#13162);
#10554=AXIS2_PLACEMENT_3D('',#15690,#13164,#13165);
#10555=AXIS2_PLACEMENT_3D('',#15691,#13166,#13167);
#10556=AXIS2_PLACEMENT_3D('',#15693,#13168,#13169);
#10557=AXIS2_PLACEMENT_3D('',#15696,#13171,#13172);
#10558=AXIS2_PLACEMENT_3D('',#15697,#13173,#13174);
#10559=AXIS2_PLACEMENT_3D('',#15698,#13175,#13176);
#10560=AXIS2_PLACEMENT_3D('',#15699,#13177,#13178);
#10561=AXIS2_PLACEMENT_3D('',#15700,#13179,#13180);
#10562=AXIS2_PLACEMENT_3D('',#15701,#13181,#13182);
#10563=AXIS2_PLACEMENT_3D('',#15702,#13183,#13184);
#10564=AXIS2_PLACEMENT_3D('',#15703,#13185,#13186);
#10565=AXIS2_PLACEMENT_3D('',#15704,#13187,#13188);
#10566=AXIS2_PLACEMENT_3D('',#15705,#13189,#13190);
#10567=AXIS2_PLACEMENT_3D('',#15706,#13191,#13192);
#10568=AXIS2_PLACEMENT_3D('',#15707,#13193,#13194);
#10569=AXIS2_PLACEMENT_3D('',#15708,#13195,#13196);
#10570=AXIS2_PLACEMENT_3D('',#15709,#13197,#13198);
#10571=AXIS2_PLACEMENT_3D('',#15710,#13199,#13200);
#10572=AXIS2_PLACEMENT_3D('',#15711,#13201,#13202);
#10573=AXIS2_PLACEMENT_3D('',#15712,#13203,#13204);
#10574=AXIS2_PLACEMENT_3D('',#15713,#13205,#13206);
#10575=AXIS2_PLACEMENT_3D('',#15714,#13207,#13208);
#10576=AXIS2_PLACEMENT_3D('',#15715,#13209,#13210);
#10577=AXIS2_PLACEMENT_3D('',#15716,#13211,#13212);
#10578=AXIS2_PLACEMENT_3D('',#15717,#13213,#13214);
#10579=AXIS2_PLACEMENT_3D('',#15718,#13215,#13216);
#10580=AXIS2_PLACEMENT_3D('',#15719,#13217,#13218);
#10581=AXIS2_PLACEMENT_3D('',#15720,#13219,#13220);
#10582=AXIS2_PLACEMENT_3D('',#15721,#13221,#13222);
#10583=AXIS2_PLACEMENT_3D('',#15722,#13223,#13224);
#10584=AXIS2_PLACEMENT_3D('',#15723,#13225,#13226);
#10585=AXIS2_PLACEMENT_3D('',#15724,#13227,#13228);
#10586=AXIS2_PLACEMENT_3D('',#15725,#13229,#13230);
#10587=AXIS2_PLACEMENT_3D('',#15726,#13231,#13232);
#10588=AXIS2_PLACEMENT_3D('',#15727,#13233,#13234);
#10589=AXIS2_PLACEMENT_3D('',#15728,#13235,#13236);
#10590=AXIS2_PLACEMENT_3D('',#15729,#13237,#13238);
#10591=AXIS2_PLACEMENT_3D('',#15730,#13239,#13240);
#10592=AXIS2_PLACEMENT_3D('',#15731,#13241,#13242);
#10593=AXIS2_PLACEMENT_3D('',#15732,#13243,#13244);
#10594=AXIS2_PLACEMENT_3D('',#15733,#13245,#13246);
#10595=AXIS2_PLACEMENT_3D('',#15734,#13247,#13248);
#10596=DIRECTION('axis',(0.,0.,1.));
#10597=DIRECTION('refdir',(1.,0.,0.));
#10598=DIRECTION('axis',(0.,0.,1.));
#10599=DIRECTION('refdir',(1.,0.,0.));
#10600=DIRECTION('center_axis',(0.,0.,1.));
#10601=DIRECTION('ref_axis',(-1.,0.,0.));
#10602=DIRECTION('center_axis',(0.,0.,1.));
#10603=DIRECTION('ref_axis',(-1.,0.,0.));
#10604=DIRECTION('',(0.,0.,1.));
#10605=DIRECTION('center_axis',(0.,0.,-1.));
#10606=DIRECTION('ref_axis',(-1.,0.,0.));
#10607=DIRECTION('center_axis',(0.,0.,1.));
#10608=DIRECTION('ref_axis',(-1.,0.,0.));
#10609=DIRECTION('center_axis',(0.,0.,1.));
#10610=DIRECTION('ref_axis',(-1.,0.,0.));
#10611=DIRECTION('',(0.,0.,1.));
#10612=DIRECTION('center_axis',(0.,0.,-1.));
#10613=DIRECTION('ref_axis',(-1.,0.,0.));
#10614=DIRECTION('center_axis',(0.,0.,1.));
#10615=DIRECTION('ref_axis',(-1.,0.,0.));
#10616=DIRECTION('center_axis',(0.,0.,1.));
#10617=DIRECTION('ref_axis',(-1.,0.,0.));
#10618=DIRECTION('',(0.,0.,1.));
#10619=DIRECTION('center_axis',(0.,0.,-1.));
#10620=DIRECTION('ref_axis',(-1.,0.,0.));
#10621=DIRECTION('center_axis',(0.,0.,1.));
#10622=DIRECTION('ref_axis',(-1.,0.,0.));
#10623=DIRECTION('center_axis',(0.,0.,1.));
#10624=DIRECTION('ref_axis',(-1.,0.,0.));
#10625=DIRECTION('',(0.,0.,1.));
#10626=DIRECTION('center_axis',(0.,0.,-1.));
#10627=DIRECTION('ref_axis',(-1.,0.,0.));
#10628=DIRECTION('center_axis',(0.,0.,1.));
#10629=DIRECTION('ref_axis',(-1.,0.,0.));
#10630=DIRECTION('center_axis',(0.,0.,1.));
#10631=DIRECTION('ref_axis',(-1.,0.,0.));
#10632=DIRECTION('',(0.,0.,1.));
#10633=DIRECTION('center_axis',(0.,0.,-1.));
#10634=DIRECTION('ref_axis',(-1.,0.,0.));
#10635=DIRECTION('center_axis',(0.,0.,1.));
#10636=DIRECTION('ref_axis',(-1.,0.,0.));
#10637=DIRECTION('center_axis',(0.,0.,1.));
#10638=DIRECTION('ref_axis',(-1.,0.,0.));
#10639=DIRECTION('',(0.,0.,1.));
#10640=DIRECTION('center_axis',(0.,0.,-1.));
#10641=DIRECTION('ref_axis',(-1.,0.,0.));
#10642=DIRECTION('center_axis',(0.,0.,1.));
#10643=DIRECTION('ref_axis',(-1.,0.,0.));
#10644=DIRECTION('center_axis',(0.,0.,1.));
#10645=DIRECTION('ref_axis',(-1.,0.,0.));
#10646=DIRECTION('',(0.,0.,1.));
#10647=DIRECTION('center_axis',(0.,0.,-1.));
#10648=DIRECTION('ref_axis',(-1.,0.,0.));
#10649=DIRECTION('center_axis',(0.,0.,1.));
#10650=DIRECTION('ref_axis',(-1.,0.,0.));
#10651=DIRECTION('center_axis',(0.,0.,1.));
#10652=DIRECTION('ref_axis',(-1.,0.,0.));
#10653=DIRECTION('',(0.,0.,-1.));
#10654=DIRECTION('center_axis',(0.,0.,-1.));
#10655=DIRECTION('ref_axis',(-1.,0.,0.));
#10656=DIRECTION('center_axis',(0.,0.,1.));
#10657=DIRECTION('ref_axis',(1.,0.,0.));
#10658=DIRECTION('center_axis',(0.,0.,1.));
#10659=DIRECTION('ref_axis',(1.,0.,0.));
#10660=DIRECTION('axis',(0.,0.,1.));
#10661=DIRECTION('refdir',(1.,0.,0.));
#10662=DIRECTION('center_axis',(-1.,0.,0.));
#10663=DIRECTION('ref_axis',(0.,-1.,0.));
#10664=DIRECTION('',(0.,0.,1.));
#10665=DIRECTION('',(0.,-1.,0.));
#10666=DIRECTION('',(0.,0.,1.));
#10667=DIRECTION('',(0.,1.,0.));
#10668=DIRECTION('center_axis',(0.,1.,0.));
#10669=DIRECTION('ref_axis',(-1.,0.,0.));
#10670=DIRECTION('',(-1.,0.,0.));
#10671=DIRECTION('',(0.,0.,1.));
#10672=DIRECTION('',(1.,0.,0.));
#10673=DIRECTION('center_axis',(1.,0.,0.));
#10674=DIRECTION('ref_axis',(0.,1.,0.));
#10675=DIRECTION('',(0.,0.,-1.));
#10676=DIRECTION('',(0.,-1.,0.));
#10677=DIRECTION('',(0.,1.,0.));
#10678=DIRECTION('center_axis',(0.,0.,1.));
#10679=DIRECTION('ref_axis',(1.,0.,0.));
#10680=DIRECTION('center_axis',(0.,0.,1.));
#10681=DIRECTION('ref_axis',(-1.,0.,0.));
#10682=DIRECTION('center_axis',(0.,0.,-1.));
#10683=DIRECTION('ref_axis',(-1.,0.,0.));
#10684=DIRECTION('center_axis',(0.,0.,-1.));
#10685=DIRECTION('ref_axis',(-1.,0.,0.));
#10686=DIRECTION('center_axis',(0.,0.,-1.));
#10687=DIRECTION('ref_axis',(-1.,0.,0.));
#10688=DIRECTION('center_axis',(0.,0.,-1.));
#10689=DIRECTION('ref_axis',(-1.,0.,0.));
#10690=DIRECTION('center_axis',(0.,0.,-1.));
#10691=DIRECTION('ref_axis',(-1.,0.,0.));
#10692=DIRECTION('center_axis',(0.,0.,1.));
#10693=DIRECTION('ref_axis',(-1.,0.,0.));
#10694=DIRECTION('center_axis',(0.,0.,1.));
#10695=DIRECTION('ref_axis',(-1.,0.,0.));
#10696=DIRECTION('',(0.,0.,1.));
#10697=DIRECTION('center_axis',(0.,0.,1.));
#10698=DIRECTION('ref_axis',(-1.,0.,0.));
#10699=DIRECTION('center_axis',(0.,0.,1.));
#10700=DIRECTION('ref_axis',(-1.,0.,0.));
#10701=DIRECTION('',(0.,0.,1.));
#10702=DIRECTION('center_axis',(0.,0.,1.));
#10703=DIRECTION('ref_axis',(-1.,0.,0.));
#10704=DIRECTION('center_axis',(0.,0.,1.));
#10705=DIRECTION('ref_axis',(-1.,0.,0.));
#10706=DIRECTION('',(0.,0.,1.));
#10707=DIRECTION('center_axis',(0.,0.,1.));
#10708=DIRECTION('ref_axis',(-1.,0.,0.));
#10709=DIRECTION('center_axis',(0.,0.,1.));
#10710=DIRECTION('ref_axis',(-1.,0.,0.));
#10711=DIRECTION('',(0.,0.,1.));
#10712=DIRECTION('center_axis',(0.,0.,1.));
#10713=DIRECTION('ref_axis',(-1.,0.,0.));
#10714=DIRECTION('center_axis',(0.,0.,1.));
#10715=DIRECTION('ref_axis',(-1.,0.,0.));
#10716=DIRECTION('',(0.,0.,1.));
#10717=DIRECTION('center_axis',(0.,0.,-1.));
#10718=DIRECTION('ref_axis',(-1.,0.,0.));
#10719=DIRECTION('center_axis',(0.,0.,1.));
#10720=DIRECTION('ref_axis',(-1.,0.,0.));
#10721=DIRECTION('center_axis',(0.,0.,1.));
#10722=DIRECTION('ref_axis',(-1.,0.,0.));
#10723=DIRECTION('',(0.,0.,1.));
#10724=DIRECTION('center_axis',(0.,0.,-1.));
#10725=DIRECTION('ref_axis',(-1.,0.,0.));
#10726=DIRECTION('center_axis',(0.,0.,1.));
#10727=DIRECTION('ref_axis',(-1.,0.,0.));
#10728=DIRECTION('center_axis',(0.,0.,1.));
#10729=DIRECTION('ref_axis',(-1.,0.,0.));
#10730=DIRECTION('',(0.,0.,1.));
#10731=DIRECTION('center_axis',(0.,0.,-1.));
#10732=DIRECTION('ref_axis',(-1.,0.,0.));
#10733=DIRECTION('center_axis',(0.,0.,1.));
#10734=DIRECTION('ref_axis',(-1.,0.,0.));
#10735=DIRECTION('center_axis',(0.,0.,1.));
#10736=DIRECTION('ref_axis',(-1.,0.,0.));
#10737=DIRECTION('',(0.,0.,1.));
#10738=DIRECTION('center_axis',(0.,0.,-1.));
#10739=DIRECTION('ref_axis',(-1.,0.,0.));
#10740=DIRECTION('center_axis',(0.,0.,1.));
#10741=DIRECTION('ref_axis',(1.,0.,0.));
#10742=DIRECTION('center_axis',(0.,0.,-1.));
#10743=DIRECTION('ref_axis',(-1.,0.,0.));
#10744=DIRECTION('center_axis',(0.,0.,-1.));
#10745=DIRECTION('ref_axis',(-1.,0.,0.));
#10746=DIRECTION('center_axis',(0.,0.,1.));
#10747=DIRECTION('ref_axis',(-1.,0.,0.));
#10748=DIRECTION('',(0.,0.,-1.));
#10749=DIRECTION('center_axis',(0.,0.,1.));
#10750=DIRECTION('ref_axis',(1.,0.,0.));
#10751=DIRECTION('center_axis',(0.,0.,-1.));
#10752=DIRECTION('ref_axis',(-1.,0.,0.));
#10753=DIRECTION('center_axis',(0.,0.,-1.));
#10754=DIRECTION('ref_axis',(-1.,0.,0.));
#10755=DIRECTION('center_axis',(0.,0.,1.));
#10756=DIRECTION('ref_axis',(1.,0.,0.));
#10757=DIRECTION('center_axis',(0.,0.,1.));
#10758=DIRECTION('ref_axis',(-1.,0.,0.));
#10759=DIRECTION('center_axis',(0.,0.,1.));
#10760=DIRECTION('ref_axis',(-1.,0.,0.));
#10761=DIRECTION('center_axis',(0.,0.,1.));
#10762=DIRECTION('ref_axis',(-1.,0.,0.));
#10763=DIRECTION('',(0.,0.,-1.));
#10764=DIRECTION('center_axis',(0.,0.,1.));
#10765=DIRECTION('ref_axis',(-1.,0.,0.));
#10766=DIRECTION('',(0.,0.,-1.));
#10767=DIRECTION('center_axis',(0.,0.,1.));
#10768=DIRECTION('ref_axis',(-6.12323399573677E-17,-1.,0.));
#10769=DIRECTION('center_axis',(0.,0.,1.));
#10770=DIRECTION('ref_axis',(-1.,0.,0.));
#10771=DIRECTION('center_axis',(0.,0.,1.));
#10772=DIRECTION('ref_axis',(-1.,0.,0.));
#10773=DIRECTION('',(0.,0.,-1.));
#10774=DIRECTION('center_axis',(0.,0.,-1.));
#10775=DIRECTION('ref_axis',(-1.,0.,0.));
#10776=DIRECTION('center_axis',(0.,0.,1.));
#10777=DIRECTION('ref_axis',(1.,0.,0.));
#10778=DIRECTION('axis',(0.,0.,1.));
#10779=DIRECTION('refdir',(1.,0.,0.));
#10780=DIRECTION('center_axis',(0.,0.,1.));
#10781=DIRECTION('ref_axis',(-1.,0.,0.));
#10782=DIRECTION('center_axis',(0.,0.,1.));
#10783=DIRECTION('ref_axis',(-1.,0.,0.));
#10784=DIRECTION('',(0.,0.,1.));
#10785=DIRECTION('center_axis',(0.,0.,-1.));
#10786=DIRECTION('ref_axis',(-1.,0.,0.));
#10787=DIRECTION('center_axis',(0.,0.,1.));
#10788=DIRECTION('ref_axis',(-1.,0.,0.));
#10789=DIRECTION('center_axis',(0.,0.,1.));
#10790=DIRECTION('ref_axis',(-1.,0.,0.));
#10791=DIRECTION('',(0.,0.,1.));
#10792=DIRECTION('center_axis',(0.,0.,-1.));
#10793=DIRECTION('ref_axis',(-1.,0.,0.));
#10794=DIRECTION('center_axis',(0.,0.,1.));
#10795=DIRECTION('ref_axis',(-1.,0.,0.));
#10796=DIRECTION('center_axis',(0.,0.,1.));
#10797=DIRECTION('ref_axis',(-1.,0.,0.));
#10798=DIRECTION('',(0.,0.,1.));
#10799=DIRECTION('center_axis',(0.,0.,-1.));
#10800=DIRECTION('ref_axis',(-1.,0.,0.));
#10801=DIRECTION('center_axis',(0.,0.,1.));
#10802=DIRECTION('ref_axis',(-1.,0.,0.));
#10803=DIRECTION('center_axis',(0.,0.,1.));
#10804=DIRECTION('ref_axis',(-1.,0.,0.));
#10805=DIRECTION('',(0.,0.,1.));
#10806=DIRECTION('center_axis',(0.,0.,-1.));
#10807=DIRECTION('ref_axis',(-1.,0.,0.));
#10808=DIRECTION('center_axis',(0.,0.,1.));
#10809=DIRECTION('ref_axis',(-1.,0.,0.));
#10810=DIRECTION('center_axis',(0.,0.,1.));
#10811=DIRECTION('ref_axis',(-1.,0.,0.));
#10812=DIRECTION('',(0.,0.,1.));
#10813=DIRECTION('center_axis',(0.,0.,-1.));
#10814=DIRECTION('ref_axis',(-1.,0.,0.));
#10815=DIRECTION('center_axis',(0.,0.,1.));
#10816=DIRECTION('ref_axis',(-1.,0.,0.));
#10817=DIRECTION('center_axis',(0.,0.,1.));
#10818=DIRECTION('ref_axis',(-1.,0.,0.));
#10819=DIRECTION('',(0.,0.,1.));
#10820=DIRECTION('center_axis',(0.,0.,-1.));
#10821=DIRECTION('ref_axis',(-1.,0.,0.));
#10822=DIRECTION('center_axis',(0.,0.,1.));
#10823=DIRECTION('ref_axis',(-1.,0.,0.));
#10824=DIRECTION('center_axis',(0.,0.,1.));
#10825=DIRECTION('ref_axis',(-1.,0.,0.));
#10826=DIRECTION('',(0.,0.,1.));
#10827=DIRECTION('center_axis',(0.,0.,-1.));
#10828=DIRECTION('ref_axis',(-1.,0.,0.));
#10829=DIRECTION('center_axis',(0.,0.,1.));
#10830=DIRECTION('ref_axis',(-1.,0.,0.));
#10831=DIRECTION('center_axis',(0.,0.,1.));
#10832=DIRECTION('ref_axis',(-1.,0.,0.));
#10833=DIRECTION('',(0.,0.,1.));
#10834=DIRECTION('center_axis',(0.,0.,-1.));
#10835=DIRECTION('ref_axis',(-1.,0.,0.));
#10836=DIRECTION('center_axis',(0.,0.,1.));
#10837=DIRECTION('ref_axis',(-1.,0.,0.));
#10838=DIRECTION('center_axis',(0.,0.,1.));
#10839=DIRECTION('ref_axis',(-1.,0.,0.));
#10840=DIRECTION('',(0.,0.,1.));
#10841=DIRECTION('center_axis',(0.,0.,-1.));
#10842=DIRECTION('ref_axis',(-1.,0.,0.));
#10843=DIRECTION('center_axis',(0.,0.,1.));
#10844=DIRECTION('ref_axis',(-1.,0.,0.));
#10845=DIRECTION('center_axis',(0.,0.,1.));
#10846=DIRECTION('ref_axis',(-1.,0.,0.));
#10847=DIRECTION('',(0.,0.,1.));
#10848=DIRECTION('center_axis',(0.,0.,-1.));
#10849=DIRECTION('ref_axis',(-1.,0.,0.));
#10850=DIRECTION('center_axis',(0.,0.,1.));
#10851=DIRECTION('ref_axis',(-1.,0.,0.));
#10852=DIRECTION('center_axis',(0.,0.,1.));
#10853=DIRECTION('ref_axis',(-1.,0.,0.));
#10854=DIRECTION('',(0.,0.,1.));
#10855=DIRECTION('center_axis',(0.,0.,-1.));
#10856=DIRECTION('ref_axis',(-1.,0.,0.));
#10857=DIRECTION('center_axis',(0.,0.,1.));
#10858=DIRECTION('ref_axis',(-1.,0.,0.));
#10859=DIRECTION('',(0.,0.,1.));
#10860=DIRECTION('center_axis',(0.,0.,-1.));
#10861=DIRECTION('ref_axis',(-1.,0.,0.));
#10862=DIRECTION('',(0.,0.,-1.));
#10863=DIRECTION('center_axis',(0.,0.,1.));
#10864=DIRECTION('ref_axis',(-1.,0.,0.));
#10865=DIRECTION('center_axis',(0.,0.,1.));
#10866=DIRECTION('ref_axis',(-1.,0.,0.));
#10867=DIRECTION('',(0.,0.,-1.));
#10868=DIRECTION('center_axis',(0.,0.,1.));
#10869=DIRECTION('ref_axis',(-1.,0.,0.));
#10870=DIRECTION('',(0.,0.,1.));
#10871=DIRECTION('center_axis',(0.,0.,-1.));
#10872=DIRECTION('ref_axis',(-1.,0.,0.));
#10873=DIRECTION('center_axis',(0.,0.,1.));
#10874=DIRECTION('ref_axis',(-1.,0.,0.));
#10875=DIRECTION('',(0.,0.,1.));
#10876=DIRECTION('center_axis',(0.,0.,-1.));
#10877=DIRECTION('ref_axis',(-1.,0.,0.));
#10878=DIRECTION('',(0.,0.,-1.));
#10879=DIRECTION('center_axis',(0.,0.,1.));
#10880=DIRECTION('ref_axis',(-1.,0.,0.));
#10881=DIRECTION('center_axis',(0.,0.,1.));
#10882=DIRECTION('ref_axis',(-1.,0.,0.));
#10883=DIRECTION('',(0.,0.,-1.));
#10884=DIRECTION('center_axis',(0.,0.,1.));
#10885=DIRECTION('ref_axis',(-1.,0.,0.));
#10886=DIRECTION('',(0.,0.,1.));
#10887=DIRECTION('center_axis',(0.,0.,-1.));
#10888=DIRECTION('ref_axis',(-1.,0.,0.));
#10889=DIRECTION('center_axis',(0.,-1.,0.));
#10890=DIRECTION('ref_axis',(1.,0.,0.));
#10891=DIRECTION('',(1.,0.,0.));
#10892=DIRECTION('',(0.,0.,-1.));
#10893=DIRECTION('',(1.,0.,0.));
#10894=DIRECTION('center_axis',(1.,0.,0.));
#10895=DIRECTION('ref_axis',(0.,1.,0.));
#10896=DIRECTION('',(0.,1.,0.));
#10897=DIRECTION('',(0.,0.,-1.));
#10898=DIRECTION('',(0.,1.,0.));
#10899=DIRECTION('center_axis',(-1.,0.,0.));
#10900=DIRECTION('ref_axis',(0.,-1.,0.));
#10901=DIRECTION('',(0.,-1.,0.));
#10902=DIRECTION('',(0.,0.,-1.));
#10903=DIRECTION('',(0.,-1.,0.));
#10904=DIRECTION('center_axis',(0.,1.,0.));
#10905=DIRECTION('ref_axis',(-1.,0.,0.));
#10906=DIRECTION('',(-1.,0.,0.));
#10907=DIRECTION('',(0.,0.,-1.));
#10908=DIRECTION('',(-1.,0.,0.));
#10909=DIRECTION('center_axis',(0.,1.,0.));
#10910=DIRECTION('ref_axis',(-1.,0.,0.));
#10911=DIRECTION('',(-1.,0.,0.));
#10912=DIRECTION('',(0.,0.,1.));
#10913=DIRECTION('',(-1.,0.,0.));
#10914=DIRECTION('',(0.,0.,1.));
#10915=DIRECTION('center_axis',(-1.,0.,0.));
#10916=DIRECTION('ref_axis',(0.,-1.,0.));
#10917=DIRECTION('',(0.,0.,1.));
#10918=DIRECTION('',(0.,-1.,0.));
#10919=DIRECTION('',(0.,0.,1.));
#10920=DIRECTION('',(0.,-1.,0.));
#10921=DIRECTION('center_axis',(-1.,0.,0.));
#10922=DIRECTION('ref_axis',(0.,-1.,0.));
#10923=DIRECTION('',(0.,0.,-1.));
#10924=DIRECTION('',(0.,-1.,0.));
#10925=DIRECTION('',(0.,-1.,0.));
#10926=DIRECTION('center_axis',(-1.,0.,0.));
#10927=DIRECTION('ref_axis',(0.,-1.,0.));
#10928=DIRECTION('',(0.,-1.,0.));
#10929=DIRECTION('',(0.,0.,1.));
#10930=DIRECTION('',(0.,-1.,0.));
#10931=DIRECTION('center_axis',(1.,0.,0.));
#10932=DIRECTION('ref_axis',(0.,1.,0.));
#10933=DIRECTION('',(0.,0.,-1.));
#10934=DIRECTION('',(0.,1.,0.));
#10935=DIRECTION('',(0.,0.,1.));
#10936=DIRECTION('',(0.,1.,0.));
#10937=DIRECTION('center_axis',(1.,0.,0.));
#10938=DIRECTION('ref_axis',(0.,1.,0.));
#10939=DIRECTION('',(0.,1.,0.));
#10940=DIRECTION('',(0.,0.,1.));
#10941=DIRECTION('',(0.,1.,0.));
#10942=DIRECTION('center_axis',(1.,0.,0.));
#10943=DIRECTION('ref_axis',(0.,1.,0.));
#10944=DIRECTION('',(0.,0.,1.));
#10945=DIRECTION('',(0.,1.,0.));
#10946=DIRECTION('',(0.,1.,0.));
#10947=DIRECTION('center_axis',(0.,-1.,0.));
#10948=DIRECTION('ref_axis',(1.,0.,0.));
#10949=DIRECTION('',(1.,0.,0.));
#10950=DIRECTION('',(1.,0.,0.));
#10951=DIRECTION('center_axis',(0.,1.,0.));
#10952=DIRECTION('ref_axis',(-1.,0.,0.));
#10953=DIRECTION('',(-1.,0.,0.));
#10954=DIRECTION('',(0.,0.,1.));
#10955=DIRECTION('',(-1.,0.,0.));
#10956=DIRECTION('center_axis',(0.,0.,1.));
#10957=DIRECTION('ref_axis',(-1.,0.,0.));
#10958=DIRECTION('center_axis',(0.,0.,1.));
#10959=DIRECTION('ref_axis',(-1.,0.,0.));
#10960=DIRECTION('center_axis',(0.,0.,-1.));
#10961=DIRECTION('ref_axis',(-1.,0.,0.));
#10962=DIRECTION('center_axis',(0.,0.,1.));
#10963=DIRECTION('ref_axis',(-1.,0.,0.));
#10964=DIRECTION('center_axis',(0.,0.,-1.));
#10965=DIRECTION('ref_axis',(-1.,0.,0.));
#10966=DIRECTION('center_axis',(0.,0.,1.));
#10967=DIRECTION('ref_axis',(-1.,0.,0.));
#10968=DIRECTION('center_axis',(0.,0.,1.));
#10969=DIRECTION('ref_axis',(-1.,0.,0.));
#10970=DIRECTION('center_axis',(0.,0.,1.));
#10971=DIRECTION('ref_axis',(-1.,0.,0.));
#10972=DIRECTION('',(0.,0.,-1.));
#10973=DIRECTION('center_axis',(0.,0.,-1.));
#10974=DIRECTION('ref_axis',(-1.,0.,0.));
#10975=DIRECTION('center_axis',(0.,0.,1.));
#10976=DIRECTION('ref_axis',(1.,0.,0.));
#10977=DIRECTION('',(-1.,0.,0.));
#10978=DIRECTION('',(0.,1.,0.));
#10979=DIRECTION('',(1.,0.,0.));
#10980=DIRECTION('center_axis',(0.,0.,-1.));
#10981=DIRECTION('ref_axis',(-1.,0.,0.));
#10982=DIRECTION('center_axis',(0.,0.,-1.));
#10983=DIRECTION('ref_axis',(-1.,0.,0.));
#10984=DIRECTION('',(1.,0.,0.));
#10985=DIRECTION('',(0.,-1.,0.));
#10986=DIRECTION('',(-1.,0.,0.));
#10987=DIRECTION('center_axis',(0.,0.,-1.));
#10988=DIRECTION('ref_axis',(-1.,0.,0.));
#10989=DIRECTION('center_axis',(0.,0.,1.));
#10990=DIRECTION('ref_axis',(-1.,0.,0.));
#10991=DIRECTION('',(1.,0.,0.));
#10992=DIRECTION('center_axis',(0.,0.,1.));
#10993=DIRECTION('ref_axis',(-1.,0.,0.));
#10994=DIRECTION('center_axis',(0.,0.,1.));
#10995=DIRECTION('ref_axis',(-1.,0.,0.));
#10996=DIRECTION('center_axis',(0.,0.,-1.));
#10997=DIRECTION('ref_axis',(-1.,0.,0.));
#10998=DIRECTION('center_axis',(0.,0.,1.));
#10999=DIRECTION('ref_axis',(-1.,0.,0.));
#11000=DIRECTION('',(0.,0.,1.));
#11001=DIRECTION('center_axis',(0.,0.,1.));
#11002=DIRECTION('ref_axis',(-1.,0.,0.));
#11003=DIRECTION('center_axis',(0.,0.,1.));
#11004=DIRECTION('ref_axis',(-1.,0.,0.));
#11005=DIRECTION('center_axis',(0.,0.,1.));
#11006=DIRECTION('ref_axis',(-1.,0.,0.));
#11007=DIRECTION('',(0.,0.,-1.));
#11008=DIRECTION('center_axis',(1.,0.,0.));
#11009=DIRECTION('ref_axis',(0.,1.,0.));
#11010=DIRECTION('',(0.,1.,0.));
#11011=DIRECTION('',(0.,0.,1.));
#11012=DIRECTION('',(0.,0.,1.));
#11013=DIRECTION('center_axis',(0.,1.,0.));
#11014=DIRECTION('ref_axis',(-1.,0.,0.));
#11015=DIRECTION('',(0.,0.,1.));
#11016=DIRECTION('',(0.,0.,1.));
#11017=DIRECTION('',(-1.,0.,0.));
#11018=DIRECTION('center_axis',(0.,1.,0.));
#11019=DIRECTION('ref_axis',(-1.,0.,0.));
#11020=DIRECTION('',(-1.,0.,0.));
#11021=DIRECTION('center_axis',(0.,-1.,0.));
#11022=DIRECTION('ref_axis',(1.,0.,0.));
#11023=DIRECTION('',(1.,0.,0.));
#11024=DIRECTION('',(0.,0.,1.));
#11025=DIRECTION('center_axis',(0.,-1.,0.));
#11026=DIRECTION('ref_axis',(1.,0.,0.));
#11027=DIRECTION('',(1.,0.,0.));
#11028=DIRECTION('center_axis',(-1.,0.,0.));
#11029=DIRECTION('ref_axis',(0.,-1.,0.));
#11030=DIRECTION('',(0.,-1.,0.));
#11031=DIRECTION('center_axis',(0.,-1.,0.));
#11032=DIRECTION('ref_axis',(1.,0.,0.));
#11033=DIRECTION('',(1.,0.,0.));
#11034=DIRECTION('',(0.,0.,1.));
#11035=DIRECTION('center_axis',(0.,0.,1.));
#11036=DIRECTION('ref_axis',(-1.,0.,0.));
#11037=DIRECTION('center_axis',(0.,0.,-1.));
#11038=DIRECTION('ref_axis',(-1.,0.,0.));
#11039=DIRECTION('center_axis',(0.,0.,1.));
#11040=DIRECTION('ref_axis',(1.,0.,0.));
#11041=DIRECTION('center_axis',(0.,0.,1.));
#11042=DIRECTION('ref_axis',(-1.,0.,0.));
#11043=DIRECTION('center_axis',(0.,0.,1.));
#11044=DIRECTION('ref_axis',(-1.,0.,0.));
#11045=DIRECTION('axis',(0.,0.,1.));
#11046=DIRECTION('refdir',(1.,0.,0.));
#11047=DIRECTION('center_axis',(0.,0.,1.));
#11048=DIRECTION('ref_axis',(-1.,0.,0.));
#11049=DIRECTION('center_axis',(0.,0.,-1.));
#11050=DIRECTION('ref_axis',(-1.,0.,0.));
#11051=DIRECTION('',(0.,0.,1.));
#11052=DIRECTION('center_axis',(0.,0.,-1.));
#11053=DIRECTION('ref_axis',(-1.,0.,0.));
#11054=DIRECTION('center_axis',(0.,0.,1.));
#11055=DIRECTION('ref_axis',(1.,0.,0.));
#11056=DIRECTION('center_axis',(-1.,0.,0.));
#11057=DIRECTION('ref_axis',(0.,-1.,0.));
#11058=DIRECTION('',(0.,0.,-1.));
#11059=DIRECTION('',(0.,-1.,0.));
#11060=DIRECTION('',(0.,0.,1.));
#11061=DIRECTION('',(0.,-1.,0.));
#11062=DIRECTION('center_axis',(0.,0.,1.));
#11063=DIRECTION('ref_axis',(1.,0.,0.));
#11064=DIRECTION('center_axis',(0.,0.,-1.));
#11065=DIRECTION('ref_axis',(-1.,0.,0.));
#11066=DIRECTION('',(1.,0.,0.));
#11067=DIRECTION('',(0.,1.,0.));
#11068=DIRECTION('center_axis',(1.,0.,0.));
#11069=DIRECTION('ref_axis',(0.,1.,0.));
#11070=DIRECTION('',(0.,0.,1.));
#11071=DIRECTION('',(0.,0.,1.));
#11072=DIRECTION('',(0.,1.,0.));
#11073=DIRECTION('center_axis',(0.,-1.,0.));
#11074=DIRECTION('ref_axis',(1.,0.,0.));
#11075=DIRECTION('',(1.,0.,0.));
#11076=DIRECTION('center_axis',(0.,0.,1.));
#11077=DIRECTION('ref_axis',(1.,0.,0.));
#11078=DIRECTION('center_axis',(0.,0.,1.));
#11079=DIRECTION('ref_axis',(-1.,0.,0.));
#11080=DIRECTION('center_axis',(0.,0.,1.));
#11081=DIRECTION('ref_axis',(-1.,0.,0.));
#11082=DIRECTION('center_axis',(0.,0.,-1.));
#11083=DIRECTION('ref_axis',(-1.,0.,0.));
#11084=DIRECTION('',(0.,0.,-1.));
#11085=DIRECTION('center_axis',(0.,0.,1.));
#11086=DIRECTION('ref_axis',(-1.,0.,0.));
#11087=DIRECTION('center_axis',(0.,0.,1.));
#11088=DIRECTION('ref_axis',(1.,0.,0.));
#11089=DIRECTION('center_axis',(0.,0.,-1.));
#11090=DIRECTION('ref_axis',(-1.,0.,0.));
#11091=DIRECTION('center_axis',(0.,0.,1.));
#11092=DIRECTION('ref_axis',(1.,0.,0.));
#11093=DIRECTION('center_axis',(0.,0.,1.));
#11094=DIRECTION('ref_axis',(-1.,0.,0.));
#11095=DIRECTION('center_axis',(0.,0.,1.));
#11096=DIRECTION('ref_axis',(-1.,0.,0.));
#11097=DIRECTION('center_axis',(0.,0.,1.));
#11098=DIRECTION('ref_axis',(-1.,0.,0.));
#11099=DIRECTION('',(0.,0.,-1.));
#11100=DIRECTION('center_axis',(0.,0.,1.));
#11101=DIRECTION('ref_axis',(1.,0.,0.));
#11102=DIRECTION('center_axis',(0.,0.,-1.));
#11103=DIRECTION('ref_axis',(-1.,0.,0.));
#11104=DIRECTION('center_axis',(0.,0.,-1.));
#11105=DIRECTION('ref_axis',(-1.,0.,0.));
#11106=DIRECTION('center_axis',(0.,0.,1.));
#11107=DIRECTION('ref_axis',(1.,0.,0.));
#11108=DIRECTION('center_axis',(0.,0.,1.));
#11109=DIRECTION('ref_axis',(-1.,0.,0.));
#11110=DIRECTION('center_axis',(0.,0.,1.));
#11111=DIRECTION('ref_axis',(-1.,0.,0.));
#11112=DIRECTION('center_axis',(0.,0.,1.));
#11113=DIRECTION('ref_axis',(-1.,0.,0.));
#11114=DIRECTION('',(0.,0.,-1.));
#11115=DIRECTION('center_axis',(0.,0.,1.));
#11116=DIRECTION('ref_axis',(-1.,0.,0.));
#11117=DIRECTION('',(0.,0.,-1.));
#11118=DIRECTION('center_axis',(0.,0.,1.));
#11119=DIRECTION('ref_axis',(-1.,0.,0.));
#11120=DIRECTION('',(0.,0.,-1.));
#11121=DIRECTION('center_axis',(0.,0.,-1.));
#11122=DIRECTION('ref_axis',(-1.,0.,0.));
#11123=DIRECTION('center_axis',(0.,0.,1.));
#11124=DIRECTION('ref_axis',(1.,0.,0.));
#11125=DIRECTION('center_axis',(0.,0.,1.));
#11126=DIRECTION('ref_axis',(1.,0.,0.));
#11127=DIRECTION('axis',(0.,0.,1.));
#11128=DIRECTION('refdir',(1.,0.,0.));
#11129=DIRECTION('center_axis',(-1.,0.,0.));
#11130=DIRECTION('ref_axis',(0.,-1.,0.));
#11131=DIRECTION('',(0.,-1.,0.));
#11132=DIRECTION('',(0.,0.,1.));
#11133=DIRECTION('',(0.,1.,0.));
#11134=DIRECTION('',(0.,0.,1.));
#11135=DIRECTION('center_axis',(0.,1.,0.));
#11136=DIRECTION('ref_axis',(-1.,0.,0.));
#11137=DIRECTION('',(-1.,0.,0.));
#11138=DIRECTION('',(0.,0.,-1.));
#11139=DIRECTION('',(1.,0.,0.));
#11140=DIRECTION('center_axis',(0.,-1.,0.));
#11141=DIRECTION('ref_axis',(1.,0.,0.));
#11142=DIRECTION('',(1.,0.,0.));
#11143=DIRECTION('',(-1.,0.,0.));
#11144=DIRECTION('',(0.,0.,1.));
#11145=DIRECTION('center_axis',(0.,0.,1.));
#11146=DIRECTION('ref_axis',(1.,0.,0.));
#11147=DIRECTION('',(0.,1.,0.));
#11148=DIRECTION('',(-1.,0.,0.));
#11149=DIRECTION('',(0.,-1.,0.));
#11150=DIRECTION('',(-1.,0.,0.));
#11151=DIRECTION('',(0.,1.,0.));
#11152=DIRECTION('',(-1.,0.,0.));
#11153=DIRECTION('',(0.,-1.,0.));
#11154=DIRECTION('',(1.,0.,0.));
#11155=DIRECTION('',(0.,-1.,0.));
#11156=DIRECTION('',(-1.,0.,0.));
#11157=DIRECTION('',(0.,-1.,0.));
#11158=DIRECTION('',(1.,0.,0.));
#11159=DIRECTION('',(0.,1.,0.));
#11160=DIRECTION('',(1.,0.,0.));
#11161=DIRECTION('',(0.,-1.,0.));
#11162=DIRECTION('',(1.,0.,0.));
#11163=DIRECTION('',(0.,1.,0.));
#11164=DIRECTION('center_axis',(0.,0.,-1.));
#11165=DIRECTION('ref_axis',(-1.,0.,0.));
#11166=DIRECTION('center_axis',(0.,0.,-1.));
#11167=DIRECTION('ref_axis',(-1.,0.,0.));
#11168=DIRECTION('center_axis',(0.,0.,-1.));
#11169=DIRECTION('ref_axis',(-1.,0.,0.));
#11170=DIRECTION('center_axis',(0.,0.,-1.));
#11171=DIRECTION('ref_axis',(-1.,0.,0.));
#11172=DIRECTION('center_axis',(0.,0.,-1.));
#11173=DIRECTION('ref_axis',(-1.,0.,0.));
#11174=DIRECTION('center_axis',(0.,0.,-1.));
#11175=DIRECTION('ref_axis',(-1.,0.,0.));
#11176=DIRECTION('center_axis',(0.,0.,-1.));
#11177=DIRECTION('ref_axis',(-1.,0.,0.));
#11178=DIRECTION('center_axis',(0.,0.,-1.));
#11179=DIRECTION('ref_axis',(-1.,0.,0.));
#11180=DIRECTION('center_axis',(0.,0.,-1.));
#11181=DIRECTION('ref_axis',(-1.,0.,0.));
#11182=DIRECTION('center_axis',(1.,0.,0.));
#11183=DIRECTION('ref_axis',(0.,1.,0.));
#11184=DIRECTION('',(0.,1.,0.));
#11185=DIRECTION('',(0.,0.,1.));
#11186=DIRECTION('center_axis',(-1.,0.,0.));
#11187=DIRECTION('ref_axis',(0.,-1.,0.));
#11188=DIRECTION('',(0.,-1.,0.));
#11189=DIRECTION('',(0.,0.,-1.));
#11190=DIRECTION('',(0.,0.,1.));
#11191=DIRECTION('center_axis',(1.,0.,0.));
#11192=DIRECTION('ref_axis',(0.,1.,0.));
#11193=DIRECTION('',(0.,1.,0.));
#11194=DIRECTION('',(0.,0.,1.));
#11195=DIRECTION('',(0.,0.,1.));
#11196=DIRECTION('center_axis',(0.,-1.,0.));
#11197=DIRECTION('ref_axis',(1.,0.,0.));
#11198=DIRECTION('',(1.,0.,0.));
#11199=DIRECTION('center_axis',(0.,1.,0.));
#11200=DIRECTION('ref_axis',(-1.,0.,0.));
#11201=DIRECTION('',(-1.,0.,0.));
#11202=DIRECTION('',(0.,0.,1.));
#11203=DIRECTION('center_axis',(0.,1.,0.));
#11204=DIRECTION('ref_axis',(-1.,0.,0.));
#11205=DIRECTION('',(-1.,0.,0.));
#11206=DIRECTION('center_axis',(0.,1.,0.));
#11207=DIRECTION('ref_axis',(-1.,0.,0.));
#11208=DIRECTION('',(-1.,0.,0.));
#11209=DIRECTION('',(0.,0.,1.));
#11210=DIRECTION('',(0.,0.,1.));
#11211=DIRECTION('center_axis',(1.,0.,0.));
#11212=DIRECTION('ref_axis',(0.,1.,0.));
#11213=DIRECTION('',(0.,1.,0.));
#11214=DIRECTION('',(0.,0.,1.));
#11215=DIRECTION('center_axis',(0.,-1.,0.));
#11216=DIRECTION('ref_axis',(1.,0.,0.));
#11217=DIRECTION('',(1.,0.,0.));
#11218=DIRECTION('',(0.,0.,-1.));
#11219=DIRECTION('center_axis',(-1.,0.,0.));
#11220=DIRECTION('ref_axis',(0.,-1.,0.));
#11221=DIRECTION('',(0.,-1.,0.));
#11222=DIRECTION('center_axis',(-1.,0.,0.));
#11223=DIRECTION('ref_axis',(0.,-1.,0.));
#11224=DIRECTION('',(0.,-1.,0.));
#11225=DIRECTION('',(0.,0.,1.));
#11226=DIRECTION('center_axis',(0.,0.,1.));
#11227=DIRECTION('ref_axis',(1.,0.,0.));
#11228=DIRECTION('',(0.,1.,0.));
#11229=DIRECTION('',(1.,0.,0.));
#11230=DIRECTION('',(0.,1.,0.));
#11231=DIRECTION('',(-1.,0.,0.));
#11232=DIRECTION('',(0.,-1.,0.));
#11233=DIRECTION('',(1.,0.,0.));
#11234=DIRECTION('center_axis',(0.,0.,1.));
#11235=DIRECTION('ref_axis',(-1.,0.,0.));
#11236=DIRECTION('center_axis',(0.,0.,1.));
#11237=DIRECTION('ref_axis',(-1.,0.,0.));
#11238=DIRECTION('center_axis',(0.,0.,1.));
#11239=DIRECTION('ref_axis',(-1.,0.,0.));
#11240=DIRECTION('center_axis',(0.,0.,1.));
#11241=DIRECTION('ref_axis',(-1.,0.,0.));
#11242=DIRECTION('center_axis',(0.,0.,1.));
#11243=DIRECTION('ref_axis',(-1.,0.,0.));
#11244=DIRECTION('center_axis',(0.,0.,1.));
#11245=DIRECTION('ref_axis',(-1.,0.,0.));
#11246=DIRECTION('center_axis',(0.,0.,1.));
#11247=DIRECTION('ref_axis',(-1.,0.,0.));
#11248=DIRECTION('center_axis',(0.,0.,1.));
#11249=DIRECTION('ref_axis',(-1.,0.,0.));
#11250=DIRECTION('center_axis',(0.,0.,1.));
#11251=DIRECTION('ref_axis',(-1.,0.,0.));
#11252=DIRECTION('center_axis',(-1.,0.,0.));
#11253=DIRECTION('ref_axis',(0.,-1.,0.));
#11254=DIRECTION('',(0.,0.,1.));
#11255=DIRECTION('',(0.,0.,1.));
#11256=DIRECTION('center_axis',(0.,1.,0.));
#11257=DIRECTION('ref_axis',(-1.,0.,0.));
#11258=DIRECTION('',(0.,0.,1.));
#11259=DIRECTION('center_axis',(1.,0.,0.));
#11260=DIRECTION('ref_axis',(0.,1.,0.));
#11261=DIRECTION('',(0.,0.,-1.));
#11262=DIRECTION('center_axis',(0.,-1.,0.));
#11263=DIRECTION('ref_axis',(1.,0.,0.));
#11264=DIRECTION('',(0.,0.,1.));
#11265=DIRECTION('center_axis',(0.,0.,1.));
#11266=DIRECTION('ref_axis',(-1.,0.,0.));
#11267=DIRECTION('',(0.,0.,1.));
#11268=DIRECTION('center_axis',(0.,0.,1.));
#11269=DIRECTION('ref_axis',(-1.,0.,0.));
#11270=DIRECTION('',(0.,0.,1.));
#11271=DIRECTION('center_axis',(0.,0.,1.));
#11272=DIRECTION('ref_axis',(-1.,0.,0.));
#11273=DIRECTION('',(0.,0.,1.));
#11274=DIRECTION('center_axis',(0.,0.,1.));
#11275=DIRECTION('ref_axis',(-1.,0.,0.));
#11276=DIRECTION('',(0.,0.,1.));
#11277=DIRECTION('center_axis',(0.,0.,1.));
#11278=DIRECTION('ref_axis',(-1.,0.,0.));
#11279=DIRECTION('',(0.,0.,1.));
#11280=DIRECTION('center_axis',(0.,0.,1.));
#11281=DIRECTION('ref_axis',(-1.,0.,0.));
#11282=DIRECTION('',(0.,0.,1.));
#11283=DIRECTION('center_axis',(0.,0.,1.));
#11284=DIRECTION('ref_axis',(-1.,0.,0.));
#11285=DIRECTION('',(0.,0.,1.));
#11286=DIRECTION('center_axis',(0.,0.,1.));
#11287=DIRECTION('ref_axis',(-1.,0.,0.));
#11288=DIRECTION('',(0.,0.,1.));
#11289=DIRECTION('center_axis',(0.,0.,1.));
#11290=DIRECTION('ref_axis',(-1.,0.,0.));
#11291=DIRECTION('center_axis',(0.,0.,-1.));
#11292=DIRECTION('ref_axis',(-1.,0.,0.));
#11293=DIRECTION('',(0.,0.,1.));
#11294=DIRECTION('center_axis',(0.,0.,1.));
#11295=DIRECTION('ref_axis',(1.,0.,0.));
#11296=DIRECTION('center_axis',(0.,0.,1.));
#11297=DIRECTION('ref_axis',(-1.,0.,0.));
#11298=DIRECTION('center_axis',(0.,0.,1.));
#11299=DIRECTION('ref_axis',(-1.,0.,0.));
#11300=DIRECTION('',(0.,0.,1.));
#11301=DIRECTION('center_axis',(0.,0.,1.));
#11302=DIRECTION('ref_axis',(-1.,0.,0.));
#11303=DIRECTION('center_axis',(0.,0.,1.));
#11304=DIRECTION('ref_axis',(1.,0.,0.));
#11305=DIRECTION('center_axis',(0.,0.,-1.));
#11306=DIRECTION('ref_axis',(-1.,0.,0.));
#11307=DIRECTION('center_axis',(0.,0.,1.));
#11308=DIRECTION('ref_axis',(-1.,0.,0.));
#11309=DIRECTION('',(0.,0.,1.));
#11310=DIRECTION('center_axis',(1.,0.,0.));
#11311=DIRECTION('ref_axis',(0.,1.,0.));
#11312=DIRECTION('center_axis',(0.,-1.,0.));
#11313=DIRECTION('ref_axis',(1.,0.,0.));
#11314=DIRECTION('axis',(0.,0.,1.));
#11315=DIRECTION('refdir',(1.,0.,0.));
#11316=DIRECTION('center_axis',(0.,0.,1.));
#11317=DIRECTION('ref_axis',(-1.,0.,0.));
#11318=DIRECTION('center_axis',(0.,0.,1.));
#11319=DIRECTION('ref_axis',(-1.,0.,0.));
#11320=DIRECTION('',(0.,0.,1.));
#11321=DIRECTION('center_axis',(0.,0.,-1.));
#11322=DIRECTION('ref_axis',(-1.,0.,0.));
#11323=DIRECTION('center_axis',(0.,0.,1.));
#11324=DIRECTION('ref_axis',(-1.,0.,0.));
#11325=DIRECTION('center_axis',(0.,0.,1.));
#11326=DIRECTION('ref_axis',(-1.,0.,0.));
#11327=DIRECTION('',(0.,0.,1.));
#11328=DIRECTION('center_axis',(0.,0.,-1.));
#11329=DIRECTION('ref_axis',(-1.,0.,0.));
#11330=DIRECTION('center_axis',(0.,0.,1.));
#11331=DIRECTION('ref_axis',(-1.,0.,0.));
#11332=DIRECTION('center_axis',(0.,0.,1.));
#11333=DIRECTION('ref_axis',(-1.,0.,0.));
#11334=DIRECTION('',(0.,0.,1.));
#11335=DIRECTION('center_axis',(0.,0.,-1.));
#11336=DIRECTION('ref_axis',(-1.,0.,0.));
#11337=DIRECTION('center_axis',(0.,0.,1.));
#11338=DIRECTION('ref_axis',(-1.,0.,0.));
#11339=DIRECTION('center_axis',(0.,0.,1.));
#11340=DIRECTION('ref_axis',(-1.,0.,0.));
#11341=DIRECTION('',(0.,0.,1.));
#11342=DIRECTION('center_axis',(0.,0.,-1.));
#11343=DIRECTION('ref_axis',(-1.,0.,0.));
#11344=DIRECTION('center_axis',(0.,0.,1.));
#11345=DIRECTION('ref_axis',(-1.,0.,0.));
#11346=DIRECTION('center_axis',(0.,0.,1.));
#11347=DIRECTION('ref_axis',(-1.,0.,0.));
#11348=DIRECTION('',(0.,0.,1.));
#11349=DIRECTION('center_axis',(0.,0.,-1.));
#11350=DIRECTION('ref_axis',(-1.,0.,0.));
#11351=DIRECTION('center_axis',(0.,0.,1.));
#11352=DIRECTION('ref_axis',(-1.,0.,0.));
#11353=DIRECTION('center_axis',(0.,0.,1.));
#11354=DIRECTION('ref_axis',(-1.,0.,0.));
#11355=DIRECTION('',(0.,0.,1.));
#11356=DIRECTION('center_axis',(0.,0.,-1.));
#11357=DIRECTION('ref_axis',(-1.,0.,0.));
#11358=DIRECTION('center_axis',(0.,0.,1.));
#11359=DIRECTION('ref_axis',(-1.,0.,0.));
#11360=DIRECTION('center_axis',(0.,0.,1.));
#11361=DIRECTION('ref_axis',(-1.,0.,0.));
#11362=DIRECTION('',(0.,0.,1.));
#11363=DIRECTION('center_axis',(0.,0.,-1.));
#11364=DIRECTION('ref_axis',(-1.,0.,0.));
#11365=DIRECTION('center_axis',(0.,0.,1.));
#11366=DIRECTION('ref_axis',(-1.,0.,0.));
#11367=DIRECTION('center_axis',(0.,0.,1.));
#11368=DIRECTION('ref_axis',(-1.,0.,0.));
#11369=DIRECTION('',(0.,0.,1.));
#11370=DIRECTION('center_axis',(0.,0.,-1.));
#11371=DIRECTION('ref_axis',(-1.,0.,0.));
#11372=DIRECTION('center_axis',(0.,0.,1.));
#11373=DIRECTION('ref_axis',(-1.,0.,0.));
#11374=DIRECTION('center_axis',(0.,0.,1.));
#11375=DIRECTION('ref_axis',(-1.,0.,0.));
#11376=DIRECTION('',(0.,0.,1.));
#11377=DIRECTION('center_axis',(0.,0.,-1.));
#11378=DIRECTION('ref_axis',(-1.,0.,0.));
#11379=DIRECTION('center_axis',(0.,0.,1.));
#11380=DIRECTION('ref_axis',(-1.,0.,0.));
#11381=DIRECTION('center_axis',(0.,0.,1.));
#11382=DIRECTION('ref_axis',(-1.,0.,0.));
#11383=DIRECTION('',(0.,0.,1.));
#11384=DIRECTION('center_axis',(0.,0.,-1.));
#11385=DIRECTION('ref_axis',(-1.,0.,0.));
#11386=DIRECTION('center_axis',(0.,0.,1.));
#11387=DIRECTION('ref_axis',(-1.,0.,0.));
#11388=DIRECTION('center_axis',(0.,0.,1.));
#11389=DIRECTION('ref_axis',(-1.,0.,0.));
#11390=DIRECTION('',(0.,0.,1.));
#11391=DIRECTION('center_axis',(0.,0.,-1.));
#11392=DIRECTION('ref_axis',(-1.,0.,0.));
#11393=DIRECTION('center_axis',(-1.,0.,0.));
#11394=DIRECTION('ref_axis',(0.,-1.,0.));
#11395=DIRECTION('',(0.,-1.,0.));
#11396=DIRECTION('',(0.,0.,1.));
#11397=DIRECTION('',(0.,-1.,0.));
#11398=DIRECTION('',(0.,0.,1.));
#11399=DIRECTION('center_axis',(0.,1.,0.));
#11400=DIRECTION('ref_axis',(-1.,0.,0.));
#11401=DIRECTION('',(-1.,0.,0.));
#11402=DIRECTION('',(-1.,0.,0.));
#11403=DIRECTION('',(0.,0.,1.));
#11404=DIRECTION('center_axis',(1.,0.,0.));
#11405=DIRECTION('ref_axis',(0.,1.,0.));
#11406=DIRECTION('',(0.,1.,0.));
#11407=DIRECTION('',(0.,1.,0.));
#11408=DIRECTION('',(0.,0.,1.));
#11409=DIRECTION('center_axis',(0.,-1.,0.));
#11410=DIRECTION('ref_axis',(1.,0.,0.));
#11411=DIRECTION('',(1.,0.,0.));
#11412=DIRECTION('',(1.,0.,0.));
#11413=DIRECTION('center_axis',(0.,0.,1.));
#11414=DIRECTION('ref_axis',(1.,0.,0.));
#11415=DIRECTION('center_axis',(0.,0.,1.));
#11416=DIRECTION('ref_axis',(1.,0.,0.));
#11417=DIRECTION('axis',(0.,0.,1.));
#11418=DIRECTION('refdir',(1.,0.,0.));
#11419=DIRECTION('center_axis',(0.,0.,1.));
#11420=DIRECTION('ref_axis',(-7.04481399828022E-16,-1.,0.));
#11421=DIRECTION('',(0.,0.,1.));
#11422=DIRECTION('center_axis',(0.,0.,1.));
#11423=DIRECTION('ref_axis',(-1.,0.,0.));
#11424=DIRECTION('',(0.,0.,-1.));
#11425=DIRECTION('center_axis',(0.,0.,-1.));
#11426=DIRECTION('ref_axis',(-1.,0.,0.));
#11427=DIRECTION('center_axis',(0.,0.,1.));
#11428=DIRECTION('ref_axis',(-1.,0.,0.));
#11429=DIRECTION('center_axis',(0.,0.,1.));
#11430=DIRECTION('ref_axis',(-1.,0.,0.));
#11431=DIRECTION('',(0.,0.,1.));
#11432=DIRECTION('center_axis',(0.,0.,-1.));
#11433=DIRECTION('ref_axis',(-1.,0.,0.));
#11434=DIRECTION('center_axis',(0.,0.,1.));
#11435=DIRECTION('ref_axis',(-1.,0.,0.));
#11436=DIRECTION('center_axis',(0.,0.,-1.));
#11437=DIRECTION('ref_axis',(-1.,0.,0.));
#11438=DIRECTION('',(0.,0.,-1.));
#11439=DIRECTION('center_axis',(0.,0.,1.));
#11440=DIRECTION('ref_axis',(-1.,0.,0.));
#11441=DIRECTION('center_axis',(0.,0.,1.));
#11442=DIRECTION('ref_axis',(1.,0.,0.));
#11443=DIRECTION('center_axis',(0.,0.,1.));
#11444=DIRECTION('ref_axis',(-1.,0.,0.));
#11445=DIRECTION('',(-1.,0.,0.));
#11446=DIRECTION('',(0.,-1.,0.));
#11447=DIRECTION('',(1.,0.,0.));
#11448=DIRECTION('center_axis',(0.,0.,1.));
#11449=DIRECTION('ref_axis',(-1.,0.,0.));
#11450=DIRECTION('',(0.,-1.,0.));
#11451=DIRECTION('',(1.,0.,0.));
#11452=DIRECTION('',(0.,1.,0.));
#11453=DIRECTION('center_axis',(0.,0.,1.));
#11454=DIRECTION('ref_axis',(-1.,0.,0.));
#11455=DIRECTION('',(1.,0.,0.));
#11456=DIRECTION('',(0.,1.,0.));
#11457=DIRECTION('',(-1.,0.,0.));
#11458=DIRECTION('center_axis',(0.,0.,1.));
#11459=DIRECTION('ref_axis',(-1.,0.,0.));
#11460=DIRECTION('',(0.,1.,0.));
#11461=DIRECTION('',(-1.,0.,0.));
#11462=DIRECTION('',(0.,-1.,0.));
#11463=DIRECTION('center_axis',(0.,0.,-1.));
#11464=DIRECTION('ref_axis',(-1.,0.,0.));
#11465=DIRECTION('center_axis',(0.,0.,-1.));
#11466=DIRECTION('ref_axis',(-1.,0.,0.));
#11467=DIRECTION('center_axis',(0.,0.,-1.));
#11468=DIRECTION('ref_axis',(-1.,0.,0.));
#11469=DIRECTION('center_axis',(0.,0.,-1.));
#11470=DIRECTION('ref_axis',(-1.,0.,0.));
#11471=DIRECTION('center_axis',(0.,0.,-1.));
#11472=DIRECTION('ref_axis',(-1.,0.,0.));
#11473=DIRECTION('',(1.,0.,0.));
#11474=DIRECTION('center_axis',(0.,0.,-1.));
#11475=DIRECTION('ref_axis',(-1.,0.,0.));
#11476=DIRECTION('',(0.,1.,0.));
#11477=DIRECTION('center_axis',(0.,0.,1.));
#11478=DIRECTION('ref_axis',(-1.,0.,0.));
#11479=DIRECTION('',(0.,-1.,0.));
#11480=DIRECTION('center_axis',(0.,0.,-1.));
#11481=DIRECTION('ref_axis',(-1.,0.,0.));
#11482=DIRECTION('',(1.,0.,0.));
#11483=DIRECTION('center_axis',(0.,0.,1.));
#11484=DIRECTION('ref_axis',(-1.,0.,0.));
#11485=DIRECTION('center_axis',(0.,0.,1.));
#11486=DIRECTION('ref_axis',(-1.,0.,0.));
#11487=DIRECTION('',(0.,1.,0.));
#11488=DIRECTION('center_axis',(0.,0.,-1.));
#11489=DIRECTION('ref_axis',(-1.,0.,0.));
#11490=DIRECTION('',(-1.,0.,0.));
#11491=DIRECTION('center_axis',(0.,0.,1.));
#11492=DIRECTION('ref_axis',(-1.,0.,0.));
#11493=DIRECTION('',(-1.,0.,0.));
#11494=DIRECTION('center_axis',(0.,0.,-1.));
#11495=DIRECTION('ref_axis',(-1.,0.,0.));
#11496=DIRECTION('',(0.,-1.,0.));
#11497=DIRECTION('center_axis',(0.,0.,1.));
#11498=DIRECTION('ref_axis',(-1.,0.,0.));
#11499=DIRECTION('center_axis',(0.,0.,1.));
#11500=DIRECTION('ref_axis',(-1.,0.,0.));
#11501=DIRECTION('',(0.,0.,-1.));
#11502=DIRECTION('center_axis',(0.,0.,1.));
#11503=DIRECTION('ref_axis',(-1.,0.,0.));
#11504=DIRECTION('center_axis',(0.,0.,1.));
#11505=DIRECTION('ref_axis',(-1.,0.,0.));
#11506=DIRECTION('',(0.,0.,1.));
#11507=DIRECTION('center_axis',(0.,0.,1.));
#11508=DIRECTION('ref_axis',(-7.04481399828022E-16,1.,0.));
#11509=DIRECTION('',(0.,0.,-1.));
#11510=DIRECTION('center_axis',(0.,0.,1.));
#11511=DIRECTION('ref_axis',(-1.,0.,0.));
#11512=DIRECTION('center_axis',(0.,0.,1.));
#11513=DIRECTION('ref_axis',(-1.,0.,0.));
#11514=DIRECTION('center_axis',(0.,0.,1.));
#11515=DIRECTION('ref_axis',(-1.,0.,0.));
#11516=DIRECTION('',(0.,0.,1.));
#11517=DIRECTION('center_axis',(0.,0.,1.));
#11518=DIRECTION('ref_axis',(1.,0.,0.));
#11519=DIRECTION('',(-1.,0.,0.));
#11520=DIRECTION('',(0.,1.,0.));
#11521=DIRECTION('center_axis',(0.,0.,-1.));
#11522=DIRECTION('ref_axis',(-1.,0.,0.));
#11523=DIRECTION('',(-1.,0.,0.));
#11524=DIRECTION('',(0.,1.,0.));
#11525=DIRECTION('',(1.,0.,0.));
#11526=DIRECTION('center_axis',(0.,0.,-1.));
#11527=DIRECTION('ref_axis',(-1.,0.,0.));
#11528=DIRECTION('',(0.,1.,0.));
#11529=DIRECTION('',(1.,0.,0.));
#11530=DIRECTION('',(0.,-1.,0.));
#11531=DIRECTION('center_axis',(0.,0.,-1.));
#11532=DIRECTION('ref_axis',(-1.,0.,0.));
#11533=DIRECTION('',(1.,0.,0.));
#11534=DIRECTION('',(0.,-1.,0.));
#11535=DIRECTION('',(-1.,0.,0.));
#11536=DIRECTION('center_axis',(0.,0.,-1.));
#11537=DIRECTION('ref_axis',(-1.,0.,0.));
#11538=DIRECTION('',(0.,-1.,0.));
#11539=DIRECTION('center_axis',(0.,0.,1.));
#11540=DIRECTION('ref_axis',(-1.,0.,0.));
#11541=DIRECTION('',(-1.,0.,0.));
#11542=DIRECTION('center_axis',(0.,0.,1.));
#11543=DIRECTION('ref_axis',(-1.,0.,0.));
#11544=DIRECTION('',(0.,1.,0.));
#11545=DIRECTION('center_axis',(0.,0.,-1.));
#11546=DIRECTION('ref_axis',(-1.,0.,0.));
#11547=DIRECTION('',(0.,-1.,0.));
#11548=DIRECTION('center_axis',(0.,0.,1.));
#11549=DIRECTION('ref_axis',(-1.,0.,0.));
#11550=DIRECTION('',(-1.,0.,0.));
#11551=DIRECTION('center_axis',(0.,0.,-1.));
#11552=DIRECTION('ref_axis',(-1.,0.,0.));
#11553=DIRECTION('center_axis',(0.,0.,-1.));
#11554=DIRECTION('ref_axis',(-1.,0.,0.));
#11555=DIRECTION('',(0.,1.,0.));
#11556=DIRECTION('center_axis',(0.,0.,1.));
#11557=DIRECTION('ref_axis',(-1.,0.,0.));
#11558=DIRECTION('',(1.,0.,0.));
#11559=DIRECTION('center_axis',(0.,0.,-1.));
#11560=DIRECTION('ref_axis',(-1.,0.,0.));
#11561=DIRECTION('',(1.,0.,0.));
#11562=DIRECTION('center_axis',(0.,0.,1.));
#11563=DIRECTION('ref_axis',(-1.,0.,0.));
#11564=DIRECTION('',(0.,-1.,0.));
#11565=DIRECTION('center_axis',(0.,0.,1.));
#11566=DIRECTION('ref_axis',(1.,-1.22464679914735E-16,0.));
#11567=DIRECTION('center_axis',(0.,0.,1.));
#11568=DIRECTION('ref_axis',(-1.,0.,0.));
#11569=DIRECTION('',(0.,0.,1.));
#11570=DIRECTION('',(0.,0.,-1.));
#11571=DIRECTION('center_axis',(0.,0.,1.));
#11572=DIRECTION('ref_axis',(-1.,0.,0.));
#11573=DIRECTION('',(0.,0.,-1.));
#11574=DIRECTION('',(0.,0.,1.));
#11575=DIRECTION('center_axis',(0.,0.,1.));
#11576=DIRECTION('ref_axis',(-1.,0.,0.));
#11577=DIRECTION('',(0.,0.,1.));
#11578=DIRECTION('',(0.,0.,-1.));
#11579=DIRECTION('center_axis',(0.,0.,1.));
#11580=DIRECTION('ref_axis',(-1.,0.,0.));
#11581=DIRECTION('',(0.,0.,-1.));
#11582=DIRECTION('',(0.,0.,1.));
#11583=DIRECTION('center_axis',(0.,-1.,0.));
#11584=DIRECTION('ref_axis',(1.,0.,0.));
#11585=DIRECTION('',(0.,0.,-1.));
#11586=DIRECTION('center_axis',(1.,0.,0.));
#11587=DIRECTION('ref_axis',(0.,1.,0.));
#11588=DIRECTION('',(0.,0.,-1.));
#11589=DIRECTION('center_axis',(-1.,0.,0.));
#11590=DIRECTION('ref_axis',(0.,-1.,0.));
#11591=DIRECTION('',(0.,0.,-1.));
#11592=DIRECTION('center_axis',(0.,1.,0.));
#11593=DIRECTION('ref_axis',(-1.,0.,0.));
#11594=DIRECTION('',(0.,0.,-1.));
#11595=DIRECTION('center_axis',(0.,1.,0.));
#11596=DIRECTION('ref_axis',(-1.,0.,0.));
#11597=DIRECTION('',(0.,0.,1.));
#11598=DIRECTION('',(0.,0.,1.));
#11599=DIRECTION('center_axis',(-1.,0.,0.));
#11600=DIRECTION('ref_axis',(0.,-1.,0.));
#11601=DIRECTION('',(0.,0.,1.));
#11602=DIRECTION('',(0.,0.,1.));
#11603=DIRECTION('center_axis',(-1.,0.,0.));
#11604=DIRECTION('ref_axis',(0.,-1.,0.));
#11605=DIRECTION('',(0.,0.,-1.));
#11606=DIRECTION('center_axis',(-1.,0.,0.));
#11607=DIRECTION('ref_axis',(0.,-1.,0.));
#11608=DIRECTION('',(0.,0.,1.));
#11609=DIRECTION('center_axis',(1.,0.,0.));
#11610=DIRECTION('ref_axis',(0.,1.,0.));
#11611=DIRECTION('',(0.,0.,-1.));
#11612=DIRECTION('',(0.,0.,1.));
#11613=DIRECTION('center_axis',(1.,0.,0.));
#11614=DIRECTION('ref_axis',(0.,1.,0.));
#11615=DIRECTION('',(0.,0.,1.));
#11616=DIRECTION('center_axis',(1.,0.,0.));
#11617=DIRECTION('ref_axis',(0.,1.,0.));
#11618=DIRECTION('',(0.,0.,1.));
#11619=DIRECTION('center_axis',(0.,-1.,0.));
#11620=DIRECTION('ref_axis',(1.,0.,0.));
#11621=DIRECTION('center_axis',(0.,1.,0.));
#11622=DIRECTION('ref_axis',(-1.,0.,0.));
#11623=DIRECTION('',(0.,0.,1.));
#11624=DIRECTION('center_axis',(0.,0.,1.));
#11625=DIRECTION('ref_axis',(-1.,0.,0.));
#11626=DIRECTION('center_axis',(0.,0.,1.));
#11627=DIRECTION('ref_axis',(-1.,0.,0.));
#11628=DIRECTION('center_axis',(0.,0.,1.));
#11629=DIRECTION('ref_axis',(-1.,0.,0.));
#11630=DIRECTION('',(0.,0.,-1.));
#11631=DIRECTION('center_axis',(0.,0.,1.));
#11632=DIRECTION('ref_axis',(-1.,0.,0.));
#11633=DIRECTION('center_axis',(0.,0.,1.));
#11634=DIRECTION('ref_axis',(-1.,0.,0.));
#11635=DIRECTION('',(0.,0.,1.));
#11636=DIRECTION('center_axis',(0.,0.,1.));
#11637=DIRECTION('ref_axis',(-1.,0.,0.));
#11638=DIRECTION('',(0.,0.,-1.));
#11639=DIRECTION('center_axis',(1.,0.,0.));
#11640=DIRECTION('ref_axis',(0.,1.,0.));
#11641=DIRECTION('',(0.,0.,1.));
#11642=DIRECTION('',(0.,0.,1.));
#11643=DIRECTION('center_axis',(0.,1.,0.));
#11644=DIRECTION('ref_axis',(-1.,0.,0.));
#11645=DIRECTION('',(0.,0.,1.));
#11646=DIRECTION('',(0.,0.,1.));
#11647=DIRECTION('center_axis',(0.,1.,0.));
#11648=DIRECTION('ref_axis',(-1.,0.,0.));
#11649=DIRECTION('center_axis',(0.,-1.,0.));
#11650=DIRECTION('ref_axis',(1.,0.,0.));
#11651=DIRECTION('',(0.,0.,1.));
#11652=DIRECTION('center_axis',(0.,-1.,0.));
#11653=DIRECTION('ref_axis',(1.,0.,0.));
#11654=DIRECTION('center_axis',(-1.,0.,0.));
#11655=DIRECTION('ref_axis',(0.,-1.,0.));
#11656=DIRECTION('center_axis',(0.,-1.,0.));
#11657=DIRECTION('ref_axis',(1.,0.,0.));
#11658=DIRECTION('',(0.,0.,1.));
#11659=DIRECTION('center_axis',(0.,0.,1.));
#11660=DIRECTION('ref_axis',(-1.,0.,0.));
#11661=DIRECTION('center_axis',(0.,0.,1.));
#11662=DIRECTION('ref_axis',(-1.,0.,0.));
#11663=DIRECTION('axis',(0.,0.,1.));
#11664=DIRECTION('refdir',(1.,0.,0.));
#11665=DIRECTION('center_axis',(-1.,0.,0.));
#11666=DIRECTION('ref_axis',(0.,-1.,0.));
#11667=DIRECTION('',(0.,-1.,0.));
#11668=DIRECTION('',(0.,0.,1.));
#11669=DIRECTION('',(0.,-1.,0.));
#11670=DIRECTION('',(0.,0.,1.));
#11671=DIRECTION('center_axis',(0.,1.,0.));
#11672=DIRECTION('ref_axis',(-1.,0.,0.));
#11673=DIRECTION('',(-1.,0.,0.));
#11674=DIRECTION('',(-1.,0.,0.));
#11675=DIRECTION('',(0.,0.,1.));
#11676=DIRECTION('center_axis',(1.,0.,0.));
#11677=DIRECTION('ref_axis',(0.,1.,0.));
#11678=DIRECTION('',(0.,1.,0.));
#11679=DIRECTION('',(0.,1.,0.));
#11680=DIRECTION('',(0.,0.,1.));
#11681=DIRECTION('center_axis',(0.,-1.,0.));
#11682=DIRECTION('ref_axis',(1.,0.,0.));
#11683=DIRECTION('',(1.,0.,0.));
#11684=DIRECTION('',(1.,0.,0.));
#11685=DIRECTION('center_axis',(0.,0.,1.));
#11686=DIRECTION('ref_axis',(1.,0.,0.));
#11687=DIRECTION('center_axis',(0.,0.,1.));
#11688=DIRECTION('ref_axis',(1.,0.,0.));
#11689=DIRECTION('axis',(0.,0.,1.));
#11690=DIRECTION('refdir',(1.,0.,0.));
#11691=DIRECTION('center_axis',(-1.,0.,0.));
#11692=DIRECTION('ref_axis',(0.,-1.,0.));
#11693=DIRECTION('',(0.,-1.,0.));
#11694=DIRECTION('',(0.,0.,1.));
#11695=DIRECTION('',(0.,-1.,0.));
#11696=DIRECTION('',(0.,0.,1.));
#11697=DIRECTION('center_axis',(0.,1.,0.));
#11698=DIRECTION('ref_axis',(-1.,0.,0.));
#11699=DIRECTION('',(-1.,0.,0.));
#11700=DIRECTION('',(-1.,0.,0.));
#11701=DIRECTION('',(0.,0.,1.));
#11702=DIRECTION('center_axis',(1.,0.,0.));
#11703=DIRECTION('ref_axis',(0.,1.,0.));
#11704=DIRECTION('',(0.,1.,0.));
#11705=DIRECTION('',(0.,1.,0.));
#11706=DIRECTION('',(0.,0.,1.));
#11707=DIRECTION('center_axis',(0.,-1.,0.));
#11708=DIRECTION('ref_axis',(1.,0.,0.));
#11709=DIRECTION('',(1.,0.,0.));
#11710=DIRECTION('',(1.,0.,0.));
#11711=DIRECTION('center_axis',(0.,0.,1.));
#11712=DIRECTION('ref_axis',(1.,0.,0.));
#11713=DIRECTION('center_axis',(0.,0.,1.));
#11714=DIRECTION('ref_axis',(1.,0.,0.));
#11715=DIRECTION('axis',(0.,0.,1.));
#11716=DIRECTION('refdir',(1.,0.,0.));
#11717=DIRECTION('center_axis',(0.,0.,1.));
#11718=DIRECTION('ref_axis',(-1.,0.,0.));
#11719=DIRECTION('center_axis',(0.,0.,1.));
#11720=DIRECTION('ref_axis',(-1.,0.,0.));
#11721=DIRECTION('',(0.,0.,1.));
#11722=DIRECTION('center_axis',(0.,0.,1.));
#11723=DIRECTION('ref_axis',(-1.,0.,0.));
#11724=DIRECTION('center_axis',(0.,0.,1.));
#11725=DIRECTION('ref_axis',(1.,0.,0.));
#11726=DIRECTION('center_axis',(0.,0.,1.));
#11727=DIRECTION('ref_axis',(-1.,0.,0.));
#11728=DIRECTION('center_axis',(0.,0.,1.));
#11729=DIRECTION('ref_axis',(-1.,0.,0.));
#11730=DIRECTION('',(0.,0.,1.));
#11731=DIRECTION('center_axis',(0.,0.,1.));
#11732=DIRECTION('ref_axis',(-1.,0.,0.));
#11733=DIRECTION('center_axis',(0.,0.,1.));
#11734=DIRECTION('ref_axis',(1.,0.,0.));
#11735=DIRECTION('center_axis',(0.,0.,1.));
#11736=DIRECTION('ref_axis',(-1.,0.,0.));
#11737=DIRECTION('center_axis',(0.,0.,1.));
#11738=DIRECTION('ref_axis',(-1.,0.,0.));
#11739=DIRECTION('',(0.,0.,1.));
#11740=DIRECTION('center_axis',(0.,0.,-1.));
#11741=DIRECTION('ref_axis',(-1.,0.,0.));
#11742=DIRECTION('center_axis',(0.,0.,1.));
#11743=DIRECTION('ref_axis',(-1.,0.,0.));
#11744=DIRECTION('center_axis',(0.,0.,1.));
#11745=DIRECTION('ref_axis',(-1.,0.,0.));
#11746=DIRECTION('',(0.,0.,1.));
#11747=DIRECTION('center_axis',(0.,0.,-1.));
#11748=DIRECTION('ref_axis',(-1.,0.,0.));
#11749=DIRECTION('center_axis',(0.,0.,1.));
#11750=DIRECTION('ref_axis',(-1.,0.,0.));
#11751=DIRECTION('center_axis',(0.,0.,1.));
#11752=DIRECTION('ref_axis',(-1.,0.,0.));
#11753=DIRECTION('',(0.,0.,1.));
#11754=DIRECTION('center_axis',(0.,0.,-1.));
#11755=DIRECTION('ref_axis',(-1.,0.,0.));
#11756=DIRECTION('center_axis',(0.,0.,1.));
#11757=DIRECTION('ref_axis',(-1.,0.,0.));
#11758=DIRECTION('center_axis',(0.,0.,1.));
#11759=DIRECTION('ref_axis',(-1.,0.,0.));
#11760=DIRECTION('',(0.,0.,1.));
#11761=DIRECTION('center_axis',(0.,0.,-1.));
#11762=DIRECTION('ref_axis',(-1.,0.,0.));
#11763=DIRECTION('center_axis',(0.,0.,1.));
#11764=DIRECTION('ref_axis',(-1.,0.,0.));
#11765=DIRECTION('center_axis',(0.,0.,1.));
#11766=DIRECTION('ref_axis',(-1.,0.,0.));
#11767=DIRECTION('',(0.,0.,1.));
#11768=DIRECTION('center_axis',(0.,0.,-1.));
#11769=DIRECTION('ref_axis',(-1.,0.,0.));
#11770=DIRECTION('center_axis',(0.,0.,1.));
#11771=DIRECTION('ref_axis',(-1.,0.,0.));
#11772=DIRECTION('center_axis',(0.,0.,1.));
#11773=DIRECTION('ref_axis',(-1.,0.,0.));
#11774=DIRECTION('',(0.,0.,1.));
#11775=DIRECTION('center_axis',(0.,0.,-1.));
#11776=DIRECTION('ref_axis',(-1.,0.,0.));
#11777=DIRECTION('center_axis',(0.,1.,0.));
#11778=DIRECTION('ref_axis',(-1.,0.,0.));
#11779=DIRECTION('',(-1.,0.,0.));
#11780=DIRECTION('',(0.,0.,-1.));
#11781=DIRECTION('',(-1.,0.,0.));
#11782=DIRECTION('',(0.,0.,1.));
#11783=DIRECTION('center_axis',(1.,0.,0.));
#11784=DIRECTION('ref_axis',(0.,1.,0.));
#11785=DIRECTION('',(0.,1.,0.));
#11786=DIRECTION('',(0.,1.,0.));
#11787=DIRECTION('',(0.,0.,1.));
#11788=DIRECTION('center_axis',(0.,-1.,0.));
#11789=DIRECTION('ref_axis',(1.,0.,0.));
#11790=DIRECTION('',(1.,0.,0.));
#11791=DIRECTION('',(1.,0.,0.));
#11792=DIRECTION('',(0.,0.,1.));
#11793=DIRECTION('center_axis',(0.,0.,1.));
#11794=DIRECTION('ref_axis',(1.,0.,0.));
#11795=DIRECTION('',(0.,1.,0.));
#11796=DIRECTION('center_axis',(0.,0.,1.));
#11797=DIRECTION('ref_axis',(1.,0.,0.));
#11798=DIRECTION('',(0.,-1.,0.));
#11799=DIRECTION('center_axis',(0.,0.,1.));
#11800=DIRECTION('ref_axis',(1.,0.,0.));
#11801=DIRECTION('',(0.,1.,0.));
#11802=DIRECTION('',(1.,0.,0.));
#11803=DIRECTION('',(0.,-1.,0.));
#11804=DIRECTION('',(-1.,0.,0.));
#11805=DIRECTION('center_axis',(-1.,0.,0.));
#11806=DIRECTION('ref_axis',(0.,-1.,0.));
#11807=DIRECTION('',(0.,0.,1.));
#11808=DIRECTION('',(0.,-1.,0.));
#11809=DIRECTION('',(0.,0.,1.));
#11810=DIRECTION('center_axis',(1.,0.,0.));
#11811=DIRECTION('ref_axis',(0.,1.,0.));
#11812=DIRECTION('',(0.,0.,1.));
#11813=DIRECTION('',(0.,1.,0.));
#11814=DIRECTION('',(0.,0.,1.));
#11815=DIRECTION('',(0.,1.,0.));
#11816=DIRECTION('center_axis',(0.,-1.,0.));
#11817=DIRECTION('ref_axis',(1.,0.,0.));
#11818=DIRECTION('',(0.,0.,1.));
#11819=DIRECTION('',(1.,0.,0.));
#11820=DIRECTION('',(0.,0.,1.));
#11821=DIRECTION('',(1.,0.,0.));
#11822=DIRECTION('',(0.,0.,1.));
#11823=DIRECTION('',(1.,0.,0.));
#11824=DIRECTION('',(1.,0.,0.));
#11825=DIRECTION('center_axis',(0.,0.,1.));
#11826=DIRECTION('ref_axis',(1.,0.,0.));
#11827=DIRECTION('',(0.,1.,0.));
#11828=DIRECTION('',(0.,-1.,0.));
#11829=DIRECTION('',(-1.,0.,0.));
#11830=DIRECTION('center_axis',(-1.,0.,0.));
#11831=DIRECTION('ref_axis',(0.,-1.,0.));
#11832=DIRECTION('',(0.,-1.,0.));
#11833=DIRECTION('',(0.,0.,1.));
#11834=DIRECTION('center_axis',(0.,0.,1.));
#11835=DIRECTION('ref_axis',(1.,0.,0.));
#11836=DIRECTION('',(0.,-1.,0.));
#11837=DIRECTION('',(-1.,0.,0.));
#11838=DIRECTION('center_axis',(-1.,0.,0.));
#11839=DIRECTION('ref_axis',(0.,-1.,0.));
#11840=DIRECTION('',(0.,0.,1.));
#11841=DIRECTION('center_axis',(-1.,0.,0.));
#11842=DIRECTION('ref_axis',(0.,-1.,0.));
#11843=DIRECTION('',(0.,0.,1.));
#11844=DIRECTION('',(0.,-1.,0.));
#11845=DIRECTION('center_axis',(0.,1.,0.));
#11846=DIRECTION('ref_axis',(-1.,0.,0.));
#11847=DIRECTION('',(-1.,0.,0.));
#11848=DIRECTION('',(-1.,0.,0.));
#11849=DIRECTION('center_axis',(0.,0.,1.));
#11850=DIRECTION('ref_axis',(1.,0.,0.));
#11851=DIRECTION('center_axis',(0.,0.,1.));
#11852=DIRECTION('ref_axis',(1.,0.,0.));
#11853=DIRECTION('axis',(0.,0.,1.));
#11854=DIRECTION('refdir',(1.,0.,0.));
#11855=DIRECTION('center_axis',(0.,0.,1.));
#11856=DIRECTION('ref_axis',(-1.,0.,0.));
#11857=DIRECTION('center_axis',(0.,0.,1.));
#11858=DIRECTION('ref_axis',(-1.,0.,0.));
#11859=DIRECTION('',(0.,0.,1.));
#11860=DIRECTION('center_axis',(0.,0.,-1.));
#11861=DIRECTION('ref_axis',(-1.,0.,0.));
#11862=DIRECTION('center_axis',(0.,0.,1.));
#11863=DIRECTION('ref_axis',(-1.,0.,0.));
#11864=DIRECTION('center_axis',(0.,0.,1.));
#11865=DIRECTION('ref_axis',(-1.,0.,0.));
#11866=DIRECTION('',(0.,0.,1.));
#11867=DIRECTION('center_axis',(0.,0.,-1.));
#11868=DIRECTION('ref_axis',(-1.,0.,0.));
#11869=DIRECTION('center_axis',(0.,0.,1.));
#11870=DIRECTION('ref_axis',(-1.,0.,0.));
#11871=DIRECTION('center_axis',(0.,0.,1.));
#11872=DIRECTION('ref_axis',(-1.,0.,0.));
#11873=DIRECTION('',(0.,0.,1.));
#11874=DIRECTION('center_axis',(0.,0.,-1.));
#11875=DIRECTION('ref_axis',(-1.,0.,0.));
#11876=DIRECTION('center_axis',(0.,0.,1.));
#11877=DIRECTION('ref_axis',(-1.,0.,0.));
#11878=DIRECTION('center_axis',(0.,0.,1.));
#11879=DIRECTION('ref_axis',(-1.,0.,0.));
#11880=DIRECTION('',(0.,0.,1.));
#11881=DIRECTION('center_axis',(0.,0.,-1.));
#11882=DIRECTION('ref_axis',(-1.,0.,0.));
#11883=DIRECTION('center_axis',(0.,0.,1.));
#11884=DIRECTION('ref_axis',(-1.,0.,0.));
#11885=DIRECTION('center_axis',(0.,0.,1.));
#11886=DIRECTION('ref_axis',(-1.,0.,0.));
#11887=DIRECTION('',(0.,0.,1.));
#11888=DIRECTION('center_axis',(0.,0.,-1.));
#11889=DIRECTION('ref_axis',(-1.,0.,0.));
#11890=DIRECTION('center_axis',(1.,0.,0.));
#11891=DIRECTION('ref_axis',(0.,1.,0.));
#11892=DIRECTION('',(0.,1.,0.));
#11893=DIRECTION('',(0.,0.,1.));
#11894=DIRECTION('',(0.,1.,0.));
#11895=DIRECTION('',(0.,0.,1.));
#11896=DIRECTION('center_axis',(0.,0.,1.));
#11897=DIRECTION('ref_axis',(1.,0.,0.));
#11898=DIRECTION('',(1.,0.,0.));
#11899=DIRECTION('',(0.,-1.,0.));
#11900=DIRECTION('',(-1.,0.,0.));
#11901=DIRECTION('center_axis',(0.,1.,0.));
#11902=DIRECTION('ref_axis',(-1.,0.,0.));
#11903=DIRECTION('',(-1.,0.,0.));
#11904=DIRECTION('',(0.,0.,1.));
#11905=DIRECTION('',(-1.,0.,0.));
#11906=DIRECTION('',(0.,0.,1.));
#11907=DIRECTION('center_axis',(0.,0.,1.));
#11908=DIRECTION('ref_axis',(1.,0.,0.));
#11909=DIRECTION('',(1.,0.,0.));
#11910=DIRECTION('center_axis',(0.,0.,1.));
#11911=DIRECTION('ref_axis',(-1.,0.,0.));
#11912=DIRECTION('',(0.,-1.,0.));
#11913=DIRECTION('center_axis',(0.,0.,-1.));
#11914=DIRECTION('ref_axis',(-1.,0.,0.));
#11915=DIRECTION('center_axis',(0.,-1.,0.));
#11916=DIRECTION('ref_axis',(1.,0.,0.));
#11917=DIRECTION('',(1.,0.,0.));
#11918=DIRECTION('',(0.,0.,-1.));
#11919=DIRECTION('',(0.,0.,1.));
#11920=DIRECTION('center_axis',(-1.,0.,0.));
#11921=DIRECTION('ref_axis',(0.,-1.,0.));
#11922=DIRECTION('center_axis',(0.,0.,1.));
#11923=DIRECTION('ref_axis',(-1.,0.,0.));
#11924=DIRECTION('center_axis',(0.,0.,1.));
#11925=DIRECTION('ref_axis',(-1.,0.,0.));
#11926=DIRECTION('',(0.,0.,1.));
#11927=DIRECTION('center_axis',(0.,0.,1.));
#11928=DIRECTION('ref_axis',(1.,1.22464679914735E-16,0.));
#11929=DIRECTION('center_axis',(0.,0.,-1.));
#11930=DIRECTION('ref_axis',(-1.,0.,0.));
#11931=DIRECTION('center_axis',(0.,0.,1.));
#11932=DIRECTION('ref_axis',(1.,0.,0.));
#11933=DIRECTION('axis',(0.,0.,1.));
#11934=DIRECTION('refdir',(1.,0.,0.));
#11935=DIRECTION('center_axis',(0.,0.,1.));
#11936=DIRECTION('ref_axis',(-1.,0.,0.));
#11937=DIRECTION('center_axis',(0.,0.,1.));
#11938=DIRECTION('ref_axis',(-1.,0.,0.));
#11939=DIRECTION('',(0.,0.,1.));
#11940=DIRECTION('center_axis',(0.,0.,-1.));
#11941=DIRECTION('ref_axis',(-1.,0.,0.));
#11942=DIRECTION('center_axis',(0.,0.,1.));
#11943=DIRECTION('ref_axis',(-1.,0.,0.));
#11944=DIRECTION('center_axis',(0.,0.,1.));
#11945=DIRECTION('ref_axis',(-1.,0.,0.));
#11946=DIRECTION('',(0.,0.,1.));
#11947=DIRECTION('center_axis',(0.,0.,-1.));
#11948=DIRECTION('ref_axis',(-1.,0.,0.));
#11949=DIRECTION('center_axis',(0.,0.,1.));
#11950=DIRECTION('ref_axis',(-1.,0.,0.));
#11951=DIRECTION('center_axis',(0.,0.,1.));
#11952=DIRECTION('ref_axis',(-1.,0.,0.));
#11953=DIRECTION('',(0.,0.,1.));
#11954=DIRECTION('center_axis',(0.,0.,-1.));
#11955=DIRECTION('ref_axis',(-1.,0.,0.));
#11956=DIRECTION('center_axis',(0.,0.,1.));
#11957=DIRECTION('ref_axis',(-1.,0.,0.));
#11958=DIRECTION('center_axis',(0.,0.,1.));
#11959=DIRECTION('ref_axis',(-1.,0.,0.));
#11960=DIRECTION('',(0.,0.,1.));
#11961=DIRECTION('center_axis',(0.,0.,-1.));
#11962=DIRECTION('ref_axis',(-1.,0.,0.));
#11963=DIRECTION('center_axis',(0.,0.,1.));
#11964=DIRECTION('ref_axis',(-1.,0.,0.));
#11965=DIRECTION('center_axis',(0.,0.,1.));
#11966=DIRECTION('ref_axis',(-1.,0.,0.));
#11967=DIRECTION('',(0.,0.,1.));
#11968=DIRECTION('center_axis',(0.,0.,-1.));
#11969=DIRECTION('ref_axis',(-1.,0.,0.));
#11970=DIRECTION('center_axis',(0.,0.,1.));
#11971=DIRECTION('ref_axis',(-1.,0.,0.));
#11972=DIRECTION('center_axis',(0.,0.,1.));
#11973=DIRECTION('ref_axis',(-1.,0.,0.));
#11974=DIRECTION('',(0.,0.,1.));
#11975=DIRECTION('center_axis',(0.,0.,-1.));
#11976=DIRECTION('ref_axis',(-1.,0.,0.));
#11977=DIRECTION('center_axis',(0.,0.,1.));
#11978=DIRECTION('ref_axis',(-1.,0.,0.));
#11979=DIRECTION('center_axis',(0.,0.,1.));
#11980=DIRECTION('ref_axis',(-1.,0.,0.));
#11981=DIRECTION('',(0.,0.,1.));
#11982=DIRECTION('center_axis',(0.,0.,-1.));
#11983=DIRECTION('ref_axis',(-1.,0.,0.));
#11984=DIRECTION('center_axis',(0.,0.,1.));
#11985=DIRECTION('ref_axis',(-1.,0.,0.));
#11986=DIRECTION('center_axis',(0.,0.,1.));
#11987=DIRECTION('ref_axis',(-1.,0.,0.));
#11988=DIRECTION('',(0.,0.,1.));
#11989=DIRECTION('center_axis',(0.,0.,-1.));
#11990=DIRECTION('ref_axis',(-1.,0.,0.));
#11991=DIRECTION('center_axis',(0.,0.,1.));
#11992=DIRECTION('ref_axis',(-1.,0.,0.));
#11993=DIRECTION('center_axis',(0.,0.,1.));
#11994=DIRECTION('ref_axis',(-1.,0.,0.));
#11995=DIRECTION('',(0.,0.,1.));
#11996=DIRECTION('center_axis',(0.,0.,-1.));
#11997=DIRECTION('ref_axis',(-1.,0.,0.));
#11998=DIRECTION('center_axis',(0.,0.,1.));
#11999=DIRECTION('ref_axis',(-1.,0.,0.));
#12000=DIRECTION('center_axis',(0.,0.,1.));
#12001=DIRECTION('ref_axis',(-1.,0.,0.));
#12002=DIRECTION('',(0.,0.,1.));
#12003=DIRECTION('center_axis',(0.,0.,-1.));
#12004=DIRECTION('ref_axis',(-1.,0.,0.));
#12005=DIRECTION('center_axis',(0.,0.,1.));
#12006=DIRECTION('ref_axis',(-1.,0.,0.));
#12007=DIRECTION('center_axis',(0.,0.,1.));
#12008=DIRECTION('ref_axis',(-1.,0.,0.));
#12009=DIRECTION('',(0.,0.,1.));
#12010=DIRECTION('center_axis',(0.,0.,-1.));
#12011=DIRECTION('ref_axis',(-1.,0.,0.));
#12012=DIRECTION('center_axis',(-1.,0.,0.));
#12013=DIRECTION('ref_axis',(0.,-1.,0.));
#12014=DIRECTION('',(0.,0.,-1.));
#12015=DIRECTION('',(0.,-1.,0.));
#12016=DIRECTION('',(0.,0.,1.));
#12017=DIRECTION('',(0.,-1.,0.));
#12018=DIRECTION('center_axis',(-1.,0.,0.));
#12019=DIRECTION('ref_axis',(0.,-1.,0.));
#12020=DIRECTION('',(0.,0.,1.));
#12021=DIRECTION('',(0.,-1.,0.));
#12022=DIRECTION('',(0.,0.,1.));
#12023=DIRECTION('',(0.,-1.,0.));
#12024=DIRECTION('center_axis',(1.,0.,0.));
#12025=DIRECTION('ref_axis',(0.,1.,0.));
#12026=DIRECTION('',(0.,0.,1.));
#12027=DIRECTION('',(0.,1.,0.));
#12028=DIRECTION('',(0.,0.,1.));
#12029=DIRECTION('',(0.,1.,0.));
#12030=DIRECTION('center_axis',(0.,1.,0.));
#12031=DIRECTION('ref_axis',(-1.,0.,0.));
#12032=DIRECTION('',(-1.,0.,0.));
#12033=DIRECTION('',(-1.,0.,0.));
#12034=DIRECTION('center_axis',(1.,0.,0.));
#12035=DIRECTION('ref_axis',(0.,1.,0.));
#12036=DIRECTION('',(0.,0.,-1.));
#12037=DIRECTION('',(0.,1.,0.));
#12038=DIRECTION('',(0.,0.,1.));
#12039=DIRECTION('',(0.,1.,0.));
#12040=DIRECTION('center_axis',(0.,-1.,0.));
#12041=DIRECTION('ref_axis',(1.,0.,0.));
#12042=DIRECTION('',(1.,0.,0.));
#12043=DIRECTION('',(1.,0.,0.));
#12044=DIRECTION('center_axis',(0.,0.,1.));
#12045=DIRECTION('ref_axis',(1.,0.,0.));
#12046=DIRECTION('',(-1.,0.,0.));
#12047=DIRECTION('',(0.,-1.,0.));
#12048=DIRECTION('',(1.,0.,0.));
#12049=DIRECTION('',(0.,1.,0.));
#12050=DIRECTION('',(-1.,0.,0.));
#12051=DIRECTION('',(0.,1.,0.));
#12052=DIRECTION('',(-1.,0.,0.));
#12053=DIRECTION('',(0.,1.,0.));
#12054=DIRECTION('',(1.,0.,0.));
#12055=DIRECTION('',(0.,-1.,0.));
#12056=DIRECTION('',(-1.,0.,0.));
#12057=DIRECTION('',(0.,-1.,0.));
#12058=DIRECTION('',(1.,0.,0.));
#12059=DIRECTION('',(0.,-1.,0.));
#12060=DIRECTION('',(-1.,0.,0.));
#12061=DIRECTION('',(0.,1.,0.));
#12062=DIRECTION('',(1.,0.,0.));
#12063=DIRECTION('',(-1.,0.,0.));
#12064=DIRECTION('',(0.,-1.,0.));
#12065=DIRECTION('',(-1.,0.,0.));
#12066=DIRECTION('',(0.,1.,0.));
#12067=DIRECTION('',(1.,0.,0.));
#12068=DIRECTION('',(0.,-1.,0.));
#12069=DIRECTION('',(1.,0.,0.));
#12070=DIRECTION('',(0.,-1.,0.));
#12071=DIRECTION('',(-1.,0.,0.));
#12072=DIRECTION('',(0.,1.,0.));
#12073=DIRECTION('',(1.,0.,0.));
#12074=DIRECTION('',(0.,1.,0.));
#12075=DIRECTION('',(1.,0.,0.));
#12076=DIRECTION('center_axis',(0.,-1.,0.));
#12077=DIRECTION('ref_axis',(1.,0.,0.));
#12078=DIRECTION('',(1.,0.,0.));
#12079=DIRECTION('',(0.,0.,-1.));
#12080=DIRECTION('center_axis',(0.,1.,0.));
#12081=DIRECTION('ref_axis',(-1.,0.,0.));
#12082=DIRECTION('',(0.,0.,1.));
#12083=DIRECTION('',(-1.,0.,0.));
#12084=DIRECTION('center_axis',(0.,1.,0.));
#12085=DIRECTION('ref_axis',(-1.,0.,0.));
#12086=DIRECTION('',(0.,0.,-1.));
#12087=DIRECTION('',(0.,0.,1.));
#12088=DIRECTION('',(-1.,0.,0.));
#12089=DIRECTION('center_axis',(0.,1.,0.));
#12090=DIRECTION('ref_axis',(-1.,0.,0.));
#12091=DIRECTION('',(0.,0.,1.));
#12092=DIRECTION('',(-1.,0.,0.));
#12093=DIRECTION('',(0.,0.,1.));
#12094=DIRECTION('center_axis',(-1.,0.,0.));
#12095=DIRECTION('ref_axis',(0.,-1.,0.));
#12096=DIRECTION('',(0.,0.,1.));
#12097=DIRECTION('',(0.,-1.,0.));
#12098=DIRECTION('',(0.,0.,1.));
#12099=DIRECTION('center_axis',(1.,0.,0.));
#12100=DIRECTION('ref_axis',(0.,1.,0.));
#12101=DIRECTION('',(0.,0.,-1.));
#12102=DIRECTION('',(0.,0.,1.));
#12103=DIRECTION('',(0.,1.,0.));
#12104=DIRECTION('center_axis',(0.,-1.,0.));
#12105=DIRECTION('ref_axis',(1.,0.,0.));
#12106=DIRECTION('',(0.,0.,1.));
#12107=DIRECTION('',(1.,0.,0.));
#12108=DIRECTION('center_axis',(-1.,0.,0.));
#12109=DIRECTION('ref_axis',(0.,-1.,0.));
#12110=DIRECTION('',(0.,0.,-1.));
#12111=DIRECTION('',(0.,-1.,0.));
#12112=DIRECTION('center_axis',(1.,0.,0.));
#12113=DIRECTION('ref_axis',(0.,1.,0.));
#12114=DIRECTION('',(0.,0.,1.));
#12115=DIRECTION('',(0.,1.,0.));
#12116=DIRECTION('center_axis',(0.,-1.,0.));
#12117=DIRECTION('ref_axis',(1.,0.,0.));
#12118=DIRECTION('',(0.,0.,-1.));
#12119=DIRECTION('',(1.,0.,0.));
#12120=DIRECTION('center_axis',(0.,1.,0.));
#12121=DIRECTION('ref_axis',(-1.,0.,0.));
#12122=DIRECTION('',(-1.,0.,0.));
#12123=DIRECTION('',(0.,0.,-1.));
#12124=DIRECTION('center_axis',(0.,1.,0.));
#12125=DIRECTION('ref_axis',(-1.,0.,0.));
#12126=DIRECTION('',(-1.,0.,0.));
#12127=DIRECTION('center_axis',(-1.,0.,0.));
#12128=DIRECTION('ref_axis',(0.,-1.,0.));
#12129=DIRECTION('',(0.,-1.,0.));
#12130=DIRECTION('',(0.,0.,-1.));
#12131=DIRECTION('center_axis',(1.,0.,0.));
#12132=DIRECTION('ref_axis',(0.,1.,0.));
#12133=DIRECTION('',(0.,0.,1.));
#12134=DIRECTION('',(0.,1.,0.));
#12135=DIRECTION('center_axis',(1.,0.,0.));
#12136=DIRECTION('ref_axis',(0.,1.,0.));
#12137=DIRECTION('',(0.,1.,0.));
#12138=DIRECTION('',(0.,0.,-1.));
#12139=DIRECTION('center_axis',(-1.,0.,0.));
#12140=DIRECTION('ref_axis',(0.,-1.,0.));
#12141=DIRECTION('',(0.,0.,1.));
#12142=DIRECTION('',(0.,-1.,0.));
#12143=DIRECTION('center_axis',(0.,1.,0.));
#12144=DIRECTION('ref_axis',(-1.,0.,0.));
#12145=DIRECTION('',(0.,0.,1.));
#12146=DIRECTION('',(-1.,0.,0.));
#12147=DIRECTION('',(0.,0.,1.));
#12148=DIRECTION('center_axis',(0.,1.,0.));
#12149=DIRECTION('ref_axis',(-1.,0.,0.));
#12150=DIRECTION('',(0.,0.,1.));
#12151=DIRECTION('',(-1.,0.,0.));
#12152=DIRECTION('center_axis',(0.,-1.,0.));
#12153=DIRECTION('ref_axis',(1.,0.,0.));
#12154=DIRECTION('',(1.,0.,0.));
#12155=DIRECTION('center_axis',(0.,0.,1.));
#12156=DIRECTION('ref_axis',(1.,0.,0.));
#12157=DIRECTION('',(0.,1.,0.));
#12158=DIRECTION('',(1.,0.,0.));
#12159=DIRECTION('',(0.,-1.,0.));
#12160=DIRECTION('',(1.,0.,0.));
#12161=DIRECTION('',(0.,1.,0.));
#12162=DIRECTION('',(0.,1.,0.));
#12163=DIRECTION('',(-1.,0.,0.));
#12164=DIRECTION('',(0.,-1.,0.));
#12165=DIRECTION('',(1.,0.,0.));
#12166=DIRECTION('',(0.,-1.,0.));
#12167=DIRECTION('',(1.,0.,0.));
#12168=DIRECTION('center_axis',(0.,-1.,0.));
#12169=DIRECTION('ref_axis',(1.,0.,0.));
#12170=DIRECTION('',(0.,0.,1.));
#12171=DIRECTION('',(0.,0.,1.));
#12172=DIRECTION('center_axis',(0.,-1.,0.));
#12173=DIRECTION('ref_axis',(1.,0.,0.));
#12174=DIRECTION('',(0.,0.,1.));
#12175=DIRECTION('center_axis',(0.,-1.,0.));
#12176=DIRECTION('ref_axis',(1.,0.,0.));
#12177=DIRECTION('',(0.,0.,1.));
#12178=DIRECTION('center_axis',(-1.,0.,0.));
#12179=DIRECTION('ref_axis',(0.,-1.,0.));
#12180=DIRECTION('',(0.,0.,1.));
#12181=DIRECTION('center_axis',(1.,0.,0.));
#12182=DIRECTION('ref_axis',(0.,1.,0.));
#12183=DIRECTION('center_axis',(-1.,0.,0.));
#12184=DIRECTION('ref_axis',(0.,-1.,0.));
#12185=DIRECTION('center_axis',(0.,1.,0.));
#12186=DIRECTION('ref_axis',(-1.,0.,0.));
#12187=DIRECTION('',(0.,0.,1.));
#12188=DIRECTION('center_axis',(1.,0.,0.));
#12189=DIRECTION('ref_axis',(0.,1.,0.));
#12190=DIRECTION('center_axis',(0.,-1.,0.));
#12191=DIRECTION('ref_axis',(1.,0.,0.));
#12192=DIRECTION('center_axis',(-1.,0.,0.));
#12193=DIRECTION('ref_axis',(0.,-1.,0.));
#12194=DIRECTION('center_axis',(1.,0.,0.));
#12195=DIRECTION('ref_axis',(0.,1.,0.));
#12196=DIRECTION('axis',(0.,0.,1.));
#12197=DIRECTION('refdir',(1.,0.,0.));
#12198=DIRECTION('center_axis',(0.,0.,1.));
#12199=DIRECTION('ref_axis',(-1.,0.,0.));
#12200=DIRECTION('center_axis',(0.,0.,1.));
#12201=DIRECTION('ref_axis',(-1.,0.,0.));
#12202=DIRECTION('',(0.,0.,1.));
#12203=DIRECTION('center_axis',(0.,0.,-1.));
#12204=DIRECTION('ref_axis',(-1.,0.,0.));
#12205=DIRECTION('center_axis',(0.,0.,1.));
#12206=DIRECTION('ref_axis',(-1.,0.,0.));
#12207=DIRECTION('center_axis',(0.,0.,1.));
#12208=DIRECTION('ref_axis',(-1.,0.,0.));
#12209=DIRECTION('',(0.,0.,1.));
#12210=DIRECTION('center_axis',(0.,0.,-1.));
#12211=DIRECTION('ref_axis',(-1.,0.,0.));
#12212=DIRECTION('center_axis',(0.,0.,1.));
#12213=DIRECTION('ref_axis',(-1.,0.,0.));
#12214=DIRECTION('center_axis',(0.,0.,1.));
#12215=DIRECTION('ref_axis',(-1.,0.,0.));
#12216=DIRECTION('',(0.,0.,1.));
#12217=DIRECTION('center_axis',(0.,0.,-1.));
#12218=DIRECTION('ref_axis',(-1.,0.,0.));
#12219=DIRECTION('center_axis',(0.,0.,1.));
#12220=DIRECTION('ref_axis',(-1.,0.,0.));
#12221=DIRECTION('center_axis',(0.,0.,1.));
#12222=DIRECTION('ref_axis',(-1.,0.,0.));
#12223=DIRECTION('',(0.,0.,1.));
#12224=DIRECTION('center_axis',(0.,0.,-1.));
#12225=DIRECTION('ref_axis',(-1.,0.,0.));
#12226=DIRECTION('center_axis',(0.,0.,1.));
#12227=DIRECTION('ref_axis',(-1.,0.,0.));
#12228=DIRECTION('center_axis',(0.,0.,1.));
#12229=DIRECTION('ref_axis',(-1.,0.,0.));
#12230=DIRECTION('',(0.,0.,1.));
#12231=DIRECTION('center_axis',(0.,0.,-1.));
#12232=DIRECTION('ref_axis',(-1.,0.,0.));
#12233=DIRECTION('center_axis',(0.,0.,1.));
#12234=DIRECTION('ref_axis',(-1.,0.,0.));
#12235=DIRECTION('center_axis',(0.,0.,1.));
#12236=DIRECTION('ref_axis',(-1.,0.,0.));
#12237=DIRECTION('',(0.,0.,1.));
#12238=DIRECTION('center_axis',(0.,0.,-1.));
#12239=DIRECTION('ref_axis',(-1.,0.,0.));
#12240=DIRECTION('center_axis',(0.,0.,1.));
#12241=DIRECTION('ref_axis',(-1.,0.,0.));
#12242=DIRECTION('center_axis',(0.,0.,1.));
#12243=DIRECTION('ref_axis',(-1.,0.,0.));
#12244=DIRECTION('',(0.,0.,1.));
#12245=DIRECTION('center_axis',(0.,0.,-1.));
#12246=DIRECTION('ref_axis',(-1.,0.,0.));
#12247=DIRECTION('center_axis',(0.,0.,1.));
#12248=DIRECTION('ref_axis',(-1.,0.,0.));
#12249=DIRECTION('center_axis',(0.,0.,1.));
#12250=DIRECTION('ref_axis',(-1.,0.,0.));
#12251=DIRECTION('',(0.,0.,1.));
#12252=DIRECTION('center_axis',(0.,0.,-1.));
#12253=DIRECTION('ref_axis',(-1.,0.,0.));
#12254=DIRECTION('center_axis',(-1.,0.,0.));
#12255=DIRECTION('ref_axis',(0.,-1.,0.));
#12256=DIRECTION('',(0.,-1.,0.));
#12257=DIRECTION('',(0.,0.,1.));
#12258=DIRECTION('',(0.,1.,0.));
#12259=DIRECTION('',(0.,0.,1.));
#12260=DIRECTION('center_axis',(0.,1.,0.));
#12261=DIRECTION('ref_axis',(-1.,0.,0.));
#12262=DIRECTION('',(-1.,0.,0.));
#12263=DIRECTION('',(0.,0.,1.));
#12264=DIRECTION('',(1.,0.,0.));
#12265=DIRECTION('center_axis',(1.,0.,0.));
#12266=DIRECTION('ref_axis',(0.,1.,0.));
#12267=DIRECTION('',(0.,1.,0.));
#12268=DIRECTION('',(0.,0.,1.));
#12269=DIRECTION('',(0.,-1.,0.));
#12270=DIRECTION('center_axis',(0.,-1.,0.));
#12271=DIRECTION('ref_axis',(1.,0.,0.));
#12272=DIRECTION('',(1.,0.,0.));
#12273=DIRECTION('',(-1.,0.,0.));
#12274=DIRECTION('center_axis',(-1.,0.,0.));
#12275=DIRECTION('ref_axis',(0.,-1.,0.));
#12276=DIRECTION('',(0.,-1.,0.));
#12277=DIRECTION('',(0.,0.,1.));
#12278=DIRECTION('',(0.,1.,0.));
#12279=DIRECTION('',(0.,0.,1.));
#12280=DIRECTION('center_axis',(0.,1.,0.));
#12281=DIRECTION('ref_axis',(-1.,0.,0.));
#12282=DIRECTION('',(-1.,0.,0.));
#12283=DIRECTION('',(0.,0.,1.));
#12284=DIRECTION('',(1.,0.,0.));
#12285=DIRECTION('center_axis',(1.,0.,0.));
#12286=DIRECTION('ref_axis',(0.,1.,0.));
#12287=DIRECTION('',(0.,1.,0.));
#12288=DIRECTION('',(0.,0.,1.));
#12289=DIRECTION('',(0.,-1.,0.));
#12290=DIRECTION('center_axis',(0.,-1.,0.));
#12291=DIRECTION('ref_axis',(1.,0.,0.));
#12292=DIRECTION('',(1.,0.,0.));
#12293=DIRECTION('',(-1.,0.,0.));
#12294=DIRECTION('center_axis',(-1.,0.,0.));
#12295=DIRECTION('ref_axis',(0.,-1.,0.));
#12296=DIRECTION('',(0.,-1.,0.));
#12297=DIRECTION('',(0.,0.,1.));
#12298=DIRECTION('',(0.,1.,0.));
#12299=DIRECTION('',(0.,0.,1.));
#12300=DIRECTION('center_axis',(0.,1.,0.));
#12301=DIRECTION('ref_axis',(-1.,0.,0.));
#12302=DIRECTION('',(-1.,0.,0.));
#12303=DIRECTION('',(0.,0.,1.));
#12304=DIRECTION('',(1.,0.,0.));
#12305=DIRECTION('center_axis',(1.,0.,0.));
#12306=DIRECTION('ref_axis',(0.,1.,0.));
#12307=DIRECTION('',(0.,1.,0.));
#12308=DIRECTION('',(0.,0.,1.));
#12309=DIRECTION('',(0.,-1.,0.));
#12310=DIRECTION('center_axis',(0.,-1.,0.));
#12311=DIRECTION('ref_axis',(1.,0.,0.));
#12312=DIRECTION('',(1.,0.,0.));
#12313=DIRECTION('',(-1.,0.,0.));
#12314=DIRECTION('center_axis',(-1.,0.,0.));
#12315=DIRECTION('ref_axis',(0.,-1.,0.));
#12316=DIRECTION('',(0.,-1.,0.));
#12317=DIRECTION('',(0.,0.,1.));
#12318=DIRECTION('',(0.,1.,0.));
#12319=DIRECTION('',(0.,0.,1.));
#12320=DIRECTION('center_axis',(0.,1.,0.));
#12321=DIRECTION('ref_axis',(-1.,0.,0.));
#12322=DIRECTION('',(-1.,0.,0.));
#12323=DIRECTION('',(0.,0.,1.));
#12324=DIRECTION('',(1.,0.,0.));
#12325=DIRECTION('center_axis',(1.,0.,0.));
#12326=DIRECTION('ref_axis',(0.,1.,0.));
#12327=DIRECTION('',(0.,1.,0.));
#12328=DIRECTION('',(0.,0.,1.));
#12329=DIRECTION('',(0.,-1.,0.));
#12330=DIRECTION('center_axis',(0.,-1.,0.));
#12331=DIRECTION('ref_axis',(1.,0.,0.));
#12332=DIRECTION('',(1.,0.,0.));
#12333=DIRECTION('',(-1.,0.,0.));
#12334=DIRECTION('center_axis',(0.,0.,1.));
#12335=DIRECTION('ref_axis',(-1.,0.,0.));
#12336=DIRECTION('center_axis',(0.,0.,1.));
#12337=DIRECTION('ref_axis',(-1.,0.,0.));
#12338=DIRECTION('',(0.,0.,1.));
#12339=DIRECTION('center_axis',(0.,0.,-1.));
#12340=DIRECTION('ref_axis',(-1.,0.,0.));
#12341=DIRECTION('center_axis',(0.,0.,1.));
#12342=DIRECTION('ref_axis',(1.,0.,0.));
#12343=DIRECTION('',(0.,1.,0.));
#12344=DIRECTION('',(1.,0.,0.));
#12345=DIRECTION('',(0.,-1.,0.));
#12346=DIRECTION('',(-1.,0.,0.));
#12347=DIRECTION('center_axis',(0.,0.,1.));
#12348=DIRECTION('ref_axis',(1.,0.,0.));
#12349=DIRECTION('',(1.,0.,0.));
#12350=DIRECTION('',(0.,1.,0.));
#12351=DIRECTION('',(-1.,0.,0.));
#12352=DIRECTION('',(0.,-1.,0.));
#12353=DIRECTION('center_axis',(0.,0.,1.));
#12354=DIRECTION('ref_axis',(1.,0.,0.));
#12355=DIRECTION('',(0.,1.,0.));
#12356=DIRECTION('',(-1.,0.,0.));
#12357=DIRECTION('',(0.,-1.,0.));
#12358=DIRECTION('',(1.,0.,0.));
#12359=DIRECTION('center_axis',(-1.,0.,0.));
#12360=DIRECTION('ref_axis',(0.,-1.,0.));
#12361=DIRECTION('',(0.,-1.,0.));
#12362=DIRECTION('',(0.,0.,1.));
#12363=DIRECTION('',(0.,-1.,0.));
#12364=DIRECTION('',(0.,0.,1.));
#12365=DIRECTION('center_axis',(0.,-1.,0.));
#12366=DIRECTION('ref_axis',(1.,0.,0.));
#12367=DIRECTION('',(1.,0.,0.));
#12368=DIRECTION('',(0.,0.,1.));
#12369=DIRECTION('',(1.,0.,0.));
#12370=DIRECTION('center_axis',(0.,0.,1.));
#12371=DIRECTION('ref_axis',(1.,0.,0.));
#12372=DIRECTION('',(-1.,0.,0.));
#12373=DIRECTION('',(0.,1.,0.));
#12374=DIRECTION('center_axis',(0.,0.,1.));
#12375=DIRECTION('ref_axis',(1.,0.,0.));
#12376=DIRECTION('',(-1.,0.,0.));
#12377=DIRECTION('',(0.,1.,0.));
#12378=DIRECTION('',(-1.,0.,0.));
#12379=DIRECTION('center_axis',(0.,0.,1.));
#12380=DIRECTION('ref_axis',(1.,0.,0.));
#12381=DIRECTION('',(0.,1.,0.));
#12382=DIRECTION('',(-1.,0.,0.));
#12383=DIRECTION('',(0.,1.,0.));
#12384=DIRECTION('center_axis',(0.,0.,1.));
#12385=DIRECTION('ref_axis',(1.,0.,0.));
#12386=DIRECTION('',(1.,0.,0.));
#12387=DIRECTION('',(0.,1.,0.));
#12388=DIRECTION('',(-1.,0.,0.));
#12389=DIRECTION('',(0.,-1.,0.));
#12390=DIRECTION('center_axis',(-1.,0.,0.));
#12391=DIRECTION('ref_axis',(0.,-1.,0.));
#12392=DIRECTION('',(0.,-1.,0.));
#12393=DIRECTION('',(0.,0.,1.));
#12394=DIRECTION('',(0.,-1.,0.));
#12395=DIRECTION('',(0.,0.,1.));
#12396=DIRECTION('center_axis',(0.,1.,0.));
#12397=DIRECTION('ref_axis',(-1.,0.,0.));
#12398=DIRECTION('',(-1.,0.,0.));
#12399=DIRECTION('',(0.,0.,1.));
#12400=DIRECTION('center_axis',(0.,0.,1.));
#12401=DIRECTION('ref_axis',(1.,0.,0.));
#12402=DIRECTION('',(1.,0.,0.));
#12403=DIRECTION('',(0.,1.,0.));
#12404=DIRECTION('center_axis',(0.,0.,1.));
#12405=DIRECTION('ref_axis',(1.,0.,0.));
#12406=DIRECTION('',(1.,0.,0.));
#12407=DIRECTION('',(0.,1.,0.));
#12408=DIRECTION('',(1.,0.,0.));
#12409=DIRECTION('center_axis',(0.,0.,1.));
#12410=DIRECTION('ref_axis',(1.,0.,0.));
#12411=DIRECTION('',(-1.,0.,0.));
#12412=DIRECTION('',(0.,-1.,0.));
#12413=DIRECTION('',(1.,0.,0.));
#12414=DIRECTION('',(0.,1.,0.));
#12415=DIRECTION('center_axis',(1.,0.,0.));
#12416=DIRECTION('ref_axis',(0.,1.,0.));
#12417=DIRECTION('',(0.,1.,0.));
#12418=DIRECTION('',(0.,0.,1.));
#12419=DIRECTION('',(0.,0.,1.));
#12420=DIRECTION('center_axis',(0.,-1.,0.));
#12421=DIRECTION('ref_axis',(1.,0.,0.));
#12422=DIRECTION('',(1.,0.,0.));
#12423=DIRECTION('',(1.,0.,0.));
#12424=DIRECTION('',(0.,0.,1.));
#12425=DIRECTION('center_axis',(0.,0.,1.));
#12426=DIRECTION('ref_axis',(1.,0.,0.));
#12427=DIRECTION('',(0.,-1.,0.));
#12428=DIRECTION('',(-1.,0.,0.));
#12429=DIRECTION('center_axis',(0.,0.,1.));
#12430=DIRECTION('ref_axis',(1.,0.,0.));
#12431=DIRECTION('',(0.,-1.,0.));
#12432=DIRECTION('',(-1.,0.,0.));
#12433=DIRECTION('',(0.,-1.,0.));
#12434=DIRECTION('center_axis',(0.,0.,1.));
#12435=DIRECTION('ref_axis',(1.,0.,0.));
#12436=DIRECTION('',(0.,-1.,0.));
#12437=DIRECTION('',(1.,0.,0.));
#12438=DIRECTION('',(0.,1.,0.));
#12439=DIRECTION('',(-1.,0.,0.));
#12440=DIRECTION('center_axis',(0.,1.,0.));
#12441=DIRECTION('ref_axis',(-1.,0.,0.));
#12442=DIRECTION('',(-1.,0.,0.));
#12443=DIRECTION('',(0.,0.,1.));
#12444=DIRECTION('',(0.,0.,1.));
#12445=DIRECTION('center_axis',(1.,0.,0.));
#12446=DIRECTION('ref_axis',(0.,1.,0.));
#12447=DIRECTION('',(0.,1.,0.));
#12448=DIRECTION('',(0.,0.,1.));
#12449=DIRECTION('center_axis',(0.,0.,1.));
#12450=DIRECTION('ref_axis',(1.,0.,0.));
#12451=DIRECTION('',(1.,0.,0.));
#12452=DIRECTION('',(0.,-1.,0.));
#12453=DIRECTION('center_axis',(-1.,0.,0.));
#12454=DIRECTION('ref_axis',(0.,-1.,0.));
#12455=DIRECTION('',(0.,0.,1.));
#12456=DIRECTION('',(0.,0.,1.));
#12457=DIRECTION('center_axis',(0.,1.,0.));
#12458=DIRECTION('ref_axis',(-1.,0.,0.));
#12459=DIRECTION('',(0.,0.,1.));
#12460=DIRECTION('center_axis',(1.,0.,0.));
#12461=DIRECTION('ref_axis',(0.,1.,0.));
#12462=DIRECTION('',(0.,0.,1.));
#12463=DIRECTION('center_axis',(0.,-1.,0.));
#12464=DIRECTION('ref_axis',(1.,0.,0.));
#12465=DIRECTION('center_axis',(-1.,0.,0.));
#12466=DIRECTION('ref_axis',(0.,-1.,0.));
#12467=DIRECTION('',(0.,0.,1.));
#12468=DIRECTION('',(0.,0.,1.));
#12469=DIRECTION('center_axis',(0.,1.,0.));
#12470=DIRECTION('ref_axis',(-1.,0.,0.));
#12471=DIRECTION('',(0.,0.,1.));
#12472=DIRECTION('center_axis',(1.,0.,0.));
#12473=DIRECTION('ref_axis',(0.,1.,0.));
#12474=DIRECTION('',(0.,0.,1.));
#12475=DIRECTION('center_axis',(0.,-1.,0.));
#12476=DIRECTION('ref_axis',(1.,0.,0.));
#12477=DIRECTION('axis',(0.,0.,1.));
#12478=DIRECTION('refdir',(1.,0.,0.));
#12479=DIRECTION('center_axis',(-1.,0.,0.));
#12480=DIRECTION('ref_axis',(0.,-1.,0.));
#12481=DIRECTION('',(0.,0.,1.));
#12482=DIRECTION('',(0.,-1.,0.));
#12483=DIRECTION('',(0.,0.,-1.));
#12484=DIRECTION('',(0.,-1.,0.));
#12485=DIRECTION('center_axis',(-1.,0.,0.));
#12486=DIRECTION('ref_axis',(0.,-1.,0.));
#12487=DIRECTION('',(0.,0.,-1.));
#12488=DIRECTION('',(0.,-1.,0.));
#12489=DIRECTION('',(0.,0.,1.));
#12490=DIRECTION('',(0.,-1.,0.));
#12491=DIRECTION('center_axis',(0.,0.,1.));
#12492=DIRECTION('ref_axis',(1.,0.,0.));
#12493=DIRECTION('center_axis',(0.,0.,-1.));
#12494=DIRECTION('ref_axis',(-1.,0.,0.));
#12495=DIRECTION('center_axis',(0.,0.,1.));
#12496=DIRECTION('ref_axis',(-1.,0.,0.));
#12497=DIRECTION('',(0.,1.,0.));
#12498=DIRECTION('center_axis',(0.,0.,1.));
#12499=DIRECTION('ref_axis',(1.,0.,0.));
#12500=DIRECTION('center_axis',(0.,0.,1.));
#12501=DIRECTION('ref_axis',(-1.,0.,0.));
#12502=DIRECTION('',(0.,1.,0.));
#12503=DIRECTION('center_axis',(0.,0.,-1.));
#12504=DIRECTION('ref_axis',(-1.,0.,0.));
#12505=DIRECTION('center_axis',(0.,0.,1.));
#12506=DIRECTION('ref_axis',(1.,0.,0.));
#12507=DIRECTION('center_axis',(0.,0.,1.));
#12508=DIRECTION('ref_axis',(-1.,0.,0.));
#12509=DIRECTION('center_axis',(0.,0.,-1.));
#12510=DIRECTION('ref_axis',(-1.,0.,0.));
#12511=DIRECTION('',(0.,1.,0.));
#12512=DIRECTION('center_axis',(1.,0.,0.));
#12513=DIRECTION('ref_axis',(0.,1.,0.));
#12514=DIRECTION('',(0.,0.,-1.));
#12515=DIRECTION('',(0.,0.,1.));
#12516=DIRECTION('center_axis',(1.,0.,0.));
#12517=DIRECTION('ref_axis',(0.,1.,0.));
#12518=DIRECTION('',(0.,0.,1.));
#12519=DIRECTION('',(0.,0.,-1.));
#12520=DIRECTION('',(0.,1.,0.));
#12521=DIRECTION('center_axis',(0.,0.,1.));
#12522=DIRECTION('ref_axis',(1.,0.,0.));
#12523=DIRECTION('center_axis',(0.,0.,-1.));
#12524=DIRECTION('ref_axis',(-1.,0.,0.));
#12525=DIRECTION('center_axis',(0.,0.,1.));
#12526=DIRECTION('ref_axis',(-1.,0.,0.));
#12527=DIRECTION('center_axis',(0.,0.,1.));
#12528=DIRECTION('ref_axis',(-1.,0.,0.));
#12529=DIRECTION('center_axis',(0.,0.,-1.));
#12530=DIRECTION('ref_axis',(-1.,0.,0.));
#12531=DIRECTION('',(0.,0.,1.));
#12532=DIRECTION('center_axis',(0.,0.,-1.));
#12533=DIRECTION('ref_axis',(-1.,0.,0.));
#12534=DIRECTION('center_axis',(0.,0.,1.));
#12535=DIRECTION('ref_axis',(1.,0.,0.));
#12536=DIRECTION('center_axis',(0.,0.,1.));
#12537=DIRECTION('ref_axis',(-1.,0.,0.));
#12538=DIRECTION('center_axis',(0.,0.,1.));
#12539=DIRECTION('ref_axis',(-1.,0.,0.));
#12540=DIRECTION('center_axis',(0.,0.,1.));
#12541=DIRECTION('ref_axis',(-1.,0.,0.));
#12542=DIRECTION('',(0.,0.,1.));
#12543=DIRECTION('center_axis',(0.,0.,1.));
#12544=DIRECTION('ref_axis',(-1.,0.,0.));
#12545=DIRECTION('center_axis',(0.,0.,1.));
#12546=DIRECTION('ref_axis',(-1.,0.,0.));
#12547=DIRECTION('',(0.,0.,-1.));
#12548=DIRECTION('center_axis',(0.,0.,-1.));
#12549=DIRECTION('ref_axis',(-1.,0.,0.));
#12550=DIRECTION('center_axis',(0.,0.,1.));
#12551=DIRECTION('ref_axis',(1.,0.,0.));
#12552=DIRECTION('center_axis',(0.,0.,1.));
#12553=DIRECTION('ref_axis',(1.,0.,0.));
#12554=DIRECTION('axis',(0.,0.,1.));
#12555=DIRECTION('refdir',(1.,0.,0.));
#12556=DIRECTION('center_axis',(0.,0.,1.));
#12557=DIRECTION('ref_axis',(-1.,0.,0.));
#12558=DIRECTION('center_axis',(0.,0.,1.));
#12559=DIRECTION('ref_axis',(-1.,0.,0.));
#12560=DIRECTION('',(0.,0.,1.));
#12561=DIRECTION('center_axis',(0.,0.,-1.));
#12562=DIRECTION('ref_axis',(-1.,0.,0.));
#12563=DIRECTION('center_axis',(0.,0.,1.));
#12564=DIRECTION('ref_axis',(-1.,0.,0.));
#12565=DIRECTION('center_axis',(0.,0.,1.));
#12566=DIRECTION('ref_axis',(-1.,0.,0.));
#12567=DIRECTION('',(0.,0.,-1.));
#12568=DIRECTION('center_axis',(0.,0.,-1.));
#12569=DIRECTION('ref_axis',(-1.,0.,0.));
#12570=DIRECTION('center_axis',(0.,0.,1.));
#12571=DIRECTION('ref_axis',(1.,0.,0.));
#12572=DIRECTION('center_axis',(0.,0.,1.));
#12573=DIRECTION('ref_axis',(1.,0.,0.));
#12574=DIRECTION('axis',(0.,0.,1.));
#12575=DIRECTION('refdir',(1.,0.,0.));
#12576=DIRECTION('center_axis',(0.,0.,1.));
#12577=DIRECTION('ref_axis',(-1.,0.,0.));
#12578=DIRECTION('center_axis',(0.,0.,1.));
#12579=DIRECTION('ref_axis',(-1.,0.,0.));
#12580=DIRECTION('',(0.,0.,1.));
#12581=DIRECTION('center_axis',(0.,0.,-1.));
#12582=DIRECTION('ref_axis',(-1.,0.,0.));
#12583=DIRECTION('center_axis',(0.,0.,1.));
#12584=DIRECTION('ref_axis',(-1.,0.,0.));
#12585=DIRECTION('center_axis',(0.,0.,1.));
#12586=DIRECTION('ref_axis',(-1.,0.,0.));
#12587=DIRECTION('',(0.,0.,-1.));
#12588=DIRECTION('center_axis',(0.,0.,-1.));
#12589=DIRECTION('ref_axis',(-1.,0.,0.));
#12590=DIRECTION('center_axis',(0.,0.,1.));
#12591=DIRECTION('ref_axis',(1.,0.,0.));
#12592=DIRECTION('center_axis',(0.,0.,1.));
#12593=DIRECTION('ref_axis',(1.,0.,0.));
#12594=DIRECTION('axis',(0.,0.,1.));
#12595=DIRECTION('refdir',(1.,0.,0.));
#12596=DIRECTION('center_axis',(0.,0.,1.));
#12597=DIRECTION('ref_axis',(-1.,0.,0.));
#12598=DIRECTION('center_axis',(0.,0.,-1.));
#12599=DIRECTION('ref_axis',(-1.,0.,0.));
#12600=DIRECTION('',(0.,0.,1.));
#12601=DIRECTION('center_axis',(0.,0.,-1.));
#12602=DIRECTION('ref_axis',(-1.,0.,0.));
#12603=DIRECTION('center_axis',(0.,0.,1.));
#12604=DIRECTION('ref_axis',(1.,0.,0.));
#12605=DIRECTION('center_axis',(0.,0.,1.));
#12606=DIRECTION('ref_axis',(-1.,0.,0.));
#12607=DIRECTION('center_axis',(0.,0.,-1.));
#12608=DIRECTION('ref_axis',(-1.,0.,0.));
#12609=DIRECTION('',(0.,0.,1.));
#12610=DIRECTION('center_axis',(0.,0.,-1.));
#12611=DIRECTION('ref_axis',(-1.,0.,0.));
#12612=DIRECTION('center_axis',(0.,0.,1.));
#12613=DIRECTION('ref_axis',(1.,0.,0.));
#12614=DIRECTION('center_axis',(0.,0.,1.));
#12615=DIRECTION('ref_axis',(-1.,0.,0.));
#12616=DIRECTION('center_axis',(0.,0.,-1.));
#12617=DIRECTION('ref_axis',(-1.,0.,0.));
#12618=DIRECTION('',(0.,0.,1.));
#12619=DIRECTION('center_axis',(0.,0.,-1.));
#12620=DIRECTION('ref_axis',(-1.,0.,0.));
#12621=DIRECTION('center_axis',(0.,0.,1.));
#12622=DIRECTION('ref_axis',(1.,0.,0.));
#12623=DIRECTION('center_axis',(0.,0.,1.));
#12624=DIRECTION('ref_axis',(-1.,0.,0.));
#12625=DIRECTION('center_axis',(0.,0.,-1.));
#12626=DIRECTION('ref_axis',(-1.,0.,0.));
#12627=DIRECTION('',(0.,0.,1.));
#12628=DIRECTION('center_axis',(0.,0.,-1.));
#12629=DIRECTION('ref_axis',(-1.,0.,0.));
#12630=DIRECTION('center_axis',(0.,0.,1.));
#12631=DIRECTION('ref_axis',(1.,0.,0.));
#12632=DIRECTION('center_axis',(0.,0.,1.));
#12633=DIRECTION('ref_axis',(-1.,0.,0.));
#12634=DIRECTION('center_axis',(0.,0.,-1.));
#12635=DIRECTION('ref_axis',(-1.,0.,0.));
#12636=DIRECTION('',(0.,0.,1.));
#12637=DIRECTION('center_axis',(0.,0.,-1.));
#12638=DIRECTION('ref_axis',(-1.,0.,0.));
#12639=DIRECTION('center_axis',(0.,0.,1.));
#12640=DIRECTION('ref_axis',(1.,0.,0.));
#12641=DIRECTION('center_axis',(0.,0.,1.));
#12642=DIRECTION('ref_axis',(-1.,0.,0.));
#12643=DIRECTION('center_axis',(0.,0.,-1.));
#12644=DIRECTION('ref_axis',(-1.,0.,0.));
#12645=DIRECTION('',(0.,0.,1.));
#12646=DIRECTION('center_axis',(0.,0.,-1.));
#12647=DIRECTION('ref_axis',(-1.,0.,0.));
#12648=DIRECTION('center_axis',(0.,0.,1.));
#12649=DIRECTION('ref_axis',(1.,0.,0.));
#12650=DIRECTION('center_axis',(0.,0.,1.));
#12651=DIRECTION('ref_axis',(-1.,0.,0.));
#12652=DIRECTION('center_axis',(0.,0.,-1.));
#12653=DIRECTION('ref_axis',(-1.,0.,0.));
#12654=DIRECTION('',(0.,0.,1.));
#12655=DIRECTION('center_axis',(0.,0.,-1.));
#12656=DIRECTION('ref_axis',(-1.,0.,0.));
#12657=DIRECTION('center_axis',(0.,0.,1.));
#12658=DIRECTION('ref_axis',(1.,0.,0.));
#12659=DIRECTION('center_axis',(0.,0.,1.));
#12660=DIRECTION('ref_axis',(-1.,0.,0.));
#12661=DIRECTION('center_axis',(0.,0.,1.));
#12662=DIRECTION('ref_axis',(-1.,0.,0.));
#12663=DIRECTION('',(0.,0.,-1.));
#12664=DIRECTION('center_axis',(0.,0.,-1.));
#12665=DIRECTION('ref_axis',(-1.,0.,0.));
#12666=DIRECTION('center_axis',(0.,0.,1.));
#12667=DIRECTION('ref_axis',(1.,0.,0.));
#12668=DIRECTION('center_axis',(0.,0.,1.));
#12669=DIRECTION('ref_axis',(-1.,0.,0.));
#12670=DIRECTION('center_axis',(0.,0.,1.));
#12671=DIRECTION('ref_axis',(-1.,0.,0.));
#12672=DIRECTION('',(0.,0.,-1.));
#12673=DIRECTION('center_axis',(0.,0.,-1.));
#12674=DIRECTION('ref_axis',(-1.,0.,0.));
#12675=DIRECTION('center_axis',(0.,0.,1.));
#12676=DIRECTION('ref_axis',(1.,0.,0.));
#12677=DIRECTION('center_axis',(0.,0.,1.));
#12678=DIRECTION('ref_axis',(1.,0.,0.));
#12679=DIRECTION('axis',(0.,0.,1.));
#12680=DIRECTION('refdir',(1.,0.,0.));
#12681=DIRECTION('center_axis',(0.,0.,1.));
#12682=DIRECTION('ref_axis',(-1.,0.,0.));
#12683=DIRECTION('center_axis',(0.,0.,1.));
#12684=DIRECTION('ref_axis',(-1.,0.,0.));
#12685=DIRECTION('',(0.,0.,-1.));
#12686=DIRECTION('center_axis',(0.,0.,-1.));
#12687=DIRECTION('ref_axis',(-1.,0.,0.));
#12688=DIRECTION('center_axis',(0.,0.,1.));
#12689=DIRECTION('ref_axis',(1.,0.,0.));
#12690=DIRECTION('center_axis',(0.,0.,1.));
#12691=DIRECTION('ref_axis',(1.,0.,0.));
#12692=DIRECTION('axis',(0.,0.,1.));
#12693=DIRECTION('refdir',(1.,0.,0.));
#12694=DIRECTION('center_axis',(0.,0.,1.));
#12695=DIRECTION('ref_axis',(-1.,0.,0.));
#12696=DIRECTION('center_axis',(0.,0.,1.));
#12697=DIRECTION('ref_axis',(-1.,0.,0.));
#12698=DIRECTION('',(0.,0.,1.));
#12699=DIRECTION('center_axis',(0.,0.,-1.));
#12700=DIRECTION('ref_axis',(-1.,0.,0.));
#12701=DIRECTION('center_axis',(0.,0.,1.));
#12702=DIRECTION('ref_axis',(-1.,0.,0.));
#12703=DIRECTION('center_axis',(0.,0.,1.));
#12704=DIRECTION('ref_axis',(-1.,0.,0.));
#12705=DIRECTION('',(0.,0.,1.));
#12706=DIRECTION('center_axis',(0.,0.,-1.));
#12707=DIRECTION('ref_axis',(-1.,0.,0.));
#12708=DIRECTION('center_axis',(0.,0.,1.));
#12709=DIRECTION('ref_axis',(-1.,0.,0.));
#12710=DIRECTION('center_axis',(0.,0.,1.));
#12711=DIRECTION('ref_axis',(-1.,0.,0.));
#12712=DIRECTION('',(0.,0.,1.));
#12713=DIRECTION('center_axis',(0.,0.,-1.));
#12714=DIRECTION('ref_axis',(-1.,0.,0.));
#12715=DIRECTION('center_axis',(0.,0.,1.));
#12716=DIRECTION('ref_axis',(-1.,0.,0.));
#12717=DIRECTION('center_axis',(0.,0.,1.));
#12718=DIRECTION('ref_axis',(-1.,0.,0.));
#12719=DIRECTION('',(0.,0.,1.));
#12720=DIRECTION('center_axis',(0.,0.,-1.));
#12721=DIRECTION('ref_axis',(-1.,0.,0.));
#12722=DIRECTION('center_axis',(0.,0.,1.));
#12723=DIRECTION('ref_axis',(-1.,0.,0.));
#12724=DIRECTION('center_axis',(0.,0.,1.));
#12725=DIRECTION('ref_axis',(-1.,0.,0.));
#12726=DIRECTION('',(0.,0.,1.));
#12727=DIRECTION('center_axis',(0.,0.,-1.));
#12728=DIRECTION('ref_axis',(-1.,0.,0.));
#12729=DIRECTION('center_axis',(0.,0.,1.));
#12730=DIRECTION('ref_axis',(-1.,0.,0.));
#12731=DIRECTION('center_axis',(0.,0.,1.));
#12732=DIRECTION('ref_axis',(-1.,0.,0.));
#12733=DIRECTION('',(0.,0.,-1.));
#12734=DIRECTION('center_axis',(0.,0.,-1.));
#12735=DIRECTION('ref_axis',(-1.,0.,0.));
#12736=DIRECTION('center_axis',(0.,0.,1.));
#12737=DIRECTION('ref_axis',(1.,0.,0.));
#12738=DIRECTION('center_axis',(0.,0.,1.));
#12739=DIRECTION('ref_axis',(1.,0.,0.));
#12740=DIRECTION('axis',(0.,0.,1.));
#12741=DIRECTION('refdir',(1.,0.,0.));
#12742=DIRECTION('center_axis',(0.,0.,1.));
#12743=DIRECTION('ref_axis',(-1.,0.,0.));
#12744=DIRECTION('center_axis',(0.,0.,1.));
#12745=DIRECTION('ref_axis',(-1.,0.,0.));
#12746=DIRECTION('',(0.,0.,1.));
#12747=DIRECTION('center_axis',(0.,0.,-1.));
#12748=DIRECTION('ref_axis',(-1.,0.,0.));
#12749=DIRECTION('center_axis',(0.,0.,1.));
#12750=DIRECTION('ref_axis',(-1.,0.,0.));
#12751=DIRECTION('center_axis',(0.,0.,1.));
#12752=DIRECTION('ref_axis',(-1.,0.,0.));
#12753=DIRECTION('',(0.,0.,1.));
#12754=DIRECTION('center_axis',(0.,0.,-1.));
#12755=DIRECTION('ref_axis',(-1.,0.,0.));
#12756=DIRECTION('center_axis',(0.,0.,1.));
#12757=DIRECTION('ref_axis',(-1.,0.,0.));
#12758=DIRECTION('center_axis',(0.,0.,1.));
#12759=DIRECTION('ref_axis',(-1.,0.,0.));
#12760=DIRECTION('',(0.,0.,1.));
#12761=DIRECTION('center_axis',(0.,0.,-1.));
#12762=DIRECTION('ref_axis',(-1.,0.,0.));
#12763=DIRECTION('center_axis',(0.,0.,1.));
#12764=DIRECTION('ref_axis',(-1.,0.,0.));
#12765=DIRECTION('center_axis',(0.,0.,1.));
#12766=DIRECTION('ref_axis',(-1.,0.,0.));
#12767=DIRECTION('',(0.,0.,1.));
#12768=DIRECTION('center_axis',(0.,0.,-1.));
#12769=DIRECTION('ref_axis',(-1.,0.,0.));
#12770=DIRECTION('center_axis',(0.,0.,1.));
#12771=DIRECTION('ref_axis',(-1.,0.,0.));
#12772=DIRECTION('center_axis',(0.,0.,1.));
#12773=DIRECTION('ref_axis',(-1.,0.,0.));
#12774=DIRECTION('',(0.,0.,1.));
#12775=DIRECTION('center_axis',(0.,0.,-1.));
#12776=DIRECTION('ref_axis',(-1.,0.,0.));
#12777=DIRECTION('center_axis',(0.,0.,1.));
#12778=DIRECTION('ref_axis',(-1.,0.,0.));
#12779=DIRECTION('center_axis',(0.,0.,1.));
#12780=DIRECTION('ref_axis',(-1.,0.,0.));
#12781=DIRECTION('',(0.,0.,-1.));
#12782=DIRECTION('center_axis',(0.,0.,-1.));
#12783=DIRECTION('ref_axis',(-1.,0.,0.));
#12784=DIRECTION('center_axis',(0.,0.,1.));
#12785=DIRECTION('ref_axis',(1.,0.,0.));
#12786=DIRECTION('center_axis',(0.,0.,1.));
#12787=DIRECTION('ref_axis',(1.,0.,0.));
#12788=DIRECTION('axis',(0.,0.,1.));
#12789=DIRECTION('refdir',(1.,0.,0.));
#12790=DIRECTION('center_axis',(0.,0.,1.));
#12791=DIRECTION('ref_axis',(-1.,0.,0.));
#12792=DIRECTION('center_axis',(0.,0.,1.));
#12793=DIRECTION('ref_axis',(-1.,0.,0.));
#12794=DIRECTION('',(0.,0.,-1.));
#12795=DIRECTION('center_axis',(0.,0.,-1.));
#12796=DIRECTION('ref_axis',(-1.,0.,0.));
#12797=DIRECTION('center_axis',(0.,0.,1.));
#12798=DIRECTION('ref_axis',(1.,0.,0.));
#12799=DIRECTION('center_axis',(0.,0.,1.));
#12800=DIRECTION('ref_axis',(1.,0.,0.));
#12801=DIRECTION('axis',(0.,0.,1.));
#12802=DIRECTION('refdir',(1.,0.,0.));
#12803=DIRECTION('center_axis',(0.,0.,1.));
#12804=DIRECTION('ref_axis',(-1.,0.,0.));
#12805=DIRECTION('center_axis',(0.,0.,1.));
#12806=DIRECTION('ref_axis',(-1.,0.,0.));
#12807=DIRECTION('',(0.,0.,1.));
#12808=DIRECTION('center_axis',(0.,0.,-1.));
#12809=DIRECTION('ref_axis',(-1.,0.,0.));
#12810=DIRECTION('center_axis',(0.,0.,1.));
#12811=DIRECTION('ref_axis',(-1.,0.,0.));
#12812=DIRECTION('center_axis',(0.,0.,1.));
#12813=DIRECTION('ref_axis',(-1.,0.,0.));
#12814=DIRECTION('',(0.,0.,1.));
#12815=DIRECTION('center_axis',(0.,0.,-1.));
#12816=DIRECTION('ref_axis',(-1.,0.,0.));
#12817=DIRECTION('center_axis',(0.,0.,1.));
#12818=DIRECTION('ref_axis',(-1.,0.,0.));
#12819=DIRECTION('center_axis',(0.,0.,1.));
#12820=DIRECTION('ref_axis',(-1.,0.,0.));
#12821=DIRECTION('',(0.,0.,1.));
#12822=DIRECTION('center_axis',(0.,0.,-1.));
#12823=DIRECTION('ref_axis',(-1.,0.,0.));
#12824=DIRECTION('center_axis',(0.,0.,1.));
#12825=DIRECTION('ref_axis',(-1.,0.,0.));
#12826=DIRECTION('center_axis',(0.,0.,1.));
#12827=DIRECTION('ref_axis',(-1.,0.,0.));
#12828=DIRECTION('',(0.,0.,1.));
#12829=DIRECTION('center_axis',(0.,0.,-1.));
#12830=DIRECTION('ref_axis',(-1.,0.,0.));
#12831=DIRECTION('center_axis',(-1.,0.,0.));
#12832=DIRECTION('ref_axis',(0.,-1.,0.));
#12833=DIRECTION('',(0.,-1.,0.));
#12834=DIRECTION('',(0.,0.,1.));
#12835=DIRECTION('',(0.,-1.,0.));
#12836=DIRECTION('',(0.,0.,1.));
#12837=DIRECTION('center_axis',(0.,1.,0.));
#12838=DIRECTION('ref_axis',(-1.,0.,0.));
#12839=DIRECTION('',(-1.,0.,0.));
#12840=DIRECTION('',(-1.,0.,0.));
#12841=DIRECTION('',(0.,0.,1.));
#12842=DIRECTION('center_axis',(1.,0.,0.));
#12843=DIRECTION('ref_axis',(0.,1.,0.));
#12844=DIRECTION('',(0.,1.,0.));
#12845=DIRECTION('',(0.,1.,0.));
#12846=DIRECTION('',(0.,0.,1.));
#12847=DIRECTION('center_axis',(0.,-1.,0.));
#12848=DIRECTION('ref_axis',(1.,0.,0.));
#12849=DIRECTION('',(1.,0.,0.));
#12850=DIRECTION('',(1.,0.,0.));
#12851=DIRECTION('center_axis',(0.,0.,1.));
#12852=DIRECTION('ref_axis',(1.,0.,0.));
#12853=DIRECTION('center_axis',(0.,0.,1.));
#12854=DIRECTION('ref_axis',(1.,0.,0.));
#12855=DIRECTION('axis',(0.,0.,1.));
#12856=DIRECTION('refdir',(1.,0.,0.));
#12857=DIRECTION('center_axis',(0.,0.,1.));
#12858=DIRECTION('ref_axis',(-1.,0.,0.));
#12859=DIRECTION('center_axis',(0.,0.,1.));
#12860=DIRECTION('ref_axis',(-1.,0.,0.));
#12861=DIRECTION('',(0.,0.,1.));
#12862=DIRECTION('center_axis',(0.,0.,-1.));
#12863=DIRECTION('ref_axis',(-1.,0.,0.));
#12864=DIRECTION('center_axis',(0.,0.,1.));
#12865=DIRECTION('ref_axis',(-1.,0.,0.));
#12866=DIRECTION('center_axis',(0.,0.,1.));
#12867=DIRECTION('ref_axis',(-1.,0.,0.));
#12868=DIRECTION('',(0.,0.,-1.));
#12869=DIRECTION('center_axis',(0.,0.,-1.));
#12870=DIRECTION('ref_axis',(-1.,0.,0.));
#12871=DIRECTION('center_axis',(0.,0.,1.));
#12872=DIRECTION('ref_axis',(1.,0.,0.));
#12873=DIRECTION('center_axis',(0.,0.,1.));
#12874=DIRECTION('ref_axis',(1.,0.,0.));
#12875=DIRECTION('axis',(0.,0.,1.));
#12876=DIRECTION('refdir',(1.,0.,0.));
#12877=DIRECTION('center_axis',(1.,0.,0.));
#12878=DIRECTION('ref_axis',(0.,1.,0.));
#12879=DIRECTION('',(0.,0.,-1.));
#12880=DIRECTION('',(0.,-1.,0.));
#12881=DIRECTION('',(0.,0.,1.));
#12882=DIRECTION('',(0.,1.,0.));
#12883=DIRECTION('center_axis',(-1.,0.,0.));
#12884=DIRECTION('ref_axis',(0.,-1.,0.));
#12885=DIRECTION('',(0.,0.,1.));
#12886=DIRECTION('',(0.,-1.,0.));
#12887=DIRECTION('',(0.,0.,-1.));
#12888=DIRECTION('',(0.,1.,0.));
#12889=DIRECTION('center_axis',(0.,0.,1.));
#12890=DIRECTION('ref_axis',(1.,0.,0.));
#12891=DIRECTION('center_axis',(0.,0.,1.));
#12892=DIRECTION('ref_axis',(-1.,0.,0.));
#12893=DIRECTION('center_axis',(0.,0.,-1.));
#12894=DIRECTION('ref_axis',(-1.,0.,0.));
#12895=DIRECTION('center_axis',(0.,0.,1.));
#12896=DIRECTION('ref_axis',(-6.12323399573677E-17,-1.,0.));
#12897=DIRECTION('center_axis',(0.,0.,1.));
#12898=DIRECTION('ref_axis',(-1.,0.,0.));
#12899=DIRECTION('center_axis',(0.,0.,1.));
#12900=DIRECTION('ref_axis',(-6.12323399573677E-17,-1.,0.));
#12901=DIRECTION('center_axis',(0.,0.,-1.));
#12902=DIRECTION('ref_axis',(-1.,0.,0.));
#12903=DIRECTION('center_axis',(0.,0.,1.));
#12904=DIRECTION('ref_axis',(1.,0.,0.));
#12905=DIRECTION('axis',(0.,0.,1.));
#12906=DIRECTION('refdir',(1.,0.,0.));
#12907=DIRECTION('center_axis',(0.,0.,1.));
#12908=DIRECTION('ref_axis',(-1.,0.,0.));
#12909=DIRECTION('center_axis',(0.,0.,1.));
#12910=DIRECTION('ref_axis',(-1.,0.,0.));
#12911=DIRECTION('',(0.,0.,1.));
#12912=DIRECTION('center_axis',(0.,0.,-1.));
#12913=DIRECTION('ref_axis',(-1.,0.,0.));
#12914=DIRECTION('center_axis',(0.,0.,1.));
#12915=DIRECTION('ref_axis',(-1.,0.,0.));
#12916=DIRECTION('center_axis',(0.,0.,1.));
#12917=DIRECTION('ref_axis',(-1.,0.,0.));
#12918=DIRECTION('',(0.,0.,-1.));
#12919=DIRECTION('center_axis',(0.,0.,-1.));
#12920=DIRECTION('ref_axis',(-1.,0.,0.));
#12921=DIRECTION('center_axis',(0.,0.,1.));
#12922=DIRECTION('ref_axis',(1.,0.,0.));
#12923=DIRECTION('center_axis',(0.,0.,1.));
#12924=DIRECTION('ref_axis',(1.,0.,0.));
#12925=DIRECTION('axis',(0.,0.,1.));
#12926=DIRECTION('refdir',(1.,0.,0.));
#12927=DIRECTION('center_axis',(0.,0.,1.));
#12928=DIRECTION('ref_axis',(-1.,0.,0.));
#12929=DIRECTION('center_axis',(0.,0.,1.));
#12930=DIRECTION('ref_axis',(-1.,0.,0.));
#12931=DIRECTION('',(0.,0.,1.));
#12932=DIRECTION('center_axis',(0.,0.,-1.));
#12933=DIRECTION('ref_axis',(-1.,0.,0.));
#12934=DIRECTION('center_axis',(0.,0.,1.));
#12935=DIRECTION('ref_axis',(-1.,0.,0.));
#12936=DIRECTION('center_axis',(0.,0.,1.));
#12937=DIRECTION('ref_axis',(-1.,0.,0.));
#12938=DIRECTION('',(0.,0.,-1.));
#12939=DIRECTION('center_axis',(0.,0.,-1.));
#12940=DIRECTION('ref_axis',(-1.,0.,0.));
#12941=DIRECTION('center_axis',(0.,0.,1.));
#12942=DIRECTION('ref_axis',(1.,0.,0.));
#12943=DIRECTION('center_axis',(0.,0.,1.));
#12944=DIRECTION('ref_axis',(1.,0.,0.));
#12945=DIRECTION('axis',(0.,0.,1.));
#12946=DIRECTION('refdir',(1.,0.,0.));
#12947=DIRECTION('center_axis',(0.,0.,1.));
#12948=DIRECTION('ref_axis',(-1.,0.,0.));
#12949=DIRECTION('center_axis',(0.,0.,1.));
#12950=DIRECTION('ref_axis',(-1.,0.,0.));
#12951=DIRECTION('',(0.,0.,1.));
#12952=DIRECTION('center_axis',(0.,0.,-1.));
#12953=DIRECTION('ref_axis',(-1.,0.,0.));
#12954=DIRECTION('center_axis',(0.,0.,1.));
#12955=DIRECTION('ref_axis',(-1.,0.,0.));
#12956=DIRECTION('center_axis',(0.,0.,1.));
#12957=DIRECTION('ref_axis',(-1.,0.,0.));
#12958=DIRECTION('',(0.,0.,-1.));
#12959=DIRECTION('center_axis',(0.,0.,-1.));
#12960=DIRECTION('ref_axis',(-1.,0.,0.));
#12961=DIRECTION('center_axis',(0.,0.,1.));
#12962=DIRECTION('ref_axis',(1.,0.,0.));
#12963=DIRECTION('center_axis',(0.,0.,1.));
#12964=DIRECTION('ref_axis',(1.,0.,0.));
#12965=DIRECTION('axis',(0.,0.,1.));
#12966=DIRECTION('refdir',(1.,0.,0.));
#12967=DIRECTION('center_axis',(0.,0.,1.));
#12968=DIRECTION('ref_axis',(-1.,0.,0.));
#12969=DIRECTION('center_axis',(0.,0.,1.));
#12970=DIRECTION('ref_axis',(-1.,0.,0.));
#12971=DIRECTION('',(0.,0.,1.));
#12972=DIRECTION('center_axis',(0.,0.,-1.));
#12973=DIRECTION('ref_axis',(-1.,0.,0.));
#12974=DIRECTION('center_axis',(0.,0.,1.));
#12975=DIRECTION('ref_axis',(-1.,0.,0.));
#12976=DIRECTION('center_axis',(0.,0.,1.));
#12977=DIRECTION('ref_axis',(-1.,0.,0.));
#12978=DIRECTION('',(0.,0.,-1.));
#12979=DIRECTION('center_axis',(0.,0.,-1.));
#12980=DIRECTION('ref_axis',(-1.,0.,0.));
#12981=DIRECTION('center_axis',(0.,0.,1.));
#12982=DIRECTION('ref_axis',(1.,0.,0.));
#12983=DIRECTION('center_axis',(0.,0.,1.));
#12984=DIRECTION('ref_axis',(1.,0.,0.));
#12985=DIRECTION('axis',(0.,0.,1.));
#12986=DIRECTION('refdir',(1.,0.,0.));
#12987=DIRECTION('center_axis',(0.,0.,1.));
#12988=DIRECTION('ref_axis',(-1.,0.,0.));
#12989=DIRECTION('center_axis',(0.,0.,1.));
#12990=DIRECTION('ref_axis',(-1.,0.,0.));
#12991=DIRECTION('',(0.,0.,-1.));
#12992=DIRECTION('center_axis',(0.,0.,-1.));
#12993=DIRECTION('ref_axis',(-1.,0.,0.));
#12994=DIRECTION('center_axis',(0.,0.,1.));
#12995=DIRECTION('ref_axis',(1.,0.,0.));
#12996=DIRECTION('center_axis',(0.,0.,1.));
#12997=DIRECTION('ref_axis',(1.,0.,0.));
#12998=DIRECTION('axis',(0.,0.,1.));
#12999=DIRECTION('refdir',(1.,0.,0.));
#13000=DIRECTION('center_axis',(0.,0.,1.));
#13001=DIRECTION('ref_axis',(-1.,0.,0.));
#13002=DIRECTION('center_axis',(0.,0.,1.));
#13003=DIRECTION('ref_axis',(-1.,0.,0.));
#13004=DIRECTION('',(0.,0.,-1.));
#13005=DIRECTION('center_axis',(0.,0.,-1.));
#13006=DIRECTION('ref_axis',(-1.,0.,0.));
#13007=DIRECTION('center_axis',(0.,0.,1.));
#13008=DIRECTION('ref_axis',(1.,0.,0.));
#13009=DIRECTION('center_axis',(0.,0.,1.));
#13010=DIRECTION('ref_axis',(1.,0.,0.));
#13011=DIRECTION('axis',(0.,0.,1.));
#13012=DIRECTION('refdir',(1.,0.,0.));
#13013=DIRECTION('center_axis',(0.,0.,1.));
#13014=DIRECTION('ref_axis',(-1.,0.,0.));
#13015=DIRECTION('center_axis',(0.,0.,1.));
#13016=DIRECTION('ref_axis',(-1.,0.,0.));
#13017=DIRECTION('',(0.,0.,1.));
#13018=DIRECTION('center_axis',(0.,0.,-1.));
#13019=DIRECTION('ref_axis',(-1.,0.,0.));
#13020=DIRECTION('center_axis',(0.,0.,1.));
#13021=DIRECTION('ref_axis',(-1.,0.,0.));
#13022=DIRECTION('center_axis',(0.,0.,1.));
#13023=DIRECTION('ref_axis',(-1.,0.,0.));
#13024=DIRECTION('',(0.,0.,1.));
#13025=DIRECTION('center_axis',(0.,0.,-1.));
#13026=DIRECTION('ref_axis',(-1.,0.,0.));
#13027=DIRECTION('center_axis',(-1.,0.,0.));
#13028=DIRECTION('ref_axis',(0.,-1.,0.));
#13029=DIRECTION('',(0.,-1.,0.));
#13030=DIRECTION('',(0.,0.,1.));
#13031=DIRECTION('',(0.,-1.,0.));
#13032=DIRECTION('',(0.,0.,1.));
#13033=DIRECTION('center_axis',(0.,1.,0.));
#13034=DIRECTION('ref_axis',(-1.,0.,0.));
#13035=DIRECTION('',(-1.,0.,0.));
#13036=DIRECTION('',(-1.,0.,0.));
#13037=DIRECTION('',(0.,0.,1.));
#13038=DIRECTION('center_axis',(1.,0.,0.));
#13039=DIRECTION('ref_axis',(0.,1.,0.));
#13040=DIRECTION('',(0.,1.,0.));
#13041=DIRECTION('',(0.,1.,0.));
#13042=DIRECTION('',(0.,0.,1.));
#13043=DIRECTION('center_axis',(0.,-1.,0.));
#13044=DIRECTION('ref_axis',(1.,0.,0.));
#13045=DIRECTION('',(1.,0.,0.));
#13046=DIRECTION('',(1.,0.,0.));
#13047=DIRECTION('center_axis',(0.,0.,1.));
#13048=DIRECTION('ref_axis',(1.,0.,0.));
#13049=DIRECTION('center_axis',(0.,0.,1.));
#13050=DIRECTION('ref_axis',(1.,0.,0.));
#13051=DIRECTION('axis',(0.,0.,1.));
#13052=DIRECTION('refdir',(1.,0.,0.));
#13053=DIRECTION('center_axis',(0.,0.,1.));
#13054=DIRECTION('ref_axis',(-1.,0.,0.));
#13055=DIRECTION('center_axis',(0.,0.,1.));
#13056=DIRECTION('ref_axis',(-1.,0.,0.));
#13057=DIRECTION('',(0.,0.,1.));
#13058=DIRECTION('center_axis',(0.,0.,-1.));
#13059=DIRECTION('ref_axis',(-1.,0.,0.));
#13060=DIRECTION('center_axis',(0.,0.,1.));
#13061=DIRECTION('ref_axis',(-1.,0.,0.));
#13062=DIRECTION('center_axis',(0.,0.,1.));
#13063=DIRECTION('ref_axis',(-1.,0.,0.));
#13064=DIRECTION('',(0.,0.,1.));
#13065=DIRECTION('center_axis',(0.,0.,-1.));
#13066=DIRECTION('ref_axis',(-1.,0.,0.));
#13067=DIRECTION('center_axis',(-1.,0.,0.));
#13068=DIRECTION('ref_axis',(0.,-1.,0.));
#13069=DIRECTION('',(0.,-1.,0.));
#13070=DIRECTION('',(0.,0.,1.));
#13071=DIRECTION('',(0.,-1.,0.));
#13072=DIRECTION('',(0.,0.,1.));
#13073=DIRECTION('center_axis',(0.,1.,0.));
#13074=DIRECTION('ref_axis',(-1.,0.,0.));
#13075=DIRECTION('',(-1.,0.,0.));
#13076=DIRECTION('',(-1.,0.,0.));
#13077=DIRECTION('',(0.,0.,1.));
#13078=DIRECTION('center_axis',(1.,0.,0.));
#13079=DIRECTION('ref_axis',(0.,1.,0.));
#13080=DIRECTION('',(0.,1.,0.));
#13081=DIRECTION('',(0.,1.,0.));
#13082=DIRECTION('',(0.,0.,1.));
#13083=DIRECTION('center_axis',(0.,-1.,0.));
#13084=DIRECTION('ref_axis',(1.,0.,0.));
#13085=DIRECTION('',(1.,0.,0.));
#13086=DIRECTION('',(1.,0.,0.));
#13087=DIRECTION('center_axis',(0.,0.,1.));
#13088=DIRECTION('ref_axis',(1.,0.,0.));
#13089=DIRECTION('center_axis',(0.,0.,1.));
#13090=DIRECTION('ref_axis',(1.,0.,0.));
#13091=DIRECTION('axis',(0.,0.,1.));
#13092=DIRECTION('refdir',(1.,0.,0.));
#13093=DIRECTION('center_axis',(-1.,0.,0.));
#13094=DIRECTION('ref_axis',(0.,-1.,0.));
#13095=DIRECTION('',(0.,-1.,0.));
#13096=DIRECTION('',(0.,0.,1.));
#13097=DIRECTION('',(0.,-1.,0.));
#13098=DIRECTION('',(0.,0.,1.));
#13099=DIRECTION('center_axis',(0.,1.,0.));
#13100=DIRECTION('ref_axis',(-1.,0.,0.));
#13101=DIRECTION('',(-1.,0.,0.));
#13102=DIRECTION('',(-1.,0.,0.));
#13103=DIRECTION('',(0.,0.,1.));
#13104=DIRECTION('center_axis',(1.,0.,0.));
#13105=DIRECTION('ref_axis',(0.,1.,0.));
#13106=DIRECTION('',(0.,1.,0.));
#13107=DIRECTION('',(0.,1.,0.));
#13108=DIRECTION('',(0.,0.,1.));
#13109=DIRECTION('center_axis',(0.,-1.,0.));
#13110=DIRECTION('ref_axis',(1.,0.,0.));
#13111=DIRECTION('',(1.,0.,0.));
#13112=DIRECTION('',(1.,0.,0.));
#13113=DIRECTION('center_axis',(0.,0.,1.));
#13114=DIRECTION('ref_axis',(1.,0.,0.));
#13115=DIRECTION('center_axis',(0.,0.,1.));
#13116=DIRECTION('ref_axis',(1.,0.,0.));
#13117=DIRECTION('axis',(0.,0.,1.));
#13118=DIRECTION('refdir',(1.,0.,0.));
#13119=DIRECTION('center_axis',(0.,0.,1.));
#13120=DIRECTION('ref_axis',(-1.,0.,0.));
#13121=DIRECTION('center_axis',(0.,0.,1.));
#13122=DIRECTION('ref_axis',(-1.,0.,0.));
#13123=DIRECTION('',(0.,0.,1.));
#13124=DIRECTION('center_axis',(0.,0.,-1.));
#13125=DIRECTION('ref_axis',(-1.,0.,0.));
#13126=DIRECTION('center_axis',(0.,0.,1.));
#13127=DIRECTION('ref_axis',(-1.,0.,0.));
#13128=DIRECTION('center_axis',(0.,0.,1.));
#13129=DIRECTION('ref_axis',(-1.,0.,0.));
#13130=DIRECTION('',(0.,0.,-1.));
#13131=DIRECTION('center_axis',(0.,0.,-1.));
#13132=DIRECTION('ref_axis',(-1.,0.,0.));
#13133=DIRECTION('center_axis',(0.,0.,1.));
#13134=DIRECTION('ref_axis',(1.,0.,0.));
#13135=DIRECTION('center_axis',(0.,0.,1.));
#13136=DIRECTION('ref_axis',(1.,0.,0.));
#13137=DIRECTION('axis',(0.,0.,1.));
#13138=DIRECTION('refdir',(1.,0.,0.));
#13139=DIRECTION('center_axis',(0.,0.,1.));
#13140=DIRECTION('ref_axis',(-1.,0.,0.));
#13141=DIRECTION('center_axis',(0.,0.,1.));
#13142=DIRECTION('ref_axis',(-1.,0.,0.));
#13143=DIRECTION('',(0.,0.,1.));
#13144=DIRECTION('center_axis',(0.,0.,-1.));
#13145=DIRECTION('ref_axis',(-1.,0.,0.));
#13146=DIRECTION('center_axis',(0.,0.,1.));
#13147=DIRECTION('ref_axis',(-1.,0.,0.));
#13148=DIRECTION('center_axis',(0.,0.,1.));
#13149=DIRECTION('ref_axis',(-1.,0.,0.));
#13150=DIRECTION('',(0.,0.,-1.));
#13151=DIRECTION('center_axis',(0.,0.,-1.));
#13152=DIRECTION('ref_axis',(-1.,0.,0.));
#13153=DIRECTION('center_axis',(0.,0.,1.));
#13154=DIRECTION('ref_axis',(1.,0.,0.));
#13155=DIRECTION('center_axis',(0.,0.,1.));
#13156=DIRECTION('ref_axis',(1.,0.,0.));
#13157=DIRECTION('axis',(0.,0.,1.));
#13158=DIRECTION('refdir',(1.,0.,0.));
#13159=DIRECTION('center_axis',(0.,0.,1.));
#13160=DIRECTION('ref_axis',(-1.,0.,0.));
#13161=DIRECTION('center_axis',(0.,0.,1.));
#13162=DIRECTION('ref_axis',(-1.,0.,0.));
#13163=DIRECTION('',(0.,0.,1.));
#13164=DIRECTION('center_axis',(0.,0.,-1.));
#13165=DIRECTION('ref_axis',(-1.,0.,0.));
#13166=DIRECTION('center_axis',(0.,0.,1.));
#13167=DIRECTION('ref_axis',(-1.,0.,0.));
#13168=DIRECTION('center_axis',(0.,0.,1.));
#13169=DIRECTION('ref_axis',(-1.,0.,0.));
#13170=DIRECTION('',(0.,0.,-1.));
#13171=DIRECTION('center_axis',(0.,0.,-1.));
#13172=DIRECTION('ref_axis',(-1.,0.,0.));
#13173=DIRECTION('center_axis',(0.,0.,1.));
#13174=DIRECTION('ref_axis',(1.,0.,0.));
#13175=DIRECTION('center_axis',(0.,0.,1.));
#13176=DIRECTION('ref_axis',(1.,0.,0.));
#13177=DIRECTION('',(0.,0.,1.));
#13178=DIRECTION('',(1.,0.,0.));
#13179=DIRECTION('',(0.,0.,1.));
#13180=DIRECTION('',(1.,0.,0.));
#13181=DIRECTION('',(0.,0.,1.));
#13182=DIRECTION('',(1.,0.,0.));
#13183=DIRECTION('',(0.,0.,1.));
#13184=DIRECTION('',(1.,0.,0.));
#13185=DIRECTION('',(0.,0.,1.));
#13186=DIRECTION('',(1.,0.,0.));
#13187=DIRECTION('',(0.,0.,1.));
#13188=DIRECTION('',(1.,0.,0.));
#13189=DIRECTION('',(0.,0.,1.));
#13190=DIRECTION('',(1.,0.,0.));
#13191=DIRECTION('',(0.,0.,1.));
#13192=DIRECTION('',(1.,0.,0.));
#13193=DIRECTION('',(0.,0.,1.));
#13194=DIRECTION('',(1.,0.,0.));
#13195=DIRECTION('',(0.,0.,1.));
#13196=DIRECTION('',(1.,0.,0.));
#13197=DIRECTION('',(0.,0.,1.));
#13198=DIRECTION('',(1.,0.,0.));
#13199=DIRECTION('',(0.,0.,1.));
#13200=DIRECTION('',(1.,0.,0.));
#13201=DIRECTION('',(0.,0.,1.));
#13202=DIRECTION('',(1.,0.,0.));
#13203=DIRECTION('',(0.,0.,1.));
#13204=DIRECTION('',(1.,0.,0.));
#13205=DIRECTION('',(0.,0.,1.));
#13206=DIRECTION('',(1.,0.,0.));
#13207=DIRECTION('',(0.,0.,1.));
#13208=DIRECTION('',(1.,0.,0.));
#13209=DIRECTION('',(0.,0.,1.));
#13210=DIRECTION('',(1.,0.,0.));
#13211=DIRECTION('',(0.,0.,1.));
#13212=DIRECTION('',(1.,0.,0.));
#13213=DIRECTION('',(0.,0.,1.));
#13214=DIRECTION('',(1.,0.,0.));
#13215=DIRECTION('',(0.,0.,1.));
#13216=DIRECTION('',(1.,0.,0.));
#13217=DIRECTION('',(0.,0.,1.));
#13218=DIRECTION('',(1.,0.,0.));
#13219=DIRECTION('',(0.,0.,1.));
#13220=DIRECTION('',(1.,0.,0.));
#13221=DIRECTION('',(0.,0.,1.));
#13222=DIRECTION('',(1.,0.,0.));
#13223=DIRECTION('',(0.,0.,1.));
#13224=DIRECTION('',(1.,0.,0.));
#13225=DIRECTION('',(0.,0.,1.));
#13226=DIRECTION('',(1.,0.,0.));
#13227=DIRECTION('',(0.,0.,1.));
#13228=DIRECTION('',(1.,0.,0.));
#13229=DIRECTION('',(0.,0.,1.));
#13230=DIRECTION('',(1.,0.,0.));
#13231=DIRECTION('',(0.,0.,1.));
#13232=DIRECTION('',(1.,0.,0.));
#13233=DIRECTION('',(0.,0.,1.));
#13234=DIRECTION('',(1.,0.,0.));
#13235=DIRECTION('',(0.,0.,1.));
#13236=DIRECTION('',(1.,0.,0.));
#13237=DIRECTION('',(0.,0.,1.));
#13238=DIRECTION('',(1.,0.,0.));
#13239=DIRECTION('',(0.,0.,1.));
#13240=DIRECTION('',(1.,0.,0.));
#13241=DIRECTION('',(0.,0.,1.));
#13242=DIRECTION('',(1.,0.,0.));
#13243=DIRECTION('',(0.,0.,1.));
#13244=DIRECTION('',(1.,0.,0.));
#13245=DIRECTION('',(0.,0.,1.));
#13246=DIRECTION('',(1.,0.,0.));
#13247=DIRECTION('',(0.,0.,1.));
#13248=DIRECTION('',(1.,0.,0.));
#13249=CARTESIAN_POINT('',(0.,0.,0.));
#13250=CARTESIAN_POINT('',(0.,0.,0.));
#13251=CARTESIAN_POINT('Origin',(61.4878036686951,-35.5,51.));
#13252=CARTESIAN_POINT('',(63.0878036686951,-35.5,51.));
#13253=CARTESIAN_POINT('Origin',(61.4878036686951,-35.5,51.));
#13254=CARTESIAN_POINT('',(63.0878036686951,-35.5,58.));
#13255=CARTESIAN_POINT('',(63.0878036686951,-35.5,51.));
#13256=CARTESIAN_POINT('Origin',(61.4878036686951,-35.5,58.));
#13257=CARTESIAN_POINT('Origin',(-1.30424884109193E-14,-71.,51.));
#13258=CARTESIAN_POINT('',(1.59999999999999,-71.,51.));
#13259=CARTESIAN_POINT('Origin',(-1.30424884109193E-14,-71.,51.));
#13260=CARTESIAN_POINT('',(1.59999999999999,-71.,58.));
#13261=CARTESIAN_POINT('',(1.59999999999999,-71.,51.));
#13262=CARTESIAN_POINT('Origin',(-1.30424884109193E-14,-71.,58.));
#13263=CARTESIAN_POINT('Origin',(-61.4878036686952,-35.5,51.));
#13264=CARTESIAN_POINT('',(-59.8878036686951,-35.5,51.));
#13265=CARTESIAN_POINT('Origin',(-61.4878036686952,-35.5,51.));
#13266=CARTESIAN_POINT('',(-59.8878036686951,-35.5,58.));
#13267=CARTESIAN_POINT('',(-59.8878036686951,-35.5,51.));
#13268=CARTESIAN_POINT('Origin',(-61.4878036686952,-35.5,58.));
#13269=CARTESIAN_POINT('Origin',(-61.4878036686952,35.5,51.));
#13270=CARTESIAN_POINT('',(-59.8878036686951,35.5,51.));
#13271=CARTESIAN_POINT('Origin',(-61.4878036686952,35.5,51.));
#13272=CARTESIAN_POINT('',(-59.8878036686951,35.5,58.));
#13273=CARTESIAN_POINT('',(-59.8878036686951,35.5,51.));
#13274=CARTESIAN_POINT('Origin',(-61.4878036686952,35.5,58.));
#13275=CARTESIAN_POINT('Origin',(4.3474961369731E-15,71.,51.));
#13276=CARTESIAN_POINT('',(1.6,71.,51.));
#13277=CARTESIAN_POINT('Origin',(4.3474961369731E-15,71.,51.));
#13278=CARTESIAN_POINT('',(1.6,71.,58.));
#13279=CARTESIAN_POINT('',(1.6,71.,51.));
#13280=CARTESIAN_POINT('Origin',(4.3474961369731E-15,71.,58.));
#13281=CARTESIAN_POINT('Origin',(61.4878036686952,35.5,51.));
#13282=CARTESIAN_POINT('',(63.0878036686951,35.5,51.));
#13283=CARTESIAN_POINT('Origin',(61.4878036686952,35.5,51.));
#13284=CARTESIAN_POINT('',(63.0878036686951,35.5,58.));
#13285=CARTESIAN_POINT('',(63.0878036686951,35.5,51.));
#13286=CARTESIAN_POINT('Origin',(61.4878036686952,35.5,58.));
#13287=CARTESIAN_POINT('Origin',(0.,0.,51.));
#13288=CARTESIAN_POINT('',(68.,8.327598234202E-15,51.));
#13289=CARTESIAN_POINT('Origin',(0.,0.,51.));
#13290=CARTESIAN_POINT('',(68.,8.327598234202E-15,58.));
#13291=CARTESIAN_POINT('',(68.,8.327598234202E-15,51.));
#13292=CARTESIAN_POINT('Origin',(0.,0.,58.));
#13293=CARTESIAN_POINT('Origin',(0.,0.,51.));
#13294=CARTESIAN_POINT('',(75.,9.18485099360515E-15,58.));
#13295=CARTESIAN_POINT('Origin',(0.,0.,58.));
#13296=CARTESIAN_POINT('',(75.,9.18485099360515E-15,51.));
#13297=CARTESIAN_POINT('',(75.,9.18485099360515E-15,51.));
#13298=CARTESIAN_POINT('Origin',(0.,0.,51.));
#13299=CARTESIAN_POINT('Origin',(-7.08133967844577E-15,-1.57898385724467E-15,
51.));
#13300=CARTESIAN_POINT('Origin',(-7.08133967844577E-15,-1.57898385724467E-15,
58.));
#13301=CARTESIAN_POINT('',(0.,0.,0.));
#13302=CARTESIAN_POINT('Origin',(-1.5,7.,36.5));
#13303=CARTESIAN_POINT('',(-1.5,4.76969600708473,36.5));
#13304=CARTESIAN_POINT('',(-1.5,4.76969600708473,49.5));
#13305=CARTESIAN_POINT('',(-1.5,4.76969600708473,36.5));
#13306=CARTESIAN_POINT('',(-1.5,7.,36.5));
#13307=CARTESIAN_POINT('',(-1.5,3.5,36.5));
#13308=CARTESIAN_POINT('',(-1.5,7.,49.5));
#13309=CARTESIAN_POINT('',(-1.5,7.,36.5));
#13310=CARTESIAN_POINT('',(-1.5,3.5,49.5));
#13311=CARTESIAN_POINT('Origin',(1.5,7.,36.5));
#13312=CARTESIAN_POINT('',(1.5,7.,36.5));
#13313=CARTESIAN_POINT('',(0.75,7.,36.5));
#13314=CARTESIAN_POINT('',(1.5,7.,49.5));
#13315=CARTESIAN_POINT('',(1.5,7.,36.5));
#13316=CARTESIAN_POINT('',(0.75,7.,49.5));
#13317=CARTESIAN_POINT('Origin',(1.5,4.,36.5));
#13318=CARTESIAN_POINT('',(1.5,4.76969600708473,49.5));
#13319=CARTESIAN_POINT('',(1.5,4.76969600708473,36.5));
#13320=CARTESIAN_POINT('',(1.5,4.76969600708473,36.5));
#13321=CARTESIAN_POINT('',(1.5,2.,49.5));
#13322=CARTESIAN_POINT('',(1.5,2.,36.5));
#13323=CARTESIAN_POINT('Origin',(-7.39255249150933E-16,0.,49.5));
#13324=CARTESIAN_POINT('',(18.,2.20436423846524E-15,49.5));
#13325=CARTESIAN_POINT('Origin',(0.,0.,49.5));
#13326=CARTESIAN_POINT('Origin',(0.,0.,49.5));
#13327=CARTESIAN_POINT('',(15.25,1.53080849893419E-16,49.5));
#13328=CARTESIAN_POINT('Origin',(14.,0.,49.5));
#13329=CARTESIAN_POINT('',(1.25,14.,49.5));
#13330=CARTESIAN_POINT('Origin',(8.57252759403147E-16,14.,49.5));
#13331=CARTESIAN_POINT('',(-12.75,1.86758636869971E-15,49.5));
#13332=CARTESIAN_POINT('Origin',(-14.,1.71450551880629E-15,49.5));
#13333=CARTESIAN_POINT('',(1.25,-14.,49.5));
#13334=CARTESIAN_POINT('Origin',(-2.57175827820944E-15,-14.,49.5));
#13335=CARTESIAN_POINT('Origin',(-2.57175827820944E-15,-14.,46.5));
#13336=CARTESIAN_POINT('',(1.25,-14.,46.5));
#13337=CARTESIAN_POINT('Origin',(-2.57175827820944E-15,-14.,46.5));
#13338=CARTESIAN_POINT('',(1.25,-14.,46.5));
#13339=CARTESIAN_POINT('Origin',(-14.,1.71450551880629E-15,46.5));
#13340=CARTESIAN_POINT('',(-12.75,1.86758636869971E-15,46.5));
#13341=CARTESIAN_POINT('Origin',(-14.,1.71450551880629E-15,46.5));
#13342=CARTESIAN_POINT('',(-12.75,1.86758636869971E-15,46.5));
#13343=CARTESIAN_POINT('Origin',(8.57252759403147E-16,14.,46.5));
#13344=CARTESIAN_POINT('',(1.25,14.,46.5));
#13345=CARTESIAN_POINT('Origin',(8.57252759403147E-16,14.,46.5));
#13346=CARTESIAN_POINT('',(1.25,14.,46.5));
#13347=CARTESIAN_POINT('Origin',(14.,0.,46.5));
#13348=CARTESIAN_POINT('',(15.25,1.53080849893419E-16,46.5));
#13349=CARTESIAN_POINT('Origin',(14.,0.,46.5));
#13350=CARTESIAN_POINT('',(15.25,1.53080849893419E-16,46.5));
#13351=CARTESIAN_POINT('Origin',(-2.93915231795365E-15,-16.,39.));
#13352=CARTESIAN_POINT('',(1.25,-16.,39.));
#13353=CARTESIAN_POINT('Origin',(-2.93915231795365E-15,-16.,39.));
#13354=CARTESIAN_POINT('',(1.25,-16.,42.));
#13355=CARTESIAN_POINT('',(1.25,-16.,39.));
#13356=CARTESIAN_POINT('Origin',(-2.93915231795365E-15,-16.,42.));
#13357=CARTESIAN_POINT('Origin',(-16.,1.95943487863577E-15,39.));
#13358=CARTESIAN_POINT('',(-14.75,2.11251572852918E-15,39.));
#13359=CARTESIAN_POINT('Origin',(-16.,1.95943487863577E-15,39.));
#13360=CARTESIAN_POINT('',(-14.75,2.11251572852918E-15,42.));
#13361=CARTESIAN_POINT('',(-14.75,2.11251572852918E-15,39.));
#13362=CARTESIAN_POINT('Origin',(-16.,1.95943487863577E-15,42.));
#13363=CARTESIAN_POINT('Origin',(9.79717439317883E-16,16.,39.));
#13364=CARTESIAN_POINT('',(1.25,16.,39.));
#13365=CARTESIAN_POINT('Origin',(9.79717439317883E-16,16.,39.));
#13366=CARTESIAN_POINT('',(1.25,16.,42.));
#13367=CARTESIAN_POINT('',(1.25,16.,39.));
#13368=CARTESIAN_POINT('Origin',(9.79717439317883E-16,16.,42.));
#13369=CARTESIAN_POINT('Origin',(16.,0.,39.));
#13370=CARTESIAN_POINT('',(17.25,1.53080849893419E-16,39.));
#13371=CARTESIAN_POINT('Origin',(16.,0.,39.));
#13372=CARTESIAN_POINT('',(17.25,1.53080849893419E-16,42.));
#13373=CARTESIAN_POINT('',(17.25,1.53080849893419E-16,39.));
#13374=CARTESIAN_POINT('Origin',(16.,0.,42.));
#13375=CARTESIAN_POINT('Origin',(-1.00608444552037E-15,0.,46.5));
#13376=CARTESIAN_POINT('',(18.,2.20436423846524E-15,46.5));
#13377=CARTESIAN_POINT('Origin',(0.,0.,46.5));
#13378=CARTESIAN_POINT('',(12.,-1.46957615897682E-15,46.5));
#13379=CARTESIAN_POINT('Origin',(0.,0.,46.5));
#13380=CARTESIAN_POINT('Origin',(0.,0.,46.5));
#13381=CARTESIAN_POINT('',(18.,2.20436423846524E-15,46.5));
#13382=CARTESIAN_POINT('Origin',(-1.00608444552037E-15,0.,39.));
#13383=CARTESIAN_POINT('',(18.,2.20436423846524E-15,39.));
#13384=CARTESIAN_POINT('Origin',(0.,0.,39.));
#13385=CARTESIAN_POINT('',(12.,-1.46957615897682E-15,39.));
#13386=CARTESIAN_POINT('Origin',(0.,0.,39.));
#13387=CARTESIAN_POINT('Origin',(-1.00608444552037E-15,0.,42.));
#13388=CARTESIAN_POINT('',(18.,2.20436423846524E-15,42.));
#13389=CARTESIAN_POINT('Origin',(0.,0.,42.));
#13390=CARTESIAN_POINT('',(12.,1.46957615897682E-15,42.));
#13391=CARTESIAN_POINT('Origin',(0.,0.,42.));
#13392=CARTESIAN_POINT('Origin',(0.,0.,39.));
#13393=CARTESIAN_POINT('',(18.,2.20436423846524E-15,39.));
#13394=CARTESIAN_POINT('Origin',(0.,0.,36.5));
#13395=CARTESIAN_POINT('',(12.,1.46957615897682E-15,36.5));
#13396=CARTESIAN_POINT('Origin',(0.,0.,36.5));
#13397=CARTESIAN_POINT('Origin',(0.,0.,36.5));
#13398=CARTESIAN_POINT('Origin',(0.,0.,36.5));
#13399=CARTESIAN_POINT('',(12.,1.46957615897682E-15,36.5));
#13400=CARTESIAN_POINT('',(12.,1.46957615897682E-15,36.5));
#13401=CARTESIAN_POINT('Origin',(0.,0.,36.5));
#13402=CARTESIAN_POINT('Origin',(-7.39255249150933E-16,0.,36.5));
#13403=CARTESIAN_POINT('',(0.,0.,0.));
#13404=CARTESIAN_POINT('Origin',(-2.57175827820944E-15,-14.,49.5));
#13405=CARTESIAN_POINT('',(1.6,-14.,49.5));
#13406=CARTESIAN_POINT('Origin',(-2.57175827820944E-15,-14.,49.5));
#13407=CARTESIAN_POINT('',(1.6,-14.,51.));
#13408=CARTESIAN_POINT('',(1.6,-14.,49.5));
#13409=CARTESIAN_POINT('Origin',(-2.57175827820944E-15,-14.,51.));
#13410=CARTESIAN_POINT('Origin',(-14.,1.71450551880629E-15,49.5));
#13411=CARTESIAN_POINT('',(-12.4,1.91044900666987E-15,49.5));
#13412=CARTESIAN_POINT('Origin',(-14.,1.71450551880629E-15,49.5));
#13413=CARTESIAN_POINT('',(-12.4,1.91044900666987E-15,51.));
#13414=CARTESIAN_POINT('',(-12.4,1.91044900666987E-15,49.5));
#13415=CARTESIAN_POINT('Origin',(-14.,1.71450551880629E-15,51.));
#13416=CARTESIAN_POINT('Origin',(8.57252759403147E-16,14.,49.5));
#13417=CARTESIAN_POINT('',(1.6,14.,49.5));
#13418=CARTESIAN_POINT('Origin',(8.57252759403147E-16,14.,49.5));
#13419=CARTESIAN_POINT('',(1.6,14.,51.));
#13420=CARTESIAN_POINT('',(1.6,14.,49.5));
#13421=CARTESIAN_POINT('Origin',(8.57252759403147E-16,14.,51.));
#13422=CARTESIAN_POINT('Origin',(14.,0.,49.5));
#13423=CARTESIAN_POINT('',(15.6,1.95943487863576E-16,49.5));
#13424=CARTESIAN_POINT('Origin',(14.,0.,49.5));
#13425=CARTESIAN_POINT('',(15.6,1.95943487863576E-16,51.));
#13426=CARTESIAN_POINT('',(15.6,1.95943487863576E-16,49.5));
#13427=CARTESIAN_POINT('Origin',(14.,0.,51.));
#13428=CARTESIAN_POINT('Origin',(61.4878036686951,-35.5,49.5));
#13429=CARTESIAN_POINT('',(63.0878036686951,-35.5,49.5));
#13430=CARTESIAN_POINT('Origin',(61.4878036686951,-35.5,49.5));
#13431=CARTESIAN_POINT('',(63.0878036686951,-35.5,51.));
#13432=CARTESIAN_POINT('',(63.0878036686951,-35.5,49.5));
#13433=CARTESIAN_POINT('Origin',(61.4878036686951,-35.5,51.));
#13434=CARTESIAN_POINT('Origin',(-1.30424884109193E-14,-71.,49.5));
#13435=CARTESIAN_POINT('',(1.59999999999999,-71.,49.5));
#13436=CARTESIAN_POINT('Origin',(-1.30424884109193E-14,-71.,49.5));
#13437=CARTESIAN_POINT('',(1.59999999999999,-71.,51.));
#13438=CARTESIAN_POINT('',(1.59999999999999,-71.,49.5));
#13439=CARTESIAN_POINT('Origin',(-1.30424884109193E-14,-71.,51.));
#13440=CARTESIAN_POINT('Origin',(-61.4878036686952,-35.5,49.5));
#13441=CARTESIAN_POINT('',(-59.8878036686951,-35.5,49.5));
#13442=CARTESIAN_POINT('Origin',(-61.4878036686952,-35.5,49.5));
#13443=CARTESIAN_POINT('',(-59.8878036686951,-35.5,51.));
#13444=CARTESIAN_POINT('',(-59.8878036686951,-35.5,49.5));
#13445=CARTESIAN_POINT('Origin',(-61.4878036686952,-35.5,51.));
#13446=CARTESIAN_POINT('Origin',(-61.4878036686952,35.5,49.5));
#13447=CARTESIAN_POINT('',(-59.8878036686951,35.5,49.5));
#13448=CARTESIAN_POINT('Origin',(-61.4878036686952,35.5,49.5));
#13449=CARTESIAN_POINT('',(-59.8878036686951,35.5,51.));
#13450=CARTESIAN_POINT('',(-59.8878036686951,35.5,49.5));
#13451=CARTESIAN_POINT('Origin',(-61.4878036686952,35.5,51.));
#13452=CARTESIAN_POINT('Origin',(4.3474961369731E-15,71.,49.5));
#13453=CARTESIAN_POINT('',(1.6,71.,49.5));
#13454=CARTESIAN_POINT('Origin',(4.3474961369731E-15,71.,49.5));
#13455=CARTESIAN_POINT('',(1.6,71.,51.));
#13456=CARTESIAN_POINT('',(1.6,71.,49.5));
#13457=CARTESIAN_POINT('Origin',(4.3474961369731E-15,71.,51.));
#13458=CARTESIAN_POINT('Origin',(61.4878036686952,35.5,49.5));
#13459=CARTESIAN_POINT('',(63.0878036686951,35.5,49.5));
#13460=CARTESIAN_POINT('Origin',(61.4878036686952,35.5,49.5));
#13461=CARTESIAN_POINT('',(63.0878036686951,35.5,51.));
#13462=CARTESIAN_POINT('',(63.0878036686951,35.5,49.5));
#13463=CARTESIAN_POINT('Origin',(61.4878036686952,35.5,51.));
#13464=CARTESIAN_POINT('Origin',(0.,0.,49.5));
#13465=CARTESIAN_POINT('',(5.,6.12323399573677E-16,49.5));
#13466=CARTESIAN_POINT('Origin',(0.,0.,49.5));
#13467=CARTESIAN_POINT('',(5.,6.12323399573677E-16,51.));
#13468=CARTESIAN_POINT('',(5.,6.12323399573677E-16,49.5));
#13469=CARTESIAN_POINT('Origin',(0.,0.,51.));
#13470=CARTESIAN_POINT('Origin',(0.,0.,49.5));
#13471=CARTESIAN_POINT('',(-3.,17.7482393492988,49.5));
#13472=CARTESIAN_POINT('',(-3.,17.7482393492988,51.));
#13473=CARTESIAN_POINT('',(-3.,17.7482393492988,49.5));
#13474=CARTESIAN_POINT('',(-17.7482393492988,3.,49.5));
#13475=CARTESIAN_POINT('Origin',(0.,0.,49.5));
#13476=CARTESIAN_POINT('',(-17.7482393492988,3.,51.));
#13477=CARTESIAN_POINT('',(-17.7482393492988,3.,49.5));
#13478=CARTESIAN_POINT('Origin',(0.,0.,51.));
#13479=CARTESIAN_POINT('Origin',(0.,0.,49.5));
#13480=CARTESIAN_POINT('',(-3.,-17.7482393492988,51.));
#13481=CARTESIAN_POINT('',(-3.,-17.7482393492988,49.5));
#13482=CARTESIAN_POINT('',(-3.,-17.7482393492988,49.5));
#13483=CARTESIAN_POINT('',(-17.7482393492988,-3.,51.));
#13484=CARTESIAN_POINT('Origin',(0.,0.,51.));
#13485=CARTESIAN_POINT('',(-17.7482393492988,-3.,49.5));
#13486=CARTESIAN_POINT('',(-17.7482393492988,-3.,49.5));
#13487=CARTESIAN_POINT('Origin',(0.,0.,49.5));
#13488=CARTESIAN_POINT('Origin',(0.,0.,49.5));
#13489=CARTESIAN_POINT('',(17.7482393492988,3.,49.5));
#13490=CARTESIAN_POINT('',(17.7482393492988,3.,51.));
#13491=CARTESIAN_POINT('',(17.7482393492988,3.,49.5));
#13492=CARTESIAN_POINT('',(3.,17.7482393492988,49.5));
#13493=CARTESIAN_POINT('Origin',(0.,0.,49.5));
#13494=CARTESIAN_POINT('',(3.,17.7482393492988,51.));
#13495=CARTESIAN_POINT('',(3.,17.7482393492988,49.5));
#13496=CARTESIAN_POINT('Origin',(0.,0.,51.));
#13497=CARTESIAN_POINT('Origin',(0.,0.,49.5));
#13498=CARTESIAN_POINT('',(17.7482393492988,-3.,51.));
#13499=CARTESIAN_POINT('',(17.7482393492988,-3.,49.5));
#13500=CARTESIAN_POINT('',(17.7482393492988,-3.,49.5));
#13501=CARTESIAN_POINT('',(3.,-17.7482393492988,51.));
#13502=CARTESIAN_POINT('Origin',(0.,0.,51.));
#13503=CARTESIAN_POINT('',(3.,-17.7482393492988,49.5));
#13504=CARTESIAN_POINT('',(3.,-17.7482393492988,49.5));
#13505=CARTESIAN_POINT('Origin',(0.,0.,49.5));
#13506=CARTESIAN_POINT('Origin',(-74.,-3.,49.5));
#13507=CARTESIAN_POINT('',(67.9337912971152,-3.,49.5));
#13508=CARTESIAN_POINT('',(-74.,-3.,49.5));
#13509=CARTESIAN_POINT('',(67.9337912971152,-3.,51.));
#13510=CARTESIAN_POINT('',(67.9337912971152,-3.,49.5));
#13511=CARTESIAN_POINT('',(-74.,-3.,51.));
#13512=CARTESIAN_POINT('Origin',(3.,-74.,49.5));
#13513=CARTESIAN_POINT('',(3.,67.9337912971152,49.5));
#13514=CARTESIAN_POINT('',(3.,-74.,49.5));
#13515=CARTESIAN_POINT('',(3.,67.9337912971152,51.));
#13516=CARTESIAN_POINT('',(3.,67.9337912971152,49.5));
#13517=CARTESIAN_POINT('',(3.,-74.,51.));
#13518=CARTESIAN_POINT('Origin',(-3.,74.,49.5));
#13519=CARTESIAN_POINT('',(-3.,-67.9337912971152,49.5));
#13520=CARTESIAN_POINT('',(-3.,74.,49.5));
#13521=CARTESIAN_POINT('',(-3.,-67.9337912971152,51.));
#13522=CARTESIAN_POINT('',(-3.,-67.9337912971152,49.5));
#13523=CARTESIAN_POINT('',(-3.,74.,51.));
#13524=CARTESIAN_POINT('Origin',(74.,3.,49.5));
#13525=CARTESIAN_POINT('',(-67.9337912971152,3.,49.5));
#13526=CARTESIAN_POINT('',(74.,3.,49.5));
#13527=CARTESIAN_POINT('',(-67.9337912971152,3.,51.));
#13528=CARTESIAN_POINT('',(-67.9337912971152,3.,49.5));
#13529=CARTESIAN_POINT('',(74.,3.,51.));
#13530=CARTESIAN_POINT('Origin',(3.,74.,49.5));
#13531=CARTESIAN_POINT('',(3.,74.,51.));
#13532=CARTESIAN_POINT('',(-3.,74.,51.));
#13533=CARTESIAN_POINT('',(3.,74.,51.));
#13534=CARTESIAN_POINT('',(3.,74.,49.5));
#13535=CARTESIAN_POINT('',(3.,74.,49.5));
#13536=CARTESIAN_POINT('',(-3.,74.,49.5));
#13537=CARTESIAN_POINT('',(3.,74.,49.5));
#13538=CARTESIAN_POINT('',(-3.,74.,49.5));
#13539=CARTESIAN_POINT('Origin',(-3.,74.,49.5));
#13540=CARTESIAN_POINT('',(-3.,-73.9391641824548,49.5));
#13541=CARTESIAN_POINT('',(-3.,-73.9391641824548,51.));
#13542=CARTESIAN_POINT('',(-3.,-73.9391641824548,49.5));
#13543=CARTESIAN_POINT('',(-3.,-74.,49.5));
#13544=CARTESIAN_POINT('',(-3.,74.,49.5));
#13545=CARTESIAN_POINT('',(-3.,-74.,51.));
#13546=CARTESIAN_POINT('',(-3.,-74.,49.5));
#13547=CARTESIAN_POINT('',(-3.,74.,51.));
#13548=CARTESIAN_POINT('Origin',(-3.,74.,49.5));
#13549=CARTESIAN_POINT('',(-3.,73.9391641824548,51.));
#13550=CARTESIAN_POINT('',(-3.,73.9391641824548,49.5));
#13551=CARTESIAN_POINT('',(-3.,73.9391641824548,49.5));
#13552=CARTESIAN_POINT('',(-3.,74.,51.));
#13553=CARTESIAN_POINT('',(-3.,74.,49.5));
#13554=CARTESIAN_POINT('Origin',(-3.,74.,49.5));
#13555=CARTESIAN_POINT('',(-3.,67.9337912971152,51.));
#13556=CARTESIAN_POINT('',(-3.,74.,51.));
#13557=CARTESIAN_POINT('',(-3.,67.9337912971152,49.5));
#13558=CARTESIAN_POINT('',(-3.,67.9337912971152,49.5));
#13559=CARTESIAN_POINT('',(-3.,74.,49.5));
#13560=CARTESIAN_POINT('Origin',(3.,-74.,49.5));
#13561=CARTESIAN_POINT('',(3.,-73.9391641824548,51.));
#13562=CARTESIAN_POINT('',(3.,-73.9391641824548,49.5));
#13563=CARTESIAN_POINT('',(3.,-73.9391641824548,49.5));
#13564=CARTESIAN_POINT('',(3.,-74.,51.));
#13565=CARTESIAN_POINT('',(3.,-74.,51.));
#13566=CARTESIAN_POINT('',(3.,-74.,49.5));
#13567=CARTESIAN_POINT('',(3.,-74.,49.5));
#13568=CARTESIAN_POINT('',(3.,-74.,49.5));
#13569=CARTESIAN_POINT('Origin',(3.,-74.,49.5));
#13570=CARTESIAN_POINT('',(3.,-67.9337912971152,51.));
#13571=CARTESIAN_POINT('',(3.,-74.,51.));
#13572=CARTESIAN_POINT('',(3.,-67.9337912971152,49.5));
#13573=CARTESIAN_POINT('',(3.,-67.9337912971152,49.5));
#13574=CARTESIAN_POINT('',(3.,-74.,49.5));
#13575=CARTESIAN_POINT('Origin',(3.,-74.,49.5));
#13576=CARTESIAN_POINT('',(3.,73.9391641824548,49.5));
#13577=CARTESIAN_POINT('',(3.,73.9391641824548,51.));
#13578=CARTESIAN_POINT('',(3.,73.9391641824548,49.5));
#13579=CARTESIAN_POINT('',(3.,-74.,49.5));
#13580=CARTESIAN_POINT('',(3.,-74.,51.));
#13581=CARTESIAN_POINT('Origin',(-3.,-74.,49.5));
#13582=CARTESIAN_POINT('',(-3.,-74.,51.));
#13583=CARTESIAN_POINT('',(-3.,-74.,49.5));
#13584=CARTESIAN_POINT('Origin',(74.,3.,49.5));
#13585=CARTESIAN_POINT('',(67.9337912971152,3.,51.));
#13586=CARTESIAN_POINT('',(74.,3.,51.));
#13587=CARTESIAN_POINT('',(67.9337912971152,3.,49.5));
#13588=CARTESIAN_POINT('',(67.9337912971152,3.,49.5));
#13589=CARTESIAN_POINT('',(74.,3.,49.5));
#13590=CARTESIAN_POINT('Origin',(0.,0.,49.5));
#13591=CARTESIAN_POINT('Origin',(0.,0.,49.5));
#13592=CARTESIAN_POINT('Origin',(0.,0.,51.));
#13593=CARTESIAN_POINT('Origin',(0.,0.,49.5));
#13594=CARTESIAN_POINT('Origin',(0.,0.,51.));
#13595=CARTESIAN_POINT('Origin',(0.,0.,49.5));
#13596=CARTESIAN_POINT('Origin',(0.,0.,49.5));
#13597=CARTESIAN_POINT('',(73.9391641824548,3.,51.));
#13598=CARTESIAN_POINT('Origin',(0.,0.,51.));
#13599=CARTESIAN_POINT('',(73.9391641824548,3.,49.5));
#13600=CARTESIAN_POINT('',(73.9391641824548,3.,49.5));
#13601=CARTESIAN_POINT('Origin',(0.,0.,49.5));
#13602=CARTESIAN_POINT('Origin',(-7.15648476722285E-15,1.60032147693716E-15,
49.5));
#13603=CARTESIAN_POINT('',(74.,3.,49.5));
#13604=CARTESIAN_POINT('',(74.,3.,49.5));
#13605=CARTESIAN_POINT('',(74.,-3.,49.5));
#13606=CARTESIAN_POINT('',(74.,-3.,49.5));
#13607=CARTESIAN_POINT('',(73.9391641824548,-3.,49.5));
#13608=CARTESIAN_POINT('',(-74.,-3.,49.5));
#13609=CARTESIAN_POINT('Origin',(0.,0.,49.5));
#13610=CARTESIAN_POINT('',(-73.9391641824548,-3.,49.5));
#13611=CARTESIAN_POINT('Origin',(0.,0.,49.5));
#13612=CARTESIAN_POINT('',(-74.,-3.,49.5));
#13613=CARTESIAN_POINT('',(-74.,-3.,49.5));
#13614=CARTESIAN_POINT('',(-74.,3.,49.5));
#13615=CARTESIAN_POINT('',(-74.,3.,49.5));
#13616=CARTESIAN_POINT('',(-73.9391641824548,3.,49.5));
#13617=CARTESIAN_POINT('',(74.,3.,49.5));
#13618=CARTESIAN_POINT('Origin',(0.,0.,49.5));
#13619=CARTESIAN_POINT('Origin',(0.,0.,49.5));
#13620=CARTESIAN_POINT('',(-67.9337912971152,-3.,49.5));
#13621=CARTESIAN_POINT('',(-74.,-3.,49.5));
#13622=CARTESIAN_POINT('Origin',(0.,0.,49.5));
#13623=CARTESIAN_POINT('Origin',(0.,0.,49.5));
#13624=CARTESIAN_POINT('Origin',(0.,0.,51.));
#13625=CARTESIAN_POINT('Origin',(0.,0.,49.5));
#13626=CARTESIAN_POINT('',(73.9391641824548,-3.,51.));
#13627=CARTESIAN_POINT('',(73.9391641824548,-3.,49.5));
#13628=CARTESIAN_POINT('Origin',(0.,0.,51.));
#13629=CARTESIAN_POINT('Origin',(0.,0.,49.5));
#13630=CARTESIAN_POINT('',(-73.9391641824548,-3.,51.));
#13631=CARTESIAN_POINT('Origin',(0.,0.,51.));
#13632=CARTESIAN_POINT('',(-73.9391641824548,-3.,49.5));
#13633=CARTESIAN_POINT('Origin',(74.,-3.,49.5));
#13634=CARTESIAN_POINT('',(74.,-3.,51.));
#13635=CARTESIAN_POINT('',(74.,3.,51.));
#13636=CARTESIAN_POINT('',(74.,-3.,51.));
#13637=CARTESIAN_POINT('',(74.,-3.,49.5));
#13638=CARTESIAN_POINT('',(74.,3.,49.5));
#13639=CARTESIAN_POINT('Origin',(74.,3.,49.5));
#13640=CARTESIAN_POINT('',(-73.9391641824548,3.,51.));
#13641=CARTESIAN_POINT('',(-73.9391641824548,3.,49.5));
#13642=CARTESIAN_POINT('',(-74.,3.,51.));
#13643=CARTESIAN_POINT('',(-74.,3.,49.5));
#13644=CARTESIAN_POINT('',(74.,3.,51.));
#13645=CARTESIAN_POINT('Origin',(74.,3.,49.5));
#13646=CARTESIAN_POINT('',(74.,3.,51.));
#13647=CARTESIAN_POINT('Origin',(-74.,-3.,49.5));
#13648=CARTESIAN_POINT('',(-74.,-3.,51.));
#13649=CARTESIAN_POINT('',(-74.,-3.,51.));
#13650=CARTESIAN_POINT('',(-74.,-3.,49.5));
#13651=CARTESIAN_POINT('Origin',(-74.,-3.,49.5));
#13652=CARTESIAN_POINT('',(-74.,-3.,51.));
#13653=CARTESIAN_POINT('Origin',(-74.,3.,49.5));
#13654=CARTESIAN_POINT('',(-74.,3.,51.));
#13655=CARTESIAN_POINT('Origin',(-74.,-3.,49.5));
#13656=CARTESIAN_POINT('',(-67.9337912971152,-3.,51.));
#13657=CARTESIAN_POINT('',(-74.,-3.,51.));
#13658=CARTESIAN_POINT('',(-67.9337912971152,-3.,49.5));
#13659=CARTESIAN_POINT('Origin',(0.,0.,49.5));
#13660=CARTESIAN_POINT('Origin',(0.,0.,51.));
#13661=CARTESIAN_POINT('Origin',(-7.15648476722285E-15,1.60032147693716E-15,
51.));
#13662=CARTESIAN_POINT('Origin',(0.,0.,51.));
#13663=CARTESIAN_POINT('Origin',(0.,0.,49.5));
#13664=CARTESIAN_POINT('',(0.,0.,0.));
#13665=CARTESIAN_POINT('Origin',(0.,0.,52.));
#13666=CARTESIAN_POINT('',(1.25,1.53080849893419E-16,52.));
#13667=CARTESIAN_POINT('Origin',(0.,0.,52.));
#13668=CARTESIAN_POINT('',(1.25,1.53080849893419E-16,57.));
#13669=CARTESIAN_POINT('',(1.25,1.53080849893419E-16,52.));
#13670=CARTESIAN_POINT('Origin',(0.,0.,57.));
#13671=CARTESIAN_POINT('Origin',(-5.90160301838331E-17,0.,52.));
#13672=CARTESIAN_POINT('Origin',(-1.5,7.,36.5));
#13673=CARTESIAN_POINT('',(-1.5,4.76969600708473,49.5));
#13674=CARTESIAN_POINT('',(-1.5,4.76969600708473,36.5));
#13675=CARTESIAN_POINT('',(-1.5,4.76969600708473,-10.));
#13676=CARTESIAN_POINT('',(-1.5,4.,49.5));
#13677=CARTESIAN_POINT('',(-1.5,7.,49.5));
#13678=CARTESIAN_POINT('',(-1.5,4.,36.5));
#13679=CARTESIAN_POINT('',(-1.5,4.,36.5));
#13680=CARTESIAN_POINT('',(-1.5,7.,36.5));
#13681=CARTESIAN_POINT('Origin',(0.,5.5,36.5));
#13682=CARTESIAN_POINT('',(1.5,4.76969600708473,36.5));
#13683=CARTESIAN_POINT('Origin',(0.,0.,36.5));
#13684=CARTESIAN_POINT('',(1.5,4.,36.5));
#13685=CARTESIAN_POINT('',(-1.5,4.,36.5));
#13686=CARTESIAN_POINT('',(1.5,4.,36.5));
#13687=CARTESIAN_POINT('Origin',(1.5,4.,36.5));
#13688=CARTESIAN_POINT('',(1.5,4.76969600708473,49.5));
#13689=CARTESIAN_POINT('',(1.5,4.76969600708473,-10.));
#13690=CARTESIAN_POINT('',(1.5,4.,49.5));
#13691=CARTESIAN_POINT('',(1.5,4.,36.5));
#13692=CARTESIAN_POINT('',(1.5,4.,49.5));
#13693=CARTESIAN_POINT('Origin',(-1.5,4.,36.5));
#13694=CARTESIAN_POINT('',(-1.5,4.,49.5));
#13695=CARTESIAN_POINT('Origin',(0.,5.5,49.5));
#13696=CARTESIAN_POINT('Origin',(0.,0.,49.5));
#13697=CARTESIAN_POINT('Origin',(0.,0.,54.));
#13698=CARTESIAN_POINT('',(4.6,5.63337527607783E-16,55.1));
#13699=CARTESIAN_POINT('Origin',(0.,0.,55.1));
#13700=CARTESIAN_POINT('',(4.6,5.63337527607783E-16,54.));
#13701=CARTESIAN_POINT('',(4.6,5.63337527607783E-16,54.));
#13702=CARTESIAN_POINT('Origin',(0.,0.,54.));
#13703=CARTESIAN_POINT('Origin',(-2.36064120735332E-16,0.,54.));
#13704=CARTESIAN_POINT('',(5.,6.12323399573677E-16,54.));
#13705=CARTESIAN_POINT('Origin',(0.,0.,54.));
#13706=CARTESIAN_POINT('Origin',(-2.36064120735332E-16,0.,55.1));
#13707=CARTESIAN_POINT('',(5.,6.12323399573677E-16,55.1));
#13708=CARTESIAN_POINT('Origin',(0.,0.,55.1));
#13709=CARTESIAN_POINT('Origin',(0.,0.,-10.));
#13710=CARTESIAN_POINT('',(5.,6.12323399573677E-16,57.));
#13711=CARTESIAN_POINT('Origin',(0.,0.,57.));
#13712=CARTESIAN_POINT('',(5.,6.12323399573677E-16,-10.));
#13713=CARTESIAN_POINT('Origin',(-3.69627624575467E-16,0.,14.));
#13714=CARTESIAN_POINT('',(6.,7.34788079488412E-16,14.));
#13715=CARTESIAN_POINT('Origin',(0.,0.,14.));
#13716=CARTESIAN_POINT('',(5.,-6.12323399573677E-16,14.));
#13717=CARTESIAN_POINT('Origin',(0.,0.,14.));
#13718=CARTESIAN_POINT('Origin',(-3.69627624575467E-16,0.,26.));
#13719=CARTESIAN_POINT('',(6.,7.34788079488412E-16,26.));
#13720=CARTESIAN_POINT('Origin',(0.,0.,26.));
#13721=CARTESIAN_POINT('',(5.,6.12323399573677E-16,26.));
#13722=CARTESIAN_POINT('Origin',(0.,0.,26.));
#13723=CARTESIAN_POINT('Origin',(0.,0.,14.));
#13724=CARTESIAN_POINT('',(6.,7.34788079488412E-16,14.));
#13725=CARTESIAN_POINT('Origin',(0.,0.,-10.));
#13726=CARTESIAN_POINT('',(5.,6.12323399573677E-16,-10.));
#13727=CARTESIAN_POINT('Origin',(0.,0.,-10.));
#13728=CARTESIAN_POINT('',(5.,6.12323399573677E-16,-10.));
#13729=CARTESIAN_POINT('',(5.,6.12323399573677E-16,-10.));
#13730=CARTESIAN_POINT('Origin',(0.,0.,-10.));
#13731=CARTESIAN_POINT('Origin',(-2.36064120735332E-16,0.,-10.));
#13732=CARTESIAN_POINT('Origin',(-2.36064120735332E-16,0.,57.));
#13733=CARTESIAN_POINT('',(0.,0.,0.));
#13734=CARTESIAN_POINT('Origin',(14.,10.,6.));
#13735=CARTESIAN_POINT('',(14.,10.,6.));
#13736=CARTESIAN_POINT('',(14.,-10.,6.));
#13737=CARTESIAN_POINT('',(14.,5.,6.));
#13738=CARTESIAN_POINT('',(14.,10.,34.));
#13739=CARTESIAN_POINT('',(14.,10.,6.));
#13740=CARTESIAN_POINT('',(14.,-10.,34.));
#13741=CARTESIAN_POINT('',(14.,5.,34.));
#13742=CARTESIAN_POINT('',(14.,-10.,6.));
#13743=CARTESIAN_POINT('Origin',(26.,10.,6.));
#13744=CARTESIAN_POINT('',(26.,10.,6.));
#13745=CARTESIAN_POINT('',(13.,10.,6.));
#13746=CARTESIAN_POINT('',(26.,10.,34.));
#13747=CARTESIAN_POINT('',(26.,10.,6.));
#13748=CARTESIAN_POINT('',(13.,10.,34.));
#13749=CARTESIAN_POINT('Origin',(14.,-10.,6.));
#13750=CARTESIAN_POINT('',(26.,-10.,6.));
#13751=CARTESIAN_POINT('',(7.,-10.,6.));
#13752=CARTESIAN_POINT('',(26.,-10.,34.));
#13753=CARTESIAN_POINT('',(7.,-10.,34.));
#13754=CARTESIAN_POINT('',(26.,-10.,6.));
#13755=CARTESIAN_POINT('Origin',(0.,0.,34.));
#13756=CARTESIAN_POINT('',(26.,26.,34.));
#13757=CARTESIAN_POINT('',(26.,-26.,34.));
#13758=CARTESIAN_POINT('',(10.,26.,34.));
#13759=CARTESIAN_POINT('',(26.,26.,34.));
#13760=CARTESIAN_POINT('',(10.,14.,34.));
#13761=CARTESIAN_POINT('',(10.,7.,34.));
#13762=CARTESIAN_POINT('',(-10.,14.,34.));
#13763=CARTESIAN_POINT('',(-5.,14.,34.));
#13764=CARTESIAN_POINT('',(-10.,26.,34.));
#13765=CARTESIAN_POINT('',(-10.,13.,34.));
#13766=CARTESIAN_POINT('',(-26.,26.,34.));
#13767=CARTESIAN_POINT('',(26.,26.,34.));
#13768=CARTESIAN_POINT('',(-26.,10.,34.));
#13769=CARTESIAN_POINT('',(-26.,26.,34.));
#13770=CARTESIAN_POINT('',(-14.,10.,34.));
#13771=CARTESIAN_POINT('',(-7.,10.,34.));
#13772=CARTESIAN_POINT('',(-14.,-10.,34.));
#13773=CARTESIAN_POINT('',(-14.,-5.,34.));
#13774=CARTESIAN_POINT('',(-26.,-10.,34.));
#13775=CARTESIAN_POINT('',(-13.,-10.,34.));
#13776=CARTESIAN_POINT('',(-26.,-26.,34.));
#13777=CARTESIAN_POINT('',(-26.,26.,34.));
#13778=CARTESIAN_POINT('',(-10.,-26.,34.));
#13779=CARTESIAN_POINT('',(-26.,-26.,34.));
#13780=CARTESIAN_POINT('',(-10.,-14.,34.));
#13781=CARTESIAN_POINT('',(-10.,-7.,34.));
#13782=CARTESIAN_POINT('',(10.,-14.,34.));
#13783=CARTESIAN_POINT('',(5.,-14.,34.));
#13784=CARTESIAN_POINT('',(10.,-26.,34.));
#13785=CARTESIAN_POINT('',(10.,-13.,34.));
#13786=CARTESIAN_POINT('',(26.,-26.,34.));
#13787=CARTESIAN_POINT('',(-26.,-26.,34.));
#13788=CARTESIAN_POINT('',(26.,-26.,34.));
#13789=CARTESIAN_POINT('',(13.,1.59204083889156E-15,34.));
#13790=CARTESIAN_POINT('Origin',(0.,0.,34.));
#13791=CARTESIAN_POINT('',(-19.9,-22.,34.));
#13792=CARTESIAN_POINT('Origin',(-22.,-22.,34.));
#13793=CARTESIAN_POINT('',(-19.9,22.,34.));
#13794=CARTESIAN_POINT('Origin',(-22.,22.,34.));
#13795=CARTESIAN_POINT('',(24.1,-22.,34.));
#13796=CARTESIAN_POINT('Origin',(22.,-22.,34.));
#13797=CARTESIAN_POINT('',(24.1,22.,34.));
#13798=CARTESIAN_POINT('Origin',(22.,22.,34.));
#13799=CARTESIAN_POINT('',(-14.75,-16.,34.));
#13800=CARTESIAN_POINT('Origin',(-16.,-16.,34.));
#13801=CARTESIAN_POINT('',(-14.75,16.,34.));
#13802=CARTESIAN_POINT('Origin',(-16.,16.,34.));
#13803=CARTESIAN_POINT('',(17.25,-16.,34.));
#13804=CARTESIAN_POINT('Origin',(16.,-16.,34.));
#13805=CARTESIAN_POINT('',(17.25,16.,34.));
#13806=CARTESIAN_POINT('Origin',(16.,16.,34.));
#13807=CARTESIAN_POINT('Origin',(26.,-26.,6.));
#13808=CARTESIAN_POINT('',(26.,26.,6.));
#13809=CARTESIAN_POINT('',(26.,-26.,6.));
#13810=CARTESIAN_POINT('',(26.,26.,6.));
#13811=CARTESIAN_POINT('Origin',(-10.,26.,6.));
#13812=CARTESIAN_POINT('',(-10.,26.,6.));
#13813=CARTESIAN_POINT('',(-10.,14.,6.));
#13814=CARTESIAN_POINT('',(-10.,13.,6.));
#13815=CARTESIAN_POINT('',(-10.,26.,6.));
#13816=CARTESIAN_POINT('',(-10.,14.,6.));
#13817=CARTESIAN_POINT('Origin',(10.,14.,6.));
#13818=CARTESIAN_POINT('',(10.,14.,6.));
#13819=CARTESIAN_POINT('',(10.,26.,6.));
#13820=CARTESIAN_POINT('',(10.,7.,6.));
#13821=CARTESIAN_POINT('',(10.,14.,6.));
#13822=CARTESIAN_POINT('',(10.,26.,6.));
#13823=CARTESIAN_POINT('Origin',(-10.,14.,6.));
#13824=CARTESIAN_POINT('',(-5.,14.,6.));
#13825=CARTESIAN_POINT('Origin',(26.,26.,6.));
#13826=CARTESIAN_POINT('',(-26.,26.,6.));
#13827=CARTESIAN_POINT('',(26.,26.,6.));
#13828=CARTESIAN_POINT('',(-26.,26.,6.));
#13829=CARTESIAN_POINT('Origin',(26.,26.,6.));
#13830=CARTESIAN_POINT('',(26.,26.,6.));
#13831=CARTESIAN_POINT('Origin',(-14.,10.,6.));
#13832=CARTESIAN_POINT('',(-14.,10.,6.));
#13833=CARTESIAN_POINT('',(-26.,10.,6.));
#13834=CARTESIAN_POINT('',(-7.,10.,6.));
#13835=CARTESIAN_POINT('',(-14.,10.,6.));
#13836=CARTESIAN_POINT('',(-26.,10.,6.));
#13837=CARTESIAN_POINT('Origin',(-14.,-10.,6.));
#13838=CARTESIAN_POINT('',(-14.,-10.,6.));
#13839=CARTESIAN_POINT('',(-14.,-5.,6.));
#13840=CARTESIAN_POINT('',(-14.,-10.,6.));
#13841=CARTESIAN_POINT('Origin',(-26.,-10.,6.));
#13842=CARTESIAN_POINT('',(-26.,-10.,6.));
#13843=CARTESIAN_POINT('',(-13.,-10.,6.));
#13844=CARTESIAN_POINT('',(-26.,-10.,6.));
#13845=CARTESIAN_POINT('Origin',(-26.,26.,6.));
#13846=CARTESIAN_POINT('',(-26.,26.,6.));
#13847=CARTESIAN_POINT('Origin',(-26.,26.,6.));
#13848=CARTESIAN_POINT('',(-26.,-26.,6.));
#13849=CARTESIAN_POINT('',(-26.,26.,6.));
#13850=CARTESIAN_POINT('',(-26.,-26.,6.));
#13851=CARTESIAN_POINT('Origin',(0.,0.,6.));
#13852=CARTESIAN_POINT('',(26.,-26.,6.));
#13853=CARTESIAN_POINT('',(26.,-26.,6.));
#13854=CARTESIAN_POINT('',(10.,-26.,6.));
#13855=CARTESIAN_POINT('',(-26.,-26.,6.));
#13856=CARTESIAN_POINT('',(10.,-14.,6.));
#13857=CARTESIAN_POINT('',(10.,-13.,6.));
#13858=CARTESIAN_POINT('',(-10.,-14.,6.));
#13859=CARTESIAN_POINT('',(5.,-14.,6.));
#13860=CARTESIAN_POINT('',(-10.,-26.,6.));
#13861=CARTESIAN_POINT('',(-10.,-7.,6.));
#13862=CARTESIAN_POINT('',(-26.,-26.,6.));
#13863=CARTESIAN_POINT('',(13.,1.59204083889156E-15,6.));
#13864=CARTESIAN_POINT('Origin',(0.,0.,6.));
#13865=CARTESIAN_POINT('',(-19.9,-22.,6.));
#13866=CARTESIAN_POINT('Origin',(-22.,-22.,6.));
#13867=CARTESIAN_POINT('',(-19.9,22.,6.));
#13868=CARTESIAN_POINT('Origin',(-22.,22.,6.));
#13869=CARTESIAN_POINT('',(24.1,-22.,6.));
#13870=CARTESIAN_POINT('Origin',(22.,-22.,6.));
#13871=CARTESIAN_POINT('',(24.1,22.,6.));
#13872=CARTESIAN_POINT('Origin',(22.,22.,6.));
#13873=CARTESIAN_POINT('',(-14.75,-16.,6.));
#13874=CARTESIAN_POINT('Origin',(-16.,-16.,6.));
#13875=CARTESIAN_POINT('',(-14.75,16.,6.));
#13876=CARTESIAN_POINT('Origin',(-16.,16.,6.));
#13877=CARTESIAN_POINT('',(17.25,-16.,6.));
#13878=CARTESIAN_POINT('Origin',(16.,-16.,6.));
#13879=CARTESIAN_POINT('',(17.25,16.,6.));
#13880=CARTESIAN_POINT('Origin',(16.,16.,6.));
#13881=CARTESIAN_POINT('Origin',(-10.,-14.,6.));
#13882=CARTESIAN_POINT('',(-10.,-14.,6.));
#13883=CARTESIAN_POINT('',(-10.,-26.,6.));
#13884=CARTESIAN_POINT('Origin',(10.,-14.,6.));
#13885=CARTESIAN_POINT('',(10.,-14.,6.));
#13886=CARTESIAN_POINT('Origin',(10.,-26.,6.));
#13887=CARTESIAN_POINT('',(10.,-26.,6.));
#13888=CARTESIAN_POINT('Origin',(-26.,-26.,6.));
#13889=CARTESIAN_POINT('',(26.,-26.,6.));
#13890=CARTESIAN_POINT('Origin',(16.,16.,6.));
#13891=CARTESIAN_POINT('',(17.25,16.,6.));
#13892=CARTESIAN_POINT('Origin',(16.,-16.,6.));
#13893=CARTESIAN_POINT('',(17.25,-16.,6.));
#13894=CARTESIAN_POINT('Origin',(-16.,16.,6.));
#13895=CARTESIAN_POINT('',(-14.75,16.,6.));
#13896=CARTESIAN_POINT('Origin',(-16.,-16.,6.));
#13897=CARTESIAN_POINT('',(-14.75,-16.,6.));
#13898=CARTESIAN_POINT('Origin',(22.,22.,6.));
#13899=CARTESIAN_POINT('',(24.1,22.,6.));
#13900=CARTESIAN_POINT('Origin',(22.,-22.,6.));
#13901=CARTESIAN_POINT('',(24.1,-22.,6.));
#13902=CARTESIAN_POINT('Origin',(-22.,22.,6.));
#13903=CARTESIAN_POINT('',(-19.9,22.,6.));
#13904=CARTESIAN_POINT('Origin',(-22.,-22.,6.));
#13905=CARTESIAN_POINT('',(-19.9,-22.,6.));
#13906=CARTESIAN_POINT('Origin',(0.,0.,26.));
#13907=CARTESIAN_POINT('',(13.,1.59204083889156E-15,26.));
#13908=CARTESIAN_POINT('Origin',(0.,0.,26.));
#13909=CARTESIAN_POINT('',(13.,1.59204083889156E-15,26.));
#13910=CARTESIAN_POINT('Origin',(-1.3267006990763E-16,0.,26.));
#13911=CARTESIAN_POINT('',(11.,1.34711147906209E-15,26.));
#13912=CARTESIAN_POINT('Origin',(0.,0.,26.));
#13913=CARTESIAN_POINT('Origin',(0.,0.,6.));
#13914=CARTESIAN_POINT('',(13.,1.59204083889156E-15,14.));
#13915=CARTESIAN_POINT('',(13.,1.59204083889156E-15,6.));
#13916=CARTESIAN_POINT('Origin',(0.,0.,14.));
#13917=CARTESIAN_POINT('Origin',(-1.3267006990763E-16,0.,14.));
#13918=CARTESIAN_POINT('',(11.,-1.34711147906209E-15,14.));
#13919=CARTESIAN_POINT('Origin',(0.,0.,14.));
#13920=CARTESIAN_POINT('Origin',(0.,0.,6.));
#13921=CARTESIAN_POINT('',(11.,1.34711147906209E-15,6.));
#13922=CARTESIAN_POINT('Origin',(26.,-26.,6.));
#13923=CARTESIAN_POINT('Origin',(-26.,-26.,6.));
#13924=CARTESIAN_POINT('',(0.,0.,0.));
#13925=CARTESIAN_POINT('Origin',(22.,22.,-24.));
#13926=CARTESIAN_POINT('',(24.1,22.,-24.));
#13927=CARTESIAN_POINT('Origin',(22.,22.,-24.));
#13928=CARTESIAN_POINT('',(24.1,22.,-21.));
#13929=CARTESIAN_POINT('',(24.1,22.,-24.));
#13930=CARTESIAN_POINT('Origin',(22.,22.,-21.));
#13931=CARTESIAN_POINT('Origin',(22.,-22.,-24.));
#13932=CARTESIAN_POINT('',(24.1,-22.,-24.));
#13933=CARTESIAN_POINT('Origin',(22.,-22.,-24.));
#13934=CARTESIAN_POINT('',(24.1,-22.,-21.));
#13935=CARTESIAN_POINT('',(24.1,-22.,-24.));
#13936=CARTESIAN_POINT('Origin',(22.,-22.,-21.));
#13937=CARTESIAN_POINT('Origin',(-22.,22.,-24.));
#13938=CARTESIAN_POINT('',(-19.9,22.,-24.));
#13939=CARTESIAN_POINT('Origin',(-22.,22.,-24.));
#13940=CARTESIAN_POINT('',(-19.9,22.,-21.));
#13941=CARTESIAN_POINT('',(-19.9,22.,-24.));
#13942=CARTESIAN_POINT('Origin',(-22.,22.,-21.));
#13943=CARTESIAN_POINT('Origin',(-22.,-22.,-24.));
#13944=CARTESIAN_POINT('',(-19.9,-22.,-24.));
#13945=CARTESIAN_POINT('Origin',(-22.,-22.,-24.));
#13946=CARTESIAN_POINT('',(-19.9,-22.,-21.));
#13947=CARTESIAN_POINT('',(-19.9,-22.,-24.));
#13948=CARTESIAN_POINT('Origin',(-22.,-22.,-21.));
#13949=CARTESIAN_POINT('Origin',(9.52627944162883,5.49999999999999,-24.));
#13950=CARTESIAN_POINT('',(11.1262794416288,5.49999999999999,-24.));
#13951=CARTESIAN_POINT('Origin',(9.52627944162883,5.49999999999999,-24.));
#13952=CARTESIAN_POINT('',(11.1262794416288,5.49999999999999,-21.));
#13953=CARTESIAN_POINT('',(11.1262794416288,5.49999999999999,-24.));
#13954=CARTESIAN_POINT('Origin',(9.52627944162883,5.49999999999999,-21.));
#13955=CARTESIAN_POINT('Origin',(9.52627944162882,-5.50000000000001,-24.));
#13956=CARTESIAN_POINT('',(11.1262794416288,-5.50000000000001,-24.));
#13957=CARTESIAN_POINT('Origin',(9.52627944162882,-5.50000000000001,-24.));
#13958=CARTESIAN_POINT('',(11.1262794416288,-5.50000000000001,-21.));
#13959=CARTESIAN_POINT('',(11.1262794416288,-5.50000000000001,-24.));
#13960=CARTESIAN_POINT('Origin',(9.52627944162882,-5.50000000000001,-21.));
#13961=CARTESIAN_POINT('Origin',(-2.02066721859313E-15,-11.,-24.));
#13962=CARTESIAN_POINT('',(1.6,-11.,-24.));
#13963=CARTESIAN_POINT('Origin',(-2.02066721859313E-15,-11.,-24.));
#13964=CARTESIAN_POINT('',(1.6,-11.,-21.));
#13965=CARTESIAN_POINT('',(1.6,-11.,-24.));
#13966=CARTESIAN_POINT('Origin',(-2.02066721859313E-15,-11.,-21.));
#13967=CARTESIAN_POINT('Origin',(-9.52627944162882,-5.5,-24.));
#13968=CARTESIAN_POINT('',(-7.92627944162882,-5.5,-24.));
#13969=CARTESIAN_POINT('Origin',(-9.52627944162882,-5.5,-24.));
#13970=CARTESIAN_POINT('',(-7.92627944162882,-5.5,-21.));
#13971=CARTESIAN_POINT('',(-7.92627944162882,-5.5,-24.));
#13972=CARTESIAN_POINT('Origin',(-9.52627944162882,-5.5,-21.));
#13973=CARTESIAN_POINT('Origin',(-9.52627944162883,5.5,-24.));
#13974=CARTESIAN_POINT('',(-7.92627944162883,5.5,-24.));
#13975=CARTESIAN_POINT('Origin',(-9.52627944162883,5.5,-24.));
#13976=CARTESIAN_POINT('',(-7.92627944162883,5.5,-21.));
#13977=CARTESIAN_POINT('',(-7.92627944162883,5.5,-24.));
#13978=CARTESIAN_POINT('Origin',(-9.52627944162883,5.5,-21.));
#13979=CARTESIAN_POINT('Origin',(6.73555739531044E-16,11.,-24.));
#13980=CARTESIAN_POINT('',(1.6,11.,-24.));
#13981=CARTESIAN_POINT('Origin',(6.73555739531044E-16,11.,-24.));
#13982=CARTESIAN_POINT('',(1.6,11.,-21.));
#13983=CARTESIAN_POINT('',(1.6,11.,-24.));
#13984=CARTESIAN_POINT('Origin',(6.73555739531044E-16,11.,-21.));
#13985=CARTESIAN_POINT('Origin',(0.,0.,-24.));
#13986=CARTESIAN_POINT('',(8.05,9.85840673313619E-16,-24.));
#13987=CARTESIAN_POINT('Origin',(0.,0.,-24.));
#13988=CARTESIAN_POINT('',(8.05,9.85840673313619E-16,-21.));
#13989=CARTESIAN_POINT('',(8.05,9.85840673313619E-16,-24.));
#13990=CARTESIAN_POINT('Origin',(0.,0.,-21.));
#13991=CARTESIAN_POINT('Origin',(-26.,26.,-24.));
#13992=CARTESIAN_POINT('',(-26.,26.,-24.));
#13993=CARTESIAN_POINT('',(-26.,-26.,-24.));
#13994=CARTESIAN_POINT('',(-26.,26.,-24.));
#13995=CARTESIAN_POINT('',(-26.,-26.,-21.));
#13996=CARTESIAN_POINT('',(-26.,-26.,-24.));
#13997=CARTESIAN_POINT('',(-26.,26.,-21.));
#13998=CARTESIAN_POINT('',(-26.,26.,-21.));
#13999=CARTESIAN_POINT('',(-26.,26.,-24.));
#14000=CARTESIAN_POINT('Origin',(26.,26.,-24.));
#14001=CARTESIAN_POINT('',(26.,26.,-24.));
#14002=CARTESIAN_POINT('',(26.,26.,-24.));
#14003=CARTESIAN_POINT('',(26.,26.,-21.));
#14004=CARTESIAN_POINT('',(26.,26.,-21.));
#14005=CARTESIAN_POINT('',(26.,26.,-24.));
#14006=CARTESIAN_POINT('Origin',(26.,-26.,-24.));
#14007=CARTESIAN_POINT('',(26.,-26.,-24.));
#14008=CARTESIAN_POINT('',(26.,-26.,-24.));
#14009=CARTESIAN_POINT('',(26.,-26.,-21.));
#14010=CARTESIAN_POINT('',(26.,-26.,-21.));
#14011=CARTESIAN_POINT('',(26.,-26.,-24.));
#14012=CARTESIAN_POINT('Origin',(-26.,-26.,-24.));
#14013=CARTESIAN_POINT('',(-26.,-26.,-24.));
#14014=CARTESIAN_POINT('',(-26.,-26.,-21.));
#14015=CARTESIAN_POINT('Origin',(0.,0.,-21.));
#14016=CARTESIAN_POINT('Origin',(0.,0.,-24.));
#14017=CARTESIAN_POINT('',(0.,0.,0.));
#14018=CARTESIAN_POINT('Origin',(-2.93915231795365E-15,-16.,37.5));
#14019=CARTESIAN_POINT('',(1.20835567508081,-14.95125,37.5));
#14020=CARTESIAN_POINT('',(1.2083556750808,-14.95125,39.));
#14021=CARTESIAN_POINT('',(1.20835567508081,-14.95125,37.5));
#14022=CARTESIAN_POINT('',(-1.20835567508081,-14.95125,37.5));
#14023=CARTESIAN_POINT('Origin',(-2.93915231795365E-15,-16.,37.5));
#14024=CARTESIAN_POINT('',(-1.2083556750808,-14.95125,39.));
#14025=CARTESIAN_POINT('',(-1.20835567508081,-14.95125,37.5));
#14026=CARTESIAN_POINT('Origin',(-2.93915231795365E-15,-16.,39.));
#14027=CARTESIAN_POINT('Origin',(0.,0.,37.5));
#14028=CARTESIAN_POINT('',(-14.95125,-1.20835567508081,37.5));
#14029=CARTESIAN_POINT('Origin',(0.,0.,37.5));
#14030=CARTESIAN_POINT('',(-14.95125,-1.20835567508081,39.));
#14031=CARTESIAN_POINT('',(-14.95125,-1.20835567508081,37.5));
#14032=CARTESIAN_POINT('Origin',(0.,0.,39.));
#14033=CARTESIAN_POINT('Origin',(0.,0.,37.5));
#14034=CARTESIAN_POINT('',(14.95125,-1.20835567508081,39.));
#14035=CARTESIAN_POINT('Origin',(0.,0.,39.));
#14036=CARTESIAN_POINT('',(14.95125,-1.20835567508081,37.5));
#14037=CARTESIAN_POINT('',(14.95125,-1.20835567508081,37.5));
#14038=CARTESIAN_POINT('Origin',(0.,0.,37.5));
#14039=CARTESIAN_POINT('Origin',(-4.86761606027648E-15,0.,39.));
#14040=CARTESIAN_POINT('',(-3.5,54.888523390596,39.));
#14041=CARTESIAN_POINT('',(-54.888523390596,3.5,39.));
#14042=CARTESIAN_POINT('Origin',(0.,0.,39.));
#14043=CARTESIAN_POINT('',(-55.,3.5,39.));
#14044=CARTESIAN_POINT('',(55.,3.5,39.));
#14045=CARTESIAN_POINT('',(-55.,-3.5,39.));
#14046=CARTESIAN_POINT('',(-55.,3.5,39.));
#14047=CARTESIAN_POINT('',(-54.888523390596,-3.5,39.));
#14048=CARTESIAN_POINT('',(-55.,-3.5,39.));
#14049=CARTESIAN_POINT('',(-3.5,-54.888523390596,39.));
#14050=CARTESIAN_POINT('Origin',(0.,0.,39.));
#14051=CARTESIAN_POINT('',(-3.5,-55.,39.));
#14052=CARTESIAN_POINT('',(-3.5,55.,39.));
#14053=CARTESIAN_POINT('',(3.5,-55.,39.));
#14054=CARTESIAN_POINT('',(-3.5,-55.,39.));
#14055=CARTESIAN_POINT('',(3.5,-54.888523390596,39.));
#14056=CARTESIAN_POINT('',(3.5,-55.,39.));
#14057=CARTESIAN_POINT('',(54.888523390596,-3.5,39.));
#14058=CARTESIAN_POINT('Origin',(0.,0.,39.));
#14059=CARTESIAN_POINT('',(55.,-3.5,39.));
#14060=CARTESIAN_POINT('',(-55.,-3.5,39.));
#14061=CARTESIAN_POINT('',(55.,3.5,39.));
#14062=CARTESIAN_POINT('',(55.,-3.5,39.));
#14063=CARTESIAN_POINT('',(54.888523390596,3.5,39.));
#14064=CARTESIAN_POINT('',(55.,3.5,39.));
#14065=CARTESIAN_POINT('',(3.5,54.888523390596,39.));
#14066=CARTESIAN_POINT('Origin',(0.,0.,39.));
#14067=CARTESIAN_POINT('',(3.5,55.,39.));
#14068=CARTESIAN_POINT('',(3.5,-55.,39.));
#14069=CARTESIAN_POINT('',(-3.5,55.,39.));
#14070=CARTESIAN_POINT('',(3.5,55.,39.));
#14071=CARTESIAN_POINT('',(-3.5,55.,39.));
#14072=CARTESIAN_POINT('',(-14.95125,1.20835567508081,39.));
#14073=CARTESIAN_POINT('Origin',(-16.,1.95943487863577E-15,39.));
#14074=CARTESIAN_POINT('',(-1.20835567508081,14.95125,39.));
#14075=CARTESIAN_POINT('Origin',(0.,0.,39.));
#14076=CARTESIAN_POINT('',(1.20835567508081,14.95125,39.));
#14077=CARTESIAN_POINT('Origin',(9.79717439317883E-16,16.,39.));
#14078=CARTESIAN_POINT('',(14.95125,1.20835567508081,39.));
#14079=CARTESIAN_POINT('Origin',(0.,0.,39.));
#14080=CARTESIAN_POINT('Origin',(16.,0.,39.));
#14081=CARTESIAN_POINT('',(19.6913686675152,-3.5,39.));
#14082=CARTESIAN_POINT('',(44.8636824168503,-3.5,39.));
#14083=CARTESIAN_POINT('',(-55.,-3.5,39.));
#14084=CARTESIAN_POINT('',(3.5,-44.8636824168503,39.));
#14085=CARTESIAN_POINT('Origin',(0.,0.,39.));
#14086=CARTESIAN_POINT('',(3.5,-19.6913686675152,39.));
#14087=CARTESIAN_POINT('',(3.5,-55.,39.));
#14088=CARTESIAN_POINT('Origin',(0.,0.,39.));
#14089=CARTESIAN_POINT('',(-3.5,-19.6913686675152,39.));
#14090=CARTESIAN_POINT('',(-3.5,-44.8636824168503,39.));
#14091=CARTESIAN_POINT('',(-3.5,55.,39.));
#14092=CARTESIAN_POINT('',(-44.8636824168503,-3.5,39.));
#14093=CARTESIAN_POINT('Origin',(0.,0.,39.));
#14094=CARTESIAN_POINT('',(-19.6913686675152,-3.5,39.));
#14095=CARTESIAN_POINT('',(-55.,-3.5,39.));
#14096=CARTESIAN_POINT('Origin',(0.,0.,39.));
#14097=CARTESIAN_POINT('',(19.6913686675152,3.5,39.));
#14098=CARTESIAN_POINT('',(3.5,19.6913686675152,39.));
#14099=CARTESIAN_POINT('Origin',(0.,0.,39.));
#14100=CARTESIAN_POINT('',(3.5,44.8636824168503,39.));
#14101=CARTESIAN_POINT('',(3.5,-55.,39.));
#14102=CARTESIAN_POINT('',(44.8636824168503,3.5,39.));
#14103=CARTESIAN_POINT('Origin',(0.,0.,39.));
#14104=CARTESIAN_POINT('',(55.,3.5,39.));
#14105=CARTESIAN_POINT('',(-3.5,19.6913686675152,39.));
#14106=CARTESIAN_POINT('',(-19.6913686675152,3.5,39.));
#14107=CARTESIAN_POINT('Origin',(0.,0.,39.));
#14108=CARTESIAN_POINT('',(-44.8636824168503,3.5,39.));
#14109=CARTESIAN_POINT('',(55.,3.5,39.));
#14110=CARTESIAN_POINT('',(-3.5,44.8636824168503,39.));
#14111=CARTESIAN_POINT('Origin',(0.,0.,39.));
#14112=CARTESIAN_POINT('',(-3.5,55.,39.));
#14113=CARTESIAN_POINT('Origin',(-16.,1.95943487863577E-15,37.5));
#14114=CARTESIAN_POINT('',(-14.95125,1.20835567508081,37.5));
#14115=CARTESIAN_POINT('Origin',(-16.,1.95943487863577E-15,37.5));
#14116=CARTESIAN_POINT('',(-14.95125,1.20835567508081,37.5));
#14117=CARTESIAN_POINT('Origin',(0.,0.,37.5));
#14118=CARTESIAN_POINT('',(-1.2083556750808,14.95125,37.5));
#14119=CARTESIAN_POINT('Origin',(0.,0.,37.5));
#14120=CARTESIAN_POINT('',(-1.20835567508081,14.95125,37.5));
#14121=CARTESIAN_POINT('Origin',(9.79717439317883E-16,16.,37.5));
#14122=CARTESIAN_POINT('',(1.2083556750808,14.95125,37.5));
#14123=CARTESIAN_POINT('',(1.20835567508081,14.95125,37.5));
#14124=CARTESIAN_POINT('Origin',(9.79717439317883E-16,16.,37.5));
#14125=CARTESIAN_POINT('Origin',(0.,0.,37.5));
#14126=CARTESIAN_POINT('',(14.95125,1.20835567508081,37.5));
#14127=CARTESIAN_POINT('Origin',(0.,0.,37.5));
#14128=CARTESIAN_POINT('',(14.95125,1.20835567508081,37.5));
#14129=CARTESIAN_POINT('Origin',(-4.86761606027648E-15,0.,37.5));
#14130=CARTESIAN_POINT('',(3.5,55.,37.5));
#14131=CARTESIAN_POINT('',(-3.5,55.,37.5));
#14132=CARTESIAN_POINT('',(3.5,55.,37.5));
#14133=CARTESIAN_POINT('',(3.5,54.888523390596,37.5));
#14134=CARTESIAN_POINT('',(3.5,-55.,37.5));
#14135=CARTESIAN_POINT('',(54.888523390596,3.5,37.5));
#14136=CARTESIAN_POINT('Origin',(0.,0.,37.5));
#14137=CARTESIAN_POINT('',(55.,3.5,37.5));
#14138=CARTESIAN_POINT('',(55.,3.5,37.5));
#14139=CARTESIAN_POINT('',(55.,-3.5,37.5));
#14140=CARTESIAN_POINT('',(55.,-3.5,37.5));
#14141=CARTESIAN_POINT('',(54.888523390596,-3.5,37.5));
#14142=CARTESIAN_POINT('',(-55.,-3.5,37.5));
#14143=CARTESIAN_POINT('',(3.5,-54.888523390596,37.5));
#14144=CARTESIAN_POINT('Origin',(0.,0.,37.5));
#14145=CARTESIAN_POINT('',(3.5,-55.,37.5));
#14146=CARTESIAN_POINT('',(3.5,-55.,37.5));
#14147=CARTESIAN_POINT('',(-3.5,-55.,37.5));
#14148=CARTESIAN_POINT('',(-3.5,-55.,37.5));
#14149=CARTESIAN_POINT('',(-3.5,-54.888523390596,37.5));
#14150=CARTESIAN_POINT('',(-3.5,55.,37.5));
#14151=CARTESIAN_POINT('',(-54.888523390596,-3.5,37.5));
#14152=CARTESIAN_POINT('Origin',(0.,0.,37.5));
#14153=CARTESIAN_POINT('',(-55.,-3.5,37.5));
#14154=CARTESIAN_POINT('',(-55.,-3.5,37.5));
#14155=CARTESIAN_POINT('',(-55.,3.5,37.5));
#14156=CARTESIAN_POINT('',(-55.,3.5,37.5));
#14157=CARTESIAN_POINT('',(-54.888523390596,3.5,37.5));
#14158=CARTESIAN_POINT('',(55.,3.5,37.5));
#14159=CARTESIAN_POINT('',(-3.5,54.888523390596,37.5));
#14160=CARTESIAN_POINT('Origin',(0.,0.,37.5));
#14161=CARTESIAN_POINT('',(-3.5,55.,37.5));
#14162=CARTESIAN_POINT('Origin',(16.,0.,37.5));
#14163=CARTESIAN_POINT('',(44.8636824168503,3.5,37.5));
#14164=CARTESIAN_POINT('',(19.6913686675152,3.5,37.5));
#14165=CARTESIAN_POINT('',(55.,3.5,37.5));
#14166=CARTESIAN_POINT('',(3.5,44.8636824168503,37.5));
#14167=CARTESIAN_POINT('Origin',(0.,0.,37.5));
#14168=CARTESIAN_POINT('',(3.5,19.6913686675152,37.5));
#14169=CARTESIAN_POINT('',(3.5,-55.,37.5));
#14170=CARTESIAN_POINT('Origin',(0.,0.,37.5));
#14171=CARTESIAN_POINT('',(-3.5,44.8636824168503,37.5));
#14172=CARTESIAN_POINT('',(-3.5,19.6913686675152,37.5));
#14173=CARTESIAN_POINT('',(-3.5,55.,37.5));
#14174=CARTESIAN_POINT('',(-44.8636824168503,3.5,37.5));
#14175=CARTESIAN_POINT('Origin',(0.,0.,37.5));
#14176=CARTESIAN_POINT('',(-19.6913686675152,3.5,37.5));
#14177=CARTESIAN_POINT('',(55.,3.5,37.5));
#14178=CARTESIAN_POINT('Origin',(0.,0.,37.5));
#14179=CARTESIAN_POINT('',(19.6913686675152,-3.5,37.5));
#14180=CARTESIAN_POINT('',(3.5,-19.6913686675152,37.5));
#14181=CARTESIAN_POINT('Origin',(0.,0.,37.5));
#14182=CARTESIAN_POINT('',(3.5,-44.8636824168503,37.5));
#14183=CARTESIAN_POINT('',(3.5,-55.,37.5));
#14184=CARTESIAN_POINT('',(44.8636824168503,-3.5,37.5));
#14185=CARTESIAN_POINT('Origin',(0.,0.,37.5));
#14186=CARTESIAN_POINT('',(-55.,-3.5,37.5));
#14187=CARTESIAN_POINT('',(-3.5,-19.6913686675152,37.5));
#14188=CARTESIAN_POINT('',(-19.6913686675152,-3.5,37.5));
#14189=CARTESIAN_POINT('Origin',(0.,0.,37.5));
#14190=CARTESIAN_POINT('',(-44.8636824168503,-3.5,37.5));
#14191=CARTESIAN_POINT('',(-55.,-3.5,37.5));
#14192=CARTESIAN_POINT('',(-3.5,-44.8636824168503,37.5));
#14193=CARTESIAN_POINT('Origin',(0.,0.,37.5));
#14194=CARTESIAN_POINT('',(-3.5,55.,37.5));
#14195=CARTESIAN_POINT('Origin',(16.,0.,37.5));
#14196=CARTESIAN_POINT('Origin',(0.,0.,37.5));
#14197=CARTESIAN_POINT('',(-3.5,19.6913686675152,37.5));
#14198=CARTESIAN_POINT('',(-19.6913686675152,3.5,37.5));
#14199=CARTESIAN_POINT('Origin',(0.,0.,37.5));
#14200=CARTESIAN_POINT('',(-3.5,-19.6913686675152,37.5));
#14201=CARTESIAN_POINT('',(-19.6913686675152,-3.5,37.5));
#14202=CARTESIAN_POINT('Origin',(0.,0.,37.5));
#14203=CARTESIAN_POINT('',(19.6913686675152,3.5,37.5));
#14204=CARTESIAN_POINT('',(3.5,19.6913686675152,37.5));
#14205=CARTESIAN_POINT('Origin',(0.,0.,37.5));
#14206=CARTESIAN_POINT('',(19.6913686675152,-3.5,37.5));
#14207=CARTESIAN_POINT('',(3.5,-19.6913686675152,37.5));
#14208=CARTESIAN_POINT('Origin',(-55.,-3.5,37.5));
#14209=CARTESIAN_POINT('',(44.8636824168503,-3.5,37.5));
#14210=CARTESIAN_POINT('Origin',(3.5,-55.,37.5));
#14211=CARTESIAN_POINT('',(3.5,44.8636824168503,37.5));
#14212=CARTESIAN_POINT('Origin',(-3.5,55.,37.5));
#14213=CARTESIAN_POINT('',(-3.5,-44.8636824168503,37.5));
#14214=CARTESIAN_POINT('Origin',(55.,3.5,37.5));
#14215=CARTESIAN_POINT('',(-44.8636824168503,3.5,37.5));
#14216=CARTESIAN_POINT('Origin',(3.5,55.,37.5));
#14217=CARTESIAN_POINT('',(3.5,55.,37.5));
#14218=CARTESIAN_POINT('',(-3.5,55.,37.5));
#14219=CARTESIAN_POINT('Origin',(-3.5,55.,37.5));
#14220=CARTESIAN_POINT('',(-3.5,-54.888523390596,37.5));
#14221=CARTESIAN_POINT('',(-3.5,-55.,37.5));
#14222=CARTESIAN_POINT('Origin',(-3.5,55.,37.5));
#14223=CARTESIAN_POINT('',(-3.5,54.888523390596,37.5));
#14224=CARTESIAN_POINT('Origin',(-3.5,55.,37.5));
#14225=CARTESIAN_POINT('',(-3.5,44.8636824168503,37.5));
#14226=CARTESIAN_POINT('Origin',(3.5,-55.,37.5));
#14227=CARTESIAN_POINT('',(3.5,-54.888523390596,37.5));
#14228=CARTESIAN_POINT('',(3.5,-55.,37.5));
#14229=CARTESIAN_POINT('Origin',(3.5,-55.,37.5));
#14230=CARTESIAN_POINT('',(3.5,-44.8636824168503,37.5));
#14231=CARTESIAN_POINT('Origin',(3.5,-55.,37.5));
#14232=CARTESIAN_POINT('',(3.5,54.888523390596,37.5));
#14233=CARTESIAN_POINT('Origin',(-3.5,-55.,37.5));
#14234=CARTESIAN_POINT('Origin',(55.,3.5,37.5));
#14235=CARTESIAN_POINT('',(44.8636824168503,3.5,37.5));
#14236=CARTESIAN_POINT('Origin',(0.,0.,37.5));
#14237=CARTESIAN_POINT('Origin',(0.,0.,37.5));
#14238=CARTESIAN_POINT('Origin',(0.,0.,37.5));
#14239=CARTESIAN_POINT('',(54.888523390596,3.5,37.5));
#14240=CARTESIAN_POINT('Origin',(0.,0.,37.5));
#14241=CARTESIAN_POINT('Origin',(0.,0.,37.5));
#14242=CARTESIAN_POINT('',(54.888523390596,-3.5,37.5));
#14243=CARTESIAN_POINT('Origin',(0.,0.,37.5));
#14244=CARTESIAN_POINT('',(-54.888523390596,-3.5,37.5));
#14245=CARTESIAN_POINT('Origin',(55.,-3.5,37.5));
#14246=CARTESIAN_POINT('',(55.,-3.5,37.5));
#14247=CARTESIAN_POINT('',(55.,3.5,37.5));
#14248=CARTESIAN_POINT('Origin',(55.,3.5,37.5));
#14249=CARTESIAN_POINT('',(-54.888523390596,3.5,37.5));
#14250=CARTESIAN_POINT('',(-55.,3.5,37.5));
#14251=CARTESIAN_POINT('Origin',(55.,3.5,37.5));
#14252=CARTESIAN_POINT('Origin',(-55.,-3.5,37.5));
#14253=CARTESIAN_POINT('',(-55.,-3.5,37.5));
#14254=CARTESIAN_POINT('Origin',(-55.,-3.5,37.5));
#14255=CARTESIAN_POINT('Origin',(-55.,3.5,37.5));
#14256=CARTESIAN_POINT('Origin',(-55.,-3.5,37.5));
#14257=CARTESIAN_POINT('',(-44.8636824168503,-3.5,37.5));
#14258=CARTESIAN_POINT('Origin',(0.,0.,37.5));
#14259=CARTESIAN_POINT('Origin',(0.,0.,37.5));
#14260=CARTESIAN_POINT('',(0.,0.,0.));
#14261=CARTESIAN_POINT('Origin',(44.,7.,35.15));
#14262=CARTESIAN_POINT('',(44.,7.,35.15));
#14263=CARTESIAN_POINT('',(44.,-7.,35.15));
#14264=CARTESIAN_POINT('',(44.,7.,35.15));
#14265=CARTESIAN_POINT('',(44.,-7.,37.15));
#14266=CARTESIAN_POINT('',(44.,-7.,35.15));
#14267=CARTESIAN_POINT('',(44.,7.,37.15));
#14268=CARTESIAN_POINT('',(44.,7.,37.15));
#14269=CARTESIAN_POINT('',(44.,7.,35.15));
#14270=CARTESIAN_POINT('Origin',(54.,7.,35.15));
#14271=CARTESIAN_POINT('',(54.,7.,35.15));
#14272=CARTESIAN_POINT('',(54.,7.,35.15));
#14273=CARTESIAN_POINT('',(54.,7.,37.15));
#14274=CARTESIAN_POINT('',(54.,7.,37.15));
#14275=CARTESIAN_POINT('',(54.,7.,35.15));
#14276=CARTESIAN_POINT('Origin',(54.,-7.,35.15));
#14277=CARTESIAN_POINT('',(54.,-7.,35.15));
#14278=CARTESIAN_POINT('',(54.,-7.,35.15));
#14279=CARTESIAN_POINT('',(54.,-7.,37.15));
#14280=CARTESIAN_POINT('',(54.,-7.,37.15));
#14281=CARTESIAN_POINT('',(54.,-7.,35.15));
#14282=CARTESIAN_POINT('Origin',(44.,-7.,35.15));
#14283=CARTESIAN_POINT('',(44.,-7.,35.15));
#14284=CARTESIAN_POINT('',(44.,-7.,37.15));
#14285=CARTESIAN_POINT('Origin',(49.,0.,37.15));
#14286=CARTESIAN_POINT('Origin',(49.,0.,35.15));
#14287=CARTESIAN_POINT('',(0.,0.,0.));
#14288=CARTESIAN_POINT('Origin',(44.,7.,39.35));
#14289=CARTESIAN_POINT('',(44.,7.,39.35));
#14290=CARTESIAN_POINT('',(44.,-7.,39.35));
#14291=CARTESIAN_POINT('',(44.,7.,39.35));
#14292=CARTESIAN_POINT('',(44.,-7.,41.35));
#14293=CARTESIAN_POINT('',(44.,-7.,39.35));
#14294=CARTESIAN_POINT('',(44.,7.,41.35));
#14295=CARTESIAN_POINT('',(44.,7.,41.35));
#14296=CARTESIAN_POINT('',(44.,7.,39.35));
#14297=CARTESIAN_POINT('Origin',(54.,7.,39.35));
#14298=CARTESIAN_POINT('',(54.,7.,39.35));
#14299=CARTESIAN_POINT('',(54.,7.,39.35));
#14300=CARTESIAN_POINT('',(54.,7.,41.35));
#14301=CARTESIAN_POINT('',(54.,7.,41.35));
#14302=CARTESIAN_POINT('',(54.,7.,39.35));
#14303=CARTESIAN_POINT('Origin',(54.,-7.,39.35));
#14304=CARTESIAN_POINT('',(54.,-7.,39.35));
#14305=CARTESIAN_POINT('',(54.,-7.,39.35));
#14306=CARTESIAN_POINT('',(54.,-7.,41.35));
#14307=CARTESIAN_POINT('',(54.,-7.,41.35));
#14308=CARTESIAN_POINT('',(54.,-7.,39.35));
#14309=CARTESIAN_POINT('Origin',(44.,-7.,39.35));
#14310=CARTESIAN_POINT('',(44.,-7.,39.35));
#14311=CARTESIAN_POINT('',(44.,-7.,41.35));
#14312=CARTESIAN_POINT('Origin',(49.,0.,41.35));
#14313=CARTESIAN_POINT('Origin',(49.,0.,39.35));
#14314=CARTESIAN_POINT('',(0.,0.,0.));
#14315=CARTESIAN_POINT('Origin',(65.,8.,4.));
#14316=CARTESIAN_POINT('',(66.25,8.,4.));
#14317=CARTESIAN_POINT('Origin',(65.,8.,4.));
#14318=CARTESIAN_POINT('',(66.25,8.,29.));
#14319=CARTESIAN_POINT('',(66.25,8.,4.));
#14320=CARTESIAN_POINT('Origin',(65.,8.,29.));
#14321=CARTESIAN_POINT('Origin',(65.,8.,29.));
#14322=CARTESIAN_POINT('Origin',(65.,-8.,4.));
#14323=CARTESIAN_POINT('',(66.25,-8.,4.));
#14324=CARTESIAN_POINT('Origin',(65.,-8.,4.));
#14325=CARTESIAN_POINT('',(66.25,-8.,29.));
#14326=CARTESIAN_POINT('',(66.25,-8.,4.));
#14327=CARTESIAN_POINT('Origin',(65.,-8.,29.));
#14328=CARTESIAN_POINT('Origin',(65.,-8.,29.));
#14329=CARTESIAN_POINT('Origin',(49.,32.,29.));
#14330=CARTESIAN_POINT('',(50.5,32.,29.));
#14331=CARTESIAN_POINT('Origin',(49.,32.,29.));
#14332=CARTESIAN_POINT('',(50.5,32.,32.));
#14333=CARTESIAN_POINT('',(50.5,32.,29.));
#14334=CARTESIAN_POINT('Origin',(49.,32.,32.));
#14335=CARTESIAN_POINT('Origin',(49.,32.,29.));
#14336=CARTESIAN_POINT('',(50.5,32.,43.));
#14337=CARTESIAN_POINT('Origin',(49.,32.,43.));
#14338=CARTESIAN_POINT('',(50.5,32.,46.));
#14339=CARTESIAN_POINT('',(50.5,32.,29.));
#14340=CARTESIAN_POINT('Origin',(49.,32.,46.));
#14341=CARTESIAN_POINT('Origin',(49.,-32.,29.));
#14342=CARTESIAN_POINT('',(50.5,-32.,29.));
#14343=CARTESIAN_POINT('Origin',(49.,-32.,29.));
#14344=CARTESIAN_POINT('',(50.5,-32.,32.));
#14345=CARTESIAN_POINT('',(50.5,-32.,29.));
#14346=CARTESIAN_POINT('Origin',(49.,-32.,32.));
#14347=CARTESIAN_POINT('Origin',(49.,-32.,29.));
#14348=CARTESIAN_POINT('',(50.5,-32.,43.));
#14349=CARTESIAN_POINT('Origin',(49.,-32.,43.));
#14350=CARTESIAN_POINT('',(50.5,-32.,46.));
#14351=CARTESIAN_POINT('',(50.5,-32.,29.));
#14352=CARTESIAN_POINT('Origin',(49.,-32.,46.));
#14353=CARTESIAN_POINT('Origin',(84.,12.,29.));
#14354=CARTESIAN_POINT('',(86.1,12.,29.));
#14355=CARTESIAN_POINT('Origin',(84.,12.,29.));
#14356=CARTESIAN_POINT('',(86.1,12.,32.));
#14357=CARTESIAN_POINT('',(86.1,12.,29.));
#14358=CARTESIAN_POINT('Origin',(84.,12.,32.));
#14359=CARTESIAN_POINT('Origin',(76.,-12.,29.));
#14360=CARTESIAN_POINT('',(78.1,-12.,29.));
#14361=CARTESIAN_POINT('Origin',(76.,-12.,29.));
#14362=CARTESIAN_POINT('',(78.1,-12.,32.));
#14363=CARTESIAN_POINT('',(78.1,-12.,29.));
#14364=CARTESIAN_POINT('Origin',(76.,-12.,32.));
#14365=CARTESIAN_POINT('Origin',(88.,18.,29.));
#14366=CARTESIAN_POINT('',(88.,18.,29.));
#14367=CARTESIAN_POINT('',(70.,18.,29.));
#14368=CARTESIAN_POINT('',(88.,18.,29.));
#14369=CARTESIAN_POINT('',(70.,18.,32.));
#14370=CARTESIAN_POINT('',(70.,18.,16.5));
#14371=CARTESIAN_POINT('',(88.,18.,32.));
#14372=CARTESIAN_POINT('',(88.,18.,32.));
#14373=CARTESIAN_POINT('',(88.,18.,29.));
#14374=CARTESIAN_POINT('Origin',(88.,-18.,29.));
#14375=CARTESIAN_POINT('',(88.,-18.,29.));
#14376=CARTESIAN_POINT('',(88.,-18.,29.));
#14377=CARTESIAN_POINT('',(88.,-18.,32.));
#14378=CARTESIAN_POINT('',(88.,-18.,32.));
#14379=CARTESIAN_POINT('',(88.,-18.,29.));
#14380=CARTESIAN_POINT('Origin',(70.,-18.,29.));
#14381=CARTESIAN_POINT('',(70.,-18.,29.));
#14382=CARTESIAN_POINT('',(70.,-18.,29.));
#14383=CARTESIAN_POINT('',(70.,-18.,32.));
#14384=CARTESIAN_POINT('',(70.,-18.,32.));
#14385=CARTESIAN_POINT('',(70.,-18.,16.5));
#14386=CARTESIAN_POINT('Origin',(79.,0.,32.));
#14387=CARTESIAN_POINT('',(70.,-20.,32.));
#14388=CARTESIAN_POINT('Origin',(79.,0.,29.));
#14389=CARTESIAN_POINT('',(70.,-20.,29.));
#14390=CARTESIAN_POINT('Origin',(53.,0.,43.));
#14391=CARTESIAN_POINT('',(60.,-40.,43.));
#14392=CARTESIAN_POINT('',(60.,40.,43.));
#14393=CARTESIAN_POINT('',(60.,20.,43.));
#14394=CARTESIAN_POINT('',(36.,-40.,43.));
#14395=CARTESIAN_POINT('',(36.,-40.,43.));
#14396=CARTESIAN_POINT('',(36.,40.,43.));
#14397=CARTESIAN_POINT('',(36.,40.,43.));
#14398=CARTESIAN_POINT('',(70.,40.,43.));
#14399=CARTESIAN_POINT('Origin',(36.,40.,43.));
#14400=CARTESIAN_POINT('',(36.,-40.,46.));
#14401=CARTESIAN_POINT('',(36.,-40.,43.));
#14402=CARTESIAN_POINT('',(36.,40.,46.));
#14403=CARTESIAN_POINT('',(36.,40.,46.));
#14404=CARTESIAN_POINT('',(36.,40.,43.));
#14405=CARTESIAN_POINT('Origin',(70.,-40.,4.));
#14406=CARTESIAN_POINT('',(70.,-40.,4.));
#14407=CARTESIAN_POINT('',(70.,-40.,46.));
#14408=CARTESIAN_POINT('',(70.,-40.,4.));
#14409=CARTESIAN_POINT('',(70.,40.,4.));
#14410=CARTESIAN_POINT('',(70.,-40.,4.));
#14411=CARTESIAN_POINT('',(70.,40.,46.));
#14412=CARTESIAN_POINT('',(70.,40.,4.));
#14413=CARTESIAN_POINT('',(70.,-40.,46.));
#14414=CARTESIAN_POINT('Origin',(60.,-40.,4.));
#14415=CARTESIAN_POINT('',(60.,-40.,32.));
#14416=CARTESIAN_POINT('',(60.,-40.,4.));
#14417=CARTESIAN_POINT('',(36.,-40.,32.));
#14418=CARTESIAN_POINT('',(36.,-40.,32.));
#14419=CARTESIAN_POINT('',(36.,-40.,29.));
#14420=CARTESIAN_POINT('',(36.,-40.,29.));
#14421=CARTESIAN_POINT('',(60.,-40.,29.));
#14422=CARTESIAN_POINT('',(36.,-40.,29.));
#14423=CARTESIAN_POINT('',(60.,-40.,4.));
#14424=CARTESIAN_POINT('',(60.,-40.,4.));
#14425=CARTESIAN_POINT('',(60.,-40.,4.));
#14426=CARTESIAN_POINT('',(36.,-40.,46.));
#14427=CARTESIAN_POINT('Origin',(53.,0.,29.));
#14428=CARTESIAN_POINT('',(60.,40.,29.));
#14429=CARTESIAN_POINT('',(60.,20.,29.));
#14430=CARTESIAN_POINT('',(36.,40.,29.));
#14431=CARTESIAN_POINT('',(36.,40.,29.));
#14432=CARTESIAN_POINT('',(70.,40.,29.));
#14433=CARTESIAN_POINT('Origin',(36.,40.,29.));
#14434=CARTESIAN_POINT('',(36.,40.,32.));
#14435=CARTESIAN_POINT('',(36.,40.,32.));
#14436=CARTESIAN_POINT('',(36.,40.,29.));
#14437=CARTESIAN_POINT('Origin',(53.,0.,32.));
#14438=CARTESIAN_POINT('',(60.,40.,32.));
#14439=CARTESIAN_POINT('',(60.,20.,32.));
#14440=CARTESIAN_POINT('',(70.,40.,32.));
#14441=CARTESIAN_POINT('Origin',(60.,40.,4.));
#14442=CARTESIAN_POINT('',(60.,40.,4.));
#14443=CARTESIAN_POINT('Origin',(60.,40.,4.));
#14444=CARTESIAN_POINT('',(60.,40.,4.));
#14445=CARTESIAN_POINT('',(60.,40.,4.));
#14446=CARTESIAN_POINT('',(60.,40.,4.));
#14447=CARTESIAN_POINT('Origin',(70.,40.,4.));
#14448=CARTESIAN_POINT('',(70.,40.,4.));
#14449=CARTESIAN_POINT('',(70.,40.,46.));
#14450=CARTESIAN_POINT('Origin',(65.,0.,46.));
#14451=CARTESIAN_POINT('Origin',(65.,0.,4.));
#14452=CARTESIAN_POINT('',(0.,0.,0.));
#14453=CARTESIAN_POINT('Origin',(-80.,0.,4.));
#14454=CARTESIAN_POINT('',(-77.9,2.57175827820944E-16,4.));
#14455=CARTESIAN_POINT('Origin',(-80.,0.,4.));
#14456=CARTESIAN_POINT('',(-77.9,2.57175827820944E-16,65.));
#14457=CARTESIAN_POINT('',(-77.9,2.57175827820944E-16,4.));
#14458=CARTESIAN_POINT('Origin',(-80.,0.,65.));
#14459=CARTESIAN_POINT('Origin',(7.5,7.5,63.));
#14460=CARTESIAN_POINT('',(8.6,7.5,63.));
#14461=CARTESIAN_POINT('Origin',(7.5,7.5,63.));
#14462=CARTESIAN_POINT('',(8.6,7.5,65.));
#14463=CARTESIAN_POINT('',(8.6,7.5,63.));
#14464=CARTESIAN_POINT('Origin',(7.5,7.5,65.));
#14465=CARTESIAN_POINT('Origin',(7.5,-7.5,63.));
#14466=CARTESIAN_POINT('',(8.6,-7.5,63.));
#14467=CARTESIAN_POINT('Origin',(7.5,-7.5,63.));
#14468=CARTESIAN_POINT('',(8.6,-7.5,65.));
#14469=CARTESIAN_POINT('',(8.6,-7.5,63.));
#14470=CARTESIAN_POINT('Origin',(7.5,-7.5,65.));
#14471=CARTESIAN_POINT('Origin',(-7.5,7.5,63.));
#14472=CARTESIAN_POINT('',(-6.4,7.5,63.));
#14473=CARTESIAN_POINT('Origin',(-7.5,7.5,63.));
#14474=CARTESIAN_POINT('',(-6.4,7.5,65.));
#14475=CARTESIAN_POINT('',(-6.4,7.5,63.));
#14476=CARTESIAN_POINT('Origin',(-7.5,7.5,65.));
#14477=CARTESIAN_POINT('Origin',(-7.5,-7.5,63.));
#14478=CARTESIAN_POINT('',(-6.4,-7.5,63.));
#14479=CARTESIAN_POINT('Origin',(-7.5,-7.5,63.));
#14480=CARTESIAN_POINT('',(-6.4,-7.5,65.));
#14481=CARTESIAN_POINT('',(-6.4,-7.5,63.));
#14482=CARTESIAN_POINT('Origin',(-7.5,-7.5,65.));
#14483=CARTESIAN_POINT('Origin',(-77.,-5.,4.));
#14484=CARTESIAN_POINT('',(-77.,-5.,63.));
#14485=CARTESIAN_POINT('',(-77.,5.,63.));
#14486=CARTESIAN_POINT('',(-77.,-2.5,63.));
#14487=CARTESIAN_POINT('',(-77.,-5.,4.));
#14488=CARTESIAN_POINT('',(-77.,-5.,4.));
#14489=CARTESIAN_POINT('',(-77.,5.,4.));
#14490=CARTESIAN_POINT('',(-77.,-5.,4.));
#14491=CARTESIAN_POINT('',(-77.,5.,4.));
#14492=CARTESIAN_POINT('Origin',(-80.,0.,4.));
#14493=CARTESIAN_POINT('',(-83.,-5.,4.));
#14494=CARTESIAN_POINT('',(-83.,-5.,4.));
#14495=CARTESIAN_POINT('',(-83.,5.,4.));
#14496=CARTESIAN_POINT('',(-83.,5.,4.));
#14497=CARTESIAN_POINT('',(-77.,5.,4.));
#14498=CARTESIAN_POINT('Origin',(-13.,5.,63.));
#14499=CARTESIAN_POINT('',(-14.142135623731,5.,65.));
#14500=CARTESIAN_POINT('',(-83.,5.,65.));
#14501=CARTESIAN_POINT('',(-13.,5.,65.));
#14502=CARTESIAN_POINT('',(-14.142135623731,5.,63.));
#14503=CARTESIAN_POINT('',(-14.142135623731,5.,63.));
#14504=CARTESIAN_POINT('',(-13.,5.,63.));
#14505=CARTESIAN_POINT('',(-83.,5.,63.));
#14506=CARTESIAN_POINT('Origin',(-1.13994576067134E-15,-2.46716227694479E-16,
65.));
#14507=CARTESIAN_POINT('',(-83.,-5.,65.));
#14508=CARTESIAN_POINT('',(-14.142135623731,-5.,65.));
#14509=CARTESIAN_POINT('',(-83.,-5.,65.));
#14510=CARTESIAN_POINT('Origin',(0.,0.,65.));
#14511=CARTESIAN_POINT('',(-83.,5.,65.));
#14512=CARTESIAN_POINT('',(8.,9.79717439317883E-16,65.));
#14513=CARTESIAN_POINT('Origin',(0.,0.,65.));
#14514=CARTESIAN_POINT('Origin',(-83.,-5.,63.));
#14515=CARTESIAN_POINT('',(-14.142135623731,-5.,63.));
#14516=CARTESIAN_POINT('',(-83.,-5.,63.));
#14517=CARTESIAN_POINT('',(-14.142135623731,-5.,63.));
#14518=CARTESIAN_POINT('',(-83.,-5.,4.));
#14519=CARTESIAN_POINT('Origin',(-83.,5.,63.));
#14520=CARTESIAN_POINT('Origin',(0.,0.,63.));
#14521=CARTESIAN_POINT('',(8.,9.79717439317883E-16,63.));
#14522=CARTESIAN_POINT('Origin',(0.,0.,63.));
#14523=CARTESIAN_POINT('',(8.,9.79717439317883E-16,63.));
#14524=CARTESIAN_POINT('Origin',(0.,0.,63.));
#14525=CARTESIAN_POINT('Origin',(0.,0.,63.));
#14526=CARTESIAN_POINT('Origin',(-1.13994576067134E-15,-2.46716227694479E-16,
63.));
#14527=CARTESIAN_POINT('',(0.,0.,0.));
#14528=CARTESIAN_POINT('Origin',(65.,8.,0.));
#14529=CARTESIAN_POINT('',(66.7,8.,0.));
#14530=CARTESIAN_POINT('Origin',(65.,8.,0.));
#14531=CARTESIAN_POINT('',(66.7,8.,4.));
#14532=CARTESIAN_POINT('',(66.7,8.,0.));
#14533=CARTESIAN_POINT('Origin',(65.,8.,4.));
#14534=CARTESIAN_POINT('Origin',(65.,-8.,0.));
#14535=CARTESIAN_POINT('',(66.7,-8.,0.));
#14536=CARTESIAN_POINT('Origin',(65.,-8.,0.));
#14537=CARTESIAN_POINT('',(66.7,-8.,4.));
#14538=CARTESIAN_POINT('',(66.7,-8.,0.));
#14539=CARTESIAN_POINT('Origin',(65.,-8.,4.));
#14540=CARTESIAN_POINT('Origin',(22.,22.,0.));
#14541=CARTESIAN_POINT('',(24.1,22.,0.));
#14542=CARTESIAN_POINT('Origin',(22.,22.,0.));
#14543=CARTESIAN_POINT('',(24.1,22.,4.));
#14544=CARTESIAN_POINT('',(24.1,22.,0.));
#14545=CARTESIAN_POINT('Origin',(22.,22.,4.));
#14546=CARTESIAN_POINT('Origin',(22.,-22.,0.));
#14547=CARTESIAN_POINT('',(24.1,-22.,0.));
#14548=CARTESIAN_POINT('Origin',(22.,-22.,0.));
#14549=CARTESIAN_POINT('',(24.1,-22.,4.));
#14550=CARTESIAN_POINT('',(24.1,-22.,0.));
#14551=CARTESIAN_POINT('Origin',(22.,-22.,4.));
#14552=CARTESIAN_POINT('Origin',(-22.,22.,0.));
#14553=CARTESIAN_POINT('',(-19.9,22.,0.));
#14554=CARTESIAN_POINT('Origin',(-22.,22.,0.));
#14555=CARTESIAN_POINT('',(-19.9,22.,4.));
#14556=CARTESIAN_POINT('',(-19.9,22.,0.));
#14557=CARTESIAN_POINT('Origin',(-22.,22.,4.));
#14558=CARTESIAN_POINT('Origin',(-22.,-22.,0.));
#14559=CARTESIAN_POINT('',(-19.9,-22.,0.));
#14560=CARTESIAN_POINT('Origin',(-22.,-22.,0.));
#14561=CARTESIAN_POINT('',(-19.9,-22.,4.));
#14562=CARTESIAN_POINT('',(-19.9,-22.,0.));
#14563=CARTESIAN_POINT('Origin',(-22.,-22.,4.));
#14564=CARTESIAN_POINT('Origin',(84.,84.,0.));
#14565=CARTESIAN_POINT('',(86.1,84.,0.));
#14566=CARTESIAN_POINT('Origin',(84.,84.,0.));
#14567=CARTESIAN_POINT('',(86.1,84.,4.));
#14568=CARTESIAN_POINT('',(86.1,84.,0.));
#14569=CARTESIAN_POINT('Origin',(84.,84.,4.));
#14570=CARTESIAN_POINT('Origin',(84.,-84.,0.));
#14571=CARTESIAN_POINT('',(86.1,-84.,0.));
#14572=CARTESIAN_POINT('Origin',(84.,-84.,0.));
#14573=CARTESIAN_POINT('',(86.1,-84.,4.));
#14574=CARTESIAN_POINT('',(86.1,-84.,0.));
#14575=CARTESIAN_POINT('Origin',(84.,-84.,4.));
#14576=CARTESIAN_POINT('Origin',(-84.,84.,0.));
#14577=CARTESIAN_POINT('',(-81.9,84.,0.));
#14578=CARTESIAN_POINT('Origin',(-84.,84.,0.));
#14579=CARTESIAN_POINT('',(-81.9,84.,4.));
#14580=CARTESIAN_POINT('',(-81.9,84.,0.));
#14581=CARTESIAN_POINT('Origin',(-84.,84.,4.));
#14582=CARTESIAN_POINT('Origin',(-84.,-84.,0.));
#14583=CARTESIAN_POINT('',(-81.9,-84.,0.));
#14584=CARTESIAN_POINT('Origin',(-84.,-84.,0.));
#14585=CARTESIAN_POINT('',(-81.9,-84.,4.));
#14586=CARTESIAN_POINT('',(-81.9,-84.,0.));
#14587=CARTESIAN_POINT('Origin',(-84.,-84.,4.));
#14588=CARTESIAN_POINT('Origin',(0.,0.,0.));
#14589=CARTESIAN_POINT('',(7.,8.57252759403147E-16,0.));
#14590=CARTESIAN_POINT('Origin',(0.,0.,0.));
#14591=CARTESIAN_POINT('',(7.,8.57252759403147E-16,4.));
#14592=CARTESIAN_POINT('',(7.,8.57252759403147E-16,0.));
#14593=CARTESIAN_POINT('Origin',(0.,0.,4.));
#14594=CARTESIAN_POINT('Origin',(56.,12.,0.));
#14595=CARTESIAN_POINT('',(56.,5.,4.));
#14596=CARTESIAN_POINT('',(56.,5.,0.));
#14597=CARTESIAN_POINT('',(56.,5.,0.));
#14598=CARTESIAN_POINT('',(56.,12.,4.));
#14599=CARTESIAN_POINT('',(56.,12.,4.));
#14600=CARTESIAN_POINT('',(56.,12.,0.));
#14601=CARTESIAN_POINT('',(56.,12.,0.));
#14602=CARTESIAN_POINT('',(56.,12.,0.));
#14603=CARTESIAN_POINT('Origin',(56.,12.,0.));
#14604=CARTESIAN_POINT('',(56.,-5.,0.));
#14605=CARTESIAN_POINT('',(56.,-5.,4.));
#14606=CARTESIAN_POINT('',(56.,-5.,0.));
#14607=CARTESIAN_POINT('',(56.,-12.,0.));
#14608=CARTESIAN_POINT('',(56.,12.,0.));
#14609=CARTESIAN_POINT('',(56.,-12.,4.));
#14610=CARTESIAN_POINT('',(56.,-12.,0.));
#14611=CARTESIAN_POINT('',(56.,12.,4.));
#14612=CARTESIAN_POINT('Origin',(74.,-12.,0.));
#14613=CARTESIAN_POINT('',(74.,5.,0.));
#14614=CARTESIAN_POINT('',(74.,5.,4.));
#14615=CARTESIAN_POINT('',(74.,5.,0.));
#14616=CARTESIAN_POINT('',(74.,12.,0.));
#14617=CARTESIAN_POINT('',(74.,-12.,0.));
#14618=CARTESIAN_POINT('',(74.,12.,4.));
#14619=CARTESIAN_POINT('',(74.,12.,0.));
#14620=CARTESIAN_POINT('',(74.,-12.,4.));
#14621=CARTESIAN_POINT('Origin',(74.,12.,0.));
#14622=CARTESIAN_POINT('',(74.,12.,0.));
#14623=CARTESIAN_POINT('',(74.,12.,4.));
#14624=CARTESIAN_POINT('Origin',(74.,-12.,0.));
#14625=CARTESIAN_POINT('',(74.,-5.,4.));
#14626=CARTESIAN_POINT('',(74.,-5.,0.));
#14627=CARTESIAN_POINT('',(74.,-5.,0.));
#14628=CARTESIAN_POINT('',(74.,-12.,4.));
#14629=CARTESIAN_POINT('',(74.,-12.,4.));
#14630=CARTESIAN_POINT('',(74.,-12.,0.));
#14631=CARTESIAN_POINT('',(74.,-12.,0.));
#14632=CARTESIAN_POINT('',(74.,-12.,0.));
#14633=CARTESIAN_POINT('Origin',(56.,-12.,0.));
#14634=CARTESIAN_POINT('',(56.,-12.,0.));
#14635=CARTESIAN_POINT('',(56.,-12.,4.));
#14636=CARTESIAN_POINT('Origin',(0.,0.,4.));
#14637=CARTESIAN_POINT('',(90.,90.,4.));
#14638=CARTESIAN_POINT('',(-90.,90.,4.));
#14639=CARTESIAN_POINT('',(90.,90.,4.));
#14640=CARTESIAN_POINT('',(-90.,-90.,4.));
#14641=CARTESIAN_POINT('',(-90.,90.,4.));
#14642=CARTESIAN_POINT('',(90.,-90.,4.));
#14643=CARTESIAN_POINT('',(-90.,-90.,4.));
#14644=CARTESIAN_POINT('',(90.,-90.,4.));
#14645=CARTESIAN_POINT('',(26.,5.,4.));
#14646=CARTESIAN_POINT('',(90.,5.,4.));
#14647=CARTESIAN_POINT('',(26.,26.,4.));
#14648=CARTESIAN_POINT('',(26.,-26.,4.));
#14649=CARTESIAN_POINT('',(5.,26.,4.));
#14650=CARTESIAN_POINT('',(26.,26.,4.));
#14651=CARTESIAN_POINT('',(5.,80.,4.));
#14652=CARTESIAN_POINT('',(5.,-90.,4.));
#14653=CARTESIAN_POINT('',(80.,80.,4.));
#14654=CARTESIAN_POINT('',(40.,80.,4.));
#14655=CARTESIAN_POINT('',(80.,5.,4.));
#14656=CARTESIAN_POINT('',(80.,-40.,4.));
#14657=CARTESIAN_POINT('',(90.,5.,4.));
#14658=CARTESIAN_POINT('',(-26.,-5.,4.));
#14659=CARTESIAN_POINT('',(-26.,-26.,4.));
#14660=CARTESIAN_POINT('',(-26.,26.,4.));
#14661=CARTESIAN_POINT('',(-5.,-26.,4.));
#14662=CARTESIAN_POINT('',(-26.,-26.,4.));
#14663=CARTESIAN_POINT('',(-5.,-80.,4.));
#14664=CARTESIAN_POINT('',(-5.,90.,4.));
#14665=CARTESIAN_POINT('',(-80.,-80.,4.));
#14666=CARTESIAN_POINT('',(-40.,-80.,4.));
#14667=CARTESIAN_POINT('',(-80.,-5.,4.));
#14668=CARTESIAN_POINT('',(-80.,40.,4.));
#14669=CARTESIAN_POINT('',(-90.,-5.,4.));
#14670=CARTESIAN_POINT('',(-5.,26.,4.));
#14671=CARTESIAN_POINT('',(-26.,26.,4.));
#14672=CARTESIAN_POINT('',(26.,26.,4.));
#14673=CARTESIAN_POINT('',(-26.,5.,4.));
#14674=CARTESIAN_POINT('',(-26.,26.,4.));
#14675=CARTESIAN_POINT('',(-80.,5.,4.));
#14676=CARTESIAN_POINT('',(90.,5.,4.));
#14677=CARTESIAN_POINT('',(-80.,80.,4.));
#14678=CARTESIAN_POINT('',(-80.,40.,4.));
#14679=CARTESIAN_POINT('',(-5.,80.,4.));
#14680=CARTESIAN_POINT('',(40.,80.,4.));
#14681=CARTESIAN_POINT('',(-5.,90.,4.));
#14682=CARTESIAN_POINT('',(80.,-5.,4.));
#14683=CARTESIAN_POINT('',(-90.,-5.,4.));
#14684=CARTESIAN_POINT('',(80.,-80.,4.));
#14685=CARTESIAN_POINT('',(80.,-40.,4.));
#14686=CARTESIAN_POINT('',(5.,-80.,4.));
#14687=CARTESIAN_POINT('',(-40.,-80.,4.));
#14688=CARTESIAN_POINT('',(5.,-26.,4.));
#14689=CARTESIAN_POINT('',(5.,-90.,4.));
#14690=CARTESIAN_POINT('',(26.,-26.,4.));
#14691=CARTESIAN_POINT('',(-26.,-26.,4.));
#14692=CARTESIAN_POINT('',(26.,-5.,4.));
#14693=CARTESIAN_POINT('',(26.,-26.,4.));
#14694=CARTESIAN_POINT('',(-90.,-5.,4.));
#14695=CARTESIAN_POINT('Origin',(-90.,-5.,0.));
#14696=CARTESIAN_POINT('',(80.,-5.,0.));
#14697=CARTESIAN_POINT('',(-90.,-5.,0.));
#14698=CARTESIAN_POINT('',(80.,-5.,0.));
#14699=CARTESIAN_POINT('Origin',(90.,5.,0.));
#14700=CARTESIAN_POINT('',(80.,5.,0.));
#14701=CARTESIAN_POINT('',(80.,5.,0.));
#14702=CARTESIAN_POINT('',(90.,5.,0.));
#14703=CARTESIAN_POINT('Origin',(26.,26.,0.));
#14704=CARTESIAN_POINT('',(5.,26.,0.));
#14705=CARTESIAN_POINT('',(5.,26.,0.));
#14706=CARTESIAN_POINT('',(26.,26.,0.));
#14707=CARTESIAN_POINT('',(26.,26.,0.));
#14708=CARTESIAN_POINT('',(26.,26.,0.));
#14709=CARTESIAN_POINT('Origin',(26.,26.,0.));
#14710=CARTESIAN_POINT('',(-5.,26.,0.));
#14711=CARTESIAN_POINT('',(-5.,26.,0.));
#14712=CARTESIAN_POINT('',(-26.,26.,0.));
#14713=CARTESIAN_POINT('',(26.,26.,0.));
#14714=CARTESIAN_POINT('',(-26.,26.,0.));
#14715=CARTESIAN_POINT('Origin',(-26.,26.,0.));
#14716=CARTESIAN_POINT('',(-26.,-5.,0.));
#14717=CARTESIAN_POINT('',(-26.,-5.,0.));
#14718=CARTESIAN_POINT('',(-26.,-26.,0.));
#14719=CARTESIAN_POINT('',(-26.,26.,0.));
#14720=CARTESIAN_POINT('',(-26.,-26.,0.));
#14721=CARTESIAN_POINT('Origin',(26.,-26.,0.));
#14722=CARTESIAN_POINT('',(26.,-5.,0.));
#14723=CARTESIAN_POINT('',(26.,-5.,0.));
#14724=CARTESIAN_POINT('',(26.,-26.,0.));
#14725=CARTESIAN_POINT('',(26.,-26.,0.));
#14726=CARTESIAN_POINT('',(26.,-26.,0.));
#14727=CARTESIAN_POINT('Origin',(-26.,-26.,0.));
#14728=CARTESIAN_POINT('',(5.,-26.,0.));
#14729=CARTESIAN_POINT('',(5.,-26.,0.));
#14730=CARTESIAN_POINT('',(-26.,-26.,0.));
#14731=CARTESIAN_POINT('Origin',(-26.,26.,0.));
#14732=CARTESIAN_POINT('',(-26.,5.,0.));
#14733=CARTESIAN_POINT('',(-26.,5.,0.));
#14734=CARTESIAN_POINT('',(-26.,26.,0.));
#14735=CARTESIAN_POINT('Origin',(26.,-26.,0.));
#14736=CARTESIAN_POINT('',(26.,5.,0.));
#14737=CARTESIAN_POINT('',(26.,5.,0.));
#14738=CARTESIAN_POINT('',(26.,-26.,0.));
#14739=CARTESIAN_POINT('Origin',(-26.,-26.,0.));
#14740=CARTESIAN_POINT('',(-5.,-26.,0.));
#14741=CARTESIAN_POINT('',(-5.,-26.,0.));
#14742=CARTESIAN_POINT('',(-26.,-26.,0.));
#14743=CARTESIAN_POINT('Origin',(90.,5.,0.));
#14744=CARTESIAN_POINT('',(-80.,5.,0.));
#14745=CARTESIAN_POINT('',(90.,5.,0.));
#14746=CARTESIAN_POINT('',(-80.,5.,0.));
#14747=CARTESIAN_POINT('Origin',(90.,5.,0.));
#14748=CARTESIAN_POINT('',(90.,5.,0.));
#14749=CARTESIAN_POINT('Origin',(-5.,90.,0.));
#14750=CARTESIAN_POINT('',(-5.,-80.,0.));
#14751=CARTESIAN_POINT('',(-5.,90.,0.));
#14752=CARTESIAN_POINT('',(-5.,-80.,0.));
#14753=CARTESIAN_POINT('Origin',(5.,-90.,0.));
#14754=CARTESIAN_POINT('',(5.,-80.,0.));
#14755=CARTESIAN_POINT('',(5.,-80.,0.));
#14756=CARTESIAN_POINT('',(5.,-90.,0.));
#14757=CARTESIAN_POINT('Origin',(5.,-90.,0.));
#14758=CARTESIAN_POINT('',(5.,80.,0.));
#14759=CARTESIAN_POINT('',(5.,-90.,0.));
#14760=CARTESIAN_POINT('',(5.,80.,0.));
#14761=CARTESIAN_POINT('Origin',(-5.,90.,0.));
#14762=CARTESIAN_POINT('',(-5.,80.,0.));
#14763=CARTESIAN_POINT('',(-5.,80.,0.));
#14764=CARTESIAN_POINT('',(-5.,90.,0.));
#14765=CARTESIAN_POINT('Origin',(90.,90.,0.));
#14766=CARTESIAN_POINT('',(90.,90.,0.));
#14767=CARTESIAN_POINT('',(90.,90.,0.));
#14768=CARTESIAN_POINT('',(-90.,90.,0.));
#14769=CARTESIAN_POINT('',(90.,90.,0.));
#14770=CARTESIAN_POINT('',(-90.,90.,0.));
#14771=CARTESIAN_POINT('Origin',(80.,80.,0.));
#14772=CARTESIAN_POINT('',(-80.,80.,0.));
#14773=CARTESIAN_POINT('',(-80.,80.,0.));
#14774=CARTESIAN_POINT('',(40.,80.,0.));
#14775=CARTESIAN_POINT('Origin',(-90.,-5.,0.));
#14776=CARTESIAN_POINT('',(-90.,-5.,0.));
#14777=CARTESIAN_POINT('Origin',(0.,0.,0.));
#14778=CARTESIAN_POINT('',(90.,-90.,0.));
#14779=CARTESIAN_POINT('',(90.,-90.,0.));
#14780=CARTESIAN_POINT('',(-90.,-90.,0.));
#14781=CARTESIAN_POINT('',(-90.,-90.,0.));
#14782=CARTESIAN_POINT('',(-90.,90.,0.));
#14783=CARTESIAN_POINT('',(80.,-80.,0.));
#14784=CARTESIAN_POINT('',(-40.,-80.,0.));
#14785=CARTESIAN_POINT('',(80.,-40.,0.));
#14786=CARTESIAN_POINT('',(80.,80.,0.));
#14787=CARTESIAN_POINT('',(80.,-40.,0.));
#14788=CARTESIAN_POINT('',(40.,80.,0.));
#14789=CARTESIAN_POINT('',(-80.,40.,0.));
#14790=CARTESIAN_POINT('',(-80.,-5.,0.));
#14791=CARTESIAN_POINT('',(-90.,-5.,0.));
#14792=CARTESIAN_POINT('',(-80.,-80.,0.));
#14793=CARTESIAN_POINT('',(-80.,40.,0.));
#14794=CARTESIAN_POINT('',(-40.,-80.,0.));
#14795=CARTESIAN_POINT('Origin',(-90.,-90.,0.));
#14796=CARTESIAN_POINT('',(-90.,-90.,0.));
#14797=CARTESIAN_POINT('',(90.,-90.,0.));
#14798=CARTESIAN_POINT('Origin',(-80.,-80.,0.));
#14799=CARTESIAN_POINT('',(80.,-80.,0.));
#14800=CARTESIAN_POINT('Origin',(-90.,-5.,0.));
#14801=CARTESIAN_POINT('',(-80.,-5.,0.));
#14802=CARTESIAN_POINT('Origin',(-80.,80.,0.));
#14803=CARTESIAN_POINT('',(-80.,-80.,0.));
#14804=CARTESIAN_POINT('Origin',(80.,-80.,0.));
#14805=CARTESIAN_POINT('Origin',(-80.,80.,0.));
#14806=CARTESIAN_POINT('Origin',(80.,80.,0.));
#14807=CARTESIAN_POINT('',(80.,80.,0.));
#14808=CARTESIAN_POINT('Origin',(80.,-80.,0.));
#14809=CARTESIAN_POINT('Origin',(-80.,-80.,0.));
#14810=CARTESIAN_POINT('Origin',(-90.,90.,0.));
#14811=CARTESIAN_POINT('Origin',(90.,-90.,0.));
#14812=CARTESIAN_POINT('',(0.,0.,0.));
#14813=CARTESIAN_POINT('Origin',(84.,84.,4.));
#14814=CARTESIAN_POINT('',(86.1,84.,4.));
#14815=CARTESIAN_POINT('Origin',(84.,84.,4.));
#14816=CARTESIAN_POINT('',(86.1,84.,46.));
#14817=CARTESIAN_POINT('',(86.1,84.,4.));
#14818=CARTESIAN_POINT('Origin',(84.,84.,46.));
#14819=CARTESIAN_POINT('Origin',(84.,84.,4.));
#14820=CARTESIAN_POINT('',(86.1,84.,66.));
#14821=CARTESIAN_POINT('Origin',(84.,84.,66.));
#14822=CARTESIAN_POINT('',(86.1,84.,67.5));
#14823=CARTESIAN_POINT('',(86.1,84.,4.));
#14824=CARTESIAN_POINT('Origin',(84.,84.,67.5));
#14825=CARTESIAN_POINT('Origin',(84.,-84.,4.));
#14826=CARTESIAN_POINT('',(86.1,-84.,4.));
#14827=CARTESIAN_POINT('Origin',(84.,-84.,4.));
#14828=CARTESIAN_POINT('',(86.1,-84.,46.));
#14829=CARTESIAN_POINT('',(86.1,-84.,4.));
#14830=CARTESIAN_POINT('Origin',(84.,-84.,46.));
#14831=CARTESIAN_POINT('Origin',(84.,-84.,4.));
#14832=CARTESIAN_POINT('',(86.1,-84.,66.));
#14833=CARTESIAN_POINT('Origin',(84.,-84.,66.));
#14834=CARTESIAN_POINT('',(86.1,-84.,67.5));
#14835=CARTESIAN_POINT('',(86.1,-84.,4.));
#14836=CARTESIAN_POINT('Origin',(84.,-84.,67.5));
#14837=CARTESIAN_POINT('Origin',(-84.,84.,4.));
#14838=CARTESIAN_POINT('',(-81.9,84.,4.));
#14839=CARTESIAN_POINT('Origin',(-84.,84.,4.));
#14840=CARTESIAN_POINT('',(-81.9,84.,46.));
#14841=CARTESIAN_POINT('',(-81.9,84.,4.));
#14842=CARTESIAN_POINT('Origin',(-84.,84.,46.));
#14843=CARTESIAN_POINT('Origin',(-84.,84.,4.));
#14844=CARTESIAN_POINT('',(-81.9,84.,66.));
#14845=CARTESIAN_POINT('Origin',(-84.,84.,66.));
#14846=CARTESIAN_POINT('',(-81.9,84.,67.5));
#14847=CARTESIAN_POINT('',(-81.9,84.,4.));
#14848=CARTESIAN_POINT('Origin',(-84.,84.,67.5));
#14849=CARTESIAN_POINT('Origin',(-84.,-84.,4.));
#14850=CARTESIAN_POINT('',(-81.9,-84.,4.));
#14851=CARTESIAN_POINT('Origin',(-84.,-84.,4.));
#14852=CARTESIAN_POINT('',(-81.9,-84.,46.));
#14853=CARTESIAN_POINT('',(-81.9,-84.,4.));
#14854=CARTESIAN_POINT('Origin',(-84.,-84.,46.));
#14855=CARTESIAN_POINT('Origin',(-84.,-84.,4.));
#14856=CARTESIAN_POINT('',(-81.9,-84.,66.));
#14857=CARTESIAN_POINT('Origin',(-84.,-84.,66.));
#14858=CARTESIAN_POINT('',(-81.9,-84.,67.5));
#14859=CARTESIAN_POINT('',(-81.9,-84.,4.));
#14860=CARTESIAN_POINT('Origin',(-84.,-84.,67.5));
#14861=CARTESIAN_POINT('Origin',(-65.,60.,66.));
#14862=CARTESIAN_POINT('',(-65.,60.,66.));
#14863=CARTESIAN_POINT('',(-65.,50.,66.));
#14864=CARTESIAN_POINT('',(-65.,30.,66.));
#14865=CARTESIAN_POINT('',(-65.,60.,67.5));
#14866=CARTESIAN_POINT('',(-65.,60.,66.));
#14867=CARTESIAN_POINT('',(-65.,50.,67.5));
#14868=CARTESIAN_POINT('',(-65.,30.,67.5));
#14869=CARTESIAN_POINT('',(-65.,50.,66.));
#14870=CARTESIAN_POINT('Origin',(65.,60.,66.));
#14871=CARTESIAN_POINT('',(65.,60.,66.));
#14872=CARTESIAN_POINT('',(32.5,60.,66.));
#14873=CARTESIAN_POINT('',(65.,60.,67.5));
#14874=CARTESIAN_POINT('',(65.,60.,66.));
#14875=CARTESIAN_POINT('',(32.5,60.,67.5));
#14876=CARTESIAN_POINT('Origin',(65.,50.,66.));
#14877=CARTESIAN_POINT('',(65.,50.,66.));
#14878=CARTESIAN_POINT('',(65.,25.,66.));
#14879=CARTESIAN_POINT('',(65.,50.,67.5));
#14880=CARTESIAN_POINT('',(65.,50.,66.));
#14881=CARTESIAN_POINT('',(65.,25.,67.5));
#14882=CARTESIAN_POINT('Origin',(-65.,50.,66.));
#14883=CARTESIAN_POINT('',(-32.5,50.,66.));
#14884=CARTESIAN_POINT('',(-32.5,50.,67.5));
#14885=CARTESIAN_POINT('Origin',(-65.,35.,66.));
#14886=CARTESIAN_POINT('',(-65.,35.,66.));
#14887=CARTESIAN_POINT('',(-65.,25.,66.));
#14888=CARTESIAN_POINT('',(-65.,17.5,66.));
#14889=CARTESIAN_POINT('',(-65.,35.,67.5));
#14890=CARTESIAN_POINT('',(-65.,35.,66.));
#14891=CARTESIAN_POINT('',(-65.,25.,67.5));
#14892=CARTESIAN_POINT('',(-65.,17.5,67.5));
#14893=CARTESIAN_POINT('',(-65.,25.,66.));
#14894=CARTESIAN_POINT('Origin',(65.,35.,66.));
#14895=CARTESIAN_POINT('',(65.,35.,66.));
#14896=CARTESIAN_POINT('',(32.5,35.,66.));
#14897=CARTESIAN_POINT('',(65.,35.,67.5));
#14898=CARTESIAN_POINT('',(65.,35.,66.));
#14899=CARTESIAN_POINT('',(32.5,35.,67.5));
#14900=CARTESIAN_POINT('Origin',(65.,25.,66.));
#14901=CARTESIAN_POINT('',(65.,25.,66.));
#14902=CARTESIAN_POINT('',(65.,12.5,66.));
#14903=CARTESIAN_POINT('',(65.,25.,67.5));
#14904=CARTESIAN_POINT('',(65.,25.,66.));
#14905=CARTESIAN_POINT('',(65.,12.5,67.5));
#14906=CARTESIAN_POINT('Origin',(-65.,25.,66.));
#14907=CARTESIAN_POINT('',(-32.5,25.,66.));
#14908=CARTESIAN_POINT('',(-32.5,25.,67.5));
#14909=CARTESIAN_POINT('Origin',(-65.,-25.,66.));
#14910=CARTESIAN_POINT('',(-65.,-25.,66.));
#14911=CARTESIAN_POINT('',(-65.,-35.,66.));
#14912=CARTESIAN_POINT('',(-65.,-12.5,66.));
#14913=CARTESIAN_POINT('',(-65.,-25.,67.5));
#14914=CARTESIAN_POINT('',(-65.,-25.,66.));
#14915=CARTESIAN_POINT('',(-65.,-35.,67.5));
#14916=CARTESIAN_POINT('',(-65.,-12.5,67.5));
#14917=CARTESIAN_POINT('',(-65.,-35.,66.));
#14918=CARTESIAN_POINT('Origin',(65.,-25.,66.));
#14919=CARTESIAN_POINT('',(65.,-25.,66.));
#14920=CARTESIAN_POINT('',(32.5,-25.,66.));
#14921=CARTESIAN_POINT('',(65.,-25.,67.5));
#14922=CARTESIAN_POINT('',(65.,-25.,66.));
#14923=CARTESIAN_POINT('',(32.5,-25.,67.5));
#14924=CARTESIAN_POINT('Origin',(65.,-35.,66.));
#14925=CARTESIAN_POINT('',(65.,-35.,66.));
#14926=CARTESIAN_POINT('',(65.,-17.5,66.));
#14927=CARTESIAN_POINT('',(65.,-35.,67.5));
#14928=CARTESIAN_POINT('',(65.,-35.,66.));
#14929=CARTESIAN_POINT('',(65.,-17.5,67.5));
#14930=CARTESIAN_POINT('Origin',(-65.,-35.,66.));
#14931=CARTESIAN_POINT('',(-32.5,-35.,66.));
#14932=CARTESIAN_POINT('',(-32.5,-35.,67.5));
#14933=CARTESIAN_POINT('Origin',(-65.,-50.,66.));
#14934=CARTESIAN_POINT('',(-65.,-50.,66.));
#14935=CARTESIAN_POINT('',(-65.,-60.,66.));
#14936=CARTESIAN_POINT('',(-65.,-25.,66.));
#14937=CARTESIAN_POINT('',(-65.,-50.,67.5));
#14938=CARTESIAN_POINT('',(-65.,-50.,66.));
#14939=CARTESIAN_POINT('',(-65.,-60.,67.5));
#14940=CARTESIAN_POINT('',(-65.,-25.,67.5));
#14941=CARTESIAN_POINT('',(-65.,-60.,66.));
#14942=CARTESIAN_POINT('Origin',(65.,-50.,66.));
#14943=CARTESIAN_POINT('',(65.,-50.,66.));
#14944=CARTESIAN_POINT('',(32.5,-50.,66.));
#14945=CARTESIAN_POINT('',(65.,-50.,67.5));
#14946=CARTESIAN_POINT('',(65.,-50.,66.));
#14947=CARTESIAN_POINT('',(32.5,-50.,67.5));
#14948=CARTESIAN_POINT('Origin',(65.,-60.,66.));
#14949=CARTESIAN_POINT('',(65.,-60.,66.));
#14950=CARTESIAN_POINT('',(65.,-30.,66.));
#14951=CARTESIAN_POINT('',(65.,-60.,67.5));
#14952=CARTESIAN_POINT('',(65.,-60.,66.));
#14953=CARTESIAN_POINT('',(65.,-30.,67.5));
#14954=CARTESIAN_POINT('Origin',(-65.,-60.,66.));
#14955=CARTESIAN_POINT('',(-32.5,-60.,66.));
#14956=CARTESIAN_POINT('',(-32.5,-60.,67.5));
#14957=CARTESIAN_POINT('Origin',(0.,0.,66.));
#14958=CARTESIAN_POINT('',(12.,1.46957615897682E-15,66.));
#14959=CARTESIAN_POINT('Origin',(0.,0.,66.));
#14960=CARTESIAN_POINT('',(12.,1.46957615897682E-15,67.5));
#14961=CARTESIAN_POINT('',(12.,1.46957615897682E-15,66.));
#14962=CARTESIAN_POINT('Origin',(0.,0.,67.5));
#14963=CARTESIAN_POINT('Origin',(0.,0.,66.));
#14964=CARTESIAN_POINT('',(-88.,-88.,66.));
#14965=CARTESIAN_POINT('',(-88.,88.,66.));
#14966=CARTESIAN_POINT('',(-88.,44.,66.));
#14967=CARTESIAN_POINT('',(88.,88.,66.));
#14968=CARTESIAN_POINT('',(44.,88.,66.));
#14969=CARTESIAN_POINT('',(88.,-88.,66.));
#14970=CARTESIAN_POINT('',(88.,-44.,66.));
#14971=CARTESIAN_POINT('',(-44.,-88.,66.));
#14972=CARTESIAN_POINT('Origin',(0.,0.,67.5));
#14973=CARTESIAN_POINT('',(-90.,-90.,67.5));
#14974=CARTESIAN_POINT('',(90.,-90.,67.5));
#14975=CARTESIAN_POINT('',(-90.,-90.,67.5));
#14976=CARTESIAN_POINT('',(90.,90.,67.5));
#14977=CARTESIAN_POINT('',(90.,-90.,67.5));
#14978=CARTESIAN_POINT('',(-90.,90.,67.5));
#14979=CARTESIAN_POINT('',(90.,90.,67.5));
#14980=CARTESIAN_POINT('',(-90.,90.,67.5));
#14981=CARTESIAN_POINT('Origin',(85.,85.,46.));
#14982=CARTESIAN_POINT('',(88.,80.,46.));
#14983=CARTESIAN_POINT('',(88.,88.,46.));
#14984=CARTESIAN_POINT('',(88.,-44.,46.));
#14985=CARTESIAN_POINT('',(80.,88.,46.));
#14986=CARTESIAN_POINT('',(44.,88.,46.));
#14987=CARTESIAN_POINT('',(80.,80.,46.));
#14988=CARTESIAN_POINT('',(80.,90.,46.));
#14989=CARTESIAN_POINT('',(80.,80.,46.));
#14990=CARTESIAN_POINT('Origin',(80.,90.,4.));
#14991=CARTESIAN_POINT('',(80.,90.,4.));
#14992=CARTESIAN_POINT('',(80.,80.,4.));
#14993=CARTESIAN_POINT('',(80.,90.,4.));
#14994=CARTESIAN_POINT('',(80.,80.,4.));
#14995=CARTESIAN_POINT('',(80.,90.,46.));
#14996=CARTESIAN_POINT('',(80.,45.,46.));
#14997=CARTESIAN_POINT('',(80.,90.,4.));
#14998=CARTESIAN_POINT('Origin',(80.,80.,4.));
#14999=CARTESIAN_POINT('',(90.,80.,4.));
#15000=CARTESIAN_POINT('',(80.,80.,4.));
#15001=CARTESIAN_POINT('',(90.,80.,46.));
#15002=CARTESIAN_POINT('',(90.,80.,4.));
#15003=CARTESIAN_POINT('',(40.,80.,46.));
#15004=CARTESIAN_POINT('Origin',(85.,85.,4.));
#15005=CARTESIAN_POINT('',(90.,90.,4.));
#15006=CARTESIAN_POINT('',(90.,90.,4.));
#15007=CARTESIAN_POINT('',(90.,80.,4.));
#15008=CARTESIAN_POINT('Origin',(0.,0.,46.));
#15009=CARTESIAN_POINT('',(-80.,88.,46.));
#15010=CARTESIAN_POINT('',(44.,88.,46.));
#15011=CARTESIAN_POINT('',(-80.,90.,46.));
#15012=CARTESIAN_POINT('',(-80.,40.,46.));
#15013=CARTESIAN_POINT('',(90.,90.,46.));
#15014=CARTESIAN_POINT('Origin',(0.,0.,46.));
#15015=CARTESIAN_POINT('',(90.,-80.,46.));
#15016=CARTESIAN_POINT('',(90.,-90.,46.));
#15017=CARTESIAN_POINT('',(88.,-80.,46.));
#15018=CARTESIAN_POINT('',(45.,-80.,46.));
#15019=CARTESIAN_POINT('',(88.,-44.,46.));
#15020=CARTESIAN_POINT('Origin',(85.,-85.,46.));
#15021=CARTESIAN_POINT('',(80.,-88.,46.));
#15022=CARTESIAN_POINT('',(88.,-88.,46.));
#15023=CARTESIAN_POINT('',(-44.,-88.,46.));
#15024=CARTESIAN_POINT('',(88.,-44.,46.));
#15025=CARTESIAN_POINT('',(80.,-80.,46.));
#15026=CARTESIAN_POINT('',(90.,-80.,46.));
#15027=CARTESIAN_POINT('',(80.,-80.,46.));
#15028=CARTESIAN_POINT('Origin',(80.,-80.,4.));
#15029=CARTESIAN_POINT('',(80.,-80.,4.));
#15030=CARTESIAN_POINT('',(80.,-90.,4.));
#15031=CARTESIAN_POINT('',(80.,-80.,4.));
#15032=CARTESIAN_POINT('',(80.,-90.,46.));
#15033=CARTESIAN_POINT('',(80.,-90.,4.));
#15034=CARTESIAN_POINT('',(80.,-40.,46.));
#15035=CARTESIAN_POINT('',(80.,-80.,4.));
#15036=CARTESIAN_POINT('Origin',(90.,-80.,4.));
#15037=CARTESIAN_POINT('',(90.,-80.,4.));
#15038=CARTESIAN_POINT('',(90.,-80.,4.));
#15039=CARTESIAN_POINT('',(90.,-80.,4.));
#15040=CARTESIAN_POINT('Origin',(85.,-85.,4.));
#15041=CARTESIAN_POINT('',(90.,-90.,4.));
#15042=CARTESIAN_POINT('',(80.,-90.,4.));
#15043=CARTESIAN_POINT('',(90.,-90.,4.));
#15044=CARTESIAN_POINT('Origin',(0.,0.,46.));
#15045=CARTESIAN_POINT('',(-80.,-90.,46.));
#15046=CARTESIAN_POINT('',(-90.,-90.,46.));
#15047=CARTESIAN_POINT('',(-80.,-88.,46.));
#15048=CARTESIAN_POINT('',(-80.,-45.,46.));
#15049=CARTESIAN_POINT('',(-44.,-88.,46.));
#15050=CARTESIAN_POINT('Origin',(-85.,85.,46.));
#15051=CARTESIAN_POINT('',(-88.,88.,46.));
#15052=CARTESIAN_POINT('',(44.,88.,46.));
#15053=CARTESIAN_POINT('',(-88.,80.,46.));
#15054=CARTESIAN_POINT('',(-88.,44.,46.));
#15055=CARTESIAN_POINT('',(-80.,80.,46.));
#15056=CARTESIAN_POINT('',(-90.,80.,46.));
#15057=CARTESIAN_POINT('',(-80.,80.,46.));
#15058=CARTESIAN_POINT('Origin',(-80.,80.,4.));
#15059=CARTESIAN_POINT('',(-80.,80.,4.));
#15060=CARTESIAN_POINT('',(-80.,90.,4.));
#15061=CARTESIAN_POINT('',(-80.,80.,4.));
#15062=CARTESIAN_POINT('',(-80.,90.,4.));
#15063=CARTESIAN_POINT('',(-80.,80.,4.));
#15064=CARTESIAN_POINT('Origin',(-90.,80.,4.));
#15065=CARTESIAN_POINT('',(-90.,80.,4.));
#15066=CARTESIAN_POINT('',(-90.,80.,4.));
#15067=CARTESIAN_POINT('',(-90.,80.,46.));
#15068=CARTESIAN_POINT('',(-45.,80.,46.));
#15069=CARTESIAN_POINT('',(-90.,80.,4.));
#15070=CARTESIAN_POINT('Origin',(-85.,85.,4.));
#15071=CARTESIAN_POINT('',(-90.,90.,4.));
#15072=CARTESIAN_POINT('',(-90.,90.,4.));
#15073=CARTESIAN_POINT('',(-80.,90.,4.));
#15074=CARTESIAN_POINT('Origin',(0.,0.,46.));
#15075=CARTESIAN_POINT('',(-88.,-80.,46.));
#15076=CARTESIAN_POINT('',(-88.,44.,46.));
#15077=CARTESIAN_POINT('',(-90.,-80.,46.));
#15078=CARTESIAN_POINT('',(-40.,-80.,46.));
#15079=CARTESIAN_POINT('',(-90.,90.,46.));
#15080=CARTESIAN_POINT('Origin',(-85.,-85.,46.));
#15081=CARTESIAN_POINT('',(-88.,-88.,46.));
#15082=CARTESIAN_POINT('',(-88.,44.,46.));
#15083=CARTESIAN_POINT('',(-44.,-88.,46.));
#15084=CARTESIAN_POINT('',(-80.,-80.,46.));
#15085=CARTESIAN_POINT('',(-80.,-90.,46.));
#15086=CARTESIAN_POINT('',(-80.,-80.,46.));
#15087=CARTESIAN_POINT('Origin',(-80.,-80.,4.));
#15088=CARTESIAN_POINT('',(-80.,-80.,4.));
#15089=CARTESIAN_POINT('',(-90.,-80.,4.));
#15090=CARTESIAN_POINT('',(-80.,-80.,4.));
#15091=CARTESIAN_POINT('',(-90.,-80.,4.));
#15092=CARTESIAN_POINT('',(-80.,-80.,4.));
#15093=CARTESIAN_POINT('Origin',(-80.,-90.,4.));
#15094=CARTESIAN_POINT('',(-80.,-90.,4.));
#15095=CARTESIAN_POINT('',(-80.,-90.,4.));
#15096=CARTESIAN_POINT('',(-80.,-90.,4.));
#15097=CARTESIAN_POINT('Origin',(-85.,-85.,4.));
#15098=CARTESIAN_POINT('',(-90.,-90.,4.));
#15099=CARTESIAN_POINT('',(-90.,-90.,4.));
#15100=CARTESIAN_POINT('',(-90.,-80.,4.));
#15101=CARTESIAN_POINT('Origin',(-88.,88.,46.));
#15102=CARTESIAN_POINT('',(-88.,88.,46.));
#15103=CARTESIAN_POINT('',(-88.,-88.,46.));
#15104=CARTESIAN_POINT('Origin',(88.,88.,46.));
#15105=CARTESIAN_POINT('',(88.,88.,46.));
#15106=CARTESIAN_POINT('Origin',(88.,-88.,46.));
#15107=CARTESIAN_POINT('',(88.,-88.,46.));
#15108=CARTESIAN_POINT('Origin',(-88.,-88.,46.));
#15109=CARTESIAN_POINT('Origin',(-90.,90.,46.));
#15110=CARTESIAN_POINT('',(-90.,-90.,4.));
#15111=CARTESIAN_POINT('',(-90.,90.,46.));
#15112=CARTESIAN_POINT('Origin',(90.,90.,46.));
#15113=CARTESIAN_POINT('',(90.,90.,46.));
#15114=CARTESIAN_POINT('Origin',(90.,-90.,46.));
#15115=CARTESIAN_POINT('',(90.,-90.,46.));
#15116=CARTESIAN_POINT('Origin',(-90.,-90.,46.));
#15117=CARTESIAN_POINT('',(0.,0.,0.));
#15118=CARTESIAN_POINT('Origin',(-1.,10.,-10.5));
#15119=CARTESIAN_POINT('',(-1.,4.89897948556636,-10.5));
#15120=CARTESIAN_POINT('',(-1.,4.89897948556636,-9.5));
#15121=CARTESIAN_POINT('',(-1.,4.89897948556636,-11.));
#15122=CARTESIAN_POINT('',(-1.,8.94427190999916,-10.5));
#15123=CARTESIAN_POINT('',(-1.,10.,-10.5));
#15124=CARTESIAN_POINT('',(-1.,8.94427190999916,-9.5));
#15125=CARTESIAN_POINT('',(-1.,8.94427190999916,-20.));
#15126=CARTESIAN_POINT('',(-1.,10.,-9.5));
#15127=CARTESIAN_POINT('Origin',(-1.,10.,-10.5));
#15128=CARTESIAN_POINT('',(-1.,-4.89897948556636,-9.5));
#15129=CARTESIAN_POINT('',(-1.,-4.89897948556636,-10.5));
#15130=CARTESIAN_POINT('',(-1.,-4.89897948556636,-11.));
#15131=CARTESIAN_POINT('',(-1.,-8.94427190999916,-9.5));
#15132=CARTESIAN_POINT('',(-1.,10.,-9.5));
#15133=CARTESIAN_POINT('',(-1.,-8.94427190999916,-10.5));
#15134=CARTESIAN_POINT('',(-1.,-8.94427190999916,-20.));
#15135=CARTESIAN_POINT('',(-1.,10.,-10.5));
#15136=CARTESIAN_POINT('Origin',(0.,0.,-9.5));
#15137=CARTESIAN_POINT('',(1.,4.89897948556636,-9.5));
#15138=CARTESIAN_POINT('Origin',(0.,0.,-9.5));
#15139=CARTESIAN_POINT('',(1.,8.94427190999916,-9.5));
#15140=CARTESIAN_POINT('Origin',(0.,0.,-9.5));
#15141=CARTESIAN_POINT('',(1.,-10.,-9.5));
#15142=CARTESIAN_POINT('Origin',(0.,0.,-10.5));
#15143=CARTESIAN_POINT('',(1.,4.89897948556636,-10.5));
#15144=CARTESIAN_POINT('Origin',(0.,0.,-10.5));
#15145=CARTESIAN_POINT('',(1.,8.94427190999916,-10.5));
#15146=CARTESIAN_POINT('',(1.,-10.,-10.5));
#15147=CARTESIAN_POINT('Origin',(0.,0.,-10.5));
#15148=CARTESIAN_POINT('Origin',(0.,0.,-10.5));
#15149=CARTESIAN_POINT('',(1.,-4.89897948556636,-10.5));
#15150=CARTESIAN_POINT('Origin',(0.,0.,-10.5));
#15151=CARTESIAN_POINT('',(1.,-8.94427190999916,-10.5));
#15152=CARTESIAN_POINT('Origin',(0.,0.,-10.5));
#15153=CARTESIAN_POINT('',(1.,-10.,-10.5));
#15154=CARTESIAN_POINT('Origin',(1.,-10.,-10.5));
#15155=CARTESIAN_POINT('',(1.,4.89897948556636,-11.));
#15156=CARTESIAN_POINT('',(1.,8.94427190999916,-20.));
#15157=CARTESIAN_POINT('Origin',(1.,-10.,-10.5));
#15158=CARTESIAN_POINT('',(1.,-4.89897948556636,-9.5));
#15159=CARTESIAN_POINT('',(1.,-4.89897948556636,-11.));
#15160=CARTESIAN_POINT('',(1.,-8.94427190999916,-9.5));
#15161=CARTESIAN_POINT('',(1.,-8.94427190999916,-20.));
#15162=CARTESIAN_POINT('',(1.,-10.,-9.5));
#15163=CARTESIAN_POINT('Origin',(0.,0.,-9.5));
#15164=CARTESIAN_POINT('Origin',(0.,0.,-9.5));
#15165=CARTESIAN_POINT('Origin',(0.,0.,-9.5));
#15166=CARTESIAN_POINT('Origin',(0.,0.,-11.));
#15167=CARTESIAN_POINT('',(5.,6.12323399573677E-16,-11.));
#15168=CARTESIAN_POINT('Origin',(0.,0.,-11.));
#15169=CARTESIAN_POINT('',(5.,6.12323399573677E-16,-4.));
#15170=CARTESIAN_POINT('',(5.,6.12323399573677E-16,-11.));
#15171=CARTESIAN_POINT('Origin',(0.,0.,-4.));
#15172=CARTESIAN_POINT('Origin',(-2.36064120735332E-16,0.,-11.));
#15173=CARTESIAN_POINT('',(2.5,3.06161699786838E-16,-11.));
#15174=CARTESIAN_POINT('Origin',(0.,0.,-11.));
#15175=CARTESIAN_POINT('Origin',(0.,0.,-20.));
#15176=CARTESIAN_POINT('',(2.5,3.06161699786838E-16,-20.));
#15177=CARTESIAN_POINT('Origin',(0.,0.,-20.));
#15178=CARTESIAN_POINT('',(2.5,3.06161699786838E-16,-20.));
#15179=CARTESIAN_POINT('Origin',(0.,0.,-20.));
#15180=CARTESIAN_POINT('',(9.,1.10218211923262E-15,-4.));
#15181=CARTESIAN_POINT('Origin',(0.,0.,-4.));
#15182=CARTESIAN_POINT('',(9.,1.10218211923262E-15,-20.));
#15183=CARTESIAN_POINT('',(9.,1.10218211923262E-15,-20.));
#15184=CARTESIAN_POINT('Origin',(0.,0.,-20.));
#15185=CARTESIAN_POINT('Origin',(-5.03042222760184E-16,0.,-20.));
#15186=CARTESIAN_POINT('Origin',(-5.03042222760184E-16,0.,-4.));
#15187=CARTESIAN_POINT('',(0.,0.,0.));
#15188=CARTESIAN_POINT('Origin',(0.,0.,6.));
#15189=CARTESIAN_POINT('',(5.,6.12323399573677E-16,6.));
#15190=CARTESIAN_POINT('Origin',(0.,0.,6.));
#15191=CARTESIAN_POINT('',(5.,6.12323399573677E-16,14.));
#15192=CARTESIAN_POINT('',(5.,6.12323399573677E-16,6.));
#15193=CARTESIAN_POINT('Origin',(0.,0.,14.));
#15194=CARTESIAN_POINT('Origin',(0.,0.,6.));
#15195=CARTESIAN_POINT('',(13.,1.59204083889156E-15,14.));
#15196=CARTESIAN_POINT('Origin',(0.,0.,14.));
#15197=CARTESIAN_POINT('',(13.,1.59204083889156E-15,6.));
#15198=CARTESIAN_POINT('',(13.,1.59204083889156E-15,6.));
#15199=CARTESIAN_POINT('Origin',(0.,0.,6.));
#15200=CARTESIAN_POINT('Origin',(-1.3267006990763E-16,0.,6.));
#15201=CARTESIAN_POINT('Origin',(-1.3267006990763E-16,0.,14.));
#15202=CARTESIAN_POINT('',(0.,0.,0.));
#15203=CARTESIAN_POINT('Origin',(0.,0.,26.));
#15204=CARTESIAN_POINT('',(5.,6.12323399573677E-16,26.));
#15205=CARTESIAN_POINT('Origin',(0.,0.,26.));
#15206=CARTESIAN_POINT('',(5.,6.12323399573677E-16,34.));
#15207=CARTESIAN_POINT('',(5.,6.12323399573677E-16,26.));
#15208=CARTESIAN_POINT('Origin',(0.,0.,34.));
#15209=CARTESIAN_POINT('Origin',(0.,0.,26.));
#15210=CARTESIAN_POINT('',(13.,1.59204083889156E-15,34.));
#15211=CARTESIAN_POINT('Origin',(0.,0.,34.));
#15212=CARTESIAN_POINT('',(13.,1.59204083889156E-15,26.));
#15213=CARTESIAN_POINT('',(13.,1.59204083889156E-15,26.));
#15214=CARTESIAN_POINT('Origin',(0.,0.,26.));
#15215=CARTESIAN_POINT('Origin',(-1.3267006990763E-16,0.,26.));
#15216=CARTESIAN_POINT('Origin',(-1.3267006990763E-16,0.,34.));
#15217=CARTESIAN_POINT('',(0.,0.,0.));
#15218=CARTESIAN_POINT('Origin',(9.52627944162883,5.49999999999999,-27.));
#15219=CARTESIAN_POINT('',(10.7762794416288,5.49999999999999,-27.));
#15220=CARTESIAN_POINT('Origin',(9.52627944162883,5.49999999999999,-27.));
#15221=CARTESIAN_POINT('',(10.7762794416288,5.49999999999999,-24.));
#15222=CARTESIAN_POINT('',(10.7762794416288,5.49999999999999,-27.));
#15223=CARTESIAN_POINT('Origin',(9.52627944162883,5.49999999999999,-24.));
#15224=CARTESIAN_POINT('Origin',(9.52627944162883,5.49999999999999,-27.));
#15225=CARTESIAN_POINT('Origin',(9.52627944162882,-5.50000000000001,-27.));
#15226=CARTESIAN_POINT('',(10.7762794416288,-5.50000000000001,-27.));
#15227=CARTESIAN_POINT('Origin',(9.52627944162882,-5.50000000000001,-27.));
#15228=CARTESIAN_POINT('',(10.7762794416288,-5.50000000000001,-24.));
#15229=CARTESIAN_POINT('',(10.7762794416288,-5.50000000000001,-27.));
#15230=CARTESIAN_POINT('Origin',(9.52627944162882,-5.50000000000001,-24.));
#15231=CARTESIAN_POINT('Origin',(9.52627944162882,-5.50000000000001,-27.));
#15232=CARTESIAN_POINT('Origin',(-2.02066721859313E-15,-11.,-27.));
#15233=CARTESIAN_POINT('',(1.25,-11.,-27.));
#15234=CARTESIAN_POINT('Origin',(-2.02066721859313E-15,-11.,-27.));
#15235=CARTESIAN_POINT('',(1.25,-11.,-24.));
#15236=CARTESIAN_POINT('',(1.25,-11.,-27.));
#15237=CARTESIAN_POINT('Origin',(-2.02066721859313E-15,-11.,-24.));
#15238=CARTESIAN_POINT('Origin',(-2.1222428551459E-15,-11.,-27.));
#15239=CARTESIAN_POINT('Origin',(-9.52627944162882,-5.5,-27.));
#15240=CARTESIAN_POINT('',(-8.27627944162882,-5.5,-27.));
#15241=CARTESIAN_POINT('Origin',(-9.52627944162882,-5.5,-27.));
#15242=CARTESIAN_POINT('',(-8.27627944162882,-5.5,-24.));
#15243=CARTESIAN_POINT('',(-8.27627944162882,-5.5,-27.));
#15244=CARTESIAN_POINT('Origin',(-9.52627944162882,-5.5,-24.));
#15245=CARTESIAN_POINT('Origin',(-9.52627944162882,-5.5,-27.));
#15246=CARTESIAN_POINT('Origin',(-9.52627944162883,5.5,-27.));
#15247=CARTESIAN_POINT('',(-8.27627944162883,5.5,-27.));
#15248=CARTESIAN_POINT('Origin',(-9.52627944162883,5.5,-27.));
#15249=CARTESIAN_POINT('',(-8.27627944162883,5.5,-24.));
#15250=CARTESIAN_POINT('',(-8.27627944162883,5.5,-27.));
#15251=CARTESIAN_POINT('Origin',(-9.52627944162883,5.5,-24.));
#15252=CARTESIAN_POINT('Origin',(-9.52627944162883,5.5,-27.));
#15253=CARTESIAN_POINT('Origin',(6.73555739531044E-16,11.,-27.));
#15254=CARTESIAN_POINT('',(1.25,11.,-27.));
#15255=CARTESIAN_POINT('Origin',(6.73555739531044E-16,11.,-27.));
#15256=CARTESIAN_POINT('',(1.25,11.,-24.));
#15257=CARTESIAN_POINT('',(1.25,11.,-27.));
#15258=CARTESIAN_POINT('Origin',(6.73555739531044E-16,11.,-24.));
#15259=CARTESIAN_POINT('Origin',(6.18909718008881E-16,11.,-27.));
#15260=CARTESIAN_POINT('Origin',(0.,0.,-24.));
#15261=CARTESIAN_POINT('',(2.6,3.18408167778312E-16,-24.));
#15262=CARTESIAN_POINT('Origin',(0.,0.,-24.));
#15263=CARTESIAN_POINT('',(2.6,3.18408167778312E-16,-22.5));
#15264=CARTESIAN_POINT('',(2.6,3.18408167778312E-16,-24.));
#15265=CARTESIAN_POINT('Origin',(0.,0.,-22.5));
#15266=CARTESIAN_POINT('Origin',(-1.15494192236747E-16,0.,-24.));
#15267=CARTESIAN_POINT('Origin',(0.,0.,-24.));
#15268=CARTESIAN_POINT('',(8.,9.79717439317883E-16,-22.5));
#15269=CARTESIAN_POINT('Origin',(0.,0.,-22.5));
#15270=CARTESIAN_POINT('',(8.,9.79717439317883E-16,-24.));
#15271=CARTESIAN_POINT('',(8.,9.79717439317883E-16,-24.));
#15272=CARTESIAN_POINT('Origin',(0.,0.,-24.));
#15273=CARTESIAN_POINT('Origin',(-7.7553251033388E-16,-1.15648231731787E-16,
-22.5));
#15274=CARTESIAN_POINT('Origin',(0.,0.,-46.));
#15275=CARTESIAN_POINT('',(21.,2.57175827820944E-15,-24.));
#15276=CARTESIAN_POINT('Origin',(0.,0.,-24.));
#15277=CARTESIAN_POINT('',(21.,2.57175827820944E-15,-46.));
#15278=CARTESIAN_POINT('',(21.,2.57175827820944E-15,-46.));
#15279=CARTESIAN_POINT('Origin',(0.,0.,-46.));
#15280=CARTESIAN_POINT('Origin',(-9.19216697549299E-16,0.,-46.));
#15281=CARTESIAN_POINT('Origin',(-9.19216697549299E-16,0.,-24.));
#15282=CARTESIAN_POINT('',(0.,0.,0.));
#15283=CARTESIAN_POINT('Origin',(0.,0.,-24.));
#15284=CARTESIAN_POINT('',(2.5,3.06161699786838E-16,-11.));
#15285=CARTESIAN_POINT('Origin',(0.,0.,-11.));
#15286=CARTESIAN_POINT('',(2.5,3.06161699786838E-16,-24.));
#15287=CARTESIAN_POINT('',(2.5,3.06161699786838E-16,-24.));
#15288=CARTESIAN_POINT('Origin',(0.,0.,-24.));
#15289=CARTESIAN_POINT('Origin',(-1.18032060367666E-16,0.,-24.));
#15290=CARTESIAN_POINT('Origin',(-1.18032060367666E-16,0.,-11.));
#15291=CARTESIAN_POINT('',(0.,0.,0.));
#15292=CARTESIAN_POINT('Origin',(16.,16.,4.));
#15293=CARTESIAN_POINT('',(17.6,16.,4.));
#15294=CARTESIAN_POINT('Origin',(16.,16.,4.));
#15295=CARTESIAN_POINT('',(17.6,16.,6.));
#15296=CARTESIAN_POINT('',(17.6,16.,4.));
#15297=CARTESIAN_POINT('Origin',(16.,16.,6.));
#15298=CARTESIAN_POINT('Origin',(16.,-16.,4.));
#15299=CARTESIAN_POINT('',(17.6,-16.,4.));
#15300=CARTESIAN_POINT('Origin',(16.,-16.,4.));
#15301=CARTESIAN_POINT('',(17.6,-16.,6.));
#15302=CARTESIAN_POINT('',(17.6,-16.,4.));
#15303=CARTESIAN_POINT('Origin',(16.,-16.,6.));
#15304=CARTESIAN_POINT('Origin',(-16.,16.,4.));
#15305=CARTESIAN_POINT('',(-14.4,16.,4.));
#15306=CARTESIAN_POINT('Origin',(-16.,16.,4.));
#15307=CARTESIAN_POINT('',(-14.4,16.,6.));
#15308=CARTESIAN_POINT('',(-14.4,16.,4.));
#15309=CARTESIAN_POINT('Origin',(-16.,16.,6.));
#15310=CARTESIAN_POINT('Origin',(-16.,-16.,4.));
#15311=CARTESIAN_POINT('',(-14.4,-16.,4.));
#15312=CARTESIAN_POINT('Origin',(-16.,-16.,4.));
#15313=CARTESIAN_POINT('',(-14.4,-16.,6.));
#15314=CARTESIAN_POINT('',(-14.4,-16.,4.));
#15315=CARTESIAN_POINT('Origin',(-16.,-16.,6.));
#15316=CARTESIAN_POINT('Origin',(0.,0.,4.));
#15317=CARTESIAN_POINT('',(6.,7.34788079488412E-16,4.));
#15318=CARTESIAN_POINT('Origin',(0.,0.,4.));
#15319=CARTESIAN_POINT('',(6.,7.34788079488412E-16,6.));
#15320=CARTESIAN_POINT('',(6.,7.34788079488412E-16,4.));
#15321=CARTESIAN_POINT('Origin',(0.,0.,6.));
#15322=CARTESIAN_POINT('Origin',(0.,0.,4.));
#15323=CARTESIAN_POINT('',(25.,3.06161699786838E-15,6.));
#15324=CARTESIAN_POINT('Origin',(0.,0.,6.));
#15325=CARTESIAN_POINT('',(25.,3.06161699786838E-15,4.));
#15326=CARTESIAN_POINT('',(25.,3.06161699786838E-15,4.));
#15327=CARTESIAN_POINT('Origin',(0.,0.,4.));
#15328=CARTESIAN_POINT('Origin',(-1.43937264275587E-15,0.,4.));
#15329=CARTESIAN_POINT('Origin',(-1.43937264275587E-15,0.,6.));
#15330=CARTESIAN_POINT('',(0.,0.,0.));
#15331=CARTESIAN_POINT('Origin',(16.,16.,34.));
#15332=CARTESIAN_POINT('',(17.6,16.,34.));
#15333=CARTESIAN_POINT('Origin',(16.,16.,34.));
#15334=CARTESIAN_POINT('',(17.6,16.,36.));
#15335=CARTESIAN_POINT('',(17.6,16.,34.));
#15336=CARTESIAN_POINT('Origin',(16.,16.,36.));
#15337=CARTESIAN_POINT('Origin',(16.,-16.,34.));
#15338=CARTESIAN_POINT('',(17.6,-16.,34.));
#15339=CARTESIAN_POINT('Origin',(16.,-16.,34.));
#15340=CARTESIAN_POINT('',(17.6,-16.,36.));
#15341=CARTESIAN_POINT('',(17.6,-16.,34.));
#15342=CARTESIAN_POINT('Origin',(16.,-16.,36.));
#15343=CARTESIAN_POINT('Origin',(-16.,16.,34.));
#15344=CARTESIAN_POINT('',(-14.4,16.,34.));
#15345=CARTESIAN_POINT('Origin',(-16.,16.,34.));
#15346=CARTESIAN_POINT('',(-14.4,16.,36.));
#15347=CARTESIAN_POINT('',(-14.4,16.,34.));
#15348=CARTESIAN_POINT('Origin',(-16.,16.,36.));
#15349=CARTESIAN_POINT('Origin',(-16.,-16.,34.));
#15350=CARTESIAN_POINT('',(-14.4,-16.,34.));
#15351=CARTESIAN_POINT('Origin',(-16.,-16.,34.));
#15352=CARTESIAN_POINT('',(-14.4,-16.,36.));
#15353=CARTESIAN_POINT('',(-14.4,-16.,34.));
#15354=CARTESIAN_POINT('Origin',(-16.,-16.,36.));
#15355=CARTESIAN_POINT('Origin',(0.,0.,34.));
#15356=CARTESIAN_POINT('',(6.,7.34788079488412E-16,34.));
#15357=CARTESIAN_POINT('Origin',(0.,0.,34.));
#15358=CARTESIAN_POINT('',(6.,7.34788079488412E-16,36.));
#15359=CARTESIAN_POINT('',(6.,7.34788079488412E-16,34.));
#15360=CARTESIAN_POINT('Origin',(0.,0.,36.));
#15361=CARTESIAN_POINT('Origin',(0.,0.,34.));
#15362=CARTESIAN_POINT('',(25.,3.06161699786838E-15,36.));
#15363=CARTESIAN_POINT('Origin',(0.,0.,36.));
#15364=CARTESIAN_POINT('',(25.,3.06161699786838E-15,34.));
#15365=CARTESIAN_POINT('',(25.,3.06161699786838E-15,34.));
#15366=CARTESIAN_POINT('Origin',(0.,0.,34.));
#15367=CARTESIAN_POINT('Origin',(-1.43937264275587E-15,0.,34.));
#15368=CARTESIAN_POINT('Origin',(-1.43937264275587E-15,0.,36.));
#15369=CARTESIAN_POINT('',(0.,0.,0.));
#15370=CARTESIAN_POINT('Origin',(0.,0.,57.));
#15371=CARTESIAN_POINT('',(2.5,3.06161699786838E-16,59.));
#15372=CARTESIAN_POINT('Origin',(0.,0.,59.));
#15373=CARTESIAN_POINT('',(2.5,3.06161699786838E-16,57.));
#15374=CARTESIAN_POINT('',(2.5,3.06161699786838E-16,57.));
#15375=CARTESIAN_POINT('Origin',(0.,0.,57.));
#15376=CARTESIAN_POINT('Origin',(-1.18032060367666E-16,0.,57.));
#15377=CARTESIAN_POINT('Origin',(-1.18032060367666E-16,0.,59.));
#15378=CARTESIAN_POINT('',(0.,0.,0.));
#15379=CARTESIAN_POINT('Origin',(7.5,7.5,60.5));
#15380=CARTESIAN_POINT('',(8.6,7.5,60.5));
#15381=CARTESIAN_POINT('Origin',(7.5,7.5,60.5));
#15382=CARTESIAN_POINT('',(8.6,7.5,62.1));
#15383=CARTESIAN_POINT('',(8.6,7.5,60.5));
#15384=CARTESIAN_POINT('Origin',(7.5,7.5,62.1));
#15385=CARTESIAN_POINT('Origin',(7.5,-7.5,60.5));
#15386=CARTESIAN_POINT('',(8.6,-7.5,60.5));
#15387=CARTESIAN_POINT('Origin',(7.5,-7.5,60.5));
#15388=CARTESIAN_POINT('',(8.6,-7.5,62.1));
#15389=CARTESIAN_POINT('',(8.6,-7.5,60.5));
#15390=CARTESIAN_POINT('Origin',(7.5,-7.5,62.1));
#15391=CARTESIAN_POINT('Origin',(-7.5,7.5,60.5));
#15392=CARTESIAN_POINT('',(-6.4,7.5,60.5));
#15393=CARTESIAN_POINT('Origin',(-7.5,7.5,60.5));
#15394=CARTESIAN_POINT('',(-6.4,7.5,62.1));
#15395=CARTESIAN_POINT('',(-6.4,7.5,60.5));
#15396=CARTESIAN_POINT('Origin',(-7.5,7.5,62.1));
#15397=CARTESIAN_POINT('Origin',(-7.5,-7.5,60.5));
#15398=CARTESIAN_POINT('',(-6.4,-7.5,60.5));
#15399=CARTESIAN_POINT('Origin',(-7.5,-7.5,60.5));
#15400=CARTESIAN_POINT('',(-6.4,-7.5,62.1));
#15401=CARTESIAN_POINT('',(-6.4,-7.5,60.5));
#15402=CARTESIAN_POINT('Origin',(-7.5,-7.5,62.1));
#15403=CARTESIAN_POINT('Origin',(-10.,10.,60.5));
#15404=CARTESIAN_POINT('',(-10.,10.,60.5));
#15405=CARTESIAN_POINT('',(-10.,-10.,60.5));
#15406=CARTESIAN_POINT('',(-10.,10.,60.5));
#15407=CARTESIAN_POINT('',(-10.,-10.,62.1));
#15408=CARTESIAN_POINT('',(-10.,-10.,60.5));
#15409=CARTESIAN_POINT('',(-10.,10.,62.1));
#15410=CARTESIAN_POINT('',(-10.,10.,62.1));
#15411=CARTESIAN_POINT('',(-10.,10.,60.5));
#15412=CARTESIAN_POINT('Origin',(10.,10.,60.5));
#15413=CARTESIAN_POINT('',(10.,10.,60.5));
#15414=CARTESIAN_POINT('',(10.,10.,60.5));
#15415=CARTESIAN_POINT('',(10.,10.,62.1));
#15416=CARTESIAN_POINT('',(10.,10.,62.1));
#15417=CARTESIAN_POINT('',(10.,10.,60.5));
#15418=CARTESIAN_POINT('Origin',(10.,-10.,60.5));
#15419=CARTESIAN_POINT('',(10.,-10.,60.5));
#15420=CARTESIAN_POINT('',(10.,-10.,60.5));
#15421=CARTESIAN_POINT('',(10.,-10.,62.1));
#15422=CARTESIAN_POINT('',(10.,-10.,62.1));
#15423=CARTESIAN_POINT('',(10.,-10.,60.5));
#15424=CARTESIAN_POINT('Origin',(-10.,-10.,60.5));
#15425=CARTESIAN_POINT('',(-10.,-10.,60.5));
#15426=CARTESIAN_POINT('',(-10.,-10.,62.1));
#15427=CARTESIAN_POINT('Origin',(0.,0.,62.1));
#15428=CARTESIAN_POINT('Origin',(0.,0.,60.5));
#15429=CARTESIAN_POINT('',(0.,0.,0.));
#15430=CARTESIAN_POINT('Origin',(0.,0.,52.5));
#15431=CARTESIAN_POINT('',(5.,6.12323399573677E-16,52.5));
#15432=CARTESIAN_POINT('Origin',(0.,0.,52.5));
#15433=CARTESIAN_POINT('',(5.,6.12323399573677E-16,53.5));
#15434=CARTESIAN_POINT('',(5.,6.12323399573677E-16,52.5));
#15435=CARTESIAN_POINT('Origin',(0.,0.,53.5));
#15436=CARTESIAN_POINT('Origin',(0.,0.,52.5));
#15437=CARTESIAN_POINT('',(9.,1.10218211923262E-15,53.5));
#15438=CARTESIAN_POINT('Origin',(0.,0.,53.5));
#15439=CARTESIAN_POINT('',(9.,1.10218211923262E-15,52.5));
#15440=CARTESIAN_POINT('',(9.,1.10218211923262E-15,52.5));
#15441=CARTESIAN_POINT('Origin',(0.,0.,52.5));
#15442=CARTESIAN_POINT('Origin',(-5.03042222760184E-16,0.,52.5));
#15443=CARTESIAN_POINT('Origin',(-5.03042222760184E-16,0.,53.5));
#15444=CARTESIAN_POINT('',(0.,0.,0.));
#15445=CARTESIAN_POINT('Origin',(1.5,3.,54.));
#15446=CARTESIAN_POINT('',(1.5,4.34856298103178,55.));
#15447=CARTESIAN_POINT('',(1.5,4.34856298103178,54.));
#15448=CARTESIAN_POINT('',(1.5,4.34856298103178,54.));
#15449=CARTESIAN_POINT('',(1.5,5.80947501931113,55.));
#15450=CARTESIAN_POINT('',(1.5,1.5,55.));
#15451=CARTESIAN_POINT('',(1.5,5.80947501931113,54.));
#15452=CARTESIAN_POINT('',(1.5,5.80947501931113,54.));
#15453=CARTESIAN_POINT('',(1.5,1.5,54.));
#15454=CARTESIAN_POINT('Origin',(-1.5,9.,54.));
#15455=CARTESIAN_POINT('',(-1.5,4.34856298103178,54.));
#15456=CARTESIAN_POINT('',(-1.5,4.34856298103178,55.));
#15457=CARTESIAN_POINT('',(-1.5,4.34856298103178,54.));
#15458=CARTESIAN_POINT('',(-1.5,5.80947501931113,54.));
#15459=CARTESIAN_POINT('',(-1.5,4.5,54.));
#15460=CARTESIAN_POINT('',(-1.5,5.80947501931113,55.));
#15461=CARTESIAN_POINT('',(-1.5,5.80947501931113,54.));
#15462=CARTESIAN_POINT('',(-1.5,4.5,55.));
#15463=CARTESIAN_POINT('Origin',(-3.69627624575467E-16,0.,55.));
#15464=CARTESIAN_POINT('Origin',(0.,0.,55.));
#15465=CARTESIAN_POINT('Origin',(0.,0.,55.));
#15466=CARTESIAN_POINT('Origin',(0.,0.,54.));
#15467=CARTESIAN_POINT('Origin',(0.,0.,54.));
#15468=CARTESIAN_POINT('Origin',(0.,0.,54.));
#15469=CARTESIAN_POINT('Origin',(0.,0.,54.));
#15470=CARTESIAN_POINT('Origin',(-3.69627624575467E-16,0.,54.));
#15471=CARTESIAN_POINT('',(0.,0.,0.));
#15472=CARTESIAN_POINT('Origin',(-22.,-22.,-21.));
#15473=CARTESIAN_POINT('',(-19.9,-22.,-21.));
#15474=CARTESIAN_POINT('Origin',(-22.,-22.,-21.));
#15475=CARTESIAN_POINT('',(-19.9,-22.,0.));
#15476=CARTESIAN_POINT('',(-19.9,-22.,-21.));
#15477=CARTESIAN_POINT('Origin',(-22.,-22.,0.));
#15478=CARTESIAN_POINT('Origin',(-22.,-22.,-21.));
#15479=CARTESIAN_POINT('',(-18.,-22.,0.));
#15480=CARTESIAN_POINT('Origin',(-22.,-22.,0.));
#15481=CARTESIAN_POINT('',(-18.,-22.,-21.));
#15482=CARTESIAN_POINT('',(-18.,-22.,-21.));
#15483=CARTESIAN_POINT('Origin',(-22.,-22.,-21.));
#15484=CARTESIAN_POINT('Origin',(-22.,-22.,-21.));
#15485=CARTESIAN_POINT('Origin',(-22.,-22.,0.));
#15486=CARTESIAN_POINT('',(0.,0.,0.));
#15487=CARTESIAN_POINT('Origin',(-22.,22.,-21.));
#15488=CARTESIAN_POINT('',(-19.9,22.,-21.));
#15489=CARTESIAN_POINT('Origin',(-22.,22.,-21.));
#15490=CARTESIAN_POINT('',(-19.9,22.,0.));
#15491=CARTESIAN_POINT('',(-19.9,22.,-21.));
#15492=CARTESIAN_POINT('Origin',(-22.,22.,0.));
#15493=CARTESIAN_POINT('Origin',(-22.,22.,-21.));
#15494=CARTESIAN_POINT('',(-18.,22.,0.));
#15495=CARTESIAN_POINT('Origin',(-22.,22.,0.));
#15496=CARTESIAN_POINT('',(-18.,22.,-21.));
#15497=CARTESIAN_POINT('',(-18.,22.,-21.));
#15498=CARTESIAN_POINT('Origin',(-22.,22.,-21.));
#15499=CARTESIAN_POINT('Origin',(-22.,22.,-21.));
#15500=CARTESIAN_POINT('Origin',(-22.,22.,0.));
#15501=CARTESIAN_POINT('',(0.,0.,0.));
#15502=CARTESIAN_POINT('Origin',(22.,-22.,-21.));
#15503=CARTESIAN_POINT('',(24.1,-22.,-21.));
#15504=CARTESIAN_POINT('Origin',(22.,-22.,-21.));
#15505=CARTESIAN_POINT('',(24.1,-22.,0.));
#15506=CARTESIAN_POINT('',(24.1,-22.,-21.));
#15507=CARTESIAN_POINT('Origin',(22.,-22.,0.));
#15508=CARTESIAN_POINT('Origin',(22.,-22.,-21.));
#15509=CARTESIAN_POINT('',(26.,-22.,0.));
#15510=CARTESIAN_POINT('Origin',(22.,-22.,0.));
#15511=CARTESIAN_POINT('',(26.,-22.,-21.));
#15512=CARTESIAN_POINT('',(26.,-22.,-21.));
#15513=CARTESIAN_POINT('Origin',(22.,-22.,-21.));
#15514=CARTESIAN_POINT('Origin',(22.,-22.,-21.));
#15515=CARTESIAN_POINT('Origin',(22.,-22.,0.));
#15516=CARTESIAN_POINT('',(0.,0.,0.));
#15517=CARTESIAN_POINT('Origin',(22.,22.,-21.));
#15518=CARTESIAN_POINT('',(24.1,22.,-21.));
#15519=CARTESIAN_POINT('Origin',(22.,22.,-21.));
#15520=CARTESIAN_POINT('',(24.1,22.,0.));
#15521=CARTESIAN_POINT('',(24.1,22.,-21.));
#15522=CARTESIAN_POINT('Origin',(22.,22.,0.));
#15523=CARTESIAN_POINT('Origin',(22.,22.,-21.));
#15524=CARTESIAN_POINT('',(26.,22.,0.));
#15525=CARTESIAN_POINT('Origin',(22.,22.,0.));
#15526=CARTESIAN_POINT('',(26.,22.,-21.));
#15527=CARTESIAN_POINT('',(26.,22.,-21.));
#15528=CARTESIAN_POINT('Origin',(22.,22.,-21.));
#15529=CARTESIAN_POINT('Origin',(22.,22.,-21.));
#15530=CARTESIAN_POINT('Origin',(22.,22.,0.));
#15531=CARTESIAN_POINT('',(0.,0.,0.));
#15532=CARTESIAN_POINT('Origin',(49.,-32.,32.));
#15533=CARTESIAN_POINT('',(50.5,-32.,43.));
#15534=CARTESIAN_POINT('Origin',(49.,-32.,43.));
#15535=CARTESIAN_POINT('',(50.5,-32.,32.));
#15536=CARTESIAN_POINT('',(50.5,-32.,32.));
#15537=CARTESIAN_POINT('Origin',(49.,-32.,32.));
#15538=CARTESIAN_POINT('Origin',(49.,-32.,32.));
#15539=CARTESIAN_POINT('Origin',(49.,-32.,43.));
#15540=CARTESIAN_POINT('',(0.,0.,0.));
#15541=CARTESIAN_POINT('Origin',(49.,32.,32.));
#15542=CARTESIAN_POINT('',(50.5,32.,43.));
#15543=CARTESIAN_POINT('Origin',(49.,32.,43.));
#15544=CARTESIAN_POINT('',(50.5,32.,32.));
#15545=CARTESIAN_POINT('',(50.5,32.,32.));
#15546=CARTESIAN_POINT('Origin',(49.,32.,32.));
#15547=CARTESIAN_POINT('Origin',(49.,32.,32.));
#15548=CARTESIAN_POINT('Origin',(49.,32.,43.));
#15549=CARTESIAN_POINT('',(0.,0.,0.));
#15550=CARTESIAN_POINT('Origin',(49.,32.,33.5));
#15551=CARTESIAN_POINT('',(50.6,32.,33.5));
#15552=CARTESIAN_POINT('Origin',(49.,32.,33.5));
#15553=CARTESIAN_POINT('',(50.6,32.,35.15));
#15554=CARTESIAN_POINT('',(50.6,32.,33.5));
#15555=CARTESIAN_POINT('Origin',(49.,32.,35.15));
#15556=CARTESIAN_POINT('Origin',(49.,-32.,33.5));
#15557=CARTESIAN_POINT('',(50.6,-32.,33.5));
#15558=CARTESIAN_POINT('Origin',(49.,-32.,33.5));
#15559=CARTESIAN_POINT('',(50.6,-32.,35.15));
#15560=CARTESIAN_POINT('',(50.6,-32.,33.5));
#15561=CARTESIAN_POINT('Origin',(49.,-32.,35.15));
#15562=CARTESIAN_POINT('Origin',(41.,36.,33.5));
#15563=CARTESIAN_POINT('',(41.,36.,33.5));
#15564=CARTESIAN_POINT('',(41.,-36.,33.5));
#15565=CARTESIAN_POINT('',(41.,36.,33.5));
#15566=CARTESIAN_POINT('',(41.,-36.,35.15));
#15567=CARTESIAN_POINT('',(41.,-36.,33.5));
#15568=CARTESIAN_POINT('',(41.,36.,35.15));
#15569=CARTESIAN_POINT('',(41.,36.,35.15));
#15570=CARTESIAN_POINT('',(41.,36.,33.5));
#15571=CARTESIAN_POINT('Origin',(57.,36.,33.5));
#15572=CARTESIAN_POINT('',(57.,36.,33.5));
#15573=CARTESIAN_POINT('',(57.,36.,33.5));
#15574=CARTESIAN_POINT('',(57.,36.,35.15));
#15575=CARTESIAN_POINT('',(57.,36.,35.15));
#15576=CARTESIAN_POINT('',(57.,36.,33.5));
#15577=CARTESIAN_POINT('Origin',(57.,-36.,33.5));
#15578=CARTESIAN_POINT('',(57.,-36.,33.5));
#15579=CARTESIAN_POINT('',(57.,-36.,33.5));
#15580=CARTESIAN_POINT('',(57.,-36.,35.15));
#15581=CARTESIAN_POINT('',(57.,-36.,35.15));
#15582=CARTESIAN_POINT('',(57.,-36.,33.5));
#15583=CARTESIAN_POINT('Origin',(41.,-36.,33.5));
#15584=CARTESIAN_POINT('',(41.,-36.,33.5));
#15585=CARTESIAN_POINT('',(41.,-36.,35.15));
#15586=CARTESIAN_POINT('Origin',(49.,0.,35.15));
#15587=CARTESIAN_POINT('Origin',(49.,0.,33.5));
#15588=CARTESIAN_POINT('',(0.,0.,0.));
#15589=CARTESIAN_POINT('Origin',(49.,32.,41.35));
#15590=CARTESIAN_POINT('',(50.6,32.,41.35));
#15591=CARTESIAN_POINT('Origin',(49.,32.,41.35));
#15592=CARTESIAN_POINT('',(50.6,32.,43.));
#15593=CARTESIAN_POINT('',(50.6,32.,41.35));
#15594=CARTESIAN_POINT('Origin',(49.,32.,43.));
#15595=CARTESIAN_POINT('Origin',(49.,-32.,41.35));
#15596=CARTESIAN_POINT('',(50.6,-32.,41.35));
#15597=CARTESIAN_POINT('Origin',(49.,-32.,41.35));
#15598=CARTESIAN_POINT('',(50.6,-32.,43.));
#15599=CARTESIAN_POINT('',(50.6,-32.,41.35));
#15600=CARTESIAN_POINT('Origin',(49.,-32.,43.));
#15601=CARTESIAN_POINT('Origin',(41.,36.,41.35));
#15602=CARTESIAN_POINT('',(41.,36.,41.35));
#15603=CARTESIAN_POINT('',(41.,-36.,41.35));
#15604=CARTESIAN_POINT('',(41.,36.,41.35));
#15605=CARTESIAN_POINT('',(41.,-36.,43.));
#15606=CARTESIAN_POINT('',(41.,-36.,41.35));
#15607=CARTESIAN_POINT('',(41.,36.,43.));
#15608=CARTESIAN_POINT('',(41.,36.,43.));
#15609=CARTESIAN_POINT('',(41.,36.,41.35));
#15610=CARTESIAN_POINT('Origin',(57.,36.,41.35));
#15611=CARTESIAN_POINT('',(57.,36.,41.35));
#15612=CARTESIAN_POINT('',(57.,36.,41.35));
#15613=CARTESIAN_POINT('',(57.,36.,43.));
#15614=CARTESIAN_POINT('',(57.,36.,43.));
#15615=CARTESIAN_POINT('',(57.,36.,41.35));
#15616=CARTESIAN_POINT('Origin',(57.,-36.,41.35));
#15617=CARTESIAN_POINT('',(57.,-36.,41.35));
#15618=CARTESIAN_POINT('',(57.,-36.,41.35));
#15619=CARTESIAN_POINT('',(57.,-36.,43.));
#15620=CARTESIAN_POINT('',(57.,-36.,43.));
#15621=CARTESIAN_POINT('',(57.,-36.,41.35));
#15622=CARTESIAN_POINT('Origin',(41.,-36.,41.35));
#15623=CARTESIAN_POINT('',(41.,-36.,41.35));
#15624=CARTESIAN_POINT('',(41.,-36.,43.));
#15625=CARTESIAN_POINT('Origin',(49.,0.,43.));
#15626=CARTESIAN_POINT('Origin',(49.,0.,41.35));
#15627=CARTESIAN_POINT('',(0.,0.,0.));
#15628=CARTESIAN_POINT('Origin',(-1.5,7.,37.));
#15629=CARTESIAN_POINT('',(-1.5,7.,37.));
#15630=CARTESIAN_POINT('',(-1.5,4.,37.));
#15631=CARTESIAN_POINT('',(-1.5,7.,37.));
#15632=CARTESIAN_POINT('',(-1.5,4.,49.));
#15633=CARTESIAN_POINT('',(-1.5,4.,37.));
#15634=CARTESIAN_POINT('',(-1.5,7.,49.));
#15635=CARTESIAN_POINT('',(-1.5,7.,49.));
#15636=CARTESIAN_POINT('',(-1.5,7.,37.));
#15637=CARTESIAN_POINT('Origin',(1.5,7.,37.));
#15638=CARTESIAN_POINT('',(1.5,7.,37.));
#15639=CARTESIAN_POINT('',(1.5,7.,37.));
#15640=CARTESIAN_POINT('',(1.5,7.,49.));
#15641=CARTESIAN_POINT('',(1.5,7.,49.));
#15642=CARTESIAN_POINT('',(1.5,7.,37.));
#15643=CARTESIAN_POINT('Origin',(1.5,4.,37.));
#15644=CARTESIAN_POINT('',(1.5,4.,37.));
#15645=CARTESIAN_POINT('',(1.5,4.,37.));
#15646=CARTESIAN_POINT('',(1.5,4.,49.));
#15647=CARTESIAN_POINT('',(1.5,4.,49.));
#15648=CARTESIAN_POINT('',(1.5,4.,37.));
#15649=CARTESIAN_POINT('Origin',(-1.5,4.,37.));
#15650=CARTESIAN_POINT('',(-1.5,4.,37.));
#15651=CARTESIAN_POINT('',(-1.5,4.,49.));
#15652=CARTESIAN_POINT('Origin',(0.,5.5,49.));
#15653=CARTESIAN_POINT('Origin',(0.,5.5,37.));
#15654=CARTESIAN_POINT('',(0.,0.,0.));
#15655=CARTESIAN_POINT('Origin',(0.,0.,34.));
#15656=CARTESIAN_POINT('',(5.,6.12323399573677E-16,34.));
#15657=CARTESIAN_POINT('Origin',(0.,0.,34.));
#15658=CARTESIAN_POINT('',(5.,6.12323399573677E-16,36.5));
#15659=CARTESIAN_POINT('',(5.,6.12323399573677E-16,34.));
#15660=CARTESIAN_POINT('Origin',(0.,0.,36.5));
#15661=CARTESIAN_POINT('Origin',(0.,0.,34.));
#15662=CARTESIAN_POINT('',(6.,7.34788079488412E-16,36.5));
#15663=CARTESIAN_POINT('Origin',(0.,0.,36.5));
#15664=CARTESIAN_POINT('',(6.,7.34788079488412E-16,34.));
#15665=CARTESIAN_POINT('',(6.,7.34788079488412E-16,34.));
#15666=CARTESIAN_POINT('Origin',(0.,0.,34.));
#15667=CARTESIAN_POINT('Origin',(-3.69627624575467E-16,0.,34.));
#15668=CARTESIAN_POINT('Origin',(-3.69627624575467E-16,0.,36.5));
#15669=CARTESIAN_POINT('',(0.,0.,0.));
#15670=CARTESIAN_POINT('Origin',(0.,0.,51.));
#15671=CARTESIAN_POINT('',(5.,6.12323399573677E-16,51.));
#15672=CARTESIAN_POINT('Origin',(0.,0.,51.));
#15673=CARTESIAN_POINT('',(5.,6.12323399573677E-16,52.5));
#15674=CARTESIAN_POINT('',(5.,6.12323399573677E-16,51.));
#15675=CARTESIAN_POINT('Origin',(0.,0.,52.5));
#15676=CARTESIAN_POINT('Origin',(0.,0.,51.));
#15677=CARTESIAN_POINT('',(9.,1.10218211923262E-15,52.5));
#15678=CARTESIAN_POINT('Origin',(0.,0.,52.5));
#15679=CARTESIAN_POINT('',(9.,1.10218211923262E-15,51.));
#15680=CARTESIAN_POINT('',(9.,1.10218211923262E-15,51.));
#15681=CARTESIAN_POINT('Origin',(0.,0.,51.));
#15682=CARTESIAN_POINT('Origin',(-5.03042222760184E-16,0.,51.));
#15683=CARTESIAN_POINT('Origin',(-5.03042222760184E-16,0.,52.5));
#15684=CARTESIAN_POINT('',(0.,0.,0.));
#15685=CARTESIAN_POINT('Origin',(0.,0.,53.5));
#15686=CARTESIAN_POINT('',(5.,6.12323399573677E-16,53.5));
#15687=CARTESIAN_POINT('Origin',(0.,0.,53.5));
#15688=CARTESIAN_POINT('',(5.,6.12323399573677E-16,54.));
#15689=CARTESIAN_POINT('',(5.,6.12323399573677E-16,53.5));
#15690=CARTESIAN_POINT('Origin',(0.,0.,54.));
#15691=CARTESIAN_POINT('Origin',(0.,0.,53.5));
#15692=CARTESIAN_POINT('',(9.,1.10218211923262E-15,54.));
#15693=CARTESIAN_POINT('Origin',(0.,0.,54.));
#15694=CARTESIAN_POINT('',(9.,1.10218211923262E-15,53.5));
#15695=CARTESIAN_POINT('',(9.,1.10218211923262E-15,53.5));
#15696=CARTESIAN_POINT('Origin',(0.,0.,53.5));
#15697=CARTESIAN_POINT('Origin',(-5.03042222760184E-16,0.,53.5));
#15698=CARTESIAN_POINT('Origin',(-5.03042222760184E-16,0.,54.));
#15699=CARTESIAN_POINT('',(0.,0.,0.));
#15700=CARTESIAN_POINT('',(0.,0.,0.));
#15701=CARTESIAN_POINT('',(0.,0.,0.));
#15702=CARTESIAN_POINT('',(0.,0.,0.));
#15703=CARTESIAN_POINT('',(0.,0.,0.));
#15704=CARTESIAN_POINT('',(0.,0.,0.));
#15705=CARTESIAN_POINT('',(0.,0.,0.));
#15706=CARTESIAN_POINT('',(0.,0.,0.));
#15707=CARTESIAN_POINT('',(0.,0.,0.));
#15708=CARTESIAN_POINT('',(0.,0.,0.));
#15709=CARTESIAN_POINT('',(0.,0.,0.));
#15710=CARTESIAN_POINT('',(0.,0.,0.));
#15711=CARTESIAN_POINT('',(0.,0.,0.));
#15712=CARTESIAN_POINT('',(0.,0.,0.));
#15713=CARTESIAN_POINT('',(0.,0.,0.));
#15714=CARTESIAN_POINT('',(0.,0.,0.));
#15715=CARTESIAN_POINT('',(0.,0.,0.));
#15716=CARTESIAN_POINT('',(0.,0.,0.));
#15717=CARTESIAN_POINT('',(0.,0.,0.));
#15718=CARTESIAN_POINT('',(0.,0.,0.));
#15719=CARTESIAN_POINT('',(0.,0.,0.));
#15720=CARTESIAN_POINT('',(0.,0.,0.));
#15721=CARTESIAN_POINT('',(0.,0.,0.));
#15722=CARTESIAN_POINT('',(0.,0.,0.));
#15723=CARTESIAN_POINT('',(0.,0.,0.));
#15724=CARTESIAN_POINT('',(0.,0.,0.));
#15725=CARTESIAN_POINT('',(0.,0.,0.));
#15726=CARTESIAN_POINT('',(0.,0.,0.));
#15727=CARTESIAN_POINT('',(0.,0.,0.));
#15728=CARTESIAN_POINT('',(0.,0.,0.));
#15729=CARTESIAN_POINT('',(0.,0.,0.));
#15730=CARTESIAN_POINT('',(0.,0.,0.));
#15731=CARTESIAN_POINT('',(0.,0.,0.));
#15732=CARTESIAN_POINT('',(0.,0.,0.));
#15733=CARTESIAN_POINT('',(0.,0.,0.));
#15734=CARTESIAN_POINT('',(0.,0.,0.));
#15735=UNCERTAINTY_MEASURE_WITH_UNIT(LENGTH_MEASURE(0.01),#15811,
'DISTANCE_ACCURACY_VALUE',
'Maximum model space distance between geometric entities at asserted c
onnectivities');
#15736=UNCERTAINTY_MEASURE_WITH_UNIT(LENGTH_MEASURE(0.01),#15811,
'DISTANCE_ACCURACY_VALUE',
'Maximum model space distance between geometric entities at asserted c
onnectivities');
#15737=UNCERTAINTY_MEASURE_WITH_UNIT(LENGTH_MEASURE(0.01),#15811,
'DISTANCE_ACCURACY_VALUE',
'Maximum model space distance between geometric entities at asserted c
onnectivities');
#15738=UNCERTAINTY_MEASURE_WITH_UNIT(LENGTH_MEASURE(0.01),#15811,
'DISTANCE_ACCURACY_VALUE',
'Maximum model space distance between geometric entities at asserted c
onnectivities');
#15739=UNCERTAINTY_MEASURE_WITH_UNIT(LENGTH_MEASURE(0.01),#15811,
'DISTANCE_ACCURACY_VALUE',
'Maximum model space distance between geometric entities at asserted c
onnectivities');
#15740=UNCERTAINTY_MEASURE_WITH_UNIT(LENGTH_MEASURE(0.01),#15811,
'DISTANCE_ACCURACY_VALUE',
'Maximum model space distance between geometric entities at asserted c
onnectivities');
#15741=UNCERTAINTY_MEASURE_WITH_UNIT(LENGTH_MEASURE(0.01),#15811,
'DISTANCE_ACCURACY_VALUE',
'Maximum model space distance between geometric entities at asserted c
onnectivities');
#15742=UNCERTAINTY_MEASURE_WITH_UNIT(LENGTH_MEASURE(0.01),#15811,
'DISTANCE_ACCURACY_VALUE',
'Maximum model space distance between geometric entities at asserted c
onnectivities');
#15743=UNCERTAINTY_MEASURE_WITH_UNIT(LENGTH_MEASURE(0.01),#15811,
'DISTANCE_ACCURACY_VALUE',
'Maximum model space distance between geometric entities at asserted c
onnectivities');
#15744=UNCERTAINTY_MEASURE_WITH_UNIT(LENGTH_MEASURE(0.01),#15811,
'DISTANCE_ACCURACY_VALUE',
'Maximum model space distance between geometric entities at asserted c
onnectivities');
#15745=UNCERTAINTY_MEASURE_WITH_UNIT(LENGTH_MEASURE(0.01),#15811,
'DISTANCE_ACCURACY_VALUE',
'Maximum model space distance between geometric entities at asserted c
onnectivities');
#15746=UNCERTAINTY_MEASURE_WITH_UNIT(LENGTH_MEASURE(0.01),#15811,
'DISTANCE_ACCURACY_VALUE',
'Maximum model space distance between geometric entities at asserted c
onnectivities');
#15747=UNCERTAINTY_MEASURE_WITH_UNIT(LENGTH_MEASURE(0.01),#15811,
'DISTANCE_ACCURACY_VALUE',
'Maximum model space distance between geometric entities at asserted c
onnectivities');
#15748=UNCERTAINTY_MEASURE_WITH_UNIT(LENGTH_MEASURE(0.01),#15811,
'DISTANCE_ACCURACY_VALUE',
'Maximum model space distance between geometric entities at asserted c
onnectivities');
#15749=UNCERTAINTY_MEASURE_WITH_UNIT(LENGTH_MEASURE(0.01),#15811,
'DISTANCE_ACCURACY_VALUE',
'Maximum model space distance between geometric entities at asserted c
onnectivities');
#15750=UNCERTAINTY_MEASURE_WITH_UNIT(LENGTH_MEASURE(0.01),#15811,
'DISTANCE_ACCURACY_VALUE',
'Maximum model space distance between geometric entities at asserted c
onnectivities');
#15751=UNCERTAINTY_MEASURE_WITH_UNIT(LENGTH_MEASURE(0.01),#15811,
'DISTANCE_ACCURACY_VALUE',
'Maximum model space distance between geometric entities at asserted c
onnectivities');
#15752=UNCERTAINTY_MEASURE_WITH_UNIT(LENGTH_MEASURE(0.01),#15811,
'DISTANCE_ACCURACY_VALUE',
'Maximum model space distance between geometric entities at asserted c
onnectivities');
#15753=UNCERTAINTY_MEASURE_WITH_UNIT(LENGTH_MEASURE(0.01),#15811,
'DISTANCE_ACCURACY_VALUE',
'Maximum model space distance between geometric entities at asserted c
onnectivities');
#15754=UNCERTAINTY_MEASURE_WITH_UNIT(LENGTH_MEASURE(0.01),#15811,
'DISTANCE_ACCURACY_VALUE',
'Maximum model space distance between geometric entities at asserted c
onnectivities');
#15755=UNCERTAINTY_MEASURE_WITH_UNIT(LENGTH_MEASURE(0.01),#15811,
'DISTANCE_ACCURACY_VALUE',
'Maximum model space distance between geometric entities at asserted c
onnectivities');
#15756=UNCERTAINTY_MEASURE_WITH_UNIT(LENGTH_MEASURE(0.01),#15811,
'DISTANCE_ACCURACY_VALUE',
'Maximum model space distance between geometric entities at asserted c
onnectivities');
#15757=UNCERTAINTY_MEASURE_WITH_UNIT(LENGTH_MEASURE(0.01),#15811,
'DISTANCE_ACCURACY_VALUE',
'Maximum model space distance between geometric entities at asserted c
onnectivities');
#15758=UNCERTAINTY_MEASURE_WITH_UNIT(LENGTH_MEASURE(0.01),#15811,
'DISTANCE_ACCURACY_VALUE',
'Maximum model space distance between geometric entities at asserted c
onnectivities');
#15759=UNCERTAINTY_MEASURE_WITH_UNIT(LENGTH_MEASURE(0.01),#15811,
'DISTANCE_ACCURACY_VALUE',
'Maximum model space distance between geometric entities at asserted c
onnectivities');
#15760=UNCERTAINTY_MEASURE_WITH_UNIT(LENGTH_MEASURE(0.01),#15811,
'DISTANCE_ACCURACY_VALUE',
'Maximum model space distance between geometric entities at asserted c
onnectivities');
#15761=UNCERTAINTY_MEASURE_WITH_UNIT(LENGTH_MEASURE(0.01),#15811,
'DISTANCE_ACCURACY_VALUE',
'Maximum model space distance between geometric entities at asserted c
onnectivities');
#15762=UNCERTAINTY_MEASURE_WITH_UNIT(LENGTH_MEASURE(0.01),#15811,
'DISTANCE_ACCURACY_VALUE',
'Maximum model space distance between geometric entities at asserted c
onnectivities');
#15763=UNCERTAINTY_MEASURE_WITH_UNIT(LENGTH_MEASURE(0.01),#15811,
'DISTANCE_ACCURACY_VALUE',
'Maximum model space distance between geometric entities at asserted c
onnectivities');
#15764=UNCERTAINTY_MEASURE_WITH_UNIT(LENGTH_MEASURE(0.01),#15811,
'DISTANCE_ACCURACY_VALUE',
'Maximum model space distance between geometric entities at asserted c
onnectivities');
#15765=UNCERTAINTY_MEASURE_WITH_UNIT(LENGTH_MEASURE(0.01),#15811,
'DISTANCE_ACCURACY_VALUE',
'Maximum model space distance between geometric entities at asserted c
onnectivities');
#15766=UNCERTAINTY_MEASURE_WITH_UNIT(LENGTH_MEASURE(0.01),#15811,
'DISTANCE_ACCURACY_VALUE',
'Maximum model space distance between geometric entities at asserted c
onnectivities');
#15767=UNCERTAINTY_MEASURE_WITH_UNIT(LENGTH_MEASURE(0.01),#15811,
'DISTANCE_ACCURACY_VALUE',
'Maximum model space distance between geometric entities at asserted c
onnectivities');
#15768=UNCERTAINTY_MEASURE_WITH_UNIT(LENGTH_MEASURE(0.01),#15811,
'DISTANCE_ACCURACY_VALUE',
'Maximum model space distance between geometric entities at asserted c
onnectivities');
#15769=UNCERTAINTY_MEASURE_WITH_UNIT(LENGTH_MEASURE(0.01),#15811,
'DISTANCE_ACCURACY_VALUE',
'Maximum model space distance between geometric entities at asserted c
onnectivities');
#15770=UNCERTAINTY_MEASURE_WITH_UNIT(LENGTH_MEASURE(0.01),#15811,
'DISTANCE_ACCURACY_VALUE',
'Maximum model space distance between geometric entities at asserted c
onnectivities');
#15771=UNCERTAINTY_MEASURE_WITH_UNIT(LENGTH_MEASURE(0.01),#15811,
'DISTANCE_ACCURACY_VALUE',
'Maximum model space distance between geometric entities at asserted c
onnectivities');
#15772=UNCERTAINTY_MEASURE_WITH_UNIT(LENGTH_MEASURE(0.01),#15811,
'DISTANCE_ACCURACY_VALUE',
'Maximum model space distance between geometric entities at asserted c
onnectivities');
#15773=(
GEOMETRIC_REPRESENTATION_CONTEXT(3)
GLOBAL_UNCERTAINTY_ASSIGNED_CONTEXT((#15735))
GLOBAL_UNIT_ASSIGNED_CONTEXT((#15811,#15813,#15814))
REPRESENTATION_CONTEXT('','3D')
);
#15774=(
GEOMETRIC_REPRESENTATION_CONTEXT(3)
GLOBAL_UNCERTAINTY_ASSIGNED_CONTEXT((#15736))
GLOBAL_UNIT_ASSIGNED_CONTEXT((#15811,#15813,#15814))
REPRESENTATION_CONTEXT('','3D')
);
#15775=(
GEOMETRIC_REPRESENTATION_CONTEXT(3)
GLOBAL_UNCERTAINTY_ASSIGNED_CONTEXT((#15737))
GLOBAL_UNIT_ASSIGNED_CONTEXT((#15811,#15813,#15814))
REPRESENTATION_CONTEXT('','3D')
);
#15776=(
GEOMETRIC_REPRESENTATION_CONTEXT(3)
GLOBAL_UNCERTAINTY_ASSIGNED_CONTEXT((#15738))
GLOBAL_UNIT_ASSIGNED_CONTEXT((#15811,#15813,#15814))
REPRESENTATION_CONTEXT('','3D')
);
#15777=(
GEOMETRIC_REPRESENTATION_CONTEXT(3)
GLOBAL_UNCERTAINTY_ASSIGNED_CONTEXT((#15739))
GLOBAL_UNIT_ASSIGNED_CONTEXT((#15811,#15813,#15814))
REPRESENTATION_CONTEXT('','3D')
);
#15778=(
GEOMETRIC_REPRESENTATION_CONTEXT(3)
GLOBAL_UNCERTAINTY_ASSIGNED_CONTEXT((#15740))
GLOBAL_UNIT_ASSIGNED_CONTEXT((#15811,#15813,#15814))
REPRESENTATION_CONTEXT('','3D')
);
#15779=(
GEOMETRIC_REPRESENTATION_CONTEXT(3)
GLOBAL_UNCERTAINTY_ASSIGNED_CONTEXT((#15741))
GLOBAL_UNIT_ASSIGNED_CONTEXT((#15811,#15813,#15814))
REPRESENTATION_CONTEXT('','3D')
);
#15780=(
GEOMETRIC_REPRESENTATION_CONTEXT(3)
GLOBAL_UNCERTAINTY_ASSIGNED_CONTEXT((#15742))
GLOBAL_UNIT_ASSIGNED_CONTEXT((#15811,#15813,#15814))
REPRESENTATION_CONTEXT('','3D')
);
#15781=(
GEOMETRIC_REPRESENTATION_CONTEXT(3)
GLOBAL_UNCERTAINTY_ASSIGNED_CONTEXT((#15743))
GLOBAL_UNIT_ASSIGNED_CONTEXT((#15811,#15813,#15814))
REPRESENTATION_CONTEXT('','3D')
);
#15782=(
GEOMETRIC_REPRESENTATION_CONTEXT(3)
GLOBAL_UNCERTAINTY_ASSIGNED_CONTEXT((#15744))
GLOBAL_UNIT_ASSIGNED_CONTEXT((#15811,#15813,#15814))
REPRESENTATION_CONTEXT('','3D')
);
#15783=(
GEOMETRIC_REPRESENTATION_CONTEXT(3)
GLOBAL_UNCERTAINTY_ASSIGNED_CONTEXT((#15745))
GLOBAL_UNIT_ASSIGNED_CONTEXT((#15811,#15813,#15814))
REPRESENTATION_CONTEXT('','3D')
);
#15784=(
GEOMETRIC_REPRESENTATION_CONTEXT(3)
GLOBAL_UNCERTAINTY_ASSIGNED_CONTEXT((#15746))
GLOBAL_UNIT_ASSIGNED_CONTEXT((#15811,#15813,#15814))
REPRESENTATION_CONTEXT('','3D')
);
#15785=(
GEOMETRIC_REPRESENTATION_CONTEXT(3)
GLOBAL_UNCERTAINTY_ASSIGNED_CONTEXT((#15747))
GLOBAL_UNIT_ASSIGNED_CONTEXT((#15811,#15813,#15814))
REPRESENTATION_CONTEXT('','3D')
);
#15786=(
GEOMETRIC_REPRESENTATION_CONTEXT(3)
GLOBAL_UNCERTAINTY_ASSIGNED_CONTEXT((#15748))
GLOBAL_UNIT_ASSIGNED_CONTEXT((#15811,#15813,#15814))
REPRESENTATION_CONTEXT('','3D')
);
#15787=(
GEOMETRIC_REPRESENTATION_CONTEXT(3)
GLOBAL_UNCERTAINTY_ASSIGNED_CONTEXT((#15749))
GLOBAL_UNIT_ASSIGNED_CONTEXT((#15811,#15813,#15814))
REPRESENTATION_CONTEXT('','3D')
);
#15788=(
GEOMETRIC_REPRESENTATION_CONTEXT(3)
GLOBAL_UNCERTAINTY_ASSIGNED_CONTEXT((#15750))
GLOBAL_UNIT_ASSIGNED_CONTEXT((#15811,#15813,#15814))
REPRESENTATION_CONTEXT('','3D')
);
#15789=(
GEOMETRIC_REPRESENTATION_CONTEXT(3)
GLOBAL_UNCERTAINTY_ASSIGNED_CONTEXT((#15751))
GLOBAL_UNIT_ASSIGNED_CONTEXT((#15811,#15813,#15814))
REPRESENTATION_CONTEXT('','3D')
);
#15790=(
GEOMETRIC_REPRESENTATION_CONTEXT(3)
GLOBAL_UNCERTAINTY_ASSIGNED_CONTEXT((#15752))
GLOBAL_UNIT_ASSIGNED_CONTEXT((#15811,#15813,#15814))
REPRESENTATION_CONTEXT('','3D')
);
#15791=(
GEOMETRIC_REPRESENTATION_CONTEXT(3)
GLOBAL_UNCERTAINTY_ASSIGNED_CONTEXT((#15753))
GLOBAL_UNIT_ASSIGNED_CONTEXT((#15811,#15813,#15814))
REPRESENTATION_CONTEXT('','3D')
);
#15792=(
GEOMETRIC_REPRESENTATION_CONTEXT(3)
GLOBAL_UNCERTAINTY_ASSIGNED_CONTEXT((#15754))
GLOBAL_UNIT_ASSIGNED_CONTEXT((#15811,#15813,#15814))
REPRESENTATION_CONTEXT('','3D')
);
#15793=(
GEOMETRIC_REPRESENTATION_CONTEXT(3)
GLOBAL_UNCERTAINTY_ASSIGNED_CONTEXT((#15755))
GLOBAL_UNIT_ASSIGNED_CONTEXT((#15811,#15813,#15814))
REPRESENTATION_CONTEXT('','3D')
);
#15794=(
GEOMETRIC_REPRESENTATION_CONTEXT(3)
GLOBAL_UNCERTAINTY_ASSIGNED_CONTEXT((#15756))
GLOBAL_UNIT_ASSIGNED_CONTEXT((#15811,#15813,#15814))
REPRESENTATION_CONTEXT('','3D')
);
#15795=(
GEOMETRIC_REPRESENTATION_CONTEXT(3)
GLOBAL_UNCERTAINTY_ASSIGNED_CONTEXT((#15757))
GLOBAL_UNIT_ASSIGNED_CONTEXT((#15811,#15813,#15814))
REPRESENTATION_CONTEXT('','3D')
);
#15796=(
GEOMETRIC_REPRESENTATION_CONTEXT(3)
GLOBAL_UNCERTAINTY_ASSIGNED_CONTEXT((#15758))
GLOBAL_UNIT_ASSIGNED_CONTEXT((#15811,#15813,#15814))
REPRESENTATION_CONTEXT('','3D')
);
#15797=(
GEOMETRIC_REPRESENTATION_CONTEXT(3)
GLOBAL_UNCERTAINTY_ASSIGNED_CONTEXT((#15759))
GLOBAL_UNIT_ASSIGNED_CONTEXT((#15811,#15813,#15814))
REPRESENTATION_CONTEXT('','3D')
);
#15798=(
GEOMETRIC_REPRESENTATION_CONTEXT(3)
GLOBAL_UNCERTAINTY_ASSIGNED_CONTEXT((#15760))
GLOBAL_UNIT_ASSIGNED_CONTEXT((#15811,#15813,#15814))
REPRESENTATION_CONTEXT('','3D')
);
#15799=(
GEOMETRIC_REPRESENTATION_CONTEXT(3)
GLOBAL_UNCERTAINTY_ASSIGNED_CONTEXT((#15761))
GLOBAL_UNIT_ASSIGNED_CONTEXT((#15811,#15813,#15814))
REPRESENTATION_CONTEXT('','3D')
);
#15800=(
GEOMETRIC_REPRESENTATION_CONTEXT(3)
GLOBAL_UNCERTAINTY_ASSIGNED_CONTEXT((#15762))
GLOBAL_UNIT_ASSIGNED_CONTEXT((#15811,#15813,#15814))
REPRESENTATION_CONTEXT('','3D')
);
#15801=(
GEOMETRIC_REPRESENTATION_CONTEXT(3)
GLOBAL_UNCERTAINTY_ASSIGNED_CONTEXT((#15763))
GLOBAL_UNIT_ASSIGNED_CONTEXT((#15811,#15813,#15814))
REPRESENTATION_CONTEXT('','3D')
);
#15802=(
GEOMETRIC_REPRESENTATION_CONTEXT(3)
GLOBAL_UNCERTAINTY_ASSIGNED_CONTEXT((#15764))
GLOBAL_UNIT_ASSIGNED_CONTEXT((#15811,#15813,#15814))
REPRESENTATION_CONTEXT('','3D')
);
#15803=(
GEOMETRIC_REPRESENTATION_CONTEXT(3)
GLOBAL_UNCERTAINTY_ASSIGNED_CONTEXT((#15765))
GLOBAL_UNIT_ASSIGNED_CONTEXT((#15811,#15813,#15814))
REPRESENTATION_CONTEXT('','3D')
);
#15804=(
GEOMETRIC_REPRESENTATION_CONTEXT(3)
GLOBAL_UNCERTAINTY_ASSIGNED_CONTEXT((#15766))
GLOBAL_UNIT_ASSIGNED_CONTEXT((#15811,#15813,#15814))
REPRESENTATION_CONTEXT('','3D')
);
#15805=(
GEOMETRIC_REPRESENTATION_CONTEXT(3)
GLOBAL_UNCERTAINTY_ASSIGNED_CONTEXT((#15767))
GLOBAL_UNIT_ASSIGNED_CONTEXT((#15811,#15813,#15814))
REPRESENTATION_CONTEXT('','3D')
);
#15806=(
GEOMETRIC_REPRESENTATION_CONTEXT(3)
GLOBAL_UNCERTAINTY_ASSIGNED_CONTEXT((#15768))
GLOBAL_UNIT_ASSIGNED_CONTEXT((#15811,#15813,#15814))
REPRESENTATION_CONTEXT('','3D')
);
#15807=(
GEOMETRIC_REPRESENTATION_CONTEXT(3)
GLOBAL_UNCERTAINTY_ASSIGNED_CONTEXT((#15769))
GLOBAL_UNIT_ASSIGNED_CONTEXT((#15811,#15813,#15814))
REPRESENTATION_CONTEXT('','3D')
);
#15808=(
GEOMETRIC_REPRESENTATION_CONTEXT(3)
GLOBAL_UNCERTAINTY_ASSIGNED_CONTEXT((#15770))
GLOBAL_UNIT_ASSIGNED_CONTEXT((#15811,#15813,#15814))
REPRESENTATION_CONTEXT('','3D')
);
#15809=(
GEOMETRIC_REPRESENTATION_CONTEXT(3)
GLOBAL_UNCERTAINTY_ASSIGNED_CONTEXT((#15771))
GLOBAL_UNIT_ASSIGNED_CONTEXT((#15811,#15813,#15814))
REPRESENTATION_CONTEXT('','3D')
);
#15810=(
GEOMETRIC_REPRESENTATION_CONTEXT(3)
GLOBAL_UNCERTAINTY_ASSIGNED_CONTEXT((#15772))
GLOBAL_UNIT_ASSIGNED_CONTEXT((#15811,#15813,#15814))
REPRESENTATION_CONTEXT('','3D')
);
#15811=(
LENGTH_UNIT()
NAMED_UNIT(*)
SI_UNIT(.MILLI.,.METRE.)
);
#15812=(
LENGTH_UNIT()
NAMED_UNIT(*)
SI_UNIT(.CENTI.,.METRE.)
);
#15813=(
NAMED_UNIT(*)
PLANE_ANGLE_UNIT()
SI_UNIT($,.RADIAN.)
);
#15814=(
NAMED_UNIT(*)
SI_UNIT($,.STERADIAN.)
SOLID_ANGLE_UNIT()
);
#15815=SHAPE_DEFINITION_REPRESENTATION(#15852,#15925);
#15816=SHAPE_DEFINITION_REPRESENTATION(#15853,#15926);
#15817=SHAPE_DEFINITION_REPRESENTATION(#15854,#15927);
#15818=SHAPE_DEFINITION_REPRESENTATION(#15855,#15928);
#15819=SHAPE_DEFINITION_REPRESENTATION(#15856,#15929);
#15820=SHAPE_DEFINITION_REPRESENTATION(#15857,#15930);
#15821=SHAPE_DEFINITION_REPRESENTATION(#15858,#15931);
#15822=SHAPE_DEFINITION_REPRESENTATION(#15859,#15932);
#15823=SHAPE_DEFINITION_REPRESENTATION(#15860,#15933);
#15824=SHAPE_DEFINITION_REPRESENTATION(#15861,#15934);
#15825=SHAPE_DEFINITION_REPRESENTATION(#15862,#15935);
#15826=SHAPE_DEFINITION_REPRESENTATION(#15863,#15936);
#15827=SHAPE_DEFINITION_REPRESENTATION(#15864,#15937);
#15828=SHAPE_DEFINITION_REPRESENTATION(#15865,#15938);
#15829=SHAPE_DEFINITION_REPRESENTATION(#15866,#15939);
#15830=SHAPE_DEFINITION_REPRESENTATION(#15867,#15940);
#15831=SHAPE_DEFINITION_REPRESENTATION(#15868,#15941);
#15832=SHAPE_DEFINITION_REPRESENTATION(#15869,#15942);
#15833=SHAPE_DEFINITION_REPRESENTATION(#15870,#15943);
#15834=SHAPE_DEFINITION_REPRESENTATION(#15871,#15944);
#15835=SHAPE_DEFINITION_REPRESENTATION(#15872,#15945);
#15836=SHAPE_DEFINITION_REPRESENTATION(#15873,#15946);
#15837=SHAPE_DEFINITION_REPRESENTATION(#15874,#15947);
#15838=SHAPE_DEFINITION_REPRESENTATION(#15875,#15948);
#15839=SHAPE_DEFINITION_REPRESENTATION(#15876,#15949);
#15840=SHAPE_DEFINITION_REPRESENTATION(#15877,#15950);
#15841=SHAPE_DEFINITION_REPRESENTATION(#15878,#15951);
#15842=SHAPE_DEFINITION_REPRESENTATION(#15879,#15952);
#15843=SHAPE_DEFINITION_REPRESENTATION(#15880,#15953);
#15844=SHAPE_DEFINITION_REPRESENTATION(#15881,#15954);
#15845=SHAPE_DEFINITION_REPRESENTATION(#15882,#15955);
#15846=SHAPE_DEFINITION_REPRESENTATION(#15883,#15956);
#15847=SHAPE_DEFINITION_REPRESENTATION(#15884,#15957);
#15848=SHAPE_DEFINITION_REPRESENTATION(#15885,#15958);
#15849=SHAPE_DEFINITION_REPRESENTATION(#15886,#15959);
#15850=SHAPE_DEFINITION_REPRESENTATION(#15887,#15960);
#15851=SHAPE_DEFINITION_REPRESENTATION(#15888,#15961);
#15852=PRODUCT_DEFINITION_SHAPE('',$,#15963);
#15853=PRODUCT_DEFINITION_SHAPE('',$,#15964);
#15854=PRODUCT_DEFINITION_SHAPE('',$,#15965);
#15855=PRODUCT_DEFINITION_SHAPE('',$,#15966);
#15856=PRODUCT_DEFINITION_SHAPE('',$,#15967);
#15857=PRODUCT_DEFINITION_SHAPE('',$,#15968);
#15858=PRODUCT_DEFINITION_SHAPE('',$,#15969);
#15859=PRODUCT_DEFINITION_SHAPE('',$,#15970);
#15860=PRODUCT_DEFINITION_SHAPE('',$,#15971);
#15861=PRODUCT_DEFINITION_SHAPE('',$,#15972);
#15862=PRODUCT_DEFINITION_SHAPE('',$,#15973);
#15863=PRODUCT_DEFINITION_SHAPE('',$,#15974);
#15864=PRODUCT_DEFINITION_SHAPE('',$,#15975);
#15865=PRODUCT_DEFINITION_SHAPE('',$,#15976);
#15866=PRODUCT_DEFINITION_SHAPE('',$,#15977);
#15867=PRODUCT_DEFINITION_SHAPE('',$,#15978);
#15868=PRODUCT_DEFINITION_SHAPE('',$,#15979);
#15869=PRODUCT_DEFINITION_SHAPE('',$,#15980);
#15870=PRODUCT_DEFINITION_SHAPE('',$,#15981);
#15871=PRODUCT_DEFINITION_SHAPE('',$,#15982);
#15872=PRODUCT_DEFINITION_SHAPE('',$,#15983);
#15873=PRODUCT_DEFINITION_SHAPE('',$,#15984);
#15874=PRODUCT_DEFINITION_SHAPE('',$,#15985);
#15875=PRODUCT_DEFINITION_SHAPE('',$,#15986);
#15876=PRODUCT_DEFINITION_SHAPE('',$,#15987);
#15877=PRODUCT_DEFINITION_SHAPE('',$,#15988);
#15878=PRODUCT_DEFINITION_SHAPE('',$,#15989);
#15879=PRODUCT_DEFINITION_SHAPE('',$,#15990);
#15880=PRODUCT_DEFINITION_SHAPE('',$,#15991);
#15881=PRODUCT_DEFINITION_SHAPE('',$,#15992);
#15882=PRODUCT_DEFINITION_SHAPE('',$,#15993);
#15883=PRODUCT_DEFINITION_SHAPE('',$,#15994);
#15884=PRODUCT_DEFINITION_SHAPE('',$,#15995);
#15885=PRODUCT_DEFINITION_SHAPE('',$,#15996);
#15886=PRODUCT_DEFINITION_SHAPE('',$,#15997);
#15887=PRODUCT_DEFINITION_SHAPE('',$,#15998);
#15888=PRODUCT_DEFINITION_SHAPE('',$,#15999);
#15889=PRODUCT_DEFINITION_SHAPE($,$,#119);
#15890=PRODUCT_DEFINITION_SHAPE($,$,#120);
#15891=PRODUCT_DEFINITION_SHAPE($,$,#121);
#15892=PRODUCT_DEFINITION_SHAPE($,$,#122);
#15893=PRODUCT_DEFINITION_SHAPE($,$,#123);
#15894=PRODUCT_DEFINITION_SHAPE($,$,#124);
#15895=PRODUCT_DEFINITION_SHAPE($,$,#125);
#15896=PRODUCT_DEFINITION_SHAPE($,$,#126);
#15897=PRODUCT_DEFINITION_SHAPE($,$,#127);
#15898=PRODUCT_DEFINITION_SHAPE($,$,#128);
#15899=PRODUCT_DEFINITION_SHAPE($,$,#129);
#15900=PRODUCT_DEFINITION_SHAPE($,$,#130);
#15901=PRODUCT_DEFINITION_SHAPE($,$,#131);
#15902=PRODUCT_DEFINITION_SHAPE($,$,#132);
#15903=PRODUCT_DEFINITION_SHAPE($,$,#133);
#15904=PRODUCT_DEFINITION_SHAPE($,$,#134);
#15905=PRODUCT_DEFINITION_SHAPE($,$,#135);
#15906=PRODUCT_DEFINITION_SHAPE($,$,#136);
#15907=PRODUCT_DEFINITION_SHAPE($,$,#137);
#15908=PRODUCT_DEFINITION_SHAPE($,$,#138);
#15909=PRODUCT_DEFINITION_SHAPE($,$,#139);
#15910=PRODUCT_DEFINITION_SHAPE($,$,#140);
#15911=PRODUCT_DEFINITION_SHAPE($,$,#141);
#15912=PRODUCT_DEFINITION_SHAPE($,$,#142);
#15913=PRODUCT_DEFINITION_SHAPE($,$,#143);
#15914=PRODUCT_DEFINITION_SHAPE($,$,#144);
#15915=PRODUCT_DEFINITION_SHAPE($,$,#145);
#15916=PRODUCT_DEFINITION_SHAPE($,$,#146);
#15917=PRODUCT_DEFINITION_SHAPE($,$,#147);
#15918=PRODUCT_DEFINITION_SHAPE($,$,#148);
#15919=PRODUCT_DEFINITION_SHAPE($,$,#149);
#15920=PRODUCT_DEFINITION_SHAPE($,$,#150);
#15921=PRODUCT_DEFINITION_SHAPE($,$,#151);
#15922=PRODUCT_DEFINITION_SHAPE($,$,#152);
#15923=PRODUCT_DEFINITION_SHAPE($,$,#153);
#15924=PRODUCT_DEFINITION_SHAPE($,$,#154);
#15925=SHAPE_REPRESENTATION('',(#9659,#10560,#10561,#10562,#10563,#10564,
#10565,#10566,#10567,#10568,#10569,#10570,#10571,#10572,#10573,#10574,#10575,
#10576,#10577,#10578,#10579,#10580,#10581,#10582,#10583,#10584,#10585,#10586,
#10587,#10588,#10589,#10590,#10591,#10592,#10593,#10594,#10595),#15773);
#15926=SHAPE_REPRESENTATION('',(#9660),#15774);
#15927=SHAPE_REPRESENTATION('',(#9687),#15775);
#15928=SHAPE_REPRESENTATION('',(#9735),#15776);
#15929=SHAPE_REPRESENTATION('',(#9827),#15777);
#15930=SHAPE_REPRESENTATION('',(#9860),#15778);
#15931=SHAPE_REPRESENTATION('',(#9918),#15779);
#15932=SHAPE_REPRESENTATION('',(#9958),#15780);
#15933=SHAPE_REPRESENTATION('',(#10041),#15781);
#15934=SHAPE_REPRESENTATION('',(#10048),#15782);
#15935=SHAPE_REPRESENTATION('',(#10055),#15783);
#15936=SHAPE_REPRESENTATION('',(#10099),#15784);
#15937=SHAPE_REPRESENTATION('',(#10128),#15785);
#15938=SHAPE_REPRESENTATION('',(#10200),#15786);
#15939=SHAPE_REPRESENTATION('',(#10274),#15787);
#15940=SHAPE_REPRESENTATION('',(#10303),#15788);
#15941=SHAPE_REPRESENTATION('',(#10312),#15789);
#15942=SHAPE_REPRESENTATION('',(#10321),#15790);
#15943=SHAPE_REPRESENTATION('',(#10359),#15791);
#15944=SHAPE_REPRESENTATION('',(#10365),#15792);
#15945=SHAPE_REPRESENTATION('',(#10386),#15793);
#15946=SHAPE_REPRESENTATION('',(#10407),#15794);
#15947=SHAPE_REPRESENTATION('',(#10413),#15795);
#15948=SHAPE_REPRESENTATION('',(#10432),#15796);
#15949=SHAPE_REPRESENTATION('',(#10441),#15797);
#15950=SHAPE_REPRESENTATION('',(#10452),#15798);
#15951=SHAPE_REPRESENTATION('',(#10461),#15799);
#15952=SHAPE_REPRESENTATION('',(#10470),#15800);
#15953=SHAPE_REPRESENTATION('',(#10479),#15801);
#15954=SHAPE_REPRESENTATION('',(#10488),#15802);
#15955=SHAPE_REPRESENTATION('',(#10494),#15803);
#15956=SHAPE_REPRESENTATION('',(#10500),#15804);
#15957=SHAPE_REPRESENTATION('',(#10513),#15805);
#15958=SHAPE_REPRESENTATION('',(#10526),#15806);
#15959=SHAPE_REPRESENTATION('',(#10533),#15807);
#15960=SHAPE_REPRESENTATION('',(#10542),#15808);
#15961=SHAPE_REPRESENTATION('',(#10551),#15809);
#15962=PRODUCT_DEFINITION_CONTEXT('part definition',#16075,'design');
#15963=PRODUCT_DEFINITION('Cubli_OneWheel_Module_RevA',
'Cubli_OneWheel_Module_RevA',#16000,#15962);
#15964=PRODUCT_DEFINITION('01_Wheel_Rim','01_Wheel_Rim',#16001,#15962);
#15965=PRODUCT_DEFINITION('02_Wheel_Hub','02_Wheel_Hub',#16002,#15962);
#15966=PRODUCT_DEFINITION('03_Wheel_Spokes','03_Wheel_Spokes',#16003,#15962);
#15967=PRODUCT_DEFINITION('04_Wheel_Shaft','04_Wheel_Shaft',#16004,#15962);
#15968=PRODUCT_DEFINITION('05_Bearing_Housing','05_Bearing_Housing',#16005,
#15962);
#15969=PRODUCT_DEFINITION('06_Motor_Mount','06_Motor_Mount',#16006,#15962);
#15970=PRODUCT_DEFINITION('07_Brake_Drum','07_Brake_Drum',#16007,#15962);
#15971=PRODUCT_DEFINITION('08_Brake_Mechanism','08_Brake_Mechanism',#16008,
#15962);
#15972=PRODUCT_DEFINITION('08B_Brake_Pad','08B_Brake_Pad',#16009,#15962);
#15973=PRODUCT_DEFINITION('09_Brake_Actuator_Bracket',
'09_Brake_Actuator_Bracket',#16010,#15962);
#15974=PRODUCT_DEFINITION('10_Encoder_Mount','10_Encoder_Mount',#16011,
#15962);
#15975=PRODUCT_DEFINITION('11_Module_Frame','11_Module_Frame',#16012,#15962);
#15976=PRODUCT_DEFINITION('12_Wheel_Guard','12_Wheel_Guard',#16013,#15962);
#15977=PRODUCT_DEFINITION('13_Torsional_Coupling',
'13_Torsional_Coupling',#16014,#15962);
#15978=PRODUCT_DEFINITION('14_Bearing_6000_2Z','14_Bearing_6000_2Z',#16015,
#15962);
#15979=PRODUCT_DEFINITION('14B_Bearing_6000_2Z','14B_Bearing_6000_2Z',#16016,
#15962);
#15980=PRODUCT_DEFINITION('15_Motor_4221G024BXTH',
'15_Motor_4221G024BXTH',#16017,#15962);
#15981=PRODUCT_DEFINITION('16_Motor_Rotor_Shaft','16_Motor_Rotor_Shaft',
#16018,#15962);
#15982=PRODUCT_DEFINITION('17_Bearing_Retainer_Rear',
'17_Bearing_Retainer_Rear',#16019,#15962);
#15983=PRODUCT_DEFINITION('17B_Bearing_Retainer_Front',
'17B_Bearing_Retainer_Front',#16020,#15962);
#15984=PRODUCT_DEFINITION('18_Encoder_Magnet','18_Encoder_Magnet',#16021,
#15962);
#15985=PRODUCT_DEFINITION('19_Encoder_PCB_Interface',
'19_Encoder_PCB_Interface',#16022,#15962);
#15986=PRODUCT_DEFINITION('20_Retaining_Washer','20_Retaining_Washer',#16023,
#15962);
#15987=PRODUCT_DEFINITION('21_Retaining_Clip','21_Retaining_Clip',#16024,
#15962);
#15988=PRODUCT_DEFINITION('22_Spacer_-22_-22','22_Spacer_-22_-22',#16025,
#15962);
#15989=PRODUCT_DEFINITION('22_Spacer_-22_22','22_Spacer_-22_22',#16026,
#15962);
#15990=PRODUCT_DEFINITION('22_Spacer_22_-22','22_Spacer_22_-22',#16027,
#15962);
#15991=PRODUCT_DEFINITION('22_Spacer_22_22','22_Spacer_22_22',#16028,#15962);
#15992=PRODUCT_DEFINITION('23_Brake_Guide_-32','23_Brake_Guide_-32',#16029,
#15962);
#15993=PRODUCT_DEFINITION('23_Brake_Guide_32','23_Brake_Guide_32',#16030,
#15962);
#15994=PRODUCT_DEFINITION('24_Lower_Pad_Carrier','24_Lower_Pad_Carrier',
#16031,#15962);
#15995=PRODUCT_DEFINITION('24B_Upper_Pad_Carrier',
'24B_Upper_Pad_Carrier',#16032,#15962);
#15996=PRODUCT_DEFINITION('25_Shaft_Key','25_Shaft_Key',#16033,#15962);
#15997=PRODUCT_DEFINITION('26_Inner_Race_Spacer','26_Inner_Race_Spacer',
#16034,#15962);
#15998=PRODUCT_DEFINITION('27_Front_Hub_Shim','27_Front_Hub_Shim',#16035,
#15962);
#15999=PRODUCT_DEFINITION('28_Clip_Stack_Shim','28_Clip_Stack_Shim',#16036,
#15962);
#16000=PRODUCT_DEFINITION_FORMATION('',$,#16077);
#16001=PRODUCT_DEFINITION_FORMATION('',$,#16078);
#16002=PRODUCT_DEFINITION_FORMATION('',$,#16079);
#16003=PRODUCT_DEFINITION_FORMATION('',$,#16080);
#16004=PRODUCT_DEFINITION_FORMATION('',$,#16081);
#16005=PRODUCT_DEFINITION_FORMATION('',$,#16082);
#16006=PRODUCT_DEFINITION_FORMATION('',$,#16083);
#16007=PRODUCT_DEFINITION_FORMATION('',$,#16084);
#16008=PRODUCT_DEFINITION_FORMATION('',$,#16085);
#16009=PRODUCT_DEFINITION_FORMATION('',$,#16086);
#16010=PRODUCT_DEFINITION_FORMATION('',$,#16087);
#16011=PRODUCT_DEFINITION_FORMATION('',$,#16088);
#16012=PRODUCT_DEFINITION_FORMATION('',$,#16089);
#16013=PRODUCT_DEFINITION_FORMATION('',$,#16090);
#16014=PRODUCT_DEFINITION_FORMATION('',$,#16091);
#16015=PRODUCT_DEFINITION_FORMATION('',$,#16092);
#16016=PRODUCT_DEFINITION_FORMATION('',$,#16093);
#16017=PRODUCT_DEFINITION_FORMATION('',$,#16094);
#16018=PRODUCT_DEFINITION_FORMATION('',$,#16095);
#16019=PRODUCT_DEFINITION_FORMATION('',$,#16096);
#16020=PRODUCT_DEFINITION_FORMATION('',$,#16097);
#16021=PRODUCT_DEFINITION_FORMATION('',$,#16098);
#16022=PRODUCT_DEFINITION_FORMATION('',$,#16099);
#16023=PRODUCT_DEFINITION_FORMATION('',$,#16100);
#16024=PRODUCT_DEFINITION_FORMATION('',$,#16101);
#16025=PRODUCT_DEFINITION_FORMATION('',$,#16102);
#16026=PRODUCT_DEFINITION_FORMATION('',$,#16103);
#16027=PRODUCT_DEFINITION_FORMATION('',$,#16104);
#16028=PRODUCT_DEFINITION_FORMATION('',$,#16105);
#16029=PRODUCT_DEFINITION_FORMATION('',$,#16106);
#16030=PRODUCT_DEFINITION_FORMATION('',$,#16107);
#16031=PRODUCT_DEFINITION_FORMATION('',$,#16108);
#16032=PRODUCT_DEFINITION_FORMATION('',$,#16109);
#16033=PRODUCT_DEFINITION_FORMATION('',$,#16110);
#16034=PRODUCT_DEFINITION_FORMATION('',$,#16111);
#16035=PRODUCT_DEFINITION_FORMATION('',$,#16112);
#16036=PRODUCT_DEFINITION_FORMATION('',$,#16113);
#16037=PRODUCT_RELATED_PRODUCT_CATEGORY('Cubli_OneWheel_Module_RevA',
'Cubli_OneWheel_Module_RevA',(#16077));
#16038=PRODUCT_RELATED_PRODUCT_CATEGORY('01_Wheel_Rim','01_Wheel_Rim',(#16078));
#16039=PRODUCT_RELATED_PRODUCT_CATEGORY('02_Wheel_Hub','02_Wheel_Hub',(#16079));
#16040=PRODUCT_RELATED_PRODUCT_CATEGORY('03_Wheel_Spokes',
'03_Wheel_Spokes',(#16080));
#16041=PRODUCT_RELATED_PRODUCT_CATEGORY('04_Wheel_Shaft',
'04_Wheel_Shaft',(#16081));
#16042=PRODUCT_RELATED_PRODUCT_CATEGORY('05_Bearing_Housing',
'05_Bearing_Housing',(#16082));
#16043=PRODUCT_RELATED_PRODUCT_CATEGORY('06_Motor_Mount',
'06_Motor_Mount',(#16083));
#16044=PRODUCT_RELATED_PRODUCT_CATEGORY('07_Brake_Drum','07_Brake_Drum',
(#16084));
#16045=PRODUCT_RELATED_PRODUCT_CATEGORY('08_Brake_Mechanism',
'08_Brake_Mechanism',(#16085));
#16046=PRODUCT_RELATED_PRODUCT_CATEGORY('08B_Brake_Pad','08B_Brake_Pad',
(#16086));
#16047=PRODUCT_RELATED_PRODUCT_CATEGORY('09_Brake_Actuator_Bracket',
'09_Brake_Actuator_Bracket',(#16087));
#16048=PRODUCT_RELATED_PRODUCT_CATEGORY('10_Encoder_Mount',
'10_Encoder_Mount',(#16088));
#16049=PRODUCT_RELATED_PRODUCT_CATEGORY('11_Module_Frame',
'11_Module_Frame',(#16089));
#16050=PRODUCT_RELATED_PRODUCT_CATEGORY('12_Wheel_Guard',
'12_Wheel_Guard',(#16090));
#16051=PRODUCT_RELATED_PRODUCT_CATEGORY('13_Torsional_Coupling',
'13_Torsional_Coupling',(#16091));
#16052=PRODUCT_RELATED_PRODUCT_CATEGORY('14_Bearing_6000_2Z',
'14_Bearing_6000_2Z',(#16092));
#16053=PRODUCT_RELATED_PRODUCT_CATEGORY('14B_Bearing_6000_2Z',
'14B_Bearing_6000_2Z',(#16093));
#16054=PRODUCT_RELATED_PRODUCT_CATEGORY('15_Motor_4221G024BXTH',
'15_Motor_4221G024BXTH',(#16094));
#16055=PRODUCT_RELATED_PRODUCT_CATEGORY('16_Motor_Rotor_Shaft',
'16_Motor_Rotor_Shaft',(#16095));
#16056=PRODUCT_RELATED_PRODUCT_CATEGORY('17_Bearing_Retainer_Rear',
'17_Bearing_Retainer_Rear',(#16096));
#16057=PRODUCT_RELATED_PRODUCT_CATEGORY('17B_Bearing_Retainer_Front',
'17B_Bearing_Retainer_Front',(#16097));
#16058=PRODUCT_RELATED_PRODUCT_CATEGORY('18_Encoder_Magnet',
'18_Encoder_Magnet',(#16098));
#16059=PRODUCT_RELATED_PRODUCT_CATEGORY('19_Encoder_PCB_Interface',
'19_Encoder_PCB_Interface',(#16099));
#16060=PRODUCT_RELATED_PRODUCT_CATEGORY('20_Retaining_Washer',
'20_Retaining_Washer',(#16100));
#16061=PRODUCT_RELATED_PRODUCT_CATEGORY('21_Retaining_Clip',
'21_Retaining_Clip',(#16101));
#16062=PRODUCT_RELATED_PRODUCT_CATEGORY('22_Spacer_-22_-22',
'22_Spacer_-22_-22',(#16102));
#16063=PRODUCT_RELATED_PRODUCT_CATEGORY('22_Spacer_-22_22',
'22_Spacer_-22_22',(#16103));
#16064=PRODUCT_RELATED_PRODUCT_CATEGORY('22_Spacer_22_-22',
'22_Spacer_22_-22',(#16104));
#16065=PRODUCT_RELATED_PRODUCT_CATEGORY('22_Spacer_22_22',
'22_Spacer_22_22',(#16105));
#16066=PRODUCT_RELATED_PRODUCT_CATEGORY('23_Brake_Guide_-32',
'23_Brake_Guide_-32',(#16106));
#16067=PRODUCT_RELATED_PRODUCT_CATEGORY('23_Brake_Guide_32',
'23_Brake_Guide_32',(#16107));
#16068=PRODUCT_RELATED_PRODUCT_CATEGORY('24_Lower_Pad_Carrier',
'24_Lower_Pad_Carrier',(#16108));
#16069=PRODUCT_RELATED_PRODUCT_CATEGORY('24B_Upper_Pad_Carrier',
'24B_Upper_Pad_Carrier',(#16109));
#16070=PRODUCT_RELATED_PRODUCT_CATEGORY('25_Shaft_Key','25_Shaft_Key',(#16110));
#16071=PRODUCT_RELATED_PRODUCT_CATEGORY('26_Inner_Race_Spacer',
'26_Inner_Race_Spacer',(#16111));
#16072=PRODUCT_RELATED_PRODUCT_CATEGORY('27_Front_Hub_Shim',
'27_Front_Hub_Shim',(#16112));
#16073=PRODUCT_RELATED_PRODUCT_CATEGORY('28_Clip_Stack_Shim',
'28_Clip_Stack_Shim',(#16113));
#16074=APPLICATION_PROTOCOL_DEFINITION('international standard',
'automotive_design',2009,#16075);
#16075=APPLICATION_CONTEXT(
'Core Data for Automotive Mechanical Design Process');
#16076=PRODUCT_CONTEXT('part definition',#16075,'mechanical');
#16077=PRODUCT('Cubli_OneWheel_Module_RevA',
'Cubli_OneWheel_Module_RevA',$,(#16076));
#16078=PRODUCT('01_Wheel_Rim','01_Wheel_Rim',$,(#16076));
#16079=PRODUCT('02_Wheel_Hub','02_Wheel_Hub',$,(#16076));
#16080=PRODUCT('03_Wheel_Spokes','03_Wheel_Spokes',$,(#16076));
#16081=PRODUCT('04_Wheel_Shaft','04_Wheel_Shaft',$,(#16076));
#16082=PRODUCT('05_Bearing_Housing','05_Bearing_Housing',$,(#16076));
#16083=PRODUCT('06_Motor_Mount','06_Motor_Mount',$,(#16076));
#16084=PRODUCT('07_Brake_Drum','07_Brake_Drum',$,(#16076));
#16085=PRODUCT('08_Brake_Mechanism','08_Brake_Mechanism',$,(#16076));
#16086=PRODUCT('08B_Brake_Pad','08B_Brake_Pad',$,(#16076));
#16087=PRODUCT('09_Brake_Actuator_Bracket','09_Brake_Actuator_Bracket',
$,(#16076));
#16088=PRODUCT('10_Encoder_Mount','10_Encoder_Mount',$,(#16076));
#16089=PRODUCT('11_Module_Frame','11_Module_Frame',$,(#16076));
#16090=PRODUCT('12_Wheel_Guard','12_Wheel_Guard',$,(#16076));
#16091=PRODUCT('13_Torsional_Coupling','13_Torsional_Coupling',$,(#16076));
#16092=PRODUCT('14_Bearing_6000_2Z','14_Bearing_6000_2Z',$,(#16076));
#16093=PRODUCT('14B_Bearing_6000_2Z','14B_Bearing_6000_2Z',$,(#16076));
#16094=PRODUCT('15_Motor_4221G024BXTH','15_Motor_4221G024BXTH',$,(#16076));
#16095=PRODUCT('16_Motor_Rotor_Shaft','16_Motor_Rotor_Shaft',$,(#16076));
#16096=PRODUCT('17_Bearing_Retainer_Rear','17_Bearing_Retainer_Rear',$,
(#16076));
#16097=PRODUCT('17B_Bearing_Retainer_Front',
'17B_Bearing_Retainer_Front',$,(#16076));
#16098=PRODUCT('18_Encoder_Magnet','18_Encoder_Magnet',$,(#16076));
#16099=PRODUCT('19_Encoder_PCB_Interface','19_Encoder_PCB_Interface',$,
(#16076));
#16100=PRODUCT('20_Retaining_Washer','20_Retaining_Washer',$,(#16076));
#16101=PRODUCT('21_Retaining_Clip','21_Retaining_Clip',$,(#16076));
#16102=PRODUCT('22_Spacer_-22_-22','22_Spacer_-22_-22',$,(#16076));
#16103=PRODUCT('22_Spacer_-22_22','22_Spacer_-22_22',$,(#16076));
#16104=PRODUCT('22_Spacer_22_-22','22_Spacer_22_-22',$,(#16076));
#16105=PRODUCT('22_Spacer_22_22','22_Spacer_22_22',$,(#16076));
#16106=PRODUCT('23_Brake_Guide_-32','23_Brake_Guide_-32',$,(#16076));
#16107=PRODUCT('23_Brake_Guide_32','23_Brake_Guide_32',$,(#16076));
#16108=PRODUCT('24_Lower_Pad_Carrier','24_Lower_Pad_Carrier',$,(#16076));
#16109=PRODUCT('24B_Upper_Pad_Carrier','24B_Upper_Pad_Carrier',$,(#16076));
#16110=PRODUCT('25_Shaft_Key','25_Shaft_Key',$,(#16076));
#16111=PRODUCT('26_Inner_Race_Spacer','26_Inner_Race_Spacer',$,(#16076));
#16112=PRODUCT('27_Front_Hub_Shim','27_Front_Hub_Shim',$,(#16076));
#16113=PRODUCT('28_Clip_Stack_Shim','28_Clip_Stack_Shim',$,(#16076));
ENDSEC;
END-ISO-10303-21;
