ISO-10303-21;
HEADER;
/* Generated by software containing ST-Developer
 * from STEP Tools, Inc. (www.steptools.com)
 */

FILE_DESCRIPTION(
/* description */ (''),
/* implementation_level */ '2;1');

FILE_NAME(
/* name */ 'Cubli_clearance_concept.step',
/* time_stamp */ '2026-10-08T14:59:37+09:00',
/* author */ ('Reaction Wheel Pendulum project'),
/* organization */ (''),
/* preprocessor_version */ 'ST-DEVELOPER v20',
/* originating_system */ 'Autodesk Inventor 2025',
/* authorisation */ '');

FILE_SCHEMA (('AUTOMOTIVE_DESIGN { 1 0 10303 214 3 1 1 }'));
ENDSEC;

DATA;
#10=MECHANICAL_DESIGN_GEOMETRIC_PRESENTATION_REPRESENTATION('',(#197,#198,
#199,#200,#201,#202,#203,#204,#205,#206,#207,#208,#209,#210,#211,#212,#213,
#214,#215,#216,#217,#218,#219,#220,#221,#222,#223,#224,#225,#226,#227),
#5276);
#11=ITEM_DEFINED_TRANSFORMATION($,$,#3368,#3588);
#12=ITEM_DEFINED_TRANSFORMATION($,$,#3377,#3589);
#13=ITEM_DEFINED_TRANSFORMATION($,$,#3383,#3590);
#14=ITEM_DEFINED_TRANSFORMATION($,$,#3390,#3591);
#15=ITEM_DEFINED_TRANSFORMATION($,$,#3399,#3592);
#16=ITEM_DEFINED_TRANSFORMATION($,$,#3405,#3593);
#17=ITEM_DEFINED_TRANSFORMATION($,$,#3412,#3594);
#18=ITEM_DEFINED_TRANSFORMATION($,$,#3421,#3595);
#19=ITEM_DEFINED_TRANSFORMATION($,$,#3427,#3596);
#20=ITEM_DEFINED_TRANSFORMATION($,$,#3434,#3597);
#21=ITEM_DEFINED_TRANSFORMATION($,$,#3441,#3598);
#22=ITEM_DEFINED_TRANSFORMATION($,$,#3448,#3599);
#23=ITEM_DEFINED_TRANSFORMATION($,$,#3455,#3600);
#24=ITEM_DEFINED_TRANSFORMATION($,$,#3462,#3601);
#25=ITEM_DEFINED_TRANSFORMATION($,$,#3469,#3602);
#26=ITEM_DEFINED_TRANSFORMATION($,$,#3476,#3603);
#27=ITEM_DEFINED_TRANSFORMATION($,$,#3483,#3604);
#28=ITEM_DEFINED_TRANSFORMATION($,$,#3490,#3605);
#29=ITEM_DEFINED_TRANSFORMATION($,$,#3497,#3606);
#30=ITEM_DEFINED_TRANSFORMATION($,$,#3504,#3607);
#31=ITEM_DEFINED_TRANSFORMATION($,$,#3511,#3608);
#32=ITEM_DEFINED_TRANSFORMATION($,$,#3518,#3609);
#33=ITEM_DEFINED_TRANSFORMATION($,$,#3525,#3610);
#34=ITEM_DEFINED_TRANSFORMATION($,$,#3532,#3611);
#35=ITEM_DEFINED_TRANSFORMATION($,$,#3539,#3612);
#36=ITEM_DEFINED_TRANSFORMATION($,$,#3546,#3613);
#37=ITEM_DEFINED_TRANSFORMATION($,$,#3553,#3614);
#38=ITEM_DEFINED_TRANSFORMATION($,$,#3560,#3615);
#39=ITEM_DEFINED_TRANSFORMATION($,$,#3567,#3616);
#40=ITEM_DEFINED_TRANSFORMATION($,$,#3574,#3617);
#41=ITEM_DEFINED_TRANSFORMATION($,$,#3581,#3618);
#42=(
REPRESENTATION_RELATIONSHIP($,$,#5377,#5376)
REPRESENTATION_RELATIONSHIP_WITH_TRANSFORMATION(#11)
SHAPE_REPRESENTATION_RELATIONSHIP()
);
#43=(
REPRESENTATION_RELATIONSHIP($,$,#5378,#5376)
REPRESENTATION_RELATIONSHIP_WITH_TRANSFORMATION(#12)
SHAPE_REPRESENTATION_RELATIONSHIP()
);
#44=(
REPRESENTATION_RELATIONSHIP($,$,#5379,#5376)
REPRESENTATION_RELATIONSHIP_WITH_TRANSFORMATION(#13)
SHAPE_REPRESENTATION_RELATIONSHIP()
);
#45=(
REPRESENTATION_RELATIONSHIP($,$,#5380,#5376)
REPRESENTATION_RELATIONSHIP_WITH_TRANSFORMATION(#14)
SHAPE_REPRESENTATION_RELATIONSHIP()
);
#46=(
REPRESENTATION_RELATIONSHIP($,$,#5381,#5376)
REPRESENTATION_RELATIONSHIP_WITH_TRANSFORMATION(#15)
SHAPE_REPRESENTATION_RELATIONSHIP()
);
#47=(
REPRESENTATION_RELATIONSHIP($,$,#5382,#5376)
REPRESENTATION_RELATIONSHIP_WITH_TRANSFORMATION(#16)
SHAPE_REPRESENTATION_RELATIONSHIP()
);
#48=(
REPRESENTATION_RELATIONSHIP($,$,#5383,#5376)
REPRESENTATION_RELATIONSHIP_WITH_TRANSFORMATION(#17)
SHAPE_REPRESENTATION_RELATIONSHIP()
);
#49=(
REPRESENTATION_RELATIONSHIP($,$,#5384,#5376)
REPRESENTATION_RELATIONSHIP_WITH_TRANSFORMATION(#18)
SHAPE_REPRESENTATION_RELATIONSHIP()
);
#50=(
REPRESENTATION_RELATIONSHIP($,$,#5385,#5376)
REPRESENTATION_RELATIONSHIP_WITH_TRANSFORMATION(#19)
SHAPE_REPRESENTATION_RELATIONSHIP()
);
#51=(
REPRESENTATION_RELATIONSHIP($,$,#5386,#5376)
REPRESENTATION_RELATIONSHIP_WITH_TRANSFORMATION(#20)
SHAPE_REPRESENTATION_RELATIONSHIP()
);
#52=(
REPRESENTATION_RELATIONSHIP($,$,#5387,#5376)
REPRESENTATION_RELATIONSHIP_WITH_TRANSFORMATION(#21)
SHAPE_REPRESENTATION_RELATIONSHIP()
);
#53=(
REPRESENTATION_RELATIONSHIP($,$,#5388,#5376)
REPRESENTATION_RELATIONSHIP_WITH_TRANSFORMATION(#22)
SHAPE_REPRESENTATION_RELATIONSHIP()
);
#54=(
REPRESENTATION_RELATIONSHIP($,$,#5389,#5376)
REPRESENTATION_RELATIONSHIP_WITH_TRANSFORMATION(#23)
SHAPE_REPRESENTATION_RELATIONSHIP()
);
#55=(
REPRESENTATION_RELATIONSHIP($,$,#5390,#5376)
REPRESENTATION_RELATIONSHIP_WITH_TRANSFORMATION(#24)
SHAPE_REPRESENTATION_RELATIONSHIP()
);
#56=(
REPRESENTATION_RELATIONSHIP($,$,#5391,#5376)
REPRESENTATION_RELATIONSHIP_WITH_TRANSFORMATION(#25)
SHAPE_REPRESENTATION_RELATIONSHIP()
);
#57=(
REPRESENTATION_RELATIONSHIP($,$,#5392,#5376)
REPRESENTATION_RELATIONSHIP_WITH_TRANSFORMATION(#26)
SHAPE_REPRESENTATION_RELATIONSHIP()
);
#58=(
REPRESENTATION_RELATIONSHIP($,$,#5393,#5376)
REPRESENTATION_RELATIONSHIP_WITH_TRANSFORMATION(#27)
SHAPE_REPRESENTATION_RELATIONSHIP()
);
#59=(
REPRESENTATION_RELATIONSHIP($,$,#5394,#5376)
REPRESENTATION_RELATIONSHIP_WITH_TRANSFORMATION(#28)
SHAPE_REPRESENTATION_RELATIONSHIP()
);
#60=(
REPRESENTATION_RELATIONSHIP($,$,#5395,#5376)
REPRESENTATION_RELATIONSHIP_WITH_TRANSFORMATION(#29)
SHAPE_REPRESENTATION_RELATIONSHIP()
);
#61=(
REPRESENTATION_RELATIONSHIP($,$,#5396,#5376)
REPRESENTATION_RELATIONSHIP_WITH_TRANSFORMATION(#30)
SHAPE_REPRESENTATION_RELATIONSHIP()
);
#62=(
REPRESENTATION_RELATIONSHIP($,$,#5397,#5376)
REPRESENTATION_RELATIONSHIP_WITH_TRANSFORMATION(#31)
SHAPE_REPRESENTATION_RELATIONSHIP()
);
#63=(
REPRESENTATION_RELATIONSHIP($,$,#5398,#5376)
REPRESENTATION_RELATIONSHIP_WITH_TRANSFORMATION(#32)
SHAPE_REPRESENTATION_RELATIONSHIP()
);
#64=(
REPRESENTATION_RELATIONSHIP($,$,#5399,#5376)
REPRESENTATION_RELATIONSHIP_WITH_TRANSFORMATION(#33)
SHAPE_REPRESENTATION_RELATIONSHIP()
);
#65=(
REPRESENTATION_RELATIONSHIP($,$,#5400,#5376)
REPRESENTATION_RELATIONSHIP_WITH_TRANSFORMATION(#34)
SHAPE_REPRESENTATION_RELATIONSHIP()
);
#66=(
REPRESENTATION_RELATIONSHIP($,$,#5401,#5376)
REPRESENTATION_RELATIONSHIP_WITH_TRANSFORMATION(#35)
SHAPE_REPRESENTATION_RELATIONSHIP()
);
#67=(
REPRESENTATION_RELATIONSHIP($,$,#5402,#5376)
REPRESENTATION_RELATIONSHIP_WITH_TRANSFORMATION(#36)
SHAPE_REPRESENTATION_RELATIONSHIP()
);
#68=(
REPRESENTATION_RELATIONSHIP($,$,#5403,#5376)
REPRESENTATION_RELATIONSHIP_WITH_TRANSFORMATION(#37)
SHAPE_REPRESENTATION_RELATIONSHIP()
);
#69=(
REPRESENTATION_RELATIONSHIP($,$,#5404,#5376)
REPRESENTATION_RELATIONSHIP_WITH_TRANSFORMATION(#38)
SHAPE_REPRESENTATION_RELATIONSHIP()
);
#70=(
REPRESENTATION_RELATIONSHIP($,$,#5405,#5376)
REPRESENTATION_RELATIONSHIP_WITH_TRANSFORMATION(#39)
SHAPE_REPRESENTATION_RELATIONSHIP()
);
#71=(
REPRESENTATION_RELATIONSHIP($,$,#5406,#5376)
REPRESENTATION_RELATIONSHIP_WITH_TRANSFORMATION(#40)
SHAPE_REPRESENTATION_RELATIONSHIP()
);
#72=(
REPRESENTATION_RELATIONSHIP($,$,#5407,#5376)
REPRESENTATION_RELATIONSHIP_WITH_TRANSFORMATION(#41)
SHAPE_REPRESENTATION_RELATIONSHIP()
);
#73=CONTEXT_DEPENDENT_SHAPE_REPRESENTATION(#42,#5345);
#74=CONTEXT_DEPENDENT_SHAPE_REPRESENTATION(#43,#5346);
#75=CONTEXT_DEPENDENT_SHAPE_REPRESENTATION(#44,#5347);
#76=CONTEXT_DEPENDENT_SHAPE_REPRESENTATION(#45,#5348);
#77=CONTEXT_DEPENDENT_SHAPE_REPRESENTATION(#46,#5349);
#78=CONTEXT_DEPENDENT_SHAPE_REPRESENTATION(#47,#5350);
#79=CONTEXT_DEPENDENT_SHAPE_REPRESENTATION(#48,#5351);
#80=CONTEXT_DEPENDENT_SHAPE_REPRESENTATION(#49,#5352);
#81=CONTEXT_DEPENDENT_SHAPE_REPRESENTATION(#50,#5353);
#82=CONTEXT_DEPENDENT_SHAPE_REPRESENTATION(#51,#5354);
#83=CONTEXT_DEPENDENT_SHAPE_REPRESENTATION(#52,#5355);
#84=CONTEXT_DEPENDENT_SHAPE_REPRESENTATION(#53,#5356);
#85=CONTEXT_DEPENDENT_SHAPE_REPRESENTATION(#54,#5357);
#86=CONTEXT_DEPENDENT_SHAPE_REPRESENTATION(#55,#5358);
#87=CONTEXT_DEPENDENT_SHAPE_REPRESENTATION(#56,#5359);
#88=CONTEXT_DEPENDENT_SHAPE_REPRESENTATION(#57,#5360);
#89=CONTEXT_DEPENDENT_SHAPE_REPRESENTATION(#58,#5361);
#90=CONTEXT_DEPENDENT_SHAPE_REPRESENTATION(#59,#5362);
#91=CONTEXT_DEPENDENT_SHAPE_REPRESENTATION(#60,#5363);
#92=CONTEXT_DEPENDENT_SHAPE_REPRESENTATION(#61,#5364);
#93=CONTEXT_DEPENDENT_SHAPE_REPRESENTATION(#62,#5365);
#94=CONTEXT_DEPENDENT_SHAPE_REPRESENTATION(#63,#5366);
#95=CONTEXT_DEPENDENT_SHAPE_REPRESENTATION(#64,#5367);
#96=CONTEXT_DEPENDENT_SHAPE_REPRESENTATION(#65,#5368);
#97=CONTEXT_DEPENDENT_SHAPE_REPRESENTATION(#66,#5369);
#98=CONTEXT_DEPENDENT_SHAPE_REPRESENTATION(#67,#5370);
#99=CONTEXT_DEPENDENT_SHAPE_REPRESENTATION(#68,#5371);
#100=CONTEXT_DEPENDENT_SHAPE_REPRESENTATION(#69,#5372);
#101=CONTEXT_DEPENDENT_SHAPE_REPRESENTATION(#70,#5373);
#102=CONTEXT_DEPENDENT_SHAPE_REPRESENTATION(#71,#5374);
#103=CONTEXT_DEPENDENT_SHAPE_REPRESENTATION(#72,#5375);
#104=NEXT_ASSEMBLY_USAGE_OCCURRENCE('wheel_0:1','wheel_0:1','wheel_0:1',
#5409,#5410,'wheel_0:1');
#105=NEXT_ASSEMBLY_USAGE_OCCURRENCE('GB54_envelope_0:1',
'GB54_envelope_0:1','GB54_envelope_0:1',#5409,#5411,'GB54_envelope_0:1');
#106=NEXT_ASSEMBLY_USAGE_OCCURRENCE('Micro_envelope_0:1',
'Micro_envelope_0:1','Micro_envelope_0:1',#5409,#5412,
'Micro_envelope_0:1');
#107=NEXT_ASSEMBLY_USAGE_OCCURRENCE('wheel_1:1','wheel_1:1','wheel_1:1',
#5409,#5413,'wheel_1:1');
#108=NEXT_ASSEMBLY_USAGE_OCCURRENCE('GB54_envelope_1:1',
'GB54_envelope_1:1','GB54_envelope_1:1',#5409,#5414,'GB54_envelope_1:1');
#109=NEXT_ASSEMBLY_USAGE_OCCURRENCE('Micro_envelope_1:1',
'Micro_envelope_1:1','Micro_envelope_1:1',#5409,#5415,
'Micro_envelope_1:1');
#110=NEXT_ASSEMBLY_USAGE_OCCURRENCE('wheel_2:1','wheel_2:1','wheel_2:1',
#5409,#5416,'wheel_2:1');
#111=NEXT_ASSEMBLY_USAGE_OCCURRENCE('GB54_envelope_2:1',
'GB54_envelope_2:1','GB54_envelope_2:1',#5409,#5417,'GB54_envelope_2:1');
#112=NEXT_ASSEMBLY_USAGE_OCCURRENCE('Micro_envelope_2:1',
'Micro_envelope_2:1','Micro_envelope_2:1',#5409,#5418,
'Micro_envelope_2:1');
#113=NEXT_ASSEMBLY_USAGE_OCCURRENCE('frame_9:1','frame_9:1','frame_9:1',
#5409,#5419,'frame_9:1');
#114=NEXT_ASSEMBLY_USAGE_OCCURRENCE('frame_10:1','frame_10:1',
'frame_10:1',#5409,#5420,'frame_10:1');
#115=NEXT_ASSEMBLY_USAGE_OCCURRENCE('frame_11:1','frame_11:1',
'frame_11:1',#5409,#5421,'frame_11:1');
#116=NEXT_ASSEMBLY_USAGE_OCCURRENCE('frame_12:1','frame_12:1',
'frame_12:1',#5409,#5422,'frame_12:1');
#117=NEXT_ASSEMBLY_USAGE_OCCURRENCE('frame_13:1','frame_13:1',
'frame_13:1',#5409,#5423,'frame_13:1');
#118=NEXT_ASSEMBLY_USAGE_OCCURRENCE('frame_14:1','frame_14:1',
'frame_14:1',#5409,#5424,'frame_14:1');
#119=NEXT_ASSEMBLY_USAGE_OCCURRENCE('frame_15:1','frame_15:1',
'frame_15:1',#5409,#5425,'frame_15:1');
#120=NEXT_ASSEMBLY_USAGE_OCCURRENCE('frame_16:1','frame_16:1',
'frame_16:1',#5409,#5426,'frame_16:1');
#121=NEXT_ASSEMBLY_USAGE_OCCURRENCE('frame_17:1','frame_17:1',
'frame_17:1',#5409,#5427,'frame_17:1');
#122=NEXT_ASSEMBLY_USAGE_OCCURRENCE('frame_18:1','frame_18:1',
'frame_18:1',#5409,#5428,'frame_18:1');
#123=NEXT_ASSEMBLY_USAGE_OCCURRENCE('frame_19:1','frame_19:1',
'frame_19:1',#5409,#5429,'frame_19:1');
#124=NEXT_ASSEMBLY_USAGE_OCCURRENCE('frame_20:1','frame_20:1',
'frame_20:1',#5409,#5430,'frame_20:1');
#125=NEXT_ASSEMBLY_USAGE_OCCURRENCE('corner_21:1','corner_21:1',
'corner_21:1',#5409,#5431,'corner_21:1');
#126=NEXT_ASSEMBLY_USAGE_OCCURRENCE('corner_22:1','corner_22:1',
'corner_22:1',#5409,#5432,'corner_22:1');
#127=NEXT_ASSEMBLY_USAGE_OCCURRENCE('corner_23:1','corner_23:1',
'corner_23:1',#5409,#5433,'corner_23:1');
#128=NEXT_ASSEMBLY_USAGE_OCCURRENCE('corner_24:1','corner_24:1',
'corner_24:1',#5409,#5434,'corner_24:1');
#129=NEXT_ASSEMBLY_USAGE_OCCURRENCE('corner_25:1','corner_25:1',
'corner_25:1',#5409,#5435,'corner_25:1');
#130=NEXT_ASSEMBLY_USAGE_OCCURRENCE('corner_26:1','corner_26:1',
'corner_26:1',#5409,#5436,'corner_26:1');
#131=NEXT_ASSEMBLY_USAGE_OCCURRENCE('corner_27:1','corner_27:1',
'corner_27:1',#5409,#5437,'corner_27:1');
#132=NEXT_ASSEMBLY_USAGE_OCCURRENCE('corner_28:1','corner_28:1',
'corner_28:1',#5409,#5438,'corner_28:1');
#133=NEXT_ASSEMBLY_USAGE_OCCURRENCE('controller_clearance:1',
'controller_clearance:1','controller_clearance:1',#5409,#5439,
'controller_clearance:1');
#134=NEXT_ASSEMBLY_USAGE_OCCURRENCE('battery_clearance:1',
'battery_clearance:1','battery_clearance:1',#5409,#5440,
'battery_clearance:1');
#135=SHAPE_REPRESENTATION_RELATIONSHIP('SRR','None',#5377,#166);
#136=SHAPE_REPRESENTATION_RELATIONSHIP('SRR','None',#5378,#167);
#137=SHAPE_REPRESENTATION_RELATIONSHIP('SRR','None',#5379,#168);
#138=SHAPE_REPRESENTATION_RELATIONSHIP('SRR','None',#5380,#169);
#139=SHAPE_REPRESENTATION_RELATIONSHIP('SRR','None',#5381,#170);
#140=SHAPE_REPRESENTATION_RELATIONSHIP('SRR','None',#5382,#171);
#141=SHAPE_REPRESENTATION_RELATIONSHIP('SRR','None',#5383,#172);
#142=SHAPE_REPRESENTATION_RELATIONSHIP('SRR','None',#5384,#173);
#143=SHAPE_REPRESENTATION_RELATIONSHIP('SRR','None',#5385,#174);
#144=SHAPE_REPRESENTATION_RELATIONSHIP('SRR','None',#5386,#175);
#145=SHAPE_REPRESENTATION_RELATIONSHIP('SRR','None',#5387,#176);
#146=SHAPE_REPRESENTATION_RELATIONSHIP('SRR','None',#5388,#177);
#147=SHAPE_REPRESENTATION_RELATIONSHIP('SRR','None',#5389,#178);
#148=SHAPE_REPRESENTATION_RELATIONSHIP('SRR','None',#5390,#179);
#149=SHAPE_REPRESENTATION_RELATIONSHIP('SRR','None',#5391,#180);
#150=SHAPE_REPRESENTATION_RELATIONSHIP('SRR','None',#5392,#181);
#151=SHAPE_REPRESENTATION_RELATIONSHIP('SRR','None',#5393,#182);
#152=SHAPE_REPRESENTATION_RELATIONSHIP('SRR','None',#5394,#183);
#153=SHAPE_REPRESENTATION_RELATIONSHIP('SRR','None',#5395,#184);
#154=SHAPE_REPRESENTATION_RELATIONSHIP('SRR','None',#5396,#185);
#155=SHAPE_REPRESENTATION_RELATIONSHIP('SRR','None',#5397,#186);
#156=SHAPE_REPRESENTATION_RELATIONSHIP('SRR','None',#5398,#187);
#157=SHAPE_REPRESENTATION_RELATIONSHIP('SRR','None',#5399,#188);
#158=SHAPE_REPRESENTATION_RELATIONSHIP('SRR','None',#5400,#189);
#159=SHAPE_REPRESENTATION_RELATIONSHIP('SRR','None',#5401,#190);
#160=SHAPE_REPRESENTATION_RELATIONSHIP('SRR','None',#5402,#191);
#161=SHAPE_REPRESENTATION_RELATIONSHIP('SRR','None',#5403,#192);
#162=SHAPE_REPRESENTATION_RELATIONSHIP('SRR','None',#5404,#193);
#163=SHAPE_REPRESENTATION_RELATIONSHIP('SRR','None',#5405,#194);
#164=SHAPE_REPRESENTATION_RELATIONSHIP('SRR','None',#5406,#195);
#165=SHAPE_REPRESENTATION_RELATIONSHIP('SRR','None',#5407,#196);
#166=ADVANCED_BREP_SHAPE_REPRESENTATION('',(#228),#5245);
#167=ADVANCED_BREP_SHAPE_REPRESENTATION('',(#229),#5246);
#168=ADVANCED_BREP_SHAPE_REPRESENTATION('',(#230),#5247);
#169=ADVANCED_BREP_SHAPE_REPRESENTATION('',(#231),#5248);
#170=ADVANCED_BREP_SHAPE_REPRESENTATION('',(#232),#5249);
#171=ADVANCED_BREP_SHAPE_REPRESENTATION('',(#233),#5250);
#172=ADVANCED_BREP_SHAPE_REPRESENTATION('',(#234),#5251);
#173=ADVANCED_BREP_SHAPE_REPRESENTATION('',(#235),#5252);
#174=ADVANCED_BREP_SHAPE_REPRESENTATION('',(#236),#5253);
#175=ADVANCED_BREP_SHAPE_REPRESENTATION('',(#237),#5254);
#176=ADVANCED_BREP_SHAPE_REPRESENTATION('',(#238),#5255);
#177=ADVANCED_BREP_SHAPE_REPRESENTATION('',(#239),#5256);
#178=ADVANCED_BREP_SHAPE_REPRESENTATION('',(#240),#5257);
#179=ADVANCED_BREP_SHAPE_REPRESENTATION('',(#241),#5258);
#180=ADVANCED_BREP_SHAPE_REPRESENTATION('',(#242),#5259);
#181=ADVANCED_BREP_SHAPE_REPRESENTATION('',(#243),#5260);
#182=ADVANCED_BREP_SHAPE_REPRESENTATION('',(#244),#5261);
#183=ADVANCED_BREP_SHAPE_REPRESENTATION('',(#245),#5262);
#184=ADVANCED_BREP_SHAPE_REPRESENTATION('',(#246),#5263);
#185=ADVANCED_BREP_SHAPE_REPRESENTATION('',(#247),#5264);
#186=ADVANCED_BREP_SHAPE_REPRESENTATION('',(#248),#5265);
#187=ADVANCED_BREP_SHAPE_REPRESENTATION('',(#249),#5266);
#188=ADVANCED_BREP_SHAPE_REPRESENTATION('',(#250),#5267);
#189=ADVANCED_BREP_SHAPE_REPRESENTATION('',(#251),#5268);
#190=ADVANCED_BREP_SHAPE_REPRESENTATION('',(#252),#5269);
#191=ADVANCED_BREP_SHAPE_REPRESENTATION('',(#253),#5270);
#192=ADVANCED_BREP_SHAPE_REPRESENTATION('',(#254),#5271);
#193=ADVANCED_BREP_SHAPE_REPRESENTATION('',(#255),#5272);
#194=ADVANCED_BREP_SHAPE_REPRESENTATION('',(#256),#5273);
#195=ADVANCED_BREP_SHAPE_REPRESENTATION('',(#257),#5274);
#196=ADVANCED_BREP_SHAPE_REPRESENTATION('',(#258),#5275);
#197=STYLED_ITEM('',(#3166),#228);
#198=STYLED_ITEM('',(#3166),#229);
#199=STYLED_ITEM('',(#3166),#230);
#200=STYLED_ITEM('',(#3166),#231);
#201=STYLED_ITEM('',(#3166),#232);
#202=STYLED_ITEM('',(#3166),#233);
#203=STYLED_ITEM('',(#3166),#234);
#204=STYLED_ITEM('',(#3166),#235);
#205=STYLED_ITEM('',(#3166),#236);
#206=STYLED_ITEM('',(#3166),#237);
#207=STYLED_ITEM('',(#3166),#238);
#208=STYLED_ITEM('',(#3166),#239);
#209=STYLED_ITEM('',(#3166),#240);
#210=STYLED_ITEM('',(#3166),#241);
#211=STYLED_ITEM('',(#3166),#242);
#212=STYLED_ITEM('',(#3166),#243);
#213=STYLED_ITEM('',(#3166),#244);
#214=STYLED_ITEM('',(#3166),#245);
#215=STYLED_ITEM('',(#3166),#246);
#216=STYLED_ITEM('',(#3166),#247);
#217=STYLED_ITEM('',(#3166),#248);
#218=STYLED_ITEM('',(#3166),#249);
#219=STYLED_ITEM('',(#3166),#250);
#220=STYLED_ITEM('',(#3166),#251);
#221=STYLED_ITEM('',(#3166),#252);
#222=STYLED_ITEM('',(#3166),#253);
#223=STYLED_ITEM('',(#3166),#254);
#224=STYLED_ITEM('',(#3166),#255);
#225=STYLED_ITEM('',(#3166),#256);
#226=STYLED_ITEM('',(#3166),#257);
#227=STYLED_ITEM('',(#3166),#258);
#228=MANIFOLD_SOLID_BREP('\X2\30BD30EA30C330C9\X0\1',#2790);
#229=MANIFOLD_SOLID_BREP('\X2\30BD30EA30C330C9\X0\1',#2791);
#230=MANIFOLD_SOLID_BREP('\X2\30BD30EA30C330C9\X0\1',#2792);
#231=MANIFOLD_SOLID_BREP('\X2\30BD30EA30C330C9\X0\1',#2793);
#232=MANIFOLD_SOLID_BREP('\X2\30BD30EA30C330C9\X0\1',#2794);
#233=MANIFOLD_SOLID_BREP('\X2\30BD30EA30C330C9\X0\1',#2795);
#234=MANIFOLD_SOLID_BREP('\X2\30BD30EA30C330C9\X0\1',#2796);
#235=MANIFOLD_SOLID_BREP('\X2\30BD30EA30C330C9\X0\1',#2797);
#236=MANIFOLD_SOLID_BREP('\X2\30BD30EA30C330C9\X0\1',#2798);
#237=MANIFOLD_SOLID_BREP('\X2\30BD30EA30C330C9\X0\1',#2799);
#238=MANIFOLD_SOLID_BREP('\X2\30BD30EA30C330C9\X0\1',#2800);
#239=MANIFOLD_SOLID_BREP('\X2\30BD30EA30C330C9\X0\1',#2801);
#240=MANIFOLD_SOLID_BREP('\X2\30BD30EA30C330C9\X0\1',#2802);
#241=MANIFOLD_SOLID_BREP('\X2\30BD30EA30C330C9\X0\1',#2803);
#242=MANIFOLD_SOLID_BREP('\X2\30BD30EA30C330C9\X0\1',#2804);
#243=MANIFOLD_SOLID_BREP('\X2\30BD30EA30C330C9\X0\1',#2805);
#244=MANIFOLD_SOLID_BREP('\X2\30BD30EA30C330C9\X0\1',#2806);
#245=MANIFOLD_SOLID_BREP('\X2\30BD30EA30C330C9\X0\1',#2807);
#246=MANIFOLD_SOLID_BREP('\X2\30BD30EA30C330C9\X0\1',#2808);
#247=MANIFOLD_SOLID_BREP('\X2\30BD30EA30C330C9\X0\1',#2809);
#248=MANIFOLD_SOLID_BREP('\X2\30BD30EA30C330C9\X0\1',#2810);
#249=MANIFOLD_SOLID_BREP('\X2\30BD30EA30C330C9\X0\1',#2811);
#250=MANIFOLD_SOLID_BREP('\X2\30BD30EA30C330C9\X0\1',#2812);
#251=MANIFOLD_SOLID_BREP('\X2\30BD30EA30C330C9\X0\1',#2813);
#252=MANIFOLD_SOLID_BREP('\X2\30BD30EA30C330C9\X0\1',#2814);
#253=MANIFOLD_SOLID_BREP('\X2\30BD30EA30C330C9\X0\1',#2815);
#254=MANIFOLD_SOLID_BREP('\X2\30BD30EA30C330C9\X0\1',#2816);
#255=MANIFOLD_SOLID_BREP('\X2\30BD30EA30C330C9\X0\1',#2817);
#256=MANIFOLD_SOLID_BREP('\X2\30BD30EA30C330C9\X0\1',#2818);
#257=MANIFOLD_SOLID_BREP('\X2\30BD30EA30C330C9\X0\1',#2819);
#258=MANIFOLD_SOLID_BREP('\X2\30BD30EA30C330C9\X0\1',#2820);
#259=FACE_BOUND('',#601,.T.);
#260=FACE_BOUND('',#603,.T.);
#261=FACE_BOUND('',#616,.T.);
#262=FACE_BOUND('',#618,.T.);
#263=FACE_BOUND('',#631,.T.);
#264=FACE_BOUND('',#633,.T.);
#265=PLANE('',#3375);
#266=PLANE('',#3376);
#267=PLANE('',#3381);
#268=PLANE('',#3382);
#269=PLANE('',#3384);
#270=PLANE('',#3385);
#271=PLANE('',#3386);
#272=PLANE('',#3387);
#273=PLANE('',#3388);
#274=PLANE('',#3389);
#275=PLANE('',#3397);
#276=PLANE('',#3398);
#277=PLANE('',#3403);
#278=PLANE('',#3404);
#279=PLANE('',#3406);
#280=PLANE('',#3407);
#281=PLANE('',#3408);
#282=PLANE('',#3409);
#283=PLANE('',#3410);
#284=PLANE('',#3411);
#285=PLANE('',#3419);
#286=PLANE('',#3420);
#287=PLANE('',#3425);
#288=PLANE('',#3426);
#289=PLANE('',#3428);
#290=PLANE('',#3429);
#291=PLANE('',#3430);
#292=PLANE('',#3431);
#293=PLANE('',#3432);
#294=PLANE('',#3433);
#295=PLANE('',#3435);
#296=PLANE('',#3436);
#297=PLANE('',#3437);
#298=PLANE('',#3438);
#299=PLANE('',#3439);
#300=PLANE('',#3440);
#301=PLANE('',#3442);
#302=PLANE('',#3443);
#303=PLANE('',#3444);
#304=PLANE('',#3445);
#305=PLANE('',#3446);
#306=PLANE('',#3447);
#307=PLANE('',#3449);
#308=PLANE('',#3450);
#309=PLANE('',#3451);
#310=PLANE('',#3452);
#311=PLANE('',#3453);
#312=PLANE('',#3454);
#313=PLANE('',#3456);
#314=PLANE('',#3457);
#315=PLANE('',#3458);
#316=PLANE('',#3459);
#317=PLANE('',#3460);
#318=PLANE('',#3461);
#319=PLANE('',#3463);
#320=PLANE('',#3464);
#321=PLANE('',#3465);
#322=PLANE('',#3466);
#323=PLANE('',#3467);
#324=PLANE('',#3468);
#325=PLANE('',#3470);
#326=PLANE('',#3471);
#327=PLANE('',#3472);
#328=PLANE('',#3473);
#329=PLANE('',#3474);
#330=PLANE('',#3475);
#331=PLANE('',#3477);
#332=PLANE('',#3478);
#333=PLANE('',#3479);
#334=PLANE('',#3480);
#335=PLANE('',#3481);
#336=PLANE('',#3482);
#337=PLANE('',#3484);
#338=PLANE('',#3485);
#339=PLANE('',#3486);
#340=PLANE('',#3487);
#341=PLANE('',#3488);
#342=PLANE('',#3489);
#343=PLANE('',#3491);
#344=PLANE('',#3492);
#345=PLANE('',#3493);
#346=PLANE('',#3494);
#347=PLANE('',#3495);
#348=PLANE('',#3496);
#349=PLANE('',#3498);
#350=PLANE('',#3499);
#351=PLANE('',#3500);
#352=PLANE('',#3501);
#353=PLANE('',#3502);
#354=PLANE('',#3503);
#355=PLANE('',#3505);
#356=PLANE('',#3506);
#357=PLANE('',#3507);
#358=PLANE('',#3508);
#359=PLANE('',#3509);
#360=PLANE('',#3510);
#361=PLANE('',#3512);
#362=PLANE('',#3513);
#363=PLANE('',#3514);
#364=PLANE('',#3515);
#365=PLANE('',#3516);
#366=PLANE('',#3517);
#367=PLANE('',#3519);
#368=PLANE('',#3520);
#369=PLANE('',#3521);
#370=PLANE('',#3522);
#371=PLANE('',#3523);
#372=PLANE('',#3524);
#373=PLANE('',#3526);
#374=PLANE('',#3527);
#375=PLANE('',#3528);
#376=PLANE('',#3529);
#377=PLANE('',#3530);
#378=PLANE('',#3531);
#379=PLANE('',#3533);
#380=PLANE('',#3534);
#381=PLANE('',#3535);
#382=PLANE('',#3536);
#383=PLANE('',#3537);
#384=PLANE('',#3538);
#385=PLANE('',#3540);
#386=PLANE('',#3541);
#387=PLANE('',#3542);
#388=PLANE('',#3543);
#389=PLANE('',#3544);
#390=PLANE('',#3545);
#391=PLANE('',#3547);
#392=PLANE('',#3548);
#393=PLANE('',#3549);
#394=PLANE('',#3550);
#395=PLANE('',#3551);
#396=PLANE('',#3552);
#397=PLANE('',#3554);
#398=PLANE('',#3555);
#399=PLANE('',#3556);
#400=PLANE('',#3557);
#401=PLANE('',#3558);
#402=PLANE('',#3559);
#403=PLANE('',#3561);
#404=PLANE('',#3562);
#405=PLANE('',#3563);
#406=PLANE('',#3564);
#407=PLANE('',#3565);
#408=PLANE('',#3566);
#409=PLANE('',#3568);
#410=PLANE('',#3569);
#411=PLANE('',#3570);
#412=PLANE('',#3571);
#413=PLANE('',#3572);
#414=PLANE('',#3573);
#415=PLANE('',#3575);
#416=PLANE('',#3576);
#417=PLANE('',#3577);
#418=PLANE('',#3578);
#419=PLANE('',#3579);
#420=PLANE('',#3580);
#421=PLANE('',#3582);
#422=PLANE('',#3583);
#423=PLANE('',#3584);
#424=PLANE('',#3585);
#425=PLANE('',#3586);
#426=PLANE('',#3587);
#427=FACE_OUTER_BOUND('',#598,.T.);
#428=FACE_OUTER_BOUND('',#599,.T.);
#429=FACE_OUTER_BOUND('',#600,.T.);
#430=FACE_OUTER_BOUND('',#602,.T.);
#431=FACE_OUTER_BOUND('',#604,.T.);
#432=FACE_OUTER_BOUND('',#605,.T.);
#433=FACE_OUTER_BOUND('',#606,.T.);
#434=FACE_OUTER_BOUND('',#607,.T.);
#435=FACE_OUTER_BOUND('',#608,.T.);
#436=FACE_OUTER_BOUND('',#609,.T.);
#437=FACE_OUTER_BOUND('',#610,.T.);
#438=FACE_OUTER_BOUND('',#611,.T.);
#439=FACE_OUTER_BOUND('',#612,.T.);
#440=FACE_OUTER_BOUND('',#613,.T.);
#441=FACE_OUTER_BOUND('',#614,.T.);
#442=FACE_OUTER_BOUND('',#615,.T.);
#443=FACE_OUTER_BOUND('',#617,.T.);
#444=FACE_OUTER_BOUND('',#619,.T.);
#445=FACE_OUTER_BOUND('',#620,.T.);
#446=FACE_OUTER_BOUND('',#621,.T.);
#447=FACE_OUTER_BOUND('',#622,.T.);
#448=FACE_OUTER_BOUND('',#623,.T.);
#449=FACE_OUTER_BOUND('',#624,.T.);
#450=FACE_OUTER_BOUND('',#625,.T.);
#451=FACE_OUTER_BOUND('',#626,.T.);
#452=FACE_OUTER_BOUND('',#627,.T.);
#453=FACE_OUTER_BOUND('',#628,.T.);
#454=FACE_OUTER_BOUND('',#629,.T.);
#455=FACE_OUTER_BOUND('',#630,.T.);
#456=FACE_OUTER_BOUND('',#632,.T.);
#457=FACE_OUTER_BOUND('',#634,.T.);
#458=FACE_OUTER_BOUND('',#635,.T.);
#459=FACE_OUTER_BOUND('',#636,.T.);
#460=FACE_OUTER_BOUND('',#637,.T.);
#461=FACE_OUTER_BOUND('',#638,.T.);
#462=FACE_OUTER_BOUND('',#639,.T.);
#463=FACE_OUTER_BOUND('',#640,.T.);
#464=FACE_OUTER_BOUND('',#641,.T.);
#465=FACE_OUTER_BOUND('',#642,.T.);
#466=FACE_OUTER_BOUND('',#643,.T.);
#467=FACE_OUTER_BOUND('',#644,.T.);
#468=FACE_OUTER_BOUND('',#645,.T.);
#469=FACE_OUTER_BOUND('',#646,.T.);
#470=FACE_OUTER_BOUND('',#647,.T.);
#471=FACE_OUTER_BOUND('',#648,.T.);
#472=FACE_OUTER_BOUND('',#649,.T.);
#473=FACE_OUTER_BOUND('',#650,.T.);
#474=FACE_OUTER_BOUND('',#651,.T.);
#475=FACE_OUTER_BOUND('',#652,.T.);
#476=FACE_OUTER_BOUND('',#653,.T.);
#477=FACE_OUTER_BOUND('',#654,.T.);
#478=FACE_OUTER_BOUND('',#655,.T.);
#479=FACE_OUTER_BOUND('',#656,.T.);
#480=FACE_OUTER_BOUND('',#657,.T.);
#481=FACE_OUTER_BOUND('',#658,.T.);
#482=FACE_OUTER_BOUND('',#659,.T.);
#483=FACE_OUTER_BOUND('',#660,.T.);
#484=FACE_OUTER_BOUND('',#661,.T.);
#485=FACE_OUTER_BOUND('',#662,.T.);
#486=FACE_OUTER_BOUND('',#663,.T.);
#487=FACE_OUTER_BOUND('',#664,.T.);
#488=FACE_OUTER_BOUND('',#665,.T.);
#489=FACE_OUTER_BOUND('',#666,.T.);
#490=FACE_OUTER_BOUND('',#667,.T.);
#491=FACE_OUTER_BOUND('',#668,.T.);
#492=FACE_OUTER_BOUND('',#669,.T.);
#493=FACE_OUTER_BOUND('',#670,.T.);
#494=FACE_OUTER_BOUND('',#671,.T.);
#495=FACE_OUTER_BOUND('',#672,.T.);
#496=FACE_OUTER_BOUND('',#673,.T.);
#497=FACE_OUTER_BOUND('',#674,.T.);
#498=FACE_OUTER_BOUND('',#675,.T.);
#499=FACE_OUTER_BOUND('',#676,.T.);
#500=FACE_OUTER_BOUND('',#677,.T.);
#501=FACE_OUTER_BOUND('',#678,.T.);
#502=FACE_OUTER_BOUND('',#679,.T.);
#503=FACE_OUTER_BOUND('',#680,.T.);
#504=FACE_OUTER_BOUND('',#681,.T.);
#505=FACE_OUTER_BOUND('',#682,.T.);
#506=FACE_OUTER_BOUND('',#683,.T.);
#507=FACE_OUTER_BOUND('',#684,.T.);
#508=FACE_OUTER_BOUND('',#685,.T.);
#509=FACE_OUTER_BOUND('',#686,.T.);
#510=FACE_OUTER_BOUND('',#687,.T.);
#511=FACE_OUTER_BOUND('',#688,.T.);
#512=FACE_OUTER_BOUND('',#689,.T.);
#513=FACE_OUTER_BOUND('',#690,.T.);
#514=FACE_OUTER_BOUND('',#691,.T.);
#515=FACE_OUTER_BOUND('',#692,.T.);
#516=FACE_OUTER_BOUND('',#693,.T.);
#517=FACE_OUTER_BOUND('',#694,.T.);
#518=FACE_OUTER_BOUND('',#695,.T.);
#519=FACE_OUTER_BOUND('',#696,.T.);
#520=FACE_OUTER_BOUND('',#697,.T.);
#521=FACE_OUTER_BOUND('',#698,.T.);
#522=FACE_OUTER_BOUND('',#699,.T.);
#523=FACE_OUTER_BOUND('',#700,.T.);
#524=FACE_OUTER_BOUND('',#701,.T.);
#525=FACE_OUTER_BOUND('',#702,.T.);
#526=FACE_OUTER_BOUND('',#703,.T.);
#527=FACE_OUTER_BOUND('',#704,.T.);
#528=FACE_OUTER_BOUND('',#705,.T.);
#529=FACE_OUTER_BOUND('',#706,.T.);
#530=FACE_OUTER_BOUND('',#707,.T.);
#531=FACE_OUTER_BOUND('',#708,.T.);
#532=FACE_OUTER_BOUND('',#709,.T.);
#533=FACE_OUTER_BOUND('',#710,.T.);
#534=FACE_OUTER_BOUND('',#711,.T.);
#535=FACE_OUTER_BOUND('',#712,.T.);
#536=FACE_OUTER_BOUND('',#713,.T.);
#537=FACE_OUTER_BOUND('',#714,.T.);
#538=FACE_OUTER_BOUND('',#715,.T.);
#539=FACE_OUTER_BOUND('',#716,.T.);
#540=FACE_OUTER_BOUND('',#717,.T.);
#541=FACE_OUTER_BOUND('',#718,.T.);
#542=FACE_OUTER_BOUND('',#719,.T.);
#543=FACE_OUTER_BOUND('',#720,.T.);
#544=FACE_OUTER_BOUND('',#721,.T.);
#545=FACE_OUTER_BOUND('',#722,.T.);
#546=FACE_OUTER_BOUND('',#723,.T.);
#547=FACE_OUTER_BOUND('',#724,.T.);
#548=FACE_OUTER_BOUND('',#725,.T.);
#549=FACE_OUTER_BOUND('',#726,.T.);
#550=FACE_OUTER_BOUND('',#727,.T.);
#551=FACE_OUTER_BOUND('',#728,.T.);
#552=FACE_OUTER_BOUND('',#729,.T.);
#553=FACE_OUTER_BOUND('',#730,.T.);
#554=FACE_OUTER_BOUND('',#731,.T.);
#555=FACE_OUTER_BOUND('',#732,.T.);
#556=FACE_OUTER_BOUND('',#733,.T.);
#557=FACE_OUTER_BOUND('',#734,.T.);
#558=FACE_OUTER_BOUND('',#735,.T.);
#559=FACE_OUTER_BOUND('',#736,.T.);
#560=FACE_OUTER_BOUND('',#737,.T.);
#561=FACE_OUTER_BOUND('',#738,.T.);
#562=FACE_OUTER_BOUND('',#739,.T.);
#563=FACE_OUTER_BOUND('',#740,.T.);
#564=FACE_OUTER_BOUND('',#741,.T.);
#565=FACE_OUTER_BOUND('',#742,.T.);
#566=FACE_OUTER_BOUND('',#743,.T.);
#567=FACE_OUTER_BOUND('',#744,.T.);
#568=FACE_OUTER_BOUND('',#745,.T.);
#569=FACE_OUTER_BOUND('',#746,.T.);
#570=FACE_OUTER_BOUND('',#747,.T.);
#571=FACE_OUTER_BOUND('',#748,.T.);
#572=FACE_OUTER_BOUND('',#749,.T.);
#573=FACE_OUTER_BOUND('',#750,.T.);
#574=FACE_OUTER_BOUND('',#751,.T.);
#575=FACE_OUTER_BOUND('',#752,.T.);
#576=FACE_OUTER_BOUND('',#753,.T.);
#577=FACE_OUTER_BOUND('',#754,.T.);
#578=FACE_OUTER_BOUND('',#755,.T.);
#579=FACE_OUTER_BOUND('',#756,.T.);
#580=FACE_OUTER_BOUND('',#757,.T.);
#581=FACE_OUTER_BOUND('',#758,.T.);
#582=FACE_OUTER_BOUND('',#759,.T.);
#583=FACE_OUTER_BOUND('',#760,.T.);
#584=FACE_OUTER_BOUND('',#761,.T.);
#585=FACE_OUTER_BOUND('',#762,.T.);
#586=FACE_OUTER_BOUND('',#763,.T.);
#587=FACE_OUTER_BOUND('',#764,.T.);
#588=FACE_OUTER_BOUND('',#765,.T.);
#589=FACE_OUTER_BOUND('',#766,.T.);
#590=FACE_OUTER_BOUND('',#767,.T.);
#591=FACE_OUTER_BOUND('',#768,.T.);
#592=FACE_OUTER_BOUND('',#769,.T.);
#593=FACE_OUTER_BOUND('',#770,.T.);
#594=FACE_OUTER_BOUND('',#771,.T.);
#595=FACE_OUTER_BOUND('',#772,.T.);
#596=FACE_OUTER_BOUND('',#773,.T.);
#597=FACE_OUTER_BOUND('',#774,.T.);
#598=EDGE_LOOP('',(#1956,#1957,#1958,#1959));
#599=EDGE_LOOP('',(#1960,#1961,#1962,#1963));
#600=EDGE_LOOP('',(#1964));
#601=EDGE_LOOP('',(#1965));
#602=EDGE_LOOP('',(#1966));
#603=EDGE_LOOP('',(#1967));
#604=EDGE_LOOP('',(#1968,#1969,#1970,#1971));
#605=EDGE_LOOP('',(#1972));
#606=EDGE_LOOP('',(#1973));
#607=EDGE_LOOP('',(#1974,#1975,#1976,#1977));
#608=EDGE_LOOP('',(#1978,#1979,#1980,#1981));
#609=EDGE_LOOP('',(#1982,#1983,#1984,#1985));
#610=EDGE_LOOP('',(#1986,#1987,#1988,#1989));
#611=EDGE_LOOP('',(#1990,#1991,#1992,#1993));
#612=EDGE_LOOP('',(#1994,#1995,#1996,#1997));
#613=EDGE_LOOP('',(#1998,#1999,#2000,#2001));
#614=EDGE_LOOP('',(#2002,#2003,#2004,#2005));
#615=EDGE_LOOP('',(#2006));
#616=EDGE_LOOP('',(#2007));
#617=EDGE_LOOP('',(#2008));
#618=EDGE_LOOP('',(#2009));
#619=EDGE_LOOP('',(#2010,#2011,#2012,#2013));
#620=EDGE_LOOP('',(#2014));
#621=EDGE_LOOP('',(#2015));
#622=EDGE_LOOP('',(#2016,#2017,#2018,#2019));
#623=EDGE_LOOP('',(#2020,#2021,#2022,#2023));
#624=EDGE_LOOP('',(#2024,#2025,#2026,#2027));
#625=EDGE_LOOP('',(#2028,#2029,#2030,#2031));
#626=EDGE_LOOP('',(#2032,#2033,#2034,#2035));
#627=EDGE_LOOP('',(#2036,#2037,#2038,#2039));
#628=EDGE_LOOP('',(#2040,#2041,#2042,#2043));
#629=EDGE_LOOP('',(#2044,#2045,#2046,#2047));
#630=EDGE_LOOP('',(#2048));
#631=EDGE_LOOP('',(#2049));
#632=EDGE_LOOP('',(#2050));
#633=EDGE_LOOP('',(#2051));
#634=EDGE_LOOP('',(#2052,#2053,#2054,#2055));
#635=EDGE_LOOP('',(#2056));
#636=EDGE_LOOP('',(#2057));
#637=EDGE_LOOP('',(#2058,#2059,#2060,#2061));
#638=EDGE_LOOP('',(#2062,#2063,#2064,#2065));
#639=EDGE_LOOP('',(#2066,#2067,#2068,#2069));
#640=EDGE_LOOP('',(#2070,#2071,#2072,#2073));
#641=EDGE_LOOP('',(#2074,#2075,#2076,#2077));
#642=EDGE_LOOP('',(#2078,#2079,#2080,#2081));
#643=EDGE_LOOP('',(#2082,#2083,#2084,#2085));
#644=EDGE_LOOP('',(#2086,#2087,#2088,#2089));
#645=EDGE_LOOP('',(#2090,#2091,#2092,#2093));
#646=EDGE_LOOP('',(#2094,#2095,#2096,#2097));
#647=EDGE_LOOP('',(#2098,#2099,#2100,#2101));
#648=EDGE_LOOP('',(#2102,#2103,#2104,#2105));
#649=EDGE_LOOP('',(#2106,#2107,#2108,#2109));
#650=EDGE_LOOP('',(#2110,#2111,#2112,#2113));
#651=EDGE_LOOP('',(#2114,#2115,#2116,#2117));
#652=EDGE_LOOP('',(#2118,#2119,#2120,#2121));
#653=EDGE_LOOP('',(#2122,#2123,#2124,#2125));
#654=EDGE_LOOP('',(#2126,#2127,#2128,#2129));
#655=EDGE_LOOP('',(#2130,#2131,#2132,#2133));
#656=EDGE_LOOP('',(#2134,#2135,#2136,#2137));
#657=EDGE_LOOP('',(#2138,#2139,#2140,#2141));
#658=EDGE_LOOP('',(#2142,#2143,#2144,#2145));
#659=EDGE_LOOP('',(#2146,#2147,#2148,#2149));
#660=EDGE_LOOP('',(#2150,#2151,#2152,#2153));
#661=EDGE_LOOP('',(#2154,#2155,#2156,#2157));
#662=EDGE_LOOP('',(#2158,#2159,#2160,#2161));
#663=EDGE_LOOP('',(#2162,#2163,#2164,#2165));
#664=EDGE_LOOP('',(#2166,#2167,#2168,#2169));
#665=EDGE_LOOP('',(#2170,#2171,#2172,#2173));
#666=EDGE_LOOP('',(#2174,#2175,#2176,#2177));
#667=EDGE_LOOP('',(#2178,#2179,#2180,#2181));
#668=EDGE_LOOP('',(#2182,#2183,#2184,#2185));
#669=EDGE_LOOP('',(#2186,#2187,#2188,#2189));
#670=EDGE_LOOP('',(#2190,#2191,#2192,#2193));
#671=EDGE_LOOP('',(#2194,#2195,#2196,#2197));
#672=EDGE_LOOP('',(#2198,#2199,#2200,#2201));
#673=EDGE_LOOP('',(#2202,#2203,#2204,#2205));
#674=EDGE_LOOP('',(#2206,#2207,#2208,#2209));
#675=EDGE_LOOP('',(#2210,#2211,#2212,#2213));
#676=EDGE_LOOP('',(#2214,#2215,#2216,#2217));
#677=EDGE_LOOP('',(#2218,#2219,#2220,#2221));
#678=EDGE_LOOP('',(#2222,#2223,#2224,#2225));
#679=EDGE_LOOP('',(#2226,#2227,#2228,#2229));
#680=EDGE_LOOP('',(#2230,#2231,#2232,#2233));
#681=EDGE_LOOP('',(#2234,#2235,#2236,#2237));
#682=EDGE_LOOP('',(#2238,#2239,#2240,#2241));
#683=EDGE_LOOP('',(#2242,#2243,#2244,#2245));
#684=EDGE_LOOP('',(#2246,#2247,#2248,#2249));
#685=EDGE_LOOP('',(#2250,#2251,#2252,#2253));
#686=EDGE_LOOP('',(#2254,#2255,#2256,#2257));
#687=EDGE_LOOP('',(#2258,#2259,#2260,#2261));
#688=EDGE_LOOP('',(#2262,#2263,#2264,#2265));
#689=EDGE_LOOP('',(#2266,#2267,#2268,#2269));
#690=EDGE_LOOP('',(#2270,#2271,#2272,#2273));
#691=EDGE_LOOP('',(#2274,#2275,#2276,#2277));
#692=EDGE_LOOP('',(#2278,#2279,#2280,#2281));
#693=EDGE_LOOP('',(#2282,#2283,#2284,#2285));
#694=EDGE_LOOP('',(#2286,#2287,#2288,#2289));
#695=EDGE_LOOP('',(#2290,#2291,#2292,#2293));
#696=EDGE_LOOP('',(#2294,#2295,#2296,#2297));
#697=EDGE_LOOP('',(#2298,#2299,#2300,#2301));
#698=EDGE_LOOP('',(#2302,#2303,#2304,#2305));
#699=EDGE_LOOP('',(#2306,#2307,#2308,#2309));
#700=EDGE_LOOP('',(#2310,#2311,#2312,#2313));
#701=EDGE_LOOP('',(#2314,#2315,#2316,#2317));
#702=EDGE_LOOP('',(#2318,#2319,#2320,#2321));
#703=EDGE_LOOP('',(#2322,#2323,#2324,#2325));
#704=EDGE_LOOP('',(#2326,#2327,#2328,#2329));
#705=EDGE_LOOP('',(#2330,#2331,#2332,#2333));
#706=EDGE_LOOP('',(#2334,#2335,#2336,#2337));
#707=EDGE_LOOP('',(#2338,#2339,#2340,#2341));
#708=EDGE_LOOP('',(#2342,#2343,#2344,#2345));
#709=EDGE_LOOP('',(#2346,#2347,#2348,#2349));
#710=EDGE_LOOP('',(#2350,#2351,#2352,#2353));
#711=EDGE_LOOP('',(#2354,#2355,#2356,#2357));
#712=EDGE_LOOP('',(#2358,#2359,#2360,#2361));
#713=EDGE_LOOP('',(#2362,#2363,#2364,#2365));
#714=EDGE_LOOP('',(#2366,#2367,#2368,#2369));
#715=EDGE_LOOP('',(#2370,#2371,#2372,#2373));
#716=EDGE_LOOP('',(#2374,#2375,#2376,#2377));
#717=EDGE_LOOP('',(#2378,#2379,#2380,#2381));
#718=EDGE_LOOP('',(#2382,#2383,#2384,#2385));
#719=EDGE_LOOP('',(#2386,#2387,#2388,#2389));
#720=EDGE_LOOP('',(#2390,#2391,#2392,#2393));
#721=EDGE_LOOP('',(#2394,#2395,#2396,#2397));
#722=EDGE_LOOP('',(#2398,#2399,#2400,#2401));
#723=EDGE_LOOP('',(#2402,#2403,#2404,#2405));
#724=EDGE_LOOP('',(#2406,#2407,#2408,#2409));
#725=EDGE_LOOP('',(#2410,#2411,#2412,#2413));
#726=EDGE_LOOP('',(#2414,#2415,#2416,#2417));
#727=EDGE_LOOP('',(#2418,#2419,#2420,#2421));
#728=EDGE_LOOP('',(#2422,#2423,#2424,#2425));
#729=EDGE_LOOP('',(#2426,#2427,#2428,#2429));
#730=EDGE_LOOP('',(#2430,#2431,#2432,#2433));
#731=EDGE_LOOP('',(#2434,#2435,#2436,#2437));
#732=EDGE_LOOP('',(#2438,#2439,#2440,#2441));
#733=EDGE_LOOP('',(#2442,#2443,#2444,#2445));
#734=EDGE_LOOP('',(#2446,#2447,#2448,#2449));
#735=EDGE_LOOP('',(#2450,#2451,#2452,#2453));
#736=EDGE_LOOP('',(#2454,#2455,#2456,#2457));
#737=EDGE_LOOP('',(#2458,#2459,#2460,#2461));
#738=EDGE_LOOP('',(#2462,#2463,#2464,#2465));
#739=EDGE_LOOP('',(#2466,#2467,#2468,#2469));
#740=EDGE_LOOP('',(#2470,#2471,#2472,#2473));
#741=EDGE_LOOP('',(#2474,#2475,#2476,#2477));
#742=EDGE_LOOP('',(#2478,#2479,#2480,#2481));
#743=EDGE_LOOP('',(#2482,#2483,#2484,#2485));
#744=EDGE_LOOP('',(#2486,#2487,#2488,#2489));
#745=EDGE_LOOP('',(#2490,#2491,#2492,#2493));
#746=EDGE_LOOP('',(#2494,#2495,#2496,#2497));
#747=EDGE_LOOP('',(#2498,#2499,#2500,#2501));
#748=EDGE_LOOP('',(#2502,#2503,#2504,#2505));
#749=EDGE_LOOP('',(#2506,#2507,#2508,#2509));
#750=EDGE_LOOP('',(#2510,#2511,#2512,#2513));
#751=EDGE_LOOP('',(#2514,#2515,#2516,#2517));
#752=EDGE_LOOP('',(#2518,#2519,#2520,#2521));
#753=EDGE_LOOP('',(#2522,#2523,#2524,#2525));
#754=EDGE_LOOP('',(#2526,#2527,#2528,#2529));
#755=EDGE_LOOP('',(#2530,#2531,#2532,#2533));
#756=EDGE_LOOP('',(#2534,#2535,#2536,#2537));
#757=EDGE_LOOP('',(#2538,#2539,#2540,#2541));
#758=EDGE_LOOP('',(#2542,#2543,#2544,#2545));
#759=EDGE_LOOP('',(#2546,#2547,#2548,#2549));
#760=EDGE_LOOP('',(#2550,#2551,#2552,#2553));
#761=EDGE_LOOP('',(#2554,#2555,#2556,#2557));
#762=EDGE_LOOP('',(#2558,#2559,#2560,#2561));
#763=EDGE_LOOP('',(#2562,#2563,#2564,#2565));
#764=EDGE_LOOP('',(#2566,#2567,#2568,#2569));
#765=EDGE_LOOP('',(#2570,#2571,#2572,#2573));
#766=EDGE_LOOP('',(#2574,#2575,#2576,#2577));
#767=EDGE_LOOP('',(#2578,#2579,#2580,#2581));
#768=EDGE_LOOP('',(#2582,#2583,#2584,#2585));
#769=EDGE_LOOP('',(#2586,#2587,#2588,#2589));
#770=EDGE_LOOP('',(#2590,#2591,#2592,#2593));
#771=EDGE_LOOP('',(#2594,#2595,#2596,#2597));
#772=EDGE_LOOP('',(#2598,#2599,#2600,#2601));
#773=EDGE_LOOP('',(#2602,#2603,#2604,#2605));
#774=EDGE_LOOP('',(#2606,#2607,#2608,#2609));
#775=LINE('',#4438,#1084);
#776=LINE('',#4444,#1085);
#777=LINE('',#4453,#1086);
#778=LINE('',#4461,#1087);
#779=LINE('',#4463,#1088);
#780=LINE('',#4465,#1089);
#781=LINE('',#4466,#1090);
#782=LINE('',#4469,#1091);
#783=LINE('',#4471,#1092);
#784=LINE('',#4472,#1093);
#785=LINE('',#4475,#1094);
#786=LINE('',#4477,#1095);
#787=LINE('',#4478,#1096);
#788=LINE('',#4480,#1097);
#789=LINE('',#4481,#1098);
#790=LINE('',#4489,#1099);
#791=LINE('',#4495,#1100);
#792=LINE('',#4504,#1101);
#793=LINE('',#4512,#1102);
#794=LINE('',#4514,#1103);
#795=LINE('',#4516,#1104);
#796=LINE('',#4517,#1105);
#797=LINE('',#4520,#1106);
#798=LINE('',#4522,#1107);
#799=LINE('',#4523,#1108);
#800=LINE('',#4526,#1109);
#801=LINE('',#4528,#1110);
#802=LINE('',#4529,#1111);
#803=LINE('',#4531,#1112);
#804=LINE('',#4532,#1113);
#805=LINE('',#4540,#1114);
#806=LINE('',#4546,#1115);
#807=LINE('',#4555,#1116);
#808=LINE('',#4563,#1117);
#809=LINE('',#4565,#1118);
#810=LINE('',#4567,#1119);
#811=LINE('',#4568,#1120);
#812=LINE('',#4571,#1121);
#813=LINE('',#4573,#1122);
#814=LINE('',#4574,#1123);
#815=LINE('',#4577,#1124);
#816=LINE('',#4579,#1125);
#817=LINE('',#4580,#1126);
#818=LINE('',#4582,#1127);
#819=LINE('',#4583,#1128);
#820=LINE('',#4590,#1129);
#821=LINE('',#4592,#1130);
#822=LINE('',#4594,#1131);
#823=LINE('',#4595,#1132);
#824=LINE('',#4598,#1133);
#825=LINE('',#4600,#1134);
#826=LINE('',#4601,#1135);
#827=LINE('',#4604,#1136);
#828=LINE('',#4606,#1137);
#829=LINE('',#4607,#1138);
#830=LINE('',#4609,#1139);
#831=LINE('',#4610,#1140);
#832=LINE('',#4617,#1141);
#833=LINE('',#4619,#1142);
#834=LINE('',#4621,#1143);
#835=LINE('',#4622,#1144);
#836=LINE('',#4625,#1145);
#837=LINE('',#4627,#1146);
#838=LINE('',#4628,#1147);
#839=LINE('',#4631,#1148);
#840=LINE('',#4633,#1149);
#841=LINE('',#4634,#1150);
#842=LINE('',#4636,#1151);
#843=LINE('',#4637,#1152);
#844=LINE('',#4644,#1153);
#845=LINE('',#4646,#1154);
#846=LINE('',#4648,#1155);
#847=LINE('',#4649,#1156);
#848=LINE('',#4652,#1157);
#849=LINE('',#4654,#1158);
#850=LINE('',#4655,#1159);
#851=LINE('',#4658,#1160);
#852=LINE('',#4660,#1161);
#853=LINE('',#4661,#1162);
#854=LINE('',#4663,#1163);
#855=LINE('',#4664,#1164);
#856=LINE('',#4671,#1165);
#857=LINE('',#4673,#1166);
#858=LINE('',#4675,#1167);
#859=LINE('',#4676,#1168);
#860=LINE('',#4679,#1169);
#861=LINE('',#4681,#1170);
#862=LINE('',#4682,#1171);
#863=LINE('',#4685,#1172);
#864=LINE('',#4687,#1173);
#865=LINE('',#4688,#1174);
#866=LINE('',#4690,#1175);
#867=LINE('',#4691,#1176);
#868=LINE('',#4698,#1177);
#869=LINE('',#4700,#1178);
#870=LINE('',#4702,#1179);
#871=LINE('',#4703,#1180);
#872=LINE('',#4706,#1181);
#873=LINE('',#4708,#1182);
#874=LINE('',#4709,#1183);
#875=LINE('',#4712,#1184);
#876=LINE('',#4714,#1185);
#877=LINE('',#4715,#1186);
#878=LINE('',#4717,#1187);
#879=LINE('',#4718,#1188);
#880=LINE('',#4725,#1189);
#881=LINE('',#4727,#1190);
#882=LINE('',#4729,#1191);
#883=LINE('',#4730,#1192);
#884=LINE('',#4733,#1193);
#885=LINE('',#4735,#1194);
#886=LINE('',#4736,#1195);
#887=LINE('',#4739,#1196);
#888=LINE('',#4741,#1197);
#889=LINE('',#4742,#1198);
#890=LINE('',#4744,#1199);
#891=LINE('',#4745,#1200);
#892=LINE('',#4752,#1201);
#893=LINE('',#4754,#1202);
#894=LINE('',#4756,#1203);
#895=LINE('',#4757,#1204);
#896=LINE('',#4760,#1205);
#897=LINE('',#4762,#1206);
#898=LINE('',#4763,#1207);
#899=LINE('',#4766,#1208);
#900=LINE('',#4768,#1209);
#901=LINE('',#4769,#1210);
#902=LINE('',#4771,#1211);
#903=LINE('',#4772,#1212);
#904=LINE('',#4779,#1213);
#905=LINE('',#4781,#1214);
#906=LINE('',#4783,#1215);
#907=LINE('',#4784,#1216);
#908=LINE('',#4787,#1217);
#909=LINE('',#4789,#1218);
#910=LINE('',#4790,#1219);
#911=LINE('',#4793,#1220);
#912=LINE('',#4795,#1221);
#913=LINE('',#4796,#1222);
#914=LINE('',#4798,#1223);
#915=LINE('',#4799,#1224);
#916=LINE('',#4806,#1225);
#917=LINE('',#4808,#1226);
#918=LINE('',#4810,#1227);
#919=LINE('',#4811,#1228);
#920=LINE('',#4814,#1229);
#921=LINE('',#4816,#1230);
#922=LINE('',#4817,#1231);
#923=LINE('',#4820,#1232);
#924=LINE('',#4822,#1233);
#925=LINE('',#4823,#1234);
#926=LINE('',#4825,#1235);
#927=LINE('',#4826,#1236);
#928=LINE('',#4833,#1237);
#929=LINE('',#4835,#1238);
#930=LINE('',#4837,#1239);
#931=LINE('',#4838,#1240);
#932=LINE('',#4841,#1241);
#933=LINE('',#4843,#1242);
#934=LINE('',#4844,#1243);
#935=LINE('',#4847,#1244);
#936=LINE('',#4849,#1245);
#937=LINE('',#4850,#1246);
#938=LINE('',#4852,#1247);
#939=LINE('',#4853,#1248);
#940=LINE('',#4860,#1249);
#941=LINE('',#4862,#1250);
#942=LINE('',#4864,#1251);
#943=LINE('',#4865,#1252);
#944=LINE('',#4868,#1253);
#945=LINE('',#4870,#1254);
#946=LINE('',#4871,#1255);
#947=LINE('',#4874,#1256);
#948=LINE('',#4876,#1257);
#949=LINE('',#4877,#1258);
#950=LINE('',#4879,#1259);
#951=LINE('',#4880,#1260);
#952=LINE('',#4887,#1261);
#953=LINE('',#4889,#1262);
#954=LINE('',#4891,#1263);
#955=LINE('',#4892,#1264);
#956=LINE('',#4895,#1265);
#957=LINE('',#4897,#1266);
#958=LINE('',#4898,#1267);
#959=LINE('',#4901,#1268);
#960=LINE('',#4903,#1269);
#961=LINE('',#4904,#1270);
#962=LINE('',#4906,#1271);
#963=LINE('',#4907,#1272);
#964=LINE('',#4914,#1273);
#965=LINE('',#4916,#1274);
#966=LINE('',#4918,#1275);
#967=LINE('',#4919,#1276);
#968=LINE('',#4922,#1277);
#969=LINE('',#4924,#1278);
#970=LINE('',#4925,#1279);
#971=LINE('',#4928,#1280);
#972=LINE('',#4930,#1281);
#973=LINE('',#4931,#1282);
#974=LINE('',#4933,#1283);
#975=LINE('',#4934,#1284);
#976=LINE('',#4941,#1285);
#977=LINE('',#4943,#1286);
#978=LINE('',#4945,#1287);
#979=LINE('',#4946,#1288);
#980=LINE('',#4949,#1289);
#981=LINE('',#4951,#1290);
#982=LINE('',#4952,#1291);
#983=LINE('',#4955,#1292);
#984=LINE('',#4957,#1293);
#985=LINE('',#4958,#1294);
#986=LINE('',#4960,#1295);
#987=LINE('',#4961,#1296);
#988=LINE('',#4968,#1297);
#989=LINE('',#4970,#1298);
#990=LINE('',#4972,#1299);
#991=LINE('',#4973,#1300);
#992=LINE('',#4976,#1301);
#993=LINE('',#4978,#1302);
#994=LINE('',#4979,#1303);
#995=LINE('',#4982,#1304);
#996=LINE('',#4984,#1305);
#997=LINE('',#4985,#1306);
#998=LINE('',#4987,#1307);
#999=LINE('',#4988,#1308);
#1000=LINE('',#4995,#1309);
#1001=LINE('',#4997,#1310);
#1002=LINE('',#4999,#1311);
#1003=LINE('',#5000,#1312);
#1004=LINE('',#5003,#1313);
#1005=LINE('',#5005,#1314);
#1006=LINE('',#5006,#1315);
#1007=LINE('',#5009,#1316);
#1008=LINE('',#5011,#1317);
#1009=LINE('',#5012,#1318);
#1010=LINE('',#5014,#1319);
#1011=LINE('',#5015,#1320);
#1012=LINE('',#5022,#1321);
#1013=LINE('',#5024,#1322);
#1014=LINE('',#5026,#1323);
#1015=LINE('',#5027,#1324);
#1016=LINE('',#5030,#1325);
#1017=LINE('',#5032,#1326);
#1018=LINE('',#5033,#1327);
#1019=LINE('',#5036,#1328);
#1020=LINE('',#5038,#1329);
#1021=LINE('',#5039,#1330);
#1022=LINE('',#5041,#1331);
#1023=LINE('',#5042,#1332);
#1024=LINE('',#5049,#1333);
#1025=LINE('',#5051,#1334);
#1026=LINE('',#5053,#1335);
#1027=LINE('',#5054,#1336);
#1028=LINE('',#5057,#1337);
#1029=LINE('',#5059,#1338);
#1030=LINE('',#5060,#1339);
#1031=LINE('',#5063,#1340);
#1032=LINE('',#5065,#1341);
#1033=LINE('',#5066,#1342);
#1034=LINE('',#5068,#1343);
#1035=LINE('',#5069,#1344);
#1036=LINE('',#5076,#1345);
#1037=LINE('',#5078,#1346);
#1038=LINE('',#5080,#1347);
#1039=LINE('',#5081,#1348);
#1040=LINE('',#5084,#1349);
#1041=LINE('',#5086,#1350);
#1042=LINE('',#5087,#1351);
#1043=LINE('',#5090,#1352);
#1044=LINE('',#5092,#1353);
#1045=LINE('',#5093,#1354);
#1046=LINE('',#5095,#1355);
#1047=LINE('',#5096,#1356);
#1048=LINE('',#5103,#1357);
#1049=LINE('',#5105,#1358);
#1050=LINE('',#5107,#1359);
#1051=LINE('',#5108,#1360);
#1052=LINE('',#5111,#1361);
#1053=LINE('',#5113,#1362);
#1054=LINE('',#5114,#1363);
#1055=LINE('',#5117,#1364);
#1056=LINE('',#5119,#1365);
#1057=LINE('',#5120,#1366);
#1058=LINE('',#5122,#1367);
#1059=LINE('',#5123,#1368);
#1060=LINE('',#5130,#1369);
#1061=LINE('',#5132,#1370);
#1062=LINE('',#5134,#1371);
#1063=LINE('',#5135,#1372);
#1064=LINE('',#5138,#1373);
#1065=LINE('',#5140,#1374);
#1066=LINE('',#5141,#1375);
#1067=LINE('',#5144,#1376);
#1068=LINE('',#5146,#1377);
#1069=LINE('',#5147,#1378);
#1070=LINE('',#5149,#1379);
#1071=LINE('',#5150,#1380);
#1072=LINE('',#5157,#1381);
#1073=LINE('',#5159,#1382);
#1074=LINE('',#5161,#1383);
#1075=LINE('',#5162,#1384);
#1076=LINE('',#5165,#1385);
#1077=LINE('',#5167,#1386);
#1078=LINE('',#5168,#1387);
#1079=LINE('',#5171,#1388);
#1080=LINE('',#5173,#1389);
#1081=LINE('',#5174,#1390);
#1082=LINE('',#5176,#1391);
#1083=LINE('',#5177,#1392);
#1084=VECTOR('',#3627,55.);
#1085=VECTOR('',#3634,65.);
#1086=VECTOR('',#3647,30.35);
#1087=VECTOR('',#3658,10.);
#1088=VECTOR('',#3659,10.);
#1089=VECTOR('',#3660,10.);
#1090=VECTOR('',#3661,10.);
#1091=VECTOR('',#3664,10.);
#1092=VECTOR('',#3665,10.);
#1093=VECTOR('',#3666,10.);
#1094=VECTOR('',#3669,10.);
#1095=VECTOR('',#3670,10.);
#1096=VECTOR('',#3671,10.);
#1097=VECTOR('',#3674,10.);
#1098=VECTOR('',#3675,10.);
#1099=VECTOR('',#3686,55.);
#1100=VECTOR('',#3693,65.);
#1101=VECTOR('',#3706,30.35);
#1102=VECTOR('',#3717,10.);
#1103=VECTOR('',#3718,10.);
#1104=VECTOR('',#3719,10.);
#1105=VECTOR('',#3720,10.);
#1106=VECTOR('',#3723,10.);
#1107=VECTOR('',#3724,10.);
#1108=VECTOR('',#3725,10.);
#1109=VECTOR('',#3728,10.);
#1110=VECTOR('',#3729,10.);
#1111=VECTOR('',#3730,10.);
#1112=VECTOR('',#3733,10.);
#1113=VECTOR('',#3734,10.);
#1114=VECTOR('',#3745,55.);
#1115=VECTOR('',#3752,65.);
#1116=VECTOR('',#3765,30.35);
#1117=VECTOR('',#3776,10.);
#1118=VECTOR('',#3777,10.);
#1119=VECTOR('',#3778,10.);
#1120=VECTOR('',#3779,10.);
#1121=VECTOR('',#3782,10.);
#1122=VECTOR('',#3783,10.);
#1123=VECTOR('',#3784,10.);
#1124=VECTOR('',#3787,10.);
#1125=VECTOR('',#3788,10.);
#1126=VECTOR('',#3789,10.);
#1127=VECTOR('',#3792,10.);
#1128=VECTOR('',#3793,10.);
#1129=VECTOR('',#3802,10.);
#1130=VECTOR('',#3803,10.);
#1131=VECTOR('',#3804,10.);
#1132=VECTOR('',#3805,10.);
#1133=VECTOR('',#3808,10.);
#1134=VECTOR('',#3809,10.);
#1135=VECTOR('',#3810,10.);
#1136=VECTOR('',#3813,10.);
#1137=VECTOR('',#3814,10.);
#1138=VECTOR('',#3815,10.);
#1139=VECTOR('',#3818,10.);
#1140=VECTOR('',#3819,10.);
#1141=VECTOR('',#3828,10.);
#1142=VECTOR('',#3829,10.);
#1143=VECTOR('',#3830,10.);
#1144=VECTOR('',#3831,10.);
#1145=VECTOR('',#3834,10.);
#1146=VECTOR('',#3835,10.);
#1147=VECTOR('',#3836,10.);
#1148=VECTOR('',#3839,10.);
#1149=VECTOR('',#3840,10.);
#1150=VECTOR('',#3841,10.);
#1151=VECTOR('',#3844,10.);
#1152=VECTOR('',#3845,10.);
#1153=VECTOR('',#3854,10.);
#1154=VECTOR('',#3855,10.);
#1155=VECTOR('',#3856,10.);
#1156=VECTOR('',#3857,10.);
#1157=VECTOR('',#3860,10.);
#1158=VECTOR('',#3861,10.);
#1159=VECTOR('',#3862,10.);
#1160=VECTOR('',#3865,10.);
#1161=VECTOR('',#3866,10.);
#1162=VECTOR('',#3867,10.);
#1163=VECTOR('',#3870,10.);
#1164=VECTOR('',#3871,10.);
#1165=VECTOR('',#3880,10.);
#1166=VECTOR('',#3881,10.);
#1167=VECTOR('',#3882,10.);
#1168=VECTOR('',#3883,10.);
#1169=VECTOR('',#3886,10.);
#1170=VECTOR('',#3887,10.);
#1171=VECTOR('',#3888,10.);
#1172=VECTOR('',#3891,10.);
#1173=VECTOR('',#3892,10.);
#1174=VECTOR('',#3893,10.);
#1175=VECTOR('',#3896,10.);
#1176=VECTOR('',#3897,10.);
#1177=VECTOR('',#3906,10.);
#1178=VECTOR('',#3907,10.);
#1179=VECTOR('',#3908,10.);
#1180=VECTOR('',#3909,10.);
#1181=VECTOR('',#3912,10.);
#1182=VECTOR('',#3913,10.);
#1183=VECTOR('',#3914,10.);
#1184=VECTOR('',#3917,10.);
#1185=VECTOR('',#3918,10.);
#1186=VECTOR('',#3919,10.);
#1187=VECTOR('',#3922,10.);
#1188=VECTOR('',#3923,10.);
#1189=VECTOR('',#3932,10.);
#1190=VECTOR('',#3933,10.);
#1191=VECTOR('',#3934,10.);
#1192=VECTOR('',#3935,10.);
#1193=VECTOR('',#3938,10.);
#1194=VECTOR('',#3939,10.);
#1195=VECTOR('',#3940,10.);
#1196=VECTOR('',#3943,10.);
#1197=VECTOR('',#3944,10.);
#1198=VECTOR('',#3945,10.);
#1199=VECTOR('',#3948,10.);
#1200=VECTOR('',#3949,10.);
#1201=VECTOR('',#3958,10.);
#1202=VECTOR('',#3959,10.);
#1203=VECTOR('',#3960,10.);
#1204=VECTOR('',#3961,10.);
#1205=VECTOR('',#3964,10.);
#1206=VECTOR('',#3965,10.);
#1207=VECTOR('',#3966,10.);
#1208=VECTOR('',#3969,10.);
#1209=VECTOR('',#3970,10.);
#1210=VECTOR('',#3971,10.);
#1211=VECTOR('',#3974,10.);
#1212=VECTOR('',#3975,10.);
#1213=VECTOR('',#3984,10.);
#1214=VECTOR('',#3985,10.);
#1215=VECTOR('',#3986,10.);
#1216=VECTOR('',#3987,10.);
#1217=VECTOR('',#3990,10.);
#1218=VECTOR('',#3991,10.);
#1219=VECTOR('',#3992,10.);
#1220=VECTOR('',#3995,10.);
#1221=VECTOR('',#3996,10.);
#1222=VECTOR('',#3997,10.);
#1223=VECTOR('',#4000,10.);
#1224=VECTOR('',#4001,10.);
#1225=VECTOR('',#4010,10.);
#1226=VECTOR('',#4011,10.);
#1227=VECTOR('',#4012,10.);
#1228=VECTOR('',#4013,10.);
#1229=VECTOR('',#4016,10.);
#1230=VECTOR('',#4017,10.);
#1231=VECTOR('',#4018,10.);
#1232=VECTOR('',#4021,10.);
#1233=VECTOR('',#4022,10.);
#1234=VECTOR('',#4023,10.);
#1235=VECTOR('',#4026,10.);
#1236=VECTOR('',#4027,10.);
#1237=VECTOR('',#4036,10.);
#1238=VECTOR('',#4037,10.);
#1239=VECTOR('',#4038,10.);
#1240=VECTOR('',#4039,10.);
#1241=VECTOR('',#4042,10.);
#1242=VECTOR('',#4043,10.);
#1243=VECTOR('',#4044,10.);
#1244=VECTOR('',#4047,10.);
#1245=VECTOR('',#4048,10.);
#1246=VECTOR('',#4049,10.);
#1247=VECTOR('',#4052,10.);
#1248=VECTOR('',#4053,10.);
#1249=VECTOR('',#4062,10.);
#1250=VECTOR('',#4063,10.);
#1251=VECTOR('',#4064,10.);
#1252=VECTOR('',#4065,10.);
#1253=VECTOR('',#4068,10.);
#1254=VECTOR('',#4069,10.);
#1255=VECTOR('',#4070,10.);
#1256=VECTOR('',#4073,10.);
#1257=VECTOR('',#4074,10.);
#1258=VECTOR('',#4075,10.);
#1259=VECTOR('',#4078,10.);
#1260=VECTOR('',#4079,10.);
#1261=VECTOR('',#4088,10.);
#1262=VECTOR('',#4089,10.);
#1263=VECTOR('',#4090,10.);
#1264=VECTOR('',#4091,10.);
#1265=VECTOR('',#4094,10.);
#1266=VECTOR('',#4095,10.);
#1267=VECTOR('',#4096,10.);
#1268=VECTOR('',#4099,10.);
#1269=VECTOR('',#4100,10.);
#1270=VECTOR('',#4101,10.);
#1271=VECTOR('',#4104,10.);
#1272=VECTOR('',#4105,10.);
#1273=VECTOR('',#4114,10.);
#1274=VECTOR('',#4115,10.);
#1275=VECTOR('',#4116,10.);
#1276=VECTOR('',#4117,10.);
#1277=VECTOR('',#4120,10.);
#1278=VECTOR('',#4121,10.);
#1279=VECTOR('',#4122,10.);
#1280=VECTOR('',#4125,10.);
#1281=VECTOR('',#4126,10.);
#1282=VECTOR('',#4127,10.);
#1283=VECTOR('',#4130,10.);
#1284=VECTOR('',#4131,10.);
#1285=VECTOR('',#4140,10.);
#1286=VECTOR('',#4141,10.);
#1287=VECTOR('',#4142,10.);
#1288=VECTOR('',#4143,10.);
#1289=VECTOR('',#4146,10.);
#1290=VECTOR('',#4147,10.);
#1291=VECTOR('',#4148,10.);
#1292=VECTOR('',#4151,10.);
#1293=VECTOR('',#4152,10.);
#1294=VECTOR('',#4153,10.);
#1295=VECTOR('',#4156,10.);
#1296=VECTOR('',#4157,10.);
#1297=VECTOR('',#4166,10.);
#1298=VECTOR('',#4167,10.);
#1299=VECTOR('',#4168,10.);
#1300=VECTOR('',#4169,10.);
#1301=VECTOR('',#4172,10.);
#1302=VECTOR('',#4173,10.);
#1303=VECTOR('',#4174,10.);
#1304=VECTOR('',#4177,10.);
#1305=VECTOR('',#4178,10.);
#1306=VECTOR('',#4179,10.);
#1307=VECTOR('',#4182,10.);
#1308=VECTOR('',#4183,10.);
#1309=VECTOR('',#4192,10.);
#1310=VECTOR('',#4193,10.);
#1311=VECTOR('',#4194,10.);
#1312=VECTOR('',#4195,10.);
#1313=VECTOR('',#4198,10.);
#1314=VECTOR('',#4199,10.);
#1315=VECTOR('',#4200,10.);
#1316=VECTOR('',#4203,10.);
#1317=VECTOR('',#4204,10.);
#1318=VECTOR('',#4205,10.);
#1319=VECTOR('',#4208,10.);
#1320=VECTOR('',#4209,10.);
#1321=VECTOR('',#4218,10.);
#1322=VECTOR('',#4219,10.);
#1323=VECTOR('',#4220,10.);
#1324=VECTOR('',#4221,10.);
#1325=VECTOR('',#4224,10.);
#1326=VECTOR('',#4225,10.);
#1327=VECTOR('',#4226,10.);
#1328=VECTOR('',#4229,10.);
#1329=VECTOR('',#4230,10.);
#1330=VECTOR('',#4231,10.);
#1331=VECTOR('',#4234,10.);
#1332=VECTOR('',#4235,10.);
#1333=VECTOR('',#4244,10.);
#1334=VECTOR('',#4245,10.);
#1335=VECTOR('',#4246,10.);
#1336=VECTOR('',#4247,10.);
#1337=VECTOR('',#4250,10.);
#1338=VECTOR('',#4251,10.);
#1339=VECTOR('',#4252,10.);
#1340=VECTOR('',#4255,10.);
#1341=VECTOR('',#4256,10.);
#1342=VECTOR('',#4257,10.);
#1343=VECTOR('',#4260,10.);
#1344=VECTOR('',#4261,10.);
#1345=VECTOR('',#4270,10.);
#1346=VECTOR('',#4271,10.);
#1347=VECTOR('',#4272,10.);
#1348=VECTOR('',#4273,10.);
#1349=VECTOR('',#4276,10.);
#1350=VECTOR('',#4277,10.);
#1351=VECTOR('',#4278,10.);
#1352=VECTOR('',#4281,10.);
#1353=VECTOR('',#4282,10.);
#1354=VECTOR('',#4283,10.);
#1355=VECTOR('',#4286,10.);
#1356=VECTOR('',#4287,10.);
#1357=VECTOR('',#4296,10.);
#1358=VECTOR('',#4297,10.);
#1359=VECTOR('',#4298,10.);
#1360=VECTOR('',#4299,10.);
#1361=VECTOR('',#4302,10.);
#1362=VECTOR('',#4303,10.);
#1363=VECTOR('',#4304,10.);
#1364=VECTOR('',#4307,10.);
#1365=VECTOR('',#4308,10.);
#1366=VECTOR('',#4309,10.);
#1367=VECTOR('',#4312,10.);
#1368=VECTOR('',#4313,10.);
#1369=VECTOR('',#4322,10.);
#1370=VECTOR('',#4323,10.);
#1371=VECTOR('',#4324,10.);
#1372=VECTOR('',#4325,10.);
#1373=VECTOR('',#4328,10.);
#1374=VECTOR('',#4329,10.);
#1375=VECTOR('',#4330,10.);
#1376=VECTOR('',#4333,10.);
#1377=VECTOR('',#4334,10.);
#1378=VECTOR('',#4335,10.);
#1379=VECTOR('',#4338,10.);
#1380=VECTOR('',#4339,10.);
#1381=VECTOR('',#4348,10.);
#1382=VECTOR('',#4349,10.);
#1383=VECTOR('',#4350,10.);
#1384=VECTOR('',#4351,10.);
#1385=VECTOR('',#4354,10.);
#1386=VECTOR('',#4355,10.);
#1387=VECTOR('',#4356,10.);
#1388=VECTOR('',#4359,10.);
#1389=VECTOR('',#4360,10.);
#1390=VECTOR('',#4361,10.);
#1391=VECTOR('',#4364,10.);
#1392=VECTOR('',#4365,10.);
#1393=CIRCLE('',#3370,55.);
#1394=CIRCLE('',#3371,55.);
#1395=CIRCLE('',#3373,65.);
#1396=CIRCLE('',#3374,65.);
#1397=CIRCLE('',#3379,30.35);
#1398=CIRCLE('',#3380,30.35);
#1399=CIRCLE('',#3392,55.);
#1400=CIRCLE('',#3393,55.);
#1401=CIRCLE('',#3395,65.);
#1402=CIRCLE('',#3396,65.);
#1403=CIRCLE('',#3401,30.35);
#1404=CIRCLE('',#3402,30.35);
#1405=CIRCLE('',#3414,55.);
#1406=CIRCLE('',#3415,55.);
#1407=CIRCLE('',#3417,65.);
#1408=CIRCLE('',#3418,65.);
#1409=CIRCLE('',#3423,30.35);
#1410=CIRCLE('',#3424,30.35);
#1411=VERTEX_POINT('',#4435);
#1412=VERTEX_POINT('',#4437);
#1413=VERTEX_POINT('',#4441);
#1414=VERTEX_POINT('',#4443);
#1415=VERTEX_POINT('',#4450);
#1416=VERTEX_POINT('',#4452);
#1417=VERTEX_POINT('',#4459);
#1418=VERTEX_POINT('',#4460);
#1419=VERTEX_POINT('',#4462);
#1420=VERTEX_POINT('',#4464);
#1421=VERTEX_POINT('',#4468);
#1422=VERTEX_POINT('',#4470);
#1423=VERTEX_POINT('',#4474);
#1424=VERTEX_POINT('',#4476);
#1425=VERTEX_POINT('',#4486);
#1426=VERTEX_POINT('',#4488);
#1427=VERTEX_POINT('',#4492);
#1428=VERTEX_POINT('',#4494);
#1429=VERTEX_POINT('',#4501);
#1430=VERTEX_POINT('',#4503);
#1431=VERTEX_POINT('',#4510);
#1432=VERTEX_POINT('',#4511);
#1433=VERTEX_POINT('',#4513);
#1434=VERTEX_POINT('',#4515);
#1435=VERTEX_POINT('',#4519);
#1436=VERTEX_POINT('',#4521);
#1437=VERTEX_POINT('',#4525);
#1438=VERTEX_POINT('',#4527);
#1439=VERTEX_POINT('',#4537);
#1440=VERTEX_POINT('',#4539);
#1441=VERTEX_POINT('',#4543);
#1442=VERTEX_POINT('',#4545);
#1443=VERTEX_POINT('',#4552);
#1444=VERTEX_POINT('',#4554);
#1445=VERTEX_POINT('',#4561);
#1446=VERTEX_POINT('',#4562);
#1447=VERTEX_POINT('',#4564);
#1448=VERTEX_POINT('',#4566);
#1449=VERTEX_POINT('',#4570);
#1450=VERTEX_POINT('',#4572);
#1451=VERTEX_POINT('',#4576);
#1452=VERTEX_POINT('',#4578);
#1453=VERTEX_POINT('',#4588);
#1454=VERTEX_POINT('',#4589);
#1455=VERTEX_POINT('',#4591);
#1456=VERTEX_POINT('',#4593);
#1457=VERTEX_POINT('',#4597);
#1458=VERTEX_POINT('',#4599);
#1459=VERTEX_POINT('',#4603);
#1460=VERTEX_POINT('',#4605);
#1461=VERTEX_POINT('',#4615);
#1462=VERTEX_POINT('',#4616);
#1463=VERTEX_POINT('',#4618);
#1464=VERTEX_POINT('',#4620);
#1465=VERTEX_POINT('',#4624);
#1466=VERTEX_POINT('',#4626);
#1467=VERTEX_POINT('',#4630);
#1468=VERTEX_POINT('',#4632);
#1469=VERTEX_POINT('',#4642);
#1470=VERTEX_POINT('',#4643);
#1471=VERTEX_POINT('',#4645);
#1472=VERTEX_POINT('',#4647);
#1473=VERTEX_POINT('',#4651);
#1474=VERTEX_POINT('',#4653);
#1475=VERTEX_POINT('',#4657);
#1476=VERTEX_POINT('',#4659);
#1477=VERTEX_POINT('',#4669);
#1478=VERTEX_POINT('',#4670);
#1479=VERTEX_POINT('',#4672);
#1480=VERTEX_POINT('',#4674);
#1481=VERTEX_POINT('',#4678);
#1482=VERTEX_POINT('',#4680);
#1483=VERTEX_POINT('',#4684);
#1484=VERTEX_POINT('',#4686);
#1485=VERTEX_POINT('',#4696);
#1486=VERTEX_POINT('',#4697);
#1487=VERTEX_POINT('',#4699);
#1488=VERTEX_POINT('',#4701);
#1489=VERTEX_POINT('',#4705);
#1490=VERTEX_POINT('',#4707);
#1491=VERTEX_POINT('',#4711);
#1492=VERTEX_POINT('',#4713);
#1493=VERTEX_POINT('',#4723);
#1494=VERTEX_POINT('',#4724);
#1495=VERTEX_POINT('',#4726);
#1496=VERTEX_POINT('',#4728);
#1497=VERTEX_POINT('',#4732);
#1498=VERTEX_POINT('',#4734);
#1499=VERTEX_POINT('',#4738);
#1500=VERTEX_POINT('',#4740);
#1501=VERTEX_POINT('',#4750);
#1502=VERTEX_POINT('',#4751);
#1503=VERTEX_POINT('',#4753);
#1504=VERTEX_POINT('',#4755);
#1505=VERTEX_POINT('',#4759);
#1506=VERTEX_POINT('',#4761);
#1507=VERTEX_POINT('',#4765);
#1508=VERTEX_POINT('',#4767);
#1509=VERTEX_POINT('',#4777);
#1510=VERTEX_POINT('',#4778);
#1511=VERTEX_POINT('',#4780);
#1512=VERTEX_POINT('',#4782);
#1513=VERTEX_POINT('',#4786);
#1514=VERTEX_POINT('',#4788);
#1515=VERTEX_POINT('',#4792);
#1516=VERTEX_POINT('',#4794);
#1517=VERTEX_POINT('',#4804);
#1518=VERTEX_POINT('',#4805);
#1519=VERTEX_POINT('',#4807);
#1520=VERTEX_POINT('',#4809);
#1521=VERTEX_POINT('',#4813);
#1522=VERTEX_POINT('',#4815);
#1523=VERTEX_POINT('',#4819);
#1524=VERTEX_POINT('',#4821);
#1525=VERTEX_POINT('',#4831);
#1526=VERTEX_POINT('',#4832);
#1527=VERTEX_POINT('',#4834);
#1528=VERTEX_POINT('',#4836);
#1529=VERTEX_POINT('',#4840);
#1530=VERTEX_POINT('',#4842);
#1531=VERTEX_POINT('',#4846);
#1532=VERTEX_POINT('',#4848);
#1533=VERTEX_POINT('',#4858);
#1534=VERTEX_POINT('',#4859);
#1535=VERTEX_POINT('',#4861);
#1536=VERTEX_POINT('',#4863);
#1537=VERTEX_POINT('',#4867);
#1538=VERTEX_POINT('',#4869);
#1539=VERTEX_POINT('',#4873);
#1540=VERTEX_POINT('',#4875);
#1541=VERTEX_POINT('',#4885);
#1542=VERTEX_POINT('',#4886);
#1543=VERTEX_POINT('',#4888);
#1544=VERTEX_POINT('',#4890);
#1545=VERTEX_POINT('',#4894);
#1546=VERTEX_POINT('',#4896);
#1547=VERTEX_POINT('',#4900);
#1548=VERTEX_POINT('',#4902);
#1549=VERTEX_POINT('',#4912);
#1550=VERTEX_POINT('',#4913);
#1551=VERTEX_POINT('',#4915);
#1552=VERTEX_POINT('',#4917);
#1553=VERTEX_POINT('',#4921);
#1554=VERTEX_POINT('',#4923);
#1555=VERTEX_POINT('',#4927);
#1556=VERTEX_POINT('',#4929);
#1557=VERTEX_POINT('',#4939);
#1558=VERTEX_POINT('',#4940);
#1559=VERTEX_POINT('',#4942);
#1560=VERTEX_POINT('',#4944);
#1561=VERTEX_POINT('',#4948);
#1562=VERTEX_POINT('',#4950);
#1563=VERTEX_POINT('',#4954);
#1564=VERTEX_POINT('',#4956);
#1565=VERTEX_POINT('',#4966);
#1566=VERTEX_POINT('',#4967);
#1567=VERTEX_POINT('',#4969);
#1568=VERTEX_POINT('',#4971);
#1569=VERTEX_POINT('',#4975);
#1570=VERTEX_POINT('',#4977);
#1571=VERTEX_POINT('',#4981);
#1572=VERTEX_POINT('',#4983);
#1573=VERTEX_POINT('',#4993);
#1574=VERTEX_POINT('',#4994);
#1575=VERTEX_POINT('',#4996);
#1576=VERTEX_POINT('',#4998);
#1577=VERTEX_POINT('',#5002);
#1578=VERTEX_POINT('',#5004);
#1579=VERTEX_POINT('',#5008);
#1580=VERTEX_POINT('',#5010);
#1581=VERTEX_POINT('',#5020);
#1582=VERTEX_POINT('',#5021);
#1583=VERTEX_POINT('',#5023);
#1584=VERTEX_POINT('',#5025);
#1585=VERTEX_POINT('',#5029);
#1586=VERTEX_POINT('',#5031);
#1587=VERTEX_POINT('',#5035);
#1588=VERTEX_POINT('',#5037);
#1589=VERTEX_POINT('',#5047);
#1590=VERTEX_POINT('',#5048);
#1591=VERTEX_POINT('',#5050);
#1592=VERTEX_POINT('',#5052);
#1593=VERTEX_POINT('',#5056);
#1594=VERTEX_POINT('',#5058);
#1595=VERTEX_POINT('',#5062);
#1596=VERTEX_POINT('',#5064);
#1597=VERTEX_POINT('',#5074);
#1598=VERTEX_POINT('',#5075);
#1599=VERTEX_POINT('',#5077);
#1600=VERTEX_POINT('',#5079);
#1601=VERTEX_POINT('',#5083);
#1602=VERTEX_POINT('',#5085);
#1603=VERTEX_POINT('',#5089);
#1604=VERTEX_POINT('',#5091);
#1605=VERTEX_POINT('',#5101);
#1606=VERTEX_POINT('',#5102);
#1607=VERTEX_POINT('',#5104);
#1608=VERTEX_POINT('',#5106);
#1609=VERTEX_POINT('',#5110);
#1610=VERTEX_POINT('',#5112);
#1611=VERTEX_POINT('',#5116);
#1612=VERTEX_POINT('',#5118);
#1613=VERTEX_POINT('',#5128);
#1614=VERTEX_POINT('',#5129);
#1615=VERTEX_POINT('',#5131);
#1616=VERTEX_POINT('',#5133);
#1617=VERTEX_POINT('',#5137);
#1618=VERTEX_POINT('',#5139);
#1619=VERTEX_POINT('',#5143);
#1620=VERTEX_POINT('',#5145);
#1621=VERTEX_POINT('',#5155);
#1622=VERTEX_POINT('',#5156);
#1623=VERTEX_POINT('',#5158);
#1624=VERTEX_POINT('',#5160);
#1625=VERTEX_POINT('',#5164);
#1626=VERTEX_POINT('',#5166);
#1627=VERTEX_POINT('',#5170);
#1628=VERTEX_POINT('',#5172);
#1629=EDGE_CURVE('',#1411,#1411,#1393,.T.);
#1630=EDGE_CURVE('',#1411,#1412,#775,.T.);
#1631=EDGE_CURVE('',#1412,#1412,#1394,.T.);
#1632=EDGE_CURVE('',#1413,#1413,#1395,.T.);
#1633=EDGE_CURVE('',#1413,#1414,#776,.T.);
#1634=EDGE_CURVE('',#1414,#1414,#1396,.T.);
#1635=EDGE_CURVE('',#1415,#1415,#1397,.T.);
#1636=EDGE_CURVE('',#1415,#1416,#777,.T.);
#1637=EDGE_CURVE('',#1416,#1416,#1398,.T.);
#1638=EDGE_CURVE('',#1417,#1418,#778,.T.);
#1639=EDGE_CURVE('',#1418,#1419,#779,.T.);
#1640=EDGE_CURVE('',#1420,#1419,#780,.T.);
#1641=EDGE_CURVE('',#1417,#1420,#781,.T.);
#1642=EDGE_CURVE('',#1421,#1417,#782,.T.);
#1643=EDGE_CURVE('',#1422,#1420,#783,.T.);
#1644=EDGE_CURVE('',#1421,#1422,#784,.T.);
#1645=EDGE_CURVE('',#1423,#1421,#785,.T.);
#1646=EDGE_CURVE('',#1424,#1422,#786,.T.);
#1647=EDGE_CURVE('',#1423,#1424,#787,.T.);
#1648=EDGE_CURVE('',#1418,#1423,#788,.T.);
#1649=EDGE_CURVE('',#1419,#1424,#789,.T.);
#1650=EDGE_CURVE('',#1425,#1425,#1399,.T.);
#1651=EDGE_CURVE('',#1425,#1426,#790,.T.);
#1652=EDGE_CURVE('',#1426,#1426,#1400,.T.);
#1653=EDGE_CURVE('',#1427,#1427,#1401,.T.);
#1654=EDGE_CURVE('',#1427,#1428,#791,.T.);
#1655=EDGE_CURVE('',#1428,#1428,#1402,.T.);
#1656=EDGE_CURVE('',#1429,#1429,#1403,.T.);
#1657=EDGE_CURVE('',#1429,#1430,#792,.T.);
#1658=EDGE_CURVE('',#1430,#1430,#1404,.T.);
#1659=EDGE_CURVE('',#1431,#1432,#793,.T.);
#1660=EDGE_CURVE('',#1432,#1433,#794,.T.);
#1661=EDGE_CURVE('',#1434,#1433,#795,.T.);
#1662=EDGE_CURVE('',#1431,#1434,#796,.T.);
#1663=EDGE_CURVE('',#1435,#1431,#797,.T.);
#1664=EDGE_CURVE('',#1436,#1434,#798,.T.);
#1665=EDGE_CURVE('',#1435,#1436,#799,.T.);
#1666=EDGE_CURVE('',#1437,#1435,#800,.T.);
#1667=EDGE_CURVE('',#1438,#1436,#801,.T.);
#1668=EDGE_CURVE('',#1437,#1438,#802,.T.);
#1669=EDGE_CURVE('',#1432,#1437,#803,.T.);
#1670=EDGE_CURVE('',#1433,#1438,#804,.T.);
#1671=EDGE_CURVE('',#1439,#1439,#1405,.T.);
#1672=EDGE_CURVE('',#1439,#1440,#805,.T.);
#1673=EDGE_CURVE('',#1440,#1440,#1406,.T.);
#1674=EDGE_CURVE('',#1441,#1441,#1407,.T.);
#1675=EDGE_CURVE('',#1441,#1442,#806,.T.);
#1676=EDGE_CURVE('',#1442,#1442,#1408,.T.);
#1677=EDGE_CURVE('',#1443,#1443,#1409,.T.);
#1678=EDGE_CURVE('',#1443,#1444,#807,.T.);
#1679=EDGE_CURVE('',#1444,#1444,#1410,.T.);
#1680=EDGE_CURVE('',#1445,#1446,#808,.T.);
#1681=EDGE_CURVE('',#1446,#1447,#809,.T.);
#1682=EDGE_CURVE('',#1448,#1447,#810,.T.);
#1683=EDGE_CURVE('',#1445,#1448,#811,.T.);
#1684=EDGE_CURVE('',#1449,#1445,#812,.T.);
#1685=EDGE_CURVE('',#1450,#1448,#813,.T.);
#1686=EDGE_CURVE('',#1449,#1450,#814,.T.);
#1687=EDGE_CURVE('',#1451,#1449,#815,.T.);
#1688=EDGE_CURVE('',#1452,#1450,#816,.T.);
#1689=EDGE_CURVE('',#1451,#1452,#817,.T.);
#1690=EDGE_CURVE('',#1446,#1451,#818,.T.);
#1691=EDGE_CURVE('',#1447,#1452,#819,.T.);
#1692=EDGE_CURVE('',#1453,#1454,#820,.T.);
#1693=EDGE_CURVE('',#1454,#1455,#821,.T.);
#1694=EDGE_CURVE('',#1456,#1455,#822,.T.);
#1695=EDGE_CURVE('',#1453,#1456,#823,.T.);
#1696=EDGE_CURVE('',#1457,#1453,#824,.T.);
#1697=EDGE_CURVE('',#1458,#1456,#825,.T.);
#1698=EDGE_CURVE('',#1457,#1458,#826,.T.);
#1699=EDGE_CURVE('',#1459,#1457,#827,.T.);
#1700=EDGE_CURVE('',#1460,#1458,#828,.T.);
#1701=EDGE_CURVE('',#1459,#1460,#829,.T.);
#1702=EDGE_CURVE('',#1454,#1459,#830,.T.);
#1703=EDGE_CURVE('',#1455,#1460,#831,.T.);
#1704=EDGE_CURVE('',#1461,#1462,#832,.T.);
#1705=EDGE_CURVE('',#1462,#1463,#833,.T.);
#1706=EDGE_CURVE('',#1464,#1463,#834,.T.);
#1707=EDGE_CURVE('',#1461,#1464,#835,.T.);
#1708=EDGE_CURVE('',#1465,#1461,#836,.T.);
#1709=EDGE_CURVE('',#1466,#1464,#837,.T.);
#1710=EDGE_CURVE('',#1465,#1466,#838,.T.);
#1711=EDGE_CURVE('',#1467,#1465,#839,.T.);
#1712=EDGE_CURVE('',#1468,#1466,#840,.T.);
#1713=EDGE_CURVE('',#1467,#1468,#841,.T.);
#1714=EDGE_CURVE('',#1462,#1467,#842,.T.);
#1715=EDGE_CURVE('',#1463,#1468,#843,.T.);
#1716=EDGE_CURVE('',#1469,#1470,#844,.T.);
#1717=EDGE_CURVE('',#1470,#1471,#845,.T.);
#1718=EDGE_CURVE('',#1472,#1471,#846,.T.);
#1719=EDGE_CURVE('',#1469,#1472,#847,.T.);
#1720=EDGE_CURVE('',#1473,#1469,#848,.T.);
#1721=EDGE_CURVE('',#1474,#1472,#849,.T.);
#1722=EDGE_CURVE('',#1473,#1474,#850,.T.);
#1723=EDGE_CURVE('',#1475,#1473,#851,.T.);
#1724=EDGE_CURVE('',#1476,#1474,#852,.T.);
#1725=EDGE_CURVE('',#1475,#1476,#853,.T.);
#1726=EDGE_CURVE('',#1470,#1475,#854,.T.);
#1727=EDGE_CURVE('',#1471,#1476,#855,.T.);
#1728=EDGE_CURVE('',#1477,#1478,#856,.T.);
#1729=EDGE_CURVE('',#1478,#1479,#857,.T.);
#1730=EDGE_CURVE('',#1480,#1479,#858,.T.);
#1731=EDGE_CURVE('',#1477,#1480,#859,.T.);
#1732=EDGE_CURVE('',#1481,#1477,#860,.T.);
#1733=EDGE_CURVE('',#1482,#1480,#861,.T.);
#1734=EDGE_CURVE('',#1481,#1482,#862,.T.);
#1735=EDGE_CURVE('',#1483,#1481,#863,.T.);
#1736=EDGE_CURVE('',#1484,#1482,#864,.T.);
#1737=EDGE_CURVE('',#1483,#1484,#865,.T.);
#1738=EDGE_CURVE('',#1478,#1483,#866,.T.);
#1739=EDGE_CURVE('',#1479,#1484,#867,.T.);
#1740=EDGE_CURVE('',#1485,#1486,#868,.T.);
#1741=EDGE_CURVE('',#1486,#1487,#869,.T.);
#1742=EDGE_CURVE('',#1488,#1487,#870,.T.);
#1743=EDGE_CURVE('',#1485,#1488,#871,.T.);
#1744=EDGE_CURVE('',#1489,#1485,#872,.T.);
#1745=EDGE_CURVE('',#1490,#1488,#873,.T.);
#1746=EDGE_CURVE('',#1489,#1490,#874,.T.);
#1747=EDGE_CURVE('',#1491,#1489,#875,.T.);
#1748=EDGE_CURVE('',#1492,#1490,#876,.T.);
#1749=EDGE_CURVE('',#1491,#1492,#877,.T.);
#1750=EDGE_CURVE('',#1486,#1491,#878,.T.);
#1751=EDGE_CURVE('',#1487,#1492,#879,.T.);
#1752=EDGE_CURVE('',#1493,#1494,#880,.T.);
#1753=EDGE_CURVE('',#1494,#1495,#881,.T.);
#1754=EDGE_CURVE('',#1496,#1495,#882,.T.);
#1755=EDGE_CURVE('',#1493,#1496,#883,.T.);
#1756=EDGE_CURVE('',#1497,#1493,#884,.T.);
#1757=EDGE_CURVE('',#1498,#1496,#885,.T.);
#1758=EDGE_CURVE('',#1497,#1498,#886,.T.);
#1759=EDGE_CURVE('',#1499,#1497,#887,.T.);
#1760=EDGE_CURVE('',#1500,#1498,#888,.T.);
#1761=EDGE_CURVE('',#1499,#1500,#889,.T.);
#1762=EDGE_CURVE('',#1494,#1499,#890,.T.);
#1763=EDGE_CURVE('',#1495,#1500,#891,.T.);
#1764=EDGE_CURVE('',#1501,#1502,#892,.T.);
#1765=EDGE_CURVE('',#1502,#1503,#893,.T.);
#1766=EDGE_CURVE('',#1504,#1503,#894,.T.);
#1767=EDGE_CURVE('',#1501,#1504,#895,.T.);
#1768=EDGE_CURVE('',#1505,#1501,#896,.T.);
#1769=EDGE_CURVE('',#1506,#1504,#897,.T.);
#1770=EDGE_CURVE('',#1505,#1506,#898,.T.);
#1771=EDGE_CURVE('',#1507,#1505,#899,.T.);
#1772=EDGE_CURVE('',#1508,#1506,#900,.T.);
#1773=EDGE_CURVE('',#1507,#1508,#901,.T.);
#1774=EDGE_CURVE('',#1502,#1507,#902,.T.);
#1775=EDGE_CURVE('',#1503,#1508,#903,.T.);
#1776=EDGE_CURVE('',#1509,#1510,#904,.T.);
#1777=EDGE_CURVE('',#1510,#1511,#905,.T.);
#1778=EDGE_CURVE('',#1512,#1511,#906,.T.);
#1779=EDGE_CURVE('',#1509,#1512,#907,.T.);
#1780=EDGE_CURVE('',#1513,#1509,#908,.T.);
#1781=EDGE_CURVE('',#1514,#1512,#909,.T.);
#1782=EDGE_CURVE('',#1513,#1514,#910,.T.);
#1783=EDGE_CURVE('',#1515,#1513,#911,.T.);
#1784=EDGE_CURVE('',#1516,#1514,#912,.T.);
#1785=EDGE_CURVE('',#1515,#1516,#913,.T.);
#1786=EDGE_CURVE('',#1510,#1515,#914,.T.);
#1787=EDGE_CURVE('',#1511,#1516,#915,.T.);
#1788=EDGE_CURVE('',#1517,#1518,#916,.T.);
#1789=EDGE_CURVE('',#1518,#1519,#917,.T.);
#1790=EDGE_CURVE('',#1520,#1519,#918,.T.);
#1791=EDGE_CURVE('',#1517,#1520,#919,.T.);
#1792=EDGE_CURVE('',#1521,#1517,#920,.T.);
#1793=EDGE_CURVE('',#1522,#1520,#921,.T.);
#1794=EDGE_CURVE('',#1521,#1522,#922,.T.);
#1795=EDGE_CURVE('',#1523,#1521,#923,.T.);
#1796=EDGE_CURVE('',#1524,#1522,#924,.T.);
#1797=EDGE_CURVE('',#1523,#1524,#925,.T.);
#1798=EDGE_CURVE('',#1518,#1523,#926,.T.);
#1799=EDGE_CURVE('',#1519,#1524,#927,.T.);
#1800=EDGE_CURVE('',#1525,#1526,#928,.T.);
#1801=EDGE_CURVE('',#1526,#1527,#929,.T.);
#1802=EDGE_CURVE('',#1528,#1527,#930,.T.);
#1803=EDGE_CURVE('',#1525,#1528,#931,.T.);
#1804=EDGE_CURVE('',#1529,#1525,#932,.T.);
#1805=EDGE_CURVE('',#1530,#1528,#933,.T.);
#1806=EDGE_CURVE('',#1529,#1530,#934,.T.);
#1807=EDGE_CURVE('',#1531,#1529,#935,.T.);
#1808=EDGE_CURVE('',#1532,#1530,#936,.T.);
#1809=EDGE_CURVE('',#1531,#1532,#937,.T.);
#1810=EDGE_CURVE('',#1526,#1531,#938,.T.);
#1811=EDGE_CURVE('',#1527,#1532,#939,.T.);
#1812=EDGE_CURVE('',#1533,#1534,#940,.T.);
#1813=EDGE_CURVE('',#1534,#1535,#941,.T.);
#1814=EDGE_CURVE('',#1536,#1535,#942,.T.);
#1815=EDGE_CURVE('',#1533,#1536,#943,.T.);
#1816=EDGE_CURVE('',#1537,#1533,#944,.T.);
#1817=EDGE_CURVE('',#1538,#1536,#945,.T.);
#1818=EDGE_CURVE('',#1537,#1538,#946,.T.);
#1819=EDGE_CURVE('',#1539,#1537,#947,.T.);
#1820=EDGE_CURVE('',#1540,#1538,#948,.T.);
#1821=EDGE_CURVE('',#1539,#1540,#949,.T.);
#1822=EDGE_CURVE('',#1534,#1539,#950,.T.);
#1823=EDGE_CURVE('',#1535,#1540,#951,.T.);
#1824=EDGE_CURVE('',#1541,#1542,#952,.T.);
#1825=EDGE_CURVE('',#1542,#1543,#953,.T.);
#1826=EDGE_CURVE('',#1544,#1543,#954,.T.);
#1827=EDGE_CURVE('',#1541,#1544,#955,.T.);
#1828=EDGE_CURVE('',#1545,#1541,#956,.T.);
#1829=EDGE_CURVE('',#1546,#1544,#957,.T.);
#1830=EDGE_CURVE('',#1545,#1546,#958,.T.);
#1831=EDGE_CURVE('',#1547,#1545,#959,.T.);
#1832=EDGE_CURVE('',#1548,#1546,#960,.T.);
#1833=EDGE_CURVE('',#1547,#1548,#961,.T.);
#1834=EDGE_CURVE('',#1542,#1547,#962,.T.);
#1835=EDGE_CURVE('',#1543,#1548,#963,.T.);
#1836=EDGE_CURVE('',#1549,#1550,#964,.T.);
#1837=EDGE_CURVE('',#1550,#1551,#965,.T.);
#1838=EDGE_CURVE('',#1552,#1551,#966,.T.);
#1839=EDGE_CURVE('',#1549,#1552,#967,.T.);
#1840=EDGE_CURVE('',#1553,#1549,#968,.T.);
#1841=EDGE_CURVE('',#1554,#1552,#969,.T.);
#1842=EDGE_CURVE('',#1553,#1554,#970,.T.);
#1843=EDGE_CURVE('',#1555,#1553,#971,.T.);
#1844=EDGE_CURVE('',#1556,#1554,#972,.T.);
#1845=EDGE_CURVE('',#1555,#1556,#973,.T.);
#1846=EDGE_CURVE('',#1550,#1555,#974,.T.);
#1847=EDGE_CURVE('',#1551,#1556,#975,.T.);
#1848=EDGE_CURVE('',#1557,#1558,#976,.T.);
#1849=EDGE_CURVE('',#1558,#1559,#977,.T.);
#1850=EDGE_CURVE('',#1560,#1559,#978,.T.);
#1851=EDGE_CURVE('',#1557,#1560,#979,.T.);
#1852=EDGE_CURVE('',#1561,#1557,#980,.T.);
#1853=EDGE_CURVE('',#1562,#1560,#981,.T.);
#1854=EDGE_CURVE('',#1561,#1562,#982,.T.);
#1855=EDGE_CURVE('',#1563,#1561,#983,.T.);
#1856=EDGE_CURVE('',#1564,#1562,#984,.T.);
#1857=EDGE_CURVE('',#1563,#1564,#985,.T.);
#1858=EDGE_CURVE('',#1558,#1563,#986,.T.);
#1859=EDGE_CURVE('',#1559,#1564,#987,.T.);
#1860=EDGE_CURVE('',#1565,#1566,#988,.T.);
#1861=EDGE_CURVE('',#1566,#1567,#989,.T.);
#1862=EDGE_CURVE('',#1568,#1567,#990,.T.);
#1863=EDGE_CURVE('',#1565,#1568,#991,.T.);
#1864=EDGE_CURVE('',#1569,#1565,#992,.T.);
#1865=EDGE_CURVE('',#1570,#1568,#993,.T.);
#1866=EDGE_CURVE('',#1569,#1570,#994,.T.);
#1867=EDGE_CURVE('',#1571,#1569,#995,.T.);
#1868=EDGE_CURVE('',#1572,#1570,#996,.T.);
#1869=EDGE_CURVE('',#1571,#1572,#997,.T.);
#1870=EDGE_CURVE('',#1566,#1571,#998,.T.);
#1871=EDGE_CURVE('',#1567,#1572,#999,.T.);
#1872=EDGE_CURVE('',#1573,#1574,#1000,.T.);
#1873=EDGE_CURVE('',#1574,#1575,#1001,.T.);
#1874=EDGE_CURVE('',#1576,#1575,#1002,.T.);
#1875=EDGE_CURVE('',#1573,#1576,#1003,.T.);
#1876=EDGE_CURVE('',#1577,#1573,#1004,.T.);
#1877=EDGE_CURVE('',#1578,#1576,#1005,.T.);
#1878=EDGE_CURVE('',#1577,#1578,#1006,.T.);
#1879=EDGE_CURVE('',#1579,#1577,#1007,.T.);
#1880=EDGE_CURVE('',#1580,#1578,#1008,.T.);
#1881=EDGE_CURVE('',#1579,#1580,#1009,.T.);
#1882=EDGE_CURVE('',#1574,#1579,#1010,.T.);
#1883=EDGE_CURVE('',#1575,#1580,#1011,.T.);
#1884=EDGE_CURVE('',#1581,#1582,#1012,.T.);
#1885=EDGE_CURVE('',#1582,#1583,#1013,.T.);
#1886=EDGE_CURVE('',#1584,#1583,#1014,.T.);
#1887=EDGE_CURVE('',#1581,#1584,#1015,.T.);
#1888=EDGE_CURVE('',#1585,#1581,#1016,.T.);
#1889=EDGE_CURVE('',#1586,#1584,#1017,.T.);
#1890=EDGE_CURVE('',#1585,#1586,#1018,.T.);
#1891=EDGE_CURVE('',#1587,#1585,#1019,.T.);
#1892=EDGE_CURVE('',#1588,#1586,#1020,.T.);
#1893=EDGE_CURVE('',#1587,#1588,#1021,.T.);
#1894=EDGE_CURVE('',#1582,#1587,#1022,.T.);
#1895=EDGE_CURVE('',#1583,#1588,#1023,.T.);
#1896=EDGE_CURVE('',#1589,#1590,#1024,.T.);
#1897=EDGE_CURVE('',#1590,#1591,#1025,.T.);
#1898=EDGE_CURVE('',#1592,#1591,#1026,.T.);
#1899=EDGE_CURVE('',#1589,#1592,#1027,.T.);
#1900=EDGE_CURVE('',#1593,#1589,#1028,.T.);
#1901=EDGE_CURVE('',#1594,#1592,#1029,.T.);
#1902=EDGE_CURVE('',#1593,#1594,#1030,.T.);
#1903=EDGE_CURVE('',#1595,#1593,#1031,.T.);
#1904=EDGE_CURVE('',#1596,#1594,#1032,.T.);
#1905=EDGE_CURVE('',#1595,#1596,#1033,.T.);
#1906=EDGE_CURVE('',#1590,#1595,#1034,.T.);
#1907=EDGE_CURVE('',#1591,#1596,#1035,.T.);
#1908=EDGE_CURVE('',#1597,#1598,#1036,.T.);
#1909=EDGE_CURVE('',#1598,#1599,#1037,.T.);
#1910=EDGE_CURVE('',#1600,#1599,#1038,.T.);
#1911=EDGE_CURVE('',#1597,#1600,#1039,.T.);
#1912=EDGE_CURVE('',#1601,#1597,#1040,.T.);
#1913=EDGE_CURVE('',#1602,#1600,#1041,.T.);
#1914=EDGE_CURVE('',#1601,#1602,#1042,.T.);
#1915=EDGE_CURVE('',#1603,#1601,#1043,.T.);
#1916=EDGE_CURVE('',#1604,#1602,#1044,.T.);
#1917=EDGE_CURVE('',#1603,#1604,#1045,.T.);
#1918=EDGE_CURVE('',#1598,#1603,#1046,.T.);
#1919=EDGE_CURVE('',#1599,#1604,#1047,.T.);
#1920=EDGE_CURVE('',#1605,#1606,#1048,.T.);
#1921=EDGE_CURVE('',#1606,#1607,#1049,.T.);
#1922=EDGE_CURVE('',#1608,#1607,#1050,.T.);
#1923=EDGE_CURVE('',#1605,#1608,#1051,.T.);
#1924=EDGE_CURVE('',#1609,#1605,#1052,.T.);
#1925=EDGE_CURVE('',#1610,#1608,#1053,.T.);
#1926=EDGE_CURVE('',#1609,#1610,#1054,.T.);
#1927=EDGE_CURVE('',#1611,#1609,#1055,.T.);
#1928=EDGE_CURVE('',#1612,#1610,#1056,.T.);
#1929=EDGE_CURVE('',#1611,#1612,#1057,.T.);
#1930=EDGE_CURVE('',#1606,#1611,#1058,.T.);
#1931=EDGE_CURVE('',#1607,#1612,#1059,.T.);
#1932=EDGE_CURVE('',#1613,#1614,#1060,.T.);
#1933=EDGE_CURVE('',#1614,#1615,#1061,.T.);
#1934=EDGE_CURVE('',#1616,#1615,#1062,.T.);
#1935=EDGE_CURVE('',#1613,#1616,#1063,.T.);
#1936=EDGE_CURVE('',#1617,#1613,#1064,.T.);
#1937=EDGE_CURVE('',#1618,#1616,#1065,.T.);
#1938=EDGE_CURVE('',#1617,#1618,#1066,.T.);
#1939=EDGE_CURVE('',#1619,#1617,#1067,.T.);
#1940=EDGE_CURVE('',#1620,#1618,#1068,.T.);
#1941=EDGE_CURVE('',#1619,#1620,#1069,.T.);
#1942=EDGE_CURVE('',#1614,#1619,#1070,.T.);
#1943=EDGE_CURVE('',#1615,#1620,#1071,.T.);
#1944=EDGE_CURVE('',#1621,#1622,#1072,.T.);
#1945=EDGE_CURVE('',#1622,#1623,#1073,.T.);
#1946=EDGE_CURVE('',#1624,#1623,#1074,.T.);
#1947=EDGE_CURVE('',#1621,#1624,#1075,.T.);
#1948=EDGE_CURVE('',#1625,#1621,#1076,.T.);
#1949=EDGE_CURVE('',#1626,#1624,#1077,.T.);
#1950=EDGE_CURVE('',#1625,#1626,#1078,.T.);
#1951=EDGE_CURVE('',#1627,#1625,#1079,.T.);
#1952=EDGE_CURVE('',#1628,#1626,#1080,.T.);
#1953=EDGE_CURVE('',#1627,#1628,#1081,.T.);
#1954=EDGE_CURVE('',#1622,#1627,#1082,.T.);
#1955=EDGE_CURVE('',#1623,#1628,#1083,.T.);
#1956=ORIENTED_EDGE('',*,*,#1629,.F.);
#1957=ORIENTED_EDGE('',*,*,#1630,.T.);
#1958=ORIENTED_EDGE('',*,*,#1631,.F.);
#1959=ORIENTED_EDGE('',*,*,#1630,.F.);
#1960=ORIENTED_EDGE('',*,*,#1632,.F.);
#1961=ORIENTED_EDGE('',*,*,#1633,.T.);
#1962=ORIENTED_EDGE('',*,*,#1634,.F.);
#1963=ORIENTED_EDGE('',*,*,#1633,.F.);
#1964=ORIENTED_EDGE('',*,*,#1634,.T.);
#1965=ORIENTED_EDGE('',*,*,#1629,.T.);
#1966=ORIENTED_EDGE('',*,*,#1632,.T.);
#1967=ORIENTED_EDGE('',*,*,#1631,.T.);
#1968=ORIENTED_EDGE('',*,*,#1635,.F.);
#1969=ORIENTED_EDGE('',*,*,#1636,.T.);
#1970=ORIENTED_EDGE('',*,*,#1637,.F.);
#1971=ORIENTED_EDGE('',*,*,#1636,.F.);
#1972=ORIENTED_EDGE('',*,*,#1637,.T.);
#1973=ORIENTED_EDGE('',*,*,#1635,.T.);
#1974=ORIENTED_EDGE('',*,*,#1638,.T.);
#1975=ORIENTED_EDGE('',*,*,#1639,.T.);
#1976=ORIENTED_EDGE('',*,*,#1640,.F.);
#1977=ORIENTED_EDGE('',*,*,#1641,.F.);
#1978=ORIENTED_EDGE('',*,*,#1642,.T.);
#1979=ORIENTED_EDGE('',*,*,#1641,.T.);
#1980=ORIENTED_EDGE('',*,*,#1643,.F.);
#1981=ORIENTED_EDGE('',*,*,#1644,.F.);
#1982=ORIENTED_EDGE('',*,*,#1645,.T.);
#1983=ORIENTED_EDGE('',*,*,#1644,.T.);
#1984=ORIENTED_EDGE('',*,*,#1646,.F.);
#1985=ORIENTED_EDGE('',*,*,#1647,.F.);
#1986=ORIENTED_EDGE('',*,*,#1648,.T.);
#1987=ORIENTED_EDGE('',*,*,#1647,.T.);
#1988=ORIENTED_EDGE('',*,*,#1649,.F.);
#1989=ORIENTED_EDGE('',*,*,#1639,.F.);
#1990=ORIENTED_EDGE('',*,*,#1649,.T.);
#1991=ORIENTED_EDGE('',*,*,#1646,.T.);
#1992=ORIENTED_EDGE('',*,*,#1643,.T.);
#1993=ORIENTED_EDGE('',*,*,#1640,.T.);
#1994=ORIENTED_EDGE('',*,*,#1648,.F.);
#1995=ORIENTED_EDGE('',*,*,#1638,.F.);
#1996=ORIENTED_EDGE('',*,*,#1642,.F.);
#1997=ORIENTED_EDGE('',*,*,#1645,.F.);
#1998=ORIENTED_EDGE('',*,*,#1650,.F.);
#1999=ORIENTED_EDGE('',*,*,#1651,.T.);
#2000=ORIENTED_EDGE('',*,*,#1652,.F.);
#2001=ORIENTED_EDGE('',*,*,#1651,.F.);
#2002=ORIENTED_EDGE('',*,*,#1653,.F.);
#2003=ORIENTED_EDGE('',*,*,#1654,.T.);
#2004=ORIENTED_EDGE('',*,*,#1655,.F.);
#2005=ORIENTED_EDGE('',*,*,#1654,.F.);
#2006=ORIENTED_EDGE('',*,*,#1655,.T.);
#2007=ORIENTED_EDGE('',*,*,#1650,.T.);
#2008=ORIENTED_EDGE('',*,*,#1653,.T.);
#2009=ORIENTED_EDGE('',*,*,#1652,.T.);
#2010=ORIENTED_EDGE('',*,*,#1656,.F.);
#2011=ORIENTED_EDGE('',*,*,#1657,.T.);
#2012=ORIENTED_EDGE('',*,*,#1658,.F.);
#2013=ORIENTED_EDGE('',*,*,#1657,.F.);
#2014=ORIENTED_EDGE('',*,*,#1658,.T.);
#2015=ORIENTED_EDGE('',*,*,#1656,.T.);
#2016=ORIENTED_EDGE('',*,*,#1659,.T.);
#2017=ORIENTED_EDGE('',*,*,#1660,.T.);
#2018=ORIENTED_EDGE('',*,*,#1661,.F.);
#2019=ORIENTED_EDGE('',*,*,#1662,.F.);
#2020=ORIENTED_EDGE('',*,*,#1663,.T.);
#2021=ORIENTED_EDGE('',*,*,#1662,.T.);
#2022=ORIENTED_EDGE('',*,*,#1664,.F.);
#2023=ORIENTED_EDGE('',*,*,#1665,.F.);
#2024=ORIENTED_EDGE('',*,*,#1666,.T.);
#2025=ORIENTED_EDGE('',*,*,#1665,.T.);
#2026=ORIENTED_EDGE('',*,*,#1667,.F.);
#2027=ORIENTED_EDGE('',*,*,#1668,.F.);
#2028=ORIENTED_EDGE('',*,*,#1669,.T.);
#2029=ORIENTED_EDGE('',*,*,#1668,.T.);
#2030=ORIENTED_EDGE('',*,*,#1670,.F.);
#2031=ORIENTED_EDGE('',*,*,#1660,.F.);
#2032=ORIENTED_EDGE('',*,*,#1670,.T.);
#2033=ORIENTED_EDGE('',*,*,#1667,.T.);
#2034=ORIENTED_EDGE('',*,*,#1664,.T.);
#2035=ORIENTED_EDGE('',*,*,#1661,.T.);
#2036=ORIENTED_EDGE('',*,*,#1669,.F.);
#2037=ORIENTED_EDGE('',*,*,#1659,.F.);
#2038=ORIENTED_EDGE('',*,*,#1663,.F.);
#2039=ORIENTED_EDGE('',*,*,#1666,.F.);
#2040=ORIENTED_EDGE('',*,*,#1671,.F.);
#2041=ORIENTED_EDGE('',*,*,#1672,.T.);
#2042=ORIENTED_EDGE('',*,*,#1673,.F.);
#2043=ORIENTED_EDGE('',*,*,#1672,.F.);
#2044=ORIENTED_EDGE('',*,*,#1674,.F.);
#2045=ORIENTED_EDGE('',*,*,#1675,.T.);
#2046=ORIENTED_EDGE('',*,*,#1676,.F.);
#2047=ORIENTED_EDGE('',*,*,#1675,.F.);
#2048=ORIENTED_EDGE('',*,*,#1676,.T.);
#2049=ORIENTED_EDGE('',*,*,#1671,.T.);
#2050=ORIENTED_EDGE('',*,*,#1674,.T.);
#2051=ORIENTED_EDGE('',*,*,#1673,.T.);
#2052=ORIENTED_EDGE('',*,*,#1677,.F.);
#2053=ORIENTED_EDGE('',*,*,#1678,.T.);
#2054=ORIENTED_EDGE('',*,*,#1679,.F.);
#2055=ORIENTED_EDGE('',*,*,#1678,.F.);
#2056=ORIENTED_EDGE('',*,*,#1679,.T.);
#2057=ORIENTED_EDGE('',*,*,#1677,.T.);
#2058=ORIENTED_EDGE('',*,*,#1680,.T.);
#2059=ORIENTED_EDGE('',*,*,#1681,.T.);
#2060=ORIENTED_EDGE('',*,*,#1682,.F.);
#2061=ORIENTED_EDGE('',*,*,#1683,.F.);
#2062=ORIENTED_EDGE('',*,*,#1684,.T.);
#2063=ORIENTED_EDGE('',*,*,#1683,.T.);
#2064=ORIENTED_EDGE('',*,*,#1685,.F.);
#2065=ORIENTED_EDGE('',*,*,#1686,.F.);
#2066=ORIENTED_EDGE('',*,*,#1687,.T.);
#2067=ORIENTED_EDGE('',*,*,#1686,.T.);
#2068=ORIENTED_EDGE('',*,*,#1688,.F.);
#2069=ORIENTED_EDGE('',*,*,#1689,.F.);
#2070=ORIENTED_EDGE('',*,*,#1690,.T.);
#2071=ORIENTED_EDGE('',*,*,#1689,.T.);
#2072=ORIENTED_EDGE('',*,*,#1691,.F.);
#2073=ORIENTED_EDGE('',*,*,#1681,.F.);
#2074=ORIENTED_EDGE('',*,*,#1691,.T.);
#2075=ORIENTED_EDGE('',*,*,#1688,.T.);
#2076=ORIENTED_EDGE('',*,*,#1685,.T.);
#2077=ORIENTED_EDGE('',*,*,#1682,.T.);
#2078=ORIENTED_EDGE('',*,*,#1690,.F.);
#2079=ORIENTED_EDGE('',*,*,#1680,.F.);
#2080=ORIENTED_EDGE('',*,*,#1684,.F.);
#2081=ORIENTED_EDGE('',*,*,#1687,.F.);
#2082=ORIENTED_EDGE('',*,*,#1692,.T.);
#2083=ORIENTED_EDGE('',*,*,#1693,.T.);
#2084=ORIENTED_EDGE('',*,*,#1694,.F.);
#2085=ORIENTED_EDGE('',*,*,#1695,.F.);
#2086=ORIENTED_EDGE('',*,*,#1696,.T.);
#2087=ORIENTED_EDGE('',*,*,#1695,.T.);
#2088=ORIENTED_EDGE('',*,*,#1697,.F.);
#2089=ORIENTED_EDGE('',*,*,#1698,.F.);
#2090=ORIENTED_EDGE('',*,*,#1699,.T.);
#2091=ORIENTED_EDGE('',*,*,#1698,.T.);
#2092=ORIENTED_EDGE('',*,*,#1700,.F.);
#2093=ORIENTED_EDGE('',*,*,#1701,.F.);
#2094=ORIENTED_EDGE('',*,*,#1702,.T.);
#2095=ORIENTED_EDGE('',*,*,#1701,.T.);
#2096=ORIENTED_EDGE('',*,*,#1703,.F.);
#2097=ORIENTED_EDGE('',*,*,#1693,.F.);
#2098=ORIENTED_EDGE('',*,*,#1703,.T.);
#2099=ORIENTED_EDGE('',*,*,#1700,.T.);
#2100=ORIENTED_EDGE('',*,*,#1697,.T.);
#2101=ORIENTED_EDGE('',*,*,#1694,.T.);
#2102=ORIENTED_EDGE('',*,*,#1702,.F.);
#2103=ORIENTED_EDGE('',*,*,#1692,.F.);
#2104=ORIENTED_EDGE('',*,*,#1696,.F.);
#2105=ORIENTED_EDGE('',*,*,#1699,.F.);
#2106=ORIENTED_EDGE('',*,*,#1704,.T.);
#2107=ORIENTED_EDGE('',*,*,#1705,.T.);
#2108=ORIENTED_EDGE('',*,*,#1706,.F.);
#2109=ORIENTED_EDGE('',*,*,#1707,.F.);
#2110=ORIENTED_EDGE('',*,*,#1708,.T.);
#2111=ORIENTED_EDGE('',*,*,#1707,.T.);
#2112=ORIENTED_EDGE('',*,*,#1709,.F.);
#2113=ORIENTED_EDGE('',*,*,#1710,.F.);
#2114=ORIENTED_EDGE('',*,*,#1711,.T.);
#2115=ORIENTED_EDGE('',*,*,#1710,.T.);
#2116=ORIENTED_EDGE('',*,*,#1712,.F.);
#2117=ORIENTED_EDGE('',*,*,#1713,.F.);
#2118=ORIENTED_EDGE('',*,*,#1714,.T.);
#2119=ORIENTED_EDGE('',*,*,#1713,.T.);
#2120=ORIENTED_EDGE('',*,*,#1715,.F.);
#2121=ORIENTED_EDGE('',*,*,#1705,.F.);
#2122=ORIENTED_EDGE('',*,*,#1715,.T.);
#2123=ORIENTED_EDGE('',*,*,#1712,.T.);
#2124=ORIENTED_EDGE('',*,*,#1709,.T.);
#2125=ORIENTED_EDGE('',*,*,#1706,.T.);
#2126=ORIENTED_EDGE('',*,*,#1714,.F.);
#2127=ORIENTED_EDGE('',*,*,#1704,.F.);
#2128=ORIENTED_EDGE('',*,*,#1708,.F.);
#2129=ORIENTED_EDGE('',*,*,#1711,.F.);
#2130=ORIENTED_EDGE('',*,*,#1716,.T.);
#2131=ORIENTED_EDGE('',*,*,#1717,.T.);
#2132=ORIENTED_EDGE('',*,*,#1718,.F.);
#2133=ORIENTED_EDGE('',*,*,#1719,.F.);
#2134=ORIENTED_EDGE('',*,*,#1720,.T.);
#2135=ORIENTED_EDGE('',*,*,#1719,.T.);
#2136=ORIENTED_EDGE('',*,*,#1721,.F.);
#2137=ORIENTED_EDGE('',*,*,#1722,.F.);
#2138=ORIENTED_EDGE('',*,*,#1723,.T.);
#2139=ORIENTED_EDGE('',*,*,#1722,.T.);
#2140=ORIENTED_EDGE('',*,*,#1724,.F.);
#2141=ORIENTED_EDGE('',*,*,#1725,.F.);
#2142=ORIENTED_EDGE('',*,*,#1726,.T.);
#2143=ORIENTED_EDGE('',*,*,#1725,.T.);
#2144=ORIENTED_EDGE('',*,*,#1727,.F.);
#2145=ORIENTED_EDGE('',*,*,#1717,.F.);
#2146=ORIENTED_EDGE('',*,*,#1727,.T.);
#2147=ORIENTED_EDGE('',*,*,#1724,.T.);
#2148=ORIENTED_EDGE('',*,*,#1721,.T.);
#2149=ORIENTED_EDGE('',*,*,#1718,.T.);
#2150=ORIENTED_EDGE('',*,*,#1726,.F.);
#2151=ORIENTED_EDGE('',*,*,#1716,.F.);
#2152=ORIENTED_EDGE('',*,*,#1720,.F.);
#2153=ORIENTED_EDGE('',*,*,#1723,.F.);
#2154=ORIENTED_EDGE('',*,*,#1728,.T.);
#2155=ORIENTED_EDGE('',*,*,#1729,.T.);
#2156=ORIENTED_EDGE('',*,*,#1730,.F.);
#2157=ORIENTED_EDGE('',*,*,#1731,.F.);
#2158=ORIENTED_EDGE('',*,*,#1732,.T.);
#2159=ORIENTED_EDGE('',*,*,#1731,.T.);
#2160=ORIENTED_EDGE('',*,*,#1733,.F.);
#2161=ORIENTED_EDGE('',*,*,#1734,.F.);
#2162=ORIENTED_EDGE('',*,*,#1735,.T.);
#2163=ORIENTED_EDGE('',*,*,#1734,.T.);
#2164=ORIENTED_EDGE('',*,*,#1736,.F.);
#2165=ORIENTED_EDGE('',*,*,#1737,.F.);
#2166=ORIENTED_EDGE('',*,*,#1738,.T.);
#2167=ORIENTED_EDGE('',*,*,#1737,.T.);
#2168=ORIENTED_EDGE('',*,*,#1739,.F.);
#2169=ORIENTED_EDGE('',*,*,#1729,.F.);
#2170=ORIENTED_EDGE('',*,*,#1739,.T.);
#2171=ORIENTED_EDGE('',*,*,#1736,.T.);
#2172=ORIENTED_EDGE('',*,*,#1733,.T.);
#2173=ORIENTED_EDGE('',*,*,#1730,.T.);
#2174=ORIENTED_EDGE('',*,*,#1738,.F.);
#2175=ORIENTED_EDGE('',*,*,#1728,.F.);
#2176=ORIENTED_EDGE('',*,*,#1732,.F.);
#2177=ORIENTED_EDGE('',*,*,#1735,.F.);
#2178=ORIENTED_EDGE('',*,*,#1740,.T.);
#2179=ORIENTED_EDGE('',*,*,#1741,.T.);
#2180=ORIENTED_EDGE('',*,*,#1742,.F.);
#2181=ORIENTED_EDGE('',*,*,#1743,.F.);
#2182=ORIENTED_EDGE('',*,*,#1744,.T.);
#2183=ORIENTED_EDGE('',*,*,#1743,.T.);
#2184=ORIENTED_EDGE('',*,*,#1745,.F.);
#2185=ORIENTED_EDGE('',*,*,#1746,.F.);
#2186=ORIENTED_EDGE('',*,*,#1747,.T.);
#2187=ORIENTED_EDGE('',*,*,#1746,.T.);
#2188=ORIENTED_EDGE('',*,*,#1748,.F.);
#2189=ORIENTED_EDGE('',*,*,#1749,.F.);
#2190=ORIENTED_EDGE('',*,*,#1750,.T.);
#2191=ORIENTED_EDGE('',*,*,#1749,.T.);
#2192=ORIENTED_EDGE('',*,*,#1751,.F.);
#2193=ORIENTED_EDGE('',*,*,#1741,.F.);
#2194=ORIENTED_EDGE('',*,*,#1751,.T.);
#2195=ORIENTED_EDGE('',*,*,#1748,.T.);
#2196=ORIENTED_EDGE('',*,*,#1745,.T.);
#2197=ORIENTED_EDGE('',*,*,#1742,.T.);
#2198=ORIENTED_EDGE('',*,*,#1750,.F.);
#2199=ORIENTED_EDGE('',*,*,#1740,.F.);
#2200=ORIENTED_EDGE('',*,*,#1744,.F.);
#2201=ORIENTED_EDGE('',*,*,#1747,.F.);
#2202=ORIENTED_EDGE('',*,*,#1752,.T.);
#2203=ORIENTED_EDGE('',*,*,#1753,.T.);
#2204=ORIENTED_EDGE('',*,*,#1754,.F.);
#2205=ORIENTED_EDGE('',*,*,#1755,.F.);
#2206=ORIENTED_EDGE('',*,*,#1756,.T.);
#2207=ORIENTED_EDGE('',*,*,#1755,.T.);
#2208=ORIENTED_EDGE('',*,*,#1757,.F.);
#2209=ORIENTED_EDGE('',*,*,#1758,.F.);
#2210=ORIENTED_EDGE('',*,*,#1759,.T.);
#2211=ORIENTED_EDGE('',*,*,#1758,.T.);
#2212=ORIENTED_EDGE('',*,*,#1760,.F.);
#2213=ORIENTED_EDGE('',*,*,#1761,.F.);
#2214=ORIENTED_EDGE('',*,*,#1762,.T.);
#2215=ORIENTED_EDGE('',*,*,#1761,.T.);
#2216=ORIENTED_EDGE('',*,*,#1763,.F.);
#2217=ORIENTED_EDGE('',*,*,#1753,.F.);
#2218=ORIENTED_EDGE('',*,*,#1763,.T.);
#2219=ORIENTED_EDGE('',*,*,#1760,.T.);
#2220=ORIENTED_EDGE('',*,*,#1757,.T.);
#2221=ORIENTED_EDGE('',*,*,#1754,.T.);
#2222=ORIENTED_EDGE('',*,*,#1762,.F.);
#2223=ORIENTED_EDGE('',*,*,#1752,.F.);
#2224=ORIENTED_EDGE('',*,*,#1756,.F.);
#2225=ORIENTED_EDGE('',*,*,#1759,.F.);
#2226=ORIENTED_EDGE('',*,*,#1764,.T.);
#2227=ORIENTED_EDGE('',*,*,#1765,.T.);
#2228=ORIENTED_EDGE('',*,*,#1766,.F.);
#2229=ORIENTED_EDGE('',*,*,#1767,.F.);
#2230=ORIENTED_EDGE('',*,*,#1768,.T.);
#2231=ORIENTED_EDGE('',*,*,#1767,.T.);
#2232=ORIENTED_EDGE('',*,*,#1769,.F.);
#2233=ORIENTED_EDGE('',*,*,#1770,.F.);
#2234=ORIENTED_EDGE('',*,*,#1771,.T.);
#2235=ORIENTED_EDGE('',*,*,#1770,.T.);
#2236=ORIENTED_EDGE('',*,*,#1772,.F.);
#2237=ORIENTED_EDGE('',*,*,#1773,.F.);
#2238=ORIENTED_EDGE('',*,*,#1774,.T.);
#2239=ORIENTED_EDGE('',*,*,#1773,.T.);
#2240=ORIENTED_EDGE('',*,*,#1775,.F.);
#2241=ORIENTED_EDGE('',*,*,#1765,.F.);
#2242=ORIENTED_EDGE('',*,*,#1775,.T.);
#2243=ORIENTED_EDGE('',*,*,#1772,.T.);
#2244=ORIENTED_EDGE('',*,*,#1769,.T.);
#2245=ORIENTED_EDGE('',*,*,#1766,.T.);
#2246=ORIENTED_EDGE('',*,*,#1774,.F.);
#2247=ORIENTED_EDGE('',*,*,#1764,.F.);
#2248=ORIENTED_EDGE('',*,*,#1768,.F.);
#2249=ORIENTED_EDGE('',*,*,#1771,.F.);
#2250=ORIENTED_EDGE('',*,*,#1776,.T.);
#2251=ORIENTED_EDGE('',*,*,#1777,.T.);
#2252=ORIENTED_EDGE('',*,*,#1778,.F.);
#2253=ORIENTED_EDGE('',*,*,#1779,.F.);
#2254=ORIENTED_EDGE('',*,*,#1780,.T.);
#2255=ORIENTED_EDGE('',*,*,#1779,.T.);
#2256=ORIENTED_EDGE('',*,*,#1781,.F.);
#2257=ORIENTED_EDGE('',*,*,#1782,.F.);
#2258=ORIENTED_EDGE('',*,*,#1783,.T.);
#2259=ORIENTED_EDGE('',*,*,#1782,.T.);
#2260=ORIENTED_EDGE('',*,*,#1784,.F.);
#2261=ORIENTED_EDGE('',*,*,#1785,.F.);
#2262=ORIENTED_EDGE('',*,*,#1786,.T.);
#2263=ORIENTED_EDGE('',*,*,#1785,.T.);
#2264=ORIENTED_EDGE('',*,*,#1787,.F.);
#2265=ORIENTED_EDGE('',*,*,#1777,.F.);
#2266=ORIENTED_EDGE('',*,*,#1787,.T.);
#2267=ORIENTED_EDGE('',*,*,#1784,.T.);
#2268=ORIENTED_EDGE('',*,*,#1781,.T.);
#2269=ORIENTED_EDGE('',*,*,#1778,.T.);
#2270=ORIENTED_EDGE('',*,*,#1786,.F.);
#2271=ORIENTED_EDGE('',*,*,#1776,.F.);
#2272=ORIENTED_EDGE('',*,*,#1780,.F.);
#2273=ORIENTED_EDGE('',*,*,#1783,.F.);
#2274=ORIENTED_EDGE('',*,*,#1788,.T.);
#2275=ORIENTED_EDGE('',*,*,#1789,.T.);
#2276=ORIENTED_EDGE('',*,*,#1790,.F.);
#2277=ORIENTED_EDGE('',*,*,#1791,.F.);
#2278=ORIENTED_EDGE('',*,*,#1792,.T.);
#2279=ORIENTED_EDGE('',*,*,#1791,.T.);
#2280=ORIENTED_EDGE('',*,*,#1793,.F.);
#2281=ORIENTED_EDGE('',*,*,#1794,.F.);
#2282=ORIENTED_EDGE('',*,*,#1795,.T.);
#2283=ORIENTED_EDGE('',*,*,#1794,.T.);
#2284=ORIENTED_EDGE('',*,*,#1796,.F.);
#2285=ORIENTED_EDGE('',*,*,#1797,.F.);
#2286=ORIENTED_EDGE('',*,*,#1798,.T.);
#2287=ORIENTED_EDGE('',*,*,#1797,.T.);
#2288=ORIENTED_EDGE('',*,*,#1799,.F.);
#2289=ORIENTED_EDGE('',*,*,#1789,.F.);
#2290=ORIENTED_EDGE('',*,*,#1799,.T.);
#2291=ORIENTED_EDGE('',*,*,#1796,.T.);
#2292=ORIENTED_EDGE('',*,*,#1793,.T.);
#2293=ORIENTED_EDGE('',*,*,#1790,.T.);
#2294=ORIENTED_EDGE('',*,*,#1798,.F.);
#2295=ORIENTED_EDGE('',*,*,#1788,.F.);
#2296=ORIENTED_EDGE('',*,*,#1792,.F.);
#2297=ORIENTED_EDGE('',*,*,#1795,.F.);
#2298=ORIENTED_EDGE('',*,*,#1800,.T.);
#2299=ORIENTED_EDGE('',*,*,#1801,.T.);
#2300=ORIENTED_EDGE('',*,*,#1802,.F.);
#2301=ORIENTED_EDGE('',*,*,#1803,.F.);
#2302=ORIENTED_EDGE('',*,*,#1804,.T.);
#2303=ORIENTED_EDGE('',*,*,#1803,.T.);
#2304=ORIENTED_EDGE('',*,*,#1805,.F.);
#2305=ORIENTED_EDGE('',*,*,#1806,.F.);
#2306=ORIENTED_EDGE('',*,*,#1807,.T.);
#2307=ORIENTED_EDGE('',*,*,#1806,.T.);
#2308=ORIENTED_EDGE('',*,*,#1808,.F.);
#2309=ORIENTED_EDGE('',*,*,#1809,.F.);
#2310=ORIENTED_EDGE('',*,*,#1810,.T.);
#2311=ORIENTED_EDGE('',*,*,#1809,.T.);
#2312=ORIENTED_EDGE('',*,*,#1811,.F.);
#2313=ORIENTED_EDGE('',*,*,#1801,.F.);
#2314=ORIENTED_EDGE('',*,*,#1811,.T.);
#2315=ORIENTED_EDGE('',*,*,#1808,.T.);
#2316=ORIENTED_EDGE('',*,*,#1805,.T.);
#2317=ORIENTED_EDGE('',*,*,#1802,.T.);
#2318=ORIENTED_EDGE('',*,*,#1810,.F.);
#2319=ORIENTED_EDGE('',*,*,#1800,.F.);
#2320=ORIENTED_EDGE('',*,*,#1804,.F.);
#2321=ORIENTED_EDGE('',*,*,#1807,.F.);
#2322=ORIENTED_EDGE('',*,*,#1812,.T.);
#2323=ORIENTED_EDGE('',*,*,#1813,.T.);
#2324=ORIENTED_EDGE('',*,*,#1814,.F.);
#2325=ORIENTED_EDGE('',*,*,#1815,.F.);
#2326=ORIENTED_EDGE('',*,*,#1816,.T.);
#2327=ORIENTED_EDGE('',*,*,#1815,.T.);
#2328=ORIENTED_EDGE('',*,*,#1817,.F.);
#2329=ORIENTED_EDGE('',*,*,#1818,.F.);
#2330=ORIENTED_EDGE('',*,*,#1819,.T.);
#2331=ORIENTED_EDGE('',*,*,#1818,.T.);
#2332=ORIENTED_EDGE('',*,*,#1820,.F.);
#2333=ORIENTED_EDGE('',*,*,#1821,.F.);
#2334=ORIENTED_EDGE('',*,*,#1822,.T.);
#2335=ORIENTED_EDGE('',*,*,#1821,.T.);
#2336=ORIENTED_EDGE('',*,*,#1823,.F.);
#2337=ORIENTED_EDGE('',*,*,#1813,.F.);
#2338=ORIENTED_EDGE('',*,*,#1823,.T.);
#2339=ORIENTED_EDGE('',*,*,#1820,.T.);
#2340=ORIENTED_EDGE('',*,*,#1817,.T.);
#2341=ORIENTED_EDGE('',*,*,#1814,.T.);
#2342=ORIENTED_EDGE('',*,*,#1822,.F.);
#2343=ORIENTED_EDGE('',*,*,#1812,.F.);
#2344=ORIENTED_EDGE('',*,*,#1816,.F.);
#2345=ORIENTED_EDGE('',*,*,#1819,.F.);
#2346=ORIENTED_EDGE('',*,*,#1824,.T.);
#2347=ORIENTED_EDGE('',*,*,#1825,.T.);
#2348=ORIENTED_EDGE('',*,*,#1826,.F.);
#2349=ORIENTED_EDGE('',*,*,#1827,.F.);
#2350=ORIENTED_EDGE('',*,*,#1828,.T.);
#2351=ORIENTED_EDGE('',*,*,#1827,.T.);
#2352=ORIENTED_EDGE('',*,*,#1829,.F.);
#2353=ORIENTED_EDGE('',*,*,#1830,.F.);
#2354=ORIENTED_EDGE('',*,*,#1831,.T.);
#2355=ORIENTED_EDGE('',*,*,#1830,.T.);
#2356=ORIENTED_EDGE('',*,*,#1832,.F.);
#2357=ORIENTED_EDGE('',*,*,#1833,.F.);
#2358=ORIENTED_EDGE('',*,*,#1834,.T.);
#2359=ORIENTED_EDGE('',*,*,#1833,.T.);
#2360=ORIENTED_EDGE('',*,*,#1835,.F.);
#2361=ORIENTED_EDGE('',*,*,#1825,.F.);
#2362=ORIENTED_EDGE('',*,*,#1835,.T.);
#2363=ORIENTED_EDGE('',*,*,#1832,.T.);
#2364=ORIENTED_EDGE('',*,*,#1829,.T.);
#2365=ORIENTED_EDGE('',*,*,#1826,.T.);
#2366=ORIENTED_EDGE('',*,*,#1834,.F.);
#2367=ORIENTED_EDGE('',*,*,#1824,.F.);
#2368=ORIENTED_EDGE('',*,*,#1828,.F.);
#2369=ORIENTED_EDGE('',*,*,#1831,.F.);
#2370=ORIENTED_EDGE('',*,*,#1836,.T.);
#2371=ORIENTED_EDGE('',*,*,#1837,.T.);
#2372=ORIENTED_EDGE('',*,*,#1838,.F.);
#2373=ORIENTED_EDGE('',*,*,#1839,.F.);
#2374=ORIENTED_EDGE('',*,*,#1840,.T.);
#2375=ORIENTED_EDGE('',*,*,#1839,.T.);
#2376=ORIENTED_EDGE('',*,*,#1841,.F.);
#2377=ORIENTED_EDGE('',*,*,#1842,.F.);
#2378=ORIENTED_EDGE('',*,*,#1843,.T.);
#2379=ORIENTED_EDGE('',*,*,#1842,.T.);
#2380=ORIENTED_EDGE('',*,*,#1844,.F.);
#2381=ORIENTED_EDGE('',*,*,#1845,.F.);
#2382=ORIENTED_EDGE('',*,*,#1846,.T.);
#2383=ORIENTED_EDGE('',*,*,#1845,.T.);
#2384=ORIENTED_EDGE('',*,*,#1847,.F.);
#2385=ORIENTED_EDGE('',*,*,#1837,.F.);
#2386=ORIENTED_EDGE('',*,*,#1847,.T.);
#2387=ORIENTED_EDGE('',*,*,#1844,.T.);
#2388=ORIENTED_EDGE('',*,*,#1841,.T.);
#2389=ORIENTED_EDGE('',*,*,#1838,.T.);
#2390=ORIENTED_EDGE('',*,*,#1846,.F.);
#2391=ORIENTED_EDGE('',*,*,#1836,.F.);
#2392=ORIENTED_EDGE('',*,*,#1840,.F.);
#2393=ORIENTED_EDGE('',*,*,#1843,.F.);
#2394=ORIENTED_EDGE('',*,*,#1848,.T.);
#2395=ORIENTED_EDGE('',*,*,#1849,.T.);
#2396=ORIENTED_EDGE('',*,*,#1850,.F.);
#2397=ORIENTED_EDGE('',*,*,#1851,.F.);
#2398=ORIENTED_EDGE('',*,*,#1852,.T.);
#2399=ORIENTED_EDGE('',*,*,#1851,.T.);
#2400=ORIENTED_EDGE('',*,*,#1853,.F.);
#2401=ORIENTED_EDGE('',*,*,#1854,.F.);
#2402=ORIENTED_EDGE('',*,*,#1855,.T.);
#2403=ORIENTED_EDGE('',*,*,#1854,.T.);
#2404=ORIENTED_EDGE('',*,*,#1856,.F.);
#2405=ORIENTED_EDGE('',*,*,#1857,.F.);
#2406=ORIENTED_EDGE('',*,*,#1858,.T.);
#2407=ORIENTED_EDGE('',*,*,#1857,.T.);
#2408=ORIENTED_EDGE('',*,*,#1859,.F.);
#2409=ORIENTED_EDGE('',*,*,#1849,.F.);
#2410=ORIENTED_EDGE('',*,*,#1859,.T.);
#2411=ORIENTED_EDGE('',*,*,#1856,.T.);
#2412=ORIENTED_EDGE('',*,*,#1853,.T.);
#2413=ORIENTED_EDGE('',*,*,#1850,.T.);
#2414=ORIENTED_EDGE('',*,*,#1858,.F.);
#2415=ORIENTED_EDGE('',*,*,#1848,.F.);
#2416=ORIENTED_EDGE('',*,*,#1852,.F.);
#2417=ORIENTED_EDGE('',*,*,#1855,.F.);
#2418=ORIENTED_EDGE('',*,*,#1860,.T.);
#2419=ORIENTED_EDGE('',*,*,#1861,.T.);
#2420=ORIENTED_EDGE('',*,*,#1862,.F.);
#2421=ORIENTED_EDGE('',*,*,#1863,.F.);
#2422=ORIENTED_EDGE('',*,*,#1864,.T.);
#2423=ORIENTED_EDGE('',*,*,#1863,.T.);
#2424=ORIENTED_EDGE('',*,*,#1865,.F.);
#2425=ORIENTED_EDGE('',*,*,#1866,.F.);
#2426=ORIENTED_EDGE('',*,*,#1867,.T.);
#2427=ORIENTED_EDGE('',*,*,#1866,.T.);
#2428=ORIENTED_EDGE('',*,*,#1868,.F.);
#2429=ORIENTED_EDGE('',*,*,#1869,.F.);
#2430=ORIENTED_EDGE('',*,*,#1870,.T.);
#2431=ORIENTED_EDGE('',*,*,#1869,.T.);
#2432=ORIENTED_EDGE('',*,*,#1871,.F.);
#2433=ORIENTED_EDGE('',*,*,#1861,.F.);
#2434=ORIENTED_EDGE('',*,*,#1871,.T.);
#2435=ORIENTED_EDGE('',*,*,#1868,.T.);
#2436=ORIENTED_EDGE('',*,*,#1865,.T.);
#2437=ORIENTED_EDGE('',*,*,#1862,.T.);
#2438=ORIENTED_EDGE('',*,*,#1870,.F.);
#2439=ORIENTED_EDGE('',*,*,#1860,.F.);
#2440=ORIENTED_EDGE('',*,*,#1864,.F.);
#2441=ORIENTED_EDGE('',*,*,#1867,.F.);
#2442=ORIENTED_EDGE('',*,*,#1872,.T.);
#2443=ORIENTED_EDGE('',*,*,#1873,.T.);
#2444=ORIENTED_EDGE('',*,*,#1874,.F.);
#2445=ORIENTED_EDGE('',*,*,#1875,.F.);
#2446=ORIENTED_EDGE('',*,*,#1876,.T.);
#2447=ORIENTED_EDGE('',*,*,#1875,.T.);
#2448=ORIENTED_EDGE('',*,*,#1877,.F.);
#2449=ORIENTED_EDGE('',*,*,#1878,.F.);
#2450=ORIENTED_EDGE('',*,*,#1879,.T.);
#2451=ORIENTED_EDGE('',*,*,#1878,.T.);
#2452=ORIENTED_EDGE('',*,*,#1880,.F.);
#2453=ORIENTED_EDGE('',*,*,#1881,.F.);
#2454=ORIENTED_EDGE('',*,*,#1882,.T.);
#2455=ORIENTED_EDGE('',*,*,#1881,.T.);
#2456=ORIENTED_EDGE('',*,*,#1883,.F.);
#2457=ORIENTED_EDGE('',*,*,#1873,.F.);
#2458=ORIENTED_EDGE('',*,*,#1883,.T.);
#2459=ORIENTED_EDGE('',*,*,#1880,.T.);
#2460=ORIENTED_EDGE('',*,*,#1877,.T.);
#2461=ORIENTED_EDGE('',*,*,#1874,.T.);
#2462=ORIENTED_EDGE('',*,*,#1882,.F.);
#2463=ORIENTED_EDGE('',*,*,#1872,.F.);
#2464=ORIENTED_EDGE('',*,*,#1876,.F.);
#2465=ORIENTED_EDGE('',*,*,#1879,.F.);
#2466=ORIENTED_EDGE('',*,*,#1884,.T.);
#2467=ORIENTED_EDGE('',*,*,#1885,.T.);
#2468=ORIENTED_EDGE('',*,*,#1886,.F.);
#2469=ORIENTED_EDGE('',*,*,#1887,.F.);
#2470=ORIENTED_EDGE('',*,*,#1888,.T.);
#2471=ORIENTED_EDGE('',*,*,#1887,.T.);
#2472=ORIENTED_EDGE('',*,*,#1889,.F.);
#2473=ORIENTED_EDGE('',*,*,#1890,.F.);
#2474=ORIENTED_EDGE('',*,*,#1891,.T.);
#2475=ORIENTED_EDGE('',*,*,#1890,.T.);
#2476=ORIENTED_EDGE('',*,*,#1892,.F.);
#2477=ORIENTED_EDGE('',*,*,#1893,.F.);
#2478=ORIENTED_EDGE('',*,*,#1894,.T.);
#2479=ORIENTED_EDGE('',*,*,#1893,.T.);
#2480=ORIENTED_EDGE('',*,*,#1895,.F.);
#2481=ORIENTED_EDGE('',*,*,#1885,.F.);
#2482=ORIENTED_EDGE('',*,*,#1895,.T.);
#2483=ORIENTED_EDGE('',*,*,#1892,.T.);
#2484=ORIENTED_EDGE('',*,*,#1889,.T.);
#2485=ORIENTED_EDGE('',*,*,#1886,.T.);
#2486=ORIENTED_EDGE('',*,*,#1894,.F.);
#2487=ORIENTED_EDGE('',*,*,#1884,.F.);
#2488=ORIENTED_EDGE('',*,*,#1888,.F.);
#2489=ORIENTED_EDGE('',*,*,#1891,.F.);
#2490=ORIENTED_EDGE('',*,*,#1896,.T.);
#2491=ORIENTED_EDGE('',*,*,#1897,.T.);
#2492=ORIENTED_EDGE('',*,*,#1898,.F.);
#2493=ORIENTED_EDGE('',*,*,#1899,.F.);
#2494=ORIENTED_EDGE('',*,*,#1900,.T.);
#2495=ORIENTED_EDGE('',*,*,#1899,.T.);
#2496=ORIENTED_EDGE('',*,*,#1901,.F.);
#2497=ORIENTED_EDGE('',*,*,#1902,.F.);
#2498=ORIENTED_EDGE('',*,*,#1903,.T.);
#2499=ORIENTED_EDGE('',*,*,#1902,.T.);
#2500=ORIENTED_EDGE('',*,*,#1904,.F.);
#2501=ORIENTED_EDGE('',*,*,#1905,.F.);
#2502=ORIENTED_EDGE('',*,*,#1906,.T.);
#2503=ORIENTED_EDGE('',*,*,#1905,.T.);
#2504=ORIENTED_EDGE('',*,*,#1907,.F.);
#2505=ORIENTED_EDGE('',*,*,#1897,.F.);
#2506=ORIENTED_EDGE('',*,*,#1907,.T.);
#2507=ORIENTED_EDGE('',*,*,#1904,.T.);
#2508=ORIENTED_EDGE('',*,*,#1901,.T.);
#2509=ORIENTED_EDGE('',*,*,#1898,.T.);
#2510=ORIENTED_EDGE('',*,*,#1906,.F.);
#2511=ORIENTED_EDGE('',*,*,#1896,.F.);
#2512=ORIENTED_EDGE('',*,*,#1900,.F.);
#2513=ORIENTED_EDGE('',*,*,#1903,.F.);
#2514=ORIENTED_EDGE('',*,*,#1908,.T.);
#2515=ORIENTED_EDGE('',*,*,#1909,.T.);
#2516=ORIENTED_EDGE('',*,*,#1910,.F.);
#2517=ORIENTED_EDGE('',*,*,#1911,.F.);
#2518=ORIENTED_EDGE('',*,*,#1912,.T.);
#2519=ORIENTED_EDGE('',*,*,#1911,.T.);
#2520=ORIENTED_EDGE('',*,*,#1913,.F.);
#2521=ORIENTED_EDGE('',*,*,#1914,.F.);
#2522=ORIENTED_EDGE('',*,*,#1915,.T.);
#2523=ORIENTED_EDGE('',*,*,#1914,.T.);
#2524=ORIENTED_EDGE('',*,*,#1916,.F.);
#2525=ORIENTED_EDGE('',*,*,#1917,.F.);
#2526=ORIENTED_EDGE('',*,*,#1918,.T.);
#2527=ORIENTED_EDGE('',*,*,#1917,.T.);
#2528=ORIENTED_EDGE('',*,*,#1919,.F.);
#2529=ORIENTED_EDGE('',*,*,#1909,.F.);
#2530=ORIENTED_EDGE('',*,*,#1919,.T.);
#2531=ORIENTED_EDGE('',*,*,#1916,.T.);
#2532=ORIENTED_EDGE('',*,*,#1913,.T.);
#2533=ORIENTED_EDGE('',*,*,#1910,.T.);
#2534=ORIENTED_EDGE('',*,*,#1918,.F.);
#2535=ORIENTED_EDGE('',*,*,#1908,.F.);
#2536=ORIENTED_EDGE('',*,*,#1912,.F.);
#2537=ORIENTED_EDGE('',*,*,#1915,.F.);
#2538=ORIENTED_EDGE('',*,*,#1920,.T.);
#2539=ORIENTED_EDGE('',*,*,#1921,.T.);
#2540=ORIENTED_EDGE('',*,*,#1922,.F.);
#2541=ORIENTED_EDGE('',*,*,#1923,.F.);
#2542=ORIENTED_EDGE('',*,*,#1924,.T.);
#2543=ORIENTED_EDGE('',*,*,#1923,.T.);
#2544=ORIENTED_EDGE('',*,*,#1925,.F.);
#2545=ORIENTED_EDGE('',*,*,#1926,.F.);
#2546=ORIENTED_EDGE('',*,*,#1927,.T.);
#2547=ORIENTED_EDGE('',*,*,#1926,.T.);
#2548=ORIENTED_EDGE('',*,*,#1928,.F.);
#2549=ORIENTED_EDGE('',*,*,#1929,.F.);
#2550=ORIENTED_EDGE('',*,*,#1930,.T.);
#2551=ORIENTED_EDGE('',*,*,#1929,.T.);
#2552=ORIENTED_EDGE('',*,*,#1931,.F.);
#2553=ORIENTED_EDGE('',*,*,#1921,.F.);
#2554=ORIENTED_EDGE('',*,*,#1931,.T.);
#2555=ORIENTED_EDGE('',*,*,#1928,.T.);
#2556=ORIENTED_EDGE('',*,*,#1925,.T.);
#2557=ORIENTED_EDGE('',*,*,#1922,.T.);
#2558=ORIENTED_EDGE('',*,*,#1930,.F.);
#2559=ORIENTED_EDGE('',*,*,#1920,.F.);
#2560=ORIENTED_EDGE('',*,*,#1924,.F.);
#2561=ORIENTED_EDGE('',*,*,#1927,.F.);
#2562=ORIENTED_EDGE('',*,*,#1932,.T.);
#2563=ORIENTED_EDGE('',*,*,#1933,.T.);
#2564=ORIENTED_EDGE('',*,*,#1934,.F.);
#2565=ORIENTED_EDGE('',*,*,#1935,.F.);
#2566=ORIENTED_EDGE('',*,*,#1936,.T.);
#2567=ORIENTED_EDGE('',*,*,#1935,.T.);
#2568=ORIENTED_EDGE('',*,*,#1937,.F.);
#2569=ORIENTED_EDGE('',*,*,#1938,.F.);
#2570=ORIENTED_EDGE('',*,*,#1939,.T.);
#2571=ORIENTED_EDGE('',*,*,#1938,.T.);
#2572=ORIENTED_EDGE('',*,*,#1940,.F.);
#2573=ORIENTED_EDGE('',*,*,#1941,.F.);
#2574=ORIENTED_EDGE('',*,*,#1942,.T.);
#2575=ORIENTED_EDGE('',*,*,#1941,.T.);
#2576=ORIENTED_EDGE('',*,*,#1943,.F.);
#2577=ORIENTED_EDGE('',*,*,#1933,.F.);
#2578=ORIENTED_EDGE('',*,*,#1943,.T.);
#2579=ORIENTED_EDGE('',*,*,#1940,.T.);
#2580=ORIENTED_EDGE('',*,*,#1937,.T.);
#2581=ORIENTED_EDGE('',*,*,#1934,.T.);
#2582=ORIENTED_EDGE('',*,*,#1942,.F.);
#2583=ORIENTED_EDGE('',*,*,#1932,.F.);
#2584=ORIENTED_EDGE('',*,*,#1936,.F.);
#2585=ORIENTED_EDGE('',*,*,#1939,.F.);
#2586=ORIENTED_EDGE('',*,*,#1944,.T.);
#2587=ORIENTED_EDGE('',*,*,#1945,.T.);
#2588=ORIENTED_EDGE('',*,*,#1946,.F.);
#2589=ORIENTED_EDGE('',*,*,#1947,.F.);
#2590=ORIENTED_EDGE('',*,*,#1948,.T.);
#2591=ORIENTED_EDGE('',*,*,#1947,.T.);
#2592=ORIENTED_EDGE('',*,*,#1949,.F.);
#2593=ORIENTED_EDGE('',*,*,#1950,.F.);
#2594=ORIENTED_EDGE('',*,*,#1951,.T.);
#2595=ORIENTED_EDGE('',*,*,#1950,.T.);
#2596=ORIENTED_EDGE('',*,*,#1952,.F.);
#2597=ORIENTED_EDGE('',*,*,#1953,.F.);
#2598=ORIENTED_EDGE('',*,*,#1954,.T.);
#2599=ORIENTED_EDGE('',*,*,#1953,.T.);
#2600=ORIENTED_EDGE('',*,*,#1955,.F.);
#2601=ORIENTED_EDGE('',*,*,#1945,.F.);
#2602=ORIENTED_EDGE('',*,*,#1955,.T.);
#2603=ORIENTED_EDGE('',*,*,#1952,.T.);
#2604=ORIENTED_EDGE('',*,*,#1949,.T.);
#2605=ORIENTED_EDGE('',*,*,#1946,.T.);
#2606=ORIENTED_EDGE('',*,*,#1954,.F.);
#2607=ORIENTED_EDGE('',*,*,#1944,.F.);
#2608=ORIENTED_EDGE('',*,*,#1948,.F.);
#2609=ORIENTED_EDGE('',*,*,#1951,.F.);
#2610=CYLINDRICAL_SURFACE('',#3369,55.);
#2611=CYLINDRICAL_SURFACE('',#3372,65.);
#2612=CYLINDRICAL_SURFACE('',#3378,30.35);
#2613=CYLINDRICAL_SURFACE('',#3391,55.);
#2614=CYLINDRICAL_SURFACE('',#3394,65.);
#2615=CYLINDRICAL_SURFACE('',#3400,30.35);
#2616=CYLINDRICAL_SURFACE('',#3413,55.);
#2617=CYLINDRICAL_SURFACE('',#3416,65.);
#2618=CYLINDRICAL_SURFACE('',#3422,30.35);
#2619=ADVANCED_FACE('',(#427),#2610,.F.);
#2620=ADVANCED_FACE('',(#428),#2611,.T.);
#2621=ADVANCED_FACE('',(#429,#259),#265,.F.);
#2622=ADVANCED_FACE('',(#430,#260),#266,.T.);
#2623=ADVANCED_FACE('',(#431),#2612,.T.);
#2624=ADVANCED_FACE('',(#432),#267,.F.);
#2625=ADVANCED_FACE('',(#433),#268,.T.);
#2626=ADVANCED_FACE('',(#434),#269,.T.);
#2627=ADVANCED_FACE('',(#435),#270,.T.);
#2628=ADVANCED_FACE('',(#436),#271,.T.);
#2629=ADVANCED_FACE('',(#437),#272,.T.);
#2630=ADVANCED_FACE('',(#438),#273,.T.);
#2631=ADVANCED_FACE('',(#439),#274,.F.);
#2632=ADVANCED_FACE('',(#440),#2613,.F.);
#2633=ADVANCED_FACE('',(#441),#2614,.T.);
#2634=ADVANCED_FACE('',(#442,#261),#275,.F.);
#2635=ADVANCED_FACE('',(#443,#262),#276,.T.);
#2636=ADVANCED_FACE('',(#444),#2615,.T.);
#2637=ADVANCED_FACE('',(#445),#277,.F.);
#2638=ADVANCED_FACE('',(#446),#278,.T.);
#2639=ADVANCED_FACE('',(#447),#279,.T.);
#2640=ADVANCED_FACE('',(#448),#280,.T.);
#2641=ADVANCED_FACE('',(#449),#281,.T.);
#2642=ADVANCED_FACE('',(#450),#282,.T.);
#2643=ADVANCED_FACE('',(#451),#283,.T.);
#2644=ADVANCED_FACE('',(#452),#284,.F.);
#2645=ADVANCED_FACE('',(#453),#2616,.F.);
#2646=ADVANCED_FACE('',(#454),#2617,.T.);
#2647=ADVANCED_FACE('',(#455,#263),#285,.F.);
#2648=ADVANCED_FACE('',(#456,#264),#286,.T.);
#2649=ADVANCED_FACE('',(#457),#2618,.T.);
#2650=ADVANCED_FACE('',(#458),#287,.F.);
#2651=ADVANCED_FACE('',(#459),#288,.T.);
#2652=ADVANCED_FACE('',(#460),#289,.T.);
#2653=ADVANCED_FACE('',(#461),#290,.T.);
#2654=ADVANCED_FACE('',(#462),#291,.T.);
#2655=ADVANCED_FACE('',(#463),#292,.T.);
#2656=ADVANCED_FACE('',(#464),#293,.T.);
#2657=ADVANCED_FACE('',(#465),#294,.F.);
#2658=ADVANCED_FACE('',(#466),#295,.T.);
#2659=ADVANCED_FACE('',(#467),#296,.T.);
#2660=ADVANCED_FACE('',(#468),#297,.T.);
#2661=ADVANCED_FACE('',(#469),#298,.T.);
#2662=ADVANCED_FACE('',(#470),#299,.T.);
#2663=ADVANCED_FACE('',(#471),#300,.F.);
#2664=ADVANCED_FACE('',(#472),#301,.T.);
#2665=ADVANCED_FACE('',(#473),#302,.T.);
#2666=ADVANCED_FACE('',(#474),#303,.T.);
#2667=ADVANCED_FACE('',(#475),#304,.T.);
#2668=ADVANCED_FACE('',(#476),#305,.T.);
#2669=ADVANCED_FACE('',(#477),#306,.F.);
#2670=ADVANCED_FACE('',(#478),#307,.T.);
#2671=ADVANCED_FACE('',(#479),#308,.T.);
#2672=ADVANCED_FACE('',(#480),#309,.T.);
#2673=ADVANCED_FACE('',(#481),#310,.T.);
#2674=ADVANCED_FACE('',(#482),#311,.T.);
#2675=ADVANCED_FACE('',(#483),#312,.F.);
#2676=ADVANCED_FACE('',(#484),#313,.T.);
#2677=ADVANCED_FACE('',(#485),#314,.T.);
#2678=ADVANCED_FACE('',(#486),#315,.T.);
#2679=ADVANCED_FACE('',(#487),#316,.T.);
#2680=ADVANCED_FACE('',(#488),#317,.T.);
#2681=ADVANCED_FACE('',(#489),#318,.F.);
#2682=ADVANCED_FACE('',(#490),#319,.T.);
#2683=ADVANCED_FACE('',(#491),#320,.T.);
#2684=ADVANCED_FACE('',(#492),#321,.T.);
#2685=ADVANCED_FACE('',(#493),#322,.T.);
#2686=ADVANCED_FACE('',(#494),#323,.T.);
#2687=ADVANCED_FACE('',(#495),#324,.F.);
#2688=ADVANCED_FACE('',(#496),#325,.T.);
#2689=ADVANCED_FACE('',(#497),#326,.T.);
#2690=ADVANCED_FACE('',(#498),#327,.T.);
#2691=ADVANCED_FACE('',(#499),#328,.T.);
#2692=ADVANCED_FACE('',(#500),#329,.T.);
#2693=ADVANCED_FACE('',(#501),#330,.F.);
#2694=ADVANCED_FACE('',(#502),#331,.T.);
#2695=ADVANCED_FACE('',(#503),#332,.T.);
#2696=ADVANCED_FACE('',(#504),#333,.T.);
#2697=ADVANCED_FACE('',(#505),#334,.T.);
#2698=ADVANCED_FACE('',(#506),#335,.T.);
#2699=ADVANCED_FACE('',(#507),#336,.F.);
#2700=ADVANCED_FACE('',(#508),#337,.T.);
#2701=ADVANCED_FACE('',(#509),#338,.T.);
#2702=ADVANCED_FACE('',(#510),#339,.T.);
#2703=ADVANCED_FACE('',(#511),#340,.T.);
#2704=ADVANCED_FACE('',(#512),#341,.T.);
#2705=ADVANCED_FACE('',(#513),#342,.F.);
#2706=ADVANCED_FACE('',(#514),#343,.T.);
#2707=ADVANCED_FACE('',(#515),#344,.T.);
#2708=ADVANCED_FACE('',(#516),#345,.T.);
#2709=ADVANCED_FACE('',(#517),#346,.T.);
#2710=ADVANCED_FACE('',(#518),#347,.T.);
#2711=ADVANCED_FACE('',(#519),#348,.F.);
#2712=ADVANCED_FACE('',(#520),#349,.T.);
#2713=ADVANCED_FACE('',(#521),#350,.T.);
#2714=ADVANCED_FACE('',(#522),#351,.T.);
#2715=ADVANCED_FACE('',(#523),#352,.T.);
#2716=ADVANCED_FACE('',(#524),#353,.T.);
#2717=ADVANCED_FACE('',(#525),#354,.F.);
#2718=ADVANCED_FACE('',(#526),#355,.T.);
#2719=ADVANCED_FACE('',(#527),#356,.T.);
#2720=ADVANCED_FACE('',(#528),#357,.T.);
#2721=ADVANCED_FACE('',(#529),#358,.T.);
#2722=ADVANCED_FACE('',(#530),#359,.T.);
#2723=ADVANCED_FACE('',(#531),#360,.F.);
#2724=ADVANCED_FACE('',(#532),#361,.T.);
#2725=ADVANCED_FACE('',(#533),#362,.T.);
#2726=ADVANCED_FACE('',(#534),#363,.T.);
#2727=ADVANCED_FACE('',(#535),#364,.T.);
#2728=ADVANCED_FACE('',(#536),#365,.T.);
#2729=ADVANCED_FACE('',(#537),#366,.F.);
#2730=ADVANCED_FACE('',(#538),#367,.T.);
#2731=ADVANCED_FACE('',(#539),#368,.T.);
#2732=ADVANCED_FACE('',(#540),#369,.T.);
#2733=ADVANCED_FACE('',(#541),#370,.T.);
#2734=ADVANCED_FACE('',(#542),#371,.T.);
#2735=ADVANCED_FACE('',(#543),#372,.F.);
#2736=ADVANCED_FACE('',(#544),#373,.T.);
#2737=ADVANCED_FACE('',(#545),#374,.T.);
#2738=ADVANCED_FACE('',(#546),#375,.T.);
#2739=ADVANCED_FACE('',(#547),#376,.T.);
#2740=ADVANCED_FACE('',(#548),#377,.T.);
#2741=ADVANCED_FACE('',(#549),#378,.F.);
#2742=ADVANCED_FACE('',(#550),#379,.T.);
#2743=ADVANCED_FACE('',(#551),#380,.T.);
#2744=ADVANCED_FACE('',(#552),#381,.T.);
#2745=ADVANCED_FACE('',(#553),#382,.T.);
#2746=ADVANCED_FACE('',(#554),#383,.T.);
#2747=ADVANCED_FACE('',(#555),#384,.F.);
#2748=ADVANCED_FACE('',(#556),#385,.T.);
#2749=ADVANCED_FACE('',(#557),#386,.T.);
#2750=ADVANCED_FACE('',(#558),#387,.T.);
#2751=ADVANCED_FACE('',(#559),#388,.T.);
#2752=ADVANCED_FACE('',(#560),#389,.T.);
#2753=ADVANCED_FACE('',(#561),#390,.F.);
#2754=ADVANCED_FACE('',(#562),#391,.T.);
#2755=ADVANCED_FACE('',(#563),#392,.T.);
#2756=ADVANCED_FACE('',(#564),#393,.T.);
#2757=ADVANCED_FACE('',(#565),#394,.T.);
#2758=ADVANCED_FACE('',(#566),#395,.T.);
#2759=ADVANCED_FACE('',(#567),#396,.F.);
#2760=ADVANCED_FACE('',(#568),#397,.T.);
#2761=ADVANCED_FACE('',(#569),#398,.T.);
#2762=ADVANCED_FACE('',(#570),#399,.T.);
#2763=ADVANCED_FACE('',(#571),#400,.T.);
#2764=ADVANCED_FACE('',(#572),#401,.T.);
#2765=ADVANCED_FACE('',(#573),#402,.F.);
#2766=ADVANCED_FACE('',(#574),#403,.T.);
#2767=ADVANCED_FACE('',(#575),#404,.T.);
#2768=ADVANCED_FACE('',(#576),#405,.T.);
#2769=ADVANCED_FACE('',(#577),#406,.T.);
#2770=ADVANCED_FACE('',(#578),#407,.T.);
#2771=ADVANCED_FACE('',(#579),#408,.F.);
#2772=ADVANCED_FACE('',(#580),#409,.T.);
#2773=ADVANCED_FACE('',(#581),#410,.T.);
#2774=ADVANCED_FACE('',(#582),#411,.T.);
#2775=ADVANCED_FACE('',(#583),#412,.T.);
#2776=ADVANCED_FACE('',(#584),#413,.T.);
#2777=ADVANCED_FACE('',(#585),#414,.F.);
#2778=ADVANCED_FACE('',(#586),#415,.T.);
#2779=ADVANCED_FACE('',(#587),#416,.T.);
#2780=ADVANCED_FACE('',(#588),#417,.T.);
#2781=ADVANCED_FACE('',(#589),#418,.T.);
#2782=ADVANCED_FACE('',(#590),#419,.T.);
#2783=ADVANCED_FACE('',(#591),#420,.F.);
#2784=ADVANCED_FACE('',(#592),#421,.T.);
#2785=ADVANCED_FACE('',(#593),#422,.T.);
#2786=ADVANCED_FACE('',(#594),#423,.T.);
#2787=ADVANCED_FACE('',(#595),#424,.T.);
#2788=ADVANCED_FACE('',(#596),#425,.T.);
#2789=ADVANCED_FACE('',(#597),#426,.F.);
#2790=CLOSED_SHELL('',(#2619,#2620,#2621,#2622));
#2791=CLOSED_SHELL('',(#2623,#2624,#2625));
#2792=CLOSED_SHELL('',(#2626,#2627,#2628,#2629,#2630,#2631));
#2793=CLOSED_SHELL('',(#2632,#2633,#2634,#2635));
#2794=CLOSED_SHELL('',(#2636,#2637,#2638));
#2795=CLOSED_SHELL('',(#2639,#2640,#2641,#2642,#2643,#2644));
#2796=CLOSED_SHELL('',(#2645,#2646,#2647,#2648));
#2797=CLOSED_SHELL('',(#2649,#2650,#2651));
#2798=CLOSED_SHELL('',(#2652,#2653,#2654,#2655,#2656,#2657));
#2799=CLOSED_SHELL('',(#2658,#2659,#2660,#2661,#2662,#2663));
#2800=CLOSED_SHELL('',(#2664,#2665,#2666,#2667,#2668,#2669));
#2801=CLOSED_SHELL('',(#2670,#2671,#2672,#2673,#2674,#2675));
#2802=CLOSED_SHELL('',(#2676,#2677,#2678,#2679,#2680,#2681));
#2803=CLOSED_SHELL('',(#2682,#2683,#2684,#2685,#2686,#2687));
#2804=CLOSED_SHELL('',(#2688,#2689,#2690,#2691,#2692,#2693));
#2805=CLOSED_SHELL('',(#2694,#2695,#2696,#2697,#2698,#2699));
#2806=CLOSED_SHELL('',(#2700,#2701,#2702,#2703,#2704,#2705));
#2807=CLOSED_SHELL('',(#2706,#2707,#2708,#2709,#2710,#2711));
#2808=CLOSED_SHELL('',(#2712,#2713,#2714,#2715,#2716,#2717));
#2809=CLOSED_SHELL('',(#2718,#2719,#2720,#2721,#2722,#2723));
#2810=CLOSED_SHELL('',(#2724,#2725,#2726,#2727,#2728,#2729));
#2811=CLOSED_SHELL('',(#2730,#2731,#2732,#2733,#2734,#2735));
#2812=CLOSED_SHELL('',(#2736,#2737,#2738,#2739,#2740,#2741));
#2813=CLOSED_SHELL('',(#2742,#2743,#2744,#2745,#2746,#2747));
#2814=CLOSED_SHELL('',(#2748,#2749,#2750,#2751,#2752,#2753));
#2815=CLOSED_SHELL('',(#2754,#2755,#2756,#2757,#2758,#2759));
#2816=CLOSED_SHELL('',(#2760,#2761,#2762,#2763,#2764,#2765));
#2817=CLOSED_SHELL('',(#2766,#2767,#2768,#2769,#2770,#2771));
#2818=CLOSED_SHELL('',(#2772,#2773,#2774,#2775,#2776,#2777));
#2819=CLOSED_SHELL('',(#2778,#2779,#2780,#2781,#2782,#2783));
#2820=CLOSED_SHELL('',(#2784,#2785,#2786,#2787,#2788,#2789));
#2821=DERIVED_UNIT_ELEMENT(#2884,1.);
#2822=DERIVED_UNIT_ELEMENT(#5278,-3.);
#2823=DERIVED_UNIT_ELEMENT(#2884,1.);
#2824=DERIVED_UNIT_ELEMENT(#5278,-3.);
#2825=DERIVED_UNIT_ELEMENT(#2884,1.);
#2826=DERIVED_UNIT_ELEMENT(#5278,-3.);
#2827=DERIVED_UNIT_ELEMENT(#2884,1.);
#2828=DERIVED_UNIT_ELEMENT(#5278,-3.);
#2829=DERIVED_UNIT_ELEMENT(#2884,1.);
#2830=DERIVED_UNIT_ELEMENT(#5278,-3.);
#2831=DERIVED_UNIT_ELEMENT(#2884,1.);
#2832=DERIVED_UNIT_ELEMENT(#5278,-3.);
#2833=DERIVED_UNIT_ELEMENT(#2884,1.);
#2834=DERIVED_UNIT_ELEMENT(#5278,-3.);
#2835=DERIVED_UNIT_ELEMENT(#2884,1.);
#2836=DERIVED_UNIT_ELEMENT(#5278,-3.);
#2837=DERIVED_UNIT_ELEMENT(#2884,1.);
#2838=DERIVED_UNIT_ELEMENT(#5278,-3.);
#2839=DERIVED_UNIT_ELEMENT(#2884,1.);
#2840=DERIVED_UNIT_ELEMENT(#5278,-3.);
#2841=DERIVED_UNIT_ELEMENT(#2884,1.);
#2842=DERIVED_UNIT_ELEMENT(#5278,-3.);
#2843=DERIVED_UNIT_ELEMENT(#2884,1.);
#2844=DERIVED_UNIT_ELEMENT(#5278,-3.);
#2845=DERIVED_UNIT_ELEMENT(#2884,1.);
#2846=DERIVED_UNIT_ELEMENT(#5278,-3.);
#2847=DERIVED_UNIT_ELEMENT(#2884,1.);
#2848=DERIVED_UNIT_ELEMENT(#5278,-3.);
#2849=DERIVED_UNIT_ELEMENT(#2884,1.);
#2850=DERIVED_UNIT_ELEMENT(#5278,-3.);
#2851=DERIVED_UNIT_ELEMENT(#2884,1.);
#2852=DERIVED_UNIT_ELEMENT(#5278,-3.);
#2853=DERIVED_UNIT_ELEMENT(#2884,1.);
#2854=DERIVED_UNIT_ELEMENT(#5278,-3.);
#2855=DERIVED_UNIT_ELEMENT(#2884,1.);
#2856=DERIVED_UNIT_ELEMENT(#5278,-3.);
#2857=DERIVED_UNIT_ELEMENT(#2884,1.);
#2858=DERIVED_UNIT_ELEMENT(#5278,-3.);
#2859=DERIVED_UNIT_ELEMENT(#2884,1.);
#2860=DERIVED_UNIT_ELEMENT(#5278,-3.);
#2861=DERIVED_UNIT_ELEMENT(#2884,1.);
#2862=DERIVED_UNIT_ELEMENT(#5278,-3.);
#2863=DERIVED_UNIT_ELEMENT(#2884,1.);
#2864=DERIVED_UNIT_ELEMENT(#5278,-3.);
#2865=DERIVED_UNIT_ELEMENT(#2884,1.);
#2866=DERIVED_UNIT_ELEMENT(#5278,-3.);
#2867=DERIVED_UNIT_ELEMENT(#2884,1.);
#2868=DERIVED_UNIT_ELEMENT(#5278,-3.);
#2869=DERIVED_UNIT_ELEMENT(#2884,1.);
#2870=DERIVED_UNIT_ELEMENT(#5278,-3.);
#2871=DERIVED_UNIT_ELEMENT(#2884,1.);
#2872=DERIVED_UNIT_ELEMENT(#5278,-3.);
#2873=DERIVED_UNIT_ELEMENT(#2884,1.);
#2874=DERIVED_UNIT_ELEMENT(#5278,-3.);
#2875=DERIVED_UNIT_ELEMENT(#2884,1.);
#2876=DERIVED_UNIT_ELEMENT(#5278,-3.);
#2877=DERIVED_UNIT_ELEMENT(#2884,1.);
#2878=DERIVED_UNIT_ELEMENT(#5278,-3.);
#2879=DERIVED_UNIT_ELEMENT(#2884,1.);
#2880=DERIVED_UNIT_ELEMENT(#5278,-3.);
#2881=DERIVED_UNIT_ELEMENT(#2884,1.);
#2882=DERIVED_UNIT_ELEMENT(#5278,-3.);
#2883=DIMENSIONAL_EXPONENTS(0.,1.,0.,0.,0.,0.,0.);
#2884=(
CONVERSION_BASED_UNIT('gram',#2886)
MASS_UNIT()
NAMED_UNIT(#2883)
);
#2885=(
MASS_UNIT()
NAMED_UNIT(*)
SI_UNIT(.KILO.,.GRAM.)
);
#2886=MASS_MEASURE_WITH_UNIT(MASS_MEASURE(0.001),#2885);
#2887=DERIVED_UNIT((#2821,#2822));
#2888=DERIVED_UNIT((#2823,#2824));
#2889=DERIVED_UNIT((#2825,#2826));
#2890=DERIVED_UNIT((#2827,#2828));
#2891=DERIVED_UNIT((#2829,#2830));
#2892=DERIVED_UNIT((#2831,#2832));
#2893=DERIVED_UNIT((#2833,#2834));
#2894=DERIVED_UNIT((#2835,#2836));
#2895=DERIVED_UNIT((#2837,#2838));
#2896=DERIVED_UNIT((#2839,#2840));
#2897=DERIVED_UNIT((#2841,#2842));
#2898=DERIVED_UNIT((#2843,#2844));
#2899=DERIVED_UNIT((#2845,#2846));
#2900=DERIVED_UNIT((#2847,#2848));
#2901=DERIVED_UNIT((#2849,#2850));
#2902=DERIVED_UNIT((#2851,#2852));
#2903=DERIVED_UNIT((#2853,#2854));
#2904=DERIVED_UNIT((#2855,#2856));
#2905=DERIVED_UNIT((#2857,#2858));
#2906=DERIVED_UNIT((#2859,#2860));
#2907=DERIVED_UNIT((#2861,#2862));
#2908=DERIVED_UNIT((#2863,#2864));
#2909=DERIVED_UNIT((#2865,#2866));
#2910=DERIVED_UNIT((#2867,#2868));
#2911=DERIVED_UNIT((#2869,#2870));
#2912=DERIVED_UNIT((#2871,#2872));
#2913=DERIVED_UNIT((#2873,#2874));
#2914=DERIVED_UNIT((#2875,#2876));
#2915=DERIVED_UNIT((#2877,#2878));
#2916=DERIVED_UNIT((#2879,#2880));
#2917=DERIVED_UNIT((#2881,#2882));
#2918=MEASURE_REPRESENTATION_ITEM('density measure',
POSITIVE_RATIO_MEASURE(1.),#2887);
#2919=MEASURE_REPRESENTATION_ITEM('density measure',
POSITIVE_RATIO_MEASURE(1.),#2888);
#2920=MEASURE_REPRESENTATION_ITEM('density measure',
POSITIVE_RATIO_MEASURE(1.),#2889);
#2921=MEASURE_REPRESENTATION_ITEM('density measure',
POSITIVE_RATIO_MEASURE(1.),#2890);
#2922=MEASURE_REPRESENTATION_ITEM('density measure',
POSITIVE_RATIO_MEASURE(1.),#2891);
#2923=MEASURE_REPRESENTATION_ITEM('density measure',
POSITIVE_RATIO_MEASURE(1.),#2892);
#2924=MEASURE_REPRESENTATION_ITEM('density measure',
POSITIVE_RATIO_MEASURE(1.),#2893);
#2925=MEASURE_REPRESENTATION_ITEM('density measure',
POSITIVE_RATIO_MEASURE(1.),#2894);
#2926=MEASURE_REPRESENTATION_ITEM('density measure',
POSITIVE_RATIO_MEASURE(1.),#2895);
#2927=MEASURE_REPRESENTATION_ITEM('density measure',
POSITIVE_RATIO_MEASURE(1.),#2896);
#2928=MEASURE_REPRESENTATION_ITEM('density measure',
POSITIVE_RATIO_MEASURE(1.),#2897);
#2929=MEASURE_REPRESENTATION_ITEM('density measure',
POSITIVE_RATIO_MEASURE(1.),#2898);
#2930=MEASURE_REPRESENTATION_ITEM('density measure',
POSITIVE_RATIO_MEASURE(1.),#2899);
#2931=MEASURE_REPRESENTATION_ITEM('density measure',
POSITIVE_RATIO_MEASURE(1.),#2900);
#2932=MEASURE_REPRESENTATION_ITEM('density measure',
POSITIVE_RATIO_MEASURE(1.),#2901);
#2933=MEASURE_REPRESENTATION_ITEM('density measure',
POSITIVE_RATIO_MEASURE(1.),#2902);
#2934=MEASURE_REPRESENTATION_ITEM('density measure',
POSITIVE_RATIO_MEASURE(1.),#2903);
#2935=MEASURE_REPRESENTATION_ITEM('density measure',
POSITIVE_RATIO_MEASURE(1.),#2904);
#2936=MEASURE_REPRESENTATION_ITEM('density measure',
POSITIVE_RATIO_MEASURE(1.),#2905);
#2937=MEASURE_REPRESENTATION_ITEM('density measure',
POSITIVE_RATIO_MEASURE(1.),#2906);
#2938=MEASURE_REPRESENTATION_ITEM('density measure',
POSITIVE_RATIO_MEASURE(1.),#2907);
#2939=MEASURE_REPRESENTATION_ITEM('density measure',
POSITIVE_RATIO_MEASURE(1.),#2908);
#2940=MEASURE_REPRESENTATION_ITEM('density measure',
POSITIVE_RATIO_MEASURE(1.),#2909);
#2941=MEASURE_REPRESENTATION_ITEM('density measure',
POSITIVE_RATIO_MEASURE(1.),#2910);
#2942=MEASURE_REPRESENTATION_ITEM('density measure',
POSITIVE_RATIO_MEASURE(1.),#2911);
#2943=MEASURE_REPRESENTATION_ITEM('density measure',
POSITIVE_RATIO_MEASURE(1.),#2912);
#2944=MEASURE_REPRESENTATION_ITEM('density measure',
POSITIVE_RATIO_MEASURE(1.),#2913);
#2945=MEASURE_REPRESENTATION_ITEM('density measure',
POSITIVE_RATIO_MEASURE(1.),#2914);
#2946=MEASURE_REPRESENTATION_ITEM('density measure',
POSITIVE_RATIO_MEASURE(1.),#2915);
#2947=MEASURE_REPRESENTATION_ITEM('density measure',
POSITIVE_RATIO_MEASURE(1.),#2916);
#2948=MEASURE_REPRESENTATION_ITEM('density measure',
POSITIVE_RATIO_MEASURE(1.),#2917);
#2949=PROPERTY_DEFINITION_REPRESENTATION(#3104,#3011);
#2950=PROPERTY_DEFINITION_REPRESENTATION(#3105,#3012);
#2951=PROPERTY_DEFINITION_REPRESENTATION(#3106,#3013);
#2952=PROPERTY_DEFINITION_REPRESENTATION(#3107,#3014);
#2953=PROPERTY_DEFINITION_REPRESENTATION(#3108,#3015);
#2954=PROPERTY_DEFINITION_REPRESENTATION(#3109,#3016);
#2955=PROPERTY_DEFINITION_REPRESENTATION(#3110,#3017);
#2956=PROPERTY_DEFINITION_REPRESENTATION(#3111,#3018);
#2957=PROPERTY_DEFINITION_REPRESENTATION(#3112,#3019);
#2958=PROPERTY_DEFINITION_REPRESENTATION(#3113,#3020);
#2959=PROPERTY_DEFINITION_REPRESENTATION(#3114,#3021);
#2960=PROPERTY_DEFINITION_REPRESENTATION(#3115,#3022);
#2961=PROPERTY_DEFINITION_REPRESENTATION(#3116,#3023);
#2962=PROPERTY_DEFINITION_REPRESENTATION(#3117,#3024);
#2963=PROPERTY_DEFINITION_REPRESENTATION(#3118,#3025);
#2964=PROPERTY_DEFINITION_REPRESENTATION(#3119,#3026);
#2965=PROPERTY_DEFINITION_REPRESENTATION(#3120,#3027);
#2966=PROPERTY_DEFINITION_REPRESENTATION(#3121,#3028);
#2967=PROPERTY_DEFINITION_REPRESENTATION(#3122,#3029);
#2968=PROPERTY_DEFINITION_REPRESENTATION(#3123,#3030);
#2969=PROPERTY_DEFINITION_REPRESENTATION(#3124,#3031);
#2970=PROPERTY_DEFINITION_REPRESENTATION(#3125,#3032);
#2971=PROPERTY_DEFINITION_REPRESENTATION(#3126,#3033);
#2972=PROPERTY_DEFINITION_REPRESENTATION(#3127,#3034);
#2973=PROPERTY_DEFINITION_REPRESENTATION(#3128,#3035);
#2974=PROPERTY_DEFINITION_REPRESENTATION(#3129,#3036);
#2975=PROPERTY_DEFINITION_REPRESENTATION(#3130,#3037);
#2976=PROPERTY_DEFINITION_REPRESENTATION(#3131,#3038);
#2977=PROPERTY_DEFINITION_REPRESENTATION(#3132,#3039);
#2978=PROPERTY_DEFINITION_REPRESENTATION(#3133,#3040);
#2979=PROPERTY_DEFINITION_REPRESENTATION(#3134,#3041);
#2980=PROPERTY_DEFINITION_REPRESENTATION(#3135,#3042);
#2981=PROPERTY_DEFINITION_REPRESENTATION(#3136,#3043);
#2982=PROPERTY_DEFINITION_REPRESENTATION(#3137,#3044);
#2983=PROPERTY_DEFINITION_REPRESENTATION(#3138,#3045);
#2984=PROPERTY_DEFINITION_REPRESENTATION(#3139,#3046);
#2985=PROPERTY_DEFINITION_REPRESENTATION(#3140,#3047);
#2986=PROPERTY_DEFINITION_REPRESENTATION(#3141,#3048);
#2987=PROPERTY_DEFINITION_REPRESENTATION(#3142,#3049);
#2988=PROPERTY_DEFINITION_REPRESENTATION(#3143,#3050);
#2989=PROPERTY_DEFINITION_REPRESENTATION(#3144,#3051);
#2990=PROPERTY_DEFINITION_REPRESENTATION(#3145,#3052);
#2991=PROPERTY_DEFINITION_REPRESENTATION(#3146,#3053);
#2992=PROPERTY_DEFINITION_REPRESENTATION(#3147,#3054);
#2993=PROPERTY_DEFINITION_REPRESENTATION(#3148,#3055);
#2994=PROPERTY_DEFINITION_REPRESENTATION(#3149,#3056);
#2995=PROPERTY_DEFINITION_REPRESENTATION(#3150,#3057);
#2996=PROPERTY_DEFINITION_REPRESENTATION(#3151,#3058);
#2997=PROPERTY_DEFINITION_REPRESENTATION(#3152,#3059);
#2998=PROPERTY_DEFINITION_REPRESENTATION(#3153,#3060);
#2999=PROPERTY_DEFINITION_REPRESENTATION(#3154,#3061);
#3000=PROPERTY_DEFINITION_REPRESENTATION(#3155,#3062);
#3001=PROPERTY_DEFINITION_REPRESENTATION(#3156,#3063);
#3002=PROPERTY_DEFINITION_REPRESENTATION(#3157,#3064);
#3003=PROPERTY_DEFINITION_REPRESENTATION(#3158,#3065);
#3004=PROPERTY_DEFINITION_REPRESENTATION(#3159,#3066);
#3005=PROPERTY_DEFINITION_REPRESENTATION(#3160,#3067);
#3006=PROPERTY_DEFINITION_REPRESENTATION(#3161,#3068);
#3007=PROPERTY_DEFINITION_REPRESENTATION(#3162,#3069);
#3008=PROPERTY_DEFINITION_REPRESENTATION(#3163,#3070);
#3009=PROPERTY_DEFINITION_REPRESENTATION(#3164,#3071);
#3010=PROPERTY_DEFINITION_REPRESENTATION(#3165,#3072);
#3011=REPRESENTATION('material name',(#3073),#5245);
#3012=REPRESENTATION('density',(#2918),#5245);
#3013=REPRESENTATION('material name',(#3074),#5246);
#3014=REPRESENTATION('density',(#2919),#5246);
#3015=REPRESENTATION('material name',(#3075),#5247);
#3016=REPRESENTATION('density',(#2920),#5247);
#3017=REPRESENTATION('material name',(#3076),#5248);
#3018=REPRESENTATION('density',(#2921),#5248);
#3019=REPRESENTATION('material name',(#3077),#5249);
#3020=REPRESENTATION('density',(#2922),#5249);
#3021=REPRESENTATION('material name',(#3078),#5250);
#3022=REPRESENTATION('density',(#2923),#5250);
#3023=REPRESENTATION('material name',(#3079),#5251);
#3024=REPRESENTATION('density',(#2924),#5251);
#3025=REPRESENTATION('material name',(#3080),#5252);
#3026=REPRESENTATION('density',(#2925),#5252);
#3027=REPRESENTATION('material name',(#3081),#5253);
#3028=REPRESENTATION('density',(#2926),#5253);
#3029=REPRESENTATION('material name',(#3082),#5254);
#3030=REPRESENTATION('density',(#2927),#5254);
#3031=REPRESENTATION('material name',(#3083),#5255);
#3032=REPRESENTATION('density',(#2928),#5255);
#3033=REPRESENTATION('material name',(#3084),#5256);
#3034=REPRESENTATION('density',(#2929),#5256);
#3035=REPRESENTATION('material name',(#3085),#5257);
#3036=REPRESENTATION('density',(#2930),#5257);
#3037=REPRESENTATION('material name',(#3086),#5258);
#3038=REPRESENTATION('density',(#2931),#5258);
#3039=REPRESENTATION('material name',(#3087),#5259);
#3040=REPRESENTATION('density',(#2932),#5259);
#3041=REPRESENTATION('material name',(#3088),#5260);
#3042=REPRESENTATION('density',(#2933),#5260);
#3043=REPRESENTATION('material name',(#3089),#5261);
#3044=REPRESENTATION('density',(#2934),#5261);
#3045=REPRESENTATION('material name',(#3090),#5262);
#3046=REPRESENTATION('density',(#2935),#5262);
#3047=REPRESENTATION('material name',(#3091),#5263);
#3048=REPRESENTATION('density',(#2936),#5263);
#3049=REPRESENTATION('material name',(#3092),#5264);
#3050=REPRESENTATION('density',(#2937),#5264);
#3051=REPRESENTATION('material name',(#3093),#5265);
#3052=REPRESENTATION('density',(#2938),#5265);
#3053=REPRESENTATION('material name',(#3094),#5266);
#3054=REPRESENTATION('density',(#2939),#5266);
#3055=REPRESENTATION('material name',(#3095),#5267);
#3056=REPRESENTATION('density',(#2940),#5267);
#3057=REPRESENTATION('material name',(#3096),#5268);
#3058=REPRESENTATION('density',(#2941),#5268);
#3059=REPRESENTATION('material name',(#3097),#5269);
#3060=REPRESENTATION('density',(#2942),#5269);
#3061=REPRESENTATION('material name',(#3098),#5270);
#3062=REPRESENTATION('density',(#2943),#5270);
#3063=REPRESENTATION('material name',(#3099),#5271);
#3064=REPRESENTATION('density',(#2944),#5271);
#3065=REPRESENTATION('material name',(#3100),#5272);
#3066=REPRESENTATION('density',(#2945),#5272);
#3067=REPRESENTATION('material name',(#3101),#5273);
#3068=REPRESENTATION('density',(#2946),#5273);
#3069=REPRESENTATION('material name',(#3102),#5274);
#3070=REPRESENTATION('density',(#2947),#5274);
#3071=REPRESENTATION('material name',(#3103),#5275);
#3072=REPRESENTATION('density',(#2948),#5275);
#3073=DESCRIPTIVE_REPRESENTATION_ITEM('\X2\4E00822C\X0\','\X2\4E00822C\X0\');
#3074=DESCRIPTIVE_REPRESENTATION_ITEM('\X2\4E00822C\X0\','\X2\4E00822C\X0\');
#3075=DESCRIPTIVE_REPRESENTATION_ITEM('\X2\4E00822C\X0\','\X2\4E00822C\X0\');
#3076=DESCRIPTIVE_REPRESENTATION_ITEM('\X2\4E00822C\X0\','\X2\4E00822C\X0\');
#3077=DESCRIPTIVE_REPRESENTATION_ITEM('\X2\4E00822C\X0\','\X2\4E00822C\X0\');
#3078=DESCRIPTIVE_REPRESENTATION_ITEM('\X2\4E00822C\X0\','\X2\4E00822C\X0\');
#3079=DESCRIPTIVE_REPRESENTATION_ITEM('\X2\4E00822C\X0\','\X2\4E00822C\X0\');
#3080=DESCRIPTIVE_REPRESENTATION_ITEM('\X2\4E00822C\X0\','\X2\4E00822C\X0\');
#3081=DESCRIPTIVE_REPRESENTATION_ITEM('\X2\4E00822C\X0\','\X2\4E00822C\X0\');
#3082=DESCRIPTIVE_REPRESENTATION_ITEM('\X2\4E00822C\X0\','\X2\4E00822C\X0\');
#3083=DESCRIPTIVE_REPRESENTATION_ITEM('\X2\4E00822C\X0\','\X2\4E00822C\X0\');
#3084=DESCRIPTIVE_REPRESENTATION_ITEM('\X2\4E00822C\X0\','\X2\4E00822C\X0\');
#3085=DESCRIPTIVE_REPRESENTATION_ITEM('\X2\4E00822C\X0\','\X2\4E00822C\X0\');
#3086=DESCRIPTIVE_REPRESENTATION_ITEM('\X2\4E00822C\X0\','\X2\4E00822C\X0\');
#3087=DESCRIPTIVE_REPRESENTATION_ITEM('\X2\4E00822C\X0\','\X2\4E00822C\X0\');
#3088=DESCRIPTIVE_REPRESENTATION_ITEM('\X2\4E00822C\X0\','\X2\4E00822C\X0\');
#3089=DESCRIPTIVE_REPRESENTATION_ITEM('\X2\4E00822C\X0\','\X2\4E00822C\X0\');
#3090=DESCRIPTIVE_REPRESENTATION_ITEM('\X2\4E00822C\X0\','\X2\4E00822C\X0\');
#3091=DESCRIPTIVE_REPRESENTATION_ITEM('\X2\4E00822C\X0\','\X2\4E00822C\X0\');
#3092=DESCRIPTIVE_REPRESENTATION_ITEM('\X2\4E00822C\X0\','\X2\4E00822C\X0\');
#3093=DESCRIPTIVE_REPRESENTATION_ITEM('\X2\4E00822C\X0\','\X2\4E00822C\X0\');
#3094=DESCRIPTIVE_REPRESENTATION_ITEM('\X2\4E00822C\X0\','\X2\4E00822C\X0\');
#3095=DESCRIPTIVE_REPRESENTATION_ITEM('\X2\4E00822C\X0\','\X2\4E00822C\X0\');
#3096=DESCRIPTIVE_REPRESENTATION_ITEM('\X2\4E00822C\X0\','\X2\4E00822C\X0\');
#3097=DESCRIPTIVE_REPRESENTATION_ITEM('\X2\4E00822C\X0\','\X2\4E00822C\X0\');
#3098=DESCRIPTIVE_REPRESENTATION_ITEM('\X2\4E00822C\X0\','\X2\4E00822C\X0\');
#3099=DESCRIPTIVE_REPRESENTATION_ITEM('\X2\4E00822C\X0\','\X2\4E00822C\X0\');
#3100=DESCRIPTIVE_REPRESENTATION_ITEM('\X2\4E00822C\X0\','\X2\4E00822C\X0\');
#3101=DESCRIPTIVE_REPRESENTATION_ITEM('\X2\4E00822C\X0\','\X2\4E00822C\X0\');
#3102=DESCRIPTIVE_REPRESENTATION_ITEM('\X2\4E00822C\X0\','\X2\4E00822C\X0\');
#3103=DESCRIPTIVE_REPRESENTATION_ITEM('\X2\4E00822C\X0\','\X2\4E00822C\X0\');
#3104=PROPERTY_DEFINITION('material property','material name',#5410);
#3105=PROPERTY_DEFINITION('material property','density of part',#5410);
#3106=PROPERTY_DEFINITION('material property','material name',#5411);
#3107=PROPERTY_DEFINITION('material property','density of part',#5411);
#3108=PROPERTY_DEFINITION('material property','material name',#5412);
#3109=PROPERTY_DEFINITION('material property','density of part',#5412);
#3110=PROPERTY_DEFINITION('material property','material name',#5413);
#3111=PROPERTY_DEFINITION('material property','density of part',#5413);
#3112=PROPERTY_DEFINITION('material property','material name',#5414);
#3113=PROPERTY_DEFINITION('material property','density of part',#5414);
#3114=PROPERTY_DEFINITION('material property','material name',#5415);
#3115=PROPERTY_DEFINITION('material property','density of part',#5415);
#3116=PROPERTY_DEFINITION('material property','material name',#5416);
#3117=PROPERTY_DEFINITION('material property','density of part',#5416);
#3118=PROPERTY_DEFINITION('material property','material name',#5417);
#3119=PROPERTY_DEFINITION('material property','density of part',#5417);
#3120=PROPERTY_DEFINITION('material property','material name',#5418);
#3121=PROPERTY_DEFINITION('material property','density of part',#5418);
#3122=PROPERTY_DEFINITION('material property','material name',#5419);
#3123=PROPERTY_DEFINITION('material property','density of part',#5419);
#3124=PROPERTY_DEFINITION('material property','material name',#5420);
#3125=PROPERTY_DEFINITION('material property','density of part',#5420);
#3126=PROPERTY_DEFINITION('material property','material name',#5421);
#3127=PROPERTY_DEFINITION('material property','density of part',#5421);
#3128=PROPERTY_DEFINITION('material property','material name',#5422);
#3129=PROPERTY_DEFINITION('material property','density of part',#5422);
#3130=PROPERTY_DEFINITION('material property','material name',#5423);
#3131=PROPERTY_DEFINITION('material property','density of part',#5423);
#3132=PROPERTY_DEFINITION('material property','material name',#5424);
#3133=PROPERTY_DEFINITION('material property','density of part',#5424);
#3134=PROPERTY_DEFINITION('material property','material name',#5425);
#3135=PROPERTY_DEFINITION('material property','density of part',#5425);
#3136=PROPERTY_DEFINITION('material property','material name',#5426);
#3137=PROPERTY_DEFINITION('material property','density of part',#5426);
#3138=PROPERTY_DEFINITION('material property','material name',#5427);
#3139=PROPERTY_DEFINITION('material property','density of part',#5427);
#3140=PROPERTY_DEFINITION('material property','material name',#5428);
#3141=PROPERTY_DEFINITION('material property','density of part',#5428);
#3142=PROPERTY_DEFINITION('material property','material name',#5429);
#3143=PROPERTY_DEFINITION('material property','density of part',#5429);
#3144=PROPERTY_DEFINITION('material property','material name',#5430);
#3145=PROPERTY_DEFINITION('material property','density of part',#5430);
#3146=PROPERTY_DEFINITION('material property','material name',#5431);
#3147=PROPERTY_DEFINITION('material property','density of part',#5431);
#3148=PROPERTY_DEFINITION('material property','material name',#5432);
#3149=PROPERTY_DEFINITION('material property','density of part',#5432);
#3150=PROPERTY_DEFINITION('material property','material name',#5433);
#3151=PROPERTY_DEFINITION('material property','density of part',#5433);
#3152=PROPERTY_DEFINITION('material property','material name',#5434);
#3153=PROPERTY_DEFINITION('material property','density of part',#5434);
#3154=PROPERTY_DEFINITION('material property','material name',#5435);
#3155=PROPERTY_DEFINITION('material property','density of part',#5435);
#3156=PROPERTY_DEFINITION('material property','material name',#5436);
#3157=PROPERTY_DEFINITION('material property','density of part',#5436);
#3158=PROPERTY_DEFINITION('material property','material name',#5437);
#3159=PROPERTY_DEFINITION('material property','density of part',#5437);
#3160=PROPERTY_DEFINITION('material property','material name',#5438);
#3161=PROPERTY_DEFINITION('material property','density of part',#5438);
#3162=PROPERTY_DEFINITION('material property','material name',#5439);
#3163=PROPERTY_DEFINITION('material property','density of part',#5439);
#3164=PROPERTY_DEFINITION('material property','material name',#5440);
#3165=PROPERTY_DEFINITION('material property','density of part',#5440);
#3166=PRESENTATION_STYLE_ASSIGNMENT((#3167));
#3167=SURFACE_STYLE_USAGE(.BOTH.,#3170);
#3168=SURFACE_STYLE_RENDERING_WITH_PROPERTIES($,#3174,(#3169));
#3169=SURFACE_STYLE_TRANSPARENT(0.);
#3170=SURFACE_SIDE_STYLE('',(#3171,#3168));
#3171=SURFACE_STYLE_FILL_AREA(#3172);
#3172=FILL_AREA_STYLE('',(#3173));
#3173=FILL_AREA_STYLE_COLOUR('',#3174);
#3174=COLOUR_RGB('',0.749019607843137,0.749019607843137,0.749019607843137);
#3175=DATE_TIME_ROLE('creation_date');
#3176=DATE_TIME_ROLE('creation_date');
#3177=DATE_TIME_ROLE('creation_date');
#3178=DATE_TIME_ROLE('creation_date');
#3179=DATE_TIME_ROLE('creation_date');
#3180=DATE_TIME_ROLE('creation_date');
#3181=DATE_TIME_ROLE('creation_date');
#3182=DATE_TIME_ROLE('creation_date');
#3183=DATE_TIME_ROLE('creation_date');
#3184=DATE_TIME_ROLE('creation_date');
#3185=DATE_TIME_ROLE('creation_date');
#3186=DATE_TIME_ROLE('creation_date');
#3187=DATE_TIME_ROLE('creation_date');
#3188=DATE_TIME_ROLE('creation_date');
#3189=DATE_TIME_ROLE('creation_date');
#3190=DATE_TIME_ROLE('creation_date');
#3191=DATE_TIME_ROLE('creation_date');
#3192=DATE_TIME_ROLE('creation_date');
#3193=DATE_TIME_ROLE('creation_date');
#3194=DATE_TIME_ROLE('creation_date');
#3195=DATE_TIME_ROLE('creation_date');
#3196=DATE_TIME_ROLE('creation_date');
#3197=DATE_TIME_ROLE('creation_date');
#3198=DATE_TIME_ROLE('creation_date');
#3199=DATE_TIME_ROLE('creation_date');
#3200=DATE_TIME_ROLE('creation_date');
#3201=DATE_TIME_ROLE('creation_date');
#3202=DATE_TIME_ROLE('creation_date');
#3203=DATE_TIME_ROLE('creation_date');
#3204=DATE_TIME_ROLE('creation_date');
#3205=DATE_TIME_ROLE('creation_date');
#3206=DATE_TIME_ROLE('creation_date');
#3207=APPLIED_DATE_AND_TIME_ASSIGNMENT(#3239,#3175,(#5409));
#3208=APPLIED_DATE_AND_TIME_ASSIGNMENT(#3240,#3176,(#5410));
#3209=APPLIED_DATE_AND_TIME_ASSIGNMENT(#3241,#3177,(#5411));
#3210=APPLIED_DATE_AND_TIME_ASSIGNMENT(#3242,#3178,(#5412));
#3211=APPLIED_DATE_AND_TIME_ASSIGNMENT(#3243,#3179,(#5413));
#3212=APPLIED_DATE_AND_TIME_ASSIGNMENT(#3244,#3180,(#5414));
#3213=APPLIED_DATE_AND_TIME_ASSIGNMENT(#3245,#3181,(#5415));
#3214=APPLIED_DATE_AND_TIME_ASSIGNMENT(#3246,#3182,(#5416));
#3215=APPLIED_DATE_AND_TIME_ASSIGNMENT(#3247,#3183,(#5417));
#3216=APPLIED_DATE_AND_TIME_ASSIGNMENT(#3248,#3184,(#5418));
#3217=APPLIED_DATE_AND_TIME_ASSIGNMENT(#3249,#3185,(#5419));
#3218=APPLIED_DATE_AND_TIME_ASSIGNMENT(#3250,#3186,(#5420));
#3219=APPLIED_DATE_AND_TIME_ASSIGNMENT(#3251,#3187,(#5421));
#3220=APPLIED_DATE_AND_TIME_ASSIGNMENT(#3252,#3188,(#5422));
#3221=APPLIED_DATE_AND_TIME_ASSIGNMENT(#3253,#3189,(#5423));
#3222=APPLIED_DATE_AND_TIME_ASSIGNMENT(#3254,#3190,(#5424));
#3223=APPLIED_DATE_AND_TIME_ASSIGNMENT(#3255,#3191,(#5425));
#3224=APPLIED_DATE_AND_TIME_ASSIGNMENT(#3256,#3192,(#5426));
#3225=APPLIED_DATE_AND_TIME_ASSIGNMENT(#3257,#3193,(#5427));
#3226=APPLIED_DATE_AND_TIME_ASSIGNMENT(#3258,#3194,(#5428));
#3227=APPLIED_DATE_AND_TIME_ASSIGNMENT(#3259,#3195,(#5429));
#3228=APPLIED_DATE_AND_TIME_ASSIGNMENT(#3260,#3196,(#5430));
#3229=APPLIED_DATE_AND_TIME_ASSIGNMENT(#3261,#3197,(#5431));
#3230=APPLIED_DATE_AND_TIME_ASSIGNMENT(#3262,#3198,(#5432));
#3231=APPLIED_DATE_AND_TIME_ASSIGNMENT(#3263,#3199,(#5433));
#3232=APPLIED_DATE_AND_TIME_ASSIGNMENT(#3264,#3200,(#5434));
#3233=APPLIED_DATE_AND_TIME_ASSIGNMENT(#3265,#3201,(#5435));
#3234=APPLIED_DATE_AND_TIME_ASSIGNMENT(#3266,#3202,(#5436));
#3235=APPLIED_DATE_AND_TIME_ASSIGNMENT(#3267,#3203,(#5437));
#3236=APPLIED_DATE_AND_TIME_ASSIGNMENT(#3268,#3204,(#5438));
#3237=APPLIED_DATE_AND_TIME_ASSIGNMENT(#3269,#3205,(#5439));
#3238=APPLIED_DATE_AND_TIME_ASSIGNMENT(#3270,#3206,(#5440));
#3239=DATE_AND_TIME(#3271,#3303);
#3240=DATE_AND_TIME(#3272,#3304);
#3241=DATE_AND_TIME(#3273,#3305);
#3242=DATE_AND_TIME(#3274,#3306);
#3243=DATE_AND_TIME(#3275,#3307);
#3244=DATE_AND_TIME(#3276,#3308);
#3245=DATE_AND_TIME(#3277,#3309);
#3246=DATE_AND_TIME(#3278,#3310);
#3247=DATE_AND_TIME(#3279,#3311);
#3248=DATE_AND_TIME(#3280,#3312);
#3249=DATE_AND_TIME(#3281,#3313);
#3250=DATE_AND_TIME(#3282,#3314);
#3251=DATE_AND_TIME(#3283,#3315);
#3252=DATE_AND_TIME(#3284,#3316);
#3253=DATE_AND_TIME(#3285,#3317);
#3254=DATE_AND_TIME(#3286,#3318);
#3255=DATE_AND_TIME(#3287,#3319);
#3256=DATE_AND_TIME(#3288,#3320);
#3257=DATE_AND_TIME(#3289,#3321);
#3258=DATE_AND_TIME(#3290,#3322);
#3259=DATE_AND_TIME(#3291,#3323);
#3260=DATE_AND_TIME(#3292,#3324);
#3261=DATE_AND_TIME(#3293,#3325);
#3262=DATE_AND_TIME(#3294,#3326);
#3263=DATE_AND_TIME(#3295,#3327);
#3264=DATE_AND_TIME(#3296,#3328);
#3265=DATE_AND_TIME(#3297,#3329);
#3266=DATE_AND_TIME(#3298,#3330);
#3267=DATE_AND_TIME(#3299,#3331);
#3268=DATE_AND_TIME(#3300,#3332);
#3269=DATE_AND_TIME(#3301,#3333);
#3270=DATE_AND_TIME(#3302,#3334);
#3271=CALENDAR_DATE(2026,8,10);
#3272=CALENDAR_DATE(2026,8,10);
#3273=CALENDAR_DATE(2026,8,10);
#3274=CALENDAR_DATE(2026,8,10);
#3275=CALENDAR_DATE(2026,8,10);
#3276=CALENDAR_DATE(2026,8,10);
#3277=CALENDAR_DATE(2026,8,10);
#3278=CALENDAR_DATE(2026,8,10);
#3279=CALENDAR_DATE(2026,8,10);
#3280=CALENDAR_DATE(2026,8,10);
#3281=CALENDAR_DATE(2026,8,10);
#3282=CALENDAR_DATE(2026,8,10);
#3283=CALENDAR_DATE(2026,8,10);
#3284=CALENDAR_DATE(2026,8,10);
#3285=CALENDAR_DATE(2026,8,10);
#3286=CALENDAR_DATE(2026,8,10);
#3287=CALENDAR_DATE(2026,8,10);
#3288=CALENDAR_DATE(2026,8,10);
#3289=CALENDAR_DATE(2026,8,10);
#3290=CALENDAR_DATE(2026,8,10);
#3291=CALENDAR_DATE(2026,8,10);
#3292=CALENDAR_DATE(2026,8,10);
#3293=CALENDAR_DATE(2026,8,10);
#3294=CALENDAR_DATE(2026,8,10);
#3295=CALENDAR_DATE(2026,8,10);
#3296=CALENDAR_DATE(2026,8,10);
#3297=CALENDAR_DATE(2026,8,10);
#3298=CALENDAR_DATE(2026,8,10);
#3299=CALENDAR_DATE(2026,8,10);
#3300=CALENDAR_DATE(2026,8,10);
#3301=CALENDAR_DATE(2026,8,10);
#3302=CALENDAR_DATE(2026,8,10);
#3303=LOCAL_TIME(0,0,0.,#3335);
#3304=LOCAL_TIME(0,0,0.,#3336);
#3305=LOCAL_TIME(0,0,0.,#3337);
#3306=LOCAL_TIME(0,0,0.,#3338);
#3307=LOCAL_TIME(0,0,0.,#3339);
#3308=LOCAL_TIME(0,0,0.,#3340);
#3309=LOCAL_TIME(0,0,0.,#3341);
#3310=LOCAL_TIME(0,0,0.,#3342);
#3311=LOCAL_TIME(0,0,0.,#3343);
#3312=LOCAL_TIME(0,0,0.,#3344);
#3313=LOCAL_TIME(0,0,0.,#3345);
#3314=LOCAL_TIME(0,0,0.,#3346);
#3315=LOCAL_TIME(0,0,0.,#3347);
#3316=LOCAL_TIME(0,0,0.,#3348);
#3317=LOCAL_TIME(0,0,0.,#3349);
#3318=LOCAL_TIME(0,0,0.,#3350);
#3319=LOCAL_TIME(0,0,0.,#3351);
#3320=LOCAL_TIME(0,0,0.,#3352);
#3321=LOCAL_TIME(0,0,0.,#3353);
#3322=LOCAL_TIME(0,0,0.,#3354);
#3323=LOCAL_TIME(0,0,0.,#3355);
#3324=LOCAL_TIME(0,0,0.,#3356);
#3325=LOCAL_TIME(0,0,0.,#3357);
#3326=LOCAL_TIME(0,0,0.,#3358);
#3327=LOCAL_TIME(0,0,0.,#3359);
#3328=LOCAL_TIME(0,0,0.,#3360);
#3329=LOCAL_TIME(0,0,0.,#3361);
#3330=LOCAL_TIME(0,0,0.,#3362);
#3331=LOCAL_TIME(0,0,0.,#3363);
#3332=LOCAL_TIME(0,0,0.,#3364);
#3333=LOCAL_TIME(0,0,0.,#3365);
#3334=LOCAL_TIME(0,0,0.,#3366);
#3335=COORDINATED_UNIVERSAL_TIME_OFFSET(0,0,.BEHIND.);
#3336=COORDINATED_UNIVERSAL_TIME_OFFSET(0,0,.BEHIND.);
#3337=COORDINATED_UNIVERSAL_TIME_OFFSET(0,0,.BEHIND.);
#3338=COORDINATED_UNIVERSAL_TIME_OFFSET(0,0,.BEHIND.);
#3339=COORDINATED_UNIVERSAL_TIME_OFFSET(0,0,.BEHIND.);
#3340=COORDINATED_UNIVERSAL_TIME_OFFSET(0,0,.BEHIND.);
#3341=COORDINATED_UNIVERSAL_TIME_OFFSET(0,0,.BEHIND.);
#3342=COORDINATED_UNIVERSAL_TIME_OFFSET(0,0,.BEHIND.);
#3343=COORDINATED_UNIVERSAL_TIME_OFFSET(0,0,.BEHIND.);
#3344=COORDINATED_UNIVERSAL_TIME_OFFSET(0,0,.BEHIND.);
#3345=COORDINATED_UNIVERSAL_TIME_OFFSET(0,0,.BEHIND.);
#3346=COORDINATED_UNIVERSAL_TIME_OFFSET(0,0,.BEHIND.);
#3347=COORDINATED_UNIVERSAL_TIME_OFFSET(0,0,.BEHIND.);
#3348=COORDINATED_UNIVERSAL_TIME_OFFSET(0,0,.BEHIND.);
#3349=COORDINATED_UNIVERSAL_TIME_OFFSET(0,0,.BEHIND.);
#3350=COORDINATED_UNIVERSAL_TIME_OFFSET(0,0,.BEHIND.);
#3351=COORDINATED_UNIVERSAL_TIME_OFFSET(0,0,.BEHIND.);
#3352=COORDINATED_UNIVERSAL_TIME_OFFSET(0,0,.BEHIND.);
#3353=COORDINATED_UNIVERSAL_TIME_OFFSET(0,0,.BEHIND.);
#3354=COORDINATED_UNIVERSAL_TIME_OFFSET(0,0,.BEHIND.);
#3355=COORDINATED_UNIVERSAL_TIME_OFFSET(0,0,.BEHIND.);
#3356=COORDINATED_UNIVERSAL_TIME_OFFSET(0,0,.BEHIND.);
#3357=COORDINATED_UNIVERSAL_TIME_OFFSET(0,0,.BEHIND.);
#3358=COORDINATED_UNIVERSAL_TIME_OFFSET(0,0,.BEHIND.);
#3359=COORDINATED_UNIVERSAL_TIME_OFFSET(0,0,.BEHIND.);
#3360=COORDINATED_UNIVERSAL_TIME_OFFSET(0,0,.BEHIND.);
#3361=COORDINATED_UNIVERSAL_TIME_OFFSET(0,0,.BEHIND.);
#3362=COORDINATED_UNIVERSAL_TIME_OFFSET(0,0,.BEHIND.);
#3363=COORDINATED_UNIVERSAL_TIME_OFFSET(0,0,.BEHIND.);
#3364=COORDINATED_UNIVERSAL_TIME_OFFSET(0,0,.BEHIND.);
#3365=COORDINATED_UNIVERSAL_TIME_OFFSET(0,0,.BEHIND.);
#3366=COORDINATED_UNIVERSAL_TIME_OFFSET(0,0,.BEHIND.);
#3367=AXIS2_PLACEMENT_3D('',#4432,#3619,#3620);
#3368=AXIS2_PLACEMENT_3D('',#4433,#3621,#3622);
#3369=AXIS2_PLACEMENT_3D('',#4434,#3623,#3624);
#3370=AXIS2_PLACEMENT_3D('',#4436,#3625,#3626);
#3371=AXIS2_PLACEMENT_3D('',#4439,#3628,#3629);
#3372=AXIS2_PLACEMENT_3D('',#4440,#3630,#3631);
#3373=AXIS2_PLACEMENT_3D('',#4442,#3632,#3633);
#3374=AXIS2_PLACEMENT_3D('',#4445,#3635,#3636);
#3375=AXIS2_PLACEMENT_3D('',#4446,#3637,#3638);
#3376=AXIS2_PLACEMENT_3D('',#4447,#3639,#3640);
#3377=AXIS2_PLACEMENT_3D('',#4448,#3641,#3642);
#3378=AXIS2_PLACEMENT_3D('',#4449,#3643,#3644);
#3379=AXIS2_PLACEMENT_3D('',#4451,#3645,#3646);
#3380=AXIS2_PLACEMENT_3D('',#4454,#3648,#3649);
#3381=AXIS2_PLACEMENT_3D('',#4455,#3650,#3651);
#3382=AXIS2_PLACEMENT_3D('',#4456,#3652,#3653);
#3383=AXIS2_PLACEMENT_3D('',#4457,#3654,#3655);
#3384=AXIS2_PLACEMENT_3D('',#4458,#3656,#3657);
#3385=AXIS2_PLACEMENT_3D('',#4467,#3662,#3663);
#3386=AXIS2_PLACEMENT_3D('',#4473,#3667,#3668);
#3387=AXIS2_PLACEMENT_3D('',#4479,#3672,#3673);
#3388=AXIS2_PLACEMENT_3D('',#4482,#3676,#3677);
#3389=AXIS2_PLACEMENT_3D('',#4483,#3678,#3679);
#3390=AXIS2_PLACEMENT_3D('',#4484,#3680,#3681);
#3391=AXIS2_PLACEMENT_3D('',#4485,#3682,#3683);
#3392=AXIS2_PLACEMENT_3D('',#4487,#3684,#3685);
#3393=AXIS2_PLACEMENT_3D('',#4490,#3687,#3688);
#3394=AXIS2_PLACEMENT_3D('',#4491,#3689,#3690);
#3395=AXIS2_PLACEMENT_3D('',#4493,#3691,#3692);
#3396=AXIS2_PLACEMENT_3D('',#4496,#3694,#3695);
#3397=AXIS2_PLACEMENT_3D('',#4497,#3696,#3697);
#3398=AXIS2_PLACEMENT_3D('',#4498,#3698,#3699);
#3399=AXIS2_PLACEMENT_3D('',#4499,#3700,#3701);
#3400=AXIS2_PLACEMENT_3D('',#4500,#3702,#3703);
#3401=AXIS2_PLACEMENT_3D('',#4502,#3704,#3705);
#3402=AXIS2_PLACEMENT_3D('',#4505,#3707,#3708);
#3403=AXIS2_PLACEMENT_3D('',#4506,#3709,#3710);
#3404=AXIS2_PLACEMENT_3D('',#4507,#3711,#3712);
#3405=AXIS2_PLACEMENT_3D('',#4508,#3713,#3714);
#3406=AXIS2_PLACEMENT_3D('',#4509,#3715,#3716);
#3407=AXIS2_PLACEMENT_3D('',#4518,#3721,#3722);
#3408=AXIS2_PLACEMENT_3D('',#4524,#3726,#3727);
#3409=AXIS2_PLACEMENT_3D('',#4530,#3731,#3732);
#3410=AXIS2_PLACEMENT_3D('',#4533,#3735,#3736);
#3411=AXIS2_PLACEMENT_3D('',#4534,#3737,#3738);
#3412=AXIS2_PLACEMENT_3D('',#4535,#3739,#3740);
#3413=AXIS2_PLACEMENT_3D('',#4536,#3741,#3742);
#3414=AXIS2_PLACEMENT_3D('',#4538,#3743,#3744);
#3415=AXIS2_PLACEMENT_3D('',#4541,#3746,#3747);
#3416=AXIS2_PLACEMENT_3D('',#4542,#3748,#3749);
#3417=AXIS2_PLACEMENT_3D('',#4544,#3750,#3751);
#3418=AXIS2_PLACEMENT_3D('',#4547,#3753,#3754);
#3419=AXIS2_PLACEMENT_3D('',#4548,#3755,#3756);
#3420=AXIS2_PLACEMENT_3D('',#4549,#3757,#3758);
#3421=AXIS2_PLACEMENT_3D('',#4550,#3759,#3760);
#3422=AXIS2_PLACEMENT_3D('',#4551,#3761,#3762);
#3423=AXIS2_PLACEMENT_3D('',#4553,#3763,#3764);
#3424=AXIS2_PLACEMENT_3D('',#4556,#3766,#3767);
#3425=AXIS2_PLACEMENT_3D('',#4557,#3768,#3769);
#3426=AXIS2_PLACEMENT_3D('',#4558,#3770,#3771);
#3427=AXIS2_PLACEMENT_3D('',#4559,#3772,#3773);
#3428=AXIS2_PLACEMENT_3D('',#4560,#3774,#3775);
#3429=AXIS2_PLACEMENT_3D('',#4569,#3780,#3781);
#3430=AXIS2_PLACEMENT_3D('',#4575,#3785,#3786);
#3431=AXIS2_PLACEMENT_3D('',#4581,#3790,#3791);
#3432=AXIS2_PLACEMENT_3D('',#4584,#3794,#3795);
#3433=AXIS2_PLACEMENT_3D('',#4585,#3796,#3797);
#3434=AXIS2_PLACEMENT_3D('',#4586,#3798,#3799);
#3435=AXIS2_PLACEMENT_3D('',#4587,#3800,#3801);
#3436=AXIS2_PLACEMENT_3D('',#4596,#3806,#3807);
#3437=AXIS2_PLACEMENT_3D('',#4602,#3811,#3812);
#3438=AXIS2_PLACEMENT_3D('',#4608,#3816,#3817);
#3439=AXIS2_PLACEMENT_3D('',#4611,#3820,#3821);
#3440=AXIS2_PLACEMENT_3D('',#4612,#3822,#3823);
#3441=AXIS2_PLACEMENT_3D('',#4613,#3824,#3825);
#3442=AXIS2_PLACEMENT_3D('',#4614,#3826,#3827);
#3443=AXIS2_PLACEMENT_3D('',#4623,#3832,#3833);
#3444=AXIS2_PLACEMENT_3D('',#4629,#3837,#3838);
#3445=AXIS2_PLACEMENT_3D('',#4635,#3842,#3843);
#3446=AXIS2_PLACEMENT_3D('',#4638,#3846,#3847);
#3447=AXIS2_PLACEMENT_3D('',#4639,#3848,#3849);
#3448=AXIS2_PLACEMENT_3D('',#4640,#3850,#3851);
#3449=AXIS2_PLACEMENT_3D('',#4641,#3852,#3853);
#3450=AXIS2_PLACEMENT_3D('',#4650,#3858,#3859);
#3451=AXIS2_PLACEMENT_3D('',#4656,#3863,#3864);
#3452=AXIS2_PLACEMENT_3D('',#4662,#3868,#3869);
#3453=AXIS2_PLACEMENT_3D('',#4665,#3872,#3873);
#3454=AXIS2_PLACEMENT_3D('',#4666,#3874,#3875);
#3455=AXIS2_PLACEMENT_3D('',#4667,#3876,#3877);
#3456=AXIS2_PLACEMENT_3D('',#4668,#3878,#3879);
#3457=AXIS2_PLACEMENT_3D('',#4677,#3884,#3885);
#3458=AXIS2_PLACEMENT_3D('',#4683,#3889,#3890);
#3459=AXIS2_PLACEMENT_3D('',#4689,#3894,#3895);
#3460=AXIS2_PLACEMENT_3D('',#4692,#3898,#3899);
#3461=AXIS2_PLACEMENT_3D('',#4693,#3900,#3901);
#3462=AXIS2_PLACEMENT_3D('',#4694,#3902,#3903);
#3463=AXIS2_PLACEMENT_3D('',#4695,#3904,#3905);
#3464=AXIS2_PLACEMENT_3D('',#4704,#3910,#3911);
#3465=AXIS2_PLACEMENT_3D('',#4710,#3915,#3916);
#3466=AXIS2_PLACEMENT_3D('',#4716,#3920,#3921);
#3467=AXIS2_PLACEMENT_3D('',#4719,#3924,#3925);
#3468=AXIS2_PLACEMENT_3D('',#4720,#3926,#3927);
#3469=AXIS2_PLACEMENT_3D('',#4721,#3928,#3929);
#3470=AXIS2_PLACEMENT_3D('',#4722,#3930,#3931);
#3471=AXIS2_PLACEMENT_3D('',#4731,#3936,#3937);
#3472=AXIS2_PLACEMENT_3D('',#4737,#3941,#3942);
#3473=AXIS2_PLACEMENT_3D('',#4743,#3946,#3947);
#3474=AXIS2_PLACEMENT_3D('',#4746,#3950,#3951);
#3475=AXIS2_PLACEMENT_3D('',#4747,#3952,#3953);
#3476=AXIS2_PLACEMENT_3D('',#4748,#3954,#3955);
#3477=AXIS2_PLACEMENT_3D('',#4749,#3956,#3957);
#3478=AXIS2_PLACEMENT_3D('',#4758,#3962,#3963);
#3479=AXIS2_PLACEMENT_3D('',#4764,#3967,#3968);
#3480=AXIS2_PLACEMENT_3D('',#4770,#3972,#3973);
#3481=AXIS2_PLACEMENT_3D('',#4773,#3976,#3977);
#3482=AXIS2_PLACEMENT_3D('',#4774,#3978,#3979);
#3483=AXIS2_PLACEMENT_3D('',#4775,#3980,#3981);
#3484=AXIS2_PLACEMENT_3D('',#4776,#3982,#3983);
#3485=AXIS2_PLACEMENT_3D('',#4785,#3988,#3989);
#3486=AXIS2_PLACEMENT_3D('',#4791,#3993,#3994);
#3487=AXIS2_PLACEMENT_3D('',#4797,#3998,#3999);
#3488=AXIS2_PLACEMENT_3D('',#4800,#4002,#4003);
#3489=AXIS2_PLACEMENT_3D('',#4801,#4004,#4005);
#3490=AXIS2_PLACEMENT_3D('',#4802,#4006,#4007);
#3491=AXIS2_PLACEMENT_3D('',#4803,#4008,#4009);
#3492=AXIS2_PLACEMENT_3D('',#4812,#4014,#4015);
#3493=AXIS2_PLACEMENT_3D('',#4818,#4019,#4020);
#3494=AXIS2_PLACEMENT_3D('',#4824,#4024,#4025);
#3495=AXIS2_PLACEMENT_3D('',#4827,#4028,#4029);
#3496=AXIS2_PLACEMENT_3D('',#4828,#4030,#4031);
#3497=AXIS2_PLACEMENT_3D('',#4829,#4032,#4033);
#3498=AXIS2_PLACEMENT_3D('',#4830,#4034,#4035);
#3499=AXIS2_PLACEMENT_3D('',#4839,#4040,#4041);
#3500=AXIS2_PLACEMENT_3D('',#4845,#4045,#4046);
#3501=AXIS2_PLACEMENT_3D('',#4851,#4050,#4051);
#3502=AXIS2_PLACEMENT_3D('',#4854,#4054,#4055);
#3503=AXIS2_PLACEMENT_3D('',#4855,#4056,#4057);
#3504=AXIS2_PLACEMENT_3D('',#4856,#4058,#4059);
#3505=AXIS2_PLACEMENT_3D('',#4857,#4060,#4061);
#3506=AXIS2_PLACEMENT_3D('',#4866,#4066,#4067);
#3507=AXIS2_PLACEMENT_3D('',#4872,#4071,#4072);
#3508=AXIS2_PLACEMENT_3D('',#4878,#4076,#4077);
#3509=AXIS2_PLACEMENT_3D('',#4881,#4080,#4081);
#3510=AXIS2_PLACEMENT_3D('',#4882,#4082,#4083);
#3511=AXIS2_PLACEMENT_3D('',#4883,#4084,#4085);
#3512=AXIS2_PLACEMENT_3D('',#4884,#4086,#4087);
#3513=AXIS2_PLACEMENT_3D('',#4893,#4092,#4093);
#3514=AXIS2_PLACEMENT_3D('',#4899,#4097,#4098);
#3515=AXIS2_PLACEMENT_3D('',#4905,#4102,#4103);
#3516=AXIS2_PLACEMENT_3D('',#4908,#4106,#4107);
#3517=AXIS2_PLACEMENT_3D('',#4909,#4108,#4109);
#3518=AXIS2_PLACEMENT_3D('',#4910,#4110,#4111);
#3519=AXIS2_PLACEMENT_3D('',#4911,#4112,#4113);
#3520=AXIS2_PLACEMENT_3D('',#4920,#4118,#4119);
#3521=AXIS2_PLACEMENT_3D('',#4926,#4123,#4124);
#3522=AXIS2_PLACEMENT_3D('',#4932,#4128,#4129);
#3523=AXIS2_PLACEMENT_3D('',#4935,#4132,#4133);
#3524=AXIS2_PLACEMENT_3D('',#4936,#4134,#4135);
#3525=AXIS2_PLACEMENT_3D('',#4937,#4136,#4137);
#3526=AXIS2_PLACEMENT_3D('',#4938,#4138,#4139);
#3527=AXIS2_PLACEMENT_3D('',#4947,#4144,#4145);
#3528=AXIS2_PLACEMENT_3D('',#4953,#4149,#4150);
#3529=AXIS2_PLACEMENT_3D('',#4959,#4154,#4155);
#3530=AXIS2_PLACEMENT_3D('',#4962,#4158,#4159);
#3531=AXIS2_PLACEMENT_3D('',#4963,#4160,#4161);
#3532=AXIS2_PLACEMENT_3D('',#4964,#4162,#4163);
#3533=AXIS2_PLACEMENT_3D('',#4965,#4164,#4165);
#3534=AXIS2_PLACEMENT_3D('',#4974,#4170,#4171);
#3535=AXIS2_PLACEMENT_3D('',#4980,#4175,#4176);
#3536=AXIS2_PLACEMENT_3D('',#4986,#4180,#4181);
#3537=AXIS2_PLACEMENT_3D('',#4989,#4184,#4185);
#3538=AXIS2_PLACEMENT_3D('',#4990,#4186,#4187);
#3539=AXIS2_PLACEMENT_3D('',#4991,#4188,#4189);
#3540=AXIS2_PLACEMENT_3D('',#4992,#4190,#4191);
#3541=AXIS2_PLACEMENT_3D('',#5001,#4196,#4197);
#3542=AXIS2_PLACEMENT_3D('',#5007,#4201,#4202);
#3543=AXIS2_PLACEMENT_3D('',#5013,#4206,#4207);
#3544=AXIS2_PLACEMENT_3D('',#5016,#4210,#4211);
#3545=AXIS2_PLACEMENT_3D('',#5017,#4212,#4213);
#3546=AXIS2_PLACEMENT_3D('',#5018,#4214,#4215);
#3547=AXIS2_PLACEMENT_3D('',#5019,#4216,#4217);
#3548=AXIS2_PLACEMENT_3D('',#5028,#4222,#4223);
#3549=AXIS2_PLACEMENT_3D('',#5034,#4227,#4228);
#3550=AXIS2_PLACEMENT_3D('',#5040,#4232,#4233);
#3551=AXIS2_PLACEMENT_3D('',#5043,#4236,#4237);
#3552=AXIS2_PLACEMENT_3D('',#5044,#4238,#4239);
#3553=AXIS2_PLACEMENT_3D('',#5045,#4240,#4241);
#3554=AXIS2_PLACEMENT_3D('',#5046,#4242,#4243);
#3555=AXIS2_PLACEMENT_3D('',#5055,#4248,#4249);
#3556=AXIS2_PLACEMENT_3D('',#5061,#4253,#4254);
#3557=AXIS2_PLACEMENT_3D('',#5067,#4258,#4259);
#3558=AXIS2_PLACEMENT_3D('',#5070,#4262,#4263);
#3559=AXIS2_PLACEMENT_3D('',#5071,#4264,#4265);
#3560=AXIS2_PLACEMENT_3D('',#5072,#4266,#4267);
#3561=AXIS2_PLACEMENT_3D('',#5073,#4268,#4269);
#3562=AXIS2_PLACEMENT_3D('',#5082,#4274,#4275);
#3563=AXIS2_PLACEMENT_3D('',#5088,#4279,#4280);
#3564=AXIS2_PLACEMENT_3D('',#5094,#4284,#4285);
#3565=AXIS2_PLACEMENT_3D('',#5097,#4288,#4289);
#3566=AXIS2_PLACEMENT_3D('',#5098,#4290,#4291);
#3567=AXIS2_PLACEMENT_3D('',#5099,#4292,#4293);
#3568=AXIS2_PLACEMENT_3D('',#5100,#4294,#4295);
#3569=AXIS2_PLACEMENT_3D('',#5109,#4300,#4301);
#3570=AXIS2_PLACEMENT_3D('',#5115,#4305,#4306);
#3571=AXIS2_PLACEMENT_3D('',#5121,#4310,#4311);
#3572=AXIS2_PLACEMENT_3D('',#5124,#4314,#4315);
#3573=AXIS2_PLACEMENT_3D('',#5125,#4316,#4317);
#3574=AXIS2_PLACEMENT_3D('',#5126,#4318,#4319);
#3575=AXIS2_PLACEMENT_3D('',#5127,#4320,#4321);
#3576=AXIS2_PLACEMENT_3D('',#5136,#4326,#4327);
#3577=AXIS2_PLACEMENT_3D('',#5142,#4331,#4332);
#3578=AXIS2_PLACEMENT_3D('',#5148,#4336,#4337);
#3579=AXIS2_PLACEMENT_3D('',#5151,#4340,#4341);
#3580=AXIS2_PLACEMENT_3D('',#5152,#4342,#4343);
#3581=AXIS2_PLACEMENT_3D('',#5153,#4344,#4345);
#3582=AXIS2_PLACEMENT_3D('',#5154,#4346,#4347);
#3583=AXIS2_PLACEMENT_3D('',#5163,#4352,#4353);
#3584=AXIS2_PLACEMENT_3D('',#5169,#4357,#4358);
#3585=AXIS2_PLACEMENT_3D('',#5175,#4362,#4363);
#3586=AXIS2_PLACEMENT_3D('',#5178,#4366,#4367);
#3587=AXIS2_PLACEMENT_3D('',#5179,#4368,#4369);
#3588=AXIS2_PLACEMENT_3D('',#5180,#4370,#4371);
#3589=AXIS2_PLACEMENT_3D('',#5181,#4372,#4373);
#3590=AXIS2_PLACEMENT_3D('',#5182,#4374,#4375);
#3591=AXIS2_PLACEMENT_3D('',#5183,#4376,#4377);
#3592=AXIS2_PLACEMENT_3D('',#5184,#4378,#4379);
#3593=AXIS2_PLACEMENT_3D('',#5185,#4380,#4381);
#3594=AXIS2_PLACEMENT_3D('',#5186,#4382,#4383);
#3595=AXIS2_PLACEMENT_3D('',#5187,#4384,#4385);
#3596=AXIS2_PLACEMENT_3D('',#5188,#4386,#4387);
#3597=AXIS2_PLACEMENT_3D('',#5189,#4388,#4389);
#3598=AXIS2_PLACEMENT_3D('',#5190,#4390,#4391);
#3599=AXIS2_PLACEMENT_3D('',#5191,#4392,#4393);
#3600=AXIS2_PLACEMENT_3D('',#5192,#4394,#4395);
#3601=AXIS2_PLACEMENT_3D('',#5193,#4396,#4397);
#3602=AXIS2_PLACEMENT_3D('',#5194,#4398,#4399);
#3603=AXIS2_PLACEMENT_3D('',#5195,#4400,#4401);
#3604=AXIS2_PLACEMENT_3D('',#5196,#4402,#4403);
#3605=AXIS2_PLACEMENT_3D('',#5197,#4404,#4405);
#3606=AXIS2_PLACEMENT_3D('',#5198,#4406,#4407);
#3607=AXIS2_PLACEMENT_3D('',#5199,#4408,#4409);
#3608=AXIS2_PLACEMENT_3D('',#5200,#4410,#4411);
#3609=AXIS2_PLACEMENT_3D('',#5201,#4412,#4413);
#3610=AXIS2_PLACEMENT_3D('',#5202,#4414,#4415);
#3611=AXIS2_PLACEMENT_3D('',#5203,#4416,#4417);
#3612=AXIS2_PLACEMENT_3D('',#5204,#4418,#4419);
#3613=AXIS2_PLACEMENT_3D('',#5205,#4420,#4421);
#3614=AXIS2_PLACEMENT_3D('',#5206,#4422,#4423);
#3615=AXIS2_PLACEMENT_3D('',#5207,#4424,#4425);
#3616=AXIS2_PLACEMENT_3D('',#5208,#4426,#4427);
#3617=AXIS2_PLACEMENT_3D('',#5209,#4428,#4429);
#3618=AXIS2_PLACEMENT_3D('',#5210,#4430,#4431);
#3619=DIRECTION('axis',(0.,0.,1.));
#3620=DIRECTION('refdir',(1.,0.,0.));
#3621=DIRECTION('axis',(0.,0.,1.));
#3622=DIRECTION('refdir',(1.,0.,0.));
#3623=DIRECTION('center_axis',(0.,0.,1.));
#3624=DIRECTION('ref_axis',(-1.,0.,0.));
#3625=DIRECTION('center_axis',(0.,0.,1.));
#3626=DIRECTION('ref_axis',(-1.,0.,0.));
#3627=DIRECTION('',(0.,0.,1.));
#3628=DIRECTION('center_axis',(0.,0.,-1.));
#3629=DIRECTION('ref_axis',(-1.,0.,0.));
#3630=DIRECTION('center_axis',(0.,0.,1.));
#3631=DIRECTION('ref_axis',(-1.,0.,0.));
#3632=DIRECTION('center_axis',(0.,0.,1.));
#3633=DIRECTION('ref_axis',(-1.,0.,0.));
#3634=DIRECTION('',(0.,0.,-1.));
#3635=DIRECTION('center_axis',(0.,0.,-1.));
#3636=DIRECTION('ref_axis',(-1.,0.,0.));
#3637=DIRECTION('center_axis',(0.,0.,1.));
#3638=DIRECTION('ref_axis',(1.,0.,0.));
#3639=DIRECTION('center_axis',(0.,0.,1.));
#3640=DIRECTION('ref_axis',(1.,0.,0.));
#3641=DIRECTION('axis',(0.,0.,1.));
#3642=DIRECTION('refdir',(1.,0.,0.));
#3643=DIRECTION('center_axis',(0.,0.,1.));
#3644=DIRECTION('ref_axis',(-1.,0.,0.));
#3645=DIRECTION('center_axis',(0.,0.,1.));
#3646=DIRECTION('ref_axis',(-1.,0.,0.));
#3647=DIRECTION('',(0.,0.,-1.));
#3648=DIRECTION('center_axis',(0.,0.,-1.));
#3649=DIRECTION('ref_axis',(-1.,0.,0.));
#3650=DIRECTION('center_axis',(0.,0.,1.));
#3651=DIRECTION('ref_axis',(1.,0.,0.));
#3652=DIRECTION('center_axis',(0.,0.,1.));
#3653=DIRECTION('ref_axis',(1.,0.,0.));
#3654=DIRECTION('axis',(0.,0.,1.));
#3655=DIRECTION('refdir',(1.,0.,0.));
#3656=DIRECTION('center_axis',(-1.,0.,0.));
#3657=DIRECTION('ref_axis',(0.,-1.,0.));
#3658=DIRECTION('',(0.,-1.,0.));
#3659=DIRECTION('',(0.,0.,1.));
#3660=DIRECTION('',(0.,-1.,0.));
#3661=DIRECTION('',(0.,0.,1.));
#3662=DIRECTION('center_axis',(0.,1.,0.));
#3663=DIRECTION('ref_axis',(-1.,0.,0.));
#3664=DIRECTION('',(-1.,0.,0.));
#3665=DIRECTION('',(-1.,0.,0.));
#3666=DIRECTION('',(0.,0.,1.));
#3667=DIRECTION('center_axis',(1.,0.,0.));
#3668=DIRECTION('ref_axis',(0.,1.,0.));
#3669=DIRECTION('',(0.,1.,0.));
#3670=DIRECTION('',(0.,1.,0.));
#3671=DIRECTION('',(0.,0.,1.));
#3672=DIRECTION('center_axis',(0.,-1.,0.));
#3673=DIRECTION('ref_axis',(1.,0.,0.));
#3674=DIRECTION('',(1.,0.,0.));
#3675=DIRECTION('',(1.,0.,0.));
#3676=DIRECTION('center_axis',(0.,0.,1.));
#3677=DIRECTION('ref_axis',(1.,0.,0.));
#3678=DIRECTION('center_axis',(0.,0.,1.));
#3679=DIRECTION('ref_axis',(1.,0.,0.));
#3680=DIRECTION('axis',(0.,0.,1.));
#3681=DIRECTION('refdir',(1.,0.,0.));
#3682=DIRECTION('center_axis',(0.,0.,1.));
#3683=DIRECTION('ref_axis',(-1.,0.,0.));
#3684=DIRECTION('center_axis',(0.,0.,1.));
#3685=DIRECTION('ref_axis',(-1.,0.,0.));
#3686=DIRECTION('',(0.,0.,1.));
#3687=DIRECTION('center_axis',(0.,0.,-1.));
#3688=DIRECTION('ref_axis',(-1.,0.,0.));
#3689=DIRECTION('center_axis',(0.,0.,1.));
#3690=DIRECTION('ref_axis',(-1.,0.,0.));
#3691=DIRECTION('center_axis',(0.,0.,1.));
#3692=DIRECTION('ref_axis',(-1.,0.,0.));
#3693=DIRECTION('',(0.,0.,-1.));
#3694=DIRECTION('center_axis',(0.,0.,-1.));
#3695=DIRECTION('ref_axis',(-1.,0.,0.));
#3696=DIRECTION('center_axis',(0.,0.,1.));
#3697=DIRECTION('ref_axis',(1.,0.,0.));
#3698=DIRECTION('center_axis',(0.,0.,1.));
#3699=DIRECTION('ref_axis',(1.,0.,0.));
#3700=DIRECTION('axis',(0.,0.,1.));
#3701=DIRECTION('refdir',(1.,0.,0.));
#3702=DIRECTION('center_axis',(0.,0.,1.));
#3703=DIRECTION('ref_axis',(-1.,0.,0.));
#3704=DIRECTION('center_axis',(0.,0.,1.));
#3705=DIRECTION('ref_axis',(-1.,0.,0.));
#3706=DIRECTION('',(0.,0.,-1.));
#3707=DIRECTION('center_axis',(0.,0.,-1.));
#3708=DIRECTION('ref_axis',(-1.,0.,0.));
#3709=DIRECTION('center_axis',(0.,0.,1.));
#3710=DIRECTION('ref_axis',(1.,0.,0.));
#3711=DIRECTION('center_axis',(0.,0.,1.));
#3712=DIRECTION('ref_axis',(1.,0.,0.));
#3713=DIRECTION('axis',(0.,0.,1.));
#3714=DIRECTION('refdir',(1.,0.,0.));
#3715=DIRECTION('center_axis',(-1.,0.,0.));
#3716=DIRECTION('ref_axis',(0.,-1.,0.));
#3717=DIRECTION('',(0.,-1.,0.));
#3718=DIRECTION('',(0.,0.,1.));
#3719=DIRECTION('',(0.,-1.,0.));
#3720=DIRECTION('',(0.,0.,1.));
#3721=DIRECTION('center_axis',(0.,1.,0.));
#3722=DIRECTION('ref_axis',(-1.,0.,0.));
#3723=DIRECTION('',(-1.,0.,0.));
#3724=DIRECTION('',(-1.,0.,0.));
#3725=DIRECTION('',(0.,0.,1.));
#3726=DIRECTION('center_axis',(1.,0.,0.));
#3727=DIRECTION('ref_axis',(0.,1.,0.));
#3728=DIRECTION('',(0.,1.,0.));
#3729=DIRECTION('',(0.,1.,0.));
#3730=DIRECTION('',(0.,0.,1.));
#3731=DIRECTION('center_axis',(0.,-1.,0.));
#3732=DIRECTION('ref_axis',(1.,0.,0.));
#3733=DIRECTION('',(1.,0.,0.));
#3734=DIRECTION('',(1.,0.,0.));
#3735=DIRECTION('center_axis',(0.,0.,1.));
#3736=DIRECTION('ref_axis',(1.,0.,0.));
#3737=DIRECTION('center_axis',(0.,0.,1.));
#3738=DIRECTION('ref_axis',(1.,0.,0.));
#3739=DIRECTION('axis',(0.,0.,1.));
#3740=DIRECTION('refdir',(1.,0.,0.));
#3741=DIRECTION('center_axis',(0.,0.,1.));
#3742=DIRECTION('ref_axis',(-1.,0.,0.));
#3743=DIRECTION('center_axis',(0.,0.,1.));
#3744=DIRECTION('ref_axis',(-1.,0.,0.));
#3745=DIRECTION('',(0.,0.,1.));
#3746=DIRECTION('center_axis',(0.,0.,-1.));
#3747=DIRECTION('ref_axis',(-1.,0.,0.));
#3748=DIRECTION('center_axis',(0.,0.,1.));
#3749=DIRECTION('ref_axis',(-1.,0.,0.));
#3750=DIRECTION('center_axis',(0.,0.,1.));
#3751=DIRECTION('ref_axis',(-1.,0.,0.));
#3752=DIRECTION('',(0.,0.,-1.));
#3753=DIRECTION('center_axis',(0.,0.,-1.));
#3754=DIRECTION('ref_axis',(-1.,0.,0.));
#3755=DIRECTION('center_axis',(0.,0.,1.));
#3756=DIRECTION('ref_axis',(1.,0.,0.));
#3757=DIRECTION('center_axis',(0.,0.,1.));
#3758=DIRECTION('ref_axis',(1.,0.,0.));
#3759=DIRECTION('axis',(0.,0.,1.));
#3760=DIRECTION('refdir',(1.,0.,0.));
#3761=DIRECTION('center_axis',(0.,0.,1.));
#3762=DIRECTION('ref_axis',(-1.,0.,0.));
#3763=DIRECTION('center_axis',(0.,0.,1.));
#3764=DIRECTION('ref_axis',(-1.,0.,0.));
#3765=DIRECTION('',(0.,0.,-1.));
#3766=DIRECTION('center_axis',(0.,0.,-1.));
#3767=DIRECTION('ref_axis',(-1.,0.,0.));
#3768=DIRECTION('center_axis',(0.,0.,1.));
#3769=DIRECTION('ref_axis',(1.,0.,0.));
#3770=DIRECTION('center_axis',(0.,0.,1.));
#3771=DIRECTION('ref_axis',(1.,0.,0.));
#3772=DIRECTION('axis',(0.,0.,1.));
#3773=DIRECTION('refdir',(1.,0.,0.));
#3774=DIRECTION('center_axis',(-1.,0.,0.));
#3775=DIRECTION('ref_axis',(0.,-1.,0.));
#3776=DIRECTION('',(0.,-1.,0.));
#3777=DIRECTION('',(0.,0.,1.));
#3778=DIRECTION('',(0.,-1.,0.));
#3779=DIRECTION('',(0.,0.,1.));
#3780=DIRECTION('center_axis',(0.,1.,0.));
#3781=DIRECTION('ref_axis',(-1.,0.,0.));
#3782=DIRECTION('',(-1.,0.,0.));
#3783=DIRECTION('',(-1.,0.,0.));
#3784=DIRECTION('',(0.,0.,1.));
#3785=DIRECTION('center_axis',(1.,0.,0.));
#3786=DIRECTION('ref_axis',(0.,1.,0.));
#3787=DIRECTION('',(0.,1.,0.));
#3788=DIRECTION('',(0.,1.,0.));
#3789=DIRECTION('',(0.,0.,1.));
#3790=DIRECTION('center_axis',(0.,-1.,0.));
#3791=DIRECTION('ref_axis',(1.,0.,0.));
#3792=DIRECTION('',(1.,0.,0.));
#3793=DIRECTION('',(1.,0.,0.));
#3794=DIRECTION('center_axis',(0.,0.,1.));
#3795=DIRECTION('ref_axis',(1.,0.,0.));
#3796=DIRECTION('center_axis',(0.,0.,1.));
#3797=DIRECTION('ref_axis',(1.,0.,0.));
#3798=DIRECTION('axis',(0.,0.,1.));
#3799=DIRECTION('refdir',(1.,0.,0.));
#3800=DIRECTION('center_axis',(-1.,0.,0.));
#3801=DIRECTION('ref_axis',(0.,-1.,0.));
#3802=DIRECTION('',(0.,-1.,0.));
#3803=DIRECTION('',(0.,0.,1.));
#3804=DIRECTION('',(0.,-1.,0.));
#3805=DIRECTION('',(0.,0.,1.));
#3806=DIRECTION('center_axis',(0.,1.,0.));
#3807=DIRECTION('ref_axis',(-1.,0.,0.));
#3808=DIRECTION('',(-1.,0.,0.));
#3809=DIRECTION('',(-1.,0.,0.));
#3810=DIRECTION('',(0.,0.,1.));
#3811=DIRECTION('center_axis',(1.,0.,0.));
#3812=DIRECTION('ref_axis',(0.,1.,0.));
#3813=DIRECTION('',(0.,1.,0.));
#3814=DIRECTION('',(0.,1.,0.));
#3815=DIRECTION('',(0.,0.,1.));
#3816=DIRECTION('center_axis',(0.,-1.,0.));
#3817=DIRECTION('ref_axis',(1.,0.,0.));
#3818=DIRECTION('',(1.,0.,0.));
#3819=DIRECTION('',(1.,0.,0.));
#3820=DIRECTION('center_axis',(0.,0.,1.));
#3821=DIRECTION('ref_axis',(1.,0.,0.));
#3822=DIRECTION('center_axis',(0.,0.,1.));
#3823=DIRECTION('ref_axis',(1.,0.,0.));
#3824=DIRECTION('axis',(0.,0.,1.));
#3825=DIRECTION('refdir',(1.,0.,0.));
#3826=DIRECTION('center_axis',(-1.,0.,0.));
#3827=DIRECTION('ref_axis',(0.,-1.,0.));
#3828=DIRECTION('',(0.,-1.,0.));
#3829=DIRECTION('',(0.,0.,1.));
#3830=DIRECTION('',(0.,-1.,0.));
#3831=DIRECTION('',(0.,0.,1.));
#3832=DIRECTION('center_axis',(0.,1.,0.));
#3833=DIRECTION('ref_axis',(-1.,0.,0.));
#3834=DIRECTION('',(-1.,0.,0.));
#3835=DIRECTION('',(-1.,0.,0.));
#3836=DIRECTION('',(0.,0.,1.));
#3837=DIRECTION('center_axis',(1.,0.,0.));
#3838=DIRECTION('ref_axis',(0.,1.,0.));
#3839=DIRECTION('',(0.,1.,0.));
#3840=DIRECTION('',(0.,1.,0.));
#3841=DIRECTION('',(0.,0.,1.));
#3842=DIRECTION('center_axis',(0.,-1.,0.));
#3843=DIRECTION('ref_axis',(1.,0.,0.));
#3844=DIRECTION('',(1.,0.,0.));
#3845=DIRECTION('',(1.,0.,0.));
#3846=DIRECTION('center_axis',(0.,0.,1.));
#3847=DIRECTION('ref_axis',(1.,0.,0.));
#3848=DIRECTION('center_axis',(0.,0.,1.));
#3849=DIRECTION('ref_axis',(1.,0.,0.));
#3850=DIRECTION('axis',(0.,0.,1.));
#3851=DIRECTION('refdir',(1.,0.,0.));
#3852=DIRECTION('center_axis',(-1.,0.,0.));
#3853=DIRECTION('ref_axis',(0.,-1.,0.));
#3854=DIRECTION('',(0.,-1.,0.));
#3855=DIRECTION('',(0.,0.,1.));
#3856=DIRECTION('',(0.,-1.,0.));
#3857=DIRECTION('',(0.,0.,1.));
#3858=DIRECTION('center_axis',(0.,1.,0.));
#3859=DIRECTION('ref_axis',(-1.,0.,0.));
#3860=DIRECTION('',(-1.,0.,0.));
#3861=DIRECTION('',(-1.,0.,0.));
#3862=DIRECTION('',(0.,0.,1.));
#3863=DIRECTION('center_axis',(1.,0.,0.));
#3864=DIRECTION('ref_axis',(0.,1.,0.));
#3865=DIRECTION('',(0.,1.,0.));
#3866=DIRECTION('',(0.,1.,0.));
#3867=DIRECTION('',(0.,0.,1.));
#3868=DIRECTION('center_axis',(0.,-1.,0.));
#3869=DIRECTION('ref_axis',(1.,0.,0.));
#3870=DIRECTION('',(1.,0.,0.));
#3871=DIRECTION('',(1.,0.,0.));
#3872=DIRECTION('center_axis',(0.,0.,1.));
#3873=DIRECTION('ref_axis',(1.,0.,0.));
#3874=DIRECTION('center_axis',(0.,0.,1.));
#3875=DIRECTION('ref_axis',(1.,0.,0.));
#3876=DIRECTION('axis',(0.,0.,1.));
#3877=DIRECTION('refdir',(1.,0.,0.));
#3878=DIRECTION('center_axis',(-1.,0.,0.));
#3879=DIRECTION('ref_axis',(0.,-1.,0.));
#3880=DIRECTION('',(0.,-1.,0.));
#3881=DIRECTION('',(0.,0.,1.));
#3882=DIRECTION('',(0.,-1.,0.));
#3883=DIRECTION('',(0.,0.,1.));
#3884=DIRECTION('center_axis',(0.,1.,0.));
#3885=DIRECTION('ref_axis',(-1.,0.,0.));
#3886=DIRECTION('',(-1.,0.,0.));
#3887=DIRECTION('',(-1.,0.,0.));
#3888=DIRECTION('',(0.,0.,1.));
#3889=DIRECTION('center_axis',(1.,0.,0.));
#3890=DIRECTION('ref_axis',(0.,1.,0.));
#3891=DIRECTION('',(0.,1.,0.));
#3892=DIRECTION('',(0.,1.,0.));
#3893=DIRECTION('',(0.,0.,1.));
#3894=DIRECTION('center_axis',(0.,-1.,0.));
#3895=DIRECTION('ref_axis',(1.,0.,0.));
#3896=DIRECTION('',(1.,0.,0.));
#3897=DIRECTION('',(1.,0.,0.));
#3898=DIRECTION('center_axis',(0.,0.,1.));
#3899=DIRECTION('ref_axis',(1.,0.,0.));
#3900=DIRECTION('center_axis',(0.,0.,1.));
#3901=DIRECTION('ref_axis',(1.,0.,0.));
#3902=DIRECTION('axis',(0.,0.,1.));
#3903=DIRECTION('refdir',(1.,0.,0.));
#3904=DIRECTION('center_axis',(-1.,0.,0.));
#3905=DIRECTION('ref_axis',(0.,-1.,0.));
#3906=DIRECTION('',(0.,-1.,0.));
#3907=DIRECTION('',(0.,0.,1.));
#3908=DIRECTION('',(0.,-1.,0.));
#3909=DIRECTION('',(0.,0.,1.));
#3910=DIRECTION('center_axis',(0.,1.,0.));
#3911=DIRECTION('ref_axis',(-1.,0.,0.));
#3912=DIRECTION('',(-1.,0.,0.));
#3913=DIRECTION('',(-1.,0.,0.));
#3914=DIRECTION('',(0.,0.,1.));
#3915=DIRECTION('center_axis',(1.,0.,0.));
#3916=DIRECTION('ref_axis',(0.,1.,0.));
#3917=DIRECTION('',(0.,1.,0.));
#3918=DIRECTION('',(0.,1.,0.));
#3919=DIRECTION('',(0.,0.,1.));
#3920=DIRECTION('center_axis',(0.,-1.,0.));
#3921=DIRECTION('ref_axis',(1.,0.,0.));
#3922=DIRECTION('',(1.,0.,0.));
#3923=DIRECTION('',(1.,0.,0.));
#3924=DIRECTION('center_axis',(0.,0.,1.));
#3925=DIRECTION('ref_axis',(1.,0.,0.));
#3926=DIRECTION('center_axis',(0.,0.,1.));
#3927=DIRECTION('ref_axis',(1.,0.,0.));
#3928=DIRECTION('axis',(0.,0.,1.));
#3929=DIRECTION('refdir',(1.,0.,0.));
#3930=DIRECTION('center_axis',(-1.,0.,0.));
#3931=DIRECTION('ref_axis',(0.,-1.,0.));
#3932=DIRECTION('',(0.,-1.,0.));
#3933=DIRECTION('',(0.,0.,1.));
#3934=DIRECTION('',(0.,-1.,0.));
#3935=DIRECTION('',(0.,0.,1.));
#3936=DIRECTION('center_axis',(0.,1.,0.));
#3937=DIRECTION('ref_axis',(-1.,0.,0.));
#3938=DIRECTION('',(-1.,0.,0.));
#3939=DIRECTION('',(-1.,0.,0.));
#3940=DIRECTION('',(0.,0.,1.));
#3941=DIRECTION('center_axis',(1.,0.,0.));
#3942=DIRECTION('ref_axis',(0.,1.,0.));
#3943=DIRECTION('',(0.,1.,0.));
#3944=DIRECTION('',(0.,1.,0.));
#3945=DIRECTION('',(0.,0.,1.));
#3946=DIRECTION('center_axis',(0.,-1.,0.));
#3947=DIRECTION('ref_axis',(1.,0.,0.));
#3948=DIRECTION('',(1.,0.,0.));
#3949=DIRECTION('',(1.,0.,0.));
#3950=DIRECTION('center_axis',(0.,0.,1.));
#3951=DIRECTION('ref_axis',(1.,0.,0.));
#3952=DIRECTION('center_axis',(0.,0.,1.));
#3953=DIRECTION('ref_axis',(1.,0.,0.));
#3954=DIRECTION('axis',(0.,0.,1.));
#3955=DIRECTION('refdir',(1.,0.,0.));
#3956=DIRECTION('center_axis',(-1.,0.,0.));
#3957=DIRECTION('ref_axis',(0.,-1.,0.));
#3958=DIRECTION('',(0.,-1.,0.));
#3959=DIRECTION('',(0.,0.,1.));
#3960=DIRECTION('',(0.,-1.,0.));
#3961=DIRECTION('',(0.,0.,1.));
#3962=DIRECTION('center_axis',(0.,1.,0.));
#3963=DIRECTION('ref_axis',(-1.,0.,0.));
#3964=DIRECTION('',(-1.,0.,0.));
#3965=DIRECTION('',(-1.,0.,0.));
#3966=DIRECTION('',(0.,0.,1.));
#3967=DIRECTION('center_axis',(1.,0.,0.));
#3968=DIRECTION('ref_axis',(0.,1.,0.));
#3969=DIRECTION('',(0.,1.,0.));
#3970=DIRECTION('',(0.,1.,0.));
#3971=DIRECTION('',(0.,0.,1.));
#3972=DIRECTION('center_axis',(0.,-1.,0.));
#3973=DIRECTION('ref_axis',(1.,0.,0.));
#3974=DIRECTION('',(1.,0.,0.));
#3975=DIRECTION('',(1.,0.,0.));
#3976=DIRECTION('center_axis',(0.,0.,1.));
#3977=DIRECTION('ref_axis',(1.,0.,0.));
#3978=DIRECTION('center_axis',(0.,0.,1.));
#3979=DIRECTION('ref_axis',(1.,0.,0.));
#3980=DIRECTION('axis',(0.,0.,1.));
#3981=DIRECTION('refdir',(1.,0.,0.));
#3982=DIRECTION('center_axis',(-1.,0.,0.));
#3983=DIRECTION('ref_axis',(0.,-1.,0.));
#3984=DIRECTION('',(0.,-1.,0.));
#3985=DIRECTION('',(0.,0.,1.));
#3986=DIRECTION('',(0.,-1.,0.));
#3987=DIRECTION('',(0.,0.,1.));
#3988=DIRECTION('center_axis',(0.,1.,0.));
#3989=DIRECTION('ref_axis',(-1.,0.,0.));
#3990=DIRECTION('',(-1.,0.,0.));
#3991=DIRECTION('',(-1.,0.,0.));
#3992=DIRECTION('',(0.,0.,1.));
#3993=DIRECTION('center_axis',(1.,0.,0.));
#3994=DIRECTION('ref_axis',(0.,1.,0.));
#3995=DIRECTION('',(0.,1.,0.));
#3996=DIRECTION('',(0.,1.,0.));
#3997=DIRECTION('',(0.,0.,1.));
#3998=DIRECTION('center_axis',(0.,-1.,0.));
#3999=DIRECTION('ref_axis',(1.,0.,0.));
#4000=DIRECTION('',(1.,0.,0.));
#4001=DIRECTION('',(1.,0.,0.));
#4002=DIRECTION('center_axis',(0.,0.,1.));
#4003=DIRECTION('ref_axis',(1.,0.,0.));
#4004=DIRECTION('center_axis',(0.,0.,1.));
#4005=DIRECTION('ref_axis',(1.,0.,0.));
#4006=DIRECTION('axis',(0.,0.,1.));
#4007=DIRECTION('refdir',(1.,0.,0.));
#4008=DIRECTION('center_axis',(-1.,0.,0.));
#4009=DIRECTION('ref_axis',(0.,-1.,0.));
#4010=DIRECTION('',(0.,-1.,0.));
#4011=DIRECTION('',(0.,0.,1.));
#4012=DIRECTION('',(0.,-1.,0.));
#4013=DIRECTION('',(0.,0.,1.));
#4014=DIRECTION('center_axis',(0.,1.,0.));
#4015=DIRECTION('ref_axis',(-1.,0.,0.));
#4016=DIRECTION('',(-1.,0.,0.));
#4017=DIRECTION('',(-1.,0.,0.));
#4018=DIRECTION('',(0.,0.,1.));
#4019=DIRECTION('center_axis',(1.,0.,0.));
#4020=DIRECTION('ref_axis',(0.,1.,0.));
#4021=DIRECTION('',(0.,1.,0.));
#4022=DIRECTION('',(0.,1.,0.));
#4023=DIRECTION('',(0.,0.,1.));
#4024=DIRECTION('center_axis',(0.,-1.,0.));
#4025=DIRECTION('ref_axis',(1.,0.,0.));
#4026=DIRECTION('',(1.,0.,0.));
#4027=DIRECTION('',(1.,0.,0.));
#4028=DIRECTION('center_axis',(0.,0.,1.));
#4029=DIRECTION('ref_axis',(1.,0.,0.));
#4030=DIRECTION('center_axis',(0.,0.,1.));
#4031=DIRECTION('ref_axis',(1.,0.,0.));
#4032=DIRECTION('axis',(0.,0.,1.));
#4033=DIRECTION('refdir',(1.,0.,0.));
#4034=DIRECTION('center_axis',(-1.,0.,0.));
#4035=DIRECTION('ref_axis',(0.,-1.,0.));
#4036=DIRECTION('',(0.,-1.,0.));
#4037=DIRECTION('',(0.,0.,1.));
#4038=DIRECTION('',(0.,-1.,0.));
#4039=DIRECTION('',(0.,0.,1.));
#4040=DIRECTION('center_axis',(0.,1.,0.));
#4041=DIRECTION('ref_axis',(-1.,0.,0.));
#4042=DIRECTION('',(-1.,0.,0.));
#4043=DIRECTION('',(-1.,0.,0.));
#4044=DIRECTION('',(0.,0.,1.));
#4045=DIRECTION('center_axis',(1.,0.,0.));
#4046=DIRECTION('ref_axis',(0.,1.,0.));
#4047=DIRECTION('',(0.,1.,0.));
#4048=DIRECTION('',(0.,1.,0.));
#4049=DIRECTION('',(0.,0.,1.));
#4050=DIRECTION('center_axis',(0.,-1.,0.));
#4051=DIRECTION('ref_axis',(1.,0.,0.));
#4052=DIRECTION('',(1.,0.,0.));
#4053=DIRECTION('',(1.,0.,0.));
#4054=DIRECTION('center_axis',(0.,0.,1.));
#4055=DIRECTION('ref_axis',(1.,0.,0.));
#4056=DIRECTION('center_axis',(0.,0.,1.));
#4057=DIRECTION('ref_axis',(1.,0.,0.));
#4058=DIRECTION('axis',(0.,0.,1.));
#4059=DIRECTION('refdir',(1.,0.,0.));
#4060=DIRECTION('center_axis',(-1.,0.,0.));
#4061=DIRECTION('ref_axis',(0.,-1.,0.));
#4062=DIRECTION('',(0.,-1.,0.));
#4063=DIRECTION('',(0.,0.,1.));
#4064=DIRECTION('',(0.,-1.,0.));
#4065=DIRECTION('',(0.,0.,1.));
#4066=DIRECTION('center_axis',(0.,1.,0.));
#4067=DIRECTION('ref_axis',(-1.,0.,0.));
#4068=DIRECTION('',(-1.,0.,0.));
#4069=DIRECTION('',(-1.,0.,0.));
#4070=DIRECTION('',(0.,0.,1.));
#4071=DIRECTION('center_axis',(1.,0.,0.));
#4072=DIRECTION('ref_axis',(0.,1.,0.));
#4073=DIRECTION('',(0.,1.,0.));
#4074=DIRECTION('',(0.,1.,0.));
#4075=DIRECTION('',(0.,0.,1.));
#4076=DIRECTION('center_axis',(0.,-1.,0.));
#4077=DIRECTION('ref_axis',(1.,0.,0.));
#4078=DIRECTION('',(1.,0.,0.));
#4079=DIRECTION('',(1.,0.,0.));
#4080=DIRECTION('center_axis',(0.,0.,1.));
#4081=DIRECTION('ref_axis',(1.,0.,0.));
#4082=DIRECTION('center_axis',(0.,0.,1.));
#4083=DIRECTION('ref_axis',(1.,0.,0.));
#4084=DIRECTION('axis',(0.,0.,1.));
#4085=DIRECTION('refdir',(1.,0.,0.));
#4086=DIRECTION('center_axis',(-1.,0.,0.));
#4087=DIRECTION('ref_axis',(0.,-1.,0.));
#4088=DIRECTION('',(0.,-1.,0.));
#4089=DIRECTION('',(0.,0.,1.));
#4090=DIRECTION('',(0.,-1.,0.));
#4091=DIRECTION('',(0.,0.,1.));
#4092=DIRECTION('center_axis',(0.,1.,0.));
#4093=DIRECTION('ref_axis',(-1.,0.,0.));
#4094=DIRECTION('',(-1.,0.,0.));
#4095=DIRECTION('',(-1.,0.,0.));
#4096=DIRECTION('',(0.,0.,1.));
#4097=DIRECTION('center_axis',(1.,0.,0.));
#4098=DIRECTION('ref_axis',(0.,1.,0.));
#4099=DIRECTION('',(0.,1.,0.));
#4100=DIRECTION('',(0.,1.,0.));
#4101=DIRECTION('',(0.,0.,1.));
#4102=DIRECTION('center_axis',(0.,-1.,0.));
#4103=DIRECTION('ref_axis',(1.,0.,0.));
#4104=DIRECTION('',(1.,0.,0.));
#4105=DIRECTION('',(1.,0.,0.));
#4106=DIRECTION('center_axis',(0.,0.,1.));
#4107=DIRECTION('ref_axis',(1.,0.,0.));
#4108=DIRECTION('center_axis',(0.,0.,1.));
#4109=DIRECTION('ref_axis',(1.,0.,0.));
#4110=DIRECTION('axis',(0.,0.,1.));
#4111=DIRECTION('refdir',(1.,0.,0.));
#4112=DIRECTION('center_axis',(-1.,0.,0.));
#4113=DIRECTION('ref_axis',(0.,-1.,0.));
#4114=DIRECTION('',(0.,-1.,0.));
#4115=DIRECTION('',(0.,0.,1.));
#4116=DIRECTION('',(0.,-1.,0.));
#4117=DIRECTION('',(0.,0.,1.));
#4118=DIRECTION('center_axis',(0.,1.,0.));
#4119=DIRECTION('ref_axis',(-1.,0.,0.));
#4120=DIRECTION('',(-1.,0.,0.));
#4121=DIRECTION('',(-1.,0.,0.));
#4122=DIRECTION('',(0.,0.,1.));
#4123=DIRECTION('center_axis',(1.,0.,0.));
#4124=DIRECTION('ref_axis',(0.,1.,0.));
#4125=DIRECTION('',(0.,1.,0.));
#4126=DIRECTION('',(0.,1.,0.));
#4127=DIRECTION('',(0.,0.,1.));
#4128=DIRECTION('center_axis',(0.,-1.,0.));
#4129=DIRECTION('ref_axis',(1.,0.,0.));
#4130=DIRECTION('',(1.,0.,0.));
#4131=DIRECTION('',(1.,0.,0.));
#4132=DIRECTION('center_axis',(0.,0.,1.));
#4133=DIRECTION('ref_axis',(1.,0.,0.));
#4134=DIRECTION('center_axis',(0.,0.,1.));
#4135=DIRECTION('ref_axis',(1.,0.,0.));
#4136=DIRECTION('axis',(0.,0.,1.));
#4137=DIRECTION('refdir',(1.,0.,0.));
#4138=DIRECTION('center_axis',(-1.,0.,0.));
#4139=DIRECTION('ref_axis',(0.,-1.,0.));
#4140=DIRECTION('',(0.,-1.,0.));
#4141=DIRECTION('',(0.,0.,1.));
#4142=DIRECTION('',(0.,-1.,0.));
#4143=DIRECTION('',(0.,0.,1.));
#4144=DIRECTION('center_axis',(0.,1.,0.));
#4145=DIRECTION('ref_axis',(-1.,0.,0.));
#4146=DIRECTION('',(-1.,0.,0.));
#4147=DIRECTION('',(-1.,0.,0.));
#4148=DIRECTION('',(0.,0.,1.));
#4149=DIRECTION('center_axis',(1.,0.,0.));
#4150=DIRECTION('ref_axis',(0.,1.,0.));
#4151=DIRECTION('',(0.,1.,0.));
#4152=DIRECTION('',(0.,1.,0.));
#4153=DIRECTION('',(0.,0.,1.));
#4154=DIRECTION('center_axis',(0.,-1.,0.));
#4155=DIRECTION('ref_axis',(1.,0.,0.));
#4156=DIRECTION('',(1.,0.,0.));
#4157=DIRECTION('',(1.,0.,0.));
#4158=DIRECTION('center_axis',(0.,0.,1.));
#4159=DIRECTION('ref_axis',(1.,0.,0.));
#4160=DIRECTION('center_axis',(0.,0.,1.));
#4161=DIRECTION('ref_axis',(1.,0.,0.));
#4162=DIRECTION('axis',(0.,0.,1.));
#4163=DIRECTION('refdir',(1.,0.,0.));
#4164=DIRECTION('center_axis',(-1.,0.,0.));
#4165=DIRECTION('ref_axis',(0.,-1.,0.));
#4166=DIRECTION('',(0.,-1.,0.));
#4167=DIRECTION('',(0.,0.,1.));
#4168=DIRECTION('',(0.,-1.,0.));
#4169=DIRECTION('',(0.,0.,1.));
#4170=DIRECTION('center_axis',(0.,1.,0.));
#4171=DIRECTION('ref_axis',(-1.,0.,0.));
#4172=DIRECTION('',(-1.,0.,0.));
#4173=DIRECTION('',(-1.,0.,0.));
#4174=DIRECTION('',(0.,0.,1.));
#4175=DIRECTION('center_axis',(1.,0.,0.));
#4176=DIRECTION('ref_axis',(0.,1.,0.));
#4177=DIRECTION('',(0.,1.,0.));
#4178=DIRECTION('',(0.,1.,0.));
#4179=DIRECTION('',(0.,0.,1.));
#4180=DIRECTION('center_axis',(0.,-1.,0.));
#4181=DIRECTION('ref_axis',(1.,0.,0.));
#4182=DIRECTION('',(1.,0.,0.));
#4183=DIRECTION('',(1.,0.,0.));
#4184=DIRECTION('center_axis',(0.,0.,1.));
#4185=DIRECTION('ref_axis',(1.,0.,0.));
#4186=DIRECTION('center_axis',(0.,0.,1.));
#4187=DIRECTION('ref_axis',(1.,0.,0.));
#4188=DIRECTION('axis',(0.,0.,1.));
#4189=DIRECTION('refdir',(1.,0.,0.));
#4190=DIRECTION('center_axis',(-1.,0.,0.));
#4191=DIRECTION('ref_axis',(0.,-1.,0.));
#4192=DIRECTION('',(0.,-1.,0.));
#4193=DIRECTION('',(0.,0.,1.));
#4194=DIRECTION('',(0.,-1.,0.));
#4195=DIRECTION('',(0.,0.,1.));
#4196=DIRECTION('center_axis',(0.,1.,0.));
#4197=DIRECTION('ref_axis',(-1.,0.,0.));
#4198=DIRECTION('',(-1.,0.,0.));
#4199=DIRECTION('',(-1.,0.,0.));
#4200=DIRECTION('',(0.,0.,1.));
#4201=DIRECTION('center_axis',(1.,0.,0.));
#4202=DIRECTION('ref_axis',(0.,1.,0.));
#4203=DIRECTION('',(0.,1.,0.));
#4204=DIRECTION('',(0.,1.,0.));
#4205=DIRECTION('',(0.,0.,1.));
#4206=DIRECTION('center_axis',(0.,-1.,0.));
#4207=DIRECTION('ref_axis',(1.,0.,0.));
#4208=DIRECTION('',(1.,0.,0.));
#4209=DIRECTION('',(1.,0.,0.));
#4210=DIRECTION('center_axis',(0.,0.,1.));
#4211=DIRECTION('ref_axis',(1.,0.,0.));
#4212=DIRECTION('center_axis',(0.,0.,1.));
#4213=DIRECTION('ref_axis',(1.,0.,0.));
#4214=DIRECTION('axis',(0.,0.,1.));
#4215=DIRECTION('refdir',(1.,0.,0.));
#4216=DIRECTION('center_axis',(-1.,0.,0.));
#4217=DIRECTION('ref_axis',(0.,-1.,0.));
#4218=DIRECTION('',(0.,-1.,0.));
#4219=DIRECTION('',(0.,0.,1.));
#4220=DIRECTION('',(0.,-1.,0.));
#4221=DIRECTION('',(0.,0.,1.));
#4222=DIRECTION('center_axis',(0.,1.,0.));
#4223=DIRECTION('ref_axis',(-1.,0.,0.));
#4224=DIRECTION('',(-1.,0.,0.));
#4225=DIRECTION('',(-1.,0.,0.));
#4226=DIRECTION('',(0.,0.,1.));
#4227=DIRECTION('center_axis',(1.,0.,0.));
#4228=DIRECTION('ref_axis',(0.,1.,0.));
#4229=DIRECTION('',(0.,1.,0.));
#4230=DIRECTION('',(0.,1.,0.));
#4231=DIRECTION('',(0.,0.,1.));
#4232=DIRECTION('center_axis',(0.,-1.,0.));
#4233=DIRECTION('ref_axis',(1.,0.,0.));
#4234=DIRECTION('',(1.,0.,0.));
#4235=DIRECTION('',(1.,0.,0.));
#4236=DIRECTION('center_axis',(0.,0.,1.));
#4237=DIRECTION('ref_axis',(1.,0.,0.));
#4238=DIRECTION('center_axis',(0.,0.,1.));
#4239=DIRECTION('ref_axis',(1.,0.,0.));
#4240=DIRECTION('axis',(0.,0.,1.));
#4241=DIRECTION('refdir',(1.,0.,0.));
#4242=DIRECTION('center_axis',(-1.,0.,0.));
#4243=DIRECTION('ref_axis',(0.,-1.,0.));
#4244=DIRECTION('',(0.,-1.,0.));
#4245=DIRECTION('',(0.,0.,1.));
#4246=DIRECTION('',(0.,-1.,0.));
#4247=DIRECTION('',(0.,0.,1.));
#4248=DIRECTION('center_axis',(0.,1.,0.));
#4249=DIRECTION('ref_axis',(-1.,0.,0.));
#4250=DIRECTION('',(-1.,0.,0.));
#4251=DIRECTION('',(-1.,0.,0.));
#4252=DIRECTION('',(0.,0.,1.));
#4253=DIRECTION('center_axis',(1.,0.,0.));
#4254=DIRECTION('ref_axis',(0.,1.,0.));
#4255=DIRECTION('',(0.,1.,0.));
#4256=DIRECTION('',(0.,1.,0.));
#4257=DIRECTION('',(0.,0.,1.));
#4258=DIRECTION('center_axis',(0.,-1.,0.));
#4259=DIRECTION('ref_axis',(1.,0.,0.));
#4260=DIRECTION('',(1.,0.,0.));
#4261=DIRECTION('',(1.,0.,0.));
#4262=DIRECTION('center_axis',(0.,0.,1.));
#4263=DIRECTION('ref_axis',(1.,0.,0.));
#4264=DIRECTION('center_axis',(0.,0.,1.));
#4265=DIRECTION('ref_axis',(1.,0.,0.));
#4266=DIRECTION('axis',(0.,0.,1.));
#4267=DIRECTION('refdir',(1.,0.,0.));
#4268=DIRECTION('center_axis',(-1.,0.,0.));
#4269=DIRECTION('ref_axis',(0.,-1.,0.));
#4270=DIRECTION('',(0.,-1.,0.));
#4271=DIRECTION('',(0.,0.,1.));
#4272=DIRECTION('',(0.,-1.,0.));
#4273=DIRECTION('',(0.,0.,1.));
#4274=DIRECTION('center_axis',(0.,1.,0.));
#4275=DIRECTION('ref_axis',(-1.,0.,0.));
#4276=DIRECTION('',(-1.,0.,0.));
#4277=DIRECTION('',(-1.,0.,0.));
#4278=DIRECTION('',(0.,0.,1.));
#4279=DIRECTION('center_axis',(1.,0.,0.));
#4280=DIRECTION('ref_axis',(0.,1.,0.));
#4281=DIRECTION('',(0.,1.,0.));
#4282=DIRECTION('',(0.,1.,0.));
#4283=DIRECTION('',(0.,0.,1.));
#4284=DIRECTION('center_axis',(0.,-1.,0.));
#4285=DIRECTION('ref_axis',(1.,0.,0.));
#4286=DIRECTION('',(1.,0.,0.));
#4287=DIRECTION('',(1.,0.,0.));
#4288=DIRECTION('center_axis',(0.,0.,1.));
#4289=DIRECTION('ref_axis',(1.,0.,0.));
#4290=DIRECTION('center_axis',(0.,0.,1.));
#4291=DIRECTION('ref_axis',(1.,0.,0.));
#4292=DIRECTION('axis',(0.,0.,1.));
#4293=DIRECTION('refdir',(1.,0.,0.));
#4294=DIRECTION('center_axis',(-1.,0.,0.));
#4295=DIRECTION('ref_axis',(0.,-1.,0.));
#4296=DIRECTION('',(0.,-1.,0.));
#4297=DIRECTION('',(0.,0.,1.));
#4298=DIRECTION('',(0.,-1.,0.));
#4299=DIRECTION('',(0.,0.,1.));
#4300=DIRECTION('center_axis',(0.,1.,0.));
#4301=DIRECTION('ref_axis',(-1.,0.,0.));
#4302=DIRECTION('',(-1.,0.,0.));
#4303=DIRECTION('',(-1.,0.,0.));
#4304=DIRECTION('',(0.,0.,1.));
#4305=DIRECTION('center_axis',(1.,0.,0.));
#4306=DIRECTION('ref_axis',(0.,1.,0.));
#4307=DIRECTION('',(0.,1.,0.));
#4308=DIRECTION('',(0.,1.,0.));
#4309=DIRECTION('',(0.,0.,1.));
#4310=DIRECTION('center_axis',(0.,-1.,0.));
#4311=DIRECTION('ref_axis',(1.,0.,0.));
#4312=DIRECTION('',(1.,0.,0.));
#4313=DIRECTION('',(1.,0.,0.));
#4314=DIRECTION('center_axis',(0.,0.,1.));
#4315=DIRECTION('ref_axis',(1.,0.,0.));
#4316=DIRECTION('center_axis',(0.,0.,1.));
#4317=DIRECTION('ref_axis',(1.,0.,0.));
#4318=DIRECTION('axis',(0.,0.,1.));
#4319=DIRECTION('refdir',(1.,0.,0.));
#4320=DIRECTION('center_axis',(-1.,0.,0.));
#4321=DIRECTION('ref_axis',(0.,-1.,0.));
#4322=DIRECTION('',(0.,-1.,0.));
#4323=DIRECTION('',(0.,0.,1.));
#4324=DIRECTION('',(0.,-1.,0.));
#4325=DIRECTION('',(0.,0.,1.));
#4326=DIRECTION('center_axis',(0.,1.,0.));
#4327=DIRECTION('ref_axis',(-1.,0.,0.));
#4328=DIRECTION('',(-1.,0.,0.));
#4329=DIRECTION('',(-1.,0.,0.));
#4330=DIRECTION('',(0.,0.,1.));
#4331=DIRECTION('center_axis',(1.,0.,0.));
#4332=DIRECTION('ref_axis',(0.,1.,0.));
#4333=DIRECTION('',(0.,1.,0.));
#4334=DIRECTION('',(0.,1.,0.));
#4335=DIRECTION('',(0.,0.,1.));
#4336=DIRECTION('center_axis',(0.,-1.,0.));
#4337=DIRECTION('ref_axis',(1.,0.,0.));
#4338=DIRECTION('',(1.,0.,0.));
#4339=DIRECTION('',(1.,0.,0.));
#4340=DIRECTION('center_axis',(0.,0.,1.));
#4341=DIRECTION('ref_axis',(1.,0.,0.));
#4342=DIRECTION('center_axis',(0.,0.,1.));
#4343=DIRECTION('ref_axis',(1.,0.,0.));
#4344=DIRECTION('axis',(0.,0.,1.));
#4345=DIRECTION('refdir',(1.,0.,0.));
#4346=DIRECTION('center_axis',(-1.,0.,0.));
#4347=DIRECTION('ref_axis',(0.,-1.,0.));
#4348=DIRECTION('',(0.,-1.,0.));
#4349=DIRECTION('',(0.,0.,1.));
#4350=DIRECTION('',(0.,-1.,0.));
#4351=DIRECTION('',(0.,0.,1.));
#4352=DIRECTION('center_axis',(0.,1.,0.));
#4353=DIRECTION('ref_axis',(-1.,0.,0.));
#4354=DIRECTION('',(-1.,0.,0.));
#4355=DIRECTION('',(-1.,0.,0.));
#4356=DIRECTION('',(0.,0.,1.));
#4357=DIRECTION('center_axis',(1.,0.,0.));
#4358=DIRECTION('ref_axis',(0.,1.,0.));
#4359=DIRECTION('',(0.,1.,0.));
#4360=DIRECTION('',(0.,1.,0.));
#4361=DIRECTION('',(0.,0.,1.));
#4362=DIRECTION('center_axis',(0.,-1.,0.));
#4363=DIRECTION('ref_axis',(1.,0.,0.));
#4364=DIRECTION('',(1.,0.,0.));
#4365=DIRECTION('',(1.,0.,0.));
#4366=DIRECTION('center_axis',(0.,0.,1.));
#4367=DIRECTION('ref_axis',(1.,0.,0.));
#4368=DIRECTION('center_axis',(0.,0.,1.));
#4369=DIRECTION('ref_axis',(1.,0.,0.));
#4370=DIRECTION('',(1.,0.,-2.22044604925031E-16));
#4371=DIRECTION('',(-2.22044604925031E-16,0.,-1.));
#4372=DIRECTION('',(1.,0.,-2.22044604925031E-16));
#4373=DIRECTION('',(-2.22044604925031E-16,0.,-1.));
#4374=DIRECTION('',(0.,0.,1.));
#4375=DIRECTION('',(1.,0.,0.));
#4376=DIRECTION('',(0.,1.,-2.22044604925031E-16));
#4377=DIRECTION('',(1.,0.,0.));
#4378=DIRECTION('',(0.,1.,-2.22044604925031E-16));
#4379=DIRECTION('',(1.,0.,0.));
#4380=DIRECTION('',(0.,0.,1.));
#4381=DIRECTION('',(1.,0.,0.));
#4382=DIRECTION('',(0.,0.,1.));
#4383=DIRECTION('',(1.,0.,0.));
#4384=DIRECTION('',(0.,0.,1.));
#4385=DIRECTION('',(1.,0.,0.));
#4386=DIRECTION('',(0.,0.,1.));
#4387=DIRECTION('',(1.,0.,0.));
#4388=DIRECTION('',(0.,0.,1.));
#4389=DIRECTION('',(1.,0.,0.));
#4390=DIRECTION('',(0.,0.,1.));
#4391=DIRECTION('',(1.,0.,0.));
#4392=DIRECTION('',(0.,0.,1.));
#4393=DIRECTION('',(1.,0.,0.));
#4394=DIRECTION('',(0.,0.,1.));
#4395=DIRECTION('',(1.,0.,0.));
#4396=DIRECTION('',(0.,0.,1.));
#4397=DIRECTION('',(1.,0.,0.));
#4398=DIRECTION('',(0.,0.,1.));
#4399=DIRECTION('',(1.,0.,0.));
#4400=DIRECTION('',(0.,0.,1.));
#4401=DIRECTION('',(1.,0.,0.));
#4402=DIRECTION('',(0.,0.,1.));
#4403=DIRECTION('',(1.,0.,0.));
#4404=DIRECTION('',(0.,0.,1.));
#4405=DIRECTION('',(1.,0.,0.));
#4406=DIRECTION('',(0.,0.,1.));
#4407=DIRECTION('',(1.,0.,0.));
#4408=DIRECTION('',(0.,0.,1.));
#4409=DIRECTION('',(1.,0.,0.));
#4410=DIRECTION('',(0.,0.,1.));
#4411=DIRECTION('',(1.,0.,0.));
#4412=DIRECTION('',(0.,0.,1.));
#4413=DIRECTION('',(1.,0.,0.));
#4414=DIRECTION('',(0.,0.,1.));
#4415=DIRECTION('',(1.,0.,0.));
#4416=DIRECTION('',(0.,0.,1.));
#4417=DIRECTION('',(1.,0.,0.));
#4418=DIRECTION('',(0.,0.,1.));
#4419=DIRECTION('',(1.,0.,0.));
#4420=DIRECTION('',(0.,0.,1.));
#4421=DIRECTION('',(1.,0.,0.));
#4422=DIRECTION('',(0.,0.,1.));
#4423=DIRECTION('',(1.,0.,0.));
#4424=DIRECTION('',(0.,0.,1.));
#4425=DIRECTION('',(1.,0.,0.));
#4426=DIRECTION('',(0.,0.,1.));
#4427=DIRECTION('',(1.,0.,0.));
#4428=DIRECTION('',(0.,0.,1.));
#4429=DIRECTION('',(1.,0.,0.));
#4430=DIRECTION('',(0.,0.,1.));
#4431=DIRECTION('',(1.,0.,0.));
#4432=CARTESIAN_POINT('',(0.,0.,0.));
#4433=CARTESIAN_POINT('',(0.,0.,0.));
#4434=CARTESIAN_POINT('Origin',(0.,0.,0.));
#4435=CARTESIAN_POINT('',(55.,6.73555739531044E-15,0.));
#4436=CARTESIAN_POINT('Origin',(0.,0.,0.));
#4437=CARTESIAN_POINT('',(55.,6.73555739531044E-15,8.841941));
#4438=CARTESIAN_POINT('',(55.,6.73555739531044E-15,0.));
#4439=CARTESIAN_POINT('Origin',(0.,0.,8.841941));
#4440=CARTESIAN_POINT('Origin',(0.,0.,0.));
#4441=CARTESIAN_POINT('',(65.,7.9602041944578E-15,8.841941));
#4442=CARTESIAN_POINT('Origin',(0.,0.,8.841941));
#4443=CARTESIAN_POINT('',(65.,7.9602041944578E-15,0.));
#4444=CARTESIAN_POINT('',(65.,7.9602041944578E-15,0.));
#4445=CARTESIAN_POINT('Origin',(0.,0.,0.));
#4446=CARTESIAN_POINT('Origin',(-4.307159250872E-15,0.,0.));
#4447=CARTESIAN_POINT('Origin',(-4.307159250872E-15,0.,8.841941));
#4448=CARTESIAN_POINT('',(0.,0.,0.));
#4449=CARTESIAN_POINT('Origin',(0.,0.,0.));
#4450=CARTESIAN_POINT('',(30.35,3.71680303541222E-15,23.));
#4451=CARTESIAN_POINT('Origin',(0.,0.,23.));
#4452=CARTESIAN_POINT('',(30.35,3.71680303541222E-15,0.));
#4453=CARTESIAN_POINT('',(30.35,3.71680303541222E-15,0.));
#4454=CARTESIAN_POINT('Origin',(0.,0.,0.));
#4455=CARTESIAN_POINT('Origin',(-3.23618636948081E-15,-4.87742130532743E-16,
0.));
#4456=CARTESIAN_POINT('Origin',(-3.23618636948081E-15,-4.87742130532743E-16,
23.));
#4457=CARTESIAN_POINT('',(0.,0.,0.));
#4458=CARTESIAN_POINT('Origin',(-3.5,16.,0.));
#4459=CARTESIAN_POINT('',(-3.5,16.,0.));
#4460=CARTESIAN_POINT('',(-3.5,-16.,0.));
#4461=CARTESIAN_POINT('',(-3.5,16.,0.));
#4462=CARTESIAN_POINT('',(-3.5,-16.,32.));
#4463=CARTESIAN_POINT('',(-3.5,-16.,0.));
#4464=CARTESIAN_POINT('',(-3.5,16.,32.));
#4465=CARTESIAN_POINT('',(-3.5,16.,32.));
#4466=CARTESIAN_POINT('',(-3.5,16.,0.));
#4467=CARTESIAN_POINT('Origin',(3.5,16.,0.));
#4468=CARTESIAN_POINT('',(3.5,16.,0.));
#4469=CARTESIAN_POINT('',(3.5,16.,0.));
#4470=CARTESIAN_POINT('',(3.5,16.,32.));
#4471=CARTESIAN_POINT('',(3.5,16.,32.));
#4472=CARTESIAN_POINT('',(3.5,16.,0.));
#4473=CARTESIAN_POINT('Origin',(3.5,-16.,0.));
#4474=CARTESIAN_POINT('',(3.5,-16.,0.));
#4475=CARTESIAN_POINT('',(3.5,-16.,0.));
#4476=CARTESIAN_POINT('',(3.5,-16.,32.));
#4477=CARTESIAN_POINT('',(3.5,-16.,32.));
#4478=CARTESIAN_POINT('',(3.5,-16.,0.));
#4479=CARTESIAN_POINT('Origin',(-3.5,-16.,0.));
#4480=CARTESIAN_POINT('',(-3.5,-16.,0.));
#4481=CARTESIAN_POINT('',(-3.5,-16.,32.));
#4482=CARTESIAN_POINT('Origin',(0.,0.,32.));
#4483=CARTESIAN_POINT('Origin',(0.,0.,0.));
#4484=CARTESIAN_POINT('',(0.,0.,0.));
#4485=CARTESIAN_POINT('Origin',(0.,0.,0.));
#4486=CARTESIAN_POINT('',(55.,6.73555739531044E-15,0.));
#4487=CARTESIAN_POINT('Origin',(0.,0.,0.));
#4488=CARTESIAN_POINT('',(55.,6.73555739531044E-15,8.841941));
#4489=CARTESIAN_POINT('',(55.,6.73555739531044E-15,0.));
#4490=CARTESIAN_POINT('Origin',(0.,0.,8.841941));
#4491=CARTESIAN_POINT('Origin',(0.,0.,0.));
#4492=CARTESIAN_POINT('',(65.,7.9602041944578E-15,8.841941));
#4493=CARTESIAN_POINT('Origin',(0.,0.,8.841941));
#4494=CARTESIAN_POINT('',(65.,7.9602041944578E-15,0.));
#4495=CARTESIAN_POINT('',(65.,7.9602041944578E-15,0.));
#4496=CARTESIAN_POINT('Origin',(0.,0.,0.));
#4497=CARTESIAN_POINT('Origin',(-4.307159250872E-15,0.,0.));
#4498=CARTESIAN_POINT('Origin',(-4.307159250872E-15,0.,8.841941));
#4499=CARTESIAN_POINT('',(0.,0.,0.));
#4500=CARTESIAN_POINT('Origin',(0.,0.,0.));
#4501=CARTESIAN_POINT('',(30.35,3.71680303541222E-15,23.));
#4502=CARTESIAN_POINT('Origin',(0.,0.,23.));
#4503=CARTESIAN_POINT('',(30.35,3.71680303541222E-15,0.));
#4504=CARTESIAN_POINT('',(30.35,3.71680303541222E-15,0.));
#4505=CARTESIAN_POINT('Origin',(0.,0.,0.));
#4506=CARTESIAN_POINT('Origin',(-3.23618636948081E-15,-4.87742130532743E-16,
0.));
#4507=CARTESIAN_POINT('Origin',(-3.23618636948081E-15,-4.87742130532743E-16,
23.));
#4508=CARTESIAN_POINT('',(0.,0.,0.));
#4509=CARTESIAN_POINT('Origin',(-16.,3.5,0.));
#4510=CARTESIAN_POINT('',(-16.,3.5,0.));
#4511=CARTESIAN_POINT('',(-16.,-3.5,0.));
#4512=CARTESIAN_POINT('',(-16.,3.5,0.));
#4513=CARTESIAN_POINT('',(-16.,-3.5,32.));
#4514=CARTESIAN_POINT('',(-16.,-3.5,0.));
#4515=CARTESIAN_POINT('',(-16.,3.5,32.));
#4516=CARTESIAN_POINT('',(-16.,3.5,32.));
#4517=CARTESIAN_POINT('',(-16.,3.5,0.));
#4518=CARTESIAN_POINT('Origin',(16.,3.5,0.));
#4519=CARTESIAN_POINT('',(16.,3.5,0.));
#4520=CARTESIAN_POINT('',(16.,3.5,0.));
#4521=CARTESIAN_POINT('',(16.,3.5,32.));
#4522=CARTESIAN_POINT('',(16.,3.5,32.));
#4523=CARTESIAN_POINT('',(16.,3.5,0.));
#4524=CARTESIAN_POINT('Origin',(16.,-3.5,0.));
#4525=CARTESIAN_POINT('',(16.,-3.5,0.));
#4526=CARTESIAN_POINT('',(16.,-3.5,0.));
#4527=CARTESIAN_POINT('',(16.,-3.5,32.));
#4528=CARTESIAN_POINT('',(16.,-3.5,32.));
#4529=CARTESIAN_POINT('',(16.,-3.5,0.));
#4530=CARTESIAN_POINT('Origin',(-16.,-3.5,0.));
#4531=CARTESIAN_POINT('',(-16.,-3.5,0.));
#4532=CARTESIAN_POINT('',(-16.,-3.5,32.));
#4533=CARTESIAN_POINT('Origin',(0.,0.,32.));
#4534=CARTESIAN_POINT('Origin',(0.,0.,0.));
#4535=CARTESIAN_POINT('',(0.,0.,0.));
#4536=CARTESIAN_POINT('Origin',(0.,0.,0.));
#4537=CARTESIAN_POINT('',(55.,6.73555739531044E-15,0.));
#4538=CARTESIAN_POINT('Origin',(0.,0.,0.));
#4539=CARTESIAN_POINT('',(55.,6.73555739531044E-15,8.841941));
#4540=CARTESIAN_POINT('',(55.,6.73555739531044E-15,0.));
#4541=CARTESIAN_POINT('Origin',(0.,0.,8.841941));
#4542=CARTESIAN_POINT('Origin',(0.,0.,0.));
#4543=CARTESIAN_POINT('',(65.,7.9602041944578E-15,8.841941));
#4544=CARTESIAN_POINT('Origin',(0.,0.,8.841941));
#4545=CARTESIAN_POINT('',(65.,7.9602041944578E-15,0.));
#4546=CARTESIAN_POINT('',(65.,7.9602041944578E-15,0.));
#4547=CARTESIAN_POINT('Origin',(0.,0.,0.));
#4548=CARTESIAN_POINT('Origin',(-4.307159250872E-15,0.,0.));
#4549=CARTESIAN_POINT('Origin',(-4.307159250872E-15,0.,8.841941));
#4550=CARTESIAN_POINT('',(0.,0.,0.));
#4551=CARTESIAN_POINT('Origin',(0.,0.,0.));
#4552=CARTESIAN_POINT('',(30.35,3.71680303541222E-15,23.));
#4553=CARTESIAN_POINT('Origin',(0.,0.,23.));
#4554=CARTESIAN_POINT('',(30.35,3.71680303541222E-15,0.));
#4555=CARTESIAN_POINT('',(30.35,3.71680303541222E-15,0.));
#4556=CARTESIAN_POINT('Origin',(0.,0.,0.));
#4557=CARTESIAN_POINT('Origin',(-3.23618636948081E-15,-4.87742130532743E-16,
0.));
#4558=CARTESIAN_POINT('Origin',(-3.23618636948081E-15,-4.87742130532743E-16,
23.));
#4559=CARTESIAN_POINT('',(0.,0.,0.));
#4560=CARTESIAN_POINT('Origin',(-16.,16.,0.));
#4561=CARTESIAN_POINT('',(-16.,16.,0.));
#4562=CARTESIAN_POINT('',(-16.,-16.,0.));
#4563=CARTESIAN_POINT('',(-16.,16.,0.));
#4564=CARTESIAN_POINT('',(-16.,-16.,7.));
#4565=CARTESIAN_POINT('',(-16.,-16.,0.));
#4566=CARTESIAN_POINT('',(-16.,16.,7.));
#4567=CARTESIAN_POINT('',(-16.,16.,7.));
#4568=CARTESIAN_POINT('',(-16.,16.,0.));
#4569=CARTESIAN_POINT('Origin',(16.,16.,0.));
#4570=CARTESIAN_POINT('',(16.,16.,0.));
#4571=CARTESIAN_POINT('',(16.,16.,0.));
#4572=CARTESIAN_POINT('',(16.,16.,7.));
#4573=CARTESIAN_POINT('',(16.,16.,7.));
#4574=CARTESIAN_POINT('',(16.,16.,0.));
#4575=CARTESIAN_POINT('Origin',(16.,-16.,0.));
#4576=CARTESIAN_POINT('',(16.,-16.,0.));
#4577=CARTESIAN_POINT('',(16.,-16.,0.));
#4578=CARTESIAN_POINT('',(16.,-16.,7.));
#4579=CARTESIAN_POINT('',(16.,-16.,7.));
#4580=CARTESIAN_POINT('',(16.,-16.,0.));
#4581=CARTESIAN_POINT('Origin',(-16.,-16.,0.));
#4582=CARTESIAN_POINT('',(-16.,-16.,0.));
#4583=CARTESIAN_POINT('',(-16.,-16.,7.));
#4584=CARTESIAN_POINT('Origin',(0.,0.,7.));
#4585=CARTESIAN_POINT('Origin',(0.,0.,0.));
#4586=CARTESIAN_POINT('',(0.,0.,0.));
#4587=CARTESIAN_POINT('Origin',(-82.,4.,0.));
#4588=CARTESIAN_POINT('',(-82.,4.,0.));
#4589=CARTESIAN_POINT('',(-82.,-4.,0.));
#4590=CARTESIAN_POINT('',(-82.,4.,0.));
#4591=CARTESIAN_POINT('',(-82.,-4.,8.));
#4592=CARTESIAN_POINT('',(-82.,-4.,0.));
#4593=CARTESIAN_POINT('',(-82.,4.,8.));
#4594=CARTESIAN_POINT('',(-82.,4.,8.));
#4595=CARTESIAN_POINT('',(-82.,4.,0.));
#4596=CARTESIAN_POINT('Origin',(82.,4.,0.));
#4597=CARTESIAN_POINT('',(82.,4.,0.));
#4598=CARTESIAN_POINT('',(82.,4.,0.));
#4599=CARTESIAN_POINT('',(82.,4.,8.));
#4600=CARTESIAN_POINT('',(82.,4.,8.));
#4601=CARTESIAN_POINT('',(82.,4.,0.));
#4602=CARTESIAN_POINT('Origin',(82.,-4.,0.));
#4603=CARTESIAN_POINT('',(82.,-4.,0.));
#4604=CARTESIAN_POINT('',(82.,-4.,0.));
#4605=CARTESIAN_POINT('',(82.,-4.,8.));
#4606=CARTESIAN_POINT('',(82.,-4.,8.));
#4607=CARTESIAN_POINT('',(82.,-4.,0.));
#4608=CARTESIAN_POINT('Origin',(-82.,-4.,0.));
#4609=CARTESIAN_POINT('',(-82.,-4.,0.));
#4610=CARTESIAN_POINT('',(-82.,-4.,8.));
#4611=CARTESIAN_POINT('Origin',(0.,0.,8.));
#4612=CARTESIAN_POINT('Origin',(0.,0.,0.));
#4613=CARTESIAN_POINT('',(0.,0.,0.));
#4614=CARTESIAN_POINT('Origin',(-82.,4.,0.));
#4615=CARTESIAN_POINT('',(-82.,4.,0.));
#4616=CARTESIAN_POINT('',(-82.,-4.,0.));
#4617=CARTESIAN_POINT('',(-82.,4.,0.));
#4618=CARTESIAN_POINT('',(-82.,-4.,8.));
#4619=CARTESIAN_POINT('',(-82.,-4.,0.));
#4620=CARTESIAN_POINT('',(-82.,4.,8.));
#4621=CARTESIAN_POINT('',(-82.,4.,8.));
#4622=CARTESIAN_POINT('',(-82.,4.,0.));
#4623=CARTESIAN_POINT('Origin',(82.,4.,0.));
#4624=CARTESIAN_POINT('',(82.,4.,0.));
#4625=CARTESIAN_POINT('',(82.,4.,0.));
#4626=CARTESIAN_POINT('',(82.,4.,8.));
#4627=CARTESIAN_POINT('',(82.,4.,8.));
#4628=CARTESIAN_POINT('',(82.,4.,0.));
#4629=CARTESIAN_POINT('Origin',(82.,-4.,0.));
#4630=CARTESIAN_POINT('',(82.,-4.,0.));
#4631=CARTESIAN_POINT('',(82.,-4.,0.));
#4632=CARTESIAN_POINT('',(82.,-4.,8.));
#4633=CARTESIAN_POINT('',(82.,-4.,8.));
#4634=CARTESIAN_POINT('',(82.,-4.,0.));
#4635=CARTESIAN_POINT('Origin',(-82.,-4.,0.));
#4636=CARTESIAN_POINT('',(-82.,-4.,0.));
#4637=CARTESIAN_POINT('',(-82.,-4.,8.));
#4638=CARTESIAN_POINT('Origin',(0.,0.,8.));
#4639=CARTESIAN_POINT('Origin',(0.,0.,0.));
#4640=CARTESIAN_POINT('',(0.,0.,0.));
#4641=CARTESIAN_POINT('Origin',(-82.,4.,0.));
#4642=CARTESIAN_POINT('',(-82.,4.,0.));
#4643=CARTESIAN_POINT('',(-82.,-4.,0.));
#4644=CARTESIAN_POINT('',(-82.,4.,0.));
#4645=CARTESIAN_POINT('',(-82.,-4.,8.));
#4646=CARTESIAN_POINT('',(-82.,-4.,0.));
#4647=CARTESIAN_POINT('',(-82.,4.,8.));
#4648=CARTESIAN_POINT('',(-82.,4.,8.));
#4649=CARTESIAN_POINT('',(-82.,4.,0.));
#4650=CARTESIAN_POINT('Origin',(82.,4.,0.));
#4651=CARTESIAN_POINT('',(82.,4.,0.));
#4652=CARTESIAN_POINT('',(82.,4.,0.));
#4653=CARTESIAN_POINT('',(82.,4.,8.));
#4654=CARTESIAN_POINT('',(82.,4.,8.));
#4655=CARTESIAN_POINT('',(82.,4.,0.));
#4656=CARTESIAN_POINT('Origin',(82.,-4.,0.));
#4657=CARTESIAN_POINT('',(82.,-4.,0.));
#4658=CARTESIAN_POINT('',(82.,-4.,0.));
#4659=CARTESIAN_POINT('',(82.,-4.,8.));
#4660=CARTESIAN_POINT('',(82.,-4.,8.));
#4661=CARTESIAN_POINT('',(82.,-4.,0.));
#4662=CARTESIAN_POINT('Origin',(-82.,-4.,0.));
#4663=CARTESIAN_POINT('',(-82.,-4.,0.));
#4664=CARTESIAN_POINT('',(-82.,-4.,8.));
#4665=CARTESIAN_POINT('Origin',(0.,0.,8.));
#4666=CARTESIAN_POINT('Origin',(0.,0.,0.));
#4667=CARTESIAN_POINT('',(0.,0.,0.));
#4668=CARTESIAN_POINT('Origin',(-82.,4.,0.));
#4669=CARTESIAN_POINT('',(-82.,4.,0.));
#4670=CARTESIAN_POINT('',(-82.,-4.,0.));
#4671=CARTESIAN_POINT('',(-82.,4.,0.));
#4672=CARTESIAN_POINT('',(-82.,-4.,8.));
#4673=CARTESIAN_POINT('',(-82.,-4.,0.));
#4674=CARTESIAN_POINT('',(-82.,4.,8.));
#4675=CARTESIAN_POINT('',(-82.,4.,8.));
#4676=CARTESIAN_POINT('',(-82.,4.,0.));
#4677=CARTESIAN_POINT('Origin',(82.,4.,0.));
#4678=CARTESIAN_POINT('',(82.,4.,0.));
#4679=CARTESIAN_POINT('',(82.,4.,0.));
#4680=CARTESIAN_POINT('',(82.,4.,8.));
#4681=CARTESIAN_POINT('',(82.,4.,8.));
#4682=CARTESIAN_POINT('',(82.,4.,0.));
#4683=CARTESIAN_POINT('Origin',(82.,-4.,0.));
#4684=CARTESIAN_POINT('',(82.,-4.,0.));
#4685=CARTESIAN_POINT('',(82.,-4.,0.));
#4686=CARTESIAN_POINT('',(82.,-4.,8.));
#4687=CARTESIAN_POINT('',(82.,-4.,8.));
#4688=CARTESIAN_POINT('',(82.,-4.,0.));
#4689=CARTESIAN_POINT('Origin',(-82.,-4.,0.));
#4690=CARTESIAN_POINT('',(-82.,-4.,0.));
#4691=CARTESIAN_POINT('',(-82.,-4.,8.));
#4692=CARTESIAN_POINT('Origin',(0.,0.,8.));
#4693=CARTESIAN_POINT('Origin',(0.,0.,0.));
#4694=CARTESIAN_POINT('',(0.,0.,0.));
#4695=CARTESIAN_POINT('Origin',(-4.,82.,0.));
#4696=CARTESIAN_POINT('',(-4.,82.,0.));
#4697=CARTESIAN_POINT('',(-4.,-82.,0.));
#4698=CARTESIAN_POINT('',(-4.,82.,0.));
#4699=CARTESIAN_POINT('',(-4.,-82.,8.));
#4700=CARTESIAN_POINT('',(-4.,-82.,0.));
#4701=CARTESIAN_POINT('',(-4.,82.,8.));
#4702=CARTESIAN_POINT('',(-4.,82.,8.));
#4703=CARTESIAN_POINT('',(-4.,82.,0.));
#4704=CARTESIAN_POINT('Origin',(4.,82.,0.));
#4705=CARTESIAN_POINT('',(4.,82.,0.));
#4706=CARTESIAN_POINT('',(4.,82.,0.));
#4707=CARTESIAN_POINT('',(4.,82.,8.));
#4708=CARTESIAN_POINT('',(4.,82.,8.));
#4709=CARTESIAN_POINT('',(4.,82.,0.));
#4710=CARTESIAN_POINT('Origin',(4.,-82.,0.));
#4711=CARTESIAN_POINT('',(4.,-82.,0.));
#4712=CARTESIAN_POINT('',(4.,-82.,0.));
#4713=CARTESIAN_POINT('',(4.,-82.,8.));
#4714=CARTESIAN_POINT('',(4.,-82.,8.));
#4715=CARTESIAN_POINT('',(4.,-82.,0.));
#4716=CARTESIAN_POINT('Origin',(-4.,-82.,0.));
#4717=CARTESIAN_POINT('',(-4.,-82.,0.));
#4718=CARTESIAN_POINT('',(-4.,-82.,8.));
#4719=CARTESIAN_POINT('Origin',(0.,0.,8.));
#4720=CARTESIAN_POINT('Origin',(0.,0.,0.));
#4721=CARTESIAN_POINT('',(0.,0.,0.));
#4722=CARTESIAN_POINT('Origin',(-4.,82.,0.));
#4723=CARTESIAN_POINT('',(-4.,82.,0.));
#4724=CARTESIAN_POINT('',(-4.,-82.,0.));
#4725=CARTESIAN_POINT('',(-4.,82.,0.));
#4726=CARTESIAN_POINT('',(-4.,-82.,8.));
#4727=CARTESIAN_POINT('',(-4.,-82.,0.));
#4728=CARTESIAN_POINT('',(-4.,82.,8.));
#4729=CARTESIAN_POINT('',(-4.,82.,8.));
#4730=CARTESIAN_POINT('',(-4.,82.,0.));
#4731=CARTESIAN_POINT('Origin',(4.,82.,0.));
#4732=CARTESIAN_POINT('',(4.,82.,0.));
#4733=CARTESIAN_POINT('',(4.,82.,0.));
#4734=CARTESIAN_POINT('',(4.,82.,8.));
#4735=CARTESIAN_POINT('',(4.,82.,8.));
#4736=CARTESIAN_POINT('',(4.,82.,0.));
#4737=CARTESIAN_POINT('Origin',(4.,-82.,0.));
#4738=CARTESIAN_POINT('',(4.,-82.,0.));
#4739=CARTESIAN_POINT('',(4.,-82.,0.));
#4740=CARTESIAN_POINT('',(4.,-82.,8.));
#4741=CARTESIAN_POINT('',(4.,-82.,8.));
#4742=CARTESIAN_POINT('',(4.,-82.,0.));
#4743=CARTESIAN_POINT('Origin',(-4.,-82.,0.));
#4744=CARTESIAN_POINT('',(-4.,-82.,0.));
#4745=CARTESIAN_POINT('',(-4.,-82.,8.));
#4746=CARTESIAN_POINT('Origin',(0.,0.,8.));
#4747=CARTESIAN_POINT('Origin',(0.,0.,0.));
#4748=CARTESIAN_POINT('',(0.,0.,0.));
#4749=CARTESIAN_POINT('Origin',(-4.,82.,0.));
#4750=CARTESIAN_POINT('',(-4.,82.,0.));
#4751=CARTESIAN_POINT('',(-4.,-82.,0.));
#4752=CARTESIAN_POINT('',(-4.,82.,0.));
#4753=CARTESIAN_POINT('',(-4.,-82.,8.));
#4754=CARTESIAN_POINT('',(-4.,-82.,0.));
#4755=CARTESIAN_POINT('',(-4.,82.,8.));
#4756=CARTESIAN_POINT('',(-4.,82.,8.));
#4757=CARTESIAN_POINT('',(-4.,82.,0.));
#4758=CARTESIAN_POINT('Origin',(4.,82.,0.));
#4759=CARTESIAN_POINT('',(4.,82.,0.));
#4760=CARTESIAN_POINT('',(4.,82.,0.));
#4761=CARTESIAN_POINT('',(4.,82.,8.));
#4762=CARTESIAN_POINT('',(4.,82.,8.));
#4763=CARTESIAN_POINT('',(4.,82.,0.));
#4764=CARTESIAN_POINT('Origin',(4.,-82.,0.));
#4765=CARTESIAN_POINT('',(4.,-82.,0.));
#4766=CARTESIAN_POINT('',(4.,-82.,0.));
#4767=CARTESIAN_POINT('',(4.,-82.,8.));
#4768=CARTESIAN_POINT('',(4.,-82.,8.));
#4769=CARTESIAN_POINT('',(4.,-82.,0.));
#4770=CARTESIAN_POINT('Origin',(-4.,-82.,0.));
#4771=CARTESIAN_POINT('',(-4.,-82.,0.));
#4772=CARTESIAN_POINT('',(-4.,-82.,8.));
#4773=CARTESIAN_POINT('Origin',(0.,0.,8.));
#4774=CARTESIAN_POINT('Origin',(0.,0.,0.));
#4775=CARTESIAN_POINT('',(0.,0.,0.));
#4776=CARTESIAN_POINT('Origin',(-4.,82.,0.));
#4777=CARTESIAN_POINT('',(-4.,82.,0.));
#4778=CARTESIAN_POINT('',(-4.,-82.,0.));
#4779=CARTESIAN_POINT('',(-4.,82.,0.));
#4780=CARTESIAN_POINT('',(-4.,-82.,8.));
#4781=CARTESIAN_POINT('',(-4.,-82.,0.));
#4782=CARTESIAN_POINT('',(-4.,82.,8.));
#4783=CARTESIAN_POINT('',(-4.,82.,8.));
#4784=CARTESIAN_POINT('',(-4.,82.,0.));
#4785=CARTESIAN_POINT('Origin',(4.,82.,0.));
#4786=CARTESIAN_POINT('',(4.,82.,0.));
#4787=CARTESIAN_POINT('',(4.,82.,0.));
#4788=CARTESIAN_POINT('',(4.,82.,8.));
#4789=CARTESIAN_POINT('',(4.,82.,8.));
#4790=CARTESIAN_POINT('',(4.,82.,0.));
#4791=CARTESIAN_POINT('Origin',(4.,-82.,0.));
#4792=CARTESIAN_POINT('',(4.,-82.,0.));
#4793=CARTESIAN_POINT('',(4.,-82.,0.));
#4794=CARTESIAN_POINT('',(4.,-82.,8.));
#4795=CARTESIAN_POINT('',(4.,-82.,8.));
#4796=CARTESIAN_POINT('',(4.,-82.,0.));
#4797=CARTESIAN_POINT('Origin',(-4.,-82.,0.));
#4798=CARTESIAN_POINT('',(-4.,-82.,0.));
#4799=CARTESIAN_POINT('',(-4.,-82.,8.));
#4800=CARTESIAN_POINT('Origin',(0.,0.,8.));
#4801=CARTESIAN_POINT('Origin',(0.,0.,0.));
#4802=CARTESIAN_POINT('',(0.,0.,0.));
#4803=CARTESIAN_POINT('Origin',(-4.,4.,0.));
#4804=CARTESIAN_POINT('',(-4.,4.,0.));
#4805=CARTESIAN_POINT('',(-4.,-4.,0.));
#4806=CARTESIAN_POINT('',(-4.,4.,0.));
#4807=CARTESIAN_POINT('',(-4.,-4.,164.));
#4808=CARTESIAN_POINT('',(-4.,-4.,0.));
#4809=CARTESIAN_POINT('',(-4.,4.,164.));
#4810=CARTESIAN_POINT('',(-4.,4.,164.));
#4811=CARTESIAN_POINT('',(-4.,4.,0.));
#4812=CARTESIAN_POINT('Origin',(4.,4.,0.));
#4813=CARTESIAN_POINT('',(4.,4.,0.));
#4814=CARTESIAN_POINT('',(4.,4.,0.));
#4815=CARTESIAN_POINT('',(4.,4.,164.));
#4816=CARTESIAN_POINT('',(4.,4.,164.));
#4817=CARTESIAN_POINT('',(4.,4.,0.));
#4818=CARTESIAN_POINT('Origin',(4.,-4.,0.));
#4819=CARTESIAN_POINT('',(4.,-4.,0.));
#4820=CARTESIAN_POINT('',(4.,-4.,0.));
#4821=CARTESIAN_POINT('',(4.,-4.,164.));
#4822=CARTESIAN_POINT('',(4.,-4.,164.));
#4823=CARTESIAN_POINT('',(4.,-4.,0.));
#4824=CARTESIAN_POINT('Origin',(-4.,-4.,0.));
#4825=CARTESIAN_POINT('',(-4.,-4.,0.));
#4826=CARTESIAN_POINT('',(-4.,-4.,164.));
#4827=CARTESIAN_POINT('Origin',(0.,0.,164.));
#4828=CARTESIAN_POINT('Origin',(0.,0.,0.));
#4829=CARTESIAN_POINT('',(0.,0.,0.));
#4830=CARTESIAN_POINT('Origin',(-4.,4.,0.));
#4831=CARTESIAN_POINT('',(-4.,4.,0.));
#4832=CARTESIAN_POINT('',(-4.,-4.,0.));
#4833=CARTESIAN_POINT('',(-4.,4.,0.));
#4834=CARTESIAN_POINT('',(-4.,-4.,164.));
#4835=CARTESIAN_POINT('',(-4.,-4.,0.));
#4836=CARTESIAN_POINT('',(-4.,4.,164.));
#4837=CARTESIAN_POINT('',(-4.,4.,164.));
#4838=CARTESIAN_POINT('',(-4.,4.,0.));
#4839=CARTESIAN_POINT('Origin',(4.,4.,0.));
#4840=CARTESIAN_POINT('',(4.,4.,0.));
#4841=CARTESIAN_POINT('',(4.,4.,0.));
#4842=CARTESIAN_POINT('',(4.,4.,164.));
#4843=CARTESIAN_POINT('',(4.,4.,164.));
#4844=CARTESIAN_POINT('',(4.,4.,0.));
#4845=CARTESIAN_POINT('Origin',(4.,-4.,0.));
#4846=CARTESIAN_POINT('',(4.,-4.,0.));
#4847=CARTESIAN_POINT('',(4.,-4.,0.));
#4848=CARTESIAN_POINT('',(4.,-4.,164.));
#4849=CARTESIAN_POINT('',(4.,-4.,164.));
#4850=CARTESIAN_POINT('',(4.,-4.,0.));
#4851=CARTESIAN_POINT('Origin',(-4.,-4.,0.));
#4852=CARTESIAN_POINT('',(-4.,-4.,0.));
#4853=CARTESIAN_POINT('',(-4.,-4.,164.));
#4854=CARTESIAN_POINT('Origin',(0.,0.,164.));
#4855=CARTESIAN_POINT('Origin',(0.,0.,0.));
#4856=CARTESIAN_POINT('',(0.,0.,0.));
#4857=CARTESIAN_POINT('Origin',(-4.,4.,0.));
#4858=CARTESIAN_POINT('',(-4.,4.,0.));
#4859=CARTESIAN_POINT('',(-4.,-4.,0.));
#4860=CARTESIAN_POINT('',(-4.,4.,0.));
#4861=CARTESIAN_POINT('',(-4.,-4.,164.));
#4862=CARTESIAN_POINT('',(-4.,-4.,0.));
#4863=CARTESIAN_POINT('',(-4.,4.,164.));
#4864=CARTESIAN_POINT('',(-4.,4.,164.));
#4865=CARTESIAN_POINT('',(-4.,4.,0.));
#4866=CARTESIAN_POINT('Origin',(4.,4.,0.));
#4867=CARTESIAN_POINT('',(4.,4.,0.));
#4868=CARTESIAN_POINT('',(4.,4.,0.));
#4869=CARTESIAN_POINT('',(4.,4.,164.));
#4870=CARTESIAN_POINT('',(4.,4.,164.));
#4871=CARTESIAN_POINT('',(4.,4.,0.));
#4872=CARTESIAN_POINT('Origin',(4.,-4.,0.));
#4873=CARTESIAN_POINT('',(4.,-4.,0.));
#4874=CARTESIAN_POINT('',(4.,-4.,0.));
#4875=CARTESIAN_POINT('',(4.,-4.,164.));
#4876=CARTESIAN_POINT('',(4.,-4.,164.));
#4877=CARTESIAN_POINT('',(4.,-4.,0.));
#4878=CARTESIAN_POINT('Origin',(-4.,-4.,0.));
#4879=CARTESIAN_POINT('',(-4.,-4.,0.));
#4880=CARTESIAN_POINT('',(-4.,-4.,164.));
#4881=CARTESIAN_POINT('Origin',(0.,0.,164.));
#4882=CARTESIAN_POINT('Origin',(0.,0.,0.));
#4883=CARTESIAN_POINT('',(0.,0.,0.));
#4884=CARTESIAN_POINT('Origin',(-4.,4.,0.));
#4885=CARTESIAN_POINT('',(-4.,4.,0.));
#4886=CARTESIAN_POINT('',(-4.,-4.,0.));
#4887=CARTESIAN_POINT('',(-4.,4.,0.));
#4888=CARTESIAN_POINT('',(-4.,-4.,164.));
#4889=CARTESIAN_POINT('',(-4.,-4.,0.));
#4890=CARTESIAN_POINT('',(-4.,4.,164.));
#4891=CARTESIAN_POINT('',(-4.,4.,164.));
#4892=CARTESIAN_POINT('',(-4.,4.,0.));
#4893=CARTESIAN_POINT('Origin',(4.,4.,0.));
#4894=CARTESIAN_POINT('',(4.,4.,0.));
#4895=CARTESIAN_POINT('',(4.,4.,0.));
#4896=CARTESIAN_POINT('',(4.,4.,164.));
#4897=CARTESIAN_POINT('',(4.,4.,164.));
#4898=CARTESIAN_POINT('',(4.,4.,0.));
#4899=CARTESIAN_POINT('Origin',(4.,-4.,0.));
#4900=CARTESIAN_POINT('',(4.,-4.,0.));
#4901=CARTESIAN_POINT('',(4.,-4.,0.));
#4902=CARTESIAN_POINT('',(4.,-4.,164.));
#4903=CARTESIAN_POINT('',(4.,-4.,164.));
#4904=CARTESIAN_POINT('',(4.,-4.,0.));
#4905=CARTESIAN_POINT('Origin',(-4.,-4.,0.));
#4906=CARTESIAN_POINT('',(-4.,-4.,0.));
#4907=CARTESIAN_POINT('',(-4.,-4.,164.));
#4908=CARTESIAN_POINT('Origin',(0.,0.,164.));
#4909=CARTESIAN_POINT('Origin',(0.,0.,0.));
#4910=CARTESIAN_POINT('',(0.,0.,0.));
#4911=CARTESIAN_POINT('Origin',(-4.,4.,0.));
#4912=CARTESIAN_POINT('',(-4.,4.,0.));
#4913=CARTESIAN_POINT('',(-4.,-4.,0.));
#4914=CARTESIAN_POINT('',(-4.,4.,0.));
#4915=CARTESIAN_POINT('',(-4.,-4.,8.));
#4916=CARTESIAN_POINT('',(-4.,-4.,0.));
#4917=CARTESIAN_POINT('',(-4.,4.,8.));
#4918=CARTESIAN_POINT('',(-4.,4.,8.));
#4919=CARTESIAN_POINT('',(-4.,4.,0.));
#4920=CARTESIAN_POINT('Origin',(4.,4.,0.));
#4921=CARTESIAN_POINT('',(4.,4.,0.));
#4922=CARTESIAN_POINT('',(4.,4.,0.));
#4923=CARTESIAN_POINT('',(4.,4.,8.));
#4924=CARTESIAN_POINT('',(4.,4.,8.));
#4925=CARTESIAN_POINT('',(4.,4.,0.));
#4926=CARTESIAN_POINT('Origin',(4.,-4.,0.));
#4927=CARTESIAN_POINT('',(4.,-4.,0.));
#4928=CARTESIAN_POINT('',(4.,-4.,0.));
#4929=CARTESIAN_POINT('',(4.,-4.,8.));
#4930=CARTESIAN_POINT('',(4.,-4.,8.));
#4931=CARTESIAN_POINT('',(4.,-4.,0.));
#4932=CARTESIAN_POINT('Origin',(-4.,-4.,0.));
#4933=CARTESIAN_POINT('',(-4.,-4.,0.));
#4934=CARTESIAN_POINT('',(-4.,-4.,8.));
#4935=CARTESIAN_POINT('Origin',(0.,0.,8.));
#4936=CARTESIAN_POINT('Origin',(0.,0.,0.));
#4937=CARTESIAN_POINT('',(0.,0.,0.));
#4938=CARTESIAN_POINT('Origin',(-4.,4.,0.));
#4939=CARTESIAN_POINT('',(-4.,4.,0.));
#4940=CARTESIAN_POINT('',(-4.,-4.,0.));
#4941=CARTESIAN_POINT('',(-4.,4.,0.));
#4942=CARTESIAN_POINT('',(-4.,-4.,8.));
#4943=CARTESIAN_POINT('',(-4.,-4.,0.));
#4944=CARTESIAN_POINT('',(-4.,4.,8.));
#4945=CARTESIAN_POINT('',(-4.,4.,8.));
#4946=CARTESIAN_POINT('',(-4.,4.,0.));
#4947=CARTESIAN_POINT('Origin',(4.,4.,0.));
#4948=CARTESIAN_POINT('',(4.,4.,0.));
#4949=CARTESIAN_POINT('',(4.,4.,0.));
#4950=CARTESIAN_POINT('',(4.,4.,8.));
#4951=CARTESIAN_POINT('',(4.,4.,8.));
#4952=CARTESIAN_POINT('',(4.,4.,0.));
#4953=CARTESIAN_POINT('Origin',(4.,-4.,0.));
#4954=CARTESIAN_POINT('',(4.,-4.,0.));
#4955=CARTESIAN_POINT('',(4.,-4.,0.));
#4956=CARTESIAN_POINT('',(4.,-4.,8.));
#4957=CARTESIAN_POINT('',(4.,-4.,8.));
#4958=CARTESIAN_POINT('',(4.,-4.,0.));
#4959=CARTESIAN_POINT('Origin',(-4.,-4.,0.));
#4960=CARTESIAN_POINT('',(-4.,-4.,0.));
#4961=CARTESIAN_POINT('',(-4.,-4.,8.));
#4962=CARTESIAN_POINT('Origin',(0.,0.,8.));
#4963=CARTESIAN_POINT('Origin',(0.,0.,0.));
#4964=CARTESIAN_POINT('',(0.,0.,0.));
#4965=CARTESIAN_POINT('Origin',(-4.,4.,0.));
#4966=CARTESIAN_POINT('',(-4.,4.,0.));
#4967=CARTESIAN_POINT('',(-4.,-4.,0.));
#4968=CARTESIAN_POINT('',(-4.,4.,0.));
#4969=CARTESIAN_POINT('',(-4.,-4.,8.));
#4970=CARTESIAN_POINT('',(-4.,-4.,0.));
#4971=CARTESIAN_POINT('',(-4.,4.,8.));
#4972=CARTESIAN_POINT('',(-4.,4.,8.));
#4973=CARTESIAN_POINT('',(-4.,4.,0.));
#4974=CARTESIAN_POINT('Origin',(4.,4.,0.));
#4975=CARTESIAN_POINT('',(4.,4.,0.));
#4976=CARTESIAN_POINT('',(4.,4.,0.));
#4977=CARTESIAN_POINT('',(4.,4.,8.));
#4978=CARTESIAN_POINT('',(4.,4.,8.));
#4979=CARTESIAN_POINT('',(4.,4.,0.));
#4980=CARTESIAN_POINT('Origin',(4.,-4.,0.));
#4981=CARTESIAN_POINT('',(4.,-4.,0.));
#4982=CARTESIAN_POINT('',(4.,-4.,0.));
#4983=CARTESIAN_POINT('',(4.,-4.,8.));
#4984=CARTESIAN_POINT('',(4.,-4.,8.));
#4985=CARTESIAN_POINT('',(4.,-4.,0.));
#4986=CARTESIAN_POINT('Origin',(-4.,-4.,0.));
#4987=CARTESIAN_POINT('',(-4.,-4.,0.));
#4988=CARTESIAN_POINT('',(-4.,-4.,8.));
#4989=CARTESIAN_POINT('Origin',(0.,0.,8.));
#4990=CARTESIAN_POINT('Origin',(0.,0.,0.));
#4991=CARTESIAN_POINT('',(0.,0.,0.));
#4992=CARTESIAN_POINT('Origin',(-4.,4.,0.));
#4993=CARTESIAN_POINT('',(-4.,4.,0.));
#4994=CARTESIAN_POINT('',(-4.,-4.,0.));
#4995=CARTESIAN_POINT('',(-4.,4.,0.));
#4996=CARTESIAN_POINT('',(-4.,-4.,8.));
#4997=CARTESIAN_POINT('',(-4.,-4.,0.));
#4998=CARTESIAN_POINT('',(-4.,4.,8.));
#4999=CARTESIAN_POINT('',(-4.,4.,8.));
#5000=CARTESIAN_POINT('',(-4.,4.,0.));
#5001=CARTESIAN_POINT('Origin',(4.,4.,0.));
#5002=CARTESIAN_POINT('',(4.,4.,0.));
#5003=CARTESIAN_POINT('',(4.,4.,0.));
#5004=CARTESIAN_POINT('',(4.,4.,8.));
#5005=CARTESIAN_POINT('',(4.,4.,8.));
#5006=CARTESIAN_POINT('',(4.,4.,0.));
#5007=CARTESIAN_POINT('Origin',(4.,-4.,0.));
#5008=CARTESIAN_POINT('',(4.,-4.,0.));
#5009=CARTESIAN_POINT('',(4.,-4.,0.));
#5010=CARTESIAN_POINT('',(4.,-4.,8.));
#5011=CARTESIAN_POINT('',(4.,-4.,8.));
#5012=CARTESIAN_POINT('',(4.,-4.,0.));
#5013=CARTESIAN_POINT('Origin',(-4.,-4.,0.));
#5014=CARTESIAN_POINT('',(-4.,-4.,0.));
#5015=CARTESIAN_POINT('',(-4.,-4.,8.));
#5016=CARTESIAN_POINT('Origin',(0.,0.,8.));
#5017=CARTESIAN_POINT('Origin',(0.,0.,0.));
#5018=CARTESIAN_POINT('',(0.,0.,0.));
#5019=CARTESIAN_POINT('Origin',(-4.,4.,0.));
#5020=CARTESIAN_POINT('',(-4.,4.,0.));
#5021=CARTESIAN_POINT('',(-4.,-4.,0.));
#5022=CARTESIAN_POINT('',(-4.,4.,0.));
#5023=CARTESIAN_POINT('',(-4.,-4.,8.));
#5024=CARTESIAN_POINT('',(-4.,-4.,0.));
#5025=CARTESIAN_POINT('',(-4.,4.,8.));
#5026=CARTESIAN_POINT('',(-4.,4.,8.));
#5027=CARTESIAN_POINT('',(-4.,4.,0.));
#5028=CARTESIAN_POINT('Origin',(4.,4.,0.));
#5029=CARTESIAN_POINT('',(4.,4.,0.));
#5030=CARTESIAN_POINT('',(4.,4.,0.));
#5031=CARTESIAN_POINT('',(4.,4.,8.));
#5032=CARTESIAN_POINT('',(4.,4.,8.));
#5033=CARTESIAN_POINT('',(4.,4.,0.));
#5034=CARTESIAN_POINT('Origin',(4.,-4.,0.));
#5035=CARTESIAN_POINT('',(4.,-4.,0.));
#5036=CARTESIAN_POINT('',(4.,-4.,0.));
#5037=CARTESIAN_POINT('',(4.,-4.,8.));
#5038=CARTESIAN_POINT('',(4.,-4.,8.));
#5039=CARTESIAN_POINT('',(4.,-4.,0.));
#5040=CARTESIAN_POINT('Origin',(-4.,-4.,0.));
#5041=CARTESIAN_POINT('',(-4.,-4.,0.));
#5042=CARTESIAN_POINT('',(-4.,-4.,8.));
#5043=CARTESIAN_POINT('Origin',(0.,0.,8.));
#5044=CARTESIAN_POINT('Origin',(0.,0.,0.));
#5045=CARTESIAN_POINT('',(0.,0.,0.));
#5046=CARTESIAN_POINT('Origin',(-4.,4.,0.));
#5047=CARTESIAN_POINT('',(-4.,4.,0.));
#5048=CARTESIAN_POINT('',(-4.,-4.,0.));
#5049=CARTESIAN_POINT('',(-4.,4.,0.));
#5050=CARTESIAN_POINT('',(-4.,-4.,8.));
#5051=CARTESIAN_POINT('',(-4.,-4.,0.));
#5052=CARTESIAN_POINT('',(-4.,4.,8.));
#5053=CARTESIAN_POINT('',(-4.,4.,8.));
#5054=CARTESIAN_POINT('',(-4.,4.,0.));
#5055=CARTESIAN_POINT('Origin',(4.,4.,0.));
#5056=CARTESIAN_POINT('',(4.,4.,0.));
#5057=CARTESIAN_POINT('',(4.,4.,0.));
#5058=CARTESIAN_POINT('',(4.,4.,8.));
#5059=CARTESIAN_POINT('',(4.,4.,8.));
#5060=CARTESIAN_POINT('',(4.,4.,0.));
#5061=CARTESIAN_POINT('Origin',(4.,-4.,0.));
#5062=CARTESIAN_POINT('',(4.,-4.,0.));
#5063=CARTESIAN_POINT('',(4.,-4.,0.));
#5064=CARTESIAN_POINT('',(4.,-4.,8.));
#5065=CARTESIAN_POINT('',(4.,-4.,8.));
#5066=CARTESIAN_POINT('',(4.,-4.,0.));
#5067=CARTESIAN_POINT('Origin',(-4.,-4.,0.));
#5068=CARTESIAN_POINT('',(-4.,-4.,0.));
#5069=CARTESIAN_POINT('',(-4.,-4.,8.));
#5070=CARTESIAN_POINT('Origin',(0.,0.,8.));
#5071=CARTESIAN_POINT('Origin',(0.,0.,0.));
#5072=CARTESIAN_POINT('',(0.,0.,0.));
#5073=CARTESIAN_POINT('Origin',(-4.,4.,0.));
#5074=CARTESIAN_POINT('',(-4.,4.,0.));
#5075=CARTESIAN_POINT('',(-4.,-4.,0.));
#5076=CARTESIAN_POINT('',(-4.,4.,0.));
#5077=CARTESIAN_POINT('',(-4.,-4.,8.));
#5078=CARTESIAN_POINT('',(-4.,-4.,0.));
#5079=CARTESIAN_POINT('',(-4.,4.,8.));
#5080=CARTESIAN_POINT('',(-4.,4.,8.));
#5081=CARTESIAN_POINT('',(-4.,4.,0.));
#5082=CARTESIAN_POINT('Origin',(4.,4.,0.));
#5083=CARTESIAN_POINT('',(4.,4.,0.));
#5084=CARTESIAN_POINT('',(4.,4.,0.));
#5085=CARTESIAN_POINT('',(4.,4.,8.));
#5086=CARTESIAN_POINT('',(4.,4.,8.));
#5087=CARTESIAN_POINT('',(4.,4.,0.));
#5088=CARTESIAN_POINT('Origin',(4.,-4.,0.));
#5089=CARTESIAN_POINT('',(4.,-4.,0.));
#5090=CARTESIAN_POINT('',(4.,-4.,0.));
#5091=CARTESIAN_POINT('',(4.,-4.,8.));
#5092=CARTESIAN_POINT('',(4.,-4.,8.));
#5093=CARTESIAN_POINT('',(4.,-4.,0.));
#5094=CARTESIAN_POINT('Origin',(-4.,-4.,0.));
#5095=CARTESIAN_POINT('',(-4.,-4.,0.));
#5096=CARTESIAN_POINT('',(-4.,-4.,8.));
#5097=CARTESIAN_POINT('Origin',(0.,0.,8.));
#5098=CARTESIAN_POINT('Origin',(0.,0.,0.));
#5099=CARTESIAN_POINT('',(0.,0.,0.));
#5100=CARTESIAN_POINT('Origin',(-4.,4.,0.));
#5101=CARTESIAN_POINT('',(-4.,4.,0.));
#5102=CARTESIAN_POINT('',(-4.,-4.,0.));
#5103=CARTESIAN_POINT('',(-4.,4.,0.));
#5104=CARTESIAN_POINT('',(-4.,-4.,8.));
#5105=CARTESIAN_POINT('',(-4.,-4.,0.));
#5106=CARTESIAN_POINT('',(-4.,4.,8.));
#5107=CARTESIAN_POINT('',(-4.,4.,8.));
#5108=CARTESIAN_POINT('',(-4.,4.,0.));
#5109=CARTESIAN_POINT('Origin',(4.,4.,0.));
#5110=CARTESIAN_POINT('',(4.,4.,0.));
#5111=CARTESIAN_POINT('',(4.,4.,0.));
#5112=CARTESIAN_POINT('',(4.,4.,8.));
#5113=CARTESIAN_POINT('',(4.,4.,8.));
#5114=CARTESIAN_POINT('',(4.,4.,0.));
#5115=CARTESIAN_POINT('Origin',(4.,-4.,0.));
#5116=CARTESIAN_POINT('',(4.,-4.,0.));
#5117=CARTESIAN_POINT('',(4.,-4.,0.));
#5118=CARTESIAN_POINT('',(4.,-4.,8.));
#5119=CARTESIAN_POINT('',(4.,-4.,8.));
#5120=CARTESIAN_POINT('',(4.,-4.,0.));
#5121=CARTESIAN_POINT('Origin',(-4.,-4.,0.));
#5122=CARTESIAN_POINT('',(-4.,-4.,0.));
#5123=CARTESIAN_POINT('',(-4.,-4.,8.));
#5124=CARTESIAN_POINT('Origin',(0.,0.,8.));
#5125=CARTESIAN_POINT('Origin',(0.,0.,0.));
#5126=CARTESIAN_POINT('',(0.,0.,0.));
#5127=CARTESIAN_POINT('Origin',(-45.,35.,0.));
#5128=CARTESIAN_POINT('',(-45.,35.,0.));
#5129=CARTESIAN_POINT('',(-45.,-35.,0.));
#5130=CARTESIAN_POINT('',(-45.,35.,0.));
#5131=CARTESIAN_POINT('',(-45.,-35.,8.));
#5132=CARTESIAN_POINT('',(-45.,-35.,0.));
#5133=CARTESIAN_POINT('',(-45.,35.,8.));
#5134=CARTESIAN_POINT('',(-45.,35.,8.));
#5135=CARTESIAN_POINT('',(-45.,35.,0.));
#5136=CARTESIAN_POINT('Origin',(45.,35.,0.));
#5137=CARTESIAN_POINT('',(45.,35.,0.));
#5138=CARTESIAN_POINT('',(45.,35.,0.));
#5139=CARTESIAN_POINT('',(45.,35.,8.));
#5140=CARTESIAN_POINT('',(45.,35.,8.));
#5141=CARTESIAN_POINT('',(45.,35.,0.));
#5142=CARTESIAN_POINT('Origin',(45.,-35.,0.));
#5143=CARTESIAN_POINT('',(45.,-35.,0.));
#5144=CARTESIAN_POINT('',(45.,-35.,0.));
#5145=CARTESIAN_POINT('',(45.,-35.,8.));
#5146=CARTESIAN_POINT('',(45.,-35.,8.));
#5147=CARTESIAN_POINT('',(45.,-35.,0.));
#5148=CARTESIAN_POINT('Origin',(-45.,-35.,0.));
#5149=CARTESIAN_POINT('',(-45.,-35.,0.));
#5150=CARTESIAN_POINT('',(-45.,-35.,8.));
#5151=CARTESIAN_POINT('Origin',(0.,0.,8.));
#5152=CARTESIAN_POINT('Origin',(0.,0.,0.));
#5153=CARTESIAN_POINT('',(0.,0.,0.));
#5154=CARTESIAN_POINT('Origin',(-25.,15.,0.));
#5155=CARTESIAN_POINT('',(-25.,15.,0.));
#5156=CARTESIAN_POINT('',(-25.,-15.,0.));
#5157=CARTESIAN_POINT('',(-25.,15.,0.));
#5158=CARTESIAN_POINT('',(-25.,-15.,20.));
#5159=CARTESIAN_POINT('',(-25.,-15.,0.));
#5160=CARTESIAN_POINT('',(-25.,15.,20.));
#5161=CARTESIAN_POINT('',(-25.,15.,20.));
#5162=CARTESIAN_POINT('',(-25.,15.,0.));
#5163=CARTESIAN_POINT('Origin',(25.,15.,0.));
#5164=CARTESIAN_POINT('',(25.,15.,0.));
#5165=CARTESIAN_POINT('',(25.,15.,0.));
#5166=CARTESIAN_POINT('',(25.,15.,20.));
#5167=CARTESIAN_POINT('',(25.,15.,20.));
#5168=CARTESIAN_POINT('',(25.,15.,0.));
#5169=CARTESIAN_POINT('Origin',(25.,-15.,0.));
#5170=CARTESIAN_POINT('',(25.,-15.,0.));
#5171=CARTESIAN_POINT('',(25.,-15.,0.));
#5172=CARTESIAN_POINT('',(25.,-15.,20.));
#5173=CARTESIAN_POINT('',(25.,-15.,20.));
#5174=CARTESIAN_POINT('',(25.,-15.,0.));
#5175=CARTESIAN_POINT('Origin',(-25.,-15.,0.));
#5176=CARTESIAN_POINT('',(-25.,-15.,0.));
#5177=CARTESIAN_POINT('',(-25.,-15.,20.));
#5178=CARTESIAN_POINT('Origin',(0.,0.,20.));
#5179=CARTESIAN_POINT('Origin',(0.,0.,0.));
#5180=CARTESIAN_POINT('',(75.5790295,0.,0.));
#5181=CARTESIAN_POINT('',(48.5,0.,0.));
#5182=CARTESIAN_POINT('',(42.,0.,-16.));
#5183=CARTESIAN_POINT('',(0.,75.5790295,0.));
#5184=CARTESIAN_POINT('',(0.,48.5,0.));
#5185=CARTESIAN_POINT('',(0.,42.,-16.));
#5186=CARTESIAN_POINT('',(0.,0.,75.5790295));
#5187=CARTESIAN_POINT('',(0.,0.,48.5));
#5188=CARTESIAN_POINT('',(0.,0.,38.5));
#5189=CARTESIAN_POINT('',(0.,-86.,-90.));
#5190=CARTESIAN_POINT('',(0.,-86.,82.));
#5191=CARTESIAN_POINT('',(0.,86.,-90.));
#5192=CARTESIAN_POINT('',(0.,86.,82.));
#5193=CARTESIAN_POINT('',(-86.,0.,-90.));
#5194=CARTESIAN_POINT('',(-86.,0.,82.));
#5195=CARTESIAN_POINT('',(86.,0.,-90.));
#5196=CARTESIAN_POINT('',(86.,0.,82.));
#5197=CARTESIAN_POINT('',(-86.,-86.,-82.));
#5198=CARTESIAN_POINT('',(-86.,86.,-82.));
#5199=CARTESIAN_POINT('',(86.,-86.,-82.));
#5200=CARTESIAN_POINT('',(86.,86.,-82.));
#5201=CARTESIAN_POINT('',(-86.,-86.,-90.));
#5202=CARTESIAN_POINT('',(-86.,-86.,82.));
#5203=CARTESIAN_POINT('',(-86.,86.,-90.));
#5204=CARTESIAN_POINT('',(-86.,86.,82.));
#5205=CARTESIAN_POINT('',(86.,-86.,-90.));
#5206=CARTESIAN_POINT('',(86.,-86.,82.));
#5207=CARTESIAN_POINT('',(86.,86.,-90.));
#5208=CARTESIAN_POINT('',(86.,86.,82.));
#5209=CARTESIAN_POINT('',(0.,0.,-59.));
#5210=CARTESIAN_POINT('',(0.,0.,-10.));
#5211=UNCERTAINTY_MEASURE_WITH_UNIT(LENGTH_MEASURE(0.01),#5277,
'DISTANCE_ACCURACY_VALUE',
'Maximum model space distance between geometric entities at asserted c
onnectivities');
#5212=UNCERTAINTY_MEASURE_WITH_UNIT(LENGTH_MEASURE(0.01),#5277,
'DISTANCE_ACCURACY_VALUE',
'Maximum model space distance between geometric entities at asserted c
onnectivities');
#5213=UNCERTAINTY_MEASURE_WITH_UNIT(LENGTH_MEASURE(0.01),#5277,
'DISTANCE_ACCURACY_VALUE',
'Maximum model space distance between geometric entities at asserted c
onnectivities');
#5214=UNCERTAINTY_MEASURE_WITH_UNIT(LENGTH_MEASURE(0.01),#5277,
'DISTANCE_ACCURACY_VALUE',
'Maximum model space distance between geometric entities at asserted c
onnectivities');
#5215=UNCERTAINTY_MEASURE_WITH_UNIT(LENGTH_MEASURE(0.01),#5277,
'DISTANCE_ACCURACY_VALUE',
'Maximum model space distance between geometric entities at asserted c
onnectivities');
#5216=UNCERTAINTY_MEASURE_WITH_UNIT(LENGTH_MEASURE(0.01),#5277,
'DISTANCE_ACCURACY_VALUE',
'Maximum model space distance between geometric entities at asserted c
onnectivities');
#5217=UNCERTAINTY_MEASURE_WITH_UNIT(LENGTH_MEASURE(0.01),#5277,
'DISTANCE_ACCURACY_VALUE',
'Maximum model space distance between geometric entities at asserted c
onnectivities');
#5218=UNCERTAINTY_MEASURE_WITH_UNIT(LENGTH_MEASURE(0.01),#5277,
'DISTANCE_ACCURACY_VALUE',
'Maximum model space distance between geometric entities at asserted c
onnectivities');
#5219=UNCERTAINTY_MEASURE_WITH_UNIT(LENGTH_MEASURE(0.01),#5277,
'DISTANCE_ACCURACY_VALUE',
'Maximum model space distance between geometric entities at asserted c
onnectivities');
#5220=UNCERTAINTY_MEASURE_WITH_UNIT(LENGTH_MEASURE(0.01),#5277,
'DISTANCE_ACCURACY_VALUE',
'Maximum model space distance between geometric entities at asserted c
onnectivities');
#5221=UNCERTAINTY_MEASURE_WITH_UNIT(LENGTH_MEASURE(0.01),#5277,
'DISTANCE_ACCURACY_VALUE',
'Maximum model space distance between geometric entities at asserted c
onnectivities');
#5222=UNCERTAINTY_MEASURE_WITH_UNIT(LENGTH_MEASURE(0.01),#5277,
'DISTANCE_ACCURACY_VALUE',
'Maximum model space distance between geometric entities at asserted c
onnectivities');
#5223=UNCERTAINTY_MEASURE_WITH_UNIT(LENGTH_MEASURE(0.01),#5277,
'DISTANCE_ACCURACY_VALUE',
'Maximum model space distance between geometric entities at asserted c
onnectivities');
#5224=UNCERTAINTY_MEASURE_WITH_UNIT(LENGTH_MEASURE(0.01),#5277,
'DISTANCE_ACCURACY_VALUE',
'Maximum model space distance between geometric entities at asserted c
onnectivities');
#5225=UNCERTAINTY_MEASURE_WITH_UNIT(LENGTH_MEASURE(0.01),#5277,
'DISTANCE_ACCURACY_VALUE',
'Maximum model space distance between geometric entities at asserted c
onnectivities');
#5226=UNCERTAINTY_MEASURE_WITH_UNIT(LENGTH_MEASURE(0.01),#5277,
'DISTANCE_ACCURACY_VALUE',
'Maximum model space distance between geometric entities at asserted c
onnectivities');
#5227=UNCERTAINTY_MEASURE_WITH_UNIT(LENGTH_MEASURE(0.01),#5277,
'DISTANCE_ACCURACY_VALUE',
'Maximum model space distance between geometric entities at asserted c
onnectivities');
#5228=UNCERTAINTY_MEASURE_WITH_UNIT(LENGTH_MEASURE(0.01),#5277,
'DISTANCE_ACCURACY_VALUE',
'Maximum model space distance between geometric entities at asserted c
onnectivities');
#5229=UNCERTAINTY_MEASURE_WITH_UNIT(LENGTH_MEASURE(0.01),#5277,
'DISTANCE_ACCURACY_VALUE',
'Maximum model space distance between geometric entities at asserted c
onnectivities');
#5230=UNCERTAINTY_MEASURE_WITH_UNIT(LENGTH_MEASURE(0.01),#5277,
'DISTANCE_ACCURACY_VALUE',
'Maximum model space distance between geometric entities at asserted c
onnectivities');
#5231=UNCERTAINTY_MEASURE_WITH_UNIT(LENGTH_MEASURE(0.01),#5277,
'DISTANCE_ACCURACY_VALUE',
'Maximum model space distance between geometric entities at asserted c
onnectivities');
#5232=UNCERTAINTY_MEASURE_WITH_UNIT(LENGTH_MEASURE(0.01),#5277,
'DISTANCE_ACCURACY_VALUE',
'Maximum model space distance between geometric entities at asserted c
onnectivities');
#5233=UNCERTAINTY_MEASURE_WITH_UNIT(LENGTH_MEASURE(0.01),#5277,
'DISTANCE_ACCURACY_VALUE',
'Maximum model space distance between geometric entities at asserted c
onnectivities');
#5234=UNCERTAINTY_MEASURE_WITH_UNIT(LENGTH_MEASURE(0.01),#5277,
'DISTANCE_ACCURACY_VALUE',
'Maximum model space distance between geometric entities at asserted c
onnectivities');
#5235=UNCERTAINTY_MEASURE_WITH_UNIT(LENGTH_MEASURE(0.01),#5277,
'DISTANCE_ACCURACY_VALUE',
'Maximum model space distance between geometric entities at asserted c
onnectivities');
#5236=UNCERTAINTY_MEASURE_WITH_UNIT(LENGTH_MEASURE(0.01),#5277,
'DISTANCE_ACCURACY_VALUE',
'Maximum model space distance between geometric entities at asserted c
onnectivities');
#5237=UNCERTAINTY_MEASURE_WITH_UNIT(LENGTH_MEASURE(0.01),#5277,
'DISTANCE_ACCURACY_VALUE',
'Maximum model space distance between geometric entities at asserted c
onnectivities');
#5238=UNCERTAINTY_MEASURE_WITH_UNIT(LENGTH_MEASURE(0.01),#5277,
'DISTANCE_ACCURACY_VALUE',
'Maximum model space distance between geometric entities at asserted c
onnectivities');
#5239=UNCERTAINTY_MEASURE_WITH_UNIT(LENGTH_MEASURE(0.01),#5277,
'DISTANCE_ACCURACY_VALUE',
'Maximum model space distance between geometric entities at asserted c
onnectivities');
#5240=UNCERTAINTY_MEASURE_WITH_UNIT(LENGTH_MEASURE(0.01),#5277,
'DISTANCE_ACCURACY_VALUE',
'Maximum model space distance between geometric entities at asserted c
onnectivities');
#5241=UNCERTAINTY_MEASURE_WITH_UNIT(LENGTH_MEASURE(0.01),#5277,
'DISTANCE_ACCURACY_VALUE',
'Maximum model space distance between geometric entities at asserted c
onnectivities');
#5242=UNCERTAINTY_MEASURE_WITH_UNIT(LENGTH_MEASURE(0.01),#5277,
'DISTANCE_ACCURACY_VALUE',
'Maximum model space distance between geometric entities at asserted c
onnectivities');
#5243=UNCERTAINTY_MEASURE_WITH_UNIT(LENGTH_MEASURE(0.01),#5277,
'DISTANCE_ACCURACY_VALUE',
'Maximum model space distance between geometric entities at asserted c
onnectivities');
#5244=(
GEOMETRIC_REPRESENTATION_CONTEXT(3)
GLOBAL_UNCERTAINTY_ASSIGNED_CONTEXT((#5211))
GLOBAL_UNIT_ASSIGNED_CONTEXT((#5277,#5279,#5280))
REPRESENTATION_CONTEXT('','3D')
);
#5245=(
GEOMETRIC_REPRESENTATION_CONTEXT(3)
GLOBAL_UNCERTAINTY_ASSIGNED_CONTEXT((#5212))
GLOBAL_UNIT_ASSIGNED_CONTEXT((#5277,#5279,#5280))
REPRESENTATION_CONTEXT('','3D')
);
#5246=(
GEOMETRIC_REPRESENTATION_CONTEXT(3)
GLOBAL_UNCERTAINTY_ASSIGNED_CONTEXT((#5213))
GLOBAL_UNIT_ASSIGNED_CONTEXT((#5277,#5279,#5280))
REPRESENTATION_CONTEXT('','3D')
);
#5247=(
GEOMETRIC_REPRESENTATION_CONTEXT(3)
GLOBAL_UNCERTAINTY_ASSIGNED_CONTEXT((#5214))
GLOBAL_UNIT_ASSIGNED_CONTEXT((#5277,#5279,#5280))
REPRESENTATION_CONTEXT('','3D')
);
#5248=(
GEOMETRIC_REPRESENTATION_CONTEXT(3)
GLOBAL_UNCERTAINTY_ASSIGNED_CONTEXT((#5215))
GLOBAL_UNIT_ASSIGNED_CONTEXT((#5277,#5279,#5280))
REPRESENTATION_CONTEXT('','3D')
);
#5249=(
GEOMETRIC_REPRESENTATION_CONTEXT(3)
GLOBAL_UNCERTAINTY_ASSIGNED_CONTEXT((#5216))
GLOBAL_UNIT_ASSIGNED_CONTEXT((#5277,#5279,#5280))
REPRESENTATION_CONTEXT('','3D')
);
#5250=(
GEOMETRIC_REPRESENTATION_CONTEXT(3)
GLOBAL_UNCERTAINTY_ASSIGNED_CONTEXT((#5217))
GLOBAL_UNIT_ASSIGNED_CONTEXT((#5277,#5279,#5280))
REPRESENTATION_CONTEXT('','3D')
);
#5251=(
GEOMETRIC_REPRESENTATION_CONTEXT(3)
GLOBAL_UNCERTAINTY_ASSIGNED_CONTEXT((#5218))
GLOBAL_UNIT_ASSIGNED_CONTEXT((#5277,#5279,#5280))
REPRESENTATION_CONTEXT('','3D')
);
#5252=(
GEOMETRIC_REPRESENTATION_CONTEXT(3)
GLOBAL_UNCERTAINTY_ASSIGNED_CONTEXT((#5219))
GLOBAL_UNIT_ASSIGNED_CONTEXT((#5277,#5279,#5280))
REPRESENTATION_CONTEXT('','3D')
);
#5253=(
GEOMETRIC_REPRESENTATION_CONTEXT(3)
GLOBAL_UNCERTAINTY_ASSIGNED_CONTEXT((#5220))
GLOBAL_UNIT_ASSIGNED_CONTEXT((#5277,#5279,#5280))
REPRESENTATION_CONTEXT('','3D')
);
#5254=(
GEOMETRIC_REPRESENTATION_CONTEXT(3)
GLOBAL_UNCERTAINTY_ASSIGNED_CONTEXT((#5221))
GLOBAL_UNIT_ASSIGNED_CONTEXT((#5277,#5279,#5280))
REPRESENTATION_CONTEXT('','3D')
);
#5255=(
GEOMETRIC_REPRESENTATION_CONTEXT(3)
GLOBAL_UNCERTAINTY_ASSIGNED_CONTEXT((#5222))
GLOBAL_UNIT_ASSIGNED_CONTEXT((#5277,#5279,#5280))
REPRESENTATION_CONTEXT('','3D')
);
#5256=(
GEOMETRIC_REPRESENTATION_CONTEXT(3)
GLOBAL_UNCERTAINTY_ASSIGNED_CONTEXT((#5223))
GLOBAL_UNIT_ASSIGNED_CONTEXT((#5277,#5279,#5280))
REPRESENTATION_CONTEXT('','3D')
);
#5257=(
GEOMETRIC_REPRESENTATION_CONTEXT(3)
GLOBAL_UNCERTAINTY_ASSIGNED_CONTEXT((#5224))
GLOBAL_UNIT_ASSIGNED_CONTEXT((#5277,#5279,#5280))
REPRESENTATION_CONTEXT('','3D')
);
#5258=(
GEOMETRIC_REPRESENTATION_CONTEXT(3)
GLOBAL_UNCERTAINTY_ASSIGNED_CONTEXT((#5225))
GLOBAL_UNIT_ASSIGNED_CONTEXT((#5277,#5279,#5280))
REPRESENTATION_CONTEXT('','3D')
);
#5259=(
GEOMETRIC_REPRESENTATION_CONTEXT(3)
GLOBAL_UNCERTAINTY_ASSIGNED_CONTEXT((#5226))
GLOBAL_UNIT_ASSIGNED_CONTEXT((#5277,#5279,#5280))
REPRESENTATION_CONTEXT('','3D')
);
#5260=(
GEOMETRIC_REPRESENTATION_CONTEXT(3)
GLOBAL_UNCERTAINTY_ASSIGNED_CONTEXT((#5227))
GLOBAL_UNIT_ASSIGNED_CONTEXT((#5277,#5279,#5280))
REPRESENTATION_CONTEXT('','3D')
);
#5261=(
GEOMETRIC_REPRESENTATION_CONTEXT(3)
GLOBAL_UNCERTAINTY_ASSIGNED_CONTEXT((#5228))
GLOBAL_UNIT_ASSIGNED_CONTEXT((#5277,#5279,#5280))
REPRESENTATION_CONTEXT('','3D')
);
#5262=(
GEOMETRIC_REPRESENTATION_CONTEXT(3)
GLOBAL_UNCERTAINTY_ASSIGNED_CONTEXT((#5229))
GLOBAL_UNIT_ASSIGNED_CONTEXT((#5277,#5279,#5280))
REPRESENTATION_CONTEXT('','3D')
);
#5263=(
GEOMETRIC_REPRESENTATION_CONTEXT(3)
GLOBAL_UNCERTAINTY_ASSIGNED_CONTEXT((#5230))
GLOBAL_UNIT_ASSIGNED_CONTEXT((#5277,#5279,#5280))
REPRESENTATION_CONTEXT('','3D')
);
#5264=(
GEOMETRIC_REPRESENTATION_CONTEXT(3)
GLOBAL_UNCERTAINTY_ASSIGNED_CONTEXT((#5231))
GLOBAL_UNIT_ASSIGNED_CONTEXT((#5277,#5279,#5280))
REPRESENTATION_CONTEXT('','3D')
);
#5265=(
GEOMETRIC_REPRESENTATION_CONTEXT(3)
GLOBAL_UNCERTAINTY_ASSIGNED_CONTEXT((#5232))
GLOBAL_UNIT_ASSIGNED_CONTEXT((#5277,#5279,#5280))
REPRESENTATION_CONTEXT('','3D')
);
#5266=(
GEOMETRIC_REPRESENTATION_CONTEXT(3)
GLOBAL_UNCERTAINTY_ASSIGNED_CONTEXT((#5233))
GLOBAL_UNIT_ASSIGNED_CONTEXT((#5277,#5279,#5280))
REPRESENTATION_CONTEXT('','3D')
);
#5267=(
GEOMETRIC_REPRESENTATION_CONTEXT(3)
GLOBAL_UNCERTAINTY_ASSIGNED_CONTEXT((#5234))
GLOBAL_UNIT_ASSIGNED_CONTEXT((#5277,#5279,#5280))
REPRESENTATION_CONTEXT('','3D')
);
#5268=(
GEOMETRIC_REPRESENTATION_CONTEXT(3)
GLOBAL_UNCERTAINTY_ASSIGNED_CONTEXT((#5235))
GLOBAL_UNIT_ASSIGNED_CONTEXT((#5277,#5279,#5280))
REPRESENTATION_CONTEXT('','3D')
);
#5269=(
GEOMETRIC_REPRESENTATION_CONTEXT(3)
GLOBAL_UNCERTAINTY_ASSIGNED_CONTEXT((#5236))
GLOBAL_UNIT_ASSIGNED_CONTEXT((#5277,#5279,#5280))
REPRESENTATION_CONTEXT('','3D')
);
#5270=(
GEOMETRIC_REPRESENTATION_CONTEXT(3)
GLOBAL_UNCERTAINTY_ASSIGNED_CONTEXT((#5237))
GLOBAL_UNIT_ASSIGNED_CONTEXT((#5277,#5279,#5280))
REPRESENTATION_CONTEXT('','3D')
);
#5271=(
GEOMETRIC_REPRESENTATION_CONTEXT(3)
GLOBAL_UNCERTAINTY_ASSIGNED_CONTEXT((#5238))
GLOBAL_UNIT_ASSIGNED_CONTEXT((#5277,#5279,#5280))
REPRESENTATION_CONTEXT('','3D')
);
#5272=(
GEOMETRIC_REPRESENTATION_CONTEXT(3)
GLOBAL_UNCERTAINTY_ASSIGNED_CONTEXT((#5239))
GLOBAL_UNIT_ASSIGNED_CONTEXT((#5277,#5279,#5280))
REPRESENTATION_CONTEXT('','3D')
);
#5273=(
GEOMETRIC_REPRESENTATION_CONTEXT(3)
GLOBAL_UNCERTAINTY_ASSIGNED_CONTEXT((#5240))
GLOBAL_UNIT_ASSIGNED_CONTEXT((#5277,#5279,#5280))
REPRESENTATION_CONTEXT('','3D')
);
#5274=(
GEOMETRIC_REPRESENTATION_CONTEXT(3)
GLOBAL_UNCERTAINTY_ASSIGNED_CONTEXT((#5241))
GLOBAL_UNIT_ASSIGNED_CONTEXT((#5277,#5279,#5280))
REPRESENTATION_CONTEXT('','3D')
);
#5275=(
GEOMETRIC_REPRESENTATION_CONTEXT(3)
GLOBAL_UNCERTAINTY_ASSIGNED_CONTEXT((#5242))
GLOBAL_UNIT_ASSIGNED_CONTEXT((#5277,#5279,#5280))
REPRESENTATION_CONTEXT('','3D')
);
#5276=(
GEOMETRIC_REPRESENTATION_CONTEXT(3)
GLOBAL_UNCERTAINTY_ASSIGNED_CONTEXT((#5243))
GLOBAL_UNIT_ASSIGNED_CONTEXT((#5277,#5279,#5280))
REPRESENTATION_CONTEXT('','3D')
);
#5277=(
LENGTH_UNIT()
NAMED_UNIT(*)
SI_UNIT(.MILLI.,.METRE.)
);
#5278=(
LENGTH_UNIT()
NAMED_UNIT(*)
SI_UNIT(.CENTI.,.METRE.)
);
#5279=(
NAMED_UNIT(*)
PLANE_ANGLE_UNIT()
SI_UNIT($,.RADIAN.)
);
#5280=(
NAMED_UNIT(*)
SI_UNIT($,.STERADIAN.)
SOLID_ANGLE_UNIT()
);
#5281=SHAPE_DEFINITION_REPRESENTATION(#5313,#5376);
#5282=SHAPE_DEFINITION_REPRESENTATION(#5314,#5377);
#5283=SHAPE_DEFINITION_REPRESENTATION(#5315,#5378);
#5284=SHAPE_DEFINITION_REPRESENTATION(#5316,#5379);
#5285=SHAPE_DEFINITION_REPRESENTATION(#5317,#5380);
#5286=SHAPE_DEFINITION_REPRESENTATION(#5318,#5381);
#5287=SHAPE_DEFINITION_REPRESENTATION(#5319,#5382);
#5288=SHAPE_DEFINITION_REPRESENTATION(#5320,#5383);
#5289=SHAPE_DEFINITION_REPRESENTATION(#5321,#5384);
#5290=SHAPE_DEFINITION_REPRESENTATION(#5322,#5385);
#5291=SHAPE_DEFINITION_REPRESENTATION(#5323,#5386);
#5292=SHAPE_DEFINITION_REPRESENTATION(#5324,#5387);
#5293=SHAPE_DEFINITION_REPRESENTATION(#5325,#5388);
#5294=SHAPE_DEFINITION_REPRESENTATION(#5326,#5389);
#5295=SHAPE_DEFINITION_REPRESENTATION(#5327,#5390);
#5296=SHAPE_DEFINITION_REPRESENTATION(#5328,#5391);
#5297=SHAPE_DEFINITION_REPRESENTATION(#5329,#5392);
#5298=SHAPE_DEFINITION_REPRESENTATION(#5330,#5393);
#5299=SHAPE_DEFINITION_REPRESENTATION(#5331,#5394);
#5300=SHAPE_DEFINITION_REPRESENTATION(#5332,#5395);
#5301=SHAPE_DEFINITION_REPRESENTATION(#5333,#5396);
#5302=SHAPE_DEFINITION_REPRESENTATION(#5334,#5397);
#5303=SHAPE_DEFINITION_REPRESENTATION(#5335,#5398);
#5304=SHAPE_DEFINITION_REPRESENTATION(#5336,#5399);
#5305=SHAPE_DEFINITION_REPRESENTATION(#5337,#5400);
#5306=SHAPE_DEFINITION_REPRESENTATION(#5338,#5401);
#5307=SHAPE_DEFINITION_REPRESENTATION(#5339,#5402);
#5308=SHAPE_DEFINITION_REPRESENTATION(#5340,#5403);
#5309=SHAPE_DEFINITION_REPRESENTATION(#5341,#5404);
#5310=SHAPE_DEFINITION_REPRESENTATION(#5342,#5405);
#5311=SHAPE_DEFINITION_REPRESENTATION(#5343,#5406);
#5312=SHAPE_DEFINITION_REPRESENTATION(#5344,#5407);
#5313=PRODUCT_DEFINITION_SHAPE('',$,#5409);
#5314=PRODUCT_DEFINITION_SHAPE('',$,#5410);
#5315=PRODUCT_DEFINITION_SHAPE('',$,#5411);
#5316=PRODUCT_DEFINITION_SHAPE('',$,#5412);
#5317=PRODUCT_DEFINITION_SHAPE('',$,#5413);
#5318=PRODUCT_DEFINITION_SHAPE('',$,#5414);
#5319=PRODUCT_DEFINITION_SHAPE('',$,#5415);
#5320=PRODUCT_DEFINITION_SHAPE('',$,#5416);
#5321=PRODUCT_DEFINITION_SHAPE('',$,#5417);
#5322=PRODUCT_DEFINITION_SHAPE('',$,#5418);
#5323=PRODUCT_DEFINITION_SHAPE('',$,#5419);
#5324=PRODUCT_DEFINITION_SHAPE('',$,#5420);
#5325=PRODUCT_DEFINITION_SHAPE('',$,#5421);
#5326=PRODUCT_DEFINITION_SHAPE('',$,#5422);
#5327=PRODUCT_DEFINITION_SHAPE('',$,#5423);
#5328=PRODUCT_DEFINITION_SHAPE('',$,#5424);
#5329=PRODUCT_DEFINITION_SHAPE('',$,#5425);
#5330=PRODUCT_DEFINITION_SHAPE('',$,#5426);
#5331=PRODUCT_DEFINITION_SHAPE('',$,#5427);
#5332=PRODUCT_DEFINITION_SHAPE('',$,#5428);
#5333=PRODUCT_DEFINITION_SHAPE('',$,#5429);
#5334=PRODUCT_DEFINITION_SHAPE('',$,#5430);
#5335=PRODUCT_DEFINITION_SHAPE('',$,#5431);
#5336=PRODUCT_DEFINITION_SHAPE('',$,#5432);
#5337=PRODUCT_DEFINITION_SHAPE('',$,#5433);
#5338=PRODUCT_DEFINITION_SHAPE('',$,#5434);
#5339=PRODUCT_DEFINITION_SHAPE('',$,#5435);
#5340=PRODUCT_DEFINITION_SHAPE('',$,#5436);
#5341=PRODUCT_DEFINITION_SHAPE('',$,#5437);
#5342=PRODUCT_DEFINITION_SHAPE('',$,#5438);
#5343=PRODUCT_DEFINITION_SHAPE('',$,#5439);
#5344=PRODUCT_DEFINITION_SHAPE('',$,#5440);
#5345=PRODUCT_DEFINITION_SHAPE($,$,#104);
#5346=PRODUCT_DEFINITION_SHAPE($,$,#105);
#5347=PRODUCT_DEFINITION_SHAPE($,$,#106);
#5348=PRODUCT_DEFINITION_SHAPE($,$,#107);
#5349=PRODUCT_DEFINITION_SHAPE($,$,#108);
#5350=PRODUCT_DEFINITION_SHAPE($,$,#109);
#5351=PRODUCT_DEFINITION_SHAPE($,$,#110);
#5352=PRODUCT_DEFINITION_SHAPE($,$,#111);
#5353=PRODUCT_DEFINITION_SHAPE($,$,#112);
#5354=PRODUCT_DEFINITION_SHAPE($,$,#113);
#5355=PRODUCT_DEFINITION_SHAPE($,$,#114);
#5356=PRODUCT_DEFINITION_SHAPE($,$,#115);
#5357=PRODUCT_DEFINITION_SHAPE($,$,#116);
#5358=PRODUCT_DEFINITION_SHAPE($,$,#117);
#5359=PRODUCT_DEFINITION_SHAPE($,$,#118);
#5360=PRODUCT_DEFINITION_SHAPE($,$,#119);
#5361=PRODUCT_DEFINITION_SHAPE($,$,#120);
#5362=PRODUCT_DEFINITION_SHAPE($,$,#121);
#5363=PRODUCT_DEFINITION_SHAPE($,$,#122);
#5364=PRODUCT_DEFINITION_SHAPE($,$,#123);
#5365=PRODUCT_DEFINITION_SHAPE($,$,#124);
#5366=PRODUCT_DEFINITION_SHAPE($,$,#125);
#5367=PRODUCT_DEFINITION_SHAPE($,$,#126);
#5368=PRODUCT_DEFINITION_SHAPE($,$,#127);
#5369=PRODUCT_DEFINITION_SHAPE($,$,#128);
#5370=PRODUCT_DEFINITION_SHAPE($,$,#129);
#5371=PRODUCT_DEFINITION_SHAPE($,$,#130);
#5372=PRODUCT_DEFINITION_SHAPE($,$,#131);
#5373=PRODUCT_DEFINITION_SHAPE($,$,#132);
#5374=PRODUCT_DEFINITION_SHAPE($,$,#133);
#5375=PRODUCT_DEFINITION_SHAPE($,$,#134);
#5376=SHAPE_REPRESENTATION('',(#3367,#3588,#3589,#3590,#3591,#3592,#3593,
#3594,#3595,#3596,#3597,#3598,#3599,#3600,#3601,#3602,#3603,#3604,#3605,
#3606,#3607,#3608,#3609,#3610,#3611,#3612,#3613,#3614,#3615,#3616,#3617,
#3618),#5244);
#5377=SHAPE_REPRESENTATION('',(#3368),#5245);
#5378=SHAPE_REPRESENTATION('',(#3377),#5246);
#5379=SHAPE_REPRESENTATION('',(#3383),#5247);
#5380=SHAPE_REPRESENTATION('',(#3390),#5248);
#5381=SHAPE_REPRESENTATION('',(#3399),#5249);
#5382=SHAPE_REPRESENTATION('',(#3405),#5250);
#5383=SHAPE_REPRESENTATION('',(#3412),#5251);
#5384=SHAPE_REPRESENTATION('',(#3421),#5252);
#5385=SHAPE_REPRESENTATION('',(#3427),#5253);
#5386=SHAPE_REPRESENTATION('',(#3434),#5254);
#5387=SHAPE_REPRESENTATION('',(#3441),#5255);
#5388=SHAPE_REPRESENTATION('',(#3448),#5256);
#5389=SHAPE_REPRESENTATION('',(#3455),#5257);
#5390=SHAPE_REPRESENTATION('',(#3462),#5258);
#5391=SHAPE_REPRESENTATION('',(#3469),#5259);
#5392=SHAPE_REPRESENTATION('',(#3476),#5260);
#5393=SHAPE_REPRESENTATION('',(#3483),#5261);
#5394=SHAPE_REPRESENTATION('',(#3490),#5262);
#5395=SHAPE_REPRESENTATION('',(#3497),#5263);
#5396=SHAPE_REPRESENTATION('',(#3504),#5264);
#5397=SHAPE_REPRESENTATION('',(#3511),#5265);
#5398=SHAPE_REPRESENTATION('',(#3518),#5266);
#5399=SHAPE_REPRESENTATION('',(#3525),#5267);
#5400=SHAPE_REPRESENTATION('',(#3532),#5268);
#5401=SHAPE_REPRESENTATION('',(#3539),#5269);
#5402=SHAPE_REPRESENTATION('',(#3546),#5270);
#5403=SHAPE_REPRESENTATION('',(#3553),#5271);
#5404=SHAPE_REPRESENTATION('',(#3560),#5272);
#5405=SHAPE_REPRESENTATION('',(#3567),#5273);
#5406=SHAPE_REPRESENTATION('',(#3574),#5274);
#5407=SHAPE_REPRESENTATION('',(#3581),#5275);
#5408=PRODUCT_DEFINITION_CONTEXT('part definition',#5506,'design');
#5409=PRODUCT_DEFINITION('Cubli_clearance_concept',
'Cubli_clearance_concept',#5441,#5408);
#5410=PRODUCT_DEFINITION('wheel_0','wheel_0',#5442,#5408);
#5411=PRODUCT_DEFINITION('GB54_envelope_0','GB54_envelope_0',#5443,#5408);
#5412=PRODUCT_DEFINITION('Micro_envelope_0','Micro_envelope_0',#5444,#5408);
#5413=PRODUCT_DEFINITION('wheel_1','wheel_1',#5445,#5408);
#5414=PRODUCT_DEFINITION('GB54_envelope_1','GB54_envelope_1',#5446,#5408);
#5415=PRODUCT_DEFINITION('Micro_envelope_1','Micro_envelope_1',#5447,#5408);
#5416=PRODUCT_DEFINITION('wheel_2','wheel_2',#5448,#5408);
#5417=PRODUCT_DEFINITION('GB54_envelope_2','GB54_envelope_2',#5449,#5408);
#5418=PRODUCT_DEFINITION('Micro_envelope_2','Micro_envelope_2',#5450,#5408);
#5419=PRODUCT_DEFINITION('frame_9','frame_9',#5451,#5408);
#5420=PRODUCT_DEFINITION('frame_10','frame_10',#5452,#5408);
#5421=PRODUCT_DEFINITION('frame_11','frame_11',#5453,#5408);
#5422=PRODUCT_DEFINITION('frame_12','frame_12',#5454,#5408);
#5423=PRODUCT_DEFINITION('frame_13','frame_13',#5455,#5408);
#5424=PRODUCT_DEFINITION('frame_14','frame_14',#5456,#5408);
#5425=PRODUCT_DEFINITION('frame_15','frame_15',#5457,#5408);
#5426=PRODUCT_DEFINITION('frame_16','frame_16',#5458,#5408);
#5427=PRODUCT_DEFINITION('frame_17','frame_17',#5459,#5408);
#5428=PRODUCT_DEFINITION('frame_18','frame_18',#5460,#5408);
#5429=PRODUCT_DEFINITION('frame_19','frame_19',#5461,#5408);
#5430=PRODUCT_DEFINITION('frame_20','frame_20',#5462,#5408);
#5431=PRODUCT_DEFINITION('corner_21','corner_21',#5463,#5408);
#5432=PRODUCT_DEFINITION('corner_22','corner_22',#5464,#5408);
#5433=PRODUCT_DEFINITION('corner_23','corner_23',#5465,#5408);
#5434=PRODUCT_DEFINITION('corner_24','corner_24',#5466,#5408);
#5435=PRODUCT_DEFINITION('corner_25','corner_25',#5467,#5408);
#5436=PRODUCT_DEFINITION('corner_26','corner_26',#5468,#5408);
#5437=PRODUCT_DEFINITION('corner_27','corner_27',#5469,#5408);
#5438=PRODUCT_DEFINITION('corner_28','corner_28',#5470,#5408);
#5439=PRODUCT_DEFINITION('controller_clearance','controller_clearance',
#5471,#5408);
#5440=PRODUCT_DEFINITION('battery_clearance','battery_clearance',#5472,
#5408);
#5441=PRODUCT_DEFINITION_FORMATION('',$,#5508);
#5442=PRODUCT_DEFINITION_FORMATION('',$,#5509);
#5443=PRODUCT_DEFINITION_FORMATION('',$,#5510);
#5444=PRODUCT_DEFINITION_FORMATION('',$,#5511);
#5445=PRODUCT_DEFINITION_FORMATION('',$,#5512);
#5446=PRODUCT_DEFINITION_FORMATION('',$,#5513);
#5447=PRODUCT_DEFINITION_FORMATION('',$,#5514);
#5448=PRODUCT_DEFINITION_FORMATION('',$,#5515);
#5449=PRODUCT_DEFINITION_FORMATION('',$,#5516);
#5450=PRODUCT_DEFINITION_FORMATION('',$,#5517);
#5451=PRODUCT_DEFINITION_FORMATION('',$,#5518);
#5452=PRODUCT_DEFINITION_FORMATION('',$,#5519);
#5453=PRODUCT_DEFINITION_FORMATION('',$,#5520);
#5454=PRODUCT_DEFINITION_FORMATION('',$,#5521);
#5455=PRODUCT_DEFINITION_FORMATION('',$,#5522);
#5456=PRODUCT_DEFINITION_FORMATION('',$,#5523);
#5457=PRODUCT_DEFINITION_FORMATION('',$,#5524);
#5458=PRODUCT_DEFINITION_FORMATION('',$,#5525);
#5459=PRODUCT_DEFINITION_FORMATION('',$,#5526);
#5460=PRODUCT_DEFINITION_FORMATION('',$,#5527);
#5461=PRODUCT_DEFINITION_FORMATION('',$,#5528);
#5462=PRODUCT_DEFINITION_FORMATION('',$,#5529);
#5463=PRODUCT_DEFINITION_FORMATION('',$,#5530);
#5464=PRODUCT_DEFINITION_FORMATION('',$,#5531);
#5465=PRODUCT_DEFINITION_FORMATION('',$,#5532);
#5466=PRODUCT_DEFINITION_FORMATION('',$,#5533);
#5467=PRODUCT_DEFINITION_FORMATION('',$,#5534);
#5468=PRODUCT_DEFINITION_FORMATION('',$,#5535);
#5469=PRODUCT_DEFINITION_FORMATION('',$,#5536);
#5470=PRODUCT_DEFINITION_FORMATION('',$,#5537);
#5471=PRODUCT_DEFINITION_FORMATION('',$,#5538);
#5472=PRODUCT_DEFINITION_FORMATION('',$,#5539);
#5473=PRODUCT_RELATED_PRODUCT_CATEGORY('Cubli_clearance_concept',
'Cubli_clearance_concept',(#5508));
#5474=PRODUCT_RELATED_PRODUCT_CATEGORY('wheel_0','wheel_0',(#5509));
#5475=PRODUCT_RELATED_PRODUCT_CATEGORY('GB54_envelope_0',
'GB54_envelope_0',(#5510));
#5476=PRODUCT_RELATED_PRODUCT_CATEGORY('Micro_envelope_0',
'Micro_envelope_0',(#5511));
#5477=PRODUCT_RELATED_PRODUCT_CATEGORY('wheel_1','wheel_1',(#5512));
#5478=PRODUCT_RELATED_PRODUCT_CATEGORY('GB54_envelope_1',
'GB54_envelope_1',(#5513));
#5479=PRODUCT_RELATED_PRODUCT_CATEGORY('Micro_envelope_1',
'Micro_envelope_1',(#5514));
#5480=PRODUCT_RELATED_PRODUCT_CATEGORY('wheel_2','wheel_2',(#5515));
#5481=PRODUCT_RELATED_PRODUCT_CATEGORY('GB54_envelope_2',
'GB54_envelope_2',(#5516));
#5482=PRODUCT_RELATED_PRODUCT_CATEGORY('Micro_envelope_2',
'Micro_envelope_2',(#5517));
#5483=PRODUCT_RELATED_PRODUCT_CATEGORY('frame_9','frame_9',(#5518));
#5484=PRODUCT_RELATED_PRODUCT_CATEGORY('frame_10','frame_10',(#5519));
#5485=PRODUCT_RELATED_PRODUCT_CATEGORY('frame_11','frame_11',(#5520));
#5486=PRODUCT_RELATED_PRODUCT_CATEGORY('frame_12','frame_12',(#5521));
#5487=PRODUCT_RELATED_PRODUCT_CATEGORY('frame_13','frame_13',(#5522));
#5488=PRODUCT_RELATED_PRODUCT_CATEGORY('frame_14','frame_14',(#5523));
#5489=PRODUCT_RELATED_PRODUCT_CATEGORY('frame_15','frame_15',(#5524));
#5490=PRODUCT_RELATED_PRODUCT_CATEGORY('frame_16','frame_16',(#5525));
#5491=PRODUCT_RELATED_PRODUCT_CATEGORY('frame_17','frame_17',(#5526));
#5492=PRODUCT_RELATED_PRODUCT_CATEGORY('frame_18','frame_18',(#5527));
#5493=PRODUCT_RELATED_PRODUCT_CATEGORY('frame_19','frame_19',(#5528));
#5494=PRODUCT_RELATED_PRODUCT_CATEGORY('frame_20','frame_20',(#5529));
#5495=PRODUCT_RELATED_PRODUCT_CATEGORY('corner_21','corner_21',(#5530));
#5496=PRODUCT_RELATED_PRODUCT_CATEGORY('corner_22','corner_22',(#5531));
#5497=PRODUCT_RELATED_PRODUCT_CATEGORY('corner_23','corner_23',(#5532));
#5498=PRODUCT_RELATED_PRODUCT_CATEGORY('corner_24','corner_24',(#5533));
#5499=PRODUCT_RELATED_PRODUCT_CATEGORY('corner_25','corner_25',(#5534));
#5500=PRODUCT_RELATED_PRODUCT_CATEGORY('corner_26','corner_26',(#5535));
#5501=PRODUCT_RELATED_PRODUCT_CATEGORY('corner_27','corner_27',(#5536));
#5502=PRODUCT_RELATED_PRODUCT_CATEGORY('corner_28','corner_28',(#5537));
#5503=PRODUCT_RELATED_PRODUCT_CATEGORY('controller_clearance',
'controller_clearance',(#5538));
#5504=PRODUCT_RELATED_PRODUCT_CATEGORY('battery_clearance',
'battery_clearance',(#5539));
#5505=APPLICATION_PROTOCOL_DEFINITION('international standard',
'automotive_design',2009,#5506);
#5506=APPLICATION_CONTEXT(
'Core Data for Automotive Mechanical Design Process');
#5507=PRODUCT_CONTEXT('part definition',#5506,'mechanical');
#5508=PRODUCT('Cubli_clearance_concept','Cubli_clearance_concept',$,(#5507));
#5509=PRODUCT('wheel_0','wheel_0',$,(#5507));
#5510=PRODUCT('GB54_envelope_0','GB54_envelope_0',$,(#5507));
#5511=PRODUCT('Micro_envelope_0','Micro_envelope_0',$,(#5507));
#5512=PRODUCT('wheel_1','wheel_1',$,(#5507));
#5513=PRODUCT('GB54_envelope_1','GB54_envelope_1',$,(#5507));
#5514=PRODUCT('Micro_envelope_1','Micro_envelope_1',$,(#5507));
#5515=PRODUCT('wheel_2','wheel_2',$,(#5507));
#5516=PRODUCT('GB54_envelope_2','GB54_envelope_2',$,(#5507));
#5517=PRODUCT('Micro_envelope_2','Micro_envelope_2',$,(#5507));
#5518=PRODUCT('frame_9','frame_9',$,(#5507));
#5519=PRODUCT('frame_10','frame_10',$,(#5507));
#5520=PRODUCT('frame_11','frame_11',$,(#5507));
#5521=PRODUCT('frame_12','frame_12',$,(#5507));
#5522=PRODUCT('frame_13','frame_13',$,(#5507));
#5523=PRODUCT('frame_14','frame_14',$,(#5507));
#5524=PRODUCT('frame_15','frame_15',$,(#5507));
#5525=PRODUCT('frame_16','frame_16',$,(#5507));
#5526=PRODUCT('frame_17','frame_17',$,(#5507));
#5527=PRODUCT('frame_18','frame_18',$,(#5507));
#5528=PRODUCT('frame_19','frame_19',$,(#5507));
#5529=PRODUCT('frame_20','frame_20',$,(#5507));
#5530=PRODUCT('corner_21','corner_21',$,(#5507));
#5531=PRODUCT('corner_22','corner_22',$,(#5507));
#5532=PRODUCT('corner_23','corner_23',$,(#5507));
#5533=PRODUCT('corner_24','corner_24',$,(#5507));
#5534=PRODUCT('corner_25','corner_25',$,(#5507));
#5535=PRODUCT('corner_26','corner_26',$,(#5507));
#5536=PRODUCT('corner_27','corner_27',$,(#5507));
#5537=PRODUCT('corner_28','corner_28',$,(#5507));
#5538=PRODUCT('controller_clearance','controller_clearance',$,(#5507));
#5539=PRODUCT('battery_clearance','battery_clearance',$,(#5507));
ENDSEC;
END-ISO-10303-21;
