ISO-10303-21;
HEADER;
/* Generated by software containing ST-Developer
 * from STEP Tools, Inc. (www.steptools.com) 
 */

FILE_DESCRIPTION(
/* description */ (''),
/* implementation_level */ '2;1');

FILE_NAME(
/* name */ '11_Module_Frame.step',
/* time_stamp */ '2026-10-08T19:41:07+09:00',
/* author */ ('Reaction Wheel Pendulum project'),
/* organization */ (''),
/* preprocessor_version */ 'ST-DEVELOPER v20.1',
/* originating_system */ 'Autodesk Inventor 2026',
/* authorisation */ '');

FILE_SCHEMA (('AUTOMOTIVE_DESIGN { 1 0 10303 214 3 1 1 }'));
ENDSEC;

DATA;
#10=MECHANICAL_DESIGN_GEOMETRIC_PRESENTATION_REPRESENTATION('',(#13),#2967);
#11=SHAPE_REPRESENTATION_RELATIONSHIP('SRR','None',#2974,#12);
#12=ADVANCED_BREP_SHAPE_REPRESENTATION('',(#14),#2966);
#13=STYLED_ITEM('',(#2983),#14);
#14=MANIFOLD_SOLID_BREP('\X2\30BD30EA30C330C9\X0\1',#1866);
#15=CYLINDRICAL_SURFACE('',#1909,1.6);
#16=CYLINDRICAL_SURFACE('',#1911,1.6);
#17=CYLINDRICAL_SURFACE('',#1913,1.6);
#18=CYLINDRICAL_SURFACE('',#1915,1.6);
#19=CYLINDRICAL_SURFACE('',#1917,1.6);
#20=CYLINDRICAL_SURFACE('',#1919,1.6);
#21=CYLINDRICAL_SURFACE('',#1921,2.10000000000001);
#22=CYLINDRICAL_SURFACE('',#1923,2.10000000000001);
#23=CYLINDRICAL_SURFACE('',#1925,2.10000000000001);
#24=CYLINDRICAL_SURFACE('',#1927,2.10000000000001);
#25=CYLINDRICAL_SURFACE('',#1929,7.);
#26=CIRCLE('',#1896,7.);
#27=CIRCLE('',#1897,2.10000000000001);
#28=CIRCLE('',#1898,2.10000000000001);
#29=CIRCLE('',#1899,2.10000000000001);
#30=CIRCLE('',#1900,2.10000000000001);
#31=CIRCLE('',#1901,1.6);
#32=CIRCLE('',#1902,1.6);
#33=CIRCLE('',#1903,1.6);
#34=CIRCLE('',#1904,1.6);
#35=CIRCLE('',#1905,1.6);
#36=CIRCLE('',#1906,1.6);
#37=CIRCLE('',#1910,1.6);
#38=CIRCLE('',#1912,1.6);
#39=CIRCLE('',#1914,1.6);
#40=CIRCLE('',#1916,1.6);
#41=CIRCLE('',#1918,1.6);
#42=CIRCLE('',#1920,1.6);
#43=CIRCLE('',#1922,2.10000000000001);
#44=CIRCLE('',#1924,2.10000000000001);
#45=CIRCLE('',#1926,2.10000000000001);
#46=CIRCLE('',#1928,2.10000000000001);
#47=CIRCLE('',#1930,7.);
#48=FACE_BOUND('',#182,.T.);
#49=FACE_BOUND('',#183,.T.);
#50=FACE_BOUND('',#184,.T.);
#51=FACE_BOUND('',#185,.T.);
#52=FACE_BOUND('',#186,.T.);
#53=FACE_BOUND('',#187,.T.);
#54=FACE_BOUND('',#188,.T.);
#55=FACE_BOUND('',#189,.T.);
#56=FACE_BOUND('',#190,.T.);
#57=FACE_BOUND('',#191,.T.);
#58=FACE_BOUND('',#192,.T.);
#59=FACE_BOUND('',#193,.T.);
#60=FACE_BOUND('',#194,.T.);
#61=FACE_BOUND('',#195,.T.);
#62=FACE_BOUND('',#196,.T.);
#63=FACE_BOUND('',#197,.T.);
#64=FACE_BOUND('',#198,.T.);
#65=FACE_BOUND('',#199,.T.);
#66=FACE_BOUND('',#200,.T.);
#67=FACE_BOUND('',#201,.T.);
#68=FACE_BOUND('',#243,.T.);
#69=FACE_BOUND('',#244,.T.);
#70=FACE_BOUND('',#245,.T.);
#71=FACE_BOUND('',#246,.T.);
#72=FACE_BOUND('',#247,.T.);
#73=FACE_BOUND('',#248,.T.);
#74=FACE_BOUND('',#249,.T.);
#75=FACE_BOUND('',#250,.T.);
#76=FACE_BOUND('',#251,.T.);
#77=FACE_BOUND('',#252,.T.);
#78=FACE_BOUND('',#253,.T.);
#79=FACE_BOUND('',#254,.T.);
#80=FACE_BOUND('',#255,.T.);
#81=FACE_BOUND('',#256,.T.);
#82=FACE_BOUND('',#257,.T.);
#83=FACE_BOUND('',#258,.T.);
#84=FACE_BOUND('',#259,.T.);
#85=FACE_BOUND('',#260,.T.);
#86=FACE_BOUND('',#261,.T.);
#87=FACE_BOUND('',#262,.T.);
#88=FACE_OUTER_BOUND('',#175,.T.);
#89=FACE_OUTER_BOUND('',#176,.T.);
#90=FACE_OUTER_BOUND('',#177,.T.);
#91=FACE_OUTER_BOUND('',#178,.T.);
#92=FACE_OUTER_BOUND('',#179,.T.);
#93=FACE_OUTER_BOUND('',#180,.T.);
#94=FACE_OUTER_BOUND('',#181,.T.);
#95=FACE_OUTER_BOUND('',#202,.T.);
#96=FACE_OUTER_BOUND('',#203,.T.);
#97=FACE_OUTER_BOUND('',#204,.T.);
#98=FACE_OUTER_BOUND('',#205,.T.);
#99=FACE_OUTER_BOUND('',#206,.T.);
#100=FACE_OUTER_BOUND('',#207,.T.);
#101=FACE_OUTER_BOUND('',#208,.T.);
#102=FACE_OUTER_BOUND('',#209,.T.);
#103=FACE_OUTER_BOUND('',#210,.T.);
#104=FACE_OUTER_BOUND('',#211,.T.);
#105=FACE_OUTER_BOUND('',#212,.T.);
#106=FACE_OUTER_BOUND('',#213,.T.);
#107=FACE_OUTER_BOUND('',#214,.T.);
#108=FACE_OUTER_BOUND('',#215,.T.);
#109=FACE_OUTER_BOUND('',#216,.T.);
#110=FACE_OUTER_BOUND('',#217,.T.);
#111=FACE_OUTER_BOUND('',#218,.T.);
#112=FACE_OUTER_BOUND('',#219,.T.);
#113=FACE_OUTER_BOUND('',#220,.T.);
#114=FACE_OUTER_BOUND('',#221,.T.);
#115=FACE_OUTER_BOUND('',#222,.T.);
#116=FACE_OUTER_BOUND('',#223,.T.);
#117=FACE_OUTER_BOUND('',#224,.T.);
#118=FACE_OUTER_BOUND('',#225,.T.);
#119=FACE_OUTER_BOUND('',#226,.T.);
#120=FACE_OUTER_BOUND('',#227,.T.);
#121=FACE_OUTER_BOUND('',#228,.T.);
#122=FACE_OUTER_BOUND('',#229,.T.);
#123=FACE_OUTER_BOUND('',#230,.T.);
#124=FACE_OUTER_BOUND('',#231,.T.);
#125=FACE_OUTER_BOUND('',#232,.T.);
#126=FACE_OUTER_BOUND('',#233,.T.);
#127=FACE_OUTER_BOUND('',#234,.T.);
#128=FACE_OUTER_BOUND('',#235,.T.);
#129=FACE_OUTER_BOUND('',#236,.T.);
#130=FACE_OUTER_BOUND('',#237,.T.);
#131=FACE_OUTER_BOUND('',#238,.T.);
#132=FACE_OUTER_BOUND('',#239,.T.);
#133=FACE_OUTER_BOUND('',#240,.T.);
#134=FACE_OUTER_BOUND('',#241,.T.);
#135=FACE_OUTER_BOUND('',#242,.T.);
#136=FACE_OUTER_BOUND('',#263,.T.);
#137=FACE_OUTER_BOUND('',#264,.T.);
#138=FACE_OUTER_BOUND('',#265,.T.);
#139=FACE_OUTER_BOUND('',#266,.T.);
#140=FACE_OUTER_BOUND('',#267,.T.);
#141=FACE_OUTER_BOUND('',#268,.T.);
#142=FACE_OUTER_BOUND('',#269,.T.);
#143=FACE_OUTER_BOUND('',#270,.T.);
#144=FACE_OUTER_BOUND('',#271,.T.);
#145=FACE_OUTER_BOUND('',#272,.T.);
#146=FACE_OUTER_BOUND('',#273,.T.);
#147=FACE_OUTER_BOUND('',#274,.T.);
#148=FACE_OUTER_BOUND('',#275,.T.);
#149=FACE_OUTER_BOUND('',#276,.T.);
#150=FACE_OUTER_BOUND('',#277,.T.);
#151=FACE_OUTER_BOUND('',#278,.T.);
#152=FACE_OUTER_BOUND('',#279,.T.);
#153=FACE_OUTER_BOUND('',#280,.T.);
#154=FACE_OUTER_BOUND('',#281,.T.);
#155=FACE_OUTER_BOUND('',#282,.T.);
#156=FACE_OUTER_BOUND('',#283,.T.);
#157=FACE_OUTER_BOUND('',#284,.T.);
#158=FACE_OUTER_BOUND('',#285,.T.);
#159=FACE_OUTER_BOUND('',#286,.T.);
#160=FACE_OUTER_BOUND('',#287,.T.);
#161=FACE_OUTER_BOUND('',#288,.T.);
#162=FACE_OUTER_BOUND('',#289,.T.);
#163=FACE_OUTER_BOUND('',#290,.T.);
#164=FACE_OUTER_BOUND('',#291,.T.);
#165=FACE_OUTER_BOUND('',#292,.T.);
#166=FACE_OUTER_BOUND('',#293,.T.);
#167=FACE_OUTER_BOUND('',#294,.T.);
#168=FACE_OUTER_BOUND('',#295,.T.);
#169=FACE_OUTER_BOUND('',#296,.T.);
#170=FACE_OUTER_BOUND('',#297,.T.);
#171=FACE_OUTER_BOUND('',#298,.T.);
#172=FACE_OUTER_BOUND('',#299,.T.);
#173=FACE_OUTER_BOUND('',#300,.T.);
#174=FACE_OUTER_BOUND('',#301,.T.);
#175=EDGE_LOOP('',(#1193,#1194,#1195,#1196));
#176=EDGE_LOOP('',(#1197,#1198,#1199,#1200));
#177=EDGE_LOOP('',(#1201,#1202,#1203,#1204));
#178=EDGE_LOOP('',(#1205,#1206,#1207,#1208));
#179=EDGE_LOOP('',(#1209,#1210,#1211,#1212));
#180=EDGE_LOOP('',(#1213,#1214,#1215,#1216));
#181=EDGE_LOOP('',(#1217,#1218,#1219,#1220));
#182=EDGE_LOOP('',(#1221,#1222,#1223,#1224,#1225,#1226,#1227,#1228,#1229,
#1230,#1231,#1232,#1233,#1234,#1235,#1236,#1237,#1238));
#183=EDGE_LOOP('',(#1239,#1240,#1241,#1242,#1243,#1244));
#184=EDGE_LOOP('',(#1245,#1246,#1247,#1248,#1249,#1250));
#185=EDGE_LOOP('',(#1251,#1252,#1253,#1254,#1255,#1256));
#186=EDGE_LOOP('',(#1257,#1258,#1259,#1260,#1261,#1262));
#187=EDGE_LOOP('',(#1263,#1264,#1265,#1266,#1267,#1268));
#188=EDGE_LOOP('',(#1269,#1270,#1271,#1272,#1273,#1274,#1275,#1276,#1277,
#1278));
#189=EDGE_LOOP('',(#1279,#1280,#1281,#1282,#1283,#1284,#1285,#1286));
#190=EDGE_LOOP('',(#1287,#1288,#1289,#1290));
#191=EDGE_LOOP('',(#1291));
#192=EDGE_LOOP('',(#1292));
#193=EDGE_LOOP('',(#1293));
#194=EDGE_LOOP('',(#1294));
#195=EDGE_LOOP('',(#1295));
#196=EDGE_LOOP('',(#1296));
#197=EDGE_LOOP('',(#1297));
#198=EDGE_LOOP('',(#1298));
#199=EDGE_LOOP('',(#1299));
#200=EDGE_LOOP('',(#1300));
#201=EDGE_LOOP('',(#1301));
#202=EDGE_LOOP('',(#1302,#1303,#1304,#1305));
#203=EDGE_LOOP('',(#1306,#1307,#1308,#1309));
#204=EDGE_LOOP('',(#1310,#1311,#1312,#1313));
#205=EDGE_LOOP('',(#1314,#1315,#1316,#1317));
#206=EDGE_LOOP('',(#1318,#1319,#1320,#1321));
#207=EDGE_LOOP('',(#1322,#1323,#1324,#1325));
#208=EDGE_LOOP('',(#1326,#1327,#1328,#1329));
#209=EDGE_LOOP('',(#1330,#1331,#1332,#1333));
#210=EDGE_LOOP('',(#1334,#1335,#1336,#1337));
#211=EDGE_LOOP('',(#1338,#1339,#1340,#1341));
#212=EDGE_LOOP('',(#1342,#1343,#1344,#1345));
#213=EDGE_LOOP('',(#1346,#1347,#1348,#1349));
#214=EDGE_LOOP('',(#1350,#1351,#1352,#1353));
#215=EDGE_LOOP('',(#1354,#1355,#1356,#1357));
#216=EDGE_LOOP('',(#1358,#1359,#1360,#1361));
#217=EDGE_LOOP('',(#1362,#1363,#1364,#1365));
#218=EDGE_LOOP('',(#1366,#1367,#1368,#1369));
#219=EDGE_LOOP('',(#1370,#1371,#1372,#1373));
#220=EDGE_LOOP('',(#1374,#1375,#1376,#1377));
#221=EDGE_LOOP('',(#1378,#1379,#1380,#1381));
#222=EDGE_LOOP('',(#1382,#1383,#1384,#1385));
#223=EDGE_LOOP('',(#1386,#1387,#1388,#1389));
#224=EDGE_LOOP('',(#1390,#1391,#1392,#1393));
#225=EDGE_LOOP('',(#1394,#1395,#1396,#1397));
#226=EDGE_LOOP('',(#1398,#1399,#1400,#1401));
#227=EDGE_LOOP('',(#1402,#1403,#1404,#1405));
#228=EDGE_LOOP('',(#1406,#1407,#1408,#1409));
#229=EDGE_LOOP('',(#1410,#1411,#1412,#1413));
#230=EDGE_LOOP('',(#1414,#1415,#1416,#1417));
#231=EDGE_LOOP('',(#1418,#1419,#1420,#1421));
#232=EDGE_LOOP('',(#1422,#1423,#1424,#1425));
#233=EDGE_LOOP('',(#1426,#1427,#1428,#1429));
#234=EDGE_LOOP('',(#1430,#1431,#1432,#1433));
#235=EDGE_LOOP('',(#1434,#1435,#1436,#1437));
#236=EDGE_LOOP('',(#1438,#1439,#1440,#1441));
#237=EDGE_LOOP('',(#1442,#1443,#1444,#1445));
#238=EDGE_LOOP('',(#1446,#1447,#1448,#1449));
#239=EDGE_LOOP('',(#1450,#1451,#1452,#1453));
#240=EDGE_LOOP('',(#1454,#1455,#1456,#1457));
#241=EDGE_LOOP('',(#1458,#1459,#1460,#1461));
#242=EDGE_LOOP('',(#1462,#1463,#1464,#1465));
#243=EDGE_LOOP('',(#1466,#1467,#1468,#1469,#1470,#1471,#1472,#1473));
#244=EDGE_LOOP('',(#1474,#1475,#1476,#1477,#1478,#1479,#1480,#1481,#1482,
#1483,#1484,#1485,#1486,#1487,#1488,#1489,#1490,#1491));
#245=EDGE_LOOP('',(#1492));
#246=EDGE_LOOP('',(#1493));
#247=EDGE_LOOP('',(#1494));
#248=EDGE_LOOP('',(#1495));
#249=EDGE_LOOP('',(#1496));
#250=EDGE_LOOP('',(#1497));
#251=EDGE_LOOP('',(#1498));
#252=EDGE_LOOP('',(#1499));
#253=EDGE_LOOP('',(#1500));
#254=EDGE_LOOP('',(#1501));
#255=EDGE_LOOP('',(#1502));
#256=EDGE_LOOP('',(#1503,#1504,#1505,#1506));
#257=EDGE_LOOP('',(#1507,#1508,#1509,#1510,#1511,#1512,#1513,#1514,#1515,
#1516));
#258=EDGE_LOOP('',(#1517,#1518,#1519,#1520,#1521,#1522));
#259=EDGE_LOOP('',(#1523,#1524,#1525,#1526,#1527,#1528));
#260=EDGE_LOOP('',(#1529,#1530,#1531,#1532,#1533,#1534));
#261=EDGE_LOOP('',(#1535,#1536,#1537,#1538,#1539,#1540));
#262=EDGE_LOOP('',(#1541,#1542,#1543,#1544,#1545,#1546));
#263=EDGE_LOOP('',(#1547,#1548,#1549,#1550));
#264=EDGE_LOOP('',(#1551,#1552,#1553,#1554));
#265=EDGE_LOOP('',(#1555,#1556,#1557,#1558));
#266=EDGE_LOOP('',(#1559,#1560,#1561,#1562));
#267=EDGE_LOOP('',(#1563,#1564,#1565,#1566));
#268=EDGE_LOOP('',(#1567,#1568,#1569,#1570));
#269=EDGE_LOOP('',(#1571,#1572,#1573,#1574));
#270=EDGE_LOOP('',(#1575,#1576,#1577,#1578));
#271=EDGE_LOOP('',(#1579,#1580,#1581,#1582));
#272=EDGE_LOOP('',(#1583,#1584,#1585,#1586));
#273=EDGE_LOOP('',(#1587,#1588,#1589,#1590));
#274=EDGE_LOOP('',(#1591,#1592,#1593,#1594));
#275=EDGE_LOOP('',(#1595,#1596,#1597,#1598));
#276=EDGE_LOOP('',(#1599,#1600,#1601,#1602));
#277=EDGE_LOOP('',(#1603,#1604,#1605,#1606));
#278=EDGE_LOOP('',(#1607,#1608,#1609,#1610));
#279=EDGE_LOOP('',(#1611,#1612,#1613,#1614));
#280=EDGE_LOOP('',(#1615,#1616,#1617,#1618));
#281=EDGE_LOOP('',(#1619,#1620,#1621,#1622));
#282=EDGE_LOOP('',(#1623,#1624,#1625,#1626));
#283=EDGE_LOOP('',(#1627,#1628,#1629,#1630));
#284=EDGE_LOOP('',(#1631,#1632,#1633,#1634));
#285=EDGE_LOOP('',(#1635,#1636,#1637,#1638));
#286=EDGE_LOOP('',(#1639,#1640,#1641,#1642));
#287=EDGE_LOOP('',(#1643,#1644,#1645,#1646));
#288=EDGE_LOOP('',(#1647,#1648,#1649,#1650));
#289=EDGE_LOOP('',(#1651,#1652,#1653,#1654));
#290=EDGE_LOOP('',(#1655,#1656,#1657,#1658));
#291=EDGE_LOOP('',(#1659,#1660,#1661,#1662));
#292=EDGE_LOOP('',(#1663,#1664,#1665,#1666));
#293=EDGE_LOOP('',(#1667,#1668,#1669,#1670));
#294=EDGE_LOOP('',(#1671,#1672,#1673,#1674));
#295=EDGE_LOOP('',(#1675,#1676,#1677,#1678));
#296=EDGE_LOOP('',(#1679,#1680,#1681,#1682));
#297=EDGE_LOOP('',(#1683,#1684,#1685,#1686));
#298=EDGE_LOOP('',(#1687,#1688,#1689,#1690));
#299=EDGE_LOOP('',(#1691,#1692,#1693,#1694));
#300=EDGE_LOOP('',(#1695,#1696,#1697,#1698));
#301=EDGE_LOOP('',(#1699,#1700,#1701,#1702));
#302=LINE('',#2455,#535);
#303=LINE('',#2457,#536);
#304=LINE('',#2459,#537);
#305=LINE('',#2460,#538);
#306=LINE('',#2464,#539);
#307=LINE('',#2466,#540);
#308=LINE('',#2468,#541);
#309=LINE('',#2469,#542);
#310=LINE('',#2473,#543);
#311=LINE('',#2475,#544);
#312=LINE('',#2477,#545);
#313=LINE('',#2478,#546);
#314=LINE('',#2480,#547);
#315=LINE('',#2481,#548);
#316=LINE('',#2485,#549);
#317=LINE('',#2487,#550);
#318=LINE('',#2489,#551);
#319=LINE('',#2490,#552);
#320=LINE('',#2492,#553);
#321=LINE('',#2493,#554);
#322=LINE('',#2497,#555);
#323=LINE('',#2499,#556);
#324=LINE('',#2501,#557);
#325=LINE('',#2502,#558);
#326=LINE('',#2504,#559);
#327=LINE('',#2506,#560);
#328=LINE('',#2508,#561);
#329=LINE('',#2510,#562);
#330=LINE('',#2512,#563);
#331=LINE('',#2514,#564);
#332=LINE('',#2516,#565);
#333=LINE('',#2518,#566);
#334=LINE('',#2520,#567);
#335=LINE('',#2522,#568);
#336=LINE('',#2524,#569);
#337=LINE('',#2526,#570);
#338=LINE('',#2528,#571);
#339=LINE('',#2530,#572);
#340=LINE('',#2531,#573);
#341=LINE('',#2534,#574);
#342=LINE('',#2536,#575);
#343=LINE('',#2538,#576);
#344=LINE('',#2540,#577);
#345=LINE('',#2542,#578);
#346=LINE('',#2543,#579);
#347=LINE('',#2546,#580);
#348=LINE('',#2548,#581);
#349=LINE('',#2550,#582);
#350=LINE('',#2552,#583);
#351=LINE('',#2554,#584);
#352=LINE('',#2555,#585);
#353=LINE('',#2558,#586);
#354=LINE('',#2560,#587);
#355=LINE('',#2562,#588);
#356=LINE('',#2564,#589);
#357=LINE('',#2566,#590);
#358=LINE('',#2567,#591);
#359=LINE('',#2570,#592);
#360=LINE('',#2572,#593);
#361=LINE('',#2574,#594);
#362=LINE('',#2576,#595);
#363=LINE('',#2578,#596);
#364=LINE('',#2579,#597);
#365=LINE('',#2582,#598);
#366=LINE('',#2584,#599);
#367=LINE('',#2586,#600);
#368=LINE('',#2588,#601);
#369=LINE('',#2590,#602);
#370=LINE('',#2591,#603);
#371=LINE('',#2594,#604);
#372=LINE('',#2596,#605);
#373=LINE('',#2598,#606);
#374=LINE('',#2600,#607);
#375=LINE('',#2602,#608);
#376=LINE('',#2604,#609);
#377=LINE('',#2606,#610);
#378=LINE('',#2608,#611);
#379=LINE('',#2610,#612);
#380=LINE('',#2611,#613);
#381=LINE('',#2613,#614);
#382=LINE('',#2615,#615);
#383=LINE('',#2617,#616);
#384=LINE('',#2619,#617);
#385=LINE('',#2620,#618);
#386=LINE('',#2623,#619);
#387=LINE('',#2625,#620);
#388=LINE('',#2627,#621);
#389=LINE('',#2628,#622);
#390=LINE('',#2653,#623);
#391=LINE('',#2654,#624);
#392=LINE('',#2657,#625);
#393=LINE('',#2658,#626);
#394=LINE('',#2662,#627);
#395=LINE('',#2666,#628);
#396=LINE('',#2670,#629);
#397=LINE('',#2674,#630);
#398=LINE('',#2678,#631);
#399=LINE('',#2682,#632);
#400=LINE('',#2686,#633);
#401=LINE('',#2690,#634);
#402=LINE('',#2694,#635);
#403=LINE('',#2698,#636);
#404=LINE('',#2702,#637);
#405=LINE('',#2705,#638);
#406=LINE('',#2706,#639);
#407=LINE('',#2709,#640);
#408=LINE('',#2711,#641);
#409=LINE('',#2712,#642);
#410=LINE('',#2715,#643);
#411=LINE('',#2717,#644);
#412=LINE('',#2718,#645);
#413=LINE('',#2721,#646);
#414=LINE('',#2722,#647);
#415=LINE('',#2724,#648);
#416=LINE('',#2727,#649);
#417=LINE('',#2728,#650);
#418=LINE('',#2731,#651);
#419=LINE('',#2732,#652);
#420=LINE('',#2735,#653);
#421=LINE('',#2736,#654);
#422=LINE('',#2739,#655);
#423=LINE('',#2740,#656);
#424=LINE('',#2743,#657);
#425=LINE('',#2745,#658);
#426=LINE('',#2746,#659);
#427=LINE('',#2749,#660);
#428=LINE('',#2751,#661);
#429=LINE('',#2752,#662);
#430=LINE('',#2755,#663);
#431=LINE('',#2757,#664);
#432=LINE('',#2758,#665);
#433=LINE('',#2761,#666);
#434=LINE('',#2763,#667);
#435=LINE('',#2764,#668);
#436=LINE('',#2766,#669);
#437=LINE('',#2768,#670);
#438=LINE('',#2771,#671);
#439=LINE('',#2772,#672);
#440=LINE('',#2775,#673);
#441=LINE('',#2776,#674);
#442=LINE('',#2779,#675);
#443=LINE('',#2780,#676);
#444=LINE('',#2783,#677);
#445=LINE('',#2785,#678);
#446=LINE('',#2786,#679);
#447=LINE('',#2789,#680);
#448=LINE('',#2791,#681);
#449=LINE('',#2792,#682);
#450=LINE('',#2795,#683);
#451=LINE('',#2797,#684);
#452=LINE('',#2798,#685);
#453=LINE('',#2801,#686);
#454=LINE('',#2803,#687);
#455=LINE('',#2804,#688);
#456=LINE('',#2807,#689);
#457=LINE('',#2808,#690);
#458=LINE('',#2811,#691);
#459=LINE('',#2813,#692);
#460=LINE('',#2814,#693);
#461=LINE('',#2817,#694);
#462=LINE('',#2818,#695);
#463=LINE('',#2821,#696);
#464=LINE('',#2822,#697);
#465=LINE('',#2825,#698);
#466=LINE('',#2826,#699);
#467=LINE('',#2830,#700);
#468=LINE('',#2831,#701);
#469=LINE('',#2832,#702);
#470=LINE('',#2834,#703);
#471=LINE('',#2835,#704);
#472=LINE('',#2836,#705);
#473=LINE('',#2838,#706);
#474=LINE('',#2840,#707);
#475=LINE('',#2842,#708);
#476=LINE('',#2843,#709);
#477=LINE('',#2845,#710);
#478=LINE('',#2846,#711);
#479=LINE('',#2847,#712);
#480=LINE('',#2849,#713);
#481=LINE('',#2851,#714);
#482=LINE('',#2852,#715);
#483=LINE('',#2854,#716);
#484=LINE('',#2856,#717);
#485=LINE('',#2857,#718);
#486=LINE('',#2859,#719);
#487=LINE('',#2861,#720);
#488=LINE('',#2863,#721);
#489=LINE('',#2864,#722);
#490=LINE('',#2866,#723);
#491=LINE('',#2868,#724);
#492=LINE('',#2870,#725);
#493=LINE('',#2871,#726);
#494=LINE('',#2874,#727);
#495=LINE('',#2876,#728);
#496=LINE('',#2878,#729);
#497=LINE('',#2880,#730);
#498=LINE('',#2882,#731);
#499=LINE('',#2883,#732);
#500=LINE('',#2886,#733);
#501=LINE('',#2888,#734);
#502=LINE('',#2890,#735);
#503=LINE('',#2892,#736);
#504=LINE('',#2894,#737);
#505=LINE('',#2895,#738);
#506=LINE('',#2897,#739);
#507=LINE('',#2899,#740);
#508=LINE('',#2900,#741);
#509=LINE('',#2902,#742);
#510=LINE('',#2904,#743);
#511=LINE('',#2905,#744);
#512=LINE('',#2907,#745);
#513=LINE('',#2910,#746);
#514=LINE('',#2912,#747);
#515=LINE('',#2914,#748);
#516=LINE('',#2917,#749);
#517=LINE('',#2919,#750);
#518=LINE('',#2921,#751);
#519=LINE('',#2924,#752);
#520=LINE('',#2926,#753);
#521=LINE('',#2927,#754);
#522=LINE('',#2929,#755);
#523=LINE('',#2931,#756);
#524=LINE('',#2934,#757);
#525=LINE('',#2935,#758);
#526=LINE('',#2938,#759);
#527=LINE('',#2940,#760);
#528=LINE('',#2942,#761);
#529=LINE('',#2944,#762);
#530=LINE('',#2945,#763);
#531=LINE('',#2947,#764);
#532=LINE('',#2948,#765);
#533=LINE('',#2950,#766);
#534=LINE('',#2952,#767);
#535=VECTOR('',#2002,10.);
#536=VECTOR('',#2003,10.);
#537=VECTOR('',#2004,10.);
#538=VECTOR('',#2005,10.);
#539=VECTOR('',#2008,10.);
#540=VECTOR('',#2009,10.);
#541=VECTOR('',#2010,10.);
#542=VECTOR('',#2011,10.);
#543=VECTOR('',#2014,10.);
#544=VECTOR('',#2015,10.);
#545=VECTOR('',#2016,10.);
#546=VECTOR('',#2017,10.);
#547=VECTOR('',#2020,10.);
#548=VECTOR('',#2021,10.);
#549=VECTOR('',#2024,10.);
#550=VECTOR('',#2025,10.);
#551=VECTOR('',#2026,10.);
#552=VECTOR('',#2027,10.);
#553=VECTOR('',#2030,10.);
#554=VECTOR('',#2031,10.);
#555=VECTOR('',#2034,10.);
#556=VECTOR('',#2035,10.);
#557=VECTOR('',#2036,10.);
#558=VECTOR('',#2037,10.);
#559=VECTOR('',#2038,10.);
#560=VECTOR('',#2039,10.);
#561=VECTOR('',#2040,10.);
#562=VECTOR('',#2041,10.);
#563=VECTOR('',#2042,10.);
#564=VECTOR('',#2043,10.);
#565=VECTOR('',#2044,10.);
#566=VECTOR('',#2045,10.);
#567=VECTOR('',#2046,10.);
#568=VECTOR('',#2047,10.);
#569=VECTOR('',#2048,10.);
#570=VECTOR('',#2049,10.);
#571=VECTOR('',#2050,10.);
#572=VECTOR('',#2051,10.);
#573=VECTOR('',#2052,10.);
#574=VECTOR('',#2053,10.);
#575=VECTOR('',#2054,10.);
#576=VECTOR('',#2055,10.);
#577=VECTOR('',#2056,10.);
#578=VECTOR('',#2057,10.);
#579=VECTOR('',#2058,10.);
#580=VECTOR('',#2059,10.);
#581=VECTOR('',#2060,10.);
#582=VECTOR('',#2061,10.);
#583=VECTOR('',#2062,10.);
#584=VECTOR('',#2063,10.);
#585=VECTOR('',#2064,10.);
#586=VECTOR('',#2065,10.);
#587=VECTOR('',#2066,10.);
#588=VECTOR('',#2067,10.);
#589=VECTOR('',#2068,10.);
#590=VECTOR('',#2069,10.);
#591=VECTOR('',#2070,10.);
#592=VECTOR('',#2071,10.);
#593=VECTOR('',#2072,10.);
#594=VECTOR('',#2073,10.);
#595=VECTOR('',#2074,10.);
#596=VECTOR('',#2075,10.);
#597=VECTOR('',#2076,10.);
#598=VECTOR('',#2077,10.);
#599=VECTOR('',#2078,10.);
#600=VECTOR('',#2079,10.);
#601=VECTOR('',#2080,10.);
#602=VECTOR('',#2081,10.);
#603=VECTOR('',#2082,10.);
#604=VECTOR('',#2083,10.);
#605=VECTOR('',#2084,10.);
#606=VECTOR('',#2085,10.);
#607=VECTOR('',#2086,10.);
#608=VECTOR('',#2087,10.);
#609=VECTOR('',#2088,10.);
#610=VECTOR('',#2089,10.);
#611=VECTOR('',#2090,10.);
#612=VECTOR('',#2091,10.);
#613=VECTOR('',#2092,10.);
#614=VECTOR('',#2093,10.);
#615=VECTOR('',#2094,10.);
#616=VECTOR('',#2095,10.);
#617=VECTOR('',#2096,10.);
#618=VECTOR('',#2097,10.);
#619=VECTOR('',#2098,10.);
#620=VECTOR('',#2099,10.);
#621=VECTOR('',#2100,10.);
#622=VECTOR('',#2101,10.);
#623=VECTOR('',#2126,10.);
#624=VECTOR('',#2127,10.);
#625=VECTOR('',#2130,10.);
#626=VECTOR('',#2131,10.);
#627=VECTOR('',#2136,1.6);
#628=VECTOR('',#2141,1.6);
#629=VECTOR('',#2146,1.6);
#630=VECTOR('',#2151,1.6);
#631=VECTOR('',#2156,1.6);
#632=VECTOR('',#2161,1.6);
#633=VECTOR('',#2166,2.10000000000001);
#634=VECTOR('',#2171,2.10000000000001);
#635=VECTOR('',#2176,2.10000000000001);
#636=VECTOR('',#2181,2.10000000000001);
#637=VECTOR('',#2186,7.);
#638=VECTOR('',#2189,10.);
#639=VECTOR('',#2190,10.);
#640=VECTOR('',#2193,10.);
#641=VECTOR('',#2194,10.);
#642=VECTOR('',#2195,10.);
#643=VECTOR('',#2198,10.);
#644=VECTOR('',#2199,10.);
#645=VECTOR('',#2200,10.);
#646=VECTOR('',#2203,10.);
#647=VECTOR('',#2204,10.);
#648=VECTOR('',#2207,10.);
#649=VECTOR('',#2210,10.);
#650=VECTOR('',#2211,10.);
#651=VECTOR('',#2214,10.);
#652=VECTOR('',#2215,10.);
#653=VECTOR('',#2218,10.);
#654=VECTOR('',#2219,10.);
#655=VECTOR('',#2222,10.);
#656=VECTOR('',#2223,10.);
#657=VECTOR('',#2226,10.);
#658=VECTOR('',#2227,10.);
#659=VECTOR('',#2228,10.);
#660=VECTOR('',#2231,10.);
#661=VECTOR('',#2232,10.);
#662=VECTOR('',#2233,10.);
#663=VECTOR('',#2236,10.);
#664=VECTOR('',#2237,10.);
#665=VECTOR('',#2238,10.);
#666=VECTOR('',#2241,10.);
#667=VECTOR('',#2242,10.);
#668=VECTOR('',#2243,10.);
#669=VECTOR('',#2246,10.);
#670=VECTOR('',#2249,10.);
#671=VECTOR('',#2252,10.);
#672=VECTOR('',#2253,10.);
#673=VECTOR('',#2256,10.);
#674=VECTOR('',#2257,10.);
#675=VECTOR('',#2260,10.);
#676=VECTOR('',#2261,10.);
#677=VECTOR('',#2264,10.);
#678=VECTOR('',#2265,10.);
#679=VECTOR('',#2266,10.);
#680=VECTOR('',#2269,10.);
#681=VECTOR('',#2270,10.);
#682=VECTOR('',#2271,10.);
#683=VECTOR('',#2274,10.);
#684=VECTOR('',#2275,10.);
#685=VECTOR('',#2276,10.);
#686=VECTOR('',#2279,10.);
#687=VECTOR('',#2280,10.);
#688=VECTOR('',#2281,10.);
#689=VECTOR('',#2284,10.);
#690=VECTOR('',#2285,10.);
#691=VECTOR('',#2288,10.);
#692=VECTOR('',#2289,10.);
#693=VECTOR('',#2290,10.);
#694=VECTOR('',#2293,10.);
#695=VECTOR('',#2294,10.);
#696=VECTOR('',#2297,10.);
#697=VECTOR('',#2298,10.);
#698=VECTOR('',#2301,10.);
#699=VECTOR('',#2302,10.);
#700=VECTOR('',#2305,10.);
#701=VECTOR('',#2306,10.);
#702=VECTOR('',#2307,10.);
#703=VECTOR('',#2308,10.);
#704=VECTOR('',#2309,10.);
#705=VECTOR('',#2310,10.);
#706=VECTOR('',#2311,10.);
#707=VECTOR('',#2312,10.);
#708=VECTOR('',#2313,10.);
#709=VECTOR('',#2314,10.);
#710=VECTOR('',#2315,10.);
#711=VECTOR('',#2316,10.);
#712=VECTOR('',#2317,10.);
#713=VECTOR('',#2318,10.);
#714=VECTOR('',#2319,10.);
#715=VECTOR('',#2320,10.);
#716=VECTOR('',#2321,10.);
#717=VECTOR('',#2322,10.);
#718=VECTOR('',#2323,10.);
#719=VECTOR('',#2324,10.);
#720=VECTOR('',#2325,10.);
#721=VECTOR('',#2326,10.);
#722=VECTOR('',#2327,10.);
#723=VECTOR('',#2328,10.);
#724=VECTOR('',#2329,10.);
#725=VECTOR('',#2330,10.);
#726=VECTOR('',#2331,10.);
#727=VECTOR('',#2332,10.);
#728=VECTOR('',#2333,10.);
#729=VECTOR('',#2334,10.);
#730=VECTOR('',#2335,10.);
#731=VECTOR('',#2336,10.);
#732=VECTOR('',#2337,10.);
#733=VECTOR('',#2338,10.);
#734=VECTOR('',#2339,10.);
#735=VECTOR('',#2340,10.);
#736=VECTOR('',#2341,10.);
#737=VECTOR('',#2342,10.);
#738=VECTOR('',#2343,10.);
#739=VECTOR('',#2346,10.);
#740=VECTOR('',#2349,10.);
#741=VECTOR('',#2350,10.);
#742=VECTOR('',#2353,10.);
#743=VECTOR('',#2356,10.);
#744=VECTOR('',#2357,10.);
#745=VECTOR('',#2360,10.);
#746=VECTOR('',#2365,10.);
#747=VECTOR('',#2368,10.);
#748=VECTOR('',#2371,10.);
#749=VECTOR('',#2376,10.);
#750=VECTOR('',#2379,10.);
#751=VECTOR('',#2382,10.);
#752=VECTOR('',#2387,10.);
#753=VECTOR('',#2390,10.);
#754=VECTOR('',#2391,10.);
#755=VECTOR('',#2394,10.);
#756=VECTOR('',#2397,10.);
#757=VECTOR('',#2402,10.);
#758=VECTOR('',#2403,10.);
#759=VECTOR('',#2408,10.);
#760=VECTOR('',#2411,10.);
#761=VECTOR('',#2414,10.);
#762=VECTOR('',#2417,10.);
#763=VECTOR('',#2418,10.);
#764=VECTOR('',#2421,10.);
#765=VECTOR('',#2422,10.);
#766=VECTOR('',#2425,10.);
#767=VECTOR('',#2428,10.);
#768=VERTEX_POINT('',#2453);
#769=VERTEX_POINT('',#2454);
#770=VERTEX_POINT('',#2456);
#771=VERTEX_POINT('',#2458);
#772=VERTEX_POINT('',#2462);
#773=VERTEX_POINT('',#2463);
#774=VERTEX_POINT('',#2465);
#775=VERTEX_POINT('',#2467);
#776=VERTEX_POINT('',#2471);
#777=VERTEX_POINT('',#2472);
#778=VERTEX_POINT('',#2474);
#779=VERTEX_POINT('',#2476);
#780=VERTEX_POINT('',#2483);
#781=VERTEX_POINT('',#2484);
#782=VERTEX_POINT('',#2486);
#783=VERTEX_POINT('',#2488);
#784=VERTEX_POINT('',#2495);
#785=VERTEX_POINT('',#2496);
#786=VERTEX_POINT('',#2498);
#787=VERTEX_POINT('',#2500);
#788=VERTEX_POINT('',#2503);
#789=VERTEX_POINT('',#2505);
#790=VERTEX_POINT('',#2507);
#791=VERTEX_POINT('',#2509);
#792=VERTEX_POINT('',#2511);
#793=VERTEX_POINT('',#2513);
#794=VERTEX_POINT('',#2515);
#795=VERTEX_POINT('',#2517);
#796=VERTEX_POINT('',#2519);
#797=VERTEX_POINT('',#2521);
#798=VERTEX_POINT('',#2523);
#799=VERTEX_POINT('',#2525);
#800=VERTEX_POINT('',#2527);
#801=VERTEX_POINT('',#2529);
#802=VERTEX_POINT('',#2532);
#803=VERTEX_POINT('',#2533);
#804=VERTEX_POINT('',#2535);
#805=VERTEX_POINT('',#2537);
#806=VERTEX_POINT('',#2539);
#807=VERTEX_POINT('',#2541);
#808=VERTEX_POINT('',#2544);
#809=VERTEX_POINT('',#2545);
#810=VERTEX_POINT('',#2547);
#811=VERTEX_POINT('',#2549);
#812=VERTEX_POINT('',#2551);
#813=VERTEX_POINT('',#2553);
#814=VERTEX_POINT('',#2556);
#815=VERTEX_POINT('',#2557);
#816=VERTEX_POINT('',#2559);
#817=VERTEX_POINT('',#2561);
#818=VERTEX_POINT('',#2563);
#819=VERTEX_POINT('',#2565);
#820=VERTEX_POINT('',#2568);
#821=VERTEX_POINT('',#2569);
#822=VERTEX_POINT('',#2571);
#823=VERTEX_POINT('',#2573);
#824=VERTEX_POINT('',#2575);
#825=VERTEX_POINT('',#2577);
#826=VERTEX_POINT('',#2580);
#827=VERTEX_POINT('',#2581);
#828=VERTEX_POINT('',#2583);
#829=VERTEX_POINT('',#2585);
#830=VERTEX_POINT('',#2587);
#831=VERTEX_POINT('',#2589);
#832=VERTEX_POINT('',#2592);
#833=VERTEX_POINT('',#2593);
#834=VERTEX_POINT('',#2595);
#835=VERTEX_POINT('',#2597);
#836=VERTEX_POINT('',#2599);
#837=VERTEX_POINT('',#2601);
#838=VERTEX_POINT('',#2603);
#839=VERTEX_POINT('',#2605);
#840=VERTEX_POINT('',#2607);
#841=VERTEX_POINT('',#2609);
#842=VERTEX_POINT('',#2612);
#843=VERTEX_POINT('',#2614);
#844=VERTEX_POINT('',#2616);
#845=VERTEX_POINT('',#2618);
#846=VERTEX_POINT('',#2621);
#847=VERTEX_POINT('',#2622);
#848=VERTEX_POINT('',#2624);
#849=VERTEX_POINT('',#2626);
#850=VERTEX_POINT('',#2629);
#851=VERTEX_POINT('',#2631);
#852=VERTEX_POINT('',#2633);
#853=VERTEX_POINT('',#2635);
#854=VERTEX_POINT('',#2637);
#855=VERTEX_POINT('',#2639);
#856=VERTEX_POINT('',#2641);
#857=VERTEX_POINT('',#2643);
#858=VERTEX_POINT('',#2645);
#859=VERTEX_POINT('',#2647);
#860=VERTEX_POINT('',#2649);
#861=VERTEX_POINT('',#2652);
#862=VERTEX_POINT('',#2656);
#863=VERTEX_POINT('',#2660);
#864=VERTEX_POINT('',#2664);
#865=VERTEX_POINT('',#2668);
#866=VERTEX_POINT('',#2672);
#867=VERTEX_POINT('',#2676);
#868=VERTEX_POINT('',#2680);
#869=VERTEX_POINT('',#2684);
#870=VERTEX_POINT('',#2688);
#871=VERTEX_POINT('',#2692);
#872=VERTEX_POINT('',#2696);
#873=VERTEX_POINT('',#2700);
#874=VERTEX_POINT('',#2704);
#875=VERTEX_POINT('',#2708);
#876=VERTEX_POINT('',#2710);
#877=VERTEX_POINT('',#2714);
#878=VERTEX_POINT('',#2716);
#879=VERTEX_POINT('',#2720);
#880=VERTEX_POINT('',#2726);
#881=VERTEX_POINT('',#2730);
#882=VERTEX_POINT('',#2734);
#883=VERTEX_POINT('',#2738);
#884=VERTEX_POINT('',#2742);
#885=VERTEX_POINT('',#2744);
#886=VERTEX_POINT('',#2748);
#887=VERTEX_POINT('',#2750);
#888=VERTEX_POINT('',#2754);
#889=VERTEX_POINT('',#2756);
#890=VERTEX_POINT('',#2760);
#891=VERTEX_POINT('',#2762);
#892=VERTEX_POINT('',#2770);
#893=VERTEX_POINT('',#2774);
#894=VERTEX_POINT('',#2778);
#895=VERTEX_POINT('',#2782);
#896=VERTEX_POINT('',#2784);
#897=VERTEX_POINT('',#2788);
#898=VERTEX_POINT('',#2790);
#899=VERTEX_POINT('',#2794);
#900=VERTEX_POINT('',#2796);
#901=VERTEX_POINT('',#2800);
#902=VERTEX_POINT('',#2802);
#903=VERTEX_POINT('',#2806);
#904=VERTEX_POINT('',#2810);
#905=VERTEX_POINT('',#2812);
#906=VERTEX_POINT('',#2816);
#907=VERTEX_POINT('',#2820);
#908=VERTEX_POINT('',#2824);
#909=VERTEX_POINT('',#2828);
#910=VERTEX_POINT('',#2829);
#911=VERTEX_POINT('',#2833);
#912=VERTEX_POINT('',#2837);
#913=VERTEX_POINT('',#2839);
#914=VERTEX_POINT('',#2841);
#915=VERTEX_POINT('',#2844);
#916=VERTEX_POINT('',#2848);
#917=VERTEX_POINT('',#2850);
#918=VERTEX_POINT('',#2853);
#919=VERTEX_POINT('',#2855);
#920=VERTEX_POINT('',#2858);
#921=VERTEX_POINT('',#2860);
#922=VERTEX_POINT('',#2862);
#923=VERTEX_POINT('',#2865);
#924=VERTEX_POINT('',#2867);
#925=VERTEX_POINT('',#2869);
#926=VERTEX_POINT('',#2872);
#927=VERTEX_POINT('',#2873);
#928=VERTEX_POINT('',#2875);
#929=VERTEX_POINT('',#2877);
#930=VERTEX_POINT('',#2879);
#931=VERTEX_POINT('',#2881);
#932=VERTEX_POINT('',#2884);
#933=VERTEX_POINT('',#2885);
#934=VERTEX_POINT('',#2887);
#935=VERTEX_POINT('',#2889);
#936=VERTEX_POINT('',#2891);
#937=VERTEX_POINT('',#2893);
#938=EDGE_CURVE('',#768,#769,#302,.T.);
#939=EDGE_CURVE('',#770,#768,#303,.T.);
#940=EDGE_CURVE('',#771,#770,#304,.T.);
#941=EDGE_CURVE('',#771,#769,#305,.T.);
#942=EDGE_CURVE('',#772,#773,#306,.T.);
#943=EDGE_CURVE('',#772,#774,#307,.T.);
#944=EDGE_CURVE('',#774,#775,#308,.T.);
#945=EDGE_CURVE('',#773,#775,#309,.T.);
#946=EDGE_CURVE('',#776,#777,#310,.T.);
#947=EDGE_CURVE('',#776,#778,#311,.T.);
#948=EDGE_CURVE('',#778,#779,#312,.T.);
#949=EDGE_CURVE('',#777,#779,#313,.T.);
#950=EDGE_CURVE('',#778,#771,#314,.T.);
#951=EDGE_CURVE('',#779,#770,#315,.T.);
#952=EDGE_CURVE('',#780,#781,#316,.T.);
#953=EDGE_CURVE('',#782,#780,#317,.T.);
#954=EDGE_CURVE('',#783,#782,#318,.T.);
#955=EDGE_CURVE('',#783,#781,#319,.T.);
#956=EDGE_CURVE('',#774,#783,#320,.T.);
#957=EDGE_CURVE('',#775,#782,#321,.T.);
#958=EDGE_CURVE('',#784,#785,#322,.T.);
#959=EDGE_CURVE('',#785,#786,#323,.T.);
#960=EDGE_CURVE('',#786,#787,#324,.T.);
#961=EDGE_CURVE('',#787,#784,#325,.T.);
#962=EDGE_CURVE('',#768,#788,#326,.T.);
#963=EDGE_CURVE('',#788,#789,#327,.T.);
#964=EDGE_CURVE('',#789,#790,#328,.T.);
#965=EDGE_CURVE('',#790,#791,#329,.T.);
#966=EDGE_CURVE('',#791,#792,#330,.T.);
#967=EDGE_CURVE('',#792,#793,#331,.T.);
#968=EDGE_CURVE('',#793,#794,#332,.T.);
#969=EDGE_CURVE('',#794,#795,#333,.T.);
#970=EDGE_CURVE('',#795,#796,#334,.T.);
#971=EDGE_CURVE('',#796,#797,#335,.T.);
#972=EDGE_CURVE('',#797,#798,#336,.T.);
#973=EDGE_CURVE('',#798,#799,#337,.T.);
#974=EDGE_CURVE('',#799,#800,#338,.T.);
#975=EDGE_CURVE('',#800,#801,#339,.T.);
#976=EDGE_CURVE('',#801,#777,#340,.T.);
#977=EDGE_CURVE('',#802,#803,#341,.T.);
#978=EDGE_CURVE('',#803,#804,#342,.T.);
#979=EDGE_CURVE('',#804,#805,#343,.T.);
#980=EDGE_CURVE('',#805,#806,#344,.T.);
#981=EDGE_CURVE('',#806,#807,#345,.T.);
#982=EDGE_CURVE('',#807,#802,#346,.T.);
#983=EDGE_CURVE('',#808,#809,#347,.T.);
#984=EDGE_CURVE('',#809,#810,#348,.T.);
#985=EDGE_CURVE('',#810,#811,#349,.T.);
#986=EDGE_CURVE('',#811,#812,#350,.T.);
#987=EDGE_CURVE('',#812,#813,#351,.T.);
#988=EDGE_CURVE('',#813,#808,#352,.T.);
#989=EDGE_CURVE('',#814,#815,#353,.T.);
#990=EDGE_CURVE('',#815,#816,#354,.T.);
#991=EDGE_CURVE('',#816,#817,#355,.T.);
#992=EDGE_CURVE('',#817,#818,#356,.T.);
#993=EDGE_CURVE('',#818,#819,#357,.T.);
#994=EDGE_CURVE('',#819,#814,#358,.T.);
#995=EDGE_CURVE('',#820,#821,#359,.T.);
#996=EDGE_CURVE('',#821,#822,#360,.T.);
#997=EDGE_CURVE('',#822,#823,#361,.T.);
#998=EDGE_CURVE('',#823,#824,#362,.T.);
#999=EDGE_CURVE('',#824,#825,#363,.T.);
#1000=EDGE_CURVE('',#825,#820,#364,.T.);
#1001=EDGE_CURVE('',#826,#827,#365,.T.);
#1002=EDGE_CURVE('',#827,#828,#366,.T.);
#1003=EDGE_CURVE('',#828,#829,#367,.T.);
#1004=EDGE_CURVE('',#829,#830,#368,.T.);
#1005=EDGE_CURVE('',#830,#831,#369,.T.);
#1006=EDGE_CURVE('',#831,#826,#370,.T.);
#1007=EDGE_CURVE('',#832,#833,#371,.T.);
#1008=EDGE_CURVE('',#833,#834,#372,.T.);
#1009=EDGE_CURVE('',#834,#835,#373,.T.);
#1010=EDGE_CURVE('',#835,#836,#374,.T.);
#1011=EDGE_CURVE('',#836,#837,#375,.T.);
#1012=EDGE_CURVE('',#837,#838,#376,.T.);
#1013=EDGE_CURVE('',#838,#839,#377,.T.);
#1014=EDGE_CURVE('',#839,#840,#378,.T.);
#1015=EDGE_CURVE('',#840,#841,#379,.T.);
#1016=EDGE_CURVE('',#841,#832,#380,.T.);
#1017=EDGE_CURVE('',#780,#842,#381,.T.);
#1018=EDGE_CURVE('',#842,#843,#382,.T.);
#1019=EDGE_CURVE('',#843,#844,#383,.T.);
#1020=EDGE_CURVE('',#844,#845,#384,.T.);
#1021=EDGE_CURVE('',#845,#773,#385,.T.);
#1022=EDGE_CURVE('',#846,#847,#386,.T.);
#1023=EDGE_CURVE('',#847,#848,#387,.T.);
#1024=EDGE_CURVE('',#848,#849,#388,.T.);
#1025=EDGE_CURVE('',#849,#846,#389,.T.);
#1026=EDGE_CURVE('',#850,#850,#26,.T.);
#1027=EDGE_CURVE('',#851,#851,#27,.T.);
#1028=EDGE_CURVE('',#852,#852,#28,.T.);
#1029=EDGE_CURVE('',#853,#853,#29,.T.);
#1030=EDGE_CURVE('',#854,#854,#30,.T.);
#1031=EDGE_CURVE('',#855,#855,#31,.T.);
#1032=EDGE_CURVE('',#856,#856,#32,.T.);
#1033=EDGE_CURVE('',#857,#857,#33,.T.);
#1034=EDGE_CURVE('',#858,#858,#34,.T.);
#1035=EDGE_CURVE('',#859,#859,#35,.T.);
#1036=EDGE_CURVE('',#860,#860,#36,.T.);
#1037=EDGE_CURVE('',#781,#861,#390,.T.);
#1038=EDGE_CURVE('',#861,#842,#391,.T.);
#1039=EDGE_CURVE('',#801,#862,#392,.T.);
#1040=EDGE_CURVE('',#862,#776,#393,.T.);
#1041=EDGE_CURVE('',#863,#863,#37,.T.);
#1042=EDGE_CURVE('',#863,#860,#394,.T.);
#1043=EDGE_CURVE('',#864,#864,#38,.T.);
#1044=EDGE_CURVE('',#864,#859,#395,.T.);
#1045=EDGE_CURVE('',#865,#865,#39,.T.);
#1046=EDGE_CURVE('',#865,#858,#396,.T.);
#1047=EDGE_CURVE('',#866,#866,#40,.T.);
#1048=EDGE_CURVE('',#866,#857,#397,.T.);
#1049=EDGE_CURVE('',#867,#867,#41,.T.);
#1050=EDGE_CURVE('',#867,#856,#398,.T.);
#1051=EDGE_CURVE('',#868,#868,#42,.T.);
#1052=EDGE_CURVE('',#868,#855,#399,.T.);
#1053=EDGE_CURVE('',#869,#869,#43,.T.);
#1054=EDGE_CURVE('',#869,#854,#400,.T.);
#1055=EDGE_CURVE('',#870,#870,#44,.T.);
#1056=EDGE_CURVE('',#870,#853,#401,.T.);
#1057=EDGE_CURVE('',#871,#871,#45,.T.);
#1058=EDGE_CURVE('',#871,#852,#402,.T.);
#1059=EDGE_CURVE('',#872,#872,#46,.T.);
#1060=EDGE_CURVE('',#872,#851,#403,.T.);
#1061=EDGE_CURVE('',#873,#873,#47,.T.);
#1062=EDGE_CURVE('',#873,#850,#404,.T.);
#1063=EDGE_CURVE('',#861,#874,#405,.T.);
#1064=EDGE_CURVE('',#843,#874,#406,.T.);
#1065=EDGE_CURVE('',#846,#875,#407,.T.);
#1066=EDGE_CURVE('',#876,#849,#408,.T.);
#1067=EDGE_CURVE('',#876,#875,#409,.T.);
#1068=EDGE_CURVE('',#877,#798,#410,.T.);
#1069=EDGE_CURVE('',#877,#878,#411,.T.);
#1070=EDGE_CURVE('',#878,#799,#412,.T.);
#1071=EDGE_CURVE('',#879,#800,#413,.T.);
#1072=EDGE_CURVE('',#879,#862,#414,.T.);
#1073=EDGE_CURVE('',#878,#879,#415,.T.);
#1074=EDGE_CURVE('',#880,#797,#416,.T.);
#1075=EDGE_CURVE('',#880,#877,#417,.T.);
#1076=EDGE_CURVE('',#769,#881,#418,.T.);
#1077=EDGE_CURVE('',#788,#881,#419,.T.);
#1078=EDGE_CURVE('',#875,#882,#420,.T.);
#1079=EDGE_CURVE('',#847,#882,#421,.T.);
#1080=EDGE_CURVE('',#883,#874,#422,.T.);
#1081=EDGE_CURVE('',#883,#844,#423,.T.);
#1082=EDGE_CURVE('',#884,#792,#424,.T.);
#1083=EDGE_CURVE('',#884,#885,#425,.T.);
#1084=EDGE_CURVE('',#885,#793,#426,.T.);
#1085=EDGE_CURVE('',#795,#886,#427,.T.);
#1086=EDGE_CURVE('',#887,#794,#428,.T.);
#1087=EDGE_CURVE('',#887,#886,#429,.T.);
#1088=EDGE_CURVE('',#888,#839,#430,.T.);
#1089=EDGE_CURVE('',#888,#889,#431,.T.);
#1090=EDGE_CURVE('',#889,#840,#432,.T.);
#1091=EDGE_CURVE('',#832,#890,#433,.T.);
#1092=EDGE_CURVE('',#891,#841,#434,.T.);
#1093=EDGE_CURVE('',#891,#890,#435,.T.);
#1094=EDGE_CURVE('',#889,#891,#436,.T.);
#1095=EDGE_CURVE('',#885,#887,#437,.T.);
#1096=EDGE_CURVE('',#892,#838,#438,.T.);
#1097=EDGE_CURVE('',#892,#888,#439,.T.);
#1098=EDGE_CURVE('',#890,#893,#440,.T.);
#1099=EDGE_CURVE('',#893,#833,#441,.T.);
#1100=EDGE_CURVE('',#886,#894,#442,.T.);
#1101=EDGE_CURVE('',#796,#894,#443,.T.);
#1102=EDGE_CURVE('',#895,#814,#444,.T.);
#1103=EDGE_CURVE('',#895,#896,#445,.T.);
#1104=EDGE_CURVE('',#815,#896,#446,.T.);
#1105=EDGE_CURVE('',#826,#897,#447,.T.);
#1106=EDGE_CURVE('',#898,#831,#448,.T.);
#1107=EDGE_CURVE('',#898,#897,#449,.T.);
#1108=EDGE_CURVE('',#837,#899,#450,.T.);
#1109=EDGE_CURVE('',#900,#836,#451,.T.);
#1110=EDGE_CURVE('',#900,#899,#452,.T.);
#1111=EDGE_CURVE('',#901,#820,#453,.T.);
#1112=EDGE_CURVE('',#901,#902,#454,.T.);
#1113=EDGE_CURVE('',#821,#902,#455,.T.);
#1114=EDGE_CURVE('',#825,#903,#456,.T.);
#1115=EDGE_CURVE('',#901,#903,#457,.T.);
#1116=EDGE_CURVE('',#904,#786,#458,.T.);
#1117=EDGE_CURVE('',#904,#905,#459,.T.);
#1118=EDGE_CURVE('',#905,#787,#460,.T.);
#1119=EDGE_CURVE('',#819,#906,#461,.T.);
#1120=EDGE_CURVE('',#895,#906,#462,.T.);
#1121=EDGE_CURVE('',#902,#907,#463,.T.);
#1122=EDGE_CURVE('',#907,#822,#464,.T.);
#1123=EDGE_CURVE('',#908,#830,#465,.T.);
#1124=EDGE_CURVE('',#908,#898,#466,.T.);
#1125=EDGE_CURVE('',#909,#910,#467,.T.);
#1126=EDGE_CURVE('',#905,#909,#468,.T.);
#1127=EDGE_CURVE('',#910,#904,#469,.T.);
#1128=EDGE_CURVE('',#911,#772,#470,.T.);
#1129=EDGE_CURVE('',#883,#911,#471,.T.);
#1130=EDGE_CURVE('',#880,#894,#472,.T.);
#1131=EDGE_CURVE('',#912,#884,#473,.T.);
#1132=EDGE_CURVE('',#913,#912,#474,.T.);
#1133=EDGE_CURVE('',#914,#913,#475,.T.);
#1134=EDGE_CURVE('',#881,#914,#476,.T.);
#1135=EDGE_CURVE('',#915,#876,#477,.T.);
#1136=EDGE_CURVE('',#915,#882,#478,.T.);
#1137=EDGE_CURVE('',#892,#899,#479,.T.);
#1138=EDGE_CURVE('',#916,#900,#480,.T.);
#1139=EDGE_CURVE('',#917,#916,#481,.T.);
#1140=EDGE_CURVE('',#893,#917,#482,.T.);
#1141=EDGE_CURVE('',#918,#903,#483,.T.);
#1142=EDGE_CURVE('',#919,#918,#484,.T.);
#1143=EDGE_CURVE('',#907,#919,#485,.T.);
#1144=EDGE_CURVE('',#920,#906,#486,.T.);
#1145=EDGE_CURVE('',#921,#920,#487,.T.);
#1146=EDGE_CURVE('',#921,#922,#488,.T.);
#1147=EDGE_CURVE('',#896,#922,#489,.T.);
#1148=EDGE_CURVE('',#908,#923,#490,.T.);
#1149=EDGE_CURVE('',#924,#923,#491,.T.);
#1150=EDGE_CURVE('',#925,#924,#492,.T.);
#1151=EDGE_CURVE('',#925,#897,#493,.T.);
#1152=EDGE_CURVE('',#926,#927,#494,.T.);
#1153=EDGE_CURVE('',#928,#926,#495,.T.);
#1154=EDGE_CURVE('',#929,#928,#496,.T.);
#1155=EDGE_CURVE('',#930,#929,#497,.T.);
#1156=EDGE_CURVE('',#931,#930,#498,.T.);
#1157=EDGE_CURVE('',#931,#927,#499,.T.);
#1158=EDGE_CURVE('',#932,#933,#500,.T.);
#1159=EDGE_CURVE('',#934,#933,#501,.T.);
#1160=EDGE_CURVE('',#935,#934,#502,.T.);
#1161=EDGE_CURVE('',#935,#936,#503,.T.);
#1162=EDGE_CURVE('',#937,#936,#504,.T.);
#1163=EDGE_CURVE('',#932,#937,#505,.T.);
#1164=EDGE_CURVE('',#835,#916,#506,.T.);
#1165=EDGE_CURVE('',#802,#927,#507,.T.);
#1166=EDGE_CURVE('',#926,#807,#508,.T.);
#1167=EDGE_CURVE('',#911,#845,#509,.T.);
#1168=EDGE_CURVE('',#932,#808,#510,.T.);
#1169=EDGE_CURVE('',#809,#937,#511,.T.);
#1170=EDGE_CURVE('',#813,#933,#512,.T.);
#1171=EDGE_CURVE('',#915,#848,#513,.T.);
#1172=EDGE_CURVE('',#810,#936,#514,.T.);
#1173=EDGE_CURVE('',#806,#928,#515,.T.);
#1174=EDGE_CURVE('',#920,#818,#516,.T.);
#1175=EDGE_CURVE('',#921,#817,#517,.T.);
#1176=EDGE_CURVE('',#816,#922,#518,.T.);
#1177=EDGE_CURVE('',#910,#785,#519,.T.);
#1178=EDGE_CURVE('',#829,#923,#520,.T.);
#1179=EDGE_CURVE('',#924,#828,#521,.T.);
#1180=EDGE_CURVE('',#925,#827,#522,.T.);
#1181=EDGE_CURVE('',#909,#784,#523,.T.);
#1182=EDGE_CURVE('',#935,#811,#524,.T.);
#1183=EDGE_CURVE('',#934,#812,#525,.T.);
#1184=EDGE_CURVE('',#931,#803,#526,.T.);
#1185=EDGE_CURVE('',#917,#834,#527,.T.);
#1186=EDGE_CURVE('',#919,#823,#528,.T.);
#1187=EDGE_CURVE('',#930,#804,#529,.T.);
#1188=EDGE_CURVE('',#929,#805,#530,.T.);
#1189=EDGE_CURVE('',#791,#912,#531,.T.);
#1190=EDGE_CURVE('',#913,#790,#532,.T.);
#1191=EDGE_CURVE('',#914,#789,#533,.T.);
#1192=EDGE_CURVE('',#824,#918,#534,.T.);
#1193=ORIENTED_EDGE('',*,*,#938,.F.);
#1194=ORIENTED_EDGE('',*,*,#939,.F.);
#1195=ORIENTED_EDGE('',*,*,#940,.F.);
#1196=ORIENTED_EDGE('',*,*,#941,.T.);
#1197=ORIENTED_EDGE('',*,*,#942,.F.);
#1198=ORIENTED_EDGE('',*,*,#943,.T.);
#1199=ORIENTED_EDGE('',*,*,#944,.T.);
#1200=ORIENTED_EDGE('',*,*,#945,.F.);
#1201=ORIENTED_EDGE('',*,*,#946,.F.);
#1202=ORIENTED_EDGE('',*,*,#947,.T.);
#1203=ORIENTED_EDGE('',*,*,#948,.T.);
#1204=ORIENTED_EDGE('',*,*,#949,.F.);
#1205=ORIENTED_EDGE('',*,*,#950,.T.);
#1206=ORIENTED_EDGE('',*,*,#940,.T.);
#1207=ORIENTED_EDGE('',*,*,#951,.F.);
#1208=ORIENTED_EDGE('',*,*,#948,.F.);
#1209=ORIENTED_EDGE('',*,*,#952,.F.);
#1210=ORIENTED_EDGE('',*,*,#953,.F.);
#1211=ORIENTED_EDGE('',*,*,#954,.F.);
#1212=ORIENTED_EDGE('',*,*,#955,.T.);
#1213=ORIENTED_EDGE('',*,*,#956,.T.);
#1214=ORIENTED_EDGE('',*,*,#954,.T.);
#1215=ORIENTED_EDGE('',*,*,#957,.F.);
#1216=ORIENTED_EDGE('',*,*,#944,.F.);
#1217=ORIENTED_EDGE('',*,*,#958,.T.);
#1218=ORIENTED_EDGE('',*,*,#959,.T.);
#1219=ORIENTED_EDGE('',*,*,#960,.T.);
#1220=ORIENTED_EDGE('',*,*,#961,.T.);
#1221=ORIENTED_EDGE('',*,*,#962,.T.);
#1222=ORIENTED_EDGE('',*,*,#963,.T.);
#1223=ORIENTED_EDGE('',*,*,#964,.T.);
#1224=ORIENTED_EDGE('',*,*,#965,.T.);
#1225=ORIENTED_EDGE('',*,*,#966,.T.);
#1226=ORIENTED_EDGE('',*,*,#967,.T.);
#1227=ORIENTED_EDGE('',*,*,#968,.T.);
#1228=ORIENTED_EDGE('',*,*,#969,.T.);
#1229=ORIENTED_EDGE('',*,*,#970,.T.);
#1230=ORIENTED_EDGE('',*,*,#971,.T.);
#1231=ORIENTED_EDGE('',*,*,#972,.T.);
#1232=ORIENTED_EDGE('',*,*,#973,.T.);
#1233=ORIENTED_EDGE('',*,*,#974,.T.);
#1234=ORIENTED_EDGE('',*,*,#975,.T.);
#1235=ORIENTED_EDGE('',*,*,#976,.T.);
#1236=ORIENTED_EDGE('',*,*,#949,.T.);
#1237=ORIENTED_EDGE('',*,*,#951,.T.);
#1238=ORIENTED_EDGE('',*,*,#939,.T.);
#1239=ORIENTED_EDGE('',*,*,#977,.T.);
#1240=ORIENTED_EDGE('',*,*,#978,.T.);
#1241=ORIENTED_EDGE('',*,*,#979,.T.);
#1242=ORIENTED_EDGE('',*,*,#980,.T.);
#1243=ORIENTED_EDGE('',*,*,#981,.T.);
#1244=ORIENTED_EDGE('',*,*,#982,.T.);
#1245=ORIENTED_EDGE('',*,*,#983,.T.);
#1246=ORIENTED_EDGE('',*,*,#984,.T.);
#1247=ORIENTED_EDGE('',*,*,#985,.T.);
#1248=ORIENTED_EDGE('',*,*,#986,.T.);
#1249=ORIENTED_EDGE('',*,*,#987,.T.);
#1250=ORIENTED_EDGE('',*,*,#988,.T.);
#1251=ORIENTED_EDGE('',*,*,#989,.T.);
#1252=ORIENTED_EDGE('',*,*,#990,.T.);
#1253=ORIENTED_EDGE('',*,*,#991,.T.);
#1254=ORIENTED_EDGE('',*,*,#992,.T.);
#1255=ORIENTED_EDGE('',*,*,#993,.T.);
#1256=ORIENTED_EDGE('',*,*,#994,.T.);
#1257=ORIENTED_EDGE('',*,*,#995,.T.);
#1258=ORIENTED_EDGE('',*,*,#996,.T.);
#1259=ORIENTED_EDGE('',*,*,#997,.T.);
#1260=ORIENTED_EDGE('',*,*,#998,.T.);
#1261=ORIENTED_EDGE('',*,*,#999,.T.);
#1262=ORIENTED_EDGE('',*,*,#1000,.T.);
#1263=ORIENTED_EDGE('',*,*,#1001,.T.);
#1264=ORIENTED_EDGE('',*,*,#1002,.T.);
#1265=ORIENTED_EDGE('',*,*,#1003,.T.);
#1266=ORIENTED_EDGE('',*,*,#1004,.T.);
#1267=ORIENTED_EDGE('',*,*,#1005,.T.);
#1268=ORIENTED_EDGE('',*,*,#1006,.T.);
#1269=ORIENTED_EDGE('',*,*,#1007,.T.);
#1270=ORIENTED_EDGE('',*,*,#1008,.T.);
#1271=ORIENTED_EDGE('',*,*,#1009,.T.);
#1272=ORIENTED_EDGE('',*,*,#1010,.T.);
#1273=ORIENTED_EDGE('',*,*,#1011,.T.);
#1274=ORIENTED_EDGE('',*,*,#1012,.T.);
#1275=ORIENTED_EDGE('',*,*,#1013,.T.);
#1276=ORIENTED_EDGE('',*,*,#1014,.T.);
#1277=ORIENTED_EDGE('',*,*,#1015,.T.);
#1278=ORIENTED_EDGE('',*,*,#1016,.T.);
#1279=ORIENTED_EDGE('',*,*,#1017,.T.);
#1280=ORIENTED_EDGE('',*,*,#1018,.T.);
#1281=ORIENTED_EDGE('',*,*,#1019,.T.);
#1282=ORIENTED_EDGE('',*,*,#1020,.T.);
#1283=ORIENTED_EDGE('',*,*,#1021,.T.);
#1284=ORIENTED_EDGE('',*,*,#945,.T.);
#1285=ORIENTED_EDGE('',*,*,#957,.T.);
#1286=ORIENTED_EDGE('',*,*,#953,.T.);
#1287=ORIENTED_EDGE('',*,*,#1022,.T.);
#1288=ORIENTED_EDGE('',*,*,#1023,.T.);
#1289=ORIENTED_EDGE('',*,*,#1024,.T.);
#1290=ORIENTED_EDGE('',*,*,#1025,.T.);
#1291=ORIENTED_EDGE('',*,*,#1026,.T.);
#1292=ORIENTED_EDGE('',*,*,#1027,.T.);
#1293=ORIENTED_EDGE('',*,*,#1028,.T.);
#1294=ORIENTED_EDGE('',*,*,#1029,.T.);
#1295=ORIENTED_EDGE('',*,*,#1030,.T.);
#1296=ORIENTED_EDGE('',*,*,#1031,.T.);
#1297=ORIENTED_EDGE('',*,*,#1032,.T.);
#1298=ORIENTED_EDGE('',*,*,#1033,.T.);
#1299=ORIENTED_EDGE('',*,*,#1034,.T.);
#1300=ORIENTED_EDGE('',*,*,#1035,.T.);
#1301=ORIENTED_EDGE('',*,*,#1036,.T.);
#1302=ORIENTED_EDGE('',*,*,#952,.T.);
#1303=ORIENTED_EDGE('',*,*,#1037,.T.);
#1304=ORIENTED_EDGE('',*,*,#1038,.T.);
#1305=ORIENTED_EDGE('',*,*,#1017,.F.);
#1306=ORIENTED_EDGE('',*,*,#946,.T.);
#1307=ORIENTED_EDGE('',*,*,#976,.F.);
#1308=ORIENTED_EDGE('',*,*,#1039,.T.);
#1309=ORIENTED_EDGE('',*,*,#1040,.T.);
#1310=ORIENTED_EDGE('',*,*,#1041,.F.);
#1311=ORIENTED_EDGE('',*,*,#1042,.T.);
#1312=ORIENTED_EDGE('',*,*,#1036,.F.);
#1313=ORIENTED_EDGE('',*,*,#1042,.F.);
#1314=ORIENTED_EDGE('',*,*,#1043,.F.);
#1315=ORIENTED_EDGE('',*,*,#1044,.T.);
#1316=ORIENTED_EDGE('',*,*,#1035,.F.);
#1317=ORIENTED_EDGE('',*,*,#1044,.F.);
#1318=ORIENTED_EDGE('',*,*,#1045,.F.);
#1319=ORIENTED_EDGE('',*,*,#1046,.T.);
#1320=ORIENTED_EDGE('',*,*,#1034,.F.);
#1321=ORIENTED_EDGE('',*,*,#1046,.F.);
#1322=ORIENTED_EDGE('',*,*,#1047,.F.);
#1323=ORIENTED_EDGE('',*,*,#1048,.T.);
#1324=ORIENTED_EDGE('',*,*,#1033,.F.);
#1325=ORIENTED_EDGE('',*,*,#1048,.F.);
#1326=ORIENTED_EDGE('',*,*,#1049,.F.);
#1327=ORIENTED_EDGE('',*,*,#1050,.T.);
#1328=ORIENTED_EDGE('',*,*,#1032,.F.);
#1329=ORIENTED_EDGE('',*,*,#1050,.F.);
#1330=ORIENTED_EDGE('',*,*,#1051,.F.);
#1331=ORIENTED_EDGE('',*,*,#1052,.T.);
#1332=ORIENTED_EDGE('',*,*,#1031,.F.);
#1333=ORIENTED_EDGE('',*,*,#1052,.F.);
#1334=ORIENTED_EDGE('',*,*,#1053,.F.);
#1335=ORIENTED_EDGE('',*,*,#1054,.T.);
#1336=ORIENTED_EDGE('',*,*,#1030,.F.);
#1337=ORIENTED_EDGE('',*,*,#1054,.F.);
#1338=ORIENTED_EDGE('',*,*,#1055,.F.);
#1339=ORIENTED_EDGE('',*,*,#1056,.T.);
#1340=ORIENTED_EDGE('',*,*,#1029,.F.);
#1341=ORIENTED_EDGE('',*,*,#1056,.F.);
#1342=ORIENTED_EDGE('',*,*,#1057,.F.);
#1343=ORIENTED_EDGE('',*,*,#1058,.T.);
#1344=ORIENTED_EDGE('',*,*,#1028,.F.);
#1345=ORIENTED_EDGE('',*,*,#1058,.F.);
#1346=ORIENTED_EDGE('',*,*,#1059,.F.);
#1347=ORIENTED_EDGE('',*,*,#1060,.T.);
#1348=ORIENTED_EDGE('',*,*,#1027,.F.);
#1349=ORIENTED_EDGE('',*,*,#1060,.F.);
#1350=ORIENTED_EDGE('',*,*,#1061,.F.);
#1351=ORIENTED_EDGE('',*,*,#1062,.T.);
#1352=ORIENTED_EDGE('',*,*,#1026,.F.);
#1353=ORIENTED_EDGE('',*,*,#1062,.F.);
#1354=ORIENTED_EDGE('',*,*,#1038,.F.);
#1355=ORIENTED_EDGE('',*,*,#1063,.T.);
#1356=ORIENTED_EDGE('',*,*,#1064,.F.);
#1357=ORIENTED_EDGE('',*,*,#1018,.F.);
#1358=ORIENTED_EDGE('',*,*,#1065,.F.);
#1359=ORIENTED_EDGE('',*,*,#1025,.F.);
#1360=ORIENTED_EDGE('',*,*,#1066,.F.);
#1361=ORIENTED_EDGE('',*,*,#1067,.T.);
#1362=ORIENTED_EDGE('',*,*,#1068,.F.);
#1363=ORIENTED_EDGE('',*,*,#1069,.T.);
#1364=ORIENTED_EDGE('',*,*,#1070,.T.);
#1365=ORIENTED_EDGE('',*,*,#973,.F.);
#1366=ORIENTED_EDGE('',*,*,#1039,.F.);
#1367=ORIENTED_EDGE('',*,*,#975,.F.);
#1368=ORIENTED_EDGE('',*,*,#1071,.F.);
#1369=ORIENTED_EDGE('',*,*,#1072,.T.);
#1370=ORIENTED_EDGE('',*,*,#1073,.T.);
#1371=ORIENTED_EDGE('',*,*,#1071,.T.);
#1372=ORIENTED_EDGE('',*,*,#974,.F.);
#1373=ORIENTED_EDGE('',*,*,#1070,.F.);
#1374=ORIENTED_EDGE('',*,*,#1068,.T.);
#1375=ORIENTED_EDGE('',*,*,#972,.F.);
#1376=ORIENTED_EDGE('',*,*,#1074,.F.);
#1377=ORIENTED_EDGE('',*,*,#1075,.T.);
#1378=ORIENTED_EDGE('',*,*,#938,.T.);
#1379=ORIENTED_EDGE('',*,*,#1076,.T.);
#1380=ORIENTED_EDGE('',*,*,#1077,.F.);
#1381=ORIENTED_EDGE('',*,*,#962,.F.);
#1382=ORIENTED_EDGE('',*,*,#1065,.T.);
#1383=ORIENTED_EDGE('',*,*,#1078,.T.);
#1384=ORIENTED_EDGE('',*,*,#1079,.F.);
#1385=ORIENTED_EDGE('',*,*,#1022,.F.);
#1386=ORIENTED_EDGE('',*,*,#1064,.T.);
#1387=ORIENTED_EDGE('',*,*,#1080,.F.);
#1388=ORIENTED_EDGE('',*,*,#1081,.T.);
#1389=ORIENTED_EDGE('',*,*,#1019,.F.);
#1390=ORIENTED_EDGE('',*,*,#1082,.F.);
#1391=ORIENTED_EDGE('',*,*,#1083,.T.);
#1392=ORIENTED_EDGE('',*,*,#1084,.T.);
#1393=ORIENTED_EDGE('',*,*,#967,.F.);
#1394=ORIENTED_EDGE('',*,*,#1085,.F.);
#1395=ORIENTED_EDGE('',*,*,#969,.F.);
#1396=ORIENTED_EDGE('',*,*,#1086,.F.);
#1397=ORIENTED_EDGE('',*,*,#1087,.T.);
#1398=ORIENTED_EDGE('',*,*,#1088,.F.);
#1399=ORIENTED_EDGE('',*,*,#1089,.T.);
#1400=ORIENTED_EDGE('',*,*,#1090,.T.);
#1401=ORIENTED_EDGE('',*,*,#1014,.F.);
#1402=ORIENTED_EDGE('',*,*,#1091,.F.);
#1403=ORIENTED_EDGE('',*,*,#1016,.F.);
#1404=ORIENTED_EDGE('',*,*,#1092,.F.);
#1405=ORIENTED_EDGE('',*,*,#1093,.T.);
#1406=ORIENTED_EDGE('',*,*,#1094,.T.);
#1407=ORIENTED_EDGE('',*,*,#1092,.T.);
#1408=ORIENTED_EDGE('',*,*,#1015,.F.);
#1409=ORIENTED_EDGE('',*,*,#1090,.F.);
#1410=ORIENTED_EDGE('',*,*,#1095,.T.);
#1411=ORIENTED_EDGE('',*,*,#1086,.T.);
#1412=ORIENTED_EDGE('',*,*,#968,.F.);
#1413=ORIENTED_EDGE('',*,*,#1084,.F.);
#1414=ORIENTED_EDGE('',*,*,#1088,.T.);
#1415=ORIENTED_EDGE('',*,*,#1013,.F.);
#1416=ORIENTED_EDGE('',*,*,#1096,.F.);
#1417=ORIENTED_EDGE('',*,*,#1097,.T.);
#1418=ORIENTED_EDGE('',*,*,#1091,.T.);
#1419=ORIENTED_EDGE('',*,*,#1098,.T.);
#1420=ORIENTED_EDGE('',*,*,#1099,.T.);
#1421=ORIENTED_EDGE('',*,*,#1007,.F.);
#1422=ORIENTED_EDGE('',*,*,#1085,.T.);
#1423=ORIENTED_EDGE('',*,*,#1100,.T.);
#1424=ORIENTED_EDGE('',*,*,#1101,.F.);
#1425=ORIENTED_EDGE('',*,*,#970,.F.);
#1426=ORIENTED_EDGE('',*,*,#1102,.F.);
#1427=ORIENTED_EDGE('',*,*,#1103,.T.);
#1428=ORIENTED_EDGE('',*,*,#1104,.F.);
#1429=ORIENTED_EDGE('',*,*,#989,.F.);
#1430=ORIENTED_EDGE('',*,*,#1105,.F.);
#1431=ORIENTED_EDGE('',*,*,#1006,.F.);
#1432=ORIENTED_EDGE('',*,*,#1106,.F.);
#1433=ORIENTED_EDGE('',*,*,#1107,.T.);
#1434=ORIENTED_EDGE('',*,*,#1108,.F.);
#1435=ORIENTED_EDGE('',*,*,#1011,.F.);
#1436=ORIENTED_EDGE('',*,*,#1109,.F.);
#1437=ORIENTED_EDGE('',*,*,#1110,.T.);
#1438=ORIENTED_EDGE('',*,*,#1111,.F.);
#1439=ORIENTED_EDGE('',*,*,#1112,.T.);
#1440=ORIENTED_EDGE('',*,*,#1113,.F.);
#1441=ORIENTED_EDGE('',*,*,#995,.F.);
#1442=ORIENTED_EDGE('',*,*,#1111,.T.);
#1443=ORIENTED_EDGE('',*,*,#1000,.F.);
#1444=ORIENTED_EDGE('',*,*,#1114,.T.);
#1445=ORIENTED_EDGE('',*,*,#1115,.F.);
#1446=ORIENTED_EDGE('',*,*,#960,.F.);
#1447=ORIENTED_EDGE('',*,*,#1116,.F.);
#1448=ORIENTED_EDGE('',*,*,#1117,.T.);
#1449=ORIENTED_EDGE('',*,*,#1118,.T.);
#1450=ORIENTED_EDGE('',*,*,#1102,.T.);
#1451=ORIENTED_EDGE('',*,*,#994,.F.);
#1452=ORIENTED_EDGE('',*,*,#1119,.T.);
#1453=ORIENTED_EDGE('',*,*,#1120,.F.);
#1454=ORIENTED_EDGE('',*,*,#1113,.T.);
#1455=ORIENTED_EDGE('',*,*,#1121,.T.);
#1456=ORIENTED_EDGE('',*,*,#1122,.T.);
#1457=ORIENTED_EDGE('',*,*,#996,.F.);
#1458=ORIENTED_EDGE('',*,*,#1106,.T.);
#1459=ORIENTED_EDGE('',*,*,#1005,.F.);
#1460=ORIENTED_EDGE('',*,*,#1123,.F.);
#1461=ORIENTED_EDGE('',*,*,#1124,.T.);
#1462=ORIENTED_EDGE('',*,*,#1125,.F.);
#1463=ORIENTED_EDGE('',*,*,#1126,.F.);
#1464=ORIENTED_EDGE('',*,*,#1117,.F.);
#1465=ORIENTED_EDGE('',*,*,#1127,.F.);
#1466=ORIENTED_EDGE('',*,*,#1128,.F.);
#1467=ORIENTED_EDGE('',*,*,#1129,.F.);
#1468=ORIENTED_EDGE('',*,*,#1080,.T.);
#1469=ORIENTED_EDGE('',*,*,#1063,.F.);
#1470=ORIENTED_EDGE('',*,*,#1037,.F.);
#1471=ORIENTED_EDGE('',*,*,#955,.F.);
#1472=ORIENTED_EDGE('',*,*,#956,.F.);
#1473=ORIENTED_EDGE('',*,*,#943,.F.);
#1474=ORIENTED_EDGE('',*,*,#1040,.F.);
#1475=ORIENTED_EDGE('',*,*,#1072,.F.);
#1476=ORIENTED_EDGE('',*,*,#1073,.F.);
#1477=ORIENTED_EDGE('',*,*,#1069,.F.);
#1478=ORIENTED_EDGE('',*,*,#1075,.F.);
#1479=ORIENTED_EDGE('',*,*,#1130,.T.);
#1480=ORIENTED_EDGE('',*,*,#1100,.F.);
#1481=ORIENTED_EDGE('',*,*,#1087,.F.);
#1482=ORIENTED_EDGE('',*,*,#1095,.F.);
#1483=ORIENTED_EDGE('',*,*,#1083,.F.);
#1484=ORIENTED_EDGE('',*,*,#1131,.F.);
#1485=ORIENTED_EDGE('',*,*,#1132,.F.);
#1486=ORIENTED_EDGE('',*,*,#1133,.F.);
#1487=ORIENTED_EDGE('',*,*,#1134,.F.);
#1488=ORIENTED_EDGE('',*,*,#1076,.F.);
#1489=ORIENTED_EDGE('',*,*,#941,.F.);
#1490=ORIENTED_EDGE('',*,*,#950,.F.);
#1491=ORIENTED_EDGE('',*,*,#947,.F.);
#1492=ORIENTED_EDGE('',*,*,#1041,.T.);
#1493=ORIENTED_EDGE('',*,*,#1043,.T.);
#1494=ORIENTED_EDGE('',*,*,#1045,.T.);
#1495=ORIENTED_EDGE('',*,*,#1047,.T.);
#1496=ORIENTED_EDGE('',*,*,#1049,.T.);
#1497=ORIENTED_EDGE('',*,*,#1051,.T.);
#1498=ORIENTED_EDGE('',*,*,#1053,.T.);
#1499=ORIENTED_EDGE('',*,*,#1055,.T.);
#1500=ORIENTED_EDGE('',*,*,#1057,.T.);
#1501=ORIENTED_EDGE('',*,*,#1059,.T.);
#1502=ORIENTED_EDGE('',*,*,#1061,.T.);
#1503=ORIENTED_EDGE('',*,*,#1067,.F.);
#1504=ORIENTED_EDGE('',*,*,#1135,.F.);
#1505=ORIENTED_EDGE('',*,*,#1136,.T.);
#1506=ORIENTED_EDGE('',*,*,#1078,.F.);
#1507=ORIENTED_EDGE('',*,*,#1097,.F.);
#1508=ORIENTED_EDGE('',*,*,#1137,.T.);
#1509=ORIENTED_EDGE('',*,*,#1110,.F.);
#1510=ORIENTED_EDGE('',*,*,#1138,.F.);
#1511=ORIENTED_EDGE('',*,*,#1139,.F.);
#1512=ORIENTED_EDGE('',*,*,#1140,.F.);
#1513=ORIENTED_EDGE('',*,*,#1098,.F.);
#1514=ORIENTED_EDGE('',*,*,#1093,.F.);
#1515=ORIENTED_EDGE('',*,*,#1094,.F.);
#1516=ORIENTED_EDGE('',*,*,#1089,.F.);
#1517=ORIENTED_EDGE('',*,*,#1115,.T.);
#1518=ORIENTED_EDGE('',*,*,#1141,.F.);
#1519=ORIENTED_EDGE('',*,*,#1142,.F.);
#1520=ORIENTED_EDGE('',*,*,#1143,.F.);
#1521=ORIENTED_EDGE('',*,*,#1121,.F.);
#1522=ORIENTED_EDGE('',*,*,#1112,.F.);
#1523=ORIENTED_EDGE('',*,*,#1120,.T.);
#1524=ORIENTED_EDGE('',*,*,#1144,.F.);
#1525=ORIENTED_EDGE('',*,*,#1145,.F.);
#1526=ORIENTED_EDGE('',*,*,#1146,.T.);
#1527=ORIENTED_EDGE('',*,*,#1147,.F.);
#1528=ORIENTED_EDGE('',*,*,#1103,.F.);
#1529=ORIENTED_EDGE('',*,*,#1107,.F.);
#1530=ORIENTED_EDGE('',*,*,#1124,.F.);
#1531=ORIENTED_EDGE('',*,*,#1148,.T.);
#1532=ORIENTED_EDGE('',*,*,#1149,.F.);
#1533=ORIENTED_EDGE('',*,*,#1150,.F.);
#1534=ORIENTED_EDGE('',*,*,#1151,.T.);
#1535=ORIENTED_EDGE('',*,*,#1152,.F.);
#1536=ORIENTED_EDGE('',*,*,#1153,.F.);
#1537=ORIENTED_EDGE('',*,*,#1154,.F.);
#1538=ORIENTED_EDGE('',*,*,#1155,.F.);
#1539=ORIENTED_EDGE('',*,*,#1156,.F.);
#1540=ORIENTED_EDGE('',*,*,#1157,.T.);
#1541=ORIENTED_EDGE('',*,*,#1158,.T.);
#1542=ORIENTED_EDGE('',*,*,#1159,.F.);
#1543=ORIENTED_EDGE('',*,*,#1160,.F.);
#1544=ORIENTED_EDGE('',*,*,#1161,.T.);
#1545=ORIENTED_EDGE('',*,*,#1162,.F.);
#1546=ORIENTED_EDGE('',*,*,#1163,.F.);
#1547=ORIENTED_EDGE('',*,*,#1109,.T.);
#1548=ORIENTED_EDGE('',*,*,#1010,.F.);
#1549=ORIENTED_EDGE('',*,*,#1164,.T.);
#1550=ORIENTED_EDGE('',*,*,#1138,.T.);
#1551=ORIENTED_EDGE('',*,*,#1165,.F.);
#1552=ORIENTED_EDGE('',*,*,#982,.F.);
#1553=ORIENTED_EDGE('',*,*,#1166,.F.);
#1554=ORIENTED_EDGE('',*,*,#1152,.T.);
#1555=ORIENTED_EDGE('',*,*,#942,.T.);
#1556=ORIENTED_EDGE('',*,*,#1021,.F.);
#1557=ORIENTED_EDGE('',*,*,#1167,.F.);
#1558=ORIENTED_EDGE('',*,*,#1128,.T.);
#1559=ORIENTED_EDGE('',*,*,#1168,.F.);
#1560=ORIENTED_EDGE('',*,*,#1163,.T.);
#1561=ORIENTED_EDGE('',*,*,#1169,.F.);
#1562=ORIENTED_EDGE('',*,*,#983,.F.);
#1563=ORIENTED_EDGE('',*,*,#1168,.T.);
#1564=ORIENTED_EDGE('',*,*,#988,.F.);
#1565=ORIENTED_EDGE('',*,*,#1170,.T.);
#1566=ORIENTED_EDGE('',*,*,#1158,.F.);
#1567=ORIENTED_EDGE('',*,*,#1074,.T.);
#1568=ORIENTED_EDGE('',*,*,#971,.F.);
#1569=ORIENTED_EDGE('',*,*,#1101,.T.);
#1570=ORIENTED_EDGE('',*,*,#1130,.F.);
#1571=ORIENTED_EDGE('',*,*,#1079,.T.);
#1572=ORIENTED_EDGE('',*,*,#1136,.F.);
#1573=ORIENTED_EDGE('',*,*,#1171,.T.);
#1574=ORIENTED_EDGE('',*,*,#1023,.F.);
#1575=ORIENTED_EDGE('',*,*,#1169,.T.);
#1576=ORIENTED_EDGE('',*,*,#1162,.T.);
#1577=ORIENTED_EDGE('',*,*,#1172,.F.);
#1578=ORIENTED_EDGE('',*,*,#984,.F.);
#1579=ORIENTED_EDGE('',*,*,#1166,.T.);
#1580=ORIENTED_EDGE('',*,*,#981,.F.);
#1581=ORIENTED_EDGE('',*,*,#1173,.T.);
#1582=ORIENTED_EDGE('',*,*,#1153,.T.);
#1583=ORIENTED_EDGE('',*,*,#1167,.T.);
#1584=ORIENTED_EDGE('',*,*,#1020,.F.);
#1585=ORIENTED_EDGE('',*,*,#1081,.F.);
#1586=ORIENTED_EDGE('',*,*,#1129,.T.);
#1587=ORIENTED_EDGE('',*,*,#1119,.F.);
#1588=ORIENTED_EDGE('',*,*,#993,.F.);
#1589=ORIENTED_EDGE('',*,*,#1174,.F.);
#1590=ORIENTED_EDGE('',*,*,#1144,.T.);
#1591=ORIENTED_EDGE('',*,*,#1175,.F.);
#1592=ORIENTED_EDGE('',*,*,#1145,.T.);
#1593=ORIENTED_EDGE('',*,*,#1174,.T.);
#1594=ORIENTED_EDGE('',*,*,#992,.F.);
#1595=ORIENTED_EDGE('',*,*,#1175,.T.);
#1596=ORIENTED_EDGE('',*,*,#991,.F.);
#1597=ORIENTED_EDGE('',*,*,#1176,.T.);
#1598=ORIENTED_EDGE('',*,*,#1146,.F.);
#1599=ORIENTED_EDGE('',*,*,#1066,.T.);
#1600=ORIENTED_EDGE('',*,*,#1024,.F.);
#1601=ORIENTED_EDGE('',*,*,#1171,.F.);
#1602=ORIENTED_EDGE('',*,*,#1135,.T.);
#1603=ORIENTED_EDGE('',*,*,#959,.F.);
#1604=ORIENTED_EDGE('',*,*,#1177,.F.);
#1605=ORIENTED_EDGE('',*,*,#1127,.T.);
#1606=ORIENTED_EDGE('',*,*,#1116,.T.);
#1607=ORIENTED_EDGE('',*,*,#1178,.F.);
#1608=ORIENTED_EDGE('',*,*,#1003,.F.);
#1609=ORIENTED_EDGE('',*,*,#1179,.F.);
#1610=ORIENTED_EDGE('',*,*,#1149,.T.);
#1611=ORIENTED_EDGE('',*,*,#1180,.F.);
#1612=ORIENTED_EDGE('',*,*,#1150,.T.);
#1613=ORIENTED_EDGE('',*,*,#1179,.T.);
#1614=ORIENTED_EDGE('',*,*,#1002,.F.);
#1615=ORIENTED_EDGE('',*,*,#1126,.T.);
#1616=ORIENTED_EDGE('',*,*,#1181,.T.);
#1617=ORIENTED_EDGE('',*,*,#961,.F.);
#1618=ORIENTED_EDGE('',*,*,#1118,.F.);
#1619=ORIENTED_EDGE('',*,*,#1105,.T.);
#1620=ORIENTED_EDGE('',*,*,#1151,.F.);
#1621=ORIENTED_EDGE('',*,*,#1180,.T.);
#1622=ORIENTED_EDGE('',*,*,#1001,.F.);
#1623=ORIENTED_EDGE('',*,*,#1182,.F.);
#1624=ORIENTED_EDGE('',*,*,#1160,.T.);
#1625=ORIENTED_EDGE('',*,*,#1183,.T.);
#1626=ORIENTED_EDGE('',*,*,#986,.F.);
#1627=ORIENTED_EDGE('',*,*,#1170,.F.);
#1628=ORIENTED_EDGE('',*,*,#987,.F.);
#1629=ORIENTED_EDGE('',*,*,#1183,.F.);
#1630=ORIENTED_EDGE('',*,*,#1159,.T.);
#1631=ORIENTED_EDGE('',*,*,#1165,.T.);
#1632=ORIENTED_EDGE('',*,*,#1157,.F.);
#1633=ORIENTED_EDGE('',*,*,#1184,.T.);
#1634=ORIENTED_EDGE('',*,*,#977,.F.);
#1635=ORIENTED_EDGE('',*,*,#1164,.F.);
#1636=ORIENTED_EDGE('',*,*,#1009,.F.);
#1637=ORIENTED_EDGE('',*,*,#1185,.F.);
#1638=ORIENTED_EDGE('',*,*,#1139,.T.);
#1639=ORIENTED_EDGE('',*,*,#1122,.F.);
#1640=ORIENTED_EDGE('',*,*,#1143,.T.);
#1641=ORIENTED_EDGE('',*,*,#1186,.T.);
#1642=ORIENTED_EDGE('',*,*,#997,.F.);
#1643=ORIENTED_EDGE('',*,*,#1187,.F.);
#1644=ORIENTED_EDGE('',*,*,#1155,.T.);
#1645=ORIENTED_EDGE('',*,*,#1188,.T.);
#1646=ORIENTED_EDGE('',*,*,#979,.F.);
#1647=ORIENTED_EDGE('',*,*,#1189,.F.);
#1648=ORIENTED_EDGE('',*,*,#965,.F.);
#1649=ORIENTED_EDGE('',*,*,#1190,.F.);
#1650=ORIENTED_EDGE('',*,*,#1132,.T.);
#1651=ORIENTED_EDGE('',*,*,#1191,.F.);
#1652=ORIENTED_EDGE('',*,*,#1133,.T.);
#1653=ORIENTED_EDGE('',*,*,#1190,.T.);
#1654=ORIENTED_EDGE('',*,*,#964,.F.);
#1655=ORIENTED_EDGE('',*,*,#1192,.F.);
#1656=ORIENTED_EDGE('',*,*,#998,.F.);
#1657=ORIENTED_EDGE('',*,*,#1186,.F.);
#1658=ORIENTED_EDGE('',*,*,#1142,.T.);
#1659=ORIENTED_EDGE('',*,*,#1099,.F.);
#1660=ORIENTED_EDGE('',*,*,#1140,.T.);
#1661=ORIENTED_EDGE('',*,*,#1185,.T.);
#1662=ORIENTED_EDGE('',*,*,#1008,.F.);
#1663=ORIENTED_EDGE('',*,*,#1173,.F.);
#1664=ORIENTED_EDGE('',*,*,#980,.F.);
#1665=ORIENTED_EDGE('',*,*,#1188,.F.);
#1666=ORIENTED_EDGE('',*,*,#1154,.T.);
#1667=ORIENTED_EDGE('',*,*,#1192,.T.);
#1668=ORIENTED_EDGE('',*,*,#1141,.T.);
#1669=ORIENTED_EDGE('',*,*,#1114,.F.);
#1670=ORIENTED_EDGE('',*,*,#999,.F.);
#1671=ORIENTED_EDGE('',*,*,#1077,.T.);
#1672=ORIENTED_EDGE('',*,*,#1134,.T.);
#1673=ORIENTED_EDGE('',*,*,#1191,.T.);
#1674=ORIENTED_EDGE('',*,*,#963,.F.);
#1675=ORIENTED_EDGE('',*,*,#1104,.T.);
#1676=ORIENTED_EDGE('',*,*,#1147,.T.);
#1677=ORIENTED_EDGE('',*,*,#1176,.F.);
#1678=ORIENTED_EDGE('',*,*,#990,.F.);
#1679=ORIENTED_EDGE('',*,*,#1178,.T.);
#1680=ORIENTED_EDGE('',*,*,#1148,.F.);
#1681=ORIENTED_EDGE('',*,*,#1123,.T.);
#1682=ORIENTED_EDGE('',*,*,#1004,.F.);
#1683=ORIENTED_EDGE('',*,*,#1082,.T.);
#1684=ORIENTED_EDGE('',*,*,#966,.F.);
#1685=ORIENTED_EDGE('',*,*,#1189,.T.);
#1686=ORIENTED_EDGE('',*,*,#1131,.T.);
#1687=ORIENTED_EDGE('',*,*,#1187,.T.);
#1688=ORIENTED_EDGE('',*,*,#978,.F.);
#1689=ORIENTED_EDGE('',*,*,#1184,.F.);
#1690=ORIENTED_EDGE('',*,*,#1156,.T.);
#1691=ORIENTED_EDGE('',*,*,#1108,.T.);
#1692=ORIENTED_EDGE('',*,*,#1137,.F.);
#1693=ORIENTED_EDGE('',*,*,#1096,.T.);
#1694=ORIENTED_EDGE('',*,*,#1012,.F.);
#1695=ORIENTED_EDGE('',*,*,#1182,.T.);
#1696=ORIENTED_EDGE('',*,*,#985,.F.);
#1697=ORIENTED_EDGE('',*,*,#1172,.T.);
#1698=ORIENTED_EDGE('',*,*,#1161,.F.);
#1699=ORIENTED_EDGE('',*,*,#1125,.T.);
#1700=ORIENTED_EDGE('',*,*,#1177,.T.);
#1701=ORIENTED_EDGE('',*,*,#958,.F.);
#1702=ORIENTED_EDGE('',*,*,#1181,.F.);
#1703=PLANE('',#1889);
#1704=PLANE('',#1890);
#1705=PLANE('',#1891);
#1706=PLANE('',#1892);
#1707=PLANE('',#1893);
#1708=PLANE('',#1894);
#1709=PLANE('',#1895);
#1710=PLANE('',#1907);
#1711=PLANE('',#1908);
#1712=PLANE('',#1931);
#1713=PLANE('',#1932);
#1714=PLANE('',#1933);
#1715=PLANE('',#1934);
#1716=PLANE('',#1935);
#1717=PLANE('',#1936);
#1718=PLANE('',#1937);
#1719=PLANE('',#1938);
#1720=PLANE('',#1939);
#1721=PLANE('',#1940);
#1722=PLANE('',#1941);
#1723=PLANE('',#1942);
#1724=PLANE('',#1943);
#1725=PLANE('',#1944);
#1726=PLANE('',#1945);
#1727=PLANE('',#1946);
#1728=PLANE('',#1947);
#1729=PLANE('',#1948);
#1730=PLANE('',#1949);
#1731=PLANE('',#1950);
#1732=PLANE('',#1951);
#1733=PLANE('',#1952);
#1734=PLANE('',#1953);
#1735=PLANE('',#1954);
#1736=PLANE('',#1955);
#1737=PLANE('',#1956);
#1738=PLANE('',#1957);
#1739=PLANE('',#1958);
#1740=PLANE('',#1959);
#1741=PLANE('',#1960);
#1742=PLANE('',#1961);
#1743=PLANE('',#1962);
#1744=PLANE('',#1963);
#1745=PLANE('',#1964);
#1746=PLANE('',#1965);
#1747=PLANE('',#1966);
#1748=PLANE('',#1967);
#1749=PLANE('',#1968);
#1750=PLANE('',#1969);
#1751=PLANE('',#1970);
#1752=PLANE('',#1971);
#1753=PLANE('',#1972);
#1754=PLANE('',#1973);
#1755=PLANE('',#1974);
#1756=PLANE('',#1975);
#1757=PLANE('',#1976);
#1758=PLANE('',#1977);
#1759=PLANE('',#1978);
#1760=PLANE('',#1979);
#1761=PLANE('',#1980);
#1762=PLANE('',#1981);
#1763=PLANE('',#1982);
#1764=PLANE('',#1983);
#1765=PLANE('',#1984);
#1766=PLANE('',#1985);
#1767=PLANE('',#1986);
#1768=PLANE('',#1987);
#1769=PLANE('',#1988);
#1770=PLANE('',#1989);
#1771=PLANE('',#1990);
#1772=PLANE('',#1991);
#1773=PLANE('',#1992);
#1774=PLANE('',#1993);
#1775=PLANE('',#1994);
#1776=PLANE('',#1995);
#1777=PLANE('',#1996);
#1778=PLANE('',#1997);
#1779=ADVANCED_FACE('',(#88),#1703,.T.);
#1780=ADVANCED_FACE('',(#89),#1704,.T.);
#1781=ADVANCED_FACE('',(#90),#1705,.T.);
#1782=ADVANCED_FACE('',(#91),#1706,.T.);
#1783=ADVANCED_FACE('',(#92),#1707,.T.);
#1784=ADVANCED_FACE('',(#93),#1708,.T.);
#1785=ADVANCED_FACE('',(#94,#48,#49,#50,#51,#52,#53,#54,#55,#56,#57,#58,
#59,#60,#61,#62,#63,#64,#65,#66,#67),#1709,.T.);
#1786=ADVANCED_FACE('',(#95),#1710,.T.);
#1787=ADVANCED_FACE('',(#96),#1711,.T.);
#1788=ADVANCED_FACE('',(#97),#15,.F.);
#1789=ADVANCED_FACE('',(#98),#16,.F.);
#1790=ADVANCED_FACE('',(#99),#17,.F.);
#1791=ADVANCED_FACE('',(#100),#18,.F.);
#1792=ADVANCED_FACE('',(#101),#19,.F.);
#1793=ADVANCED_FACE('',(#102),#20,.F.);
#1794=ADVANCED_FACE('',(#103),#21,.F.);
#1795=ADVANCED_FACE('',(#104),#22,.F.);
#1796=ADVANCED_FACE('',(#105),#23,.F.);
#1797=ADVANCED_FACE('',(#106),#24,.F.);
#1798=ADVANCED_FACE('',(#107),#25,.F.);
#1799=ADVANCED_FACE('',(#108),#1712,.T.);
#1800=ADVANCED_FACE('',(#109),#1713,.T.);
#1801=ADVANCED_FACE('',(#110),#1714,.T.);
#1802=ADVANCED_FACE('',(#111),#1715,.T.);
#1803=ADVANCED_FACE('',(#112),#1716,.T.);
#1804=ADVANCED_FACE('',(#113),#1717,.T.);
#1805=ADVANCED_FACE('',(#114),#1718,.T.);
#1806=ADVANCED_FACE('',(#115),#1719,.T.);
#1807=ADVANCED_FACE('',(#116),#1720,.F.);
#1808=ADVANCED_FACE('',(#117),#1721,.T.);
#1809=ADVANCED_FACE('',(#118),#1722,.T.);
#1810=ADVANCED_FACE('',(#119),#1723,.T.);
#1811=ADVANCED_FACE('',(#120),#1724,.T.);
#1812=ADVANCED_FACE('',(#121),#1725,.T.);
#1813=ADVANCED_FACE('',(#122),#1726,.T.);
#1814=ADVANCED_FACE('',(#123),#1727,.T.);
#1815=ADVANCED_FACE('',(#124),#1728,.T.);
#1816=ADVANCED_FACE('',(#125),#1729,.T.);
#1817=ADVANCED_FACE('',(#126),#1730,.T.);
#1818=ADVANCED_FACE('',(#127),#1731,.T.);
#1819=ADVANCED_FACE('',(#128),#1732,.T.);
#1820=ADVANCED_FACE('',(#129),#1733,.T.);
#1821=ADVANCED_FACE('',(#130),#1734,.F.);
#1822=ADVANCED_FACE('',(#131),#1735,.T.);
#1823=ADVANCED_FACE('',(#132),#1736,.F.);
#1824=ADVANCED_FACE('',(#133),#1737,.T.);
#1825=ADVANCED_FACE('',(#134),#1738,.T.);
#1826=ADVANCED_FACE('',(#135,#68,#69,#70,#71,#72,#73,#74,#75,#76,#77,#78,
#79,#80,#81,#82,#83,#84,#85,#86,#87),#1739,.F.);
#1827=ADVANCED_FACE('',(#136),#1740,.T.);
#1828=ADVANCED_FACE('',(#137),#1741,.T.);
#1829=ADVANCED_FACE('',(#138),#1742,.T.);
#1830=ADVANCED_FACE('',(#139),#1743,.T.);
#1831=ADVANCED_FACE('',(#140),#1744,.F.);
#1832=ADVANCED_FACE('',(#141),#1745,.F.);
#1833=ADVANCED_FACE('',(#142),#1746,.F.);
#1834=ADVANCED_FACE('',(#143),#1747,.T.);
#1835=ADVANCED_FACE('',(#144),#1748,.T.);
#1836=ADVANCED_FACE('',(#145),#1749,.T.);
#1837=ADVANCED_FACE('',(#146),#1750,.T.);
#1838=ADVANCED_FACE('',(#147),#1751,.T.);
#1839=ADVANCED_FACE('',(#148),#1752,.F.);
#1840=ADVANCED_FACE('',(#149),#1753,.T.);
#1841=ADVANCED_FACE('',(#150),#1754,.T.);
#1842=ADVANCED_FACE('',(#151),#1755,.T.);
#1843=ADVANCED_FACE('',(#152),#1756,.T.);
#1844=ADVANCED_FACE('',(#153),#1757,.T.);
#1845=ADVANCED_FACE('',(#154),#1758,.F.);
#1846=ADVANCED_FACE('',(#155),#1759,.T.);
#1847=ADVANCED_FACE('',(#156),#1760,.T.);
#1848=ADVANCED_FACE('',(#157),#1761,.F.);
#1849=ADVANCED_FACE('',(#158),#1762,.T.);
#1850=ADVANCED_FACE('',(#159),#1763,.T.);
#1851=ADVANCED_FACE('',(#160),#1764,.T.);
#1852=ADVANCED_FACE('',(#161),#1765,.T.);
#1853=ADVANCED_FACE('',(#162),#1766,.T.);
#1854=ADVANCED_FACE('',(#163),#1767,.T.);
#1855=ADVANCED_FACE('',(#164),#1768,.T.);
#1856=ADVANCED_FACE('',(#165),#1769,.T.);
#1857=ADVANCED_FACE('',(#166),#1770,.T.);
#1858=ADVANCED_FACE('',(#167),#1771,.T.);
#1859=ADVANCED_FACE('',(#168),#1772,.T.);
#1860=ADVANCED_FACE('',(#169),#1773,.F.);
#1861=ADVANCED_FACE('',(#170),#1774,.T.);
#1862=ADVANCED_FACE('',(#171),#1775,.T.);
#1863=ADVANCED_FACE('',(#172),#1776,.F.);
#1864=ADVANCED_FACE('',(#173),#1777,.F.);
#1865=ADVANCED_FACE('',(#174),#1778,.T.);
#1866=CLOSED_SHELL('',(#1779,#1780,#1781,#1782,#1783,#1784,#1785,#1786,
#1787,#1788,#1789,#1790,#1791,#1792,#1793,#1794,#1795,#1796,#1797,#1798,
#1799,#1800,#1801,#1802,#1803,#1804,#1805,#1806,#1807,#1808,#1809,#1810,
#1811,#1812,#1813,#1814,#1815,#1816,#1817,#1818,#1819,#1820,#1821,#1822,
#1823,#1824,#1825,#1826,#1827,#1828,#1829,#1830,#1831,#1832,#1833,#1834,
#1835,#1836,#1837,#1838,#1839,#1840,#1841,#1842,#1843,#1844,#1845,#1846,
#1847,#1848,#1849,#1850,#1851,#1852,#1853,#1854,#1855,#1856,#1857,#1858,
#1859,#1860,#1861,#1862,#1863,#1864,#1865));
#1867=DERIVED_UNIT_ELEMENT(#1870,1.);
#1868=DERIVED_UNIT_ELEMENT(#2969,-3.);
#1869=DIMENSIONAL_EXPONENTS(0.,1.,0.,0.,0.,0.,0.);
#1870=(
CONVERSION_BASED_UNIT('gram',#1872)
MASS_UNIT()
NAMED_UNIT(#1869)
);
#1871=(
MASS_UNIT()
NAMED_UNIT(*)
SI_UNIT(.KILO.,.GRAM.)
);
#1872=MASS_MEASURE_WITH_UNIT(MASS_MEASURE(0.001),#1871);
#1873=DERIVED_UNIT((#1867,#1868));
#1874=MEASURE_REPRESENTATION_ITEM('density measure',
POSITIVE_RATIO_MEASURE(1.541),#1873);
#1875=PROPERTY_DEFINITION_REPRESENTATION(#1880,#1877);
#1876=PROPERTY_DEFINITION_REPRESENTATION(#1881,#1878);
#1877=REPRESENTATION('material name',(#1879),#2966);
#1878=REPRESENTATION('density',(#1874),#2966);
#1879=DESCRIPTIVE_REPRESENTATION_ITEM('PET \X2\30D730E930B930C130C330AF\X0\',
'PET \X2\30D730E930B930C130C330AF\X0\');
#1880=PROPERTY_DEFINITION('material property','material name',#2976);
#1881=PROPERTY_DEFINITION('material property','density of part',#2976);
#1882=DATE_TIME_ROLE('creation_date');
#1883=APPLIED_DATE_AND_TIME_ASSIGNMENT(#1884,#1882,(#2976));
#1884=DATE_AND_TIME(#1885,#1886);
#1885=CALENDAR_DATE(2026,8,10);
#1886=LOCAL_TIME(0,0,0.,#1887);
#1887=COORDINATED_UNIVERSAL_TIME_OFFSET(0,0,.BEHIND.);
#1888=AXIS2_PLACEMENT_3D('',#2451,#1998,#1999);
#1889=AXIS2_PLACEMENT_3D('',#2452,#2000,#2001);
#1890=AXIS2_PLACEMENT_3D('',#2461,#2006,#2007);
#1891=AXIS2_PLACEMENT_3D('',#2470,#2012,#2013);
#1892=AXIS2_PLACEMENT_3D('',#2479,#2018,#2019);
#1893=AXIS2_PLACEMENT_3D('',#2482,#2022,#2023);
#1894=AXIS2_PLACEMENT_3D('',#2491,#2028,#2029);
#1895=AXIS2_PLACEMENT_3D('',#2494,#2032,#2033);
#1896=AXIS2_PLACEMENT_3D('',#2630,#2102,#2103);
#1897=AXIS2_PLACEMENT_3D('',#2632,#2104,#2105);
#1898=AXIS2_PLACEMENT_3D('',#2634,#2106,#2107);
#1899=AXIS2_PLACEMENT_3D('',#2636,#2108,#2109);
#1900=AXIS2_PLACEMENT_3D('',#2638,#2110,#2111);
#1901=AXIS2_PLACEMENT_3D('',#2640,#2112,#2113);
#1902=AXIS2_PLACEMENT_3D('',#2642,#2114,#2115);
#1903=AXIS2_PLACEMENT_3D('',#2644,#2116,#2117);
#1904=AXIS2_PLACEMENT_3D('',#2646,#2118,#2119);
#1905=AXIS2_PLACEMENT_3D('',#2648,#2120,#2121);
#1906=AXIS2_PLACEMENT_3D('',#2650,#2122,#2123);
#1907=AXIS2_PLACEMENT_3D('',#2651,#2124,#2125);
#1908=AXIS2_PLACEMENT_3D('',#2655,#2128,#2129);
#1909=AXIS2_PLACEMENT_3D('',#2659,#2132,#2133);
#1910=AXIS2_PLACEMENT_3D('',#2661,#2134,#2135);
#1911=AXIS2_PLACEMENT_3D('',#2663,#2137,#2138);
#1912=AXIS2_PLACEMENT_3D('',#2665,#2139,#2140);
#1913=AXIS2_PLACEMENT_3D('',#2667,#2142,#2143);
#1914=AXIS2_PLACEMENT_3D('',#2669,#2144,#2145);
#1915=AXIS2_PLACEMENT_3D('',#2671,#2147,#2148);
#1916=AXIS2_PLACEMENT_3D('',#2673,#2149,#2150);
#1917=AXIS2_PLACEMENT_3D('',#2675,#2152,#2153);
#1918=AXIS2_PLACEMENT_3D('',#2677,#2154,#2155);
#1919=AXIS2_PLACEMENT_3D('',#2679,#2157,#2158);
#1920=AXIS2_PLACEMENT_3D('',#2681,#2159,#2160);
#1921=AXIS2_PLACEMENT_3D('',#2683,#2162,#2163);
#1922=AXIS2_PLACEMENT_3D('',#2685,#2164,#2165);
#1923=AXIS2_PLACEMENT_3D('',#2687,#2167,#2168);
#1924=AXIS2_PLACEMENT_3D('',#2689,#2169,#2170);
#1925=AXIS2_PLACEMENT_3D('',#2691,#2172,#2173);
#1926=AXIS2_PLACEMENT_3D('',#2693,#2174,#2175);
#1927=AXIS2_PLACEMENT_3D('',#2695,#2177,#2178);
#1928=AXIS2_PLACEMENT_3D('',#2697,#2179,#2180);
#1929=AXIS2_PLACEMENT_3D('',#2699,#2182,#2183);
#1930=AXIS2_PLACEMENT_3D('',#2701,#2184,#2185);
#1931=AXIS2_PLACEMENT_3D('',#2703,#2187,#2188);
#1932=AXIS2_PLACEMENT_3D('',#2707,#2191,#2192);
#1933=AXIS2_PLACEMENT_3D('',#2713,#2196,#2197);
#1934=AXIS2_PLACEMENT_3D('',#2719,#2201,#2202);
#1935=AXIS2_PLACEMENT_3D('',#2723,#2205,#2206);
#1936=AXIS2_PLACEMENT_3D('',#2725,#2208,#2209);
#1937=AXIS2_PLACEMENT_3D('',#2729,#2212,#2213);
#1938=AXIS2_PLACEMENT_3D('',#2733,#2216,#2217);
#1939=AXIS2_PLACEMENT_3D('',#2737,#2220,#2221);
#1940=AXIS2_PLACEMENT_3D('',#2741,#2224,#2225);
#1941=AXIS2_PLACEMENT_3D('',#2747,#2229,#2230);
#1942=AXIS2_PLACEMENT_3D('',#2753,#2234,#2235);
#1943=AXIS2_PLACEMENT_3D('',#2759,#2239,#2240);
#1944=AXIS2_PLACEMENT_3D('',#2765,#2244,#2245);
#1945=AXIS2_PLACEMENT_3D('',#2767,#2247,#2248);
#1946=AXIS2_PLACEMENT_3D('',#2769,#2250,#2251);
#1947=AXIS2_PLACEMENT_3D('',#2773,#2254,#2255);
#1948=AXIS2_PLACEMENT_3D('',#2777,#2258,#2259);
#1949=AXIS2_PLACEMENT_3D('',#2781,#2262,#2263);
#1950=AXIS2_PLACEMENT_3D('',#2787,#2267,#2268);
#1951=AXIS2_PLACEMENT_3D('',#2793,#2272,#2273);
#1952=AXIS2_PLACEMENT_3D('',#2799,#2277,#2278);
#1953=AXIS2_PLACEMENT_3D('',#2805,#2282,#2283);
#1954=AXIS2_PLACEMENT_3D('',#2809,#2286,#2287);
#1955=AXIS2_PLACEMENT_3D('',#2815,#2291,#2292);
#1956=AXIS2_PLACEMENT_3D('',#2819,#2295,#2296);
#1957=AXIS2_PLACEMENT_3D('',#2823,#2299,#2300);
#1958=AXIS2_PLACEMENT_3D('',#2827,#2303,#2304);
#1959=AXIS2_PLACEMENT_3D('',#2896,#2344,#2345);
#1960=AXIS2_PLACEMENT_3D('',#2898,#2347,#2348);
#1961=AXIS2_PLACEMENT_3D('',#2901,#2351,#2352);
#1962=AXIS2_PLACEMENT_3D('',#2903,#2354,#2355);
#1963=AXIS2_PLACEMENT_3D('',#2906,#2358,#2359);
#1964=AXIS2_PLACEMENT_3D('',#2908,#2361,#2362);
#1965=AXIS2_PLACEMENT_3D('',#2909,#2363,#2364);
#1966=AXIS2_PLACEMENT_3D('',#2911,#2366,#2367);
#1967=AXIS2_PLACEMENT_3D('',#2913,#2369,#2370);
#1968=AXIS2_PLACEMENT_3D('',#2915,#2372,#2373);
#1969=AXIS2_PLACEMENT_3D('',#2916,#2374,#2375);
#1970=AXIS2_PLACEMENT_3D('',#2918,#2377,#2378);
#1971=AXIS2_PLACEMENT_3D('',#2920,#2380,#2381);
#1972=AXIS2_PLACEMENT_3D('',#2922,#2383,#2384);
#1973=AXIS2_PLACEMENT_3D('',#2923,#2385,#2386);
#1974=AXIS2_PLACEMENT_3D('',#2925,#2388,#2389);
#1975=AXIS2_PLACEMENT_3D('',#2928,#2392,#2393);
#1976=AXIS2_PLACEMENT_3D('',#2930,#2395,#2396);
#1977=AXIS2_PLACEMENT_3D('',#2932,#2398,#2399);
#1978=AXIS2_PLACEMENT_3D('',#2933,#2400,#2401);
#1979=AXIS2_PLACEMENT_3D('',#2936,#2404,#2405);
#1980=AXIS2_PLACEMENT_3D('',#2937,#2406,#2407);
#1981=AXIS2_PLACEMENT_3D('',#2939,#2409,#2410);
#1982=AXIS2_PLACEMENT_3D('',#2941,#2412,#2413);
#1983=AXIS2_PLACEMENT_3D('',#2943,#2415,#2416);
#1984=AXIS2_PLACEMENT_3D('',#2946,#2419,#2420);
#1985=AXIS2_PLACEMENT_3D('',#2949,#2423,#2424);
#1986=AXIS2_PLACEMENT_3D('',#2951,#2426,#2427);
#1987=AXIS2_PLACEMENT_3D('',#2953,#2429,#2430);
#1988=AXIS2_PLACEMENT_3D('',#2954,#2431,#2432);
#1989=AXIS2_PLACEMENT_3D('',#2955,#2433,#2434);
#1990=AXIS2_PLACEMENT_3D('',#2956,#2435,#2436);
#1991=AXIS2_PLACEMENT_3D('',#2957,#2437,#2438);
#1992=AXIS2_PLACEMENT_3D('',#2958,#2439,#2440);
#1993=AXIS2_PLACEMENT_3D('',#2959,#2441,#2442);
#1994=AXIS2_PLACEMENT_3D('',#2960,#2443,#2444);
#1995=AXIS2_PLACEMENT_3D('',#2961,#2445,#2446);
#1996=AXIS2_PLACEMENT_3D('',#2962,#2447,#2448);
#1997=AXIS2_PLACEMENT_3D('',#2963,#2449,#2450);
#1998=DIRECTION('axis',(0.,0.,1.));
#1999=DIRECTION('refdir',(1.,0.,0.));
#2000=DIRECTION('center_axis',(-1.,0.,0.));
#2001=DIRECTION('ref_axis',(0.,-1.,0.));
#2002=DIRECTION('',(0.,0.,-1.));
#2003=DIRECTION('',(0.,-1.,0.));
#2004=DIRECTION('',(0.,0.,1.));
#2005=DIRECTION('',(0.,-1.,0.));
#2006=DIRECTION('center_axis',(-1.,0.,0.));
#2007=DIRECTION('ref_axis',(0.,-1.,0.));
#2008=DIRECTION('',(0.,0.,1.));
#2009=DIRECTION('',(0.,-1.,0.));
#2010=DIRECTION('',(0.,0.,1.));
#2011=DIRECTION('',(0.,-1.,0.));
#2012=DIRECTION('center_axis',(1.,0.,0.));
#2013=DIRECTION('ref_axis',(0.,1.,0.));
#2014=DIRECTION('',(0.,0.,1.));
#2015=DIRECTION('',(0.,1.,0.));
#2016=DIRECTION('',(0.,0.,1.));
#2017=DIRECTION('',(0.,1.,0.));
#2018=DIRECTION('center_axis',(0.,1.,0.));
#2019=DIRECTION('ref_axis',(-1.,0.,0.));
#2020=DIRECTION('',(-1.,0.,0.));
#2021=DIRECTION('',(-1.,0.,0.));
#2022=DIRECTION('center_axis',(1.,0.,0.));
#2023=DIRECTION('ref_axis',(0.,1.,0.));
#2024=DIRECTION('',(0.,0.,-1.));
#2025=DIRECTION('',(0.,1.,0.));
#2026=DIRECTION('',(0.,0.,1.));
#2027=DIRECTION('',(0.,1.,0.));
#2028=DIRECTION('center_axis',(0.,-1.,0.));
#2029=DIRECTION('ref_axis',(1.,0.,0.));
#2030=DIRECTION('',(1.,0.,0.));
#2031=DIRECTION('',(1.,0.,0.));
#2032=DIRECTION('center_axis',(0.,0.,1.));
#2033=DIRECTION('ref_axis',(1.,0.,0.));
#2034=DIRECTION('',(0.,-1.,0.));
#2035=DIRECTION('',(1.,0.,0.));
#2036=DIRECTION('',(0.,1.,0.));
#2037=DIRECTION('',(-1.,0.,0.));
#2038=DIRECTION('',(-1.,0.,0.));
#2039=DIRECTION('',(0.,1.,0.));
#2040=DIRECTION('',(1.,0.,0.));
#2041=DIRECTION('',(0.,1.,0.));
#2042=DIRECTION('',(1.,0.,0.));
#2043=DIRECTION('',(0.,-1.,0.));
#2044=DIRECTION('',(1.,0.,0.));
#2045=DIRECTION('',(0.,1.,0.));
#2046=DIRECTION('',(1.,0.,0.));
#2047=DIRECTION('',(0.,-1.,0.));
#2048=DIRECTION('',(-1.,0.,0.));
#2049=DIRECTION('',(0.,1.,0.));
#2050=DIRECTION('',(-1.,0.,0.));
#2051=DIRECTION('',(0.,-1.,0.));
#2052=DIRECTION('',(-1.,0.,0.));
#2053=DIRECTION('',(0.,1.,0.));
#2054=DIRECTION('',(1.,0.,0.));
#2055=DIRECTION('',(0.,-1.,0.));
#2056=DIRECTION('',(1.,0.,0.));
#2057=DIRECTION('',(0.,-1.,0.));
#2058=DIRECTION('',(-1.,0.,0.));
#2059=DIRECTION('',(1.,0.,0.));
#2060=DIRECTION('',(0.,-1.,0.));
#2061=DIRECTION('',(-1.,0.,0.));
#2062=DIRECTION('',(0.,1.,0.));
#2063=DIRECTION('',(-1.,0.,0.));
#2064=DIRECTION('',(0.,1.,0.));
#2065=DIRECTION('',(-1.,0.,0.));
#2066=DIRECTION('',(0.,1.,0.));
#2067=DIRECTION('',(1.,0.,0.));
#2068=DIRECTION('',(0.,-1.,0.));
#2069=DIRECTION('',(1.,0.,0.));
#2070=DIRECTION('',(0.,-1.,0.));
#2071=DIRECTION('',(1.,0.,0.));
#2072=DIRECTION('',(0.,-1.,0.));
#2073=DIRECTION('',(-1.,0.,0.));
#2074=DIRECTION('',(0.,-1.,0.));
#2075=DIRECTION('',(-1.,0.,0.));
#2076=DIRECTION('',(0.,1.,0.));
#2077=DIRECTION('',(0.,1.,0.));
#2078=DIRECTION('',(1.,0.,0.));
#2079=DIRECTION('',(0.,1.,0.));
#2080=DIRECTION('',(1.,0.,0.));
#2081=DIRECTION('',(0.,-1.,0.));
#2082=DIRECTION('',(-1.,0.,0.));
#2083=DIRECTION('',(-1.,0.,0.));
#2084=DIRECTION('',(0.,1.,0.));
#2085=DIRECTION('',(-1.,0.,0.));
#2086=DIRECTION('',(0.,1.,0.));
#2087=DIRECTION('',(1.,0.,0.));
#2088=DIRECTION('',(0.,-1.,0.));
#2089=DIRECTION('',(-1.,0.,0.));
#2090=DIRECTION('',(0.,1.,0.));
#2091=DIRECTION('',(-1.,0.,0.));
#2092=DIRECTION('',(0.,-1.,0.));
#2093=DIRECTION('',(1.,0.,0.));
#2094=DIRECTION('',(0.,-1.,0.));
#2095=DIRECTION('',(-1.,0.,0.));
#2096=DIRECTION('',(0.,1.,0.));
#2097=DIRECTION('',(1.,0.,0.));
#2098=DIRECTION('',(1.,0.,0.));
#2099=DIRECTION('',(0.,-1.,0.));
#2100=DIRECTION('',(-1.,0.,0.));
#2101=DIRECTION('',(0.,1.,0.));
#2102=DIRECTION('center_axis',(0.,0.,-1.));
#2103=DIRECTION('ref_axis',(-1.,0.,0.));
#2104=DIRECTION('center_axis',(0.,0.,-1.));
#2105=DIRECTION('ref_axis',(-1.,0.,0.));
#2106=DIRECTION('center_axis',(0.,0.,-1.));
#2107=DIRECTION('ref_axis',(-1.,0.,0.));
#2108=DIRECTION('center_axis',(0.,0.,-1.));
#2109=DIRECTION('ref_axis',(-1.,0.,0.));
#2110=DIRECTION('center_axis',(0.,0.,-1.));
#2111=DIRECTION('ref_axis',(-1.,0.,0.));
#2112=DIRECTION('center_axis',(0.,0.,-1.));
#2113=DIRECTION('ref_axis',(-1.,0.,0.));
#2114=DIRECTION('center_axis',(0.,0.,-1.));
#2115=DIRECTION('ref_axis',(-1.,0.,0.));
#2116=DIRECTION('center_axis',(0.,0.,-1.));
#2117=DIRECTION('ref_axis',(-1.,0.,0.));
#2118=DIRECTION('center_axis',(0.,0.,-1.));
#2119=DIRECTION('ref_axis',(-1.,0.,0.));
#2120=DIRECTION('center_axis',(0.,0.,-1.));
#2121=DIRECTION('ref_axis',(-1.,0.,0.));
#2122=DIRECTION('center_axis',(0.,0.,-1.));
#2123=DIRECTION('ref_axis',(-1.,0.,0.));
#2124=DIRECTION('center_axis',(0.,-1.,0.));
#2125=DIRECTION('ref_axis',(1.,0.,0.));
#2126=DIRECTION('',(1.,0.,0.));
#2127=DIRECTION('',(0.,0.,1.));
#2128=DIRECTION('center_axis',(0.,1.,0.));
#2129=DIRECTION('ref_axis',(-1.,0.,0.));
#2130=DIRECTION('',(0.,0.,-1.));
#2131=DIRECTION('',(-1.,0.,0.));
#2132=DIRECTION('center_axis',(0.,0.,1.));
#2133=DIRECTION('ref_axis',(-1.,0.,0.));
#2134=DIRECTION('center_axis',(0.,0.,1.));
#2135=DIRECTION('ref_axis',(-1.,0.,0.));
#2136=DIRECTION('',(0.,0.,1.));
#2137=DIRECTION('center_axis',(0.,0.,1.));
#2138=DIRECTION('ref_axis',(-1.,0.,0.));
#2139=DIRECTION('center_axis',(0.,0.,1.));
#2140=DIRECTION('ref_axis',(-1.,0.,0.));
#2141=DIRECTION('',(0.,0.,1.));
#2142=DIRECTION('center_axis',(0.,0.,1.));
#2143=DIRECTION('ref_axis',(-1.,0.,0.));
#2144=DIRECTION('center_axis',(0.,0.,1.));
#2145=DIRECTION('ref_axis',(-1.,0.,0.));
#2146=DIRECTION('',(0.,0.,1.));
#2147=DIRECTION('center_axis',(0.,0.,1.));
#2148=DIRECTION('ref_axis',(-1.,0.,0.));
#2149=DIRECTION('center_axis',(0.,0.,1.));
#2150=DIRECTION('ref_axis',(-1.,0.,0.));
#2151=DIRECTION('',(0.,0.,1.));
#2152=DIRECTION('center_axis',(0.,0.,1.));
#2153=DIRECTION('ref_axis',(-1.,0.,0.));
#2154=DIRECTION('center_axis',(0.,0.,1.));
#2155=DIRECTION('ref_axis',(-1.,0.,0.));
#2156=DIRECTION('',(0.,0.,1.));
#2157=DIRECTION('center_axis',(0.,0.,1.));
#2158=DIRECTION('ref_axis',(-1.,0.,0.));
#2159=DIRECTION('center_axis',(0.,0.,1.));
#2160=DIRECTION('ref_axis',(-1.,0.,0.));
#2161=DIRECTION('',(0.,0.,1.));
#2162=DIRECTION('center_axis',(0.,0.,1.));
#2163=DIRECTION('ref_axis',(-1.,0.,0.));
#2164=DIRECTION('center_axis',(0.,0.,1.));
#2165=DIRECTION('ref_axis',(-1.,0.,0.));
#2166=DIRECTION('',(0.,0.,1.));
#2167=DIRECTION('center_axis',(0.,0.,1.));
#2168=DIRECTION('ref_axis',(-1.,0.,0.));
#2169=DIRECTION('center_axis',(0.,0.,1.));
#2170=DIRECTION('ref_axis',(-1.,0.,0.));
#2171=DIRECTION('',(0.,0.,1.));
#2172=DIRECTION('center_axis',(0.,0.,1.));
#2173=DIRECTION('ref_axis',(-1.,0.,0.));
#2174=DIRECTION('center_axis',(0.,0.,1.));
#2175=DIRECTION('ref_axis',(-1.,0.,0.));
#2176=DIRECTION('',(0.,0.,1.));
#2177=DIRECTION('center_axis',(0.,0.,1.));
#2178=DIRECTION('ref_axis',(-1.,0.,0.));
#2179=DIRECTION('center_axis',(0.,0.,1.));
#2180=DIRECTION('ref_axis',(-1.,0.,0.));
#2181=DIRECTION('',(0.,0.,1.));
#2182=DIRECTION('center_axis',(0.,0.,1.));
#2183=DIRECTION('ref_axis',(-1.,0.,0.));
#2184=DIRECTION('center_axis',(0.,0.,1.));
#2185=DIRECTION('ref_axis',(-1.,0.,0.));
#2186=DIRECTION('',(0.,0.,1.));
#2187=DIRECTION('center_axis',(-1.,0.,0.));
#2188=DIRECTION('ref_axis',(0.,-1.,0.));
#2189=DIRECTION('',(0.,-1.,0.));
#2190=DIRECTION('',(0.,0.,-1.));
#2191=DIRECTION('center_axis',(1.,0.,0.));
#2192=DIRECTION('ref_axis',(0.,1.,0.));
#2193=DIRECTION('',(0.,0.,-1.));
#2194=DIRECTION('',(0.,0.,1.));
#2195=DIRECTION('',(0.,1.,0.));
#2196=DIRECTION('center_axis',(1.,0.,0.));
#2197=DIRECTION('ref_axis',(0.,1.,0.));
#2198=DIRECTION('',(0.,0.,1.));
#2199=DIRECTION('',(0.,1.,0.));
#2200=DIRECTION('',(0.,0.,1.));
#2201=DIRECTION('center_axis',(-1.,0.,0.));
#2202=DIRECTION('ref_axis',(0.,-1.,0.));
#2203=DIRECTION('',(0.,0.,1.));
#2204=DIRECTION('',(0.,-1.,0.));
#2205=DIRECTION('center_axis',(0.,1.,0.));
#2206=DIRECTION('ref_axis',(-1.,0.,0.));
#2207=DIRECTION('',(-1.,0.,0.));
#2208=DIRECTION('center_axis',(0.,1.,0.));
#2209=DIRECTION('ref_axis',(-1.,0.,0.));
#2210=DIRECTION('',(0.,0.,1.));
#2211=DIRECTION('',(-1.,0.,0.));
#2212=DIRECTION('center_axis',(0.,1.,0.));
#2213=DIRECTION('ref_axis',(-1.,0.,0.));
#2214=DIRECTION('',(-1.,0.,0.));
#2215=DIRECTION('',(0.,0.,-1.));
#2216=DIRECTION('center_axis',(0.,-1.,0.));
#2217=DIRECTION('ref_axis',(1.,0.,0.));
#2218=DIRECTION('',(1.,0.,0.));
#2219=DIRECTION('',(0.,0.,-1.));
#2220=DIRECTION('center_axis',(0.,-1.,0.));
#2221=DIRECTION('ref_axis',(1.,0.,0.));
#2222=DIRECTION('',(1.,0.,0.));
#2223=DIRECTION('',(0.,0.,1.));
#2224=DIRECTION('center_axis',(-1.,0.,0.));
#2225=DIRECTION('ref_axis',(0.,-1.,0.));
#2226=DIRECTION('',(0.,0.,1.));
#2227=DIRECTION('',(0.,-1.,0.));
#2228=DIRECTION('',(0.,0.,1.));
#2229=DIRECTION('center_axis',(1.,0.,0.));
#2230=DIRECTION('ref_axis',(0.,1.,0.));
#2231=DIRECTION('',(0.,0.,-1.));
#2232=DIRECTION('',(0.,0.,1.));
#2233=DIRECTION('',(0.,1.,0.));
#2234=DIRECTION('center_axis',(1.,0.,0.));
#2235=DIRECTION('ref_axis',(0.,1.,0.));
#2236=DIRECTION('',(0.,0.,1.));
#2237=DIRECTION('',(0.,1.,0.));
#2238=DIRECTION('',(0.,0.,1.));
#2239=DIRECTION('center_axis',(-1.,0.,0.));
#2240=DIRECTION('ref_axis',(0.,-1.,0.));
#2241=DIRECTION('',(0.,0.,-1.));
#2242=DIRECTION('',(0.,0.,1.));
#2243=DIRECTION('',(0.,-1.,0.));
#2244=DIRECTION('center_axis',(0.,1.,0.));
#2245=DIRECTION('ref_axis',(-1.,0.,0.));
#2246=DIRECTION('',(-1.,0.,0.));
#2247=DIRECTION('center_axis',(0.,-1.,0.));
#2248=DIRECTION('ref_axis',(1.,0.,0.));
#2249=DIRECTION('',(1.,0.,0.));
#2250=DIRECTION('center_axis',(0.,1.,0.));
#2251=DIRECTION('ref_axis',(-1.,0.,0.));
#2252=DIRECTION('',(0.,0.,1.));
#2253=DIRECTION('',(-1.,0.,0.));
#2254=DIRECTION('center_axis',(0.,1.,0.));
#2255=DIRECTION('ref_axis',(-1.,0.,0.));
#2256=DIRECTION('',(-1.,0.,0.));
#2257=DIRECTION('',(0.,0.,1.));
#2258=DIRECTION('center_axis',(0.,-1.,0.));
#2259=DIRECTION('ref_axis',(1.,0.,0.));
#2260=DIRECTION('',(1.,0.,0.));
#2261=DIRECTION('',(0.,0.,-1.));
#2262=DIRECTION('center_axis',(0.,1.,0.));
#2263=DIRECTION('ref_axis',(-1.,0.,0.));
#2264=DIRECTION('',(0.,0.,1.));
#2265=DIRECTION('',(-1.,0.,0.));
#2266=DIRECTION('',(0.,0.,-1.));
#2267=DIRECTION('center_axis',(0.,1.,0.));
#2268=DIRECTION('ref_axis',(-1.,0.,0.));
#2269=DIRECTION('',(0.,0.,-1.));
#2270=DIRECTION('',(0.,0.,1.));
#2271=DIRECTION('',(-1.,0.,0.));
#2272=DIRECTION('center_axis',(0.,-1.,0.));
#2273=DIRECTION('ref_axis',(1.,0.,0.));
#2274=DIRECTION('',(0.,0.,-1.));
#2275=DIRECTION('',(0.,0.,1.));
#2276=DIRECTION('',(1.,0.,0.));
#2277=DIRECTION('center_axis',(0.,-1.,0.));
#2278=DIRECTION('ref_axis',(1.,0.,0.));
#2279=DIRECTION('',(0.,0.,1.));
#2280=DIRECTION('',(1.,0.,0.));
#2281=DIRECTION('',(0.,0.,-1.));
#2282=DIRECTION('center_axis',(-1.,0.,0.));
#2283=DIRECTION('ref_axis',(0.,-1.,0.));
#2284=DIRECTION('',(0.,0.,-1.));
#2285=DIRECTION('',(0.,-1.,0.));
#2286=DIRECTION('center_axis',(1.,0.,0.));
#2287=DIRECTION('ref_axis',(0.,1.,0.));
#2288=DIRECTION('',(0.,0.,1.));
#2289=DIRECTION('',(0.,1.,0.));
#2290=DIRECTION('',(0.,0.,1.));
#2291=DIRECTION('center_axis',(1.,0.,0.));
#2292=DIRECTION('ref_axis',(0.,1.,0.));
#2293=DIRECTION('',(0.,0.,-1.));
#2294=DIRECTION('',(0.,1.,0.));
#2295=DIRECTION('center_axis',(-1.,0.,0.));
#2296=DIRECTION('ref_axis',(0.,-1.,0.));
#2297=DIRECTION('',(0.,-1.,0.));
#2298=DIRECTION('',(0.,0.,1.));
#2299=DIRECTION('center_axis',(-1.,0.,0.));
#2300=DIRECTION('ref_axis',(0.,-1.,0.));
#2301=DIRECTION('',(0.,0.,1.));
#2302=DIRECTION('',(0.,-1.,0.));
#2303=DIRECTION('center_axis',(0.,0.,1.));
#2304=DIRECTION('ref_axis',(1.,0.,0.));
#2305=DIRECTION('',(0.,-1.,0.));
#2306=DIRECTION('',(-1.,0.,0.));
#2307=DIRECTION('',(1.,0.,0.));
#2308=DIRECTION('',(1.,0.,0.));
#2309=DIRECTION('',(0.,1.,0.));
#2310=DIRECTION('',(0.,1.,0.));
#2311=DIRECTION('',(1.,0.,0.));
#2312=DIRECTION('',(0.,1.,0.));
#2313=DIRECTION('',(1.,0.,0.));
#2314=DIRECTION('',(0.,1.,0.));
#2315=DIRECTION('',(-1.,0.,0.));
#2316=DIRECTION('',(0.,1.,0.));
#2317=DIRECTION('',(0.,1.,0.));
#2318=DIRECTION('',(0.,1.,0.));
#2319=DIRECTION('',(-1.,0.,0.));
#2320=DIRECTION('',(0.,1.,0.));
#2321=DIRECTION('',(-1.,0.,0.));
#2322=DIRECTION('',(0.,-1.,0.));
#2323=DIRECTION('',(-1.,0.,0.));
#2324=DIRECTION('',(1.,0.,0.));
#2325=DIRECTION('',(0.,-1.,0.));
#2326=DIRECTION('',(-1.,0.,0.));
#2327=DIRECTION('',(0.,1.,0.));
#2328=DIRECTION('',(-1.,0.,0.));
#2329=DIRECTION('',(0.,1.,0.));
#2330=DIRECTION('',(1.,0.,0.));
#2331=DIRECTION('',(0.,-1.,0.));
#2332=DIRECTION('',(-1.,0.,0.));
#2333=DIRECTION('',(0.,-1.,0.));
#2334=DIRECTION('',(1.,0.,0.));
#2335=DIRECTION('',(0.,-1.,0.));
#2336=DIRECTION('',(1.,0.,0.));
#2337=DIRECTION('',(0.,-1.,0.));
#2338=DIRECTION('',(0.,-1.,0.));
#2339=DIRECTION('',(-1.,0.,0.));
#2340=DIRECTION('',(0.,1.,0.));
#2341=DIRECTION('',(1.,0.,0.));
#2342=DIRECTION('',(0.,-1.,0.));
#2343=DIRECTION('',(1.,0.,0.));
#2344=DIRECTION('center_axis',(1.,0.,0.));
#2345=DIRECTION('ref_axis',(0.,1.,0.));
#2346=DIRECTION('',(0.,0.,-1.));
#2347=DIRECTION('center_axis',(0.,1.,0.));
#2348=DIRECTION('ref_axis',(-1.,0.,0.));
#2349=DIRECTION('',(0.,0.,-1.));
#2350=DIRECTION('',(0.,0.,1.));
#2351=DIRECTION('center_axis',(0.,-1.,0.));
#2352=DIRECTION('ref_axis',(1.,0.,0.));
#2353=DIRECTION('',(0.,0.,1.));
#2354=DIRECTION('center_axis',(0.,-1.,0.));
#2355=DIRECTION('ref_axis',(1.,0.,0.));
#2356=DIRECTION('',(0.,0.,1.));
#2357=DIRECTION('',(0.,0.,-1.));
#2358=DIRECTION('center_axis',(-1.,0.,0.));
#2359=DIRECTION('ref_axis',(0.,-1.,0.));
#2360=DIRECTION('',(0.,0.,-1.));
#2361=DIRECTION('center_axis',(1.,0.,0.));
#2362=DIRECTION('ref_axis',(0.,1.,0.));
#2363=DIRECTION('center_axis',(1.,0.,0.));
#2364=DIRECTION('ref_axis',(0.,1.,0.));
#2365=DIRECTION('',(0.,0.,1.));
#2366=DIRECTION('center_axis',(-1.,0.,0.));
#2367=DIRECTION('ref_axis',(0.,-1.,0.));
#2368=DIRECTION('',(0.,0.,-1.));
#2369=DIRECTION('center_axis',(-1.,0.,0.));
#2370=DIRECTION('ref_axis',(0.,-1.,0.));
#2371=DIRECTION('',(0.,0.,-1.));
#2372=DIRECTION('center_axis',(1.,0.,0.));
#2373=DIRECTION('ref_axis',(0.,1.,0.));
#2374=DIRECTION('center_axis',(0.,-1.,0.));
#2375=DIRECTION('ref_axis',(1.,0.,0.));
#2376=DIRECTION('',(0.,0.,1.));
#2377=DIRECTION('center_axis',(-1.,0.,0.));
#2378=DIRECTION('ref_axis',(0.,-1.,0.));
#2379=DIRECTION('',(0.,0.,1.));
#2380=DIRECTION('center_axis',(0.,1.,0.));
#2381=DIRECTION('ref_axis',(-1.,0.,0.));
#2382=DIRECTION('',(0.,0.,-1.));
#2383=DIRECTION('center_axis',(0.,1.,0.));
#2384=DIRECTION('ref_axis',(-1.,0.,0.));
#2385=DIRECTION('center_axis',(0.,-1.,0.));
#2386=DIRECTION('ref_axis',(1.,0.,0.));
#2387=DIRECTION('',(0.,0.,1.));
#2388=DIRECTION('center_axis',(1.,0.,0.));
#2389=DIRECTION('ref_axis',(0.,1.,0.));
#2390=DIRECTION('',(0.,0.,-1.));
#2391=DIRECTION('',(0.,0.,1.));
#2392=DIRECTION('center_axis',(0.,-1.,0.));
#2393=DIRECTION('ref_axis',(1.,0.,0.));
#2394=DIRECTION('',(0.,0.,1.));
#2395=DIRECTION('center_axis',(0.,1.,0.));
#2396=DIRECTION('ref_axis',(-1.,0.,0.));
#2397=DIRECTION('',(0.,0.,1.));
#2398=DIRECTION('center_axis',(-1.,0.,0.));
#2399=DIRECTION('ref_axis',(0.,-1.,0.));
#2400=DIRECTION('center_axis',(1.,0.,0.));
#2401=DIRECTION('ref_axis',(0.,1.,0.));
#2402=DIRECTION('',(0.,0.,1.));
#2403=DIRECTION('',(0.,0.,1.));
#2404=DIRECTION('center_axis',(0.,1.,0.));
#2405=DIRECTION('ref_axis',(-1.,0.,0.));
#2406=DIRECTION('center_axis',(-1.,0.,0.));
#2407=DIRECTION('ref_axis',(0.,-1.,0.));
#2408=DIRECTION('',(0.,0.,1.));
#2409=DIRECTION('center_axis',(0.,1.,0.));
#2410=DIRECTION('ref_axis',(-1.,0.,0.));
#2411=DIRECTION('',(0.,0.,1.));
#2412=DIRECTION('center_axis',(0.,1.,0.));
#2413=DIRECTION('ref_axis',(-1.,0.,0.));
#2414=DIRECTION('',(0.,0.,1.));
#2415=DIRECTION('center_axis',(-1.,0.,0.));
#2416=DIRECTION('ref_axis',(0.,-1.,0.));
#2417=DIRECTION('',(0.,0.,1.));
#2418=DIRECTION('',(0.,0.,1.));
#2419=DIRECTION('center_axis',(1.,0.,0.));
#2420=DIRECTION('ref_axis',(0.,1.,0.));
#2421=DIRECTION('',(0.,0.,-1.));
#2422=DIRECTION('',(0.,0.,1.));
#2423=DIRECTION('center_axis',(0.,-1.,0.));
#2424=DIRECTION('ref_axis',(1.,0.,0.));
#2425=DIRECTION('',(0.,0.,1.));
#2426=DIRECTION('center_axis',(-1.,0.,0.));
#2427=DIRECTION('ref_axis',(0.,-1.,0.));
#2428=DIRECTION('',(0.,0.,-1.));
#2429=DIRECTION('center_axis',(1.,0.,0.));
#2430=DIRECTION('ref_axis',(0.,1.,0.));
#2431=DIRECTION('center_axis',(0.,-1.,0.));
#2432=DIRECTION('ref_axis',(1.,0.,0.));
#2433=DIRECTION('center_axis',(0.,1.,0.));
#2434=DIRECTION('ref_axis',(-1.,0.,0.));
#2435=DIRECTION('center_axis',(1.,0.,0.));
#2436=DIRECTION('ref_axis',(0.,1.,0.));
#2437=DIRECTION('center_axis',(1.,0.,0.));
#2438=DIRECTION('ref_axis',(0.,1.,0.));
#2439=DIRECTION('center_axis',(0.,1.,0.));
#2440=DIRECTION('ref_axis',(-1.,0.,0.));
#2441=DIRECTION('center_axis',(0.,-1.,0.));
#2442=DIRECTION('ref_axis',(1.,0.,0.));
#2443=DIRECTION('center_axis',(0.,-1.,0.));
#2444=DIRECTION('ref_axis',(1.,0.,0.));
#2445=DIRECTION('center_axis',(1.,0.,0.));
#2446=DIRECTION('ref_axis',(0.,1.,0.));
#2447=DIRECTION('center_axis',(0.,-1.,0.));
#2448=DIRECTION('ref_axis',(1.,0.,0.));
#2449=DIRECTION('center_axis',(-1.,0.,0.));
#2450=DIRECTION('ref_axis',(0.,-1.,0.));
#2451=CARTESIAN_POINT('',(0.,0.,0.));
#2452=CARTESIAN_POINT('Origin',(42.5,-57.5,0.));
#2453=CARTESIAN_POINT('',(42.5,-58.,3.));
#2454=CARTESIAN_POINT('',(42.5,-58.,0.));
#2455=CARTESIAN_POINT('',(42.5,-58.,0.));
#2456=CARTESIAN_POINT('',(42.5,-57.5,3.));
#2457=CARTESIAN_POINT('',(42.5,-57.5,3.));
#2458=CARTESIAN_POINT('',(42.5,-57.5,0.));
#2459=CARTESIAN_POINT('',(42.5,-57.5,0.));
#2460=CARTESIAN_POINT('',(42.5,-57.5,0.));
#2461=CARTESIAN_POINT('Origin',(42.5,-57.5,0.));
#2462=CARTESIAN_POINT('',(42.5,-62.,0.));
#2463=CARTESIAN_POINT('',(42.5,-62.,3.));
#2464=CARTESIAN_POINT('',(42.5,-62.,0.));
#2465=CARTESIAN_POINT('',(42.5,-72.5,0.));
#2466=CARTESIAN_POINT('',(42.5,-57.5,0.));
#2467=CARTESIAN_POINT('',(42.5,-72.5,3.));
#2468=CARTESIAN_POINT('',(42.5,-72.5,0.));
#2469=CARTESIAN_POINT('',(42.5,-57.5,3.));
#2470=CARTESIAN_POINT('Origin',(47.5,-72.5,0.));
#2471=CARTESIAN_POINT('',(47.5,-58.,0.));
#2472=CARTESIAN_POINT('',(47.5,-58.,3.));
#2473=CARTESIAN_POINT('',(47.5,-58.,0.));
#2474=CARTESIAN_POINT('',(47.5,-57.5,0.));
#2475=CARTESIAN_POINT('',(47.5,-72.5,0.));
#2476=CARTESIAN_POINT('',(47.5,-57.5,3.));
#2477=CARTESIAN_POINT('',(47.5,-57.5,0.));
#2478=CARTESIAN_POINT('',(47.5,-72.5,3.));
#2479=CARTESIAN_POINT('Origin',(47.5,-57.5,0.));
#2480=CARTESIAN_POINT('',(47.5,-57.5,0.));
#2481=CARTESIAN_POINT('',(47.5,-57.5,3.));
#2482=CARTESIAN_POINT('Origin',(47.5,-72.5,0.));
#2483=CARTESIAN_POINT('',(47.5,-62.,3.));
#2484=CARTESIAN_POINT('',(47.5,-62.,0.));
#2485=CARTESIAN_POINT('',(47.5,-62.,0.));
#2486=CARTESIAN_POINT('',(47.5,-72.5,3.));
#2487=CARTESIAN_POINT('',(47.5,-72.5,3.));
#2488=CARTESIAN_POINT('',(47.5,-72.5,0.));
#2489=CARTESIAN_POINT('',(47.5,-72.5,0.));
#2490=CARTESIAN_POINT('',(47.5,-72.5,0.));
#2491=CARTESIAN_POINT('Origin',(42.5,-72.5,0.));
#2492=CARTESIAN_POINT('',(42.5,-72.5,0.));
#2493=CARTESIAN_POINT('',(42.5,-72.5,3.));
#2494=CARTESIAN_POINT('Origin',(0.,0.,3.));
#2495=CARTESIAN_POINT('',(-90.,90.,3.));
#2496=CARTESIAN_POINT('',(-90.,-90.,3.));
#2497=CARTESIAN_POINT('',(-90.,90.,3.));
#2498=CARTESIAN_POINT('',(90.,-90.,3.));
#2499=CARTESIAN_POINT('',(-90.,-90.,3.));
#2500=CARTESIAN_POINT('',(90.,90.,3.));
#2501=CARTESIAN_POINT('',(90.,-90.,3.));
#2502=CARTESIAN_POINT('',(90.,90.,3.));
#2503=CARTESIAN_POINT('',(3.,-58.,3.));
#2504=CARTESIAN_POINT('',(90.,-58.,3.));
#2505=CARTESIAN_POINT('',(3.,-20.,3.));
#2506=CARTESIAN_POINT('',(3.,-90.,3.));
#2507=CARTESIAN_POINT('',(20.,-20.,3.));
#2508=CARTESIAN_POINT('',(-20.,-20.,3.));
#2509=CARTESIAN_POINT('',(20.,-3.,3.));
#2510=CARTESIAN_POINT('',(20.,-20.,3.));
#2511=CARTESIAN_POINT('',(62.,-3.,3.));
#2512=CARTESIAN_POINT('',(-90.,-3.,3.));
#2513=CARTESIAN_POINT('',(62.,-28.,3.));
#2514=CARTESIAN_POINT('',(62.,14.,3.));
#2515=CARTESIAN_POINT('',(78.,-28.,3.));
#2516=CARTESIAN_POINT('',(62.,-28.,3.));
#2517=CARTESIAN_POINT('',(78.,-3.,3.));
#2518=CARTESIAN_POINT('',(78.,-28.,3.));
#2519=CARTESIAN_POINT('',(84.,-3.,3.));
#2520=CARTESIAN_POINT('',(-90.,-3.,3.));
#2521=CARTESIAN_POINT('',(84.,-58.,3.));
#2522=CARTESIAN_POINT('',(84.,-42.,3.));
#2523=CARTESIAN_POINT('',(81.,-58.,3.));
#2524=CARTESIAN_POINT('',(90.,-58.,3.));
#2525=CARTESIAN_POINT('',(81.,-40.,3.));
#2526=CARTESIAN_POINT('',(81.,-85.,3.));
#2527=CARTESIAN_POINT('',(75.,-40.,3.));
#2528=CARTESIAN_POINT('',(81.,-40.,3.));
#2529=CARTESIAN_POINT('',(75.,-58.,3.));
#2530=CARTESIAN_POINT('',(75.,-40.,3.));
#2531=CARTESIAN_POINT('',(90.,-58.,3.));
#2532=CARTESIAN_POINT('',(-84.,-58.,3.));
#2533=CARTESIAN_POINT('',(-84.,-3.,3.));
#2534=CARTESIAN_POINT('',(-84.,42.,3.));
#2535=CARTESIAN_POINT('',(-20.,-3.,3.));
#2536=CARTESIAN_POINT('',(-90.,-3.,3.));
#2537=CARTESIAN_POINT('',(-20.,-20.,3.));
#2538=CARTESIAN_POINT('',(-20.,20.,3.));
#2539=CARTESIAN_POINT('',(-3.,-20.,3.));
#2540=CARTESIAN_POINT('',(-20.,-20.,3.));
#2541=CARTESIAN_POINT('',(-3.,-58.,3.));
#2542=CARTESIAN_POINT('',(-3.,90.,3.));
#2543=CARTESIAN_POINT('',(90.,-58.,3.));
#2544=CARTESIAN_POINT('',(-84.,-62.,3.));
#2545=CARTESIAN_POINT('',(-3.,-62.,3.));
#2546=CARTESIAN_POINT('',(-90.,-62.,3.));
#2547=CARTESIAN_POINT('',(-3.,-84.,3.));
#2548=CARTESIAN_POINT('',(-3.,90.,3.));
#2549=CARTESIAN_POINT('',(-78.,-84.,3.));
#2550=CARTESIAN_POINT('',(-42.,-84.,3.));
#2551=CARTESIAN_POINT('',(-78.,-78.,3.));
#2552=CARTESIAN_POINT('',(-78.,-90.,3.));
#2553=CARTESIAN_POINT('',(-84.,-78.,3.));
#2554=CARTESIAN_POINT('',(-78.,-78.,3.));
#2555=CARTESIAN_POINT('',(-84.,42.,3.));
#2556=CARTESIAN_POINT('',(84.,62.,3.));
#2557=CARTESIAN_POINT('',(3.,62.,3.));
#2558=CARTESIAN_POINT('',(90.,62.,3.));
#2559=CARTESIAN_POINT('',(3.,84.,3.));
#2560=CARTESIAN_POINT('',(3.,-90.,3.));
#2561=CARTESIAN_POINT('',(78.,84.,3.));
#2562=CARTESIAN_POINT('',(42.,84.,3.));
#2563=CARTESIAN_POINT('',(78.,78.,3.));
#2564=CARTESIAN_POINT('',(78.,90.,3.));
#2565=CARTESIAN_POINT('',(84.,78.,3.));
#2566=CARTESIAN_POINT('',(78.,78.,3.));
#2567=CARTESIAN_POINT('',(84.,-42.,3.));
#2568=CARTESIAN_POINT('',(-84.,58.,3.));
#2569=CARTESIAN_POINT('',(-3.,58.,3.));
#2570=CARTESIAN_POINT('',(-90.,58.,3.));
#2571=CARTESIAN_POINT('',(-3.,20.,3.));
#2572=CARTESIAN_POINT('',(-3.,90.,3.));
#2573=CARTESIAN_POINT('',(-20.,20.,3.));
#2574=CARTESIAN_POINT('',(20.,20.,3.));
#2575=CARTESIAN_POINT('',(-20.,3.,3.));
#2576=CARTESIAN_POINT('',(-20.,20.,3.));
#2577=CARTESIAN_POINT('',(-84.,3.,3.));
#2578=CARTESIAN_POINT('',(90.,3.,3.));
#2579=CARTESIAN_POINT('',(-84.,42.,3.));
#2580=CARTESIAN_POINT('',(-84.,62.,3.));
#2581=CARTESIAN_POINT('',(-84.,78.,3.));
#2582=CARTESIAN_POINT('',(-84.,42.,3.));
#2583=CARTESIAN_POINT('',(-78.,78.,3.));
#2584=CARTESIAN_POINT('',(-90.,78.,3.));
#2585=CARTESIAN_POINT('',(-78.,84.,3.));
#2586=CARTESIAN_POINT('',(-78.,78.,3.));
#2587=CARTESIAN_POINT('',(-3.,84.,3.));
#2588=CARTESIAN_POINT('',(42.,84.,3.));
#2589=CARTESIAN_POINT('',(-3.,62.,3.));
#2590=CARTESIAN_POINT('',(-3.,90.,3.));
#2591=CARTESIAN_POINT('',(90.,62.,3.));
#2592=CARTESIAN_POINT('',(62.,3.,3.));
#2593=CARTESIAN_POINT('',(20.,3.,3.));
#2594=CARTESIAN_POINT('',(90.,3.,3.));
#2595=CARTESIAN_POINT('',(20.,20.,3.));
#2596=CARTESIAN_POINT('',(20.,-20.,3.));
#2597=CARTESIAN_POINT('',(3.,20.,3.));
#2598=CARTESIAN_POINT('',(20.,20.,3.));
#2599=CARTESIAN_POINT('',(3.,58.,3.));
#2600=CARTESIAN_POINT('',(3.,-90.,3.));
#2601=CARTESIAN_POINT('',(84.,58.,3.));
#2602=CARTESIAN_POINT('',(-90.,58.,3.));
#2603=CARTESIAN_POINT('',(84.,3.,3.));
#2604=CARTESIAN_POINT('',(84.,-42.,3.));
#2605=CARTESIAN_POINT('',(78.,3.,3.));
#2606=CARTESIAN_POINT('',(90.,3.,3.));
#2607=CARTESIAN_POINT('',(78.,14.,3.));
#2608=CARTESIAN_POINT('',(78.,-28.,3.));
#2609=CARTESIAN_POINT('',(62.,14.,3.));
#2610=CARTESIAN_POINT('',(78.,14.,3.));
#2611=CARTESIAN_POINT('',(62.,14.,3.));
#2612=CARTESIAN_POINT('',(75.,-62.,3.));
#2613=CARTESIAN_POINT('',(-90.,-62.,3.));
#2614=CARTESIAN_POINT('',(75.,-84.,3.));
#2615=CARTESIAN_POINT('',(75.,-40.,3.));
#2616=CARTESIAN_POINT('',(3.,-84.,3.));
#2617=CARTESIAN_POINT('',(-42.,-84.,3.));
#2618=CARTESIAN_POINT('',(3.,-62.,3.));
#2619=CARTESIAN_POINT('',(3.,-90.,3.));
#2620=CARTESIAN_POINT('',(-90.,-62.,3.));
#2621=CARTESIAN_POINT('',(81.,-62.,3.));
#2622=CARTESIAN_POINT('',(84.,-62.,3.));
#2623=CARTESIAN_POINT('',(-90.,-62.,3.));
#2624=CARTESIAN_POINT('',(84.,-78.,3.));
#2625=CARTESIAN_POINT('',(84.,-42.,3.));
#2626=CARTESIAN_POINT('',(81.,-78.,3.));
#2627=CARTESIAN_POINT('',(90.,-78.,3.));
#2628=CARTESIAN_POINT('',(81.,-85.,3.));
#2629=CARTESIAN_POINT('',(7.,8.57252759403147E-16,3.));
#2630=CARTESIAN_POINT('Origin',(0.,0.,3.));
#2631=CARTESIAN_POINT('',(-81.9,-84.,3.));
#2632=CARTESIAN_POINT('Origin',(-84.,-84.,3.));
#2633=CARTESIAN_POINT('',(-81.9,84.,3.));
#2634=CARTESIAN_POINT('Origin',(-84.,84.,3.));
#2635=CARTESIAN_POINT('',(86.1,-84.,3.));
#2636=CARTESIAN_POINT('Origin',(84.,-84.,3.));
#2637=CARTESIAN_POINT('',(86.1,84.,3.));
#2638=CARTESIAN_POINT('Origin',(84.,84.,3.));
#2639=CARTESIAN_POINT('',(-13.4,-15.,3.));
#2640=CARTESIAN_POINT('Origin',(-15.,-15.,3.));
#2641=CARTESIAN_POINT('',(-13.4,15.,3.));
#2642=CARTESIAN_POINT('Origin',(-15.,15.,3.));
#2643=CARTESIAN_POINT('',(16.6,-15.,3.));
#2644=CARTESIAN_POINT('Origin',(15.,-15.,3.));
#2645=CARTESIAN_POINT('',(16.6,15.,3.));
#2646=CARTESIAN_POINT('Origin',(15.,15.,3.));
#2647=CARTESIAN_POINT('',(71.6,-8.,3.));
#2648=CARTESIAN_POINT('Origin',(70.,-8.,3.));
#2649=CARTESIAN_POINT('',(71.6,8.,3.));
#2650=CARTESIAN_POINT('Origin',(70.,8.,3.));
#2651=CARTESIAN_POINT('Origin',(-90.,-62.,0.));
#2652=CARTESIAN_POINT('',(75.,-62.,0.));
#2653=CARTESIAN_POINT('',(-90.,-62.,0.));
#2654=CARTESIAN_POINT('',(75.,-62.,0.));
#2655=CARTESIAN_POINT('Origin',(90.,-58.,0.));
#2656=CARTESIAN_POINT('',(75.,-58.,0.));
#2657=CARTESIAN_POINT('',(75.,-58.,0.));
#2658=CARTESIAN_POINT('',(90.,-58.,0.));
#2659=CARTESIAN_POINT('Origin',(70.,8.,0.));
#2660=CARTESIAN_POINT('',(71.6,8.,0.));
#2661=CARTESIAN_POINT('Origin',(70.,8.,0.));
#2662=CARTESIAN_POINT('',(71.6,8.,0.));
#2663=CARTESIAN_POINT('Origin',(70.,-8.,0.));
#2664=CARTESIAN_POINT('',(71.6,-8.,0.));
#2665=CARTESIAN_POINT('Origin',(70.,-8.,0.));
#2666=CARTESIAN_POINT('',(71.6,-8.,0.));
#2667=CARTESIAN_POINT('Origin',(15.,15.,0.));
#2668=CARTESIAN_POINT('',(16.6,15.,0.));
#2669=CARTESIAN_POINT('Origin',(15.,15.,0.));
#2670=CARTESIAN_POINT('',(16.6,15.,0.));
#2671=CARTESIAN_POINT('Origin',(15.,-15.,0.));
#2672=CARTESIAN_POINT('',(16.6,-15.,0.));
#2673=CARTESIAN_POINT('Origin',(15.,-15.,0.));
#2674=CARTESIAN_POINT('',(16.6,-15.,0.));
#2675=CARTESIAN_POINT('Origin',(-15.,15.,0.));
#2676=CARTESIAN_POINT('',(-13.4,15.,0.));
#2677=CARTESIAN_POINT('Origin',(-15.,15.,0.));
#2678=CARTESIAN_POINT('',(-13.4,15.,0.));
#2679=CARTESIAN_POINT('Origin',(-15.,-15.,0.));
#2680=CARTESIAN_POINT('',(-13.4,-15.,0.));
#2681=CARTESIAN_POINT('Origin',(-15.,-15.,0.));
#2682=CARTESIAN_POINT('',(-13.4,-15.,0.));
#2683=CARTESIAN_POINT('Origin',(84.,84.,0.));
#2684=CARTESIAN_POINT('',(86.1,84.,0.));
#2685=CARTESIAN_POINT('Origin',(84.,84.,0.));
#2686=CARTESIAN_POINT('',(86.1,84.,0.));
#2687=CARTESIAN_POINT('Origin',(84.,-84.,0.));
#2688=CARTESIAN_POINT('',(86.1,-84.,0.));
#2689=CARTESIAN_POINT('Origin',(84.,-84.,0.));
#2690=CARTESIAN_POINT('',(86.1,-84.,0.));
#2691=CARTESIAN_POINT('Origin',(-84.,84.,0.));
#2692=CARTESIAN_POINT('',(-81.9,84.,0.));
#2693=CARTESIAN_POINT('Origin',(-84.,84.,0.));
#2694=CARTESIAN_POINT('',(-81.9,84.,0.));
#2695=CARTESIAN_POINT('Origin',(-84.,-84.,0.));
#2696=CARTESIAN_POINT('',(-81.9,-84.,0.));
#2697=CARTESIAN_POINT('Origin',(-84.,-84.,0.));
#2698=CARTESIAN_POINT('',(-81.9,-84.,0.));
#2699=CARTESIAN_POINT('Origin',(0.,0.,0.));
#2700=CARTESIAN_POINT('',(7.,8.57252759403147E-16,0.));
#2701=CARTESIAN_POINT('Origin',(0.,0.,0.));
#2702=CARTESIAN_POINT('',(7.,8.57252759403147E-16,0.));
#2703=CARTESIAN_POINT('Origin',(75.,-40.,0.));
#2704=CARTESIAN_POINT('',(75.,-84.,0.));
#2705=CARTESIAN_POINT('',(75.,-40.,0.));
#2706=CARTESIAN_POINT('',(75.,-84.,0.));
#2707=CARTESIAN_POINT('Origin',(81.,-85.,0.));
#2708=CARTESIAN_POINT('',(81.,-62.,0.));
#2709=CARTESIAN_POINT('',(81.,-62.,0.));
#2710=CARTESIAN_POINT('',(81.,-78.,0.));
#2711=CARTESIAN_POINT('',(81.,-78.,0.));
#2712=CARTESIAN_POINT('',(81.,-85.,0.));
#2713=CARTESIAN_POINT('Origin',(81.,-85.,0.));
#2714=CARTESIAN_POINT('',(81.,-58.,0.));
#2715=CARTESIAN_POINT('',(81.,-58.,0.));
#2716=CARTESIAN_POINT('',(81.,-40.,0.));
#2717=CARTESIAN_POINT('',(81.,-85.,0.));
#2718=CARTESIAN_POINT('',(81.,-40.,0.));
#2719=CARTESIAN_POINT('Origin',(75.,-40.,0.));
#2720=CARTESIAN_POINT('',(75.,-40.,0.));
#2721=CARTESIAN_POINT('',(75.,-40.,0.));
#2722=CARTESIAN_POINT('',(75.,-40.,0.));
#2723=CARTESIAN_POINT('Origin',(81.,-40.,0.));
#2724=CARTESIAN_POINT('',(81.,-40.,0.));
#2725=CARTESIAN_POINT('Origin',(90.,-58.,0.));
#2726=CARTESIAN_POINT('',(84.,-58.,0.));
#2727=CARTESIAN_POINT('',(84.,-58.,0.));
#2728=CARTESIAN_POINT('',(90.,-58.,0.));
#2729=CARTESIAN_POINT('Origin',(90.,-58.,0.));
#2730=CARTESIAN_POINT('',(3.,-58.,0.));
#2731=CARTESIAN_POINT('',(90.,-58.,0.));
#2732=CARTESIAN_POINT('',(3.,-58.,0.));
#2733=CARTESIAN_POINT('Origin',(-90.,-62.,0.));
#2734=CARTESIAN_POINT('',(84.,-62.,0.));
#2735=CARTESIAN_POINT('',(-90.,-62.,0.));
#2736=CARTESIAN_POINT('',(84.,-62.,0.));
#2737=CARTESIAN_POINT('Origin',(-84.,-84.,0.));
#2738=CARTESIAN_POINT('',(3.,-84.,0.));
#2739=CARTESIAN_POINT('',(-42.,-84.,0.));
#2740=CARTESIAN_POINT('',(3.00000000000001,-84.,0.));
#2741=CARTESIAN_POINT('Origin',(62.,14.,0.));
#2742=CARTESIAN_POINT('',(62.,-3.,0.));
#2743=CARTESIAN_POINT('',(62.,-3.,0.));
#2744=CARTESIAN_POINT('',(62.,-28.,0.));
#2745=CARTESIAN_POINT('',(62.,14.,0.));
#2746=CARTESIAN_POINT('',(62.,-28.,0.));
#2747=CARTESIAN_POINT('Origin',(78.,-28.,0.));
#2748=CARTESIAN_POINT('',(78.,-3.,0.));
#2749=CARTESIAN_POINT('',(78.,-3.,0.));
#2750=CARTESIAN_POINT('',(78.,-28.,0.));
#2751=CARTESIAN_POINT('',(78.,-28.,0.));
#2752=CARTESIAN_POINT('',(78.,-28.,0.));
#2753=CARTESIAN_POINT('Origin',(78.,-28.,0.));
#2754=CARTESIAN_POINT('',(78.,3.,0.));
#2755=CARTESIAN_POINT('',(78.,3.,0.));
#2756=CARTESIAN_POINT('',(78.,14.,0.));
#2757=CARTESIAN_POINT('',(78.,-28.,0.));
#2758=CARTESIAN_POINT('',(78.,14.,0.));
#2759=CARTESIAN_POINT('Origin',(62.,14.,0.));
#2760=CARTESIAN_POINT('',(62.,3.,0.));
#2761=CARTESIAN_POINT('',(62.,3.,0.));
#2762=CARTESIAN_POINT('',(62.,14.,0.));
#2763=CARTESIAN_POINT('',(62.,14.,0.));
#2764=CARTESIAN_POINT('',(62.,14.,0.));
#2765=CARTESIAN_POINT('Origin',(78.,14.,0.));
#2766=CARTESIAN_POINT('',(78.,14.,0.));
#2767=CARTESIAN_POINT('Origin',(62.,-28.,0.));
#2768=CARTESIAN_POINT('',(62.,-28.,0.));
#2769=CARTESIAN_POINT('Origin',(90.,3.,0.));
#2770=CARTESIAN_POINT('',(84.,3.,0.));
#2771=CARTESIAN_POINT('',(84.,3.00000000000001,0.));
#2772=CARTESIAN_POINT('',(90.,3.,0.));
#2773=CARTESIAN_POINT('Origin',(90.,3.,0.));
#2774=CARTESIAN_POINT('',(20.,3.,0.));
#2775=CARTESIAN_POINT('',(90.,3.,0.));
#2776=CARTESIAN_POINT('',(20.,3.,0.));
#2777=CARTESIAN_POINT('Origin',(-90.,-3.,0.));
#2778=CARTESIAN_POINT('',(84.,-3.,0.));
#2779=CARTESIAN_POINT('',(-90.,-3.,0.));
#2780=CARTESIAN_POINT('',(84.,-3.00000000000001,0.));
#2781=CARTESIAN_POINT('Origin',(90.,62.,0.));
#2782=CARTESIAN_POINT('',(84.,62.,0.));
#2783=CARTESIAN_POINT('',(84.,62.,0.));
#2784=CARTESIAN_POINT('',(3.,62.,0.));
#2785=CARTESIAN_POINT('',(90.,62.,0.));
#2786=CARTESIAN_POINT('',(3.,62.,0.));
#2787=CARTESIAN_POINT('Origin',(90.,62.,0.));
#2788=CARTESIAN_POINT('',(-84.,62.,0.));
#2789=CARTESIAN_POINT('',(-84.,62.,0.));
#2790=CARTESIAN_POINT('',(-3.,62.,0.));
#2791=CARTESIAN_POINT('',(-3.,62.,0.));
#2792=CARTESIAN_POINT('',(90.,62.,0.));
#2793=CARTESIAN_POINT('Origin',(-90.,58.,0.));
#2794=CARTESIAN_POINT('',(84.,58.,0.));
#2795=CARTESIAN_POINT('',(84.,58.,0.));
#2796=CARTESIAN_POINT('',(3.,58.,0.));
#2797=CARTESIAN_POINT('',(3.,58.,0.));
#2798=CARTESIAN_POINT('',(-90.,58.,0.));
#2799=CARTESIAN_POINT('Origin',(-90.,58.,0.));
#2800=CARTESIAN_POINT('',(-84.,58.,0.));
#2801=CARTESIAN_POINT('',(-84.,58.,0.));
#2802=CARTESIAN_POINT('',(-3.,58.,0.));
#2803=CARTESIAN_POINT('',(-90.,58.,0.));
#2804=CARTESIAN_POINT('',(-3.,58.,0.));
#2805=CARTESIAN_POINT('Origin',(-84.,84.,0.));
#2806=CARTESIAN_POINT('',(-84.,3.,0.));
#2807=CARTESIAN_POINT('',(-84.,3.00000000000001,0.));
#2808=CARTESIAN_POINT('',(-84.,42.,0.));
#2809=CARTESIAN_POINT('Origin',(90.,-90.,0.));
#2810=CARTESIAN_POINT('',(90.,-90.,0.));
#2811=CARTESIAN_POINT('',(90.,-90.,0.));
#2812=CARTESIAN_POINT('',(90.,90.,0.));
#2813=CARTESIAN_POINT('',(90.,-90.,0.));
#2814=CARTESIAN_POINT('',(90.,90.,0.));
#2815=CARTESIAN_POINT('Origin',(84.,-84.,0.));
#2816=CARTESIAN_POINT('',(84.,78.,0.));
#2817=CARTESIAN_POINT('',(84.,78.,0.));
#2818=CARTESIAN_POINT('',(84.,-42.,0.));
#2819=CARTESIAN_POINT('Origin',(-3.,90.,0.));
#2820=CARTESIAN_POINT('',(-3.,20.,0.));
#2821=CARTESIAN_POINT('',(-3.,90.,0.));
#2822=CARTESIAN_POINT('',(-3.,20.,0.));
#2823=CARTESIAN_POINT('Origin',(-3.,90.,0.));
#2824=CARTESIAN_POINT('',(-3.,84.,0.));
#2825=CARTESIAN_POINT('',(-3.00000000000001,84.,0.));
#2826=CARTESIAN_POINT('',(-3.,90.,0.));
#2827=CARTESIAN_POINT('Origin',(0.,0.,0.));
#2828=CARTESIAN_POINT('',(-90.,90.,0.));
#2829=CARTESIAN_POINT('',(-90.,-90.,0.));
#2830=CARTESIAN_POINT('',(-90.,90.,0.));
#2831=CARTESIAN_POINT('',(90.,90.,0.));
#2832=CARTESIAN_POINT('',(-90.,-90.,0.));
#2833=CARTESIAN_POINT('',(3.,-62.,0.));
#2834=CARTESIAN_POINT('',(-90.,-62.,0.));
#2835=CARTESIAN_POINT('',(3.,-90.,0.));
#2836=CARTESIAN_POINT('',(84.,-42.,0.));
#2837=CARTESIAN_POINT('',(20.,-3.,0.));
#2838=CARTESIAN_POINT('',(-90.,-3.,0.));
#2839=CARTESIAN_POINT('',(20.,-20.,0.));
#2840=CARTESIAN_POINT('',(20.,-20.,0.));
#2841=CARTESIAN_POINT('',(3.,-20.,0.));
#2842=CARTESIAN_POINT('',(-20.,-20.,0.));
#2843=CARTESIAN_POINT('',(3.,-90.,0.));
#2844=CARTESIAN_POINT('',(84.,-78.,0.));
#2845=CARTESIAN_POINT('',(90.,-78.,0.));
#2846=CARTESIAN_POINT('',(84.,-42.,0.));
#2847=CARTESIAN_POINT('',(84.,-42.,0.));
#2848=CARTESIAN_POINT('',(3.,20.,0.));
#2849=CARTESIAN_POINT('',(3.,-90.,0.));
#2850=CARTESIAN_POINT('',(20.,20.,0.));
#2851=CARTESIAN_POINT('',(20.,20.,0.));
#2852=CARTESIAN_POINT('',(20.,-20.,0.));
#2853=CARTESIAN_POINT('',(-20.,3.,0.));
#2854=CARTESIAN_POINT('',(90.,3.,0.));
#2855=CARTESIAN_POINT('',(-20.,20.,0.));
#2856=CARTESIAN_POINT('',(-20.,20.,0.));
#2857=CARTESIAN_POINT('',(20.,20.,0.));
#2858=CARTESIAN_POINT('',(78.,78.,0.));
#2859=CARTESIAN_POINT('',(78.,78.,0.));
#2860=CARTESIAN_POINT('',(78.,84.,0.));
#2861=CARTESIAN_POINT('',(78.,90.,0.));
#2862=CARTESIAN_POINT('',(3.,84.,0.));
#2863=CARTESIAN_POINT('',(42.,84.,0.));
#2864=CARTESIAN_POINT('',(3.,-90.,0.));
#2865=CARTESIAN_POINT('',(-78.,84.,0.));
#2866=CARTESIAN_POINT('',(42.,84.,0.));
#2867=CARTESIAN_POINT('',(-78.,78.,0.));
#2868=CARTESIAN_POINT('',(-78.,78.,0.));
#2869=CARTESIAN_POINT('',(-84.,78.,0.));
#2870=CARTESIAN_POINT('',(-90.,78.,0.));
#2871=CARTESIAN_POINT('',(-84.,42.,0.));
#2872=CARTESIAN_POINT('',(-3.,-58.,0.));
#2873=CARTESIAN_POINT('',(-84.,-58.,0.));
#2874=CARTESIAN_POINT('',(90.,-58.,0.));
#2875=CARTESIAN_POINT('',(-3.,-20.,0.));
#2876=CARTESIAN_POINT('',(-3.,90.,0.));
#2877=CARTESIAN_POINT('',(-20.,-20.,0.));
#2878=CARTESIAN_POINT('',(-20.,-20.,0.));
#2879=CARTESIAN_POINT('',(-20.,-3.,0.));
#2880=CARTESIAN_POINT('',(-20.,20.,0.));
#2881=CARTESIAN_POINT('',(-84.,-3.,0.));
#2882=CARTESIAN_POINT('',(-90.,-3.,0.));
#2883=CARTESIAN_POINT('',(-84.,42.,0.));
#2884=CARTESIAN_POINT('',(-84.,-62.,0.));
#2885=CARTESIAN_POINT('',(-84.,-78.,0.));
#2886=CARTESIAN_POINT('',(-84.,42.,0.));
#2887=CARTESIAN_POINT('',(-78.,-78.,0.));
#2888=CARTESIAN_POINT('',(-78.,-78.,0.));
#2889=CARTESIAN_POINT('',(-78.,-84.,0.));
#2890=CARTESIAN_POINT('',(-78.,-90.,0.));
#2891=CARTESIAN_POINT('',(-3.,-84.,0.));
#2892=CARTESIAN_POINT('',(-42.,-84.,0.));
#2893=CARTESIAN_POINT('',(-3.,-62.,0.));
#2894=CARTESIAN_POINT('',(-3.,90.,0.));
#2895=CARTESIAN_POINT('',(-90.,-62.,0.));
#2896=CARTESIAN_POINT('Origin',(3.,-90.,0.));
#2897=CARTESIAN_POINT('',(3.,20.,0.));
#2898=CARTESIAN_POINT('Origin',(90.,-58.,0.));
#2899=CARTESIAN_POINT('',(-84.,-58.,0.));
#2900=CARTESIAN_POINT('',(-3.,-58.,0.));
#2901=CARTESIAN_POINT('Origin',(-90.,-62.,0.));
#2902=CARTESIAN_POINT('',(3.,-62.,0.));
#2903=CARTESIAN_POINT('Origin',(-90.,-62.,0.));
#2904=CARTESIAN_POINT('',(-84.,-62.,0.));
#2905=CARTESIAN_POINT('',(-3.,-62.,0.));
#2906=CARTESIAN_POINT('Origin',(-84.,84.,0.));
#2907=CARTESIAN_POINT('',(-84.,-78.,0.));
#2908=CARTESIAN_POINT('Origin',(84.,-84.,0.));
#2909=CARTESIAN_POINT('Origin',(84.,-84.,0.));
#2910=CARTESIAN_POINT('',(84.,-78.,0.));
#2911=CARTESIAN_POINT('Origin',(-3.,90.,0.));
#2912=CARTESIAN_POINT('',(-3.00000000000001,-84.,0.));
#2913=CARTESIAN_POINT('Origin',(-3.,90.,0.));
#2914=CARTESIAN_POINT('',(-3.,-20.,0.));
#2915=CARTESIAN_POINT('Origin',(3.,-90.,0.));
#2916=CARTESIAN_POINT('Origin',(78.,78.,0.));
#2917=CARTESIAN_POINT('',(78.,78.,0.));
#2918=CARTESIAN_POINT('Origin',(78.,90.,0.));
#2919=CARTESIAN_POINT('',(78.,84.,0.));
#2920=CARTESIAN_POINT('Origin',(84.,84.,0.));
#2921=CARTESIAN_POINT('',(3.00000000000001,84.,0.));
#2922=CARTESIAN_POINT('Origin',(90.,-78.,0.));
#2923=CARTESIAN_POINT('Origin',(-90.,-90.,0.));
#2924=CARTESIAN_POINT('',(-90.,-90.,0.));
#2925=CARTESIAN_POINT('Origin',(-78.,78.,0.));
#2926=CARTESIAN_POINT('',(-78.,84.,0.));
#2927=CARTESIAN_POINT('',(-78.,78.,0.));
#2928=CARTESIAN_POINT('Origin',(-90.,78.,0.));
#2929=CARTESIAN_POINT('',(-84.,78.,0.));
#2930=CARTESIAN_POINT('Origin',(90.,90.,0.));
#2931=CARTESIAN_POINT('',(-90.,90.,0.));
#2932=CARTESIAN_POINT('Origin',(-84.,84.,0.));
#2933=CARTESIAN_POINT('Origin',(-78.,-90.,0.));
#2934=CARTESIAN_POINT('',(-78.,-84.,0.));
#2935=CARTESIAN_POINT('',(-78.,-78.,0.));
#2936=CARTESIAN_POINT('Origin',(-78.,-78.,0.));
#2937=CARTESIAN_POINT('Origin',(-84.,84.,0.));
#2938=CARTESIAN_POINT('',(-84.,-3.00000000000001,0.));
#2939=CARTESIAN_POINT('Origin',(20.,20.,0.));
#2940=CARTESIAN_POINT('',(20.,20.,0.));
#2941=CARTESIAN_POINT('Origin',(20.,20.,0.));
#2942=CARTESIAN_POINT('',(-20.,20.,0.));
#2943=CARTESIAN_POINT('Origin',(-20.,20.,0.));
#2944=CARTESIAN_POINT('',(-20.,-3.,0.));
#2945=CARTESIAN_POINT('',(-20.,-20.,0.));
#2946=CARTESIAN_POINT('Origin',(20.,-20.,0.));
#2947=CARTESIAN_POINT('',(20.,-3.,0.));
#2948=CARTESIAN_POINT('',(20.,-20.,0.));
#2949=CARTESIAN_POINT('Origin',(-20.,-20.,0.));
#2950=CARTESIAN_POINT('',(3.,-20.,0.));
#2951=CARTESIAN_POINT('Origin',(-20.,20.,0.));
#2952=CARTESIAN_POINT('',(-20.,3.,0.));
#2953=CARTESIAN_POINT('Origin',(20.,-20.,0.));
#2954=CARTESIAN_POINT('Origin',(-20.,-20.,0.));
#2955=CARTESIAN_POINT('Origin',(90.,3.,0.));
#2956=CARTESIAN_POINT('Origin',(3.,-90.,0.));
#2957=CARTESIAN_POINT('Origin',(3.,-90.,0.));
#2958=CARTESIAN_POINT('Origin',(84.,84.,0.));
#2959=CARTESIAN_POINT('Origin',(-90.,-3.,0.));
#2960=CARTESIAN_POINT('Origin',(-90.,-3.,0.));
#2961=CARTESIAN_POINT('Origin',(84.,-84.,0.));
#2962=CARTESIAN_POINT('Origin',(-84.,-84.,0.));
#2963=CARTESIAN_POINT('Origin',(-90.,90.,0.));
#2964=UNCERTAINTY_MEASURE_WITH_UNIT(LENGTH_MEASURE(0.01),#2968,
'DISTANCE_ACCURACY_VALUE',
'Maximum model space distance between geometric entities at asserted c
onnectivities');
#2965=UNCERTAINTY_MEASURE_WITH_UNIT(LENGTH_MEASURE(0.01),#2968,
'DISTANCE_ACCURACY_VALUE',
'Maximum model space distance between geometric entities at asserted c
onnectivities');
#2966=(
GEOMETRIC_REPRESENTATION_CONTEXT(3)
GLOBAL_UNCERTAINTY_ASSIGNED_CONTEXT((#2964))
GLOBAL_UNIT_ASSIGNED_CONTEXT((#2968,#2970,#2971))
REPRESENTATION_CONTEXT('','3D')
);
#2967=(
GEOMETRIC_REPRESENTATION_CONTEXT(3)
GLOBAL_UNCERTAINTY_ASSIGNED_CONTEXT((#2965))
GLOBAL_UNIT_ASSIGNED_CONTEXT((#2968,#2970,#2971))
REPRESENTATION_CONTEXT('','3D')
);
#2968=(
LENGTH_UNIT()
NAMED_UNIT(*)
SI_UNIT(.MILLI.,.METRE.)
);
#2969=(
LENGTH_UNIT()
NAMED_UNIT(*)
SI_UNIT(.CENTI.,.METRE.)
);
#2970=(
NAMED_UNIT(*)
PLANE_ANGLE_UNIT()
SI_UNIT($,.RADIAN.)
);
#2971=(
NAMED_UNIT(*)
SI_UNIT($,.STERADIAN.)
SOLID_ANGLE_UNIT()
);
#2972=SHAPE_DEFINITION_REPRESENTATION(#2973,#2974);
#2973=PRODUCT_DEFINITION_SHAPE('',$,#2976);
#2974=SHAPE_REPRESENTATION('',(#1888),#2966);
#2975=PRODUCT_DEFINITION_CONTEXT('part definition',#2980,'design');
#2976=PRODUCT_DEFINITION('11_Module_Frame','11_Module_Frame',#2977,#2975);
#2977=PRODUCT_DEFINITION_FORMATION('',$,#2982);
#2978=PRODUCT_RELATED_PRODUCT_CATEGORY('11_Module_Frame',
'11_Module_Frame',(#2982));
#2979=APPLICATION_PROTOCOL_DEFINITION('international standard',
'automotive_design',2009,#2980);
#2980=APPLICATION_CONTEXT(
'Core Data for Automotive Mechanical Design Process');
#2981=PRODUCT_CONTEXT('part definition',#2980,'mechanical');
#2982=PRODUCT('11_Module_Frame','11_Module_Frame',$,(#2981));
#2983=PRESENTATION_STYLE_ASSIGNMENT((#2984));
#2984=SURFACE_STYLE_USAGE(.BOTH.,#2987);
#2985=SURFACE_STYLE_RENDERING_WITH_PROPERTIES($,#2991,(#2986));
#2986=SURFACE_STYLE_TRANSPARENT(0.53999999165535);
#2987=SURFACE_SIDE_STYLE('',(#2988,#2985));
#2988=SURFACE_STYLE_FILL_AREA(#2989);
#2989=FILL_AREA_STYLE('',(#2990));
#2990=FILL_AREA_STYLE_COLOUR('',#2991);
#2991=COLOUR_RGB('',0.8,0.8,0.8);
ENDSEC;
END-ISO-10303-21;
