ISO-10303-21;
HEADER;
/* Generated by software containing ST-Developer
 * from STEP Tools, Inc. (www.steptools.com) 
 */

FILE_DESCRIPTION(
/* description */ (''),
/* implementation_level */ '2;1');

FILE_NAME(
/* name */ '12_Wheel_Guard.step',
/* time_stamp */ '2026-10-08T19:41:07+09:00',
/* author */ ('Reaction Wheel Pendulum project'),
/* organization */ (''),
/* preprocessor_version */ 'ST-DEVELOPER v20.1',
/* originating_system */ 'Autodesk Inventor 2026',
/* authorisation */ '');

FILE_SCHEMA (('AUTOMOTIVE_DESIGN { 1 0 10303 214 3 1 1 }'));
ENDSEC;

DATA;
#10=MECHANICAL_DESIGN_GEOMETRIC_PRESENTATION_REPRESENTATION('',(#13),#3655);
#11=SHAPE_REPRESENTATION_RELATIONSHIP('SRR','None',#3662,#12);
#12=ADVANCED_BREP_SHAPE_REPRESENTATION('',(#14),#3654);
#13=STYLED_ITEM('',(#3671),#14);
#14=MANIFOLD_SOLID_BREP('\X2\30BD30EA30C330C9\X0\1',#2223);
#15=FACE_BOUND('',#209,.T.);
#16=FACE_BOUND('',#288,.T.);
#17=CIRCLE('',#2253,80.);
#18=CIRCLE('',#2254,80.);
#19=CIRCLE('',#2255,80.);
#20=CIRCLE('',#2256,80.);
#21=CIRCLE('',#2257,80.);
#22=CIRCLE('',#2258,80.);
#23=CIRCLE('',#2259,80.);
#24=CIRCLE('',#2260,80.);
#25=CIRCLE('',#2261,80.);
#26=CIRCLE('',#2262,80.);
#27=CIRCLE('',#2263,80.);
#28=CIRCLE('',#2264,80.);
#29=CIRCLE('',#2265,80.);
#30=CIRCLE('',#2266,80.);
#31=CIRCLE('',#2267,80.);
#32=CIRCLE('',#2268,80.);
#33=CIRCLE('',#2269,80.);
#34=CIRCLE('',#2270,80.);
#35=CIRCLE('',#2271,80.);
#36=CIRCLE('',#2272,80.);
#37=CIRCLE('',#2273,80.);
#38=CIRCLE('',#2274,80.);
#39=CIRCLE('',#2275,80.);
#40=CIRCLE('',#2276,80.);
#41=CIRCLE('',#2277,80.);
#42=CIRCLE('',#2284,78.);
#43=CIRCLE('',#2285,74.);
#44=CIRCLE('',#2286,74.);
#45=CIRCLE('',#2287,12.);
#46=CIRCLE('',#2288,74.);
#47=CIRCLE('',#2289,74.);
#48=CIRCLE('',#2290,12.);
#49=CIRCLE('',#2291,74.);
#50=CIRCLE('',#2292,74.);
#51=CIRCLE('',#2293,12.);
#52=CIRCLE('',#2294,74.);
#53=CIRCLE('',#2295,74.);
#54=CIRCLE('',#2296,78.);
#55=CIRCLE('',#2298,74.);
#56=CIRCLE('',#2299,12.);
#57=CIRCLE('',#2300,74.);
#58=CIRCLE('',#2301,74.);
#59=CIRCLE('',#2302,12.);
#60=CIRCLE('',#2303,74.);
#61=CIRCLE('',#2304,74.);
#62=CIRCLE('',#2305,12.);
#63=CIRCLE('',#2306,74.);
#64=CIRCLE('',#2307,74.);
#65=CIRCLE('',#2308,12.);
#66=CIRCLE('',#2309,74.);
#67=CIRCLE('',#2313,78.);
#68=CIRCLE('',#2314,78.);
#69=CIRCLE('',#2321,74.);
#70=CIRCLE('',#2322,74.);
#71=CIRCLE('',#2335,12.);
#72=CYLINDRICAL_SURFACE('',#2252,80.);
#73=CYLINDRICAL_SURFACE('',#2312,78.);
#74=CYLINDRICAL_SURFACE('',#2325,74.);
#75=CYLINDRICAL_SURFACE('',#2336,74.);
#76=CYLINDRICAL_SURFACE('',#2337,74.);
#77=CYLINDRICAL_SURFACE('',#2344,74.);
#78=CYLINDRICAL_SURFACE('',#2359,74.);
#79=CYLINDRICAL_SURFACE('',#2360,12.);
#80=CYLINDRICAL_SURFACE('',#2361,12.);
#81=CYLINDRICAL_SURFACE('',#2362,12.);
#82=CYLINDRICAL_SURFACE('',#2363,12.);
#83=CYLINDRICAL_SURFACE('',#2381,74.);
#84=CYLINDRICAL_SURFACE('',#2382,74.);
#85=CYLINDRICAL_SURFACE('',#2391,74.);
#86=FACE_OUTER_BOUND('',#195,.T.);
#87=FACE_OUTER_BOUND('',#196,.T.);
#88=FACE_OUTER_BOUND('',#197,.T.);
#89=FACE_OUTER_BOUND('',#198,.T.);
#90=FACE_OUTER_BOUND('',#199,.T.);
#91=FACE_OUTER_BOUND('',#200,.T.);
#92=FACE_OUTER_BOUND('',#201,.T.);
#93=FACE_OUTER_BOUND('',#202,.T.);
#94=FACE_OUTER_BOUND('',#203,.T.);
#95=FACE_OUTER_BOUND('',#204,.T.);
#96=FACE_OUTER_BOUND('',#205,.T.);
#97=FACE_OUTER_BOUND('',#206,.T.);
#98=FACE_OUTER_BOUND('',#207,.T.);
#99=FACE_OUTER_BOUND('',#208,.T.);
#100=FACE_OUTER_BOUND('',#210,.T.);
#101=FACE_OUTER_BOUND('',#211,.T.);
#102=FACE_OUTER_BOUND('',#212,.T.);
#103=FACE_OUTER_BOUND('',#213,.T.);
#104=FACE_OUTER_BOUND('',#214,.T.);
#105=FACE_OUTER_BOUND('',#215,.T.);
#106=FACE_OUTER_BOUND('',#216,.T.);
#107=FACE_OUTER_BOUND('',#217,.T.);
#108=FACE_OUTER_BOUND('',#218,.T.);
#109=FACE_OUTER_BOUND('',#219,.T.);
#110=FACE_OUTER_BOUND('',#220,.T.);
#111=FACE_OUTER_BOUND('',#221,.T.);
#112=FACE_OUTER_BOUND('',#222,.T.);
#113=FACE_OUTER_BOUND('',#223,.T.);
#114=FACE_OUTER_BOUND('',#224,.T.);
#115=FACE_OUTER_BOUND('',#225,.T.);
#116=FACE_OUTER_BOUND('',#226,.T.);
#117=FACE_OUTER_BOUND('',#227,.T.);
#118=FACE_OUTER_BOUND('',#228,.T.);
#119=FACE_OUTER_BOUND('',#229,.T.);
#120=FACE_OUTER_BOUND('',#230,.T.);
#121=FACE_OUTER_BOUND('',#231,.T.);
#122=FACE_OUTER_BOUND('',#232,.T.);
#123=FACE_OUTER_BOUND('',#233,.T.);
#124=FACE_OUTER_BOUND('',#234,.T.);
#125=FACE_OUTER_BOUND('',#235,.T.);
#126=FACE_OUTER_BOUND('',#236,.T.);
#127=FACE_OUTER_BOUND('',#237,.T.);
#128=FACE_OUTER_BOUND('',#238,.T.);
#129=FACE_OUTER_BOUND('',#239,.T.);
#130=FACE_OUTER_BOUND('',#240,.T.);
#131=FACE_OUTER_BOUND('',#241,.T.);
#132=FACE_OUTER_BOUND('',#242,.T.);
#133=FACE_OUTER_BOUND('',#243,.T.);
#134=FACE_OUTER_BOUND('',#244,.T.);
#135=FACE_OUTER_BOUND('',#245,.T.);
#136=FACE_OUTER_BOUND('',#246,.T.);
#137=FACE_OUTER_BOUND('',#247,.T.);
#138=FACE_OUTER_BOUND('',#248,.T.);
#139=FACE_OUTER_BOUND('',#249,.T.);
#140=FACE_OUTER_BOUND('',#250,.T.);
#141=FACE_OUTER_BOUND('',#251,.T.);
#142=FACE_OUTER_BOUND('',#252,.T.);
#143=FACE_OUTER_BOUND('',#253,.T.);
#144=FACE_OUTER_BOUND('',#254,.T.);
#145=FACE_OUTER_BOUND('',#255,.T.);
#146=FACE_OUTER_BOUND('',#256,.T.);
#147=FACE_OUTER_BOUND('',#257,.T.);
#148=FACE_OUTER_BOUND('',#258,.T.);
#149=FACE_OUTER_BOUND('',#259,.T.);
#150=FACE_OUTER_BOUND('',#260,.T.);
#151=FACE_OUTER_BOUND('',#261,.T.);
#152=FACE_OUTER_BOUND('',#262,.T.);
#153=FACE_OUTER_BOUND('',#263,.T.);
#154=FACE_OUTER_BOUND('',#264,.T.);
#155=FACE_OUTER_BOUND('',#265,.T.);
#156=FACE_OUTER_BOUND('',#266,.T.);
#157=FACE_OUTER_BOUND('',#267,.T.);
#158=FACE_OUTER_BOUND('',#268,.T.);
#159=FACE_OUTER_BOUND('',#269,.T.);
#160=FACE_OUTER_BOUND('',#270,.T.);
#161=FACE_OUTER_BOUND('',#271,.T.);
#162=FACE_OUTER_BOUND('',#272,.T.);
#163=FACE_OUTER_BOUND('',#273,.T.);
#164=FACE_OUTER_BOUND('',#274,.T.);
#165=FACE_OUTER_BOUND('',#275,.T.);
#166=FACE_OUTER_BOUND('',#276,.T.);
#167=FACE_OUTER_BOUND('',#277,.T.);
#168=FACE_OUTER_BOUND('',#278,.T.);
#169=FACE_OUTER_BOUND('',#279,.T.);
#170=FACE_OUTER_BOUND('',#280,.T.);
#171=FACE_OUTER_BOUND('',#281,.T.);
#172=FACE_OUTER_BOUND('',#282,.T.);
#173=FACE_OUTER_BOUND('',#283,.T.);
#174=FACE_OUTER_BOUND('',#284,.T.);
#175=FACE_OUTER_BOUND('',#285,.T.);
#176=FACE_OUTER_BOUND('',#286,.T.);
#177=FACE_OUTER_BOUND('',#287,.T.);
#178=FACE_OUTER_BOUND('',#289,.T.);
#179=FACE_OUTER_BOUND('',#290,.T.);
#180=FACE_OUTER_BOUND('',#291,.T.);
#181=FACE_OUTER_BOUND('',#292,.T.);
#182=FACE_OUTER_BOUND('',#293,.T.);
#183=FACE_OUTER_BOUND('',#294,.T.);
#184=FACE_OUTER_BOUND('',#295,.T.);
#185=FACE_OUTER_BOUND('',#296,.T.);
#186=FACE_OUTER_BOUND('',#297,.T.);
#187=FACE_OUTER_BOUND('',#298,.T.);
#188=FACE_OUTER_BOUND('',#299,.T.);
#189=FACE_OUTER_BOUND('',#300,.T.);
#190=FACE_OUTER_BOUND('',#301,.T.);
#191=FACE_OUTER_BOUND('',#302,.T.);
#192=FACE_OUTER_BOUND('',#303,.T.);
#193=FACE_OUTER_BOUND('',#304,.T.);
#194=FACE_OUTER_BOUND('',#305,.T.);
#195=EDGE_LOOP('',(#1375,#1376,#1377,#1378,#1379,#1380,#1381));
#196=EDGE_LOOP('',(#1382,#1383,#1384,#1385,#1386,#1387,#1388));
#197=EDGE_LOOP('',(#1389,#1390,#1391,#1392));
#198=EDGE_LOOP('',(#1393,#1394,#1395,#1396));
#199=EDGE_LOOP('',(#1397,#1398,#1399,#1400,#1401,#1402));
#200=EDGE_LOOP('',(#1403,#1404,#1405,#1406));
#201=EDGE_LOOP('',(#1407,#1408,#1409,#1410,#1411,#1412,#1413,#1414,#1415,
#1416,#1417,#1418,#1419,#1420,#1421,#1422,#1423,#1424,#1425,#1426,#1427,
#1428,#1429,#1430,#1431,#1432,#1433,#1434,#1435,#1436,#1437,#1438,#1439,
#1440,#1441,#1442,#1443,#1444,#1445,#1446,#1447,#1448,#1449,#1450,#1451,
#1452,#1453));
#202=EDGE_LOOP('',(#1454,#1455,#1456));
#203=EDGE_LOOP('',(#1457,#1458,#1459,#1460));
#204=EDGE_LOOP('',(#1461,#1462,#1463,#1464));
#205=EDGE_LOOP('',(#1465,#1466,#1467,#1468,#1469));
#206=EDGE_LOOP('',(#1470,#1471,#1472,#1473,#1474));
#207=EDGE_LOOP('',(#1475,#1476,#1477,#1478,#1479,#1480,#1481,#1482,#1483,
#1484,#1485,#1486,#1487,#1488,#1489,#1490,#1491,#1492,#1493,#1494,#1495,
#1496,#1497,#1498,#1499,#1500,#1501,#1502,#1503,#1504,#1505));
#208=EDGE_LOOP('',(#1506,#1507,#1508,#1509,#1510,#1511,#1512,#1513,#1514,
#1515,#1516,#1517,#1518,#1519,#1520,#1521,#1522,#1523,#1524,#1525,#1526,
#1527,#1528,#1529,#1530,#1531,#1532,#1533,#1534,#1535,#1536,#1537,#1538,
#1539,#1540,#1541,#1542,#1543,#1544,#1545,#1546,#1547,#1548,#1549,#1550,
#1551,#1552,#1553,#1554,#1555,#1556,#1557,#1558,#1559,#1560,#1561));
#209=EDGE_LOOP('',(#1562,#1563,#1564,#1565,#1566,#1567,#1568,#1569,#1570,
#1571,#1572,#1573,#1574,#1575,#1576,#1577,#1578,#1579,#1580,#1581,#1582,
#1583,#1584,#1585,#1586,#1587,#1588,#1589));
#210=EDGE_LOOP('',(#1590,#1591,#1592,#1593));
#211=EDGE_LOOP('',(#1594,#1595,#1596,#1597));
#212=EDGE_LOOP('',(#1598,#1599,#1600,#1601,#1602,#1603,#1604,#1605));
#213=EDGE_LOOP('',(#1606,#1607,#1608,#1609));
#214=EDGE_LOOP('',(#1610,#1611,#1612,#1613));
#215=EDGE_LOOP('',(#1614,#1615,#1616,#1617,#1618,#1619,#1620,#1621,#1622));
#216=EDGE_LOOP('',(#1623,#1624,#1625,#1626));
#217=EDGE_LOOP('',(#1627,#1628,#1629,#1630,#1631,#1632));
#218=EDGE_LOOP('',(#1633,#1634,#1635,#1636,#1637,#1638,#1639,#1640,#1641,
#1642,#1643,#1644));
#219=EDGE_LOOP('',(#1645,#1646,#1647,#1648));
#220=EDGE_LOOP('',(#1649,#1650,#1651,#1652,#1653,#1654));
#221=EDGE_LOOP('',(#1655,#1656,#1657,#1658,#1659,#1660));
#222=EDGE_LOOP('',(#1661,#1662,#1663,#1664));
#223=EDGE_LOOP('',(#1665,#1666,#1667,#1668));
#224=EDGE_LOOP('',(#1669,#1670,#1671,#1672));
#225=EDGE_LOOP('',(#1673,#1674,#1675,#1676));
#226=EDGE_LOOP('',(#1677,#1678,#1679,#1680));
#227=EDGE_LOOP('',(#1681,#1682,#1683,#1684));
#228=EDGE_LOOP('',(#1685,#1686,#1687,#1688));
#229=EDGE_LOOP('',(#1689,#1690,#1691,#1692,#1693,#1694,#1695));
#230=EDGE_LOOP('',(#1696,#1697,#1698,#1699));
#231=EDGE_LOOP('',(#1700,#1701,#1702,#1703));
#232=EDGE_LOOP('',(#1704,#1705,#1706,#1707));
#233=EDGE_LOOP('',(#1708,#1709,#1710,#1711));
#234=EDGE_LOOP('',(#1712,#1713,#1714,#1715));
#235=EDGE_LOOP('',(#1716,#1717,#1718,#1719));
#236=EDGE_LOOP('',(#1720,#1721,#1722,#1723));
#237=EDGE_LOOP('',(#1724,#1725,#1726,#1727));
#238=EDGE_LOOP('',(#1728,#1729,#1730,#1731));
#239=EDGE_LOOP('',(#1732,#1733,#1734,#1735));
#240=EDGE_LOOP('',(#1736,#1737,#1738,#1739));
#241=EDGE_LOOP('',(#1740,#1741,#1742,#1743));
#242=EDGE_LOOP('',(#1744,#1745,#1746,#1747));
#243=EDGE_LOOP('',(#1748,#1749,#1750,#1751));
#244=EDGE_LOOP('',(#1752,#1753,#1754,#1755));
#245=EDGE_LOOP('',(#1756,#1757,#1758,#1759));
#246=EDGE_LOOP('',(#1760,#1761,#1762,#1763,#1764,#1765,#1766));
#247=EDGE_LOOP('',(#1767,#1768,#1769,#1770));
#248=EDGE_LOOP('',(#1771,#1772,#1773,#1774));
#249=EDGE_LOOP('',(#1775,#1776,#1777,#1778));
#250=EDGE_LOOP('',(#1779,#1780,#1781,#1782,#1783,#1784,#1785));
#251=EDGE_LOOP('',(#1786,#1787,#1788,#1789));
#252=EDGE_LOOP('',(#1790,#1791,#1792,#1793));
#253=EDGE_LOOP('',(#1794,#1795,#1796,#1797));
#254=EDGE_LOOP('',(#1798,#1799,#1800,#1801));
#255=EDGE_LOOP('',(#1802,#1803,#1804,#1805));
#256=EDGE_LOOP('',(#1806,#1807,#1808,#1809));
#257=EDGE_LOOP('',(#1810,#1811,#1812,#1813));
#258=EDGE_LOOP('',(#1814,#1815,#1816,#1817));
#259=EDGE_LOOP('',(#1818,#1819,#1820,#1821));
#260=EDGE_LOOP('',(#1822,#1823,#1824,#1825));
#261=EDGE_LOOP('',(#1826,#1827,#1828,#1829));
#262=EDGE_LOOP('',(#1830,#1831,#1832,#1833,#1834,#1835));
#263=EDGE_LOOP('',(#1836,#1837,#1838,#1839));
#264=EDGE_LOOP('',(#1840,#1841,#1842,#1843));
#265=EDGE_LOOP('',(#1844,#1845,#1846,#1847));
#266=EDGE_LOOP('',(#1848,#1849,#1850,#1851));
#267=EDGE_LOOP('',(#1852,#1853,#1854,#1855));
#268=EDGE_LOOP('',(#1856,#1857,#1858,#1859));
#269=EDGE_LOOP('',(#1860,#1861,#1862));
#270=EDGE_LOOP('',(#1863,#1864,#1865));
#271=EDGE_LOOP('',(#1866,#1867,#1868));
#272=EDGE_LOOP('',(#1869,#1870,#1871));
#273=EDGE_LOOP('',(#1872,#1873,#1874,#1875,#1876));
#274=EDGE_LOOP('',(#1877,#1878,#1879,#1880,#1881));
#275=EDGE_LOOP('',(#1882,#1883,#1884,#1885));
#276=EDGE_LOOP('',(#1886,#1887,#1888,#1889));
#277=EDGE_LOOP('',(#1890,#1891,#1892,#1893));
#278=EDGE_LOOP('',(#1894,#1895,#1896,#1897));
#279=EDGE_LOOP('',(#1898,#1899,#1900,#1901,#1902));
#280=EDGE_LOOP('',(#1903,#1904,#1905,#1906));
#281=EDGE_LOOP('',(#1907,#1908,#1909));
#282=EDGE_LOOP('',(#1910,#1911,#1912));
#283=EDGE_LOOP('',(#1913,#1914,#1915,#1916));
#284=EDGE_LOOP('',(#1917,#1918,#1919,#1920,#1921,#1922));
#285=EDGE_LOOP('',(#1923,#1924,#1925,#1926));
#286=EDGE_LOOP('',(#1927,#1928,#1929,#1930,#1931,#1932));
#287=EDGE_LOOP('',(#1933,#1934,#1935));
#288=EDGE_LOOP('',(#1936,#1937,#1938));
#289=EDGE_LOOP('',(#1939,#1940,#1941,#1942,#1943,#1944));
#290=EDGE_LOOP('',(#1945,#1946,#1947,#1948));
#291=EDGE_LOOP('',(#1949,#1950,#1951,#1952,#1953,#1954));
#292=EDGE_LOOP('',(#1955,#1956,#1957,#1958));
#293=EDGE_LOOP('',(#1959,#1960,#1961,#1962));
#294=EDGE_LOOP('',(#1963,#1964,#1965,#1966,#1967,#1968));
#295=EDGE_LOOP('',(#1969,#1970,#1971,#1972));
#296=EDGE_LOOP('',(#1973,#1974,#1975,#1976));
#297=EDGE_LOOP('',(#1977,#1978,#1979,#1980,#1981,#1982));
#298=EDGE_LOOP('',(#1983,#1984,#1985,#1986));
#299=EDGE_LOOP('',(#1987,#1988,#1989,#1990));
#300=EDGE_LOOP('',(#1991,#1992,#1993,#1994));
#301=EDGE_LOOP('',(#1995,#1996,#1997,#1998,#1999,#2000));
#302=EDGE_LOOP('',(#2001,#2002,#2003,#2004));
#303=EDGE_LOOP('',(#2005,#2006,#2007,#2008));
#304=EDGE_LOOP('',(#2009,#2010,#2011,#2012,#2013,#2014));
#305=EDGE_LOOP('',(#2015,#2016,#2017,#2018));
#306=LINE('',#3011,#573);
#307=LINE('',#3013,#574);
#308=LINE('',#3015,#575);
#309=LINE('',#3017,#576);
#310=LINE('',#3019,#577);
#311=LINE('',#3021,#578);
#312=LINE('',#3022,#579);
#313=LINE('',#3025,#580);
#314=LINE('',#3027,#581);
#315=LINE('',#3029,#582);
#316=LINE('',#3031,#583);
#317=LINE('',#3033,#584);
#318=LINE('',#3034,#585);
#319=LINE('',#3037,#586);
#320=LINE('',#3039,#587);
#321=LINE('',#3040,#588);
#322=LINE('',#3042,#589);
#323=LINE('',#3043,#590);
#324=LINE('',#3046,#591);
#325=LINE('',#3047,#592);
#326=LINE('',#3053,#593);
#327=LINE('',#3057,#594);
#328=LINE('',#3063,#595);
#329=LINE('',#3067,#596);
#330=LINE('',#3071,#597);
#331=LINE('',#3075,#598);
#332=LINE('',#3079,#599);
#333=LINE('',#3083,#600);
#334=LINE('',#3087,#601);
#335=LINE('',#3091,#602);
#336=LINE('',#3095,#603);
#337=LINE('',#3099,#604);
#338=LINE('',#3105,#605);
#339=LINE('',#3109,#606);
#340=LINE('',#3113,#607);
#341=LINE('',#3117,#608);
#342=LINE('',#3123,#609);
#343=LINE('',#3127,#610);
#344=LINE('',#3131,#611);
#345=LINE('',#3135,#612);
#346=LINE('',#3139,#613);
#347=LINE('',#3142,#614);
#348=LINE('',#3144,#615);
#349=LINE('',#3145,#616);
#350=LINE('',#3147,#617);
#351=LINE('',#3150,#618);
#352=LINE('',#3151,#619);
#353=LINE('',#3153,#620);
#354=LINE('',#3159,#621);
#355=LINE('',#3163,#622);
#356=LINE('',#3165,#623);
#357=LINE('',#3169,#624);
#358=LINE('',#3173,#625);
#359=LINE('',#3177,#626);
#360=LINE('',#3179,#627);
#361=LINE('',#3183,#628);
#362=LINE('',#3187,#629);
#363=LINE('',#3191,#630);
#364=LINE('',#3193,#631);
#365=LINE('',#3197,#632);
#366=LINE('',#3201,#633);
#367=LINE('',#3205,#634);
#368=LINE('',#3207,#635);
#369=LINE('',#3211,#636);
#370=LINE('',#3215,#637);
#371=LINE('',#3216,#638);
#372=LINE('',#3219,#639);
#373=LINE('',#3221,#640);
#374=LINE('',#3223,#641);
#375=LINE('',#3225,#642);
#376=LINE('',#3227,#643);
#377=LINE('',#3229,#644);
#378=LINE('',#3231,#645);
#379=LINE('',#3232,#646);
#380=LINE('',#3234,#647);
#381=LINE('',#3236,#648);
#382=LINE('',#3237,#649);
#383=LINE('',#3239,#650);
#384=LINE('',#3241,#651);
#385=LINE('',#3243,#652);
#386=LINE('',#3245,#653);
#387=LINE('',#3247,#654);
#388=LINE('',#3249,#655);
#389=LINE('',#3251,#656);
#390=LINE('',#3252,#657);
#391=LINE('',#3254,#658);
#392=LINE('',#3256,#659);
#393=LINE('',#3257,#660);
#394=LINE('',#3259,#661);
#395=LINE('',#3261,#662);
#396=LINE('',#3263,#663);
#397=LINE('',#3265,#664);
#398=LINE('',#3267,#665);
#399=LINE('',#3269,#666);
#400=LINE('',#3271,#667);
#401=LINE('',#3272,#668);
#402=LINE('',#3274,#669);
#403=LINE('',#3276,#670);
#404=LINE('',#3277,#671);
#405=LINE('',#3279,#672);
#406=LINE('',#3281,#673);
#407=LINE('',#3283,#674);
#408=LINE('',#3285,#675);
#409=LINE('',#3287,#676);
#410=LINE('',#3289,#677);
#411=LINE('',#3291,#678);
#412=LINE('',#3292,#679);
#413=LINE('',#3294,#680);
#414=LINE('',#3296,#681);
#415=LINE('',#3297,#682);
#416=LINE('',#3302,#683);
#417=LINE('',#3306,#684);
#418=LINE('',#3310,#685);
#419=LINE('',#3312,#686);
#420=LINE('',#3316,#687);
#421=LINE('',#3320,#688);
#422=LINE('',#3324,#689);
#423=LINE('',#3326,#690);
#424=LINE('',#3330,#691);
#425=LINE('',#3334,#692);
#426=LINE('',#3338,#693);
#427=LINE('',#3340,#694);
#428=LINE('',#3344,#695);
#429=LINE('',#3348,#696);
#430=LINE('',#3352,#697);
#431=LINE('',#3353,#698);
#432=LINE('',#3357,#699);
#433=LINE('',#3358,#700);
#434=LINE('',#3359,#701);
#435=LINE('',#3362,#702);
#436=LINE('',#3363,#703);
#437=LINE('',#3366,#704);
#438=LINE('',#3369,#705);
#439=LINE('',#3374,#706);
#440=LINE('',#3375,#707);
#441=LINE('',#3376,#708);
#442=LINE('',#3379,#709);
#443=LINE('',#3380,#710);
#444=LINE('',#3383,#711);
#445=LINE('',#3385,#712);
#446=LINE('',#3387,#713);
#447=LINE('',#3389,#714);
#448=LINE('',#3390,#715);
#449=LINE('',#3391,#716);
#450=LINE('',#3393,#717);
#451=LINE('',#3394,#718);
#452=LINE('',#3397,#719);
#453=LINE('',#3398,#720);
#454=LINE('',#3402,#721);
#455=LINE('',#3404,#722);
#456=LINE('',#3406,#723);
#457=LINE('',#3409,#724);
#458=LINE('',#3411,#725);
#459=LINE('',#3413,#726);
#460=LINE('',#3414,#727);
#461=LINE('',#3418,#728);
#462=LINE('',#3420,#729);
#463=LINE('',#3421,#730);
#464=LINE('',#3423,#731);
#465=LINE('',#3425,#732);
#466=LINE('',#3426,#733);
#467=LINE('',#3428,#734);
#468=LINE('',#3431,#735);
#469=LINE('',#3433,#736);
#470=LINE('',#3434,#737);
#471=LINE('',#3437,#738);
#472=LINE('',#3438,#739);
#473=LINE('',#3440,#740);
#474=LINE('',#3442,#741);
#475=LINE('',#3443,#742);
#476=LINE('',#3445,#743);
#477=LINE('',#3448,#744);
#478=LINE('',#3449,#745);
#479=LINE('',#3452,#746);
#480=LINE('',#3453,#747);
#481=LINE('',#3456,#748);
#482=LINE('',#3459,#749);
#483=LINE('',#3461,#750);
#484=LINE('',#3463,#751);
#485=LINE('',#3465,#752);
#486=LINE('',#3466,#753);
#487=LINE('',#3469,#754);
#488=LINE('',#3470,#755);
#489=LINE('',#3472,#756);
#490=LINE('',#3474,#757);
#491=LINE('',#3477,#758);
#492=LINE('',#3480,#759);
#493=LINE('',#3482,#760);
#494=LINE('',#3483,#761);
#495=LINE('',#3485,#762);
#496=LINE('',#3487,#763);
#497=LINE('',#3488,#764);
#498=LINE('',#3491,#765);
#499=LINE('',#3492,#766);
#500=LINE('',#3495,#767);
#501=LINE('',#3496,#768);
#502=LINE('',#3500,#769);
#503=LINE('',#3501,#770);
#504=LINE('',#3504,#771);
#505=LINE('',#3506,#772);
#506=LINE('',#3507,#773);
#507=LINE('',#3509,#774);
#508=LINE('',#3511,#775);
#509=LINE('',#3512,#776);
#510=LINE('',#3516,#777);
#511=LINE('',#3517,#778);
#512=LINE('',#3519,#779);
#513=LINE('',#3520,#780);
#514=LINE('',#3522,#781);
#515=LINE('',#3524,#782);
#516=LINE('',#3526,#783);
#517=LINE('',#3528,#784);
#518=LINE('',#3530,#785);
#519=LINE('',#3531,#786);
#520=LINE('',#3533,#787);
#521=LINE('',#3534,#788);
#522=LINE('',#3536,#789);
#523=LINE('',#3537,#790);
#524=LINE('',#3539,#791);
#525=LINE('',#3540,#792);
#526=LINE('',#3547,#793);
#527=LINE('',#3548,#794);
#528=LINE('',#3551,#795);
#529=LINE('',#3552,#796);
#530=LINE('',#3554,#797);
#531=LINE('',#3557,#798);
#532=LINE('',#3558,#799);
#533=LINE('',#3561,#800);
#534=LINE('',#3562,#801);
#535=LINE('',#3564,#802);
#536=LINE('',#3566,#803);
#537=LINE('',#3568,#804);
#538=LINE('',#3570,#805);
#539=LINE('',#3572,#806);
#540=LINE('',#3579,#807);
#541=LINE('',#3582,#808);
#542=LINE('',#3583,#809);
#543=LINE('',#3585,#810);
#544=LINE('',#3586,#811);
#545=LINE('',#3588,#812);
#546=LINE('',#3590,#813);
#547=LINE('',#3594,#814);
#548=LINE('',#3600,#815);
#549=LINE('',#3602,#816);
#550=LINE('',#3603,#817);
#551=LINE('',#3607,#818);
#552=LINE('',#3608,#819);
#553=LINE('',#3609,#820);
#554=LINE('',#3611,#821);
#555=LINE('',#3613,#822);
#556=LINE('',#3617,#823);
#557=LINE('',#3619,#824);
#558=LINE('',#3620,#825);
#559=LINE('',#3623,#826);
#560=LINE('',#3624,#827);
#561=LINE('',#3627,#828);
#562=LINE('',#3628,#829);
#563=LINE('',#3630,#830);
#564=LINE('',#3633,#831);
#565=LINE('',#3637,#832);
#566=LINE('',#3639,#833);
#567=LINE('',#3640,#834);
#568=LINE('',#3643,#835);
#569=LINE('',#3644,#836);
#570=LINE('',#3647,#837);
#571=LINE('',#3648,#838);
#572=LINE('',#3650,#839);
#573=VECTOR('',#2414,10.);
#574=VECTOR('',#2415,10.);
#575=VECTOR('',#2416,10.);
#576=VECTOR('',#2417,10.);
#577=VECTOR('',#2418,10.);
#578=VECTOR('',#2419,10.);
#579=VECTOR('',#2420,10.);
#580=VECTOR('',#2423,10.);
#581=VECTOR('',#2424,10.);
#582=VECTOR('',#2425,10.);
#583=VECTOR('',#2426,10.);
#584=VECTOR('',#2427,10.);
#585=VECTOR('',#2428,10.);
#586=VECTOR('',#2431,10.);
#587=VECTOR('',#2432,10.);
#588=VECTOR('',#2433,10.);
#589=VECTOR('',#2436,10.);
#590=VECTOR('',#2437,10.);
#591=VECTOR('',#2440,10.);
#592=VECTOR('',#2441,10.);
#593=VECTOR('',#2448,10.);
#594=VECTOR('',#2451,10.);
#595=VECTOR('',#2456,10.);
#596=VECTOR('',#2459,10.);
#597=VECTOR('',#2462,10.);
#598=VECTOR('',#2465,10.);
#599=VECTOR('',#2468,10.);
#600=VECTOR('',#2471,10.);
#601=VECTOR('',#2474,10.);
#602=VECTOR('',#2477,10.);
#603=VECTOR('',#2480,10.);
#604=VECTOR('',#2483,10.);
#605=VECTOR('',#2488,10.);
#606=VECTOR('',#2491,10.);
#607=VECTOR('',#2494,10.);
#608=VECTOR('',#2497,10.);
#609=VECTOR('',#2502,10.);
#610=VECTOR('',#2505,10.);
#611=VECTOR('',#2508,10.);
#612=VECTOR('',#2511,10.);
#613=VECTOR('',#2518,10.);
#614=VECTOR('',#2521,10.);
#615=VECTOR('',#2522,10.);
#616=VECTOR('',#2523,10.);
#617=VECTOR('',#2526,10.);
#618=VECTOR('',#2529,10.);
#619=VECTOR('',#2530,10.);
#620=VECTOR('',#2533,10.);
#621=VECTOR('',#2538,10.);
#622=VECTOR('',#2541,10.);
#623=VECTOR('',#2542,10.);
#624=VECTOR('',#2545,10.);
#625=VECTOR('',#2548,10.);
#626=VECTOR('',#2551,10.);
#627=VECTOR('',#2552,10.);
#628=VECTOR('',#2555,10.);
#629=VECTOR('',#2558,10.);
#630=VECTOR('',#2561,10.);
#631=VECTOR('',#2562,10.);
#632=VECTOR('',#2565,10.);
#633=VECTOR('',#2568,10.);
#634=VECTOR('',#2571,10.);
#635=VECTOR('',#2572,10.);
#636=VECTOR('',#2575,10.);
#637=VECTOR('',#2578,10.);
#638=VECTOR('',#2579,10.);
#639=VECTOR('',#2582,10.);
#640=VECTOR('',#2583,10.);
#641=VECTOR('',#2584,10.);
#642=VECTOR('',#2585,10.);
#643=VECTOR('',#2586,10.);
#644=VECTOR('',#2587,10.);
#645=VECTOR('',#2588,10.);
#646=VECTOR('',#2589,10.);
#647=VECTOR('',#2590,10.);
#648=VECTOR('',#2591,10.);
#649=VECTOR('',#2592,10.);
#650=VECTOR('',#2593,10.);
#651=VECTOR('',#2594,10.);
#652=VECTOR('',#2595,10.);
#653=VECTOR('',#2596,10.);
#654=VECTOR('',#2597,10.);
#655=VECTOR('',#2598,10.);
#656=VECTOR('',#2599,10.);
#657=VECTOR('',#2600,10.);
#658=VECTOR('',#2601,10.);
#659=VECTOR('',#2602,10.);
#660=VECTOR('',#2603,10.);
#661=VECTOR('',#2604,10.);
#662=VECTOR('',#2605,10.);
#663=VECTOR('',#2606,10.);
#664=VECTOR('',#2607,10.);
#665=VECTOR('',#2608,10.);
#666=VECTOR('',#2609,10.);
#667=VECTOR('',#2610,10.);
#668=VECTOR('',#2611,10.);
#669=VECTOR('',#2612,10.);
#670=VECTOR('',#2613,10.);
#671=VECTOR('',#2614,10.);
#672=VECTOR('',#2615,10.);
#673=VECTOR('',#2616,10.);
#674=VECTOR('',#2617,10.);
#675=VECTOR('',#2618,10.);
#676=VECTOR('',#2619,10.);
#677=VECTOR('',#2620,10.);
#678=VECTOR('',#2621,10.);
#679=VECTOR('',#2622,10.);
#680=VECTOR('',#2623,10.);
#681=VECTOR('',#2624,10.);
#682=VECTOR('',#2625,10.);
#683=VECTOR('',#2628,10.);
#684=VECTOR('',#2631,10.);
#685=VECTOR('',#2634,10.);
#686=VECTOR('',#2635,10.);
#687=VECTOR('',#2638,10.);
#688=VECTOR('',#2641,10.);
#689=VECTOR('',#2644,10.);
#690=VECTOR('',#2645,10.);
#691=VECTOR('',#2648,10.);
#692=VECTOR('',#2651,10.);
#693=VECTOR('',#2654,10.);
#694=VECTOR('',#2655,10.);
#695=VECTOR('',#2658,10.);
#696=VECTOR('',#2661,10.);
#697=VECTOR('',#2664,10.);
#698=VECTOR('',#2665,10.);
#699=VECTOR('',#2668,10.);
#700=VECTOR('',#2669,10.);
#701=VECTOR('',#2670,10.);
#702=VECTOR('',#2673,10.);
#703=VECTOR('',#2674,10.);
#704=VECTOR('',#2677,10.);
#705=VECTOR('',#2680,10.);
#706=VECTOR('',#2685,10.);
#707=VECTOR('',#2686,10.);
#708=VECTOR('',#2687,10.);
#709=VECTOR('',#2690,10.);
#710=VECTOR('',#2691,10.);
#711=VECTOR('',#2694,10.);
#712=VECTOR('',#2695,10.);
#713=VECTOR('',#2696,10.);
#714=VECTOR('',#2697,10.);
#715=VECTOR('',#2698,10.);
#716=VECTOR('',#2699,10.);
#717=VECTOR('',#2702,10.);
#718=VECTOR('',#2703,10.);
#719=VECTOR('',#2706,10.);
#720=VECTOR('',#2707,10.);
#721=VECTOR('',#2710,10.);
#722=VECTOR('',#2711,10.);
#723=VECTOR('',#2712,10.);
#724=VECTOR('',#2715,10.);
#725=VECTOR('',#2716,10.);
#726=VECTOR('',#2717,10.);
#727=VECTOR('',#2718,10.);
#728=VECTOR('',#2723,10.);
#729=VECTOR('',#2724,10.);
#730=VECTOR('',#2725,10.);
#731=VECTOR('',#2728,10.);
#732=VECTOR('',#2731,10.);
#733=VECTOR('',#2732,10.);
#734=VECTOR('',#2735,10.);
#735=VECTOR('',#2738,10.);
#736=VECTOR('',#2739,10.);
#737=VECTOR('',#2740,10.);
#738=VECTOR('',#2743,10.);
#739=VECTOR('',#2744,10.);
#740=VECTOR('',#2747,10.);
#741=VECTOR('',#2750,10.);
#742=VECTOR('',#2751,10.);
#743=VECTOR('',#2754,10.);
#744=VECTOR('',#2757,10.);
#745=VECTOR('',#2758,10.);
#746=VECTOR('',#2761,10.);
#747=VECTOR('',#2762,10.);
#748=VECTOR('',#2765,10.);
#749=VECTOR('',#2768,10.);
#750=VECTOR('',#2771,10.);
#751=VECTOR('',#2774,10.);
#752=VECTOR('',#2777,10.);
#753=VECTOR('',#2778,10.);
#754=VECTOR('',#2783,10.);
#755=VECTOR('',#2784,10.);
#756=VECTOR('',#2787,10.);
#757=VECTOR('',#2790,10.);
#758=VECTOR('',#2795,10.);
#759=VECTOR('',#2798,10.);
#760=VECTOR('',#2799,10.);
#761=VECTOR('',#2800,10.);
#762=VECTOR('',#2803,10.);
#763=VECTOR('',#2806,10.);
#764=VECTOR('',#2807,10.);
#765=VECTOR('',#2810,10.);
#766=VECTOR('',#2811,10.);
#767=VECTOR('',#2814,10.);
#768=VECTOR('',#2815,10.);
#769=VECTOR('',#2820,10.);
#770=VECTOR('',#2821,10.);
#771=VECTOR('',#2824,10.);
#772=VECTOR('',#2825,10.);
#773=VECTOR('',#2826,10.);
#774=VECTOR('',#2829,10.);
#775=VECTOR('',#2832,10.);
#776=VECTOR('',#2833,10.);
#777=VECTOR('',#2836,10.);
#778=VECTOR('',#2837,10.);
#779=VECTOR('',#2838,10.);
#780=VECTOR('',#2839,10.);
#781=VECTOR('',#2842,10.);
#782=VECTOR('',#2845,10.);
#783=VECTOR('',#2848,10.);
#784=VECTOR('',#2851,10.);
#785=VECTOR('',#2854,10.);
#786=VECTOR('',#2855,10.);
#787=VECTOR('',#2858,10.);
#788=VECTOR('',#2859,10.);
#789=VECTOR('',#2862,10.);
#790=VECTOR('',#2863,10.);
#791=VECTOR('',#2866,10.);
#792=VECTOR('',#2867,10.);
#793=VECTOR('',#2878,10.);
#794=VECTOR('',#2879,10.);
#795=VECTOR('',#2882,10.);
#796=VECTOR('',#2883,10.);
#797=VECTOR('',#2886,10.);
#798=VECTOR('',#2889,10.);
#799=VECTOR('',#2890,10.);
#800=VECTOR('',#2893,10.);
#801=VECTOR('',#2894,10.);
#802=VECTOR('',#2897,10.);
#803=VECTOR('',#2900,10.);
#804=VECTOR('',#2903,10.);
#805=VECTOR('',#2906,10.);
#806=VECTOR('',#2909,10.);
#807=VECTOR('',#2922,10.);
#808=VECTOR('',#2925,10.);
#809=VECTOR('',#2926,10.);
#810=VECTOR('',#2927,10.);
#811=VECTOR('',#2928,10.);
#812=VECTOR('',#2931,10.);
#813=VECTOR('',#2934,10.);
#814=VECTOR('',#2941,10.);
#815=VECTOR('',#2950,10.);
#816=VECTOR('',#2951,10.);
#817=VECTOR('',#2952,10.);
#818=VECTOR('',#2955,10.);
#819=VECTOR('',#2956,10.);
#820=VECTOR('',#2957,10.);
#821=VECTOR('',#2960,10.);
#822=VECTOR('',#2963,10.);
#823=VECTOR('',#2968,10.);
#824=VECTOR('',#2969,10.);
#825=VECTOR('',#2970,10.);
#826=VECTOR('',#2973,10.);
#827=VECTOR('',#2974,10.);
#828=VECTOR('',#2977,10.);
#829=VECTOR('',#2978,10.);
#830=VECTOR('',#2981,10.);
#831=VECTOR('',#2986,10.);
#832=VECTOR('',#2991,10.);
#833=VECTOR('',#2992,10.);
#834=VECTOR('',#2993,10.);
#835=VECTOR('',#2996,10.);
#836=VECTOR('',#2997,10.);
#837=VECTOR('',#3000,10.);
#838=VECTOR('',#3001,10.);
#839=VECTOR('',#3004,10.);
#840=VERTEX_POINT('',#3009);
#841=VERTEX_POINT('',#3010);
#842=VERTEX_POINT('',#3012);
#843=VERTEX_POINT('',#3014);
#844=VERTEX_POINT('',#3016);
#845=VERTEX_POINT('',#3018);
#846=VERTEX_POINT('',#3020);
#847=VERTEX_POINT('',#3024);
#848=VERTEX_POINT('',#3026);
#849=VERTEX_POINT('',#3028);
#850=VERTEX_POINT('',#3030);
#851=VERTEX_POINT('',#3032);
#852=VERTEX_POINT('',#3036);
#853=VERTEX_POINT('',#3038);
#854=VERTEX_POINT('',#3045);
#855=VERTEX_POINT('',#3050);
#856=VERTEX_POINT('',#3052);
#857=VERTEX_POINT('',#3054);
#858=VERTEX_POINT('',#3056);
#859=VERTEX_POINT('',#3058);
#860=VERTEX_POINT('',#3060);
#861=VERTEX_POINT('',#3062);
#862=VERTEX_POINT('',#3064);
#863=VERTEX_POINT('',#3066);
#864=VERTEX_POINT('',#3068);
#865=VERTEX_POINT('',#3070);
#866=VERTEX_POINT('',#3072);
#867=VERTEX_POINT('',#3074);
#868=VERTEX_POINT('',#3076);
#869=VERTEX_POINT('',#3078);
#870=VERTEX_POINT('',#3080);
#871=VERTEX_POINT('',#3082);
#872=VERTEX_POINT('',#3084);
#873=VERTEX_POINT('',#3086);
#874=VERTEX_POINT('',#3088);
#875=VERTEX_POINT('',#3090);
#876=VERTEX_POINT('',#3092);
#877=VERTEX_POINT('',#3094);
#878=VERTEX_POINT('',#3096);
#879=VERTEX_POINT('',#3098);
#880=VERTEX_POINT('',#3100);
#881=VERTEX_POINT('',#3102);
#882=VERTEX_POINT('',#3104);
#883=VERTEX_POINT('',#3106);
#884=VERTEX_POINT('',#3108);
#885=VERTEX_POINT('',#3110);
#886=VERTEX_POINT('',#3112);
#887=VERTEX_POINT('',#3114);
#888=VERTEX_POINT('',#3116);
#889=VERTEX_POINT('',#3118);
#890=VERTEX_POINT('',#3120);
#891=VERTEX_POINT('',#3122);
#892=VERTEX_POINT('',#3124);
#893=VERTEX_POINT('',#3126);
#894=VERTEX_POINT('',#3128);
#895=VERTEX_POINT('',#3130);
#896=VERTEX_POINT('',#3132);
#897=VERTEX_POINT('',#3134);
#898=VERTEX_POINT('',#3141);
#899=VERTEX_POINT('',#3143);
#900=VERTEX_POINT('',#3149);
#901=VERTEX_POINT('',#3155);
#902=VERTEX_POINT('',#3156);
#903=VERTEX_POINT('',#3158);
#904=VERTEX_POINT('',#3160);
#905=VERTEX_POINT('',#3162);
#906=VERTEX_POINT('',#3164);
#907=VERTEX_POINT('',#3166);
#908=VERTEX_POINT('',#3168);
#909=VERTEX_POINT('',#3170);
#910=VERTEX_POINT('',#3172);
#911=VERTEX_POINT('',#3174);
#912=VERTEX_POINT('',#3176);
#913=VERTEX_POINT('',#3178);
#914=VERTEX_POINT('',#3180);
#915=VERTEX_POINT('',#3182);
#916=VERTEX_POINT('',#3184);
#917=VERTEX_POINT('',#3186);
#918=VERTEX_POINT('',#3188);
#919=VERTEX_POINT('',#3190);
#920=VERTEX_POINT('',#3192);
#921=VERTEX_POINT('',#3194);
#922=VERTEX_POINT('',#3196);
#923=VERTEX_POINT('',#3198);
#924=VERTEX_POINT('',#3200);
#925=VERTEX_POINT('',#3202);
#926=VERTEX_POINT('',#3204);
#927=VERTEX_POINT('',#3206);
#928=VERTEX_POINT('',#3208);
#929=VERTEX_POINT('',#3210);
#930=VERTEX_POINT('',#3212);
#931=VERTEX_POINT('',#3214);
#932=VERTEX_POINT('',#3218);
#933=VERTEX_POINT('',#3220);
#934=VERTEX_POINT('',#3222);
#935=VERTEX_POINT('',#3224);
#936=VERTEX_POINT('',#3226);
#937=VERTEX_POINT('',#3228);
#938=VERTEX_POINT('',#3230);
#939=VERTEX_POINT('',#3233);
#940=VERTEX_POINT('',#3235);
#941=VERTEX_POINT('',#3238);
#942=VERTEX_POINT('',#3240);
#943=VERTEX_POINT('',#3242);
#944=VERTEX_POINT('',#3244);
#945=VERTEX_POINT('',#3246);
#946=VERTEX_POINT('',#3248);
#947=VERTEX_POINT('',#3250);
#948=VERTEX_POINT('',#3253);
#949=VERTEX_POINT('',#3255);
#950=VERTEX_POINT('',#3258);
#951=VERTEX_POINT('',#3260);
#952=VERTEX_POINT('',#3262);
#953=VERTEX_POINT('',#3264);
#954=VERTEX_POINT('',#3266);
#955=VERTEX_POINT('',#3268);
#956=VERTEX_POINT('',#3270);
#957=VERTEX_POINT('',#3273);
#958=VERTEX_POINT('',#3275);
#959=VERTEX_POINT('',#3278);
#960=VERTEX_POINT('',#3280);
#961=VERTEX_POINT('',#3282);
#962=VERTEX_POINT('',#3284);
#963=VERTEX_POINT('',#3286);
#964=VERTEX_POINT('',#3288);
#965=VERTEX_POINT('',#3290);
#966=VERTEX_POINT('',#3293);
#967=VERTEX_POINT('',#3295);
#968=VERTEX_POINT('',#3298);
#969=VERTEX_POINT('',#3299);
#970=VERTEX_POINT('',#3301);
#971=VERTEX_POINT('',#3303);
#972=VERTEX_POINT('',#3305);
#973=VERTEX_POINT('',#3307);
#974=VERTEX_POINT('',#3309);
#975=VERTEX_POINT('',#3311);
#976=VERTEX_POINT('',#3313);
#977=VERTEX_POINT('',#3315);
#978=VERTEX_POINT('',#3317);
#979=VERTEX_POINT('',#3319);
#980=VERTEX_POINT('',#3321);
#981=VERTEX_POINT('',#3323);
#982=VERTEX_POINT('',#3325);
#983=VERTEX_POINT('',#3327);
#984=VERTEX_POINT('',#3329);
#985=VERTEX_POINT('',#3331);
#986=VERTEX_POINT('',#3333);
#987=VERTEX_POINT('',#3335);
#988=VERTEX_POINT('',#3337);
#989=VERTEX_POINT('',#3339);
#990=VERTEX_POINT('',#3341);
#991=VERTEX_POINT('',#3343);
#992=VERTEX_POINT('',#3345);
#993=VERTEX_POINT('',#3347);
#994=VERTEX_POINT('',#3349);
#995=VERTEX_POINT('',#3351);
#996=VERTEX_POINT('',#3355);
#997=VERTEX_POINT('',#3356);
#998=VERTEX_POINT('',#3361);
#999=VERTEX_POINT('',#3365);
#1000=VERTEX_POINT('',#3367);
#1001=VERTEX_POINT('',#3372);
#1002=VERTEX_POINT('',#3373);
#1003=VERTEX_POINT('',#3378);
#1004=VERTEX_POINT('',#3382);
#1005=VERTEX_POINT('',#3384);
#1006=VERTEX_POINT('',#3386);
#1007=VERTEX_POINT('',#3388);
#1008=VERTEX_POINT('',#3396);
#1009=VERTEX_POINT('',#3400);
#1010=VERTEX_POINT('',#3401);
#1011=VERTEX_POINT('',#3403);
#1012=VERTEX_POINT('',#3405);
#1013=VERTEX_POINT('',#3407);
#1014=VERTEX_POINT('',#3410);
#1015=VERTEX_POINT('',#3412);
#1016=VERTEX_POINT('',#3417);
#1017=VERTEX_POINT('',#3419);
#1018=VERTEX_POINT('',#3430);
#1019=VERTEX_POINT('',#3432);
#1020=VERTEX_POINT('',#3436);
#1021=VERTEX_POINT('',#3447);
#1022=VERTEX_POINT('',#3451);
#1023=VERTEX_POINT('',#3455);
#1024=VERTEX_POINT('',#3457);
#1025=VERTEX_POINT('',#3479);
#1026=VERTEX_POINT('',#3481);
#1027=VERTEX_POINT('',#3490);
#1028=VERTEX_POINT('',#3494);
#1029=VERTEX_POINT('',#3499);
#1030=VERTEX_POINT('',#3503);
#1031=VERTEX_POINT('',#3505);
#1032=VERTEX_POINT('',#3514);
#1033=VERTEX_POINT('',#3515);
#1034=VERTEX_POINT('',#3518);
#1035=VERTEX_POINT('',#3546);
#1036=VERTEX_POINT('',#3550);
#1037=VERTEX_POINT('',#3556);
#1038=VERTEX_POINT('',#3560);
#1039=VERTEX_POINT('',#3581);
#1040=VERTEX_POINT('',#3584);
#1041=VERTEX_POINT('',#3599);
#1042=VERTEX_POINT('',#3601);
#1043=VERTEX_POINT('',#3605);
#1044=VERTEX_POINT('',#3606);
#1045=VERTEX_POINT('',#3616);
#1046=VERTEX_POINT('',#3618);
#1047=VERTEX_POINT('',#3622);
#1048=VERTEX_POINT('',#3626);
#1049=VERTEX_POINT('',#3636);
#1050=VERTEX_POINT('',#3638);
#1051=VERTEX_POINT('',#3642);
#1052=VERTEX_POINT('',#3646);
#1053=EDGE_CURVE('',#840,#841,#306,.T.);
#1054=EDGE_CURVE('',#842,#840,#307,.T.);
#1055=EDGE_CURVE('',#843,#842,#308,.T.);
#1056=EDGE_CURVE('',#844,#843,#309,.T.);
#1057=EDGE_CURVE('',#845,#844,#310,.T.);
#1058=EDGE_CURVE('',#845,#846,#311,.T.);
#1059=EDGE_CURVE('',#846,#841,#312,.T.);
#1060=EDGE_CURVE('',#841,#847,#313,.T.);
#1061=EDGE_CURVE('',#846,#848,#314,.T.);
#1062=EDGE_CURVE('',#848,#849,#315,.T.);
#1063=EDGE_CURVE('',#850,#849,#316,.T.);
#1064=EDGE_CURVE('',#851,#850,#317,.T.);
#1065=EDGE_CURVE('',#847,#851,#318,.T.);
#1066=EDGE_CURVE('',#852,#845,#319,.T.);
#1067=EDGE_CURVE('',#853,#844,#320,.T.);
#1068=EDGE_CURVE('',#852,#853,#321,.T.);
#1069=EDGE_CURVE('',#848,#852,#322,.T.);
#1070=EDGE_CURVE('',#849,#853,#323,.T.);
#1071=EDGE_CURVE('',#850,#854,#324,.T.);
#1072=EDGE_CURVE('',#854,#843,#325,.T.);
#1073=EDGE_CURVE('',#851,#855,#17,.T.);
#1074=EDGE_CURVE('',#855,#856,#326,.T.);
#1075=EDGE_CURVE('',#857,#856,#18,.T.);
#1076=EDGE_CURVE('',#857,#858,#327,.T.);
#1077=EDGE_CURVE('',#858,#859,#19,.T.);
#1078=EDGE_CURVE('',#859,#860,#20,.T.);
#1079=EDGE_CURVE('',#860,#861,#328,.T.);
#1080=EDGE_CURVE('',#862,#861,#21,.T.);
#1081=EDGE_CURVE('',#862,#863,#329,.T.);
#1082=EDGE_CURVE('',#863,#864,#22,.T.);
#1083=EDGE_CURVE('',#864,#865,#330,.T.);
#1084=EDGE_CURVE('',#866,#865,#23,.T.);
#1085=EDGE_CURVE('',#866,#867,#331,.T.);
#1086=EDGE_CURVE('',#867,#868,#24,.T.);
#1087=EDGE_CURVE('',#868,#869,#332,.T.);
#1088=EDGE_CURVE('',#869,#870,#25,.T.);
#1089=EDGE_CURVE('',#870,#871,#333,.T.);
#1090=EDGE_CURVE('',#871,#872,#26,.T.);
#1091=EDGE_CURVE('',#872,#873,#334,.T.);
#1092=EDGE_CURVE('',#874,#873,#27,.T.);
#1093=EDGE_CURVE('',#874,#875,#335,.T.);
#1094=EDGE_CURVE('',#875,#876,#28,.T.);
#1095=EDGE_CURVE('',#876,#877,#336,.T.);
#1096=EDGE_CURVE('',#878,#877,#29,.T.);
#1097=EDGE_CURVE('',#878,#879,#337,.T.);
#1098=EDGE_CURVE('',#879,#880,#30,.T.);
#1099=EDGE_CURVE('',#880,#881,#31,.T.);
#1100=EDGE_CURVE('',#881,#882,#338,.T.);
#1101=EDGE_CURVE('',#883,#882,#32,.T.);
#1102=EDGE_CURVE('',#883,#884,#339,.T.);
#1103=EDGE_CURVE('',#884,#885,#33,.T.);
#1104=EDGE_CURVE('',#885,#886,#340,.T.);
#1105=EDGE_CURVE('',#887,#886,#34,.T.);
#1106=EDGE_CURVE('',#887,#888,#341,.T.);
#1107=EDGE_CURVE('',#888,#889,#35,.T.);
#1108=EDGE_CURVE('',#889,#890,#36,.T.);
#1109=EDGE_CURVE('',#890,#891,#342,.T.);
#1110=EDGE_CURVE('',#892,#891,#37,.T.);
#1111=EDGE_CURVE('',#892,#893,#343,.T.);
#1112=EDGE_CURVE('',#893,#894,#38,.T.);
#1113=EDGE_CURVE('',#894,#895,#344,.T.);
#1114=EDGE_CURVE('',#896,#895,#39,.T.);
#1115=EDGE_CURVE('',#896,#897,#345,.T.);
#1116=EDGE_CURVE('',#897,#842,#40,.T.);
#1117=EDGE_CURVE('',#847,#840,#41,.T.);
#1118=EDGE_CURVE('',#843,#897,#346,.T.);
#1119=EDGE_CURVE('',#855,#898,#347,.T.);
#1120=EDGE_CURVE('',#898,#899,#348,.T.);
#1121=EDGE_CURVE('',#856,#899,#349,.T.);
#1122=EDGE_CURVE('',#898,#850,#350,.T.);
#1123=EDGE_CURVE('',#900,#896,#351,.T.);
#1124=EDGE_CURVE('',#854,#900,#352,.T.);
#1125=EDGE_CURVE('',#899,#900,#353,.T.);
#1126=EDGE_CURVE('',#901,#902,#42,.T.);
#1127=EDGE_CURVE('',#902,#903,#354,.T.);
#1128=EDGE_CURVE('',#903,#904,#43,.T.);
#1129=EDGE_CURVE('',#905,#904,#355,.T.);
#1130=EDGE_CURVE('',#906,#905,#356,.T.);
#1131=EDGE_CURVE('',#906,#907,#44,.T.);
#1132=EDGE_CURVE('',#908,#907,#357,.T.);
#1133=EDGE_CURVE('',#908,#909,#45,.T.);
#1134=EDGE_CURVE('',#910,#909,#358,.T.);
#1135=EDGE_CURVE('',#910,#911,#46,.T.);
#1136=EDGE_CURVE('',#912,#911,#359,.T.);
#1137=EDGE_CURVE('',#913,#912,#360,.T.);
#1138=EDGE_CURVE('',#913,#914,#47,.T.);
#1139=EDGE_CURVE('',#915,#914,#361,.T.);
#1140=EDGE_CURVE('',#915,#916,#48,.T.);
#1141=EDGE_CURVE('',#917,#916,#362,.T.);
#1142=EDGE_CURVE('',#917,#918,#49,.T.);
#1143=EDGE_CURVE('',#919,#918,#363,.T.);
#1144=EDGE_CURVE('',#920,#919,#364,.T.);
#1145=EDGE_CURVE('',#920,#921,#50,.T.);
#1146=EDGE_CURVE('',#922,#921,#365,.T.);
#1147=EDGE_CURVE('',#922,#923,#51,.T.);
#1148=EDGE_CURVE('',#924,#923,#366,.T.);
#1149=EDGE_CURVE('',#924,#925,#52,.T.);
#1150=EDGE_CURVE('',#926,#925,#367,.T.);
#1151=EDGE_CURVE('',#927,#926,#368,.T.);
#1152=EDGE_CURVE('',#927,#928,#53,.T.);
#1153=EDGE_CURVE('',#928,#929,#369,.T.);
#1154=EDGE_CURVE('',#929,#930,#54,.T.);
#1155=EDGE_CURVE('',#931,#930,#370,.T.);
#1156=EDGE_CURVE('',#901,#931,#371,.T.);
#1157=EDGE_CURVE('',#895,#932,#372,.T.);
#1158=EDGE_CURVE('',#932,#933,#373,.T.);
#1159=EDGE_CURVE('',#933,#934,#374,.T.);
#1160=EDGE_CURVE('',#934,#935,#375,.T.);
#1161=EDGE_CURVE('',#935,#936,#376,.T.);
#1162=EDGE_CURVE('',#936,#937,#377,.T.);
#1163=EDGE_CURVE('',#937,#938,#378,.T.);
#1164=EDGE_CURVE('',#938,#892,#379,.T.);
#1165=EDGE_CURVE('',#891,#939,#380,.T.);
#1166=EDGE_CURVE('',#939,#940,#381,.T.);
#1167=EDGE_CURVE('',#940,#887,#382,.T.);
#1168=EDGE_CURVE('',#886,#941,#383,.T.);
#1169=EDGE_CURVE('',#941,#942,#384,.T.);
#1170=EDGE_CURVE('',#942,#943,#385,.T.);
#1171=EDGE_CURVE('',#943,#944,#386,.T.);
#1172=EDGE_CURVE('',#944,#945,#387,.T.);
#1173=EDGE_CURVE('',#945,#946,#388,.T.);
#1174=EDGE_CURVE('',#946,#947,#389,.T.);
#1175=EDGE_CURVE('',#947,#883,#390,.T.);
#1176=EDGE_CURVE('',#882,#948,#391,.T.);
#1177=EDGE_CURVE('',#948,#949,#392,.T.);
#1178=EDGE_CURVE('',#949,#878,#393,.T.);
#1179=EDGE_CURVE('',#877,#950,#394,.T.);
#1180=EDGE_CURVE('',#950,#951,#395,.T.);
#1181=EDGE_CURVE('',#951,#952,#396,.T.);
#1182=EDGE_CURVE('',#952,#953,#397,.T.);
#1183=EDGE_CURVE('',#953,#954,#398,.T.);
#1184=EDGE_CURVE('',#954,#955,#399,.T.);
#1185=EDGE_CURVE('',#955,#956,#400,.T.);
#1186=EDGE_CURVE('',#956,#874,#401,.T.);
#1187=EDGE_CURVE('',#873,#957,#402,.T.);
#1188=EDGE_CURVE('',#957,#958,#403,.T.);
#1189=EDGE_CURVE('',#958,#866,#404,.T.);
#1190=EDGE_CURVE('',#865,#959,#405,.T.);
#1191=EDGE_CURVE('',#959,#960,#406,.T.);
#1192=EDGE_CURVE('',#960,#961,#407,.T.);
#1193=EDGE_CURVE('',#961,#962,#408,.T.);
#1194=EDGE_CURVE('',#962,#963,#409,.T.);
#1195=EDGE_CURVE('',#963,#964,#410,.T.);
#1196=EDGE_CURVE('',#964,#965,#411,.T.);
#1197=EDGE_CURVE('',#965,#862,#412,.T.);
#1198=EDGE_CURVE('',#861,#966,#413,.T.);
#1199=EDGE_CURVE('',#966,#967,#414,.T.);
#1200=EDGE_CURVE('',#967,#857,#415,.T.);
#1201=EDGE_CURVE('',#968,#969,#55,.T.);
#1202=EDGE_CURVE('',#969,#970,#416,.T.);
#1203=EDGE_CURVE('',#970,#971,#56,.T.);
#1204=EDGE_CURVE('',#971,#972,#417,.T.);
#1205=EDGE_CURVE('',#972,#973,#57,.T.);
#1206=EDGE_CURVE('',#973,#974,#418,.T.);
#1207=EDGE_CURVE('',#974,#975,#419,.T.);
#1208=EDGE_CURVE('',#975,#976,#58,.T.);
#1209=EDGE_CURVE('',#976,#977,#420,.T.);
#1210=EDGE_CURVE('',#977,#978,#59,.T.);
#1211=EDGE_CURVE('',#978,#979,#421,.T.);
#1212=EDGE_CURVE('',#979,#980,#60,.T.);
#1213=EDGE_CURVE('',#980,#981,#422,.T.);
#1214=EDGE_CURVE('',#981,#982,#423,.T.);
#1215=EDGE_CURVE('',#982,#983,#61,.T.);
#1216=EDGE_CURVE('',#983,#984,#424,.T.);
#1217=EDGE_CURVE('',#984,#985,#62,.T.);
#1218=EDGE_CURVE('',#985,#986,#425,.T.);
#1219=EDGE_CURVE('',#986,#987,#63,.T.);
#1220=EDGE_CURVE('',#987,#988,#426,.T.);
#1221=EDGE_CURVE('',#988,#989,#427,.T.);
#1222=EDGE_CURVE('',#989,#990,#64,.T.);
#1223=EDGE_CURVE('',#990,#991,#428,.T.);
#1224=EDGE_CURVE('',#991,#992,#65,.T.);
#1225=EDGE_CURVE('',#992,#993,#429,.T.);
#1226=EDGE_CURVE('',#993,#994,#66,.T.);
#1227=EDGE_CURVE('',#994,#995,#430,.T.);
#1228=EDGE_CURVE('',#995,#968,#431,.T.);
#1229=EDGE_CURVE('',#996,#997,#432,.T.);
#1230=EDGE_CURVE('',#996,#931,#433,.T.);
#1231=EDGE_CURVE('',#997,#930,#434,.T.);
#1232=EDGE_CURVE('',#998,#996,#435,.T.);
#1233=EDGE_CURVE('',#901,#998,#436,.T.);
#1234=EDGE_CURVE('',#929,#999,#437,.T.);
#1235=EDGE_CURVE('',#999,#1000,#67,.T.);
#1236=EDGE_CURVE('',#1000,#902,#438,.T.);
#1237=EDGE_CURVE('',#997,#998,#68,.T.);
#1238=EDGE_CURVE('',#1001,#1002,#439,.T.);
#1239=EDGE_CURVE('',#1002,#936,#440,.T.);
#1240=EDGE_CURVE('',#1001,#935,#441,.T.);
#1241=EDGE_CURVE('',#1002,#1003,#442,.T.);
#1242=EDGE_CURVE('',#1003,#937,#443,.T.);
#1243=EDGE_CURVE('',#1003,#1004,#444,.T.);
#1244=EDGE_CURVE('',#1005,#1001,#445,.T.);
#1245=EDGE_CURVE('',#1006,#1005,#446,.T.);
#1246=EDGE_CURVE('',#1007,#1006,#447,.T.);
#1247=EDGE_CURVE('',#894,#1007,#448,.T.);
#1248=EDGE_CURVE('',#1004,#893,#449,.T.);
#1249=EDGE_CURVE('',#999,#870,#450,.T.);
#1250=EDGE_CURVE('',#869,#1000,#451,.T.);
#1251=EDGE_CURVE('',#1008,#928,#452,.T.);
#1252=EDGE_CURVE('',#1008,#871,#453,.T.);
#1253=EDGE_CURVE('',#1009,#1010,#454,.T.);
#1254=EDGE_CURVE('',#1011,#1009,#455,.T.);
#1255=EDGE_CURVE('',#1012,#1011,#456,.T.);
#1256=EDGE_CURVE('',#1013,#1012,#69,.T.);
#1257=EDGE_CURVE('',#868,#1013,#457,.T.);
#1258=EDGE_CURVE('',#1014,#867,#458,.T.);
#1259=EDGE_CURVE('',#1015,#1014,#459,.T.);
#1260=EDGE_CURVE('',#872,#1015,#460,.T.);
#1261=EDGE_CURVE('',#1010,#1008,#70,.T.);
#1262=EDGE_CURVE('',#1016,#1009,#461,.T.);
#1263=EDGE_CURVE('',#1017,#1016,#462,.T.);
#1264=EDGE_CURVE('',#1011,#1017,#463,.T.);
#1265=EDGE_CURVE('',#903,#1013,#464,.T.);
#1266=EDGE_CURVE('',#927,#987,#465,.T.);
#1267=EDGE_CURVE('',#986,#1010,#466,.T.);
#1268=EDGE_CURVE('',#1015,#957,#467,.T.);
#1269=EDGE_CURVE('',#942,#1018,#468,.T.);
#1270=EDGE_CURVE('',#1019,#941,#469,.T.);
#1271=EDGE_CURVE('',#1019,#1018,#470,.T.);
#1272=EDGE_CURVE('',#1020,#947,#471,.T.);
#1273=EDGE_CURVE('',#1020,#884,#472,.T.);
#1274=EDGE_CURVE('',#885,#1019,#473,.T.);
#1275=EDGE_CURVE('',#968,#918,#474,.T.);
#1276=EDGE_CURVE('',#919,#995,#475,.T.);
#1277=EDGE_CURVE('',#920,#994,#476,.T.);
#1278=EDGE_CURVE('',#1021,#946,#477,.T.);
#1279=EDGE_CURVE('',#1021,#1020,#478,.T.);
#1280=EDGE_CURVE('',#1018,#1022,#479,.T.);
#1281=EDGE_CURVE('',#1022,#1021,#480,.T.);
#1282=EDGE_CURVE('',#1023,#1016,#481,.T.);
#1283=EDGE_CURVE('',#1023,#1024,#71,.T.);
#1284=EDGE_CURVE('',#1017,#1024,#482,.T.);
#1285=EDGE_CURVE('',#917,#969,#483,.T.);
#1286=EDGE_CURVE('',#993,#921,#484,.T.);
#1287=EDGE_CURVE('',#933,#1006,#485,.T.);
#1288=EDGE_CURVE('',#1007,#932,#486,.T.);
#1289=EDGE_CURVE('',#975,#911,#487,.T.);
#1290=EDGE_CURVE('',#912,#974,#488,.T.);
#1291=EDGE_CURVE('',#1004,#938,#489,.T.);
#1292=EDGE_CURVE('',#913,#973,#490,.T.);
#1293=EDGE_CURVE('',#972,#914,#491,.T.);
#1294=EDGE_CURVE('',#951,#1025,#492,.T.);
#1295=EDGE_CURVE('',#1026,#950,#493,.T.);
#1296=EDGE_CURVE('',#1026,#1025,#494,.T.);
#1297=EDGE_CURVE('',#876,#1026,#495,.T.);
#1298=EDGE_CURVE('',#989,#925,#496,.T.);
#1299=EDGE_CURVE('',#926,#988,#497,.T.);
#1300=EDGE_CURVE('',#1027,#956,#498,.T.);
#1301=EDGE_CURVE('',#1027,#875,#499,.T.);
#1302=EDGE_CURVE('',#1028,#955,#500,.T.);
#1303=EDGE_CURVE('',#1028,#1027,#501,.T.);
#1304=EDGE_CURVE('',#1025,#1029,#502,.T.);
#1305=EDGE_CURVE('',#1029,#1028,#503,.T.);
#1306=EDGE_CURVE('',#960,#1030,#504,.T.);
#1307=EDGE_CURVE('',#1031,#959,#505,.T.);
#1308=EDGE_CURVE('',#1031,#1030,#506,.T.);
#1309=EDGE_CURVE('',#864,#1031,#507,.T.);
#1310=EDGE_CURVE('',#982,#904,#508,.T.);
#1311=EDGE_CURVE('',#905,#981,#509,.T.);
#1312=EDGE_CURVE('',#1032,#1033,#510,.T.);
#1313=EDGE_CURVE('',#1030,#1032,#511,.T.);
#1314=EDGE_CURVE('',#1034,#863,#512,.T.);
#1315=EDGE_CURVE('',#1033,#1034,#513,.T.);
#1316=EDGE_CURVE('',#1034,#965,#514,.T.);
#1317=EDGE_CURVE('',#906,#980,#515,.T.);
#1318=EDGE_CURVE('',#1033,#964,#516,.T.);
#1319=EDGE_CURVE('',#979,#907,#517,.T.);
#1320=EDGE_CURVE('',#1024,#984,#518,.T.);
#1321=EDGE_CURVE('',#985,#1023,#519,.T.);
#1322=EDGE_CURVE('',#992,#922,#520,.T.);
#1323=EDGE_CURVE('',#923,#991,#521,.T.);
#1324=EDGE_CURVE('',#909,#977,#522,.T.);
#1325=EDGE_CURVE('',#978,#908,#523,.T.);
#1326=EDGE_CURVE('',#971,#915,#524,.T.);
#1327=EDGE_CURVE('',#916,#970,#525,.T.);
#1328=EDGE_CURVE('',#860,#1035,#526,.T.);
#1329=EDGE_CURVE('',#1035,#966,#527,.T.);
#1330=EDGE_CURVE('',#1036,#949,#528,.T.);
#1331=EDGE_CURVE('',#1036,#879,#529,.T.);
#1332=EDGE_CURVE('',#924,#990,#530,.T.);
#1333=EDGE_CURVE('',#1037,#967,#531,.T.);
#1334=EDGE_CURVE('',#1037,#858,#532,.T.);
#1335=EDGE_CURVE('',#881,#1038,#533,.T.);
#1336=EDGE_CURVE('',#1038,#948,#534,.T.);
#1337=EDGE_CURVE('',#910,#976,#535,.T.);
#1338=EDGE_CURVE('',#1035,#859,#536,.T.);
#1339=EDGE_CURVE('',#859,#1037,#537,.T.);
#1340=EDGE_CURVE('',#1038,#880,#538,.T.);
#1341=EDGE_CURVE('',#880,#1036,#539,.T.);
#1342=EDGE_CURVE('',#1014,#958,#540,.T.);
#1343=EDGE_CURVE('',#1039,#939,#541,.T.);
#1344=EDGE_CURVE('',#1039,#889,#542,.T.);
#1345=EDGE_CURVE('',#889,#1040,#543,.T.);
#1346=EDGE_CURVE('',#1040,#940,#544,.T.);
#1347=EDGE_CURVE('',#1040,#888,#545,.T.);
#1348=EDGE_CURVE('',#890,#1039,#546,.T.);
#1349=EDGE_CURVE('',#1012,#983,#547,.T.);
#1350=EDGE_CURVE('',#1041,#963,#548,.T.);
#1351=EDGE_CURVE('',#1041,#1042,#549,.T.);
#1352=EDGE_CURVE('',#1042,#1032,#550,.T.);
#1353=EDGE_CURVE('',#1043,#1044,#551,.T.);
#1354=EDGE_CURVE('',#1044,#962,#552,.T.);
#1355=EDGE_CURVE('',#1043,#961,#553,.T.);
#1356=EDGE_CURVE('',#1042,#1043,#554,.T.);
#1357=EDGE_CURVE('',#1044,#1041,#555,.T.);
#1358=EDGE_CURVE('',#1045,#954,#556,.T.);
#1359=EDGE_CURVE('',#1045,#1046,#557,.T.);
#1360=EDGE_CURVE('',#1046,#1029,#558,.T.);
#1361=EDGE_CURVE('',#1047,#1045,#559,.T.);
#1362=EDGE_CURVE('',#1047,#953,#560,.T.);
#1363=EDGE_CURVE('',#1048,#1047,#561,.T.);
#1364=EDGE_CURVE('',#1048,#952,#562,.T.);
#1365=EDGE_CURVE('',#1046,#1048,#563,.T.);
#1366=EDGE_CURVE('',#1005,#934,#564,.T.);
#1367=EDGE_CURVE('',#1049,#945,#565,.T.);
#1368=EDGE_CURVE('',#1049,#1050,#566,.T.);
#1369=EDGE_CURVE('',#1050,#1022,#567,.T.);
#1370=EDGE_CURVE('',#1051,#1049,#568,.T.);
#1371=EDGE_CURVE('',#1051,#944,#569,.T.);
#1372=EDGE_CURVE('',#1052,#1051,#570,.T.);
#1373=EDGE_CURVE('',#1052,#943,#571,.T.);
#1374=EDGE_CURVE('',#1050,#1052,#572,.T.);
#1375=ORIENTED_EDGE('',*,*,#1053,.F.);
#1376=ORIENTED_EDGE('',*,*,#1054,.F.);
#1377=ORIENTED_EDGE('',*,*,#1055,.F.);
#1378=ORIENTED_EDGE('',*,*,#1056,.F.);
#1379=ORIENTED_EDGE('',*,*,#1057,.F.);
#1380=ORIENTED_EDGE('',*,*,#1058,.T.);
#1381=ORIENTED_EDGE('',*,*,#1059,.T.);
#1382=ORIENTED_EDGE('',*,*,#1060,.F.);
#1383=ORIENTED_EDGE('',*,*,#1059,.F.);
#1384=ORIENTED_EDGE('',*,*,#1061,.T.);
#1385=ORIENTED_EDGE('',*,*,#1062,.T.);
#1386=ORIENTED_EDGE('',*,*,#1063,.F.);
#1387=ORIENTED_EDGE('',*,*,#1064,.F.);
#1388=ORIENTED_EDGE('',*,*,#1065,.F.);
#1389=ORIENTED_EDGE('',*,*,#1066,.T.);
#1390=ORIENTED_EDGE('',*,*,#1057,.T.);
#1391=ORIENTED_EDGE('',*,*,#1067,.F.);
#1392=ORIENTED_EDGE('',*,*,#1068,.F.);
#1393=ORIENTED_EDGE('',*,*,#1069,.T.);
#1394=ORIENTED_EDGE('',*,*,#1068,.T.);
#1395=ORIENTED_EDGE('',*,*,#1070,.F.);
#1396=ORIENTED_EDGE('',*,*,#1062,.F.);
#1397=ORIENTED_EDGE('',*,*,#1071,.F.);
#1398=ORIENTED_EDGE('',*,*,#1063,.T.);
#1399=ORIENTED_EDGE('',*,*,#1070,.T.);
#1400=ORIENTED_EDGE('',*,*,#1067,.T.);
#1401=ORIENTED_EDGE('',*,*,#1056,.T.);
#1402=ORIENTED_EDGE('',*,*,#1072,.F.);
#1403=ORIENTED_EDGE('',*,*,#1069,.F.);
#1404=ORIENTED_EDGE('',*,*,#1061,.F.);
#1405=ORIENTED_EDGE('',*,*,#1058,.F.);
#1406=ORIENTED_EDGE('',*,*,#1066,.F.);
#1407=ORIENTED_EDGE('',*,*,#1065,.T.);
#1408=ORIENTED_EDGE('',*,*,#1073,.T.);
#1409=ORIENTED_EDGE('',*,*,#1074,.T.);
#1410=ORIENTED_EDGE('',*,*,#1075,.F.);
#1411=ORIENTED_EDGE('',*,*,#1076,.T.);
#1412=ORIENTED_EDGE('',*,*,#1077,.T.);
#1413=ORIENTED_EDGE('',*,*,#1078,.T.);
#1414=ORIENTED_EDGE('',*,*,#1079,.T.);
#1415=ORIENTED_EDGE('',*,*,#1080,.F.);
#1416=ORIENTED_EDGE('',*,*,#1081,.T.);
#1417=ORIENTED_EDGE('',*,*,#1082,.T.);
#1418=ORIENTED_EDGE('',*,*,#1083,.T.);
#1419=ORIENTED_EDGE('',*,*,#1084,.F.);
#1420=ORIENTED_EDGE('',*,*,#1085,.T.);
#1421=ORIENTED_EDGE('',*,*,#1086,.T.);
#1422=ORIENTED_EDGE('',*,*,#1087,.T.);
#1423=ORIENTED_EDGE('',*,*,#1088,.T.);
#1424=ORIENTED_EDGE('',*,*,#1089,.T.);
#1425=ORIENTED_EDGE('',*,*,#1090,.T.);
#1426=ORIENTED_EDGE('',*,*,#1091,.T.);
#1427=ORIENTED_EDGE('',*,*,#1092,.F.);
#1428=ORIENTED_EDGE('',*,*,#1093,.T.);
#1429=ORIENTED_EDGE('',*,*,#1094,.T.);
#1430=ORIENTED_EDGE('',*,*,#1095,.T.);
#1431=ORIENTED_EDGE('',*,*,#1096,.F.);
#1432=ORIENTED_EDGE('',*,*,#1097,.T.);
#1433=ORIENTED_EDGE('',*,*,#1098,.T.);
#1434=ORIENTED_EDGE('',*,*,#1099,.T.);
#1435=ORIENTED_EDGE('',*,*,#1100,.T.);
#1436=ORIENTED_EDGE('',*,*,#1101,.F.);
#1437=ORIENTED_EDGE('',*,*,#1102,.T.);
#1438=ORIENTED_EDGE('',*,*,#1103,.T.);
#1439=ORIENTED_EDGE('',*,*,#1104,.T.);
#1440=ORIENTED_EDGE('',*,*,#1105,.F.);
#1441=ORIENTED_EDGE('',*,*,#1106,.T.);
#1442=ORIENTED_EDGE('',*,*,#1107,.T.);
#1443=ORIENTED_EDGE('',*,*,#1108,.T.);
#1444=ORIENTED_EDGE('',*,*,#1109,.T.);
#1445=ORIENTED_EDGE('',*,*,#1110,.F.);
#1446=ORIENTED_EDGE('',*,*,#1111,.T.);
#1447=ORIENTED_EDGE('',*,*,#1112,.T.);
#1448=ORIENTED_EDGE('',*,*,#1113,.T.);
#1449=ORIENTED_EDGE('',*,*,#1114,.F.);
#1450=ORIENTED_EDGE('',*,*,#1115,.T.);
#1451=ORIENTED_EDGE('',*,*,#1116,.T.);
#1452=ORIENTED_EDGE('',*,*,#1054,.T.);
#1453=ORIENTED_EDGE('',*,*,#1117,.F.);
#1454=ORIENTED_EDGE('',*,*,#1055,.T.);
#1455=ORIENTED_EDGE('',*,*,#1116,.F.);
#1456=ORIENTED_EDGE('',*,*,#1118,.F.);
#1457=ORIENTED_EDGE('',*,*,#1074,.F.);
#1458=ORIENTED_EDGE('',*,*,#1119,.T.);
#1459=ORIENTED_EDGE('',*,*,#1120,.T.);
#1460=ORIENTED_EDGE('',*,*,#1121,.F.);
#1461=ORIENTED_EDGE('',*,*,#1064,.T.);
#1462=ORIENTED_EDGE('',*,*,#1122,.F.);
#1463=ORIENTED_EDGE('',*,*,#1119,.F.);
#1464=ORIENTED_EDGE('',*,*,#1073,.F.);
#1465=ORIENTED_EDGE('',*,*,#1115,.F.);
#1466=ORIENTED_EDGE('',*,*,#1123,.F.);
#1467=ORIENTED_EDGE('',*,*,#1124,.F.);
#1468=ORIENTED_EDGE('',*,*,#1072,.T.);
#1469=ORIENTED_EDGE('',*,*,#1118,.T.);
#1470=ORIENTED_EDGE('',*,*,#1122,.T.);
#1471=ORIENTED_EDGE('',*,*,#1071,.T.);
#1472=ORIENTED_EDGE('',*,*,#1124,.T.);
#1473=ORIENTED_EDGE('',*,*,#1125,.F.);
#1474=ORIENTED_EDGE('',*,*,#1120,.F.);
#1475=ORIENTED_EDGE('',*,*,#1126,.T.);
#1476=ORIENTED_EDGE('',*,*,#1127,.T.);
#1477=ORIENTED_EDGE('',*,*,#1128,.T.);
#1478=ORIENTED_EDGE('',*,*,#1129,.F.);
#1479=ORIENTED_EDGE('',*,*,#1130,.F.);
#1480=ORIENTED_EDGE('',*,*,#1131,.T.);
#1481=ORIENTED_EDGE('',*,*,#1132,.F.);
#1482=ORIENTED_EDGE('',*,*,#1133,.T.);
#1483=ORIENTED_EDGE('',*,*,#1134,.F.);
#1484=ORIENTED_EDGE('',*,*,#1135,.T.);
#1485=ORIENTED_EDGE('',*,*,#1136,.F.);
#1486=ORIENTED_EDGE('',*,*,#1137,.F.);
#1487=ORIENTED_EDGE('',*,*,#1138,.T.);
#1488=ORIENTED_EDGE('',*,*,#1139,.F.);
#1489=ORIENTED_EDGE('',*,*,#1140,.T.);
#1490=ORIENTED_EDGE('',*,*,#1141,.F.);
#1491=ORIENTED_EDGE('',*,*,#1142,.T.);
#1492=ORIENTED_EDGE('',*,*,#1143,.F.);
#1493=ORIENTED_EDGE('',*,*,#1144,.F.);
#1494=ORIENTED_EDGE('',*,*,#1145,.T.);
#1495=ORIENTED_EDGE('',*,*,#1146,.F.);
#1496=ORIENTED_EDGE('',*,*,#1147,.T.);
#1497=ORIENTED_EDGE('',*,*,#1148,.F.);
#1498=ORIENTED_EDGE('',*,*,#1149,.T.);
#1499=ORIENTED_EDGE('',*,*,#1150,.F.);
#1500=ORIENTED_EDGE('',*,*,#1151,.F.);
#1501=ORIENTED_EDGE('',*,*,#1152,.T.);
#1502=ORIENTED_EDGE('',*,*,#1153,.T.);
#1503=ORIENTED_EDGE('',*,*,#1154,.T.);
#1504=ORIENTED_EDGE('',*,*,#1155,.F.);
#1505=ORIENTED_EDGE('',*,*,#1156,.F.);
#1506=ORIENTED_EDGE('',*,*,#1114,.T.);
#1507=ORIENTED_EDGE('',*,*,#1157,.T.);
#1508=ORIENTED_EDGE('',*,*,#1158,.T.);
#1509=ORIENTED_EDGE('',*,*,#1159,.T.);
#1510=ORIENTED_EDGE('',*,*,#1160,.T.);
#1511=ORIENTED_EDGE('',*,*,#1161,.T.);
#1512=ORIENTED_EDGE('',*,*,#1162,.T.);
#1513=ORIENTED_EDGE('',*,*,#1163,.T.);
#1514=ORIENTED_EDGE('',*,*,#1164,.T.);
#1515=ORIENTED_EDGE('',*,*,#1110,.T.);
#1516=ORIENTED_EDGE('',*,*,#1165,.T.);
#1517=ORIENTED_EDGE('',*,*,#1166,.T.);
#1518=ORIENTED_EDGE('',*,*,#1167,.T.);
#1519=ORIENTED_EDGE('',*,*,#1105,.T.);
#1520=ORIENTED_EDGE('',*,*,#1168,.T.);
#1521=ORIENTED_EDGE('',*,*,#1169,.T.);
#1522=ORIENTED_EDGE('',*,*,#1170,.T.);
#1523=ORIENTED_EDGE('',*,*,#1171,.T.);
#1524=ORIENTED_EDGE('',*,*,#1172,.T.);
#1525=ORIENTED_EDGE('',*,*,#1173,.T.);
#1526=ORIENTED_EDGE('',*,*,#1174,.T.);
#1527=ORIENTED_EDGE('',*,*,#1175,.T.);
#1528=ORIENTED_EDGE('',*,*,#1101,.T.);
#1529=ORIENTED_EDGE('',*,*,#1176,.T.);
#1530=ORIENTED_EDGE('',*,*,#1177,.T.);
#1531=ORIENTED_EDGE('',*,*,#1178,.T.);
#1532=ORIENTED_EDGE('',*,*,#1096,.T.);
#1533=ORIENTED_EDGE('',*,*,#1179,.T.);
#1534=ORIENTED_EDGE('',*,*,#1180,.T.);
#1535=ORIENTED_EDGE('',*,*,#1181,.T.);
#1536=ORIENTED_EDGE('',*,*,#1182,.T.);
#1537=ORIENTED_EDGE('',*,*,#1183,.T.);
#1538=ORIENTED_EDGE('',*,*,#1184,.T.);
#1539=ORIENTED_EDGE('',*,*,#1185,.T.);
#1540=ORIENTED_EDGE('',*,*,#1186,.T.);
#1541=ORIENTED_EDGE('',*,*,#1092,.T.);
#1542=ORIENTED_EDGE('',*,*,#1187,.T.);
#1543=ORIENTED_EDGE('',*,*,#1188,.T.);
#1544=ORIENTED_EDGE('',*,*,#1189,.T.);
#1545=ORIENTED_EDGE('',*,*,#1084,.T.);
#1546=ORIENTED_EDGE('',*,*,#1190,.T.);
#1547=ORIENTED_EDGE('',*,*,#1191,.T.);
#1548=ORIENTED_EDGE('',*,*,#1192,.T.);
#1549=ORIENTED_EDGE('',*,*,#1193,.T.);
#1550=ORIENTED_EDGE('',*,*,#1194,.T.);
#1551=ORIENTED_EDGE('',*,*,#1195,.T.);
#1552=ORIENTED_EDGE('',*,*,#1196,.T.);
#1553=ORIENTED_EDGE('',*,*,#1197,.T.);
#1554=ORIENTED_EDGE('',*,*,#1080,.T.);
#1555=ORIENTED_EDGE('',*,*,#1198,.T.);
#1556=ORIENTED_EDGE('',*,*,#1199,.T.);
#1557=ORIENTED_EDGE('',*,*,#1200,.T.);
#1558=ORIENTED_EDGE('',*,*,#1075,.T.);
#1559=ORIENTED_EDGE('',*,*,#1121,.T.);
#1560=ORIENTED_EDGE('',*,*,#1125,.T.);
#1561=ORIENTED_EDGE('',*,*,#1123,.T.);
#1562=ORIENTED_EDGE('',*,*,#1201,.T.);
#1563=ORIENTED_EDGE('',*,*,#1202,.T.);
#1564=ORIENTED_EDGE('',*,*,#1203,.T.);
#1565=ORIENTED_EDGE('',*,*,#1204,.T.);
#1566=ORIENTED_EDGE('',*,*,#1205,.T.);
#1567=ORIENTED_EDGE('',*,*,#1206,.T.);
#1568=ORIENTED_EDGE('',*,*,#1207,.T.);
#1569=ORIENTED_EDGE('',*,*,#1208,.T.);
#1570=ORIENTED_EDGE('',*,*,#1209,.T.);
#1571=ORIENTED_EDGE('',*,*,#1210,.T.);
#1572=ORIENTED_EDGE('',*,*,#1211,.T.);
#1573=ORIENTED_EDGE('',*,*,#1212,.T.);
#1574=ORIENTED_EDGE('',*,*,#1213,.T.);
#1575=ORIENTED_EDGE('',*,*,#1214,.T.);
#1576=ORIENTED_EDGE('',*,*,#1215,.T.);
#1577=ORIENTED_EDGE('',*,*,#1216,.T.);
#1578=ORIENTED_EDGE('',*,*,#1217,.T.);
#1579=ORIENTED_EDGE('',*,*,#1218,.T.);
#1580=ORIENTED_EDGE('',*,*,#1219,.T.);
#1581=ORIENTED_EDGE('',*,*,#1220,.T.);
#1582=ORIENTED_EDGE('',*,*,#1221,.T.);
#1583=ORIENTED_EDGE('',*,*,#1222,.T.);
#1584=ORIENTED_EDGE('',*,*,#1223,.T.);
#1585=ORIENTED_EDGE('',*,*,#1224,.T.);
#1586=ORIENTED_EDGE('',*,*,#1225,.T.);
#1587=ORIENTED_EDGE('',*,*,#1226,.T.);
#1588=ORIENTED_EDGE('',*,*,#1227,.T.);
#1589=ORIENTED_EDGE('',*,*,#1228,.T.);
#1590=ORIENTED_EDGE('',*,*,#1229,.F.);
#1591=ORIENTED_EDGE('',*,*,#1230,.T.);
#1592=ORIENTED_EDGE('',*,*,#1155,.T.);
#1593=ORIENTED_EDGE('',*,*,#1231,.F.);
#1594=ORIENTED_EDGE('',*,*,#1232,.F.);
#1595=ORIENTED_EDGE('',*,*,#1233,.F.);
#1596=ORIENTED_EDGE('',*,*,#1156,.T.);
#1597=ORIENTED_EDGE('',*,*,#1230,.F.);
#1598=ORIENTED_EDGE('',*,*,#1231,.T.);
#1599=ORIENTED_EDGE('',*,*,#1154,.F.);
#1600=ORIENTED_EDGE('',*,*,#1234,.T.);
#1601=ORIENTED_EDGE('',*,*,#1235,.T.);
#1602=ORIENTED_EDGE('',*,*,#1236,.T.);
#1603=ORIENTED_EDGE('',*,*,#1126,.F.);
#1604=ORIENTED_EDGE('',*,*,#1233,.T.);
#1605=ORIENTED_EDGE('',*,*,#1237,.F.);
#1606=ORIENTED_EDGE('',*,*,#1238,.T.);
#1607=ORIENTED_EDGE('',*,*,#1239,.T.);
#1608=ORIENTED_EDGE('',*,*,#1161,.F.);
#1609=ORIENTED_EDGE('',*,*,#1240,.F.);
#1610=ORIENTED_EDGE('',*,*,#1241,.T.);
#1611=ORIENTED_EDGE('',*,*,#1242,.T.);
#1612=ORIENTED_EDGE('',*,*,#1162,.F.);
#1613=ORIENTED_EDGE('',*,*,#1239,.F.);
#1614=ORIENTED_EDGE('',*,*,#1243,.F.);
#1615=ORIENTED_EDGE('',*,*,#1241,.F.);
#1616=ORIENTED_EDGE('',*,*,#1238,.F.);
#1617=ORIENTED_EDGE('',*,*,#1244,.F.);
#1618=ORIENTED_EDGE('',*,*,#1245,.F.);
#1619=ORIENTED_EDGE('',*,*,#1246,.F.);
#1620=ORIENTED_EDGE('',*,*,#1247,.F.);
#1621=ORIENTED_EDGE('',*,*,#1112,.F.);
#1622=ORIENTED_EDGE('',*,*,#1248,.F.);
#1623=ORIENTED_EDGE('',*,*,#1235,.F.);
#1624=ORIENTED_EDGE('',*,*,#1249,.T.);
#1625=ORIENTED_EDGE('',*,*,#1088,.F.);
#1626=ORIENTED_EDGE('',*,*,#1250,.T.);
#1627=ORIENTED_EDGE('',*,*,#1251,.F.);
#1628=ORIENTED_EDGE('',*,*,#1252,.T.);
#1629=ORIENTED_EDGE('',*,*,#1089,.F.);
#1630=ORIENTED_EDGE('',*,*,#1249,.F.);
#1631=ORIENTED_EDGE('',*,*,#1234,.F.);
#1632=ORIENTED_EDGE('',*,*,#1153,.F.);
#1633=ORIENTED_EDGE('',*,*,#1253,.F.);
#1634=ORIENTED_EDGE('',*,*,#1254,.F.);
#1635=ORIENTED_EDGE('',*,*,#1255,.F.);
#1636=ORIENTED_EDGE('',*,*,#1256,.F.);
#1637=ORIENTED_EDGE('',*,*,#1257,.F.);
#1638=ORIENTED_EDGE('',*,*,#1086,.F.);
#1639=ORIENTED_EDGE('',*,*,#1258,.F.);
#1640=ORIENTED_EDGE('',*,*,#1259,.F.);
#1641=ORIENTED_EDGE('',*,*,#1260,.F.);
#1642=ORIENTED_EDGE('',*,*,#1090,.F.);
#1643=ORIENTED_EDGE('',*,*,#1252,.F.);
#1644=ORIENTED_EDGE('',*,*,#1261,.F.);
#1645=ORIENTED_EDGE('',*,*,#1262,.F.);
#1646=ORIENTED_EDGE('',*,*,#1263,.F.);
#1647=ORIENTED_EDGE('',*,*,#1264,.F.);
#1648=ORIENTED_EDGE('',*,*,#1254,.T.);
#1649=ORIENTED_EDGE('',*,*,#1265,.F.);
#1650=ORIENTED_EDGE('',*,*,#1127,.F.);
#1651=ORIENTED_EDGE('',*,*,#1236,.F.);
#1652=ORIENTED_EDGE('',*,*,#1250,.F.);
#1653=ORIENTED_EDGE('',*,*,#1087,.F.);
#1654=ORIENTED_EDGE('',*,*,#1257,.T.);
#1655=ORIENTED_EDGE('',*,*,#1261,.T.);
#1656=ORIENTED_EDGE('',*,*,#1251,.T.);
#1657=ORIENTED_EDGE('',*,*,#1152,.F.);
#1658=ORIENTED_EDGE('',*,*,#1266,.T.);
#1659=ORIENTED_EDGE('',*,*,#1219,.F.);
#1660=ORIENTED_EDGE('',*,*,#1267,.T.);
#1661=ORIENTED_EDGE('',*,*,#1260,.T.);
#1662=ORIENTED_EDGE('',*,*,#1268,.T.);
#1663=ORIENTED_EDGE('',*,*,#1187,.F.);
#1664=ORIENTED_EDGE('',*,*,#1091,.F.);
#1665=ORIENTED_EDGE('',*,*,#1269,.F.);
#1666=ORIENTED_EDGE('',*,*,#1169,.F.);
#1667=ORIENTED_EDGE('',*,*,#1270,.F.);
#1668=ORIENTED_EDGE('',*,*,#1271,.T.);
#1669=ORIENTED_EDGE('',*,*,#1102,.F.);
#1670=ORIENTED_EDGE('',*,*,#1175,.F.);
#1671=ORIENTED_EDGE('',*,*,#1272,.F.);
#1672=ORIENTED_EDGE('',*,*,#1273,.T.);
#1673=ORIENTED_EDGE('',*,*,#1104,.F.);
#1674=ORIENTED_EDGE('',*,*,#1274,.T.);
#1675=ORIENTED_EDGE('',*,*,#1270,.T.);
#1676=ORIENTED_EDGE('',*,*,#1168,.F.);
#1677=ORIENTED_EDGE('',*,*,#1275,.F.);
#1678=ORIENTED_EDGE('',*,*,#1228,.F.);
#1679=ORIENTED_EDGE('',*,*,#1276,.F.);
#1680=ORIENTED_EDGE('',*,*,#1143,.T.);
#1681=ORIENTED_EDGE('',*,*,#1277,.F.);
#1682=ORIENTED_EDGE('',*,*,#1144,.T.);
#1683=ORIENTED_EDGE('',*,*,#1276,.T.);
#1684=ORIENTED_EDGE('',*,*,#1227,.F.);
#1685=ORIENTED_EDGE('',*,*,#1278,.F.);
#1686=ORIENTED_EDGE('',*,*,#1279,.T.);
#1687=ORIENTED_EDGE('',*,*,#1272,.T.);
#1688=ORIENTED_EDGE('',*,*,#1174,.F.);
#1689=ORIENTED_EDGE('',*,*,#1280,.F.);
#1690=ORIENTED_EDGE('',*,*,#1271,.F.);
#1691=ORIENTED_EDGE('',*,*,#1274,.F.);
#1692=ORIENTED_EDGE('',*,*,#1103,.F.);
#1693=ORIENTED_EDGE('',*,*,#1273,.F.);
#1694=ORIENTED_EDGE('',*,*,#1279,.F.);
#1695=ORIENTED_EDGE('',*,*,#1281,.F.);
#1696=ORIENTED_EDGE('',*,*,#1263,.T.);
#1697=ORIENTED_EDGE('',*,*,#1282,.F.);
#1698=ORIENTED_EDGE('',*,*,#1283,.T.);
#1699=ORIENTED_EDGE('',*,*,#1284,.F.);
#1700=ORIENTED_EDGE('',*,*,#1275,.T.);
#1701=ORIENTED_EDGE('',*,*,#1142,.F.);
#1702=ORIENTED_EDGE('',*,*,#1285,.T.);
#1703=ORIENTED_EDGE('',*,*,#1201,.F.);
#1704=ORIENTED_EDGE('',*,*,#1277,.T.);
#1705=ORIENTED_EDGE('',*,*,#1226,.F.);
#1706=ORIENTED_EDGE('',*,*,#1286,.T.);
#1707=ORIENTED_EDGE('',*,*,#1145,.F.);
#1708=ORIENTED_EDGE('',*,*,#1287,.F.);
#1709=ORIENTED_EDGE('',*,*,#1158,.F.);
#1710=ORIENTED_EDGE('',*,*,#1288,.F.);
#1711=ORIENTED_EDGE('',*,*,#1246,.T.);
#1712=ORIENTED_EDGE('',*,*,#1113,.F.);
#1713=ORIENTED_EDGE('',*,*,#1247,.T.);
#1714=ORIENTED_EDGE('',*,*,#1288,.T.);
#1715=ORIENTED_EDGE('',*,*,#1157,.F.);
#1716=ORIENTED_EDGE('',*,*,#1289,.F.);
#1717=ORIENTED_EDGE('',*,*,#1207,.F.);
#1718=ORIENTED_EDGE('',*,*,#1290,.F.);
#1719=ORIENTED_EDGE('',*,*,#1136,.T.);
#1720=ORIENTED_EDGE('',*,*,#1111,.F.);
#1721=ORIENTED_EDGE('',*,*,#1164,.F.);
#1722=ORIENTED_EDGE('',*,*,#1291,.F.);
#1723=ORIENTED_EDGE('',*,*,#1248,.T.);
#1724=ORIENTED_EDGE('',*,*,#1292,.F.);
#1725=ORIENTED_EDGE('',*,*,#1137,.T.);
#1726=ORIENTED_EDGE('',*,*,#1290,.T.);
#1727=ORIENTED_EDGE('',*,*,#1206,.F.);
#1728=ORIENTED_EDGE('',*,*,#1242,.F.);
#1729=ORIENTED_EDGE('',*,*,#1243,.T.);
#1730=ORIENTED_EDGE('',*,*,#1291,.T.);
#1731=ORIENTED_EDGE('',*,*,#1163,.F.);
#1732=ORIENTED_EDGE('',*,*,#1292,.T.);
#1733=ORIENTED_EDGE('',*,*,#1205,.F.);
#1734=ORIENTED_EDGE('',*,*,#1293,.T.);
#1735=ORIENTED_EDGE('',*,*,#1138,.F.);
#1736=ORIENTED_EDGE('',*,*,#1294,.F.);
#1737=ORIENTED_EDGE('',*,*,#1180,.F.);
#1738=ORIENTED_EDGE('',*,*,#1295,.F.);
#1739=ORIENTED_EDGE('',*,*,#1296,.T.);
#1740=ORIENTED_EDGE('',*,*,#1095,.F.);
#1741=ORIENTED_EDGE('',*,*,#1297,.T.);
#1742=ORIENTED_EDGE('',*,*,#1295,.T.);
#1743=ORIENTED_EDGE('',*,*,#1179,.F.);
#1744=ORIENTED_EDGE('',*,*,#1298,.F.);
#1745=ORIENTED_EDGE('',*,*,#1221,.F.);
#1746=ORIENTED_EDGE('',*,*,#1299,.F.);
#1747=ORIENTED_EDGE('',*,*,#1150,.T.);
#1748=ORIENTED_EDGE('',*,*,#1093,.F.);
#1749=ORIENTED_EDGE('',*,*,#1186,.F.);
#1750=ORIENTED_EDGE('',*,*,#1300,.F.);
#1751=ORIENTED_EDGE('',*,*,#1301,.T.);
#1752=ORIENTED_EDGE('',*,*,#1302,.F.);
#1753=ORIENTED_EDGE('',*,*,#1303,.T.);
#1754=ORIENTED_EDGE('',*,*,#1300,.T.);
#1755=ORIENTED_EDGE('',*,*,#1185,.F.);
#1756=ORIENTED_EDGE('',*,*,#1266,.F.);
#1757=ORIENTED_EDGE('',*,*,#1151,.T.);
#1758=ORIENTED_EDGE('',*,*,#1299,.T.);
#1759=ORIENTED_EDGE('',*,*,#1220,.F.);
#1760=ORIENTED_EDGE('',*,*,#1304,.F.);
#1761=ORIENTED_EDGE('',*,*,#1296,.F.);
#1762=ORIENTED_EDGE('',*,*,#1297,.F.);
#1763=ORIENTED_EDGE('',*,*,#1094,.F.);
#1764=ORIENTED_EDGE('',*,*,#1301,.F.);
#1765=ORIENTED_EDGE('',*,*,#1303,.F.);
#1766=ORIENTED_EDGE('',*,*,#1305,.F.);
#1767=ORIENTED_EDGE('',*,*,#1306,.F.);
#1768=ORIENTED_EDGE('',*,*,#1191,.F.);
#1769=ORIENTED_EDGE('',*,*,#1307,.F.);
#1770=ORIENTED_EDGE('',*,*,#1308,.T.);
#1771=ORIENTED_EDGE('',*,*,#1083,.F.);
#1772=ORIENTED_EDGE('',*,*,#1309,.T.);
#1773=ORIENTED_EDGE('',*,*,#1307,.T.);
#1774=ORIENTED_EDGE('',*,*,#1190,.F.);
#1775=ORIENTED_EDGE('',*,*,#1310,.F.);
#1776=ORIENTED_EDGE('',*,*,#1214,.F.);
#1777=ORIENTED_EDGE('',*,*,#1311,.F.);
#1778=ORIENTED_EDGE('',*,*,#1129,.T.);
#1779=ORIENTED_EDGE('',*,*,#1312,.F.);
#1780=ORIENTED_EDGE('',*,*,#1313,.F.);
#1781=ORIENTED_EDGE('',*,*,#1308,.F.);
#1782=ORIENTED_EDGE('',*,*,#1309,.F.);
#1783=ORIENTED_EDGE('',*,*,#1082,.F.);
#1784=ORIENTED_EDGE('',*,*,#1314,.F.);
#1785=ORIENTED_EDGE('',*,*,#1315,.F.);
#1786=ORIENTED_EDGE('',*,*,#1081,.F.);
#1787=ORIENTED_EDGE('',*,*,#1197,.F.);
#1788=ORIENTED_EDGE('',*,*,#1316,.F.);
#1789=ORIENTED_EDGE('',*,*,#1314,.T.);
#1790=ORIENTED_EDGE('',*,*,#1317,.F.);
#1791=ORIENTED_EDGE('',*,*,#1130,.T.);
#1792=ORIENTED_EDGE('',*,*,#1311,.T.);
#1793=ORIENTED_EDGE('',*,*,#1213,.F.);
#1794=ORIENTED_EDGE('',*,*,#1318,.F.);
#1795=ORIENTED_EDGE('',*,*,#1315,.T.);
#1796=ORIENTED_EDGE('',*,*,#1316,.T.);
#1797=ORIENTED_EDGE('',*,*,#1196,.F.);
#1798=ORIENTED_EDGE('',*,*,#1317,.T.);
#1799=ORIENTED_EDGE('',*,*,#1212,.F.);
#1800=ORIENTED_EDGE('',*,*,#1319,.T.);
#1801=ORIENTED_EDGE('',*,*,#1131,.F.);
#1802=ORIENTED_EDGE('',*,*,#1320,.F.);
#1803=ORIENTED_EDGE('',*,*,#1283,.F.);
#1804=ORIENTED_EDGE('',*,*,#1321,.F.);
#1805=ORIENTED_EDGE('',*,*,#1217,.F.);
#1806=ORIENTED_EDGE('',*,*,#1322,.F.);
#1807=ORIENTED_EDGE('',*,*,#1224,.F.);
#1808=ORIENTED_EDGE('',*,*,#1323,.F.);
#1809=ORIENTED_EDGE('',*,*,#1147,.F.);
#1810=ORIENTED_EDGE('',*,*,#1324,.F.);
#1811=ORIENTED_EDGE('',*,*,#1133,.F.);
#1812=ORIENTED_EDGE('',*,*,#1325,.F.);
#1813=ORIENTED_EDGE('',*,*,#1210,.F.);
#1814=ORIENTED_EDGE('',*,*,#1326,.F.);
#1815=ORIENTED_EDGE('',*,*,#1203,.F.);
#1816=ORIENTED_EDGE('',*,*,#1327,.F.);
#1817=ORIENTED_EDGE('',*,*,#1140,.F.);
#1818=ORIENTED_EDGE('',*,*,#1326,.T.);
#1819=ORIENTED_EDGE('',*,*,#1139,.T.);
#1820=ORIENTED_EDGE('',*,*,#1293,.F.);
#1821=ORIENTED_EDGE('',*,*,#1204,.F.);
#1822=ORIENTED_EDGE('',*,*,#1322,.T.);
#1823=ORIENTED_EDGE('',*,*,#1146,.T.);
#1824=ORIENTED_EDGE('',*,*,#1286,.F.);
#1825=ORIENTED_EDGE('',*,*,#1225,.F.);
#1826=ORIENTED_EDGE('',*,*,#1325,.T.);
#1827=ORIENTED_EDGE('',*,*,#1132,.T.);
#1828=ORIENTED_EDGE('',*,*,#1319,.F.);
#1829=ORIENTED_EDGE('',*,*,#1211,.F.);
#1830=ORIENTED_EDGE('',*,*,#1253,.T.);
#1831=ORIENTED_EDGE('',*,*,#1267,.F.);
#1832=ORIENTED_EDGE('',*,*,#1218,.F.);
#1833=ORIENTED_EDGE('',*,*,#1321,.T.);
#1834=ORIENTED_EDGE('',*,*,#1282,.T.);
#1835=ORIENTED_EDGE('',*,*,#1262,.T.);
#1836=ORIENTED_EDGE('',*,*,#1079,.F.);
#1837=ORIENTED_EDGE('',*,*,#1328,.T.);
#1838=ORIENTED_EDGE('',*,*,#1329,.T.);
#1839=ORIENTED_EDGE('',*,*,#1198,.F.);
#1840=ORIENTED_EDGE('',*,*,#1097,.F.);
#1841=ORIENTED_EDGE('',*,*,#1178,.F.);
#1842=ORIENTED_EDGE('',*,*,#1330,.F.);
#1843=ORIENTED_EDGE('',*,*,#1331,.T.);
#1844=ORIENTED_EDGE('',*,*,#1323,.T.);
#1845=ORIENTED_EDGE('',*,*,#1223,.F.);
#1846=ORIENTED_EDGE('',*,*,#1332,.F.);
#1847=ORIENTED_EDGE('',*,*,#1148,.T.);
#1848=ORIENTED_EDGE('',*,*,#1076,.F.);
#1849=ORIENTED_EDGE('',*,*,#1200,.F.);
#1850=ORIENTED_EDGE('',*,*,#1333,.F.);
#1851=ORIENTED_EDGE('',*,*,#1334,.T.);
#1852=ORIENTED_EDGE('',*,*,#1100,.F.);
#1853=ORIENTED_EDGE('',*,*,#1335,.T.);
#1854=ORIENTED_EDGE('',*,*,#1336,.T.);
#1855=ORIENTED_EDGE('',*,*,#1176,.F.);
#1856=ORIENTED_EDGE('',*,*,#1324,.T.);
#1857=ORIENTED_EDGE('',*,*,#1209,.F.);
#1858=ORIENTED_EDGE('',*,*,#1337,.F.);
#1859=ORIENTED_EDGE('',*,*,#1134,.T.);
#1860=ORIENTED_EDGE('',*,*,#1078,.F.);
#1861=ORIENTED_EDGE('',*,*,#1338,.F.);
#1862=ORIENTED_EDGE('',*,*,#1328,.F.);
#1863=ORIENTED_EDGE('',*,*,#1077,.F.);
#1864=ORIENTED_EDGE('',*,*,#1334,.F.);
#1865=ORIENTED_EDGE('',*,*,#1339,.F.);
#1866=ORIENTED_EDGE('',*,*,#1099,.F.);
#1867=ORIENTED_EDGE('',*,*,#1340,.F.);
#1868=ORIENTED_EDGE('',*,*,#1335,.F.);
#1869=ORIENTED_EDGE('',*,*,#1098,.F.);
#1870=ORIENTED_EDGE('',*,*,#1331,.F.);
#1871=ORIENTED_EDGE('',*,*,#1341,.F.);
#1872=ORIENTED_EDGE('',*,*,#1177,.F.);
#1873=ORIENTED_EDGE('',*,*,#1336,.F.);
#1874=ORIENTED_EDGE('',*,*,#1340,.T.);
#1875=ORIENTED_EDGE('',*,*,#1341,.T.);
#1876=ORIENTED_EDGE('',*,*,#1330,.T.);
#1877=ORIENTED_EDGE('',*,*,#1199,.F.);
#1878=ORIENTED_EDGE('',*,*,#1329,.F.);
#1879=ORIENTED_EDGE('',*,*,#1338,.T.);
#1880=ORIENTED_EDGE('',*,*,#1339,.T.);
#1881=ORIENTED_EDGE('',*,*,#1333,.T.);
#1882=ORIENTED_EDGE('',*,*,#1327,.T.);
#1883=ORIENTED_EDGE('',*,*,#1202,.F.);
#1884=ORIENTED_EDGE('',*,*,#1285,.F.);
#1885=ORIENTED_EDGE('',*,*,#1141,.T.);
#1886=ORIENTED_EDGE('',*,*,#1298,.T.);
#1887=ORIENTED_EDGE('',*,*,#1149,.F.);
#1888=ORIENTED_EDGE('',*,*,#1332,.T.);
#1889=ORIENTED_EDGE('',*,*,#1222,.F.);
#1890=ORIENTED_EDGE('',*,*,#1289,.T.);
#1891=ORIENTED_EDGE('',*,*,#1135,.F.);
#1892=ORIENTED_EDGE('',*,*,#1337,.T.);
#1893=ORIENTED_EDGE('',*,*,#1208,.F.);
#1894=ORIENTED_EDGE('',*,*,#1259,.T.);
#1895=ORIENTED_EDGE('',*,*,#1342,.T.);
#1896=ORIENTED_EDGE('',*,*,#1188,.F.);
#1897=ORIENTED_EDGE('',*,*,#1268,.F.);
#1898=ORIENTED_EDGE('',*,*,#1166,.F.);
#1899=ORIENTED_EDGE('',*,*,#1343,.F.);
#1900=ORIENTED_EDGE('',*,*,#1344,.T.);
#1901=ORIENTED_EDGE('',*,*,#1345,.T.);
#1902=ORIENTED_EDGE('',*,*,#1346,.T.);
#1903=ORIENTED_EDGE('',*,*,#1106,.F.);
#1904=ORIENTED_EDGE('',*,*,#1167,.F.);
#1905=ORIENTED_EDGE('',*,*,#1346,.F.);
#1906=ORIENTED_EDGE('',*,*,#1347,.T.);
#1907=ORIENTED_EDGE('',*,*,#1108,.F.);
#1908=ORIENTED_EDGE('',*,*,#1344,.F.);
#1909=ORIENTED_EDGE('',*,*,#1348,.F.);
#1910=ORIENTED_EDGE('',*,*,#1107,.F.);
#1911=ORIENTED_EDGE('',*,*,#1347,.F.);
#1912=ORIENTED_EDGE('',*,*,#1345,.F.);
#1913=ORIENTED_EDGE('',*,*,#1109,.F.);
#1914=ORIENTED_EDGE('',*,*,#1348,.T.);
#1915=ORIENTED_EDGE('',*,*,#1343,.T.);
#1916=ORIENTED_EDGE('',*,*,#1165,.F.);
#1917=ORIENTED_EDGE('',*,*,#1264,.T.);
#1918=ORIENTED_EDGE('',*,*,#1284,.T.);
#1919=ORIENTED_EDGE('',*,*,#1320,.T.);
#1920=ORIENTED_EDGE('',*,*,#1216,.F.);
#1921=ORIENTED_EDGE('',*,*,#1349,.F.);
#1922=ORIENTED_EDGE('',*,*,#1255,.T.);
#1923=ORIENTED_EDGE('',*,*,#1258,.T.);
#1924=ORIENTED_EDGE('',*,*,#1085,.F.);
#1925=ORIENTED_EDGE('',*,*,#1189,.F.);
#1926=ORIENTED_EDGE('',*,*,#1342,.F.);
#1927=ORIENTED_EDGE('',*,*,#1256,.T.);
#1928=ORIENTED_EDGE('',*,*,#1349,.T.);
#1929=ORIENTED_EDGE('',*,*,#1215,.F.);
#1930=ORIENTED_EDGE('',*,*,#1310,.T.);
#1931=ORIENTED_EDGE('',*,*,#1128,.F.);
#1932=ORIENTED_EDGE('',*,*,#1265,.T.);
#1933=ORIENTED_EDGE('',*,*,#1060,.T.);
#1934=ORIENTED_EDGE('',*,*,#1117,.T.);
#1935=ORIENTED_EDGE('',*,*,#1053,.T.);
#1936=ORIENTED_EDGE('',*,*,#1229,.T.);
#1937=ORIENTED_EDGE('',*,*,#1237,.T.);
#1938=ORIENTED_EDGE('',*,*,#1232,.T.);
#1939=ORIENTED_EDGE('',*,*,#1312,.T.);
#1940=ORIENTED_EDGE('',*,*,#1318,.T.);
#1941=ORIENTED_EDGE('',*,*,#1195,.F.);
#1942=ORIENTED_EDGE('',*,*,#1350,.F.);
#1943=ORIENTED_EDGE('',*,*,#1351,.T.);
#1944=ORIENTED_EDGE('',*,*,#1352,.T.);
#1945=ORIENTED_EDGE('',*,*,#1353,.T.);
#1946=ORIENTED_EDGE('',*,*,#1354,.T.);
#1947=ORIENTED_EDGE('',*,*,#1193,.F.);
#1948=ORIENTED_EDGE('',*,*,#1355,.F.);
#1949=ORIENTED_EDGE('',*,*,#1313,.T.);
#1950=ORIENTED_EDGE('',*,*,#1352,.F.);
#1951=ORIENTED_EDGE('',*,*,#1356,.T.);
#1952=ORIENTED_EDGE('',*,*,#1355,.T.);
#1953=ORIENTED_EDGE('',*,*,#1192,.F.);
#1954=ORIENTED_EDGE('',*,*,#1306,.T.);
#1955=ORIENTED_EDGE('',*,*,#1357,.T.);
#1956=ORIENTED_EDGE('',*,*,#1350,.T.);
#1957=ORIENTED_EDGE('',*,*,#1194,.F.);
#1958=ORIENTED_EDGE('',*,*,#1354,.F.);
#1959=ORIENTED_EDGE('',*,*,#1357,.F.);
#1960=ORIENTED_EDGE('',*,*,#1353,.F.);
#1961=ORIENTED_EDGE('',*,*,#1356,.F.);
#1962=ORIENTED_EDGE('',*,*,#1351,.F.);
#1963=ORIENTED_EDGE('',*,*,#1305,.T.);
#1964=ORIENTED_EDGE('',*,*,#1302,.T.);
#1965=ORIENTED_EDGE('',*,*,#1184,.F.);
#1966=ORIENTED_EDGE('',*,*,#1358,.F.);
#1967=ORIENTED_EDGE('',*,*,#1359,.T.);
#1968=ORIENTED_EDGE('',*,*,#1360,.T.);
#1969=ORIENTED_EDGE('',*,*,#1361,.T.);
#1970=ORIENTED_EDGE('',*,*,#1358,.T.);
#1971=ORIENTED_EDGE('',*,*,#1183,.F.);
#1972=ORIENTED_EDGE('',*,*,#1362,.F.);
#1973=ORIENTED_EDGE('',*,*,#1363,.T.);
#1974=ORIENTED_EDGE('',*,*,#1362,.T.);
#1975=ORIENTED_EDGE('',*,*,#1182,.F.);
#1976=ORIENTED_EDGE('',*,*,#1364,.F.);
#1977=ORIENTED_EDGE('',*,*,#1304,.T.);
#1978=ORIENTED_EDGE('',*,*,#1360,.F.);
#1979=ORIENTED_EDGE('',*,*,#1365,.T.);
#1980=ORIENTED_EDGE('',*,*,#1364,.T.);
#1981=ORIENTED_EDGE('',*,*,#1181,.F.);
#1982=ORIENTED_EDGE('',*,*,#1294,.T.);
#1983=ORIENTED_EDGE('',*,*,#1359,.F.);
#1984=ORIENTED_EDGE('',*,*,#1361,.F.);
#1985=ORIENTED_EDGE('',*,*,#1363,.F.);
#1986=ORIENTED_EDGE('',*,*,#1365,.F.);
#1987=ORIENTED_EDGE('',*,*,#1245,.T.);
#1988=ORIENTED_EDGE('',*,*,#1366,.T.);
#1989=ORIENTED_EDGE('',*,*,#1159,.F.);
#1990=ORIENTED_EDGE('',*,*,#1287,.T.);
#1991=ORIENTED_EDGE('',*,*,#1244,.T.);
#1992=ORIENTED_EDGE('',*,*,#1240,.T.);
#1993=ORIENTED_EDGE('',*,*,#1160,.F.);
#1994=ORIENTED_EDGE('',*,*,#1366,.F.);
#1995=ORIENTED_EDGE('',*,*,#1281,.T.);
#1996=ORIENTED_EDGE('',*,*,#1278,.T.);
#1997=ORIENTED_EDGE('',*,*,#1173,.F.);
#1998=ORIENTED_EDGE('',*,*,#1367,.F.);
#1999=ORIENTED_EDGE('',*,*,#1368,.T.);
#2000=ORIENTED_EDGE('',*,*,#1369,.T.);
#2001=ORIENTED_EDGE('',*,*,#1370,.T.);
#2002=ORIENTED_EDGE('',*,*,#1367,.T.);
#2003=ORIENTED_EDGE('',*,*,#1172,.F.);
#2004=ORIENTED_EDGE('',*,*,#1371,.F.);
#2005=ORIENTED_EDGE('',*,*,#1372,.T.);
#2006=ORIENTED_EDGE('',*,*,#1371,.T.);
#2007=ORIENTED_EDGE('',*,*,#1171,.F.);
#2008=ORIENTED_EDGE('',*,*,#1373,.F.);
#2009=ORIENTED_EDGE('',*,*,#1280,.T.);
#2010=ORIENTED_EDGE('',*,*,#1369,.F.);
#2011=ORIENTED_EDGE('',*,*,#1374,.T.);
#2012=ORIENTED_EDGE('',*,*,#1373,.T.);
#2013=ORIENTED_EDGE('',*,*,#1170,.F.);
#2014=ORIENTED_EDGE('',*,*,#1269,.T.);
#2015=ORIENTED_EDGE('',*,*,#1374,.F.);
#2016=ORIENTED_EDGE('',*,*,#1368,.F.);
#2017=ORIENTED_EDGE('',*,*,#1370,.F.);
#2018=ORIENTED_EDGE('',*,*,#1372,.F.);
#2019=PLANE('',#2246);
#2020=PLANE('',#2247);
#2021=PLANE('',#2248);
#2022=PLANE('',#2249);
#2023=PLANE('',#2250);
#2024=PLANE('',#2251);
#2025=PLANE('',#2278);
#2026=PLANE('',#2279);
#2027=PLANE('',#2280);
#2028=PLANE('',#2281);
#2029=PLANE('',#2282);
#2030=PLANE('',#2283);
#2031=PLANE('',#2297);
#2032=PLANE('',#2310);
#2033=PLANE('',#2311);
#2034=PLANE('',#2315);
#2035=PLANE('',#2316);
#2036=PLANE('',#2317);
#2037=PLANE('',#2318);
#2038=PLANE('',#2319);
#2039=PLANE('',#2320);
#2040=PLANE('',#2323);
#2041=PLANE('',#2324);
#2042=PLANE('',#2326);
#2043=PLANE('',#2327);
#2044=PLANE('',#2328);
#2045=PLANE('',#2329);
#2046=PLANE('',#2330);
#2047=PLANE('',#2331);
#2048=PLANE('',#2332);
#2049=PLANE('',#2333);
#2050=PLANE('',#2334);
#2051=PLANE('',#2338);
#2052=PLANE('',#2339);
#2053=PLANE('',#2340);
#2054=PLANE('',#2341);
#2055=PLANE('',#2342);
#2056=PLANE('',#2343);
#2057=PLANE('',#2345);
#2058=PLANE('',#2346);
#2059=PLANE('',#2347);
#2060=PLANE('',#2348);
#2061=PLANE('',#2349);
#2062=PLANE('',#2350);
#2063=PLANE('',#2351);
#2064=PLANE('',#2352);
#2065=PLANE('',#2353);
#2066=PLANE('',#2354);
#2067=PLANE('',#2355);
#2068=PLANE('',#2356);
#2069=PLANE('',#2357);
#2070=PLANE('',#2358);
#2071=PLANE('',#2364);
#2072=PLANE('',#2365);
#2073=PLANE('',#2366);
#2074=PLANE('',#2367);
#2075=PLANE('',#2368);
#2076=PLANE('',#2369);
#2077=PLANE('',#2370);
#2078=PLANE('',#2371);
#2079=PLANE('',#2372);
#2080=PLANE('',#2373);
#2081=PLANE('',#2374);
#2082=PLANE('',#2375);
#2083=PLANE('',#2376);
#2084=PLANE('',#2377);
#2085=PLANE('',#2378);
#2086=PLANE('',#2379);
#2087=PLANE('',#2380);
#2088=PLANE('',#2383);
#2089=PLANE('',#2384);
#2090=PLANE('',#2385);
#2091=PLANE('',#2386);
#2092=PLANE('',#2387);
#2093=PLANE('',#2388);
#2094=PLANE('',#2389);
#2095=PLANE('',#2390);
#2096=PLANE('',#2392);
#2097=PLANE('',#2393);
#2098=PLANE('',#2394);
#2099=PLANE('',#2395);
#2100=PLANE('',#2396);
#2101=PLANE('',#2397);
#2102=PLANE('',#2398);
#2103=PLANE('',#2399);
#2104=PLANE('',#2400);
#2105=PLANE('',#2401);
#2106=PLANE('',#2402);
#2107=PLANE('',#2403);
#2108=PLANE('',#2404);
#2109=PLANE('',#2405);
#2110=PLANE('',#2406);
#2111=PLANE('',#2407);
#2112=PLANE('',#2408);
#2113=PLANE('',#2409);
#2114=ADVANCED_FACE('',(#86),#2019,.T.);
#2115=ADVANCED_FACE('',(#87),#2020,.T.);
#2116=ADVANCED_FACE('',(#88),#2021,.T.);
#2117=ADVANCED_FACE('',(#89),#2022,.T.);
#2118=ADVANCED_FACE('',(#90),#2023,.T.);
#2119=ADVANCED_FACE('',(#91),#2024,.F.);
#2120=ADVANCED_FACE('',(#92),#72,.T.);
#2121=ADVANCED_FACE('',(#93),#2025,.F.);
#2122=ADVANCED_FACE('',(#94),#2026,.T.);
#2123=ADVANCED_FACE('',(#95),#2027,.F.);
#2124=ADVANCED_FACE('',(#96),#2028,.T.);
#2125=ADVANCED_FACE('',(#97),#2029,.T.);
#2126=ADVANCED_FACE('',(#98),#2030,.F.);
#2127=ADVANCED_FACE('',(#99,#15),#2031,.T.);
#2128=ADVANCED_FACE('',(#100),#2032,.F.);
#2129=ADVANCED_FACE('',(#101),#2033,.F.);
#2130=ADVANCED_FACE('',(#102),#73,.F.);
#2131=ADVANCED_FACE('',(#103),#2034,.T.);
#2132=ADVANCED_FACE('',(#104),#2035,.T.);
#2133=ADVANCED_FACE('',(#105),#2036,.F.);
#2134=ADVANCED_FACE('',(#106),#2037,.T.);
#2135=ADVANCED_FACE('',(#107),#2038,.F.);
#2136=ADVANCED_FACE('',(#108),#2039,.F.);
#2137=ADVANCED_FACE('',(#109),#2040,.F.);
#2138=ADVANCED_FACE('',(#110),#2041,.F.);
#2139=ADVANCED_FACE('',(#111),#74,.F.);
#2140=ADVANCED_FACE('',(#112),#2042,.T.);
#2141=ADVANCED_FACE('',(#113),#2043,.T.);
#2142=ADVANCED_FACE('',(#114),#2044,.T.);
#2143=ADVANCED_FACE('',(#115),#2045,.T.);
#2144=ADVANCED_FACE('',(#116),#2046,.T.);
#2145=ADVANCED_FACE('',(#117),#2047,.T.);
#2146=ADVANCED_FACE('',(#118),#2048,.T.);
#2147=ADVANCED_FACE('',(#119),#2049,.F.);
#2148=ADVANCED_FACE('',(#120),#2050,.F.);
#2149=ADVANCED_FACE('',(#121),#75,.F.);
#2150=ADVANCED_FACE('',(#122),#76,.F.);
#2151=ADVANCED_FACE('',(#123),#2051,.T.);
#2152=ADVANCED_FACE('',(#124),#2052,.T.);
#2153=ADVANCED_FACE('',(#125),#2053,.T.);
#2154=ADVANCED_FACE('',(#126),#2054,.T.);
#2155=ADVANCED_FACE('',(#127),#2055,.T.);
#2156=ADVANCED_FACE('',(#128),#2056,.T.);
#2157=ADVANCED_FACE('',(#129),#77,.F.);
#2158=ADVANCED_FACE('',(#130),#2057,.T.);
#2159=ADVANCED_FACE('',(#131),#2058,.T.);
#2160=ADVANCED_FACE('',(#132),#2059,.T.);
#2161=ADVANCED_FACE('',(#133),#2060,.T.);
#2162=ADVANCED_FACE('',(#134),#2061,.T.);
#2163=ADVANCED_FACE('',(#135),#2062,.T.);
#2164=ADVANCED_FACE('',(#136),#2063,.F.);
#2165=ADVANCED_FACE('',(#137),#2064,.T.);
#2166=ADVANCED_FACE('',(#138),#2065,.T.);
#2167=ADVANCED_FACE('',(#139),#2066,.T.);
#2168=ADVANCED_FACE('',(#140),#2067,.F.);
#2169=ADVANCED_FACE('',(#141),#2068,.T.);
#2170=ADVANCED_FACE('',(#142),#2069,.T.);
#2171=ADVANCED_FACE('',(#143),#2070,.T.);
#2172=ADVANCED_FACE('',(#144),#78,.F.);
#2173=ADVANCED_FACE('',(#145),#79,.F.);
#2174=ADVANCED_FACE('',(#146),#80,.F.);
#2175=ADVANCED_FACE('',(#147),#81,.F.);
#2176=ADVANCED_FACE('',(#148),#82,.F.);
#2177=ADVANCED_FACE('',(#149),#2071,.T.);
#2178=ADVANCED_FACE('',(#150),#2072,.T.);
#2179=ADVANCED_FACE('',(#151),#2073,.T.);
#2180=ADVANCED_FACE('',(#152),#2074,.T.);
#2181=ADVANCED_FACE('',(#153),#2075,.T.);
#2182=ADVANCED_FACE('',(#154),#2076,.T.);
#2183=ADVANCED_FACE('',(#155),#2077,.T.);
#2184=ADVANCED_FACE('',(#156),#2078,.T.);
#2185=ADVANCED_FACE('',(#157),#2079,.T.);
#2186=ADVANCED_FACE('',(#158),#2080,.T.);
#2187=ADVANCED_FACE('',(#159),#2081,.F.);
#2188=ADVANCED_FACE('',(#160),#2082,.F.);
#2189=ADVANCED_FACE('',(#161),#2083,.F.);
#2190=ADVANCED_FACE('',(#162),#2084,.F.);
#2191=ADVANCED_FACE('',(#163),#2085,.T.);
#2192=ADVANCED_FACE('',(#164),#2086,.T.);
#2193=ADVANCED_FACE('',(#165),#2087,.T.);
#2194=ADVANCED_FACE('',(#166),#83,.F.);
#2195=ADVANCED_FACE('',(#167),#84,.F.);
#2196=ADVANCED_FACE('',(#168),#2088,.T.);
#2197=ADVANCED_FACE('',(#169),#2089,.T.);
#2198=ADVANCED_FACE('',(#170),#2090,.T.);
#2199=ADVANCED_FACE('',(#171),#2091,.F.);
#2200=ADVANCED_FACE('',(#172),#2092,.F.);
#2201=ADVANCED_FACE('',(#173),#2093,.T.);
#2202=ADVANCED_FACE('',(#174),#2094,.T.);
#2203=ADVANCED_FACE('',(#175),#2095,.T.);
#2204=ADVANCED_FACE('',(#176),#85,.F.);
#2205=ADVANCED_FACE('',(#177,#16),#2096,.F.);
#2206=ADVANCED_FACE('',(#178),#2097,.T.);
#2207=ADVANCED_FACE('',(#179),#2098,.T.);
#2208=ADVANCED_FACE('',(#180),#2099,.T.);
#2209=ADVANCED_FACE('',(#181),#2100,.T.);
#2210=ADVANCED_FACE('',(#182),#2101,.F.);
#2211=ADVANCED_FACE('',(#183),#2102,.T.);
#2212=ADVANCED_FACE('',(#184),#2103,.T.);
#2213=ADVANCED_FACE('',(#185),#2104,.T.);
#2214=ADVANCED_FACE('',(#186),#2105,.T.);
#2215=ADVANCED_FACE('',(#187),#2106,.F.);
#2216=ADVANCED_FACE('',(#188),#2107,.T.);
#2217=ADVANCED_FACE('',(#189),#2108,.T.);
#2218=ADVANCED_FACE('',(#190),#2109,.T.);
#2219=ADVANCED_FACE('',(#191),#2110,.T.);
#2220=ADVANCED_FACE('',(#192),#2111,.T.);
#2221=ADVANCED_FACE('',(#193),#2112,.T.);
#2222=ADVANCED_FACE('',(#194),#2113,.F.);
#2223=CLOSED_SHELL('',(#2114,#2115,#2116,#2117,#2118,#2119,#2120,#2121,
#2122,#2123,#2124,#2125,#2126,#2127,#2128,#2129,#2130,#2131,#2132,#2133,
#2134,#2135,#2136,#2137,#2138,#2139,#2140,#2141,#2142,#2143,#2144,#2145,
#2146,#2147,#2148,#2149,#2150,#2151,#2152,#2153,#2154,#2155,#2156,#2157,
#2158,#2159,#2160,#2161,#2162,#2163,#2164,#2165,#2166,#2167,#2168,#2169,
#2170,#2171,#2172,#2173,#2174,#2175,#2176,#2177,#2178,#2179,#2180,#2181,
#2182,#2183,#2184,#2185,#2186,#2187,#2188,#2189,#2190,#2191,#2192,#2193,
#2194,#2195,#2196,#2197,#2198,#2199,#2200,#2201,#2202,#2203,#2204,#2205,
#2206,#2207,#2208,#2209,#2210,#2211,#2212,#2213,#2214,#2215,#2216,#2217,
#2218,#2219,#2220,#2221,#2222));
#2224=DERIVED_UNIT_ELEMENT(#2227,1.);
#2225=DERIVED_UNIT_ELEMENT(#3657,-3.);
#2226=DIMENSIONAL_EXPONENTS(0.,1.,0.,0.,0.,0.,0.);
#2227=(
CONVERSION_BASED_UNIT('gram',#2229)
MASS_UNIT()
NAMED_UNIT(#2226)
);
#2228=(
MASS_UNIT()
NAMED_UNIT(*)
SI_UNIT(.KILO.,.GRAM.)
);
#2229=MASS_MEASURE_WITH_UNIT(MASS_MEASURE(0.001),#2228);
#2230=DERIVED_UNIT((#2224,#2225));
#2231=MEASURE_REPRESENTATION_ITEM('density measure',
POSITIVE_RATIO_MEASURE(1.541),#2230);
#2232=PROPERTY_DEFINITION_REPRESENTATION(#2237,#2234);
#2233=PROPERTY_DEFINITION_REPRESENTATION(#2238,#2235);
#2234=REPRESENTATION('material name',(#2236),#3654);
#2235=REPRESENTATION('density',(#2231),#3654);
#2236=DESCRIPTIVE_REPRESENTATION_ITEM('PET \X2\30D730E930B930C130C330AF\X0\',
'PET \X2\30D730E930B930C130C330AF\X0\');
#2237=PROPERTY_DEFINITION('material property','material name',#3664);
#2238=PROPERTY_DEFINITION('material property','density of part',#3664);
#2239=DATE_TIME_ROLE('creation_date');
#2240=APPLIED_DATE_AND_TIME_ASSIGNMENT(#2241,#2239,(#3664));
#2241=DATE_AND_TIME(#2242,#2243);
#2242=CALENDAR_DATE(2026,8,10);
#2243=LOCAL_TIME(0,0,0.,#2244);
#2244=COORDINATED_UNIVERSAL_TIME_OFFSET(0,0,.BEHIND.);
#2245=AXIS2_PLACEMENT_3D('',#3007,#2410,#2411);
#2246=AXIS2_PLACEMENT_3D('',#3008,#2412,#2413);
#2247=AXIS2_PLACEMENT_3D('',#3023,#2421,#2422);
#2248=AXIS2_PLACEMENT_3D('',#3035,#2429,#2430);
#2249=AXIS2_PLACEMENT_3D('',#3041,#2434,#2435);
#2250=AXIS2_PLACEMENT_3D('',#3044,#2438,#2439);
#2251=AXIS2_PLACEMENT_3D('',#3048,#2442,#2443);
#2252=AXIS2_PLACEMENT_3D('',#3049,#2444,#2445);
#2253=AXIS2_PLACEMENT_3D('',#3051,#2446,#2447);
#2254=AXIS2_PLACEMENT_3D('',#3055,#2449,#2450);
#2255=AXIS2_PLACEMENT_3D('',#3059,#2452,#2453);
#2256=AXIS2_PLACEMENT_3D('',#3061,#2454,#2455);
#2257=AXIS2_PLACEMENT_3D('',#3065,#2457,#2458);
#2258=AXIS2_PLACEMENT_3D('',#3069,#2460,#2461);
#2259=AXIS2_PLACEMENT_3D('',#3073,#2463,#2464);
#2260=AXIS2_PLACEMENT_3D('',#3077,#2466,#2467);
#2261=AXIS2_PLACEMENT_3D('',#3081,#2469,#2470);
#2262=AXIS2_PLACEMENT_3D('',#3085,#2472,#2473);
#2263=AXIS2_PLACEMENT_3D('',#3089,#2475,#2476);
#2264=AXIS2_PLACEMENT_3D('',#3093,#2478,#2479);
#2265=AXIS2_PLACEMENT_3D('',#3097,#2481,#2482);
#2266=AXIS2_PLACEMENT_3D('',#3101,#2484,#2485);
#2267=AXIS2_PLACEMENT_3D('',#3103,#2486,#2487);
#2268=AXIS2_PLACEMENT_3D('',#3107,#2489,#2490);
#2269=AXIS2_PLACEMENT_3D('',#3111,#2492,#2493);
#2270=AXIS2_PLACEMENT_3D('',#3115,#2495,#2496);
#2271=AXIS2_PLACEMENT_3D('',#3119,#2498,#2499);
#2272=AXIS2_PLACEMENT_3D('',#3121,#2500,#2501);
#2273=AXIS2_PLACEMENT_3D('',#3125,#2503,#2504);
#2274=AXIS2_PLACEMENT_3D('',#3129,#2506,#2507);
#2275=AXIS2_PLACEMENT_3D('',#3133,#2509,#2510);
#2276=AXIS2_PLACEMENT_3D('',#3136,#2512,#2513);
#2277=AXIS2_PLACEMENT_3D('',#3137,#2514,#2515);
#2278=AXIS2_PLACEMENT_3D('',#3138,#2516,#2517);
#2279=AXIS2_PLACEMENT_3D('',#3140,#2519,#2520);
#2280=AXIS2_PLACEMENT_3D('',#3146,#2524,#2525);
#2281=AXIS2_PLACEMENT_3D('',#3148,#2527,#2528);
#2282=AXIS2_PLACEMENT_3D('',#3152,#2531,#2532);
#2283=AXIS2_PLACEMENT_3D('',#3154,#2534,#2535);
#2284=AXIS2_PLACEMENT_3D('',#3157,#2536,#2537);
#2285=AXIS2_PLACEMENT_3D('',#3161,#2539,#2540);
#2286=AXIS2_PLACEMENT_3D('',#3167,#2543,#2544);
#2287=AXIS2_PLACEMENT_3D('',#3171,#2546,#2547);
#2288=AXIS2_PLACEMENT_3D('',#3175,#2549,#2550);
#2289=AXIS2_PLACEMENT_3D('',#3181,#2553,#2554);
#2290=AXIS2_PLACEMENT_3D('',#3185,#2556,#2557);
#2291=AXIS2_PLACEMENT_3D('',#3189,#2559,#2560);
#2292=AXIS2_PLACEMENT_3D('',#3195,#2563,#2564);
#2293=AXIS2_PLACEMENT_3D('',#3199,#2566,#2567);
#2294=AXIS2_PLACEMENT_3D('',#3203,#2569,#2570);
#2295=AXIS2_PLACEMENT_3D('',#3209,#2573,#2574);
#2296=AXIS2_PLACEMENT_3D('',#3213,#2576,#2577);
#2297=AXIS2_PLACEMENT_3D('',#3217,#2580,#2581);
#2298=AXIS2_PLACEMENT_3D('',#3300,#2626,#2627);
#2299=AXIS2_PLACEMENT_3D('',#3304,#2629,#2630);
#2300=AXIS2_PLACEMENT_3D('',#3308,#2632,#2633);
#2301=AXIS2_PLACEMENT_3D('',#3314,#2636,#2637);
#2302=AXIS2_PLACEMENT_3D('',#3318,#2639,#2640);
#2303=AXIS2_PLACEMENT_3D('',#3322,#2642,#2643);
#2304=AXIS2_PLACEMENT_3D('',#3328,#2646,#2647);
#2305=AXIS2_PLACEMENT_3D('',#3332,#2649,#2650);
#2306=AXIS2_PLACEMENT_3D('',#3336,#2652,#2653);
#2307=AXIS2_PLACEMENT_3D('',#3342,#2656,#2657);
#2308=AXIS2_PLACEMENT_3D('',#3346,#2659,#2660);
#2309=AXIS2_PLACEMENT_3D('',#3350,#2662,#2663);
#2310=AXIS2_PLACEMENT_3D('',#3354,#2666,#2667);
#2311=AXIS2_PLACEMENT_3D('',#3360,#2671,#2672);
#2312=AXIS2_PLACEMENT_3D('',#3364,#2675,#2676);
#2313=AXIS2_PLACEMENT_3D('',#3368,#2678,#2679);
#2314=AXIS2_PLACEMENT_3D('',#3370,#2681,#2682);
#2315=AXIS2_PLACEMENT_3D('',#3371,#2683,#2684);
#2316=AXIS2_PLACEMENT_3D('',#3377,#2688,#2689);
#2317=AXIS2_PLACEMENT_3D('',#3381,#2692,#2693);
#2318=AXIS2_PLACEMENT_3D('',#3392,#2700,#2701);
#2319=AXIS2_PLACEMENT_3D('',#3395,#2704,#2705);
#2320=AXIS2_PLACEMENT_3D('',#3399,#2708,#2709);
#2321=AXIS2_PLACEMENT_3D('',#3408,#2713,#2714);
#2322=AXIS2_PLACEMENT_3D('',#3415,#2719,#2720);
#2323=AXIS2_PLACEMENT_3D('',#3416,#2721,#2722);
#2324=AXIS2_PLACEMENT_3D('',#3422,#2726,#2727);
#2325=AXIS2_PLACEMENT_3D('',#3424,#2729,#2730);
#2326=AXIS2_PLACEMENT_3D('',#3427,#2733,#2734);
#2327=AXIS2_PLACEMENT_3D('',#3429,#2736,#2737);
#2328=AXIS2_PLACEMENT_3D('',#3435,#2741,#2742);
#2329=AXIS2_PLACEMENT_3D('',#3439,#2745,#2746);
#2330=AXIS2_PLACEMENT_3D('',#3441,#2748,#2749);
#2331=AXIS2_PLACEMENT_3D('',#3444,#2752,#2753);
#2332=AXIS2_PLACEMENT_3D('',#3446,#2755,#2756);
#2333=AXIS2_PLACEMENT_3D('',#3450,#2759,#2760);
#2334=AXIS2_PLACEMENT_3D('',#3454,#2763,#2764);
#2335=AXIS2_PLACEMENT_3D('',#3458,#2766,#2767);
#2336=AXIS2_PLACEMENT_3D('',#3460,#2769,#2770);
#2337=AXIS2_PLACEMENT_3D('',#3462,#2772,#2773);
#2338=AXIS2_PLACEMENT_3D('',#3464,#2775,#2776);
#2339=AXIS2_PLACEMENT_3D('',#3467,#2779,#2780);
#2340=AXIS2_PLACEMENT_3D('',#3468,#2781,#2782);
#2341=AXIS2_PLACEMENT_3D('',#3471,#2785,#2786);
#2342=AXIS2_PLACEMENT_3D('',#3473,#2788,#2789);
#2343=AXIS2_PLACEMENT_3D('',#3475,#2791,#2792);
#2344=AXIS2_PLACEMENT_3D('',#3476,#2793,#2794);
#2345=AXIS2_PLACEMENT_3D('',#3478,#2796,#2797);
#2346=AXIS2_PLACEMENT_3D('',#3484,#2801,#2802);
#2347=AXIS2_PLACEMENT_3D('',#3486,#2804,#2805);
#2348=AXIS2_PLACEMENT_3D('',#3489,#2808,#2809);
#2349=AXIS2_PLACEMENT_3D('',#3493,#2812,#2813);
#2350=AXIS2_PLACEMENT_3D('',#3497,#2816,#2817);
#2351=AXIS2_PLACEMENT_3D('',#3498,#2818,#2819);
#2352=AXIS2_PLACEMENT_3D('',#3502,#2822,#2823);
#2353=AXIS2_PLACEMENT_3D('',#3508,#2827,#2828);
#2354=AXIS2_PLACEMENT_3D('',#3510,#2830,#2831);
#2355=AXIS2_PLACEMENT_3D('',#3513,#2834,#2835);
#2356=AXIS2_PLACEMENT_3D('',#3521,#2840,#2841);
#2357=AXIS2_PLACEMENT_3D('',#3523,#2843,#2844);
#2358=AXIS2_PLACEMENT_3D('',#3525,#2846,#2847);
#2359=AXIS2_PLACEMENT_3D('',#3527,#2849,#2850);
#2360=AXIS2_PLACEMENT_3D('',#3529,#2852,#2853);
#2361=AXIS2_PLACEMENT_3D('',#3532,#2856,#2857);
#2362=AXIS2_PLACEMENT_3D('',#3535,#2860,#2861);
#2363=AXIS2_PLACEMENT_3D('',#3538,#2864,#2865);
#2364=AXIS2_PLACEMENT_3D('',#3541,#2868,#2869);
#2365=AXIS2_PLACEMENT_3D('',#3542,#2870,#2871);
#2366=AXIS2_PLACEMENT_3D('',#3543,#2872,#2873);
#2367=AXIS2_PLACEMENT_3D('',#3544,#2874,#2875);
#2368=AXIS2_PLACEMENT_3D('',#3545,#2876,#2877);
#2369=AXIS2_PLACEMENT_3D('',#3549,#2880,#2881);
#2370=AXIS2_PLACEMENT_3D('',#3553,#2884,#2885);
#2371=AXIS2_PLACEMENT_3D('',#3555,#2887,#2888);
#2372=AXIS2_PLACEMENT_3D('',#3559,#2891,#2892);
#2373=AXIS2_PLACEMENT_3D('',#3563,#2895,#2896);
#2374=AXIS2_PLACEMENT_3D('',#3565,#2898,#2899);
#2375=AXIS2_PLACEMENT_3D('',#3567,#2901,#2902);
#2376=AXIS2_PLACEMENT_3D('',#3569,#2904,#2905);
#2377=AXIS2_PLACEMENT_3D('',#3571,#2907,#2908);
#2378=AXIS2_PLACEMENT_3D('',#3573,#2910,#2911);
#2379=AXIS2_PLACEMENT_3D('',#3574,#2912,#2913);
#2380=AXIS2_PLACEMENT_3D('',#3575,#2914,#2915);
#2381=AXIS2_PLACEMENT_3D('',#3576,#2916,#2917);
#2382=AXIS2_PLACEMENT_3D('',#3577,#2918,#2919);
#2383=AXIS2_PLACEMENT_3D('',#3578,#2920,#2921);
#2384=AXIS2_PLACEMENT_3D('',#3580,#2923,#2924);
#2385=AXIS2_PLACEMENT_3D('',#3587,#2929,#2930);
#2386=AXIS2_PLACEMENT_3D('',#3589,#2932,#2933);
#2387=AXIS2_PLACEMENT_3D('',#3591,#2935,#2936);
#2388=AXIS2_PLACEMENT_3D('',#3592,#2937,#2938);
#2389=AXIS2_PLACEMENT_3D('',#3593,#2939,#2940);
#2390=AXIS2_PLACEMENT_3D('',#3595,#2942,#2943);
#2391=AXIS2_PLACEMENT_3D('',#3596,#2944,#2945);
#2392=AXIS2_PLACEMENT_3D('',#3597,#2946,#2947);
#2393=AXIS2_PLACEMENT_3D('',#3598,#2948,#2949);
#2394=AXIS2_PLACEMENT_3D('',#3604,#2953,#2954);
#2395=AXIS2_PLACEMENT_3D('',#3610,#2958,#2959);
#2396=AXIS2_PLACEMENT_3D('',#3612,#2961,#2962);
#2397=AXIS2_PLACEMENT_3D('',#3614,#2964,#2965);
#2398=AXIS2_PLACEMENT_3D('',#3615,#2966,#2967);
#2399=AXIS2_PLACEMENT_3D('',#3621,#2971,#2972);
#2400=AXIS2_PLACEMENT_3D('',#3625,#2975,#2976);
#2401=AXIS2_PLACEMENT_3D('',#3629,#2979,#2980);
#2402=AXIS2_PLACEMENT_3D('',#3631,#2982,#2983);
#2403=AXIS2_PLACEMENT_3D('',#3632,#2984,#2985);
#2404=AXIS2_PLACEMENT_3D('',#3634,#2987,#2988);
#2405=AXIS2_PLACEMENT_3D('',#3635,#2989,#2990);
#2406=AXIS2_PLACEMENT_3D('',#3641,#2994,#2995);
#2407=AXIS2_PLACEMENT_3D('',#3645,#2998,#2999);
#2408=AXIS2_PLACEMENT_3D('',#3649,#3002,#3003);
#2409=AXIS2_PLACEMENT_3D('',#3651,#3005,#3006);
#2410=DIRECTION('axis',(0.,0.,1.));
#2411=DIRECTION('refdir',(1.,0.,0.));
#2412=DIRECTION('center_axis',(0.,1.,0.));
#2413=DIRECTION('ref_axis',(-1.,0.,0.));
#2414=DIRECTION('',(-1.,0.,0.));
#2415=DIRECTION('',(0.,0.,-1.));
#2416=DIRECTION('',(-1.,0.,0.));
#2417=DIRECTION('',(-1.,0.,0.));
#2418=DIRECTION('',(0.,0.,1.));
#2419=DIRECTION('',(-1.,0.,0.));
#2420=DIRECTION('',(0.,0.,1.));
#2421=DIRECTION('center_axis',(-1.,0.,0.));
#2422=DIRECTION('ref_axis',(0.,-1.,0.));
#2423=DIRECTION('',(0.,-1.,0.));
#2424=DIRECTION('',(0.,-1.,0.));
#2425=DIRECTION('',(0.,0.,1.));
#2426=DIRECTION('',(0.,-1.,0.));
#2427=DIRECTION('',(0.,-1.,0.));
#2428=DIRECTION('',(0.,0.,1.));
#2429=DIRECTION('center_axis',(1.,0.,0.));
#2430=DIRECTION('ref_axis',(0.,1.,0.));
#2431=DIRECTION('',(0.,1.,0.));
#2432=DIRECTION('',(0.,1.,0.));
#2433=DIRECTION('',(0.,0.,1.));
#2434=DIRECTION('center_axis',(0.,-1.,0.));
#2435=DIRECTION('ref_axis',(1.,0.,0.));
#2436=DIRECTION('',(1.,0.,0.));
#2437=DIRECTION('',(1.,0.,0.));
#2438=DIRECTION('center_axis',(0.,0.,1.));
#2439=DIRECTION('ref_axis',(1.,0.,0.));
#2440=DIRECTION('',(1.,0.,0.));
#2441=DIRECTION('',(0.,1.,0.));
#2442=DIRECTION('center_axis',(0.,0.,1.));
#2443=DIRECTION('ref_axis',(1.,0.,0.));
#2444=DIRECTION('center_axis',(0.,0.,1.));
#2445=DIRECTION('ref_axis',(-0.533995998731022,0.845487003648938,0.));
#2446=DIRECTION('center_axis',(0.,0.,-1.));
#2447=DIRECTION('ref_axis',(-1.,0.,0.));
#2448=DIRECTION('',(0.,0.,1.));
#2449=DIRECTION('center_axis',(0.,0.,1.));
#2450=DIRECTION('ref_axis',(-1.,0.,0.));
#2451=DIRECTION('',(0.,0.,-1.));
#2452=DIRECTION('center_axis',(0.,0.,-1.));
#2453=DIRECTION('ref_axis',(-1.,0.,0.));
#2454=DIRECTION('center_axis',(0.,0.,-1.));
#2455=DIRECTION('ref_axis',(-1.,0.,0.));
#2456=DIRECTION('',(0.,0.,1.));
#2457=DIRECTION('center_axis',(0.,0.,1.));
#2458=DIRECTION('ref_axis',(-1.,0.,0.));
#2459=DIRECTION('',(0.,0.,-1.));
#2460=DIRECTION('center_axis',(0.,0.,-1.));
#2461=DIRECTION('ref_axis',(-1.,0.,0.));
#2462=DIRECTION('',(0.,0.,1.));
#2463=DIRECTION('center_axis',(0.,0.,1.));
#2464=DIRECTION('ref_axis',(-1.,0.,0.));
#2465=DIRECTION('',(0.,0.,-1.));
#2466=DIRECTION('center_axis',(0.,0.,1.));
#2467=DIRECTION('ref_axis',(-1.,0.,0.));
#2468=DIRECTION('',(0.,0.,-1.));
#2469=DIRECTION('center_axis',(0.,0.,-1.));
#2470=DIRECTION('ref_axis',(-1.,0.,0.));
#2471=DIRECTION('',(0.,0.,1.));
#2472=DIRECTION('center_axis',(0.,0.,1.));
#2473=DIRECTION('ref_axis',(-1.,0.,0.));
#2474=DIRECTION('',(0.,0.,1.));
#2475=DIRECTION('center_axis',(0.,0.,1.));
#2476=DIRECTION('ref_axis',(-1.,0.,0.));
#2477=DIRECTION('',(0.,0.,-1.));
#2478=DIRECTION('center_axis',(0.,0.,-1.));
#2479=DIRECTION('ref_axis',(-1.,0.,0.));
#2480=DIRECTION('',(0.,0.,1.));
#2481=DIRECTION('center_axis',(0.,0.,1.));
#2482=DIRECTION('ref_axis',(-1.,0.,0.));
#2483=DIRECTION('',(0.,0.,-1.));
#2484=DIRECTION('center_axis',(0.,0.,-1.));
#2485=DIRECTION('ref_axis',(-1.,0.,0.));
#2486=DIRECTION('center_axis',(0.,0.,-1.));
#2487=DIRECTION('ref_axis',(-1.,0.,0.));
#2488=DIRECTION('',(0.,0.,1.));
#2489=DIRECTION('center_axis',(0.,0.,1.));
#2490=DIRECTION('ref_axis',(-1.,0.,0.));
#2491=DIRECTION('',(0.,0.,-1.));
#2492=DIRECTION('center_axis',(0.,0.,-1.));
#2493=DIRECTION('ref_axis',(-1.,0.,0.));
#2494=DIRECTION('',(0.,0.,1.));
#2495=DIRECTION('center_axis',(0.,0.,1.));
#2496=DIRECTION('ref_axis',(-1.,0.,0.));
#2497=DIRECTION('',(0.,0.,-1.));
#2498=DIRECTION('center_axis',(0.,0.,-1.));
#2499=DIRECTION('ref_axis',(-1.,0.,0.));
#2500=DIRECTION('center_axis',(0.,0.,-1.));
#2501=DIRECTION('ref_axis',(-1.,0.,0.));
#2502=DIRECTION('',(0.,0.,1.));
#2503=DIRECTION('center_axis',(0.,0.,1.));
#2504=DIRECTION('ref_axis',(-1.,0.,0.));
#2505=DIRECTION('',(0.,0.,-1.));
#2506=DIRECTION('center_axis',(0.,0.,-1.));
#2507=DIRECTION('ref_axis',(-1.,0.,0.));
#2508=DIRECTION('',(0.,0.,1.));
#2509=DIRECTION('center_axis',(0.,0.,1.));
#2510=DIRECTION('ref_axis',(-1.,0.,0.));
#2511=DIRECTION('',(0.,0.,-1.));
#2512=DIRECTION('center_axis',(0.,0.,-1.));
#2513=DIRECTION('ref_axis',(-1.,0.,0.));
#2514=DIRECTION('center_axis',(0.,0.,-1.));
#2515=DIRECTION('ref_axis',(-1.,0.,0.));
#2516=DIRECTION('center_axis',(0.,0.,1.));
#2517=DIRECTION('ref_axis',(1.,0.,0.));
#2518=DIRECTION('',(0.,1.,0.));
#2519=DIRECTION('center_axis',(-1.,0.,0.));
#2520=DIRECTION('ref_axis',(0.,-1.,0.));
#2521=DIRECTION('',(0.,-1.,0.));
#2522=DIRECTION('',(0.,0.,1.));
#2523=DIRECTION('',(0.,-1.,0.));
#2524=DIRECTION('center_axis',(0.,0.,1.));
#2525=DIRECTION('ref_axis',(1.,0.,0.));
#2526=DIRECTION('',(1.,0.,0.));
#2527=DIRECTION('center_axis',(1.,0.,0.));
#2528=DIRECTION('ref_axis',(0.,1.,0.));
#2529=DIRECTION('',(0.,1.,0.));
#2530=DIRECTION('',(0.,0.,1.));
#2531=DIRECTION('center_axis',(0.,-1.,0.));
#2532=DIRECTION('ref_axis',(1.,0.,0.));
#2533=DIRECTION('',(1.,0.,0.));
#2534=DIRECTION('center_axis',(0.,0.,1.));
#2535=DIRECTION('ref_axis',(1.,0.,0.));
#2536=DIRECTION('center_axis',(0.,0.,-1.));
#2537=DIRECTION('ref_axis',(-1.,0.,0.));
#2538=DIRECTION('',(1.,0.,0.));
#2539=DIRECTION('center_axis',(0.,0.,1.));
#2540=DIRECTION('ref_axis',(-1.,0.,0.));
#2541=DIRECTION('',(-1.,0.,0.));
#2542=DIRECTION('',(0.,1.,0.));
#2543=DIRECTION('center_axis',(0.,0.,1.));
#2544=DIRECTION('ref_axis',(-1.,0.,0.));
#2545=DIRECTION('',(0.,-1.,0.));
#2546=DIRECTION('center_axis',(0.,0.,1.));
#2547=DIRECTION('ref_axis',(-1.,0.,0.));
#2548=DIRECTION('',(0.,1.,0.));
#2549=DIRECTION('center_axis',(0.,0.,1.));
#2550=DIRECTION('ref_axis',(-1.,0.,0.));
#2551=DIRECTION('',(0.,-1.,0.));
#2552=DIRECTION('',(-1.,0.,0.));
#2553=DIRECTION('center_axis',(0.,0.,1.));
#2554=DIRECTION('ref_axis',(-1.,0.,0.));
#2555=DIRECTION('',(1.,0.,0.));
#2556=DIRECTION('center_axis',(0.,0.,1.));
#2557=DIRECTION('ref_axis',(-1.,0.,0.));
#2558=DIRECTION('',(-1.,0.,0.));
#2559=DIRECTION('center_axis',(0.,0.,1.));
#2560=DIRECTION('ref_axis',(-1.,0.,0.));
#2561=DIRECTION('',(1.,0.,0.));
#2562=DIRECTION('',(0.,-1.,0.));
#2563=DIRECTION('center_axis',(0.,0.,1.));
#2564=DIRECTION('ref_axis',(-1.,0.,0.));
#2565=DIRECTION('',(0.,1.,0.));
#2566=DIRECTION('center_axis',(0.,0.,1.));
#2567=DIRECTION('ref_axis',(-1.,0.,0.));
#2568=DIRECTION('',(0.,-1.,0.));
#2569=DIRECTION('center_axis',(0.,0.,1.));
#2570=DIRECTION('ref_axis',(-1.,0.,0.));
#2571=DIRECTION('',(0.,1.,0.));
#2572=DIRECTION('',(1.,0.,0.));
#2573=DIRECTION('center_axis',(0.,0.,1.));
#2574=DIRECTION('ref_axis',(-1.,0.,0.));
#2575=DIRECTION('',(-1.,0.,0.));
#2576=DIRECTION('center_axis',(0.,0.,-1.));
#2577=DIRECTION('ref_axis',(-1.,0.,0.));
#2578=DIRECTION('',(0.,1.,0.));
#2579=DIRECTION('',(1.,0.,0.));
#2580=DIRECTION('center_axis',(0.,0.,1.));
#2581=DIRECTION('ref_axis',(1.,0.,0.));
#2582=DIRECTION('',(0.,-1.,0.));
#2583=DIRECTION('',(1.,0.,0.));
#2584=DIRECTION('',(0.,-1.,0.));
#2585=DIRECTION('',(1.,0.,0.));
#2586=DIRECTION('',(0.,1.,0.));
#2587=DIRECTION('',(-1.,0.,0.));
#2588=DIRECTION('',(0.,1.,0.));
#2589=DIRECTION('',(-1.,0.,0.));
#2590=DIRECTION('',(1.,0.,0.));
#2591=DIRECTION('',(0.,1.,0.));
#2592=DIRECTION('',(-1.,0.,0.));
#2593=DIRECTION('',(1.,0.,0.));
#2594=DIRECTION('',(0.,1.,0.));
#2595=DIRECTION('',(1.,0.,0.));
#2596=DIRECTION('',(0.,1.,0.));
#2597=DIRECTION('',(-1.,0.,0.));
#2598=DIRECTION('',(0.,-1.,0.));
#2599=DIRECTION('',(-1.,0.,0.));
#2600=DIRECTION('',(0.,-1.,0.));
#2601=DIRECTION('',(0.,1.,0.));
#2602=DIRECTION('',(-1.,0.,0.));
#2603=DIRECTION('',(0.,-1.,0.));
#2604=DIRECTION('',(0.,1.,0.));
#2605=DIRECTION('',(-1.,0.,0.));
#2606=DIRECTION('',(0.,1.,0.));
#2607=DIRECTION('',(-1.,0.,0.));
#2608=DIRECTION('',(0.,-1.,0.));
#2609=DIRECTION('',(1.,0.,0.));
#2610=DIRECTION('',(0.,-1.,0.));
#2611=DIRECTION('',(1.,0.,0.));
#2612=DIRECTION('',(-1.,0.,0.));
#2613=DIRECTION('',(0.,-1.,0.));
#2614=DIRECTION('',(1.,0.,0.));
#2615=DIRECTION('',(-1.,0.,0.));
#2616=DIRECTION('',(0.,-1.,0.));
#2617=DIRECTION('',(-1.,0.,0.));
#2618=DIRECTION('',(0.,-1.,0.));
#2619=DIRECTION('',(1.,0.,0.));
#2620=DIRECTION('',(0.,1.,0.));
#2621=DIRECTION('',(1.,0.,0.));
#2622=DIRECTION('',(0.,1.,0.));
#2623=DIRECTION('',(0.,-1.,0.));
#2624=DIRECTION('',(1.,0.,0.));
#2625=DIRECTION('',(0.,1.,0.));
#2626=DIRECTION('center_axis',(0.,0.,-1.));
#2627=DIRECTION('ref_axis',(-1.,0.,0.));
#2628=DIRECTION('',(-1.,0.,0.));
#2629=DIRECTION('center_axis',(0.,0.,-1.));
#2630=DIRECTION('ref_axis',(-1.,0.,0.));
#2631=DIRECTION('',(1.,0.,0.));
#2632=DIRECTION('center_axis',(0.,0.,-1.));
#2633=DIRECTION('ref_axis',(-1.,0.,0.));
#2634=DIRECTION('',(-1.,0.,0.));
#2635=DIRECTION('',(0.,-1.,0.));
#2636=DIRECTION('center_axis',(0.,0.,-1.));
#2637=DIRECTION('ref_axis',(-1.,0.,0.));
#2638=DIRECTION('',(0.,1.,0.));
#2639=DIRECTION('center_axis',(0.,0.,-1.));
#2640=DIRECTION('ref_axis',(-1.,0.,0.));
#2641=DIRECTION('',(0.,-1.,0.));
#2642=DIRECTION('center_axis',(0.,0.,-1.));
#2643=DIRECTION('ref_axis',(-1.,0.,0.));
#2644=DIRECTION('',(0.,1.,0.));
#2645=DIRECTION('',(-1.,0.,0.));
#2646=DIRECTION('center_axis',(0.,0.,-1.));
#2647=DIRECTION('ref_axis',(-1.,0.,0.));
#2648=DIRECTION('',(1.,0.,0.));
#2649=DIRECTION('center_axis',(0.,0.,-1.));
#2650=DIRECTION('ref_axis',(-1.,0.,0.));
#2651=DIRECTION('',(-1.,0.,0.));
#2652=DIRECTION('center_axis',(0.,0.,-1.));
#2653=DIRECTION('ref_axis',(-1.,0.,0.));
#2654=DIRECTION('',(1.,0.,0.));
#2655=DIRECTION('',(0.,1.,0.));
#2656=DIRECTION('center_axis',(0.,0.,-1.));
#2657=DIRECTION('ref_axis',(-1.,0.,0.));
#2658=DIRECTION('',(0.,-1.,0.));
#2659=DIRECTION('center_axis',(0.,0.,-1.));
#2660=DIRECTION('ref_axis',(-1.,0.,0.));
#2661=DIRECTION('',(0.,1.,0.));
#2662=DIRECTION('center_axis',(0.,0.,-1.));
#2663=DIRECTION('ref_axis',(-1.,0.,0.));
#2664=DIRECTION('',(0.,-1.,0.));
#2665=DIRECTION('',(1.,0.,0.));
#2666=DIRECTION('center_axis',(1.,0.,0.));
#2667=DIRECTION('ref_axis',(0.,1.,0.));
#2668=DIRECTION('',(0.,1.,0.));
#2669=DIRECTION('',(0.,0.,1.));
#2670=DIRECTION('',(0.,0.,1.));
#2671=DIRECTION('center_axis',(0.,-1.,0.));
#2672=DIRECTION('ref_axis',(1.,0.,0.));
#2673=DIRECTION('',(1.,0.,0.));
#2674=DIRECTION('',(0.,0.,-1.));
#2675=DIRECTION('center_axis',(0.,0.,1.));
#2676=DIRECTION('ref_axis',(-0.603538970658281,0.797333500422968,0.));
#2677=DIRECTION('',(0.,0.,-1.));
#2678=DIRECTION('center_axis',(0.,0.,1.));
#2679=DIRECTION('ref_axis',(-1.,0.,0.));
#2680=DIRECTION('',(0.,0.,1.));
#2681=DIRECTION('center_axis',(0.,0.,1.));
#2682=DIRECTION('ref_axis',(-1.,0.,0.));
#2683=DIRECTION('center_axis',(1.,0.,0.));
#2684=DIRECTION('ref_axis',(0.,1.,0.));
#2685=DIRECTION('',(0.,1.,0.));
#2686=DIRECTION('',(0.,0.,1.));
#2687=DIRECTION('',(0.,0.,1.));
#2688=DIRECTION('center_axis',(0.,1.,0.));
#2689=DIRECTION('ref_axis',(-1.,0.,0.));
#2690=DIRECTION('',(-1.,0.,0.));
#2691=DIRECTION('',(0.,0.,1.));
#2692=DIRECTION('center_axis',(0.,0.,1.));
#2693=DIRECTION('ref_axis',(1.,0.,0.));
#2694=DIRECTION('',(0.,1.,0.));
#2695=DIRECTION('',(1.,0.,0.));
#2696=DIRECTION('',(0.,-1.,0.));
#2697=DIRECTION('',(1.,0.,0.));
#2698=DIRECTION('',(0.,-1.,0.));
#2699=DIRECTION('',(-1.,0.,0.));
#2700=DIRECTION('center_axis',(0.,0.,1.));
#2701=DIRECTION('ref_axis',(1.,0.,0.));
#2702=DIRECTION('',(-1.,0.,0.));
#2703=DIRECTION('',(1.,0.,0.));
#2704=DIRECTION('center_axis',(0.,1.,0.));
#2705=DIRECTION('ref_axis',(-1.,0.,0.));
#2706=DIRECTION('',(0.,0.,-1.));
#2707=DIRECTION('',(-1.,0.,0.));
#2708=DIRECTION('center_axis',(0.,0.,1.));
#2709=DIRECTION('ref_axis',(1.,0.,0.));
#2710=DIRECTION('',(-1.,0.,0.));
#2711=DIRECTION('',(0.,1.,0.));
#2712=DIRECTION('',(1.,0.,0.));
#2713=DIRECTION('center_axis',(0.,0.,-1.));
#2714=DIRECTION('ref_axis',(-1.,0.,0.));
#2715=DIRECTION('',(1.,0.,0.));
#2716=DIRECTION('',(1.,0.,0.));
#2717=DIRECTION('',(0.,-1.,0.));
#2718=DIRECTION('',(-1.,0.,0.));
#2719=DIRECTION('center_axis',(0.,0.,-1.));
#2720=DIRECTION('ref_axis',(-1.,0.,0.));
#2721=DIRECTION('center_axis',(1.,0.,0.));
#2722=DIRECTION('ref_axis',(0.,1.,0.));
#2723=DIRECTION('',(0.,0.,1.));
#2724=DIRECTION('',(0.,1.,0.));
#2725=DIRECTION('',(0.,0.,-1.));
#2726=DIRECTION('center_axis',(0.,-1.,0.));
#2727=DIRECTION('ref_axis',(1.,0.,0.));
#2728=DIRECTION('',(0.,0.,1.));
#2729=DIRECTION('center_axis',(0.,0.,1.));
#2730=DIRECTION('ref_axis',(-1.,0.,0.));
#2731=DIRECTION('',(0.,0.,1.));
#2732=DIRECTION('',(0.,0.,-1.));
#2733=DIRECTION('center_axis',(0.,1.,0.));
#2734=DIRECTION('ref_axis',(-1.,0.,0.));
#2735=DIRECTION('',(0.,0.,1.));
#2736=DIRECTION('center_axis',(1.,0.,0.));
#2737=DIRECTION('ref_axis',(0.,1.,0.));
#2738=DIRECTION('',(0.,0.,-1.));
#2739=DIRECTION('',(0.,0.,1.));
#2740=DIRECTION('',(0.,1.,0.));
#2741=DIRECTION('center_axis',(-1.,0.,0.));
#2742=DIRECTION('ref_axis',(0.,-1.,0.));
#2743=DIRECTION('',(0.,0.,1.));
#2744=DIRECTION('',(0.,-1.,0.));
#2745=DIRECTION('center_axis',(0.,-1.,0.));
#2746=DIRECTION('ref_axis',(1.,0.,0.));
#2747=DIRECTION('',(1.,0.,0.));
#2748=DIRECTION('center_axis',(0.,-1.,0.));
#2749=DIRECTION('ref_axis',(1.,0.,0.));
#2750=DIRECTION('',(0.,0.,-1.));
#2751=DIRECTION('',(0.,0.,1.));
#2752=DIRECTION('center_axis',(-1.,0.,0.));
#2753=DIRECTION('ref_axis',(0.,-1.,0.));
#2754=DIRECTION('',(0.,0.,1.));
#2755=DIRECTION('center_axis',(0.,1.,0.));
#2756=DIRECTION('ref_axis',(-1.,0.,0.));
#2757=DIRECTION('',(0.,0.,1.));
#2758=DIRECTION('',(-1.,0.,0.));
#2759=DIRECTION('center_axis',(0.,0.,1.));
#2760=DIRECTION('ref_axis',(1.,0.,0.));
#2761=DIRECTION('',(-1.,0.,0.));
#2762=DIRECTION('',(0.,1.,0.));
#2763=DIRECTION('center_axis',(0.,0.,1.));
#2764=DIRECTION('ref_axis',(1.,0.,0.));
#2765=DIRECTION('',(-1.,0.,0.));
#2766=DIRECTION('center_axis',(0.,0.,1.));
#2767=DIRECTION('ref_axis',(-1.,0.,0.));
#2768=DIRECTION('',(1.,0.,0.));
#2769=DIRECTION('center_axis',(0.,0.,1.));
#2770=DIRECTION('ref_axis',(-1.,0.,0.));
#2771=DIRECTION('',(0.,0.,1.));
#2772=DIRECTION('center_axis',(0.,0.,1.));
#2773=DIRECTION('ref_axis',(-1.,0.,0.));
#2774=DIRECTION('',(0.,0.,-1.));
#2775=DIRECTION('center_axis',(0.,-1.,0.));
#2776=DIRECTION('ref_axis',(1.,0.,0.));
#2777=DIRECTION('',(0.,0.,-1.));
#2778=DIRECTION('',(0.,0.,1.));
#2779=DIRECTION('center_axis',(-1.,0.,0.));
#2780=DIRECTION('ref_axis',(0.,-1.,0.));
#2781=DIRECTION('center_axis',(-1.,0.,0.));
#2782=DIRECTION('ref_axis',(0.,-1.,0.));
#2783=DIRECTION('',(0.,0.,-1.));
#2784=DIRECTION('',(0.,0.,1.));
#2785=DIRECTION('center_axis',(0.,1.,0.));
#2786=DIRECTION('ref_axis',(-1.,0.,0.));
#2787=DIRECTION('',(0.,0.,1.));
#2788=DIRECTION('center_axis',(0.,1.,0.));
#2789=DIRECTION('ref_axis',(-1.,0.,0.));
#2790=DIRECTION('',(0.,0.,1.));
#2791=DIRECTION('center_axis',(1.,0.,0.));
#2792=DIRECTION('ref_axis',(0.,1.,0.));
#2793=DIRECTION('center_axis',(0.,0.,1.));
#2794=DIRECTION('ref_axis',(-1.,0.,0.));
#2795=DIRECTION('',(0.,0.,-1.));
#2796=DIRECTION('center_axis',(0.,1.,0.));
#2797=DIRECTION('ref_axis',(-1.,0.,0.));
#2798=DIRECTION('',(0.,0.,-1.));
#2799=DIRECTION('',(0.,0.,1.));
#2800=DIRECTION('',(-1.,0.,0.));
#2801=DIRECTION('center_axis',(1.,0.,0.));
#2802=DIRECTION('ref_axis',(0.,1.,0.));
#2803=DIRECTION('',(0.,1.,0.));
#2804=DIRECTION('center_axis',(1.,0.,0.));
#2805=DIRECTION('ref_axis',(0.,1.,0.));
#2806=DIRECTION('',(0.,0.,-1.));
#2807=DIRECTION('',(0.,0.,1.));
#2808=DIRECTION('center_axis',(0.,-1.,0.));
#2809=DIRECTION('ref_axis',(1.,0.,0.));
#2810=DIRECTION('',(0.,0.,1.));
#2811=DIRECTION('',(1.,0.,0.));
#2812=DIRECTION('center_axis',(-1.,0.,0.));
#2813=DIRECTION('ref_axis',(0.,-1.,0.));
#2814=DIRECTION('',(0.,0.,1.));
#2815=DIRECTION('',(0.,-1.,0.));
#2816=DIRECTION('center_axis',(0.,-1.,0.));
#2817=DIRECTION('ref_axis',(1.,0.,0.));
#2818=DIRECTION('center_axis',(0.,0.,1.));
#2819=DIRECTION('ref_axis',(1.,0.,0.));
#2820=DIRECTION('',(0.,-1.,0.));
#2821=DIRECTION('',(-1.,0.,0.));
#2822=DIRECTION('center_axis',(-1.,0.,0.));
#2823=DIRECTION('ref_axis',(0.,-1.,0.));
#2824=DIRECTION('',(0.,0.,-1.));
#2825=DIRECTION('',(0.,0.,1.));
#2826=DIRECTION('',(0.,-1.,0.));
#2827=DIRECTION('center_axis',(0.,1.,0.));
#2828=DIRECTION('ref_axis',(-1.,0.,0.));
#2829=DIRECTION('',(-1.,0.,0.));
#2830=DIRECTION('center_axis',(0.,1.,0.));
#2831=DIRECTION('ref_axis',(-1.,0.,0.));
#2832=DIRECTION('',(0.,0.,-1.));
#2833=DIRECTION('',(0.,0.,1.));
#2834=DIRECTION('center_axis',(0.,0.,1.));
#2835=DIRECTION('ref_axis',(1.,0.,0.));
#2836=DIRECTION('',(0.,-1.,0.));
#2837=DIRECTION('',(1.,0.,0.));
#2838=DIRECTION('',(0.,1.,0.));
#2839=DIRECTION('',(1.,0.,0.));
#2840=DIRECTION('center_axis',(1.,0.,0.));
#2841=DIRECTION('ref_axis',(0.,1.,0.));
#2842=DIRECTION('',(0.,0.,1.));
#2843=DIRECTION('center_axis',(1.,0.,0.));
#2844=DIRECTION('ref_axis',(0.,1.,0.));
#2845=DIRECTION('',(0.,0.,1.));
#2846=DIRECTION('center_axis',(0.,-1.,0.));
#2847=DIRECTION('ref_axis',(1.,0.,0.));
#2848=DIRECTION('',(0.,0.,1.));
#2849=DIRECTION('center_axis',(0.,0.,1.));
#2850=DIRECTION('ref_axis',(-1.,0.,0.));
#2851=DIRECTION('',(0.,0.,-1.));
#2852=DIRECTION('center_axis',(0.,0.,1.));
#2853=DIRECTION('ref_axis',(-1.,0.,0.));
#2854=DIRECTION('',(0.,0.,1.));
#2855=DIRECTION('',(0.,0.,-1.));
#2856=DIRECTION('center_axis',(0.,0.,1.));
#2857=DIRECTION('ref_axis',(-1.,0.,0.));
#2858=DIRECTION('',(0.,0.,-1.));
#2859=DIRECTION('',(0.,0.,1.));
#2860=DIRECTION('center_axis',(0.,0.,1.));
#2861=DIRECTION('ref_axis',(-1.,0.,0.));
#2862=DIRECTION('',(0.,0.,1.));
#2863=DIRECTION('',(0.,0.,-1.));
#2864=DIRECTION('center_axis',(0.,0.,1.));
#2865=DIRECTION('ref_axis',(1.,-1.22464679914735E-16,0.));
#2866=DIRECTION('',(0.,0.,-1.));
#2867=DIRECTION('',(0.,0.,1.));
#2868=DIRECTION('center_axis',(0.,-1.,0.));
#2869=DIRECTION('ref_axis',(1.,0.,0.));
#2870=DIRECTION('center_axis',(1.,0.,0.));
#2871=DIRECTION('ref_axis',(0.,1.,0.));
#2872=DIRECTION('center_axis',(-1.,0.,0.));
#2873=DIRECTION('ref_axis',(0.,-1.,0.));
#2874=DIRECTION('center_axis',(0.,1.,0.));
#2875=DIRECTION('ref_axis',(-1.,0.,0.));
#2876=DIRECTION('center_axis',(-1.,0.,0.));
#2877=DIRECTION('ref_axis',(0.,-1.,0.));
#2878=DIRECTION('',(0.,-1.,0.));
#2879=DIRECTION('',(0.,0.,1.));
#2880=DIRECTION('center_axis',(-1.,0.,0.));
#2881=DIRECTION('ref_axis',(0.,-1.,0.));
#2882=DIRECTION('',(0.,0.,1.));
#2883=DIRECTION('',(0.,-1.,0.));
#2884=DIRECTION('center_axis',(-1.,0.,0.));
#2885=DIRECTION('ref_axis',(0.,-1.,0.));
#2886=DIRECTION('',(0.,0.,1.));
#2887=DIRECTION('center_axis',(1.,0.,0.));
#2888=DIRECTION('ref_axis',(0.,1.,0.));
#2889=DIRECTION('',(0.,0.,1.));
#2890=DIRECTION('',(0.,1.,0.));
#2891=DIRECTION('center_axis',(1.,0.,0.));
#2892=DIRECTION('ref_axis',(0.,1.,0.));
#2893=DIRECTION('',(0.,1.,0.));
#2894=DIRECTION('',(0.,0.,1.));
#2895=DIRECTION('center_axis',(1.,0.,0.));
#2896=DIRECTION('ref_axis',(0.,1.,0.));
#2897=DIRECTION('',(0.,0.,1.));
#2898=DIRECTION('center_axis',(0.,0.,1.));
#2899=DIRECTION('ref_axis',(1.,0.,0.));
#2900=DIRECTION('',(1.,0.,0.));
#2901=DIRECTION('center_axis',(0.,0.,1.));
#2902=DIRECTION('ref_axis',(1.,0.,0.));
#2903=DIRECTION('',(1.,0.,0.));
#2904=DIRECTION('center_axis',(0.,0.,1.));
#2905=DIRECTION('ref_axis',(1.,0.,0.));
#2906=DIRECTION('',(-1.,0.,0.));
#2907=DIRECTION('center_axis',(0.,0.,1.));
#2908=DIRECTION('ref_axis',(1.,0.,0.));
#2909=DIRECTION('',(-1.,0.,0.));
#2910=DIRECTION('center_axis',(0.,1.,0.));
#2911=DIRECTION('ref_axis',(-1.,0.,0.));
#2912=DIRECTION('center_axis',(0.,-1.,0.));
#2913=DIRECTION('ref_axis',(1.,0.,0.));
#2914=DIRECTION('center_axis',(0.,1.,0.));
#2915=DIRECTION('ref_axis',(-1.,0.,0.));
#2916=DIRECTION('center_axis',(0.,0.,1.));
#2917=DIRECTION('ref_axis',(-1.,0.,0.));
#2918=DIRECTION('center_axis',(0.,0.,1.));
#2919=DIRECTION('ref_axis',(-1.,0.,0.));
#2920=DIRECTION('center_axis',(-1.,0.,0.));
#2921=DIRECTION('ref_axis',(0.,-1.,0.));
#2922=DIRECTION('',(0.,0.,1.));
#2923=DIRECTION('center_axis',(1.,0.,0.));
#2924=DIRECTION('ref_axis',(0.,1.,0.));
#2925=DIRECTION('',(0.,0.,1.));
#2926=DIRECTION('',(0.,1.,0.));
#2927=DIRECTION('',(0.,1.,0.));
#2928=DIRECTION('',(0.,0.,1.));
#2929=DIRECTION('center_axis',(0.,1.,0.));
#2930=DIRECTION('ref_axis',(-1.,0.,0.));
#2931=DIRECTION('',(-1.,0.,0.));
#2932=DIRECTION('center_axis',(0.,0.,1.));
#2933=DIRECTION('ref_axis',(1.,0.,0.));
#2934=DIRECTION('',(1.,0.,0.));
#2935=DIRECTION('center_axis',(0.,0.,1.));
#2936=DIRECTION('ref_axis',(1.,0.,0.));
#2937=DIRECTION('center_axis',(0.,-1.,0.));
#2938=DIRECTION('ref_axis',(1.,0.,0.));
#2939=DIRECTION('center_axis',(0.,-1.,0.));
#2940=DIRECTION('ref_axis',(1.,0.,0.));
#2941=DIRECTION('',(0.,0.,1.));
#2942=DIRECTION('center_axis',(0.,-1.,0.));
#2943=DIRECTION('ref_axis',(1.,0.,0.));
#2944=DIRECTION('center_axis',(0.,0.,1.));
#2945=DIRECTION('ref_axis',(-1.,0.,0.));
#2946=DIRECTION('center_axis',(0.,0.,1.));
#2947=DIRECTION('ref_axis',(1.,0.,0.));
#2948=DIRECTION('center_axis',(1.,0.,0.));
#2949=DIRECTION('ref_axis',(0.,1.,0.));
#2950=DIRECTION('',(0.,0.,1.));
#2951=DIRECTION('',(0.,1.,0.));
#2952=DIRECTION('',(0.,0.,1.));
#2953=DIRECTION('center_axis',(-1.,0.,0.));
#2954=DIRECTION('ref_axis',(0.,-1.,0.));
#2955=DIRECTION('',(0.,-1.,0.));
#2956=DIRECTION('',(0.,0.,1.));
#2957=DIRECTION('',(0.,0.,1.));
#2958=DIRECTION('center_axis',(0.,1.,0.));
#2959=DIRECTION('ref_axis',(-1.,0.,0.));
#2960=DIRECTION('',(-1.,0.,0.));
#2961=DIRECTION('center_axis',(0.,-1.,0.));
#2962=DIRECTION('ref_axis',(1.,0.,0.));
#2963=DIRECTION('',(1.,0.,0.));
#2964=DIRECTION('center_axis',(0.,0.,1.));
#2965=DIRECTION('ref_axis',(1.,0.,0.));
#2966=DIRECTION('center_axis',(0.,-1.,0.));
#2967=DIRECTION('ref_axis',(1.,0.,0.));
#2968=DIRECTION('',(0.,0.,1.));
#2969=DIRECTION('',(1.,0.,0.));
#2970=DIRECTION('',(0.,0.,1.));
#2971=DIRECTION('center_axis',(-1.,0.,0.));
#2972=DIRECTION('ref_axis',(0.,-1.,0.));
#2973=DIRECTION('',(0.,-1.,0.));
#2974=DIRECTION('',(0.,0.,1.));
#2975=DIRECTION('center_axis',(0.,1.,0.));
#2976=DIRECTION('ref_axis',(-1.,0.,0.));
#2977=DIRECTION('',(-1.,0.,0.));
#2978=DIRECTION('',(0.,0.,1.));
#2979=DIRECTION('center_axis',(1.,0.,0.));
#2980=DIRECTION('ref_axis',(0.,1.,0.));
#2981=DIRECTION('',(0.,1.,0.));
#2982=DIRECTION('center_axis',(0.,0.,1.));
#2983=DIRECTION('ref_axis',(1.,0.,0.));
#2984=DIRECTION('center_axis',(-1.,0.,0.));
#2985=DIRECTION('ref_axis',(0.,-1.,0.));
#2986=DIRECTION('',(0.,0.,1.));
#2987=DIRECTION('center_axis',(0.,-1.,0.));
#2988=DIRECTION('ref_axis',(1.,0.,0.));
#2989=DIRECTION('center_axis',(-1.,0.,0.));
#2990=DIRECTION('ref_axis',(0.,-1.,0.));
#2991=DIRECTION('',(0.,0.,1.));
#2992=DIRECTION('',(0.,-1.,0.));
#2993=DIRECTION('',(0.,0.,1.));
#2994=DIRECTION('center_axis',(0.,1.,0.));
#2995=DIRECTION('ref_axis',(-1.,0.,0.));
#2996=DIRECTION('',(-1.,0.,0.));
#2997=DIRECTION('',(0.,0.,1.));
#2998=DIRECTION('center_axis',(1.,0.,0.));
#2999=DIRECTION('ref_axis',(0.,1.,0.));
#3000=DIRECTION('',(0.,1.,0.));
#3001=DIRECTION('',(0.,0.,1.));
#3002=DIRECTION('center_axis',(0.,-1.,0.));
#3003=DIRECTION('ref_axis',(1.,0.,0.));
#3004=DIRECTION('',(1.,0.,0.));
#3005=DIRECTION('center_axis',(0.,0.,1.));
#3006=DIRECTION('ref_axis',(1.,0.,0.));
#3007=CARTESIAN_POINT('',(0.,0.,0.));
#3008=CARTESIAN_POINT('Origin',(47.5,-67.5,3.));
#3009=CARTESIAN_POINT('',(42.9389100932942,-67.5,49.));
#3010=CARTESIAN_POINT('',(42.5,-67.5,49.));
#3011=CARTESIAN_POINT('',(23.75,-67.5,49.));
#3012=CARTESIAN_POINT('',(42.9389100932942,-67.5,66.));
#3013=CARTESIAN_POINT('',(42.9389100932942,-67.5,49.));
#3014=CARTESIAN_POINT('',(46.,-67.5,66.));
#3015=CARTESIAN_POINT('',(45.25,-67.5,66.));
#3016=CARTESIAN_POINT('',(47.5,-67.5,66.));
#3017=CARTESIAN_POINT('',(47.5,-67.5,66.));
#3018=CARTESIAN_POINT('',(47.5,-67.5,3.));
#3019=CARTESIAN_POINT('',(47.5,-67.5,3.));
#3020=CARTESIAN_POINT('',(42.5,-67.5,3.));
#3021=CARTESIAN_POINT('',(47.5,-67.5,3.));
#3022=CARTESIAN_POINT('',(42.5,-67.5,3.));
#3023=CARTESIAN_POINT('Origin',(42.5,-67.5,3.));
#3024=CARTESIAN_POINT('',(42.5,-67.7772085586298,49.));
#3025=CARTESIAN_POINT('',(42.5,-33.75,49.));
#3026=CARTESIAN_POINT('',(42.5,-72.5,3.));
#3027=CARTESIAN_POINT('',(42.5,-67.5,3.));
#3028=CARTESIAN_POINT('',(42.5,-72.5,66.));
#3029=CARTESIAN_POINT('',(42.5,-72.5,3.));
#3030=CARTESIAN_POINT('',(42.5,-71.,66.));
#3031=CARTESIAN_POINT('',(42.5,-67.5,66.));
#3032=CARTESIAN_POINT('',(42.5,-67.7772085586298,66.));
#3033=CARTESIAN_POINT('',(42.5,-67.25,66.));
#3034=CARTESIAN_POINT('',(42.5,-67.7772085586298,49.));
#3035=CARTESIAN_POINT('Origin',(47.5,-72.5,3.));
#3036=CARTESIAN_POINT('',(47.5,-72.5,3.));
#3037=CARTESIAN_POINT('',(47.5,-72.5,3.));
#3038=CARTESIAN_POINT('',(47.5,-72.5,66.));
#3039=CARTESIAN_POINT('',(47.5,-72.5,66.));
#3040=CARTESIAN_POINT('',(47.5,-72.5,3.));
#3041=CARTESIAN_POINT('Origin',(42.5,-72.5,3.));
#3042=CARTESIAN_POINT('',(42.5,-72.5,3.));
#3043=CARTESIAN_POINT('',(42.5,-72.5,66.));
#3044=CARTESIAN_POINT('Origin',(45.,-70.,66.));
#3045=CARTESIAN_POINT('',(46.,-71.,66.));
#3046=CARTESIAN_POINT('',(40.,-71.,66.));
#3047=CARTESIAN_POINT('',(46.,-71.,66.));
#3048=CARTESIAN_POINT('Origin',(45.,-70.,3.));
#3049=CARTESIAN_POINT('Origin',(0.,0.,49.));
#3050=CARTESIAN_POINT('',(40.,-69.2820323027551,66.));
#3051=CARTESIAN_POINT('Origin',(0.,0.,66.));
#3052=CARTESIAN_POINT('',(40.,-69.2820323027551,67.5));
#3053=CARTESIAN_POINT('',(40.,-69.2820323027551,49.));
#3054=CARTESIAN_POINT('',(3.,-79.9437302106926,67.5));
#3055=CARTESIAN_POINT('Origin',(0.,0.,67.5));
#3056=CARTESIAN_POINT('',(3.,-79.9437302106926,66.));
#3057=CARTESIAN_POINT('',(3.,-79.9437302106926,49.));
#3058=CARTESIAN_POINT('',(0.,-80.,66.));
#3059=CARTESIAN_POINT('Origin',(0.,0.,66.));
#3060=CARTESIAN_POINT('',(-3.,-79.9437302106926,66.));
#3061=CARTESIAN_POINT('Origin',(0.,0.,66.));
#3062=CARTESIAN_POINT('',(-3.,-79.9437302106926,67.5));
#3063=CARTESIAN_POINT('',(-3.,-79.9437302106926,49.));
#3064=CARTESIAN_POINT('',(-52.,-60.7947366142827,67.5));
#3065=CARTESIAN_POINT('Origin',(0.,0.,67.5));
#3066=CARTESIAN_POINT('',(-52.,-60.7947366142827,66.));
#3067=CARTESIAN_POINT('',(-52.,-60.7947366142827,49.));
#3068=CARTESIAN_POINT('',(-60.7947366142827,-52.,66.));
#3069=CARTESIAN_POINT('Origin',(0.,0.,66.));
#3070=CARTESIAN_POINT('',(-60.7947366142827,-52.,67.5));
#3071=CARTESIAN_POINT('',(-60.7947366142827,-52.,49.));
#3072=CARTESIAN_POINT('',(-79.9437302106926,-3.,67.5));
#3073=CARTESIAN_POINT('Origin',(0.,0.,67.5));
#3074=CARTESIAN_POINT('',(-79.9437302106926,-3.,66.5));
#3075=CARTESIAN_POINT('',(-79.9437302106926,-3.,49.));
#3076=CARTESIAN_POINT('',(-79.7746827007165,-6.,66.5));
#3077=CARTESIAN_POINT('Origin',(0.,0.,66.5));
#3078=CARTESIAN_POINT('',(-79.7746827007165,-6.,62.));
#3079=CARTESIAN_POINT('',(-79.7746827007165,-6.,49.));
#3080=CARTESIAN_POINT('',(-79.7746827007165,6.,62.));
#3081=CARTESIAN_POINT('Origin',(0.,0.,62.));
#3082=CARTESIAN_POINT('',(-79.7746827007165,6.,66.5));
#3083=CARTESIAN_POINT('',(-79.7746827007165,6.,49.));
#3084=CARTESIAN_POINT('',(-79.9437302106926,3.,66.5));
#3085=CARTESIAN_POINT('Origin',(0.,0.,66.5));
#3086=CARTESIAN_POINT('',(-79.9437302106926,3.,67.5));
#3087=CARTESIAN_POINT('',(-79.9437302106926,3.,49.));
#3088=CARTESIAN_POINT('',(-60.7947366142827,52.,67.5));
#3089=CARTESIAN_POINT('Origin',(0.,0.,67.5));
#3090=CARTESIAN_POINT('',(-60.7947366142827,52.,66.));
#3091=CARTESIAN_POINT('',(-60.7947366142827,52.,49.));
#3092=CARTESIAN_POINT('',(-52.,60.7947366142827,66.));
#3093=CARTESIAN_POINT('Origin',(0.,0.,66.));
#3094=CARTESIAN_POINT('',(-52.,60.7947366142827,67.5));
#3095=CARTESIAN_POINT('',(-52.,60.7947366142827,49.));
#3096=CARTESIAN_POINT('',(-3.,79.9437302106926,67.5));
#3097=CARTESIAN_POINT('Origin',(0.,0.,67.5));
#3098=CARTESIAN_POINT('',(-3.,79.9437302106926,66.));
#3099=CARTESIAN_POINT('',(-3.,79.9437302106926,49.));
#3100=CARTESIAN_POINT('',(0.,80.,66.));
#3101=CARTESIAN_POINT('Origin',(0.,0.,66.));
#3102=CARTESIAN_POINT('',(3.,79.9437302106926,66.));
#3103=CARTESIAN_POINT('Origin',(0.,0.,66.));
#3104=CARTESIAN_POINT('',(3.,79.9437302106926,67.5));
#3105=CARTESIAN_POINT('',(3.,79.9437302106926,49.));
#3106=CARTESIAN_POINT('',(52.,60.7947366142827,67.5));
#3107=CARTESIAN_POINT('Origin',(0.,0.,67.5));
#3108=CARTESIAN_POINT('',(52.,60.7947366142827,66.));
#3109=CARTESIAN_POINT('',(52.,60.7947366142827,49.));
#3110=CARTESIAN_POINT('',(60.7947366142827,52.,66.));
#3111=CARTESIAN_POINT('Origin',(0.,0.,66.));
#3112=CARTESIAN_POINT('',(60.7947366142827,52.,67.5));
#3113=CARTESIAN_POINT('',(60.7947366142827,52.,49.));
#3114=CARTESIAN_POINT('',(79.9437302106926,3.,67.5));
#3115=CARTESIAN_POINT('Origin',(0.,0.,67.5));
#3116=CARTESIAN_POINT('',(79.9437302106926,3.,66.));
#3117=CARTESIAN_POINT('',(79.9437302106926,3.,49.));
#3118=CARTESIAN_POINT('',(80.,0.,66.));
#3119=CARTESIAN_POINT('Origin',(0.,0.,66.));
#3120=CARTESIAN_POINT('',(79.9437302106926,-3.,66.));
#3121=CARTESIAN_POINT('Origin',(0.,0.,66.));
#3122=CARTESIAN_POINT('',(79.9437302106926,-3.,67.5));
#3123=CARTESIAN_POINT('',(79.9437302106926,-3.,49.));
#3124=CARTESIAN_POINT('',(60.7947366142827,-52.,67.5));
#3125=CARTESIAN_POINT('Origin',(0.,0.,67.5));
#3126=CARTESIAN_POINT('',(60.7947366142827,-52.,66.));
#3127=CARTESIAN_POINT('',(60.7947366142827,-52.,49.));
#3128=CARTESIAN_POINT('',(52.,-60.7947366142827,66.));
#3129=CARTESIAN_POINT('Origin',(0.,0.,66.));
#3130=CARTESIAN_POINT('',(52.,-60.7947366142827,67.5));
#3131=CARTESIAN_POINT('',(52.,-60.7947366142827,49.));
#3132=CARTESIAN_POINT('',(46.,-65.4522726878143,67.5));
#3133=CARTESIAN_POINT('Origin',(0.,0.,67.5));
#3134=CARTESIAN_POINT('',(46.,-65.4522726878143,66.));
#3135=CARTESIAN_POINT('',(46.,-65.4522726878143,49.));
#3136=CARTESIAN_POINT('Origin',(0.,0.,66.));
#3137=CARTESIAN_POINT('Origin',(0.,0.,49.));
#3138=CARTESIAN_POINT('Origin',(43.,-67.,66.));
#3139=CARTESIAN_POINT('',(46.,-71.,66.));
#3140=CARTESIAN_POINT('Origin',(40.,-63.,66.));
#3141=CARTESIAN_POINT('',(40.,-71.,66.));
#3142=CARTESIAN_POINT('',(40.,-63.,66.));
#3143=CARTESIAN_POINT('',(40.,-71.,67.5));
#3144=CARTESIAN_POINT('',(40.,-71.,66.));
#3145=CARTESIAN_POINT('',(40.,-63.,67.5));
#3146=CARTESIAN_POINT('Origin',(43.,-67.,66.));
#3147=CARTESIAN_POINT('',(40.,-71.,66.));
#3148=CARTESIAN_POINT('Origin',(46.,-71.,66.));
#3149=CARTESIAN_POINT('',(46.,-71.,67.5));
#3150=CARTESIAN_POINT('',(46.,-71.,67.5));
#3151=CARTESIAN_POINT('',(46.,-71.,66.));
#3152=CARTESIAN_POINT('Origin',(40.,-71.,66.));
#3153=CARTESIAN_POINT('',(40.,-71.,67.5));
#3154=CARTESIAN_POINT('Origin',(-3.77702593176532E-15,0.,66.));
#3155=CARTESIAN_POINT('',(46.5993293943164,-62.55,66.));
#3156=CARTESIAN_POINT('',(-77.7688883808943,-6.,66.));
#3157=CARTESIAN_POINT('Origin',(0.,0.,66.));
#3158=CARTESIAN_POINT('',(-73.7563556583431,-6.,66.));
#3159=CARTESIAN_POINT('',(-41.5,-6.,66.));
#3160=CARTESIAN_POINT('',(-52.6497863243527,-52.,66.));
#3161=CARTESIAN_POINT('Origin',(0.,0.,66.));
#3162=CARTESIAN_POINT('',(-52.,-52.,66.));
#3163=CARTESIAN_POINT('',(-52.,-52.,66.));
#3164=CARTESIAN_POINT('',(-52.,-52.6497863243527,66.));
#3165=CARTESIAN_POINT('',(-52.,-62.,66.));
#3166=CARTESIAN_POINT('',(-3.,-73.9391641824548,66.));
#3167=CARTESIAN_POINT('Origin',(0.,0.,66.));
#3168=CARTESIAN_POINT('',(-3.,-11.6189500386223,66.));
#3169=CARTESIAN_POINT('',(-3.,80.,66.));
#3170=CARTESIAN_POINT('',(3.,-11.6189500386223,66.));
#3171=CARTESIAN_POINT('Origin',(0.,0.,66.));
#3172=CARTESIAN_POINT('',(3.,-73.9391641824548,66.));
#3173=CARTESIAN_POINT('',(3.,-80.,66.));
#3174=CARTESIAN_POINT('',(52.,-52.6497863243527,66.));
#3175=CARTESIAN_POINT('Origin',(0.,0.,66.));
#3176=CARTESIAN_POINT('',(52.,-52.,66.));
#3177=CARTESIAN_POINT('',(52.,-52.,66.));
#3178=CARTESIAN_POINT('',(52.6497863243527,-52.,66.));
#3179=CARTESIAN_POINT('',(62.,-52.,66.));
#3180=CARTESIAN_POINT('',(73.9391641824548,-3.,66.));
#3181=CARTESIAN_POINT('Origin',(0.,0.,66.));
#3182=CARTESIAN_POINT('',(11.6189500386223,-3.,66.));
#3183=CARTESIAN_POINT('',(-80.,-3.,66.));
#3184=CARTESIAN_POINT('',(11.6189500386223,3.,66.));
#3185=CARTESIAN_POINT('Origin',(0.,0.,66.));
#3186=CARTESIAN_POINT('',(73.9391641824548,3.,66.));
#3187=CARTESIAN_POINT('',(80.,3.,66.));
#3188=CARTESIAN_POINT('',(52.6497863243527,52.,66.));
#3189=CARTESIAN_POINT('Origin',(0.,0.,66.));
#3190=CARTESIAN_POINT('',(52.,52.,66.));
#3191=CARTESIAN_POINT('',(52.,52.,66.));
#3192=CARTESIAN_POINT('',(52.,52.6497863243527,66.));
#3193=CARTESIAN_POINT('',(52.,62.,66.));
#3194=CARTESIAN_POINT('',(3.,73.9391641824548,66.));
#3195=CARTESIAN_POINT('Origin',(0.,0.,66.));
#3196=CARTESIAN_POINT('',(3.,11.6189500386223,66.));
#3197=CARTESIAN_POINT('',(3.,-80.,66.));
#3198=CARTESIAN_POINT('',(-3.,11.6189500386223,66.));
#3199=CARTESIAN_POINT('Origin',(0.,0.,66.));
#3200=CARTESIAN_POINT('',(-3.,73.9391641824548,66.));
#3201=CARTESIAN_POINT('',(-3.,80.,66.));
#3202=CARTESIAN_POINT('',(-52.,52.6497863243527,66.));
#3203=CARTESIAN_POINT('Origin',(0.,0.,66.));
#3204=CARTESIAN_POINT('',(-52.,52.,66.));
#3205=CARTESIAN_POINT('',(-52.,52.,66.));
#3206=CARTESIAN_POINT('',(-52.6497863243527,52.,66.));
#3207=CARTESIAN_POINT('',(-62.,52.,66.));
#3208=CARTESIAN_POINT('',(-73.7563556583431,6.,66.));
#3209=CARTESIAN_POINT('Origin',(0.,0.,66.));
#3210=CARTESIAN_POINT('',(-77.7688883808943,6.,66.));
#3211=CARTESIAN_POINT('',(-36.5,6.,66.));
#3212=CARTESIAN_POINT('',(47.55,-61.8303930118514,66.));
#3213=CARTESIAN_POINT('Origin',(0.,0.,66.));
#3214=CARTESIAN_POINT('',(47.55,-62.55,66.));
#3215=CARTESIAN_POINT('',(47.55,-62.55,66.));
#3216=CARTESIAN_POINT('',(42.45,-62.55,66.));
#3217=CARTESIAN_POINT('Origin',(60.,60.,67.5));
#3218=CARTESIAN_POINT('',(52.,-62.,67.5));
#3219=CARTESIAN_POINT('',(52.,-52.,67.5));
#3220=CARTESIAN_POINT('',(57.5,-62.,67.5));
#3221=CARTESIAN_POINT('',(52.,-62.,67.5));
#3222=CARTESIAN_POINT('',(57.5,-62.5,67.5));
#3223=CARTESIAN_POINT('',(57.5,-57.5,67.5));
#3224=CARTESIAN_POINT('',(62.5,-62.5,67.5));
#3225=CARTESIAN_POINT('',(57.5,-62.5,67.5));
#3226=CARTESIAN_POINT('',(62.5,-57.5,67.5));
#3227=CARTESIAN_POINT('',(62.5,-62.5,67.5));
#3228=CARTESIAN_POINT('',(62.,-57.5,67.5));
#3229=CARTESIAN_POINT('',(62.5,-57.5,67.5));
#3230=CARTESIAN_POINT('',(62.,-52.,67.5));
#3231=CARTESIAN_POINT('',(62.,-62.,67.5));
#3232=CARTESIAN_POINT('',(62.,-52.,67.5));
#3233=CARTESIAN_POINT('',(80.,-3.,67.5));
#3234=CARTESIAN_POINT('',(-80.,-3.,67.5));
#3235=CARTESIAN_POINT('',(80.,3.,67.5));
#3236=CARTESIAN_POINT('',(80.,-3.,67.5));
#3237=CARTESIAN_POINT('',(80.,3.,67.5));
#3238=CARTESIAN_POINT('',(62.,52.,67.5));
#3239=CARTESIAN_POINT('',(52.,52.,67.5));
#3240=CARTESIAN_POINT('',(62.,57.5,67.5));
#3241=CARTESIAN_POINT('',(62.,52.,67.5));
#3242=CARTESIAN_POINT('',(62.5,57.5,67.5));
#3243=CARTESIAN_POINT('',(57.5,57.5,67.5));
#3244=CARTESIAN_POINT('',(62.5,62.5,67.5));
#3245=CARTESIAN_POINT('',(62.5,57.5,67.5));
#3246=CARTESIAN_POINT('',(57.5,62.5,67.5));
#3247=CARTESIAN_POINT('',(62.5,62.5,67.5));
#3248=CARTESIAN_POINT('',(57.5,62.,67.5));
#3249=CARTESIAN_POINT('',(57.5,62.5,67.5));
#3250=CARTESIAN_POINT('',(52.,62.,67.5));
#3251=CARTESIAN_POINT('',(62.,62.,67.5));
#3252=CARTESIAN_POINT('',(52.,62.,67.5));
#3253=CARTESIAN_POINT('',(3.,80.,67.5));
#3254=CARTESIAN_POINT('',(3.,-80.,67.5));
#3255=CARTESIAN_POINT('',(-3.,80.,67.5));
#3256=CARTESIAN_POINT('',(3.,80.,67.5));
#3257=CARTESIAN_POINT('',(-3.,80.,67.5));
#3258=CARTESIAN_POINT('',(-52.,62.,67.5));
#3259=CARTESIAN_POINT('',(-52.,52.,67.5));
#3260=CARTESIAN_POINT('',(-57.5,62.,67.5));
#3261=CARTESIAN_POINT('',(-52.,62.,67.5));
#3262=CARTESIAN_POINT('',(-57.5,62.5,67.5));
#3263=CARTESIAN_POINT('',(-57.5,57.5,67.5));
#3264=CARTESIAN_POINT('',(-62.5,62.5,67.5));
#3265=CARTESIAN_POINT('',(-57.5,62.5,67.5));
#3266=CARTESIAN_POINT('',(-62.5,57.5,67.5));
#3267=CARTESIAN_POINT('',(-62.5,62.5,67.5));
#3268=CARTESIAN_POINT('',(-62.,57.5,67.5));
#3269=CARTESIAN_POINT('',(-62.5,57.5,67.5));
#3270=CARTESIAN_POINT('',(-62.,52.,67.5));
#3271=CARTESIAN_POINT('',(-62.,62.,67.5));
#3272=CARTESIAN_POINT('',(-62.,52.,67.5));
#3273=CARTESIAN_POINT('',(-80.,3.,67.5));
#3274=CARTESIAN_POINT('',(80.,3.,67.5));
#3275=CARTESIAN_POINT('',(-80.,-3.,67.5));
#3276=CARTESIAN_POINT('',(-80.,3.,67.5));
#3277=CARTESIAN_POINT('',(-80.,-3.,67.5));
#3278=CARTESIAN_POINT('',(-62.,-52.,67.5));
#3279=CARTESIAN_POINT('',(-52.,-52.,67.5));
#3280=CARTESIAN_POINT('',(-62.,-57.5,67.5));
#3281=CARTESIAN_POINT('',(-62.,-52.,67.5));
#3282=CARTESIAN_POINT('',(-62.5,-57.5,67.5));
#3283=CARTESIAN_POINT('',(-57.5,-57.5,67.5));
#3284=CARTESIAN_POINT('',(-62.5,-62.5,67.5));
#3285=CARTESIAN_POINT('',(-62.5,-57.5,67.5));
#3286=CARTESIAN_POINT('',(-57.5,-62.5,67.5));
#3287=CARTESIAN_POINT('',(-62.5,-62.5,67.5));
#3288=CARTESIAN_POINT('',(-57.5,-62.,67.5));
#3289=CARTESIAN_POINT('',(-57.5,-62.5,67.5));
#3290=CARTESIAN_POINT('',(-52.,-62.,67.5));
#3291=CARTESIAN_POINT('',(-62.,-62.,67.5));
#3292=CARTESIAN_POINT('',(-52.,-62.,67.5));
#3293=CARTESIAN_POINT('',(-3.,-80.,67.5));
#3294=CARTESIAN_POINT('',(-3.,80.,67.5));
#3295=CARTESIAN_POINT('',(3.,-80.,67.5));
#3296=CARTESIAN_POINT('',(-3.,-80.,67.5));
#3297=CARTESIAN_POINT('',(3.,-80.,67.5));
#3298=CARTESIAN_POINT('',(52.6497863243527,52.,67.5));
#3299=CARTESIAN_POINT('',(73.9391641824548,3.,67.5));
#3300=CARTESIAN_POINT('Origin',(0.,0.,67.5));
#3301=CARTESIAN_POINT('',(11.6189500386223,3.,67.5));
#3302=CARTESIAN_POINT('',(80.,3.,67.5));
#3303=CARTESIAN_POINT('',(11.6189500386223,-3.,67.5));
#3304=CARTESIAN_POINT('Origin',(0.,0.,67.5));
#3305=CARTESIAN_POINT('',(73.9391641824548,-3.,67.5));
#3306=CARTESIAN_POINT('',(-80.,-3.,67.5));
#3307=CARTESIAN_POINT('',(52.6497863243527,-52.,67.5));
#3308=CARTESIAN_POINT('Origin',(0.,0.,67.5));
#3309=CARTESIAN_POINT('',(52.,-52.,67.5));
#3310=CARTESIAN_POINT('',(62.,-52.,67.5));
#3311=CARTESIAN_POINT('',(52.,-52.6497863243527,67.5));
#3312=CARTESIAN_POINT('',(52.,-52.,67.5));
#3313=CARTESIAN_POINT('',(3.,-73.9391641824548,67.5));
#3314=CARTESIAN_POINT('Origin',(0.,0.,67.5));
#3315=CARTESIAN_POINT('',(3.,-11.6189500386223,67.5));
#3316=CARTESIAN_POINT('',(3.,-80.,67.5));
#3317=CARTESIAN_POINT('',(-3.,-11.6189500386223,67.5));
#3318=CARTESIAN_POINT('Origin',(0.,0.,67.5));
#3319=CARTESIAN_POINT('',(-3.,-73.9391641824548,67.5));
#3320=CARTESIAN_POINT('',(-3.,80.,67.5));
#3321=CARTESIAN_POINT('',(-52.,-52.6497863243527,67.5));
#3322=CARTESIAN_POINT('Origin',(0.,0.,67.5));
#3323=CARTESIAN_POINT('',(-52.,-52.,67.5));
#3324=CARTESIAN_POINT('',(-52.,-62.,67.5));
#3325=CARTESIAN_POINT('',(-52.6497863243527,-52.,67.5));
#3326=CARTESIAN_POINT('',(-52.,-52.,67.5));
#3327=CARTESIAN_POINT('',(-73.9391641824548,-3.,67.5));
#3328=CARTESIAN_POINT('Origin',(0.,0.,67.5));
#3329=CARTESIAN_POINT('',(-11.6189500386223,-3.,67.5));
#3330=CARTESIAN_POINT('',(-80.,-3.,67.5));
#3331=CARTESIAN_POINT('',(-11.6189500386223,3.,67.5));
#3332=CARTESIAN_POINT('Origin',(0.,0.,67.5));
#3333=CARTESIAN_POINT('',(-73.9391641824548,3.,67.5));
#3334=CARTESIAN_POINT('',(80.,3.,67.5));
#3335=CARTESIAN_POINT('',(-52.6497863243527,52.,67.5));
#3336=CARTESIAN_POINT('Origin',(0.,0.,67.5));
#3337=CARTESIAN_POINT('',(-52.,52.,67.5));
#3338=CARTESIAN_POINT('',(-62.,52.,67.5));
#3339=CARTESIAN_POINT('',(-52.,52.6497863243527,67.5));
#3340=CARTESIAN_POINT('',(-52.,52.,67.5));
#3341=CARTESIAN_POINT('',(-3.,73.9391641824548,67.5));
#3342=CARTESIAN_POINT('Origin',(0.,0.,67.5));
#3343=CARTESIAN_POINT('',(-3.,11.6189500386223,67.5));
#3344=CARTESIAN_POINT('',(-3.,80.,67.5));
#3345=CARTESIAN_POINT('',(3.,11.6189500386223,67.5));
#3346=CARTESIAN_POINT('Origin',(0.,0.,67.5));
#3347=CARTESIAN_POINT('',(3.,73.9391641824548,67.5));
#3348=CARTESIAN_POINT('',(3.,-80.,67.5));
#3349=CARTESIAN_POINT('',(52.,52.6497863243527,67.5));
#3350=CARTESIAN_POINT('Origin',(0.,0.,67.5));
#3351=CARTESIAN_POINT('',(52.,52.,67.5));
#3352=CARTESIAN_POINT('',(52.,62.,67.5));
#3353=CARTESIAN_POINT('',(52.,52.,67.5));
#3354=CARTESIAN_POINT('Origin',(47.55,-62.55,3.));
#3355=CARTESIAN_POINT('',(47.55,-62.55,49.));
#3356=CARTESIAN_POINT('',(47.55,-61.8303930118514,49.));
#3357=CARTESIAN_POINT('',(47.55,-31.275,49.));
#3358=CARTESIAN_POINT('',(47.55,-62.55,3.));
#3359=CARTESIAN_POINT('',(47.55,-61.8303930118514,49.));
#3360=CARTESIAN_POINT('Origin',(42.45,-62.55,3.));
#3361=CARTESIAN_POINT('',(46.5993293943164,-62.55,49.));
#3362=CARTESIAN_POINT('',(21.225,-62.55,49.));
#3363=CARTESIAN_POINT('',(46.5993293943164,-62.55,49.));
#3364=CARTESIAN_POINT('Origin',(0.,0.,49.));
#3365=CARTESIAN_POINT('',(-77.7688883808943,6.,62.));
#3366=CARTESIAN_POINT('',(-77.7688883808943,6.,49.));
#3367=CARTESIAN_POINT('',(-77.7688883808943,-6.,62.));
#3368=CARTESIAN_POINT('Origin',(0.,0.,62.));
#3369=CARTESIAN_POINT('',(-77.7688883808943,-6.,49.));
#3370=CARTESIAN_POINT('Origin',(0.,0.,49.));
#3371=CARTESIAN_POINT('Origin',(62.5,-62.5,3.));
#3372=CARTESIAN_POINT('',(62.5,-62.5,66.));
#3373=CARTESIAN_POINT('',(62.5,-57.5,66.));
#3374=CARTESIAN_POINT('',(62.5,-61.25,66.));
#3375=CARTESIAN_POINT('',(62.5,-57.5,3.));
#3376=CARTESIAN_POINT('',(62.5,-62.5,3.));
#3377=CARTESIAN_POINT('Origin',(62.5,-57.5,3.));
#3378=CARTESIAN_POINT('',(62.,-57.5,66.));
#3379=CARTESIAN_POINT('',(61.25,-57.5,66.));
#3380=CARTESIAN_POINT('',(62.,-57.5,34.5));
#3381=CARTESIAN_POINT('Origin',(57.,-57.,66.));
#3382=CARTESIAN_POINT('',(62.,-52.,66.));
#3383=CARTESIAN_POINT('',(62.,-62.,66.));
#3384=CARTESIAN_POINT('',(57.5,-62.5,66.));
#3385=CARTESIAN_POINT('',(58.75,-62.5,66.));
#3386=CARTESIAN_POINT('',(57.5,-62.,66.));
#3387=CARTESIAN_POINT('',(57.5,-58.75,66.));
#3388=CARTESIAN_POINT('',(52.,-62.,66.));
#3389=CARTESIAN_POINT('',(52.,-62.,66.));
#3390=CARTESIAN_POINT('',(52.,-52.,66.));
#3391=CARTESIAN_POINT('',(62.,-52.,66.));
#3392=CARTESIAN_POINT('Origin',(-78.,0.,62.));
#3393=CARTESIAN_POINT('',(-73.,6.,62.));
#3394=CARTESIAN_POINT('',(-83.,-6.,62.));
#3395=CARTESIAN_POINT('Origin',(-73.,6.,62.));
#3396=CARTESIAN_POINT('',(-73.7563556583431,6.,66.5));
#3397=CARTESIAN_POINT('',(-73.7563556583431,6.,66.));
#3398=CARTESIAN_POINT('',(-73.,6.,66.5));
#3399=CARTESIAN_POINT('Origin',(-78.,0.,66.5));
#3400=CARTESIAN_POINT('',(-73.,3.,66.5));
#3401=CARTESIAN_POINT('',(-73.9391641824548,3.,66.5));
#3402=CARTESIAN_POINT('',(0.999999999999992,3.,66.5));
#3403=CARTESIAN_POINT('',(-73.,-3.,66.5));
#3404=CARTESIAN_POINT('',(-73.,-6.,66.5));
#3405=CARTESIAN_POINT('',(-73.9391641824548,-3.,66.5));
#3406=CARTESIAN_POINT('',(-79.,-3.,66.5));
#3407=CARTESIAN_POINT('',(-73.7563556583431,-6.,66.5));
#3408=CARTESIAN_POINT('Origin',(0.,0.,66.5));
#3409=CARTESIAN_POINT('',(-83.,-6.,66.5));
#3410=CARTESIAN_POINT('',(-80.,-3.,66.5));
#3411=CARTESIAN_POINT('',(-79.,-3.,66.5));
#3412=CARTESIAN_POINT('',(-80.,3.,66.5));
#3413=CARTESIAN_POINT('',(-80.,1.5,66.5));
#3414=CARTESIAN_POINT('',(0.999999999999992,3.,66.5));
#3415=CARTESIAN_POINT('Origin',(0.,0.,66.5));
#3416=CARTESIAN_POINT('Origin',(-73.,-6.,62.));
#3417=CARTESIAN_POINT('',(-73.,3.,66.));
#3418=CARTESIAN_POINT('',(-73.,3.,64.));
#3419=CARTESIAN_POINT('',(-73.,-3.,66.));
#3420=CARTESIAN_POINT('',(-73.,-3.,66.));
#3421=CARTESIAN_POINT('',(-73.,-3.,64.));
#3422=CARTESIAN_POINT('Origin',(-83.,-6.,62.));
#3423=CARTESIAN_POINT('',(-73.7563556583431,-6.,66.));
#3424=CARTESIAN_POINT('Origin',(0.,0.,66.));
#3425=CARTESIAN_POINT('',(-52.6497863243527,52.,66.));
#3426=CARTESIAN_POINT('',(-73.9391641824548,3.,66.));
#3427=CARTESIAN_POINT('Origin',(80.,3.,66.));
#3428=CARTESIAN_POINT('',(-80.,3.,66.));
#3429=CARTESIAN_POINT('Origin',(62.,52.,66.));
#3430=CARTESIAN_POINT('',(62.,57.5,66.));
#3431=CARTESIAN_POINT('',(62.,57.5,34.5));
#3432=CARTESIAN_POINT('',(62.,52.,66.));
#3433=CARTESIAN_POINT('',(62.,52.,66.));
#3434=CARTESIAN_POINT('',(62.,52.,66.));
#3435=CARTESIAN_POINT('Origin',(52.,62.,66.));
#3436=CARTESIAN_POINT('',(52.,62.,66.));
#3437=CARTESIAN_POINT('',(52.,62.,66.));
#3438=CARTESIAN_POINT('',(52.,62.,66.));
#3439=CARTESIAN_POINT('Origin',(52.,52.,66.));
#3440=CARTESIAN_POINT('',(52.,52.,66.));
#3441=CARTESIAN_POINT('Origin',(52.,52.,66.));
#3442=CARTESIAN_POINT('',(52.6497863243527,52.,66.));
#3443=CARTESIAN_POINT('',(52.,52.,66.));
#3444=CARTESIAN_POINT('Origin',(52.,62.,66.));
#3445=CARTESIAN_POINT('',(52.,52.6497863243527,66.));
#3446=CARTESIAN_POINT('Origin',(62.,62.,66.));
#3447=CARTESIAN_POINT('',(57.5,62.,66.));
#3448=CARTESIAN_POINT('',(57.5,62.,34.5));
#3449=CARTESIAN_POINT('',(62.,62.,66.));
#3450=CARTESIAN_POINT('Origin',(57.,57.,66.));
#3451=CARTESIAN_POINT('',(57.5,57.5,66.));
#3452=CARTESIAN_POINT('',(57.25,57.5,66.));
#3453=CARTESIAN_POINT('',(57.5,59.75,66.));
#3454=CARTESIAN_POINT('Origin',(-3.77702593176532E-15,0.,66.));
#3455=CARTESIAN_POINT('',(-11.6189500386223,3.,66.));
#3456=CARTESIAN_POINT('',(80.,3.,66.));
#3457=CARTESIAN_POINT('',(-11.6189500386223,-3.,66.));
#3458=CARTESIAN_POINT('Origin',(0.,0.,66.));
#3459=CARTESIAN_POINT('',(-80.,-3.,66.));
#3460=CARTESIAN_POINT('Origin',(0.,0.,66.));
#3461=CARTESIAN_POINT('',(73.9391641824548,3.,66.));
#3462=CARTESIAN_POINT('Origin',(0.,0.,66.));
#3463=CARTESIAN_POINT('',(3.,73.9391641824548,66.));
#3464=CARTESIAN_POINT('Origin',(52.,-62.,66.));
#3465=CARTESIAN_POINT('',(57.5,-62.,34.5));
#3466=CARTESIAN_POINT('',(52.,-62.,66.));
#3467=CARTESIAN_POINT('Origin',(52.,-52.,66.));
#3468=CARTESIAN_POINT('Origin',(52.,-52.,66.));
#3469=CARTESIAN_POINT('',(52.,-52.6497863243527,66.));
#3470=CARTESIAN_POINT('',(52.,-52.,66.));
#3471=CARTESIAN_POINT('Origin',(62.,-52.,66.));
#3472=CARTESIAN_POINT('',(62.,-52.,66.));
#3473=CARTESIAN_POINT('Origin',(62.,-52.,66.));
#3474=CARTESIAN_POINT('',(52.6497863243527,-52.,66.));
#3475=CARTESIAN_POINT('Origin',(62.,-62.,66.));
#3476=CARTESIAN_POINT('Origin',(0.,0.,66.));
#3477=CARTESIAN_POINT('',(73.9391641824548,-3.,66.));
#3478=CARTESIAN_POINT('Origin',(-52.,62.,66.));
#3479=CARTESIAN_POINT('',(-57.5,62.,66.));
#3480=CARTESIAN_POINT('',(-57.5,62.,34.5));
#3481=CARTESIAN_POINT('',(-52.,62.,66.));
#3482=CARTESIAN_POINT('',(-52.,62.,66.));
#3483=CARTESIAN_POINT('',(-52.,62.,66.));
#3484=CARTESIAN_POINT('Origin',(-52.,52.,66.));
#3485=CARTESIAN_POINT('',(-52.,52.,66.));
#3486=CARTESIAN_POINT('Origin',(-52.,52.,66.));
#3487=CARTESIAN_POINT('',(-52.,52.6497863243527,66.));
#3488=CARTESIAN_POINT('',(-52.,52.,66.));
#3489=CARTESIAN_POINT('Origin',(-62.,52.,66.));
#3490=CARTESIAN_POINT('',(-62.,52.,66.));
#3491=CARTESIAN_POINT('',(-62.,52.,66.));
#3492=CARTESIAN_POINT('',(-62.,52.,66.));
#3493=CARTESIAN_POINT('Origin',(-62.,62.,66.));
#3494=CARTESIAN_POINT('',(-62.,57.5,66.));
#3495=CARTESIAN_POINT('',(-62.,57.5,34.5));
#3496=CARTESIAN_POINT('',(-62.,62.,66.));
#3497=CARTESIAN_POINT('Origin',(-62.,52.,66.));
#3498=CARTESIAN_POINT('Origin',(-57.,57.,66.));
#3499=CARTESIAN_POINT('',(-57.5,57.5,66.));
#3500=CARTESIAN_POINT('',(-57.5,57.25,66.));
#3501=CARTESIAN_POINT('',(-59.75,57.5,66.));
#3502=CARTESIAN_POINT('Origin',(-62.,-52.,66.));
#3503=CARTESIAN_POINT('',(-62.,-57.5,66.));
#3504=CARTESIAN_POINT('',(-62.,-57.5,34.5));
#3505=CARTESIAN_POINT('',(-62.,-52.,66.));
#3506=CARTESIAN_POINT('',(-62.,-52.,66.));
#3507=CARTESIAN_POINT('',(-62.,-52.,66.));
#3508=CARTESIAN_POINT('Origin',(-52.,-52.,66.));
#3509=CARTESIAN_POINT('',(-52.,-52.,66.));
#3510=CARTESIAN_POINT('Origin',(-52.,-52.,66.));
#3511=CARTESIAN_POINT('',(-52.6497863243527,-52.,66.));
#3512=CARTESIAN_POINT('',(-52.,-52.,66.));
#3513=CARTESIAN_POINT('Origin',(-57.,-57.,66.));
#3514=CARTESIAN_POINT('',(-57.5,-57.5,66.));
#3515=CARTESIAN_POINT('',(-57.5,-62.,66.));
#3516=CARTESIAN_POINT('',(-57.5,-59.75,66.));
#3517=CARTESIAN_POINT('',(-57.25,-57.5,66.));
#3518=CARTESIAN_POINT('',(-52.,-62.,66.));
#3519=CARTESIAN_POINT('',(-52.,-62.,66.));
#3520=CARTESIAN_POINT('',(-62.,-62.,66.));
#3521=CARTESIAN_POINT('Origin',(-52.,-62.,66.));
#3522=CARTESIAN_POINT('',(-52.,-62.,66.));
#3523=CARTESIAN_POINT('Origin',(-52.,-62.,66.));
#3524=CARTESIAN_POINT('',(-52.,-52.6497863243527,66.));
#3525=CARTESIAN_POINT('Origin',(-62.,-62.,66.));
#3526=CARTESIAN_POINT('',(-57.5,-62.,34.5));
#3527=CARTESIAN_POINT('Origin',(0.,0.,66.));
#3528=CARTESIAN_POINT('',(-3.,-73.9391641824548,66.));
#3529=CARTESIAN_POINT('Origin',(0.,0.,66.));
#3530=CARTESIAN_POINT('',(-11.6189500386223,-3.,66.));
#3531=CARTESIAN_POINT('',(-11.6189500386223,3.,66.));
#3532=CARTESIAN_POINT('Origin',(0.,0.,66.));
#3533=CARTESIAN_POINT('',(3.,11.6189500386223,66.));
#3534=CARTESIAN_POINT('',(-3.,11.6189500386223,66.));
#3535=CARTESIAN_POINT('Origin',(0.,0.,66.));
#3536=CARTESIAN_POINT('',(3.,-11.6189500386223,66.));
#3537=CARTESIAN_POINT('',(-3.,-11.6189500386223,66.));
#3538=CARTESIAN_POINT('Origin',(0.,0.,66.));
#3539=CARTESIAN_POINT('',(11.6189500386223,-3.,66.));
#3540=CARTESIAN_POINT('',(11.6189500386223,3.,66.));
#3541=CARTESIAN_POINT('Origin',(-80.,-3.,66.));
#3542=CARTESIAN_POINT('Origin',(3.,-80.,66.));
#3543=CARTESIAN_POINT('Origin',(-3.,80.,66.));
#3544=CARTESIAN_POINT('Origin',(80.,3.,66.));
#3545=CARTESIAN_POINT('Origin',(-3.,80.,66.));
#3546=CARTESIAN_POINT('',(-3.,-80.,66.));
#3547=CARTESIAN_POINT('',(-3.,80.,66.));
#3548=CARTESIAN_POINT('',(-3.,-80.,66.));
#3549=CARTESIAN_POINT('Origin',(-3.,80.,66.));
#3550=CARTESIAN_POINT('',(-3.,80.,66.));
#3551=CARTESIAN_POINT('',(-3.,80.,66.));
#3552=CARTESIAN_POINT('',(-3.,80.,66.));
#3553=CARTESIAN_POINT('Origin',(-3.,80.,66.));
#3554=CARTESIAN_POINT('',(-3.,73.9391641824548,66.));
#3555=CARTESIAN_POINT('Origin',(3.,-80.,66.));
#3556=CARTESIAN_POINT('',(3.,-80.,66.));
#3557=CARTESIAN_POINT('',(3.,-80.,66.));
#3558=CARTESIAN_POINT('',(3.,-80.,66.));
#3559=CARTESIAN_POINT('Origin',(3.,-80.,66.));
#3560=CARTESIAN_POINT('',(3.,80.,66.));
#3561=CARTESIAN_POINT('',(3.,-80.,66.));
#3562=CARTESIAN_POINT('',(3.,80.,66.));
#3563=CARTESIAN_POINT('Origin',(3.,-80.,66.));
#3564=CARTESIAN_POINT('',(3.,-73.9391641824548,66.));
#3565=CARTESIAN_POINT('Origin',(0.,0.,66.));
#3566=CARTESIAN_POINT('',(-3.,-80.,66.));
#3567=CARTESIAN_POINT('Origin',(0.,0.,66.));
#3568=CARTESIAN_POINT('',(-3.,-80.,66.));
#3569=CARTESIAN_POINT('Origin',(0.,0.,66.));
#3570=CARTESIAN_POINT('',(3.,80.,66.));
#3571=CARTESIAN_POINT('Origin',(0.,0.,66.));
#3572=CARTESIAN_POINT('',(3.,80.,66.));
#3573=CARTESIAN_POINT('Origin',(3.,80.,66.));
#3574=CARTESIAN_POINT('Origin',(-3.,-80.,66.));
#3575=CARTESIAN_POINT('Origin',(80.,3.,66.));
#3576=CARTESIAN_POINT('Origin',(0.,0.,66.));
#3577=CARTESIAN_POINT('Origin',(0.,0.,66.));
#3578=CARTESIAN_POINT('Origin',(-80.,3.,66.));
#3579=CARTESIAN_POINT('',(-80.,-3.,66.));
#3580=CARTESIAN_POINT('Origin',(80.,-3.,66.));
#3581=CARTESIAN_POINT('',(80.,-3.,66.));
#3582=CARTESIAN_POINT('',(80.,-3.,66.));
#3583=CARTESIAN_POINT('',(80.,-3.,66.));
#3584=CARTESIAN_POINT('',(80.,3.,66.));
#3585=CARTESIAN_POINT('',(80.,-3.,66.));
#3586=CARTESIAN_POINT('',(80.,3.,66.));
#3587=CARTESIAN_POINT('Origin',(80.,3.,66.));
#3588=CARTESIAN_POINT('',(80.,3.,66.));
#3589=CARTESIAN_POINT('Origin',(0.,0.,66.));
#3590=CARTESIAN_POINT('',(-80.,-3.,66.));
#3591=CARTESIAN_POINT('Origin',(0.,0.,66.));
#3592=CARTESIAN_POINT('Origin',(-80.,-3.,66.));
#3593=CARTESIAN_POINT('Origin',(-80.,-3.,66.));
#3594=CARTESIAN_POINT('',(-73.9391641824548,-3.,66.));
#3595=CARTESIAN_POINT('Origin',(-80.,-3.,66.));
#3596=CARTESIAN_POINT('Origin',(0.,0.,66.));
#3597=CARTESIAN_POINT('Origin',(-3.77702593176532E-15,0.,49.));
#3598=CARTESIAN_POINT('Origin',(-57.5,-62.5,3.));
#3599=CARTESIAN_POINT('',(-57.5,-62.5,3.));
#3600=CARTESIAN_POINT('',(-57.5,-62.5,3.));
#3601=CARTESIAN_POINT('',(-57.5,-57.5,3.));
#3602=CARTESIAN_POINT('',(-57.5,-62.5,3.));
#3603=CARTESIAN_POINT('',(-57.5,-57.5,3.));
#3604=CARTESIAN_POINT('Origin',(-62.5,-57.5,3.));
#3605=CARTESIAN_POINT('',(-62.5,-57.5,3.));
#3606=CARTESIAN_POINT('',(-62.5,-62.5,3.));
#3607=CARTESIAN_POINT('',(-62.5,-57.5,3.));
#3608=CARTESIAN_POINT('',(-62.5,-62.5,3.));
#3609=CARTESIAN_POINT('',(-62.5,-57.5,3.));
#3610=CARTESIAN_POINT('Origin',(-57.5,-57.5,3.));
#3611=CARTESIAN_POINT('',(-57.5,-57.5,3.));
#3612=CARTESIAN_POINT('Origin',(-62.5,-62.5,3.));
#3613=CARTESIAN_POINT('',(-62.5,-62.5,3.));
#3614=CARTESIAN_POINT('Origin',(-60.,-60.,3.));
#3615=CARTESIAN_POINT('Origin',(-62.5,57.5,3.));
#3616=CARTESIAN_POINT('',(-62.5,57.5,3.));
#3617=CARTESIAN_POINT('',(-62.5,57.5,3.));
#3618=CARTESIAN_POINT('',(-57.5,57.5,3.));
#3619=CARTESIAN_POINT('',(-62.5,57.5,3.));
#3620=CARTESIAN_POINT('',(-57.5,57.5,3.));
#3621=CARTESIAN_POINT('Origin',(-62.5,62.5,3.));
#3622=CARTESIAN_POINT('',(-62.5,62.5,3.));
#3623=CARTESIAN_POINT('',(-62.5,62.5,3.));
#3624=CARTESIAN_POINT('',(-62.5,62.5,3.));
#3625=CARTESIAN_POINT('Origin',(-57.5,62.5,3.));
#3626=CARTESIAN_POINT('',(-57.5,62.5,3.));
#3627=CARTESIAN_POINT('',(-57.5,62.5,3.));
#3628=CARTESIAN_POINT('',(-57.5,62.5,3.));
#3629=CARTESIAN_POINT('Origin',(-57.5,57.5,3.));
#3630=CARTESIAN_POINT('',(-57.5,57.5,3.));
#3631=CARTESIAN_POINT('Origin',(-60.,60.,3.));
#3632=CARTESIAN_POINT('Origin',(57.5,-57.5,3.));
#3633=CARTESIAN_POINT('',(57.5,-62.5,3.));
#3634=CARTESIAN_POINT('Origin',(57.5,-62.5,3.));
#3635=CARTESIAN_POINT('Origin',(57.5,62.5,3.));
#3636=CARTESIAN_POINT('',(57.5,62.5,3.));
#3637=CARTESIAN_POINT('',(57.5,62.5,3.));
#3638=CARTESIAN_POINT('',(57.5,57.5,3.));
#3639=CARTESIAN_POINT('',(57.5,62.5,3.));
#3640=CARTESIAN_POINT('',(57.5,57.5,3.));
#3641=CARTESIAN_POINT('Origin',(62.5,62.5,3.));
#3642=CARTESIAN_POINT('',(62.5,62.5,3.));
#3643=CARTESIAN_POINT('',(62.5,62.5,3.));
#3644=CARTESIAN_POINT('',(62.5,62.5,3.));
#3645=CARTESIAN_POINT('Origin',(62.5,57.5,3.));
#3646=CARTESIAN_POINT('',(62.5,57.5,3.));
#3647=CARTESIAN_POINT('',(62.5,57.5,3.));
#3648=CARTESIAN_POINT('',(62.5,57.5,3.));
#3649=CARTESIAN_POINT('Origin',(57.5,57.5,3.));
#3650=CARTESIAN_POINT('',(57.5,57.5,3.));
#3651=CARTESIAN_POINT('Origin',(60.,60.,3.));
#3652=UNCERTAINTY_MEASURE_WITH_UNIT(LENGTH_MEASURE(0.01),#3656,
'DISTANCE_ACCURACY_VALUE',
'Maximum model space distance between geometric entities at asserted c
onnectivities');
#3653=UNCERTAINTY_MEASURE_WITH_UNIT(LENGTH_MEASURE(0.01),#3656,
'DISTANCE_ACCURACY_VALUE',
'Maximum model space distance between geometric entities at asserted c
onnectivities');
#3654=(
GEOMETRIC_REPRESENTATION_CONTEXT(3)
GLOBAL_UNCERTAINTY_ASSIGNED_CONTEXT((#3652))
GLOBAL_UNIT_ASSIGNED_CONTEXT((#3656,#3658,#3659))
REPRESENTATION_CONTEXT('','3D')
);
#3655=(
GEOMETRIC_REPRESENTATION_CONTEXT(3)
GLOBAL_UNCERTAINTY_ASSIGNED_CONTEXT((#3653))
GLOBAL_UNIT_ASSIGNED_CONTEXT((#3656,#3658,#3659))
REPRESENTATION_CONTEXT('','3D')
);
#3656=(
LENGTH_UNIT()
NAMED_UNIT(*)
SI_UNIT(.MILLI.,.METRE.)
);
#3657=(
LENGTH_UNIT()
NAMED_UNIT(*)
SI_UNIT(.CENTI.,.METRE.)
);
#3658=(
NAMED_UNIT(*)
PLANE_ANGLE_UNIT()
SI_UNIT($,.RADIAN.)
);
#3659=(
NAMED_UNIT(*)
SI_UNIT($,.STERADIAN.)
SOLID_ANGLE_UNIT()
);
#3660=SHAPE_DEFINITION_REPRESENTATION(#3661,#3662);
#3661=PRODUCT_DEFINITION_SHAPE('',$,#3664);
#3662=SHAPE_REPRESENTATION('',(#2245),#3654);
#3663=PRODUCT_DEFINITION_CONTEXT('part definition',#3668,'design');
#3664=PRODUCT_DEFINITION('12_Wheel_Guard','12_Wheel_Guard',#3665,#3663);
#3665=PRODUCT_DEFINITION_FORMATION('',$,#3670);
#3666=PRODUCT_RELATED_PRODUCT_CATEGORY('12_Wheel_Guard',
'12_Wheel_Guard',(#3670));
#3667=APPLICATION_PROTOCOL_DEFINITION('international standard',
'automotive_design',2009,#3668);
#3668=APPLICATION_CONTEXT(
'Core Data for Automotive Mechanical Design Process');
#3669=PRODUCT_CONTEXT('part definition',#3668,'mechanical');
#3670=PRODUCT('12_Wheel_Guard','12_Wheel_Guard',$,(#3669));
#3671=PRESENTATION_STYLE_ASSIGNMENT((#3672));
#3672=SURFACE_STYLE_USAGE(.BOTH.,#3675);
#3673=SURFACE_STYLE_RENDERING_WITH_PROPERTIES($,#3679,(#3674));
#3674=SURFACE_STYLE_TRANSPARENT(0.53999999165535);
#3675=SURFACE_SIDE_STYLE('',(#3676,#3673));
#3676=SURFACE_STYLE_FILL_AREA(#3677);
#3677=FILL_AREA_STYLE('',(#3678));
#3678=FILL_AREA_STYLE_COLOUR('',#3679);
#3679=COLOUR_RGB('',0.8,0.8,0.8);
ENDSEC;
END-ISO-10303-21;
