ISO-10303-21;
HEADER;
/* Generated by software containing ST-Developer
 * from STEP Tools, Inc. (www.steptools.com) 
 */

FILE_DESCRIPTION(
/* description */ (''),
/* implementation_level */ '2;1');

FILE_NAME(
/* name */ 'Cubli_Shared_Module_RevB.step',
/* time_stamp */ '2026-10-08T19:41:17+09:00',
/* author */ ('Reaction Wheel Pendulum project'),
/* organization */ (''),
/* preprocessor_version */ 'ST-DEVELOPER v20.1',
/* originating_system */ 'Autodesk Inventor 2026',
/* authorisation */ '');

FILE_SCHEMA (('AUTOMOTIVE_DESIGN { 1 0 10303 214 3 1 1 }'));
ENDSEC;

DATA;
#10=MECHANICAL_DESIGN_GEOMETRIC_PRESENTATION_REPRESENTATION('',(#329,#330,
#331,#332,#333,#334,#335,#336,#337,#338,#339,#340,#341,#342,#343,#344,#345,
#346,#347,#348,#349,#350,#351,#352,#353,#354,#355,#356,#357,#358,#359,#360,
#361,#362,#363,#364,#365,#366,#367,#368,#369,#370,#371,#372,#373,#374,#375,
#376,#377,#378,#379,#380,#381,#382,#383,#384),#22084);
#11=ITEM_DEFINED_TRANSFORMATION($,$,#13531,#14719);
#12=ITEM_DEFINED_TRANSFORMATION($,$,#13558,#14720);
#13=ITEM_DEFINED_TRANSFORMATION($,$,#13609,#14721);
#14=ITEM_DEFINED_TRANSFORMATION($,$,#13701,#14722);
#15=ITEM_DEFINED_TRANSFORMATION($,$,#13734,#14723);
#16=ITEM_DEFINED_TRANSFORMATION($,$,#13764,#14724);
#17=ITEM_DEFINED_TRANSFORMATION($,$,#13804,#14725);
#18=ITEM_DEFINED_TRANSFORMATION($,$,#13887,#14726);
#19=ITEM_DEFINED_TRANSFORMATION($,$,#13894,#14727);
#20=ITEM_DEFINED_TRANSFORMATION($,$,#13901,#14728);
#21=ITEM_DEFINED_TRANSFORMATION($,$,#13936,#14729);
#22=ITEM_DEFINED_TRANSFORMATION($,$,#13965,#14730);
#23=ITEM_DEFINED_TRANSFORMATION($,$,#14039,#14731);
#24=ITEM_DEFINED_TRANSFORMATION($,$,#14204,#14732);
#25=ITEM_DEFINED_TRANSFORMATION($,$,#14221,#14733);
#26=ITEM_DEFINED_TRANSFORMATION($,$,#14232,#14734);
#27=ITEM_DEFINED_TRANSFORMATION($,$,#14241,#14735);
#28=ITEM_DEFINED_TRANSFORMATION($,$,#14250,#14736);
#29=ITEM_DEFINED_TRANSFORMATION($,$,#14288,#14737);
#30=ITEM_DEFINED_TRANSFORMATION($,$,#14294,#14738);
#31=ITEM_DEFINED_TRANSFORMATION($,$,#14316,#14739);
#32=ITEM_DEFINED_TRANSFORMATION($,$,#14338,#14740);
#33=ITEM_DEFINED_TRANSFORMATION($,$,#14344,#14741);
#34=ITEM_DEFINED_TRANSFORMATION($,$,#14363,#14742);
#35=ITEM_DEFINED_TRANSFORMATION($,$,#14372,#14743);
#36=ITEM_DEFINED_TRANSFORMATION($,$,#14383,#14744);
#37=ITEM_DEFINED_TRANSFORMATION($,$,#14392,#14745);
#38=ITEM_DEFINED_TRANSFORMATION($,$,#14401,#14746);
#39=ITEM_DEFINED_TRANSFORMATION($,$,#14410,#14747);
#40=ITEM_DEFINED_TRANSFORMATION($,$,#14419,#14748);
#41=ITEM_DEFINED_TRANSFORMATION($,$,#14425,#14749);
#42=ITEM_DEFINED_TRANSFORMATION($,$,#14431,#14750);
#43=ITEM_DEFINED_TRANSFORMATION($,$,#14449,#14751);
#44=ITEM_DEFINED_TRANSFORMATION($,$,#14467,#14752);
#45=ITEM_DEFINED_TRANSFORMATION($,$,#14474,#14753);
#46=ITEM_DEFINED_TRANSFORMATION($,$,#14483,#14754);
#47=ITEM_DEFINED_TRANSFORMATION($,$,#14492,#14755);
#48=ITEM_DEFINED_TRANSFORMATION($,$,#14501,#14756);
#49=ITEM_DEFINED_TRANSFORMATION($,$,#14510,#14757);
#50=ITEM_DEFINED_TRANSFORMATION($,$,#14519,#14758);
#51=ITEM_DEFINED_TRANSFORMATION($,$,#14528,#14759);
#52=ITEM_DEFINED_TRANSFORMATION($,$,#14537,#14760);
#53=ITEM_DEFINED_TRANSFORMATION($,$,#14570,#14761);
#54=ITEM_DEFINED_TRANSFORMATION($,$,#14585,#14762);
#55=ITEM_DEFINED_TRANSFORMATION($,$,#14599,#14763);
#56=ITEM_DEFINED_TRANSFORMATION($,$,#14626,#14764);
#57=ITEM_DEFINED_TRANSFORMATION($,$,#14649,#14765);
#58=ITEM_DEFINED_TRANSFORMATION($,$,#14665,#14766);
#59=ITEM_DEFINED_TRANSFORMATION($,$,#14674,#14767);
#60=ITEM_DEFINED_TRANSFORMATION($,$,#14683,#14768);
#61=ITEM_DEFINED_TRANSFORMATION($,$,#14692,#14769);
#62=ITEM_DEFINED_TRANSFORMATION($,$,#14701,#14770);
#63=ITEM_DEFINED_TRANSFORMATION($,$,#14710,#14771);
#64=(
REPRESENTATION_RELATIONSHIP($,$,#22251,#22250)
REPRESENTATION_RELATIONSHIP_WITH_TRANSFORMATION(#11)
SHAPE_REPRESENTATION_RELATIONSHIP()
);
#65=(
REPRESENTATION_RELATIONSHIP($,$,#22252,#22250)
REPRESENTATION_RELATIONSHIP_WITH_TRANSFORMATION(#12)
SHAPE_REPRESENTATION_RELATIONSHIP()
);
#66=(
REPRESENTATION_RELATIONSHIP($,$,#22253,#22250)
REPRESENTATION_RELATIONSHIP_WITH_TRANSFORMATION(#13)
SHAPE_REPRESENTATION_RELATIONSHIP()
);
#67=(
REPRESENTATION_RELATIONSHIP($,$,#22254,#22250)
REPRESENTATION_RELATIONSHIP_WITH_TRANSFORMATION(#14)
SHAPE_REPRESENTATION_RELATIONSHIP()
);
#68=(
REPRESENTATION_RELATIONSHIP($,$,#22255,#22250)
REPRESENTATION_RELATIONSHIP_WITH_TRANSFORMATION(#15)
SHAPE_REPRESENTATION_RELATIONSHIP()
);
#69=(
REPRESENTATION_RELATIONSHIP($,$,#22256,#22250)
REPRESENTATION_RELATIONSHIP_WITH_TRANSFORMATION(#16)
SHAPE_REPRESENTATION_RELATIONSHIP()
);
#70=(
REPRESENTATION_RELATIONSHIP($,$,#22257,#22250)
REPRESENTATION_RELATIONSHIP_WITH_TRANSFORMATION(#17)
SHAPE_REPRESENTATION_RELATIONSHIP()
);
#71=(
REPRESENTATION_RELATIONSHIP($,$,#22258,#22250)
REPRESENTATION_RELATIONSHIP_WITH_TRANSFORMATION(#18)
SHAPE_REPRESENTATION_RELATIONSHIP()
);
#72=(
REPRESENTATION_RELATIONSHIP($,$,#22259,#22250)
REPRESENTATION_RELATIONSHIP_WITH_TRANSFORMATION(#19)
SHAPE_REPRESENTATION_RELATIONSHIP()
);
#73=(
REPRESENTATION_RELATIONSHIP($,$,#22260,#22250)
REPRESENTATION_RELATIONSHIP_WITH_TRANSFORMATION(#20)
SHAPE_REPRESENTATION_RELATIONSHIP()
);
#74=(
REPRESENTATION_RELATIONSHIP($,$,#22261,#22250)
REPRESENTATION_RELATIONSHIP_WITH_TRANSFORMATION(#21)
SHAPE_REPRESENTATION_RELATIONSHIP()
);
#75=(
REPRESENTATION_RELATIONSHIP($,$,#22262,#22250)
REPRESENTATION_RELATIONSHIP_WITH_TRANSFORMATION(#22)
SHAPE_REPRESENTATION_RELATIONSHIP()
);
#76=(
REPRESENTATION_RELATIONSHIP($,$,#22263,#22250)
REPRESENTATION_RELATIONSHIP_WITH_TRANSFORMATION(#23)
SHAPE_REPRESENTATION_RELATIONSHIP()
);
#77=(
REPRESENTATION_RELATIONSHIP($,$,#22264,#22250)
REPRESENTATION_RELATIONSHIP_WITH_TRANSFORMATION(#24)
SHAPE_REPRESENTATION_RELATIONSHIP()
);
#78=(
REPRESENTATION_RELATIONSHIP($,$,#22265,#22250)
REPRESENTATION_RELATIONSHIP_WITH_TRANSFORMATION(#25)
SHAPE_REPRESENTATION_RELATIONSHIP()
);
#79=(
REPRESENTATION_RELATIONSHIP($,$,#22266,#22250)
REPRESENTATION_RELATIONSHIP_WITH_TRANSFORMATION(#26)
SHAPE_REPRESENTATION_RELATIONSHIP()
);
#80=(
REPRESENTATION_RELATIONSHIP($,$,#22267,#22250)
REPRESENTATION_RELATIONSHIP_WITH_TRANSFORMATION(#27)
SHAPE_REPRESENTATION_RELATIONSHIP()
);
#81=(
REPRESENTATION_RELATIONSHIP($,$,#22268,#22250)
REPRESENTATION_RELATIONSHIP_WITH_TRANSFORMATION(#28)
SHAPE_REPRESENTATION_RELATIONSHIP()
);
#82=(
REPRESENTATION_RELATIONSHIP($,$,#22269,#22250)
REPRESENTATION_RELATIONSHIP_WITH_TRANSFORMATION(#29)
SHAPE_REPRESENTATION_RELATIONSHIP()
);
#83=(
REPRESENTATION_RELATIONSHIP($,$,#22270,#22250)
REPRESENTATION_RELATIONSHIP_WITH_TRANSFORMATION(#30)
SHAPE_REPRESENTATION_RELATIONSHIP()
);
#84=(
REPRESENTATION_RELATIONSHIP($,$,#22271,#22250)
REPRESENTATION_RELATIONSHIP_WITH_TRANSFORMATION(#31)
SHAPE_REPRESENTATION_RELATIONSHIP()
);
#85=(
REPRESENTATION_RELATIONSHIP($,$,#22272,#22250)
REPRESENTATION_RELATIONSHIP_WITH_TRANSFORMATION(#32)
SHAPE_REPRESENTATION_RELATIONSHIP()
);
#86=(
REPRESENTATION_RELATIONSHIP($,$,#22273,#22250)
REPRESENTATION_RELATIONSHIP_WITH_TRANSFORMATION(#33)
SHAPE_REPRESENTATION_RELATIONSHIP()
);
#87=(
REPRESENTATION_RELATIONSHIP($,$,#22274,#22250)
REPRESENTATION_RELATIONSHIP_WITH_TRANSFORMATION(#34)
SHAPE_REPRESENTATION_RELATIONSHIP()
);
#88=(
REPRESENTATION_RELATIONSHIP($,$,#22275,#22250)
REPRESENTATION_RELATIONSHIP_WITH_TRANSFORMATION(#35)
SHAPE_REPRESENTATION_RELATIONSHIP()
);
#89=(
REPRESENTATION_RELATIONSHIP($,$,#22276,#22250)
REPRESENTATION_RELATIONSHIP_WITH_TRANSFORMATION(#36)
SHAPE_REPRESENTATION_RELATIONSHIP()
);
#90=(
REPRESENTATION_RELATIONSHIP($,$,#22277,#22250)
REPRESENTATION_RELATIONSHIP_WITH_TRANSFORMATION(#37)
SHAPE_REPRESENTATION_RELATIONSHIP()
);
#91=(
REPRESENTATION_RELATIONSHIP($,$,#22278,#22250)
REPRESENTATION_RELATIONSHIP_WITH_TRANSFORMATION(#38)
SHAPE_REPRESENTATION_RELATIONSHIP()
);
#92=(
REPRESENTATION_RELATIONSHIP($,$,#22279,#22250)
REPRESENTATION_RELATIONSHIP_WITH_TRANSFORMATION(#39)
SHAPE_REPRESENTATION_RELATIONSHIP()
);
#93=(
REPRESENTATION_RELATIONSHIP($,$,#22280,#22250)
REPRESENTATION_RELATIONSHIP_WITH_TRANSFORMATION(#40)
SHAPE_REPRESENTATION_RELATIONSHIP()
);
#94=(
REPRESENTATION_RELATIONSHIP($,$,#22281,#22250)
REPRESENTATION_RELATIONSHIP_WITH_TRANSFORMATION(#41)
SHAPE_REPRESENTATION_RELATIONSHIP()
);
#95=(
REPRESENTATION_RELATIONSHIP($,$,#22282,#22250)
REPRESENTATION_RELATIONSHIP_WITH_TRANSFORMATION(#42)
SHAPE_REPRESENTATION_RELATIONSHIP()
);
#96=(
REPRESENTATION_RELATIONSHIP($,$,#22283,#22250)
REPRESENTATION_RELATIONSHIP_WITH_TRANSFORMATION(#43)
SHAPE_REPRESENTATION_RELATIONSHIP()
);
#97=(
REPRESENTATION_RELATIONSHIP($,$,#22284,#22250)
REPRESENTATION_RELATIONSHIP_WITH_TRANSFORMATION(#44)
SHAPE_REPRESENTATION_RELATIONSHIP()
);
#98=(
REPRESENTATION_RELATIONSHIP($,$,#22285,#22250)
REPRESENTATION_RELATIONSHIP_WITH_TRANSFORMATION(#45)
SHAPE_REPRESENTATION_RELATIONSHIP()
);
#99=(
REPRESENTATION_RELATIONSHIP($,$,#22286,#22250)
REPRESENTATION_RELATIONSHIP_WITH_TRANSFORMATION(#46)
SHAPE_REPRESENTATION_RELATIONSHIP()
);
#100=(
REPRESENTATION_RELATIONSHIP($,$,#22287,#22250)
REPRESENTATION_RELATIONSHIP_WITH_TRANSFORMATION(#47)
SHAPE_REPRESENTATION_RELATIONSHIP()
);
#101=(
REPRESENTATION_RELATIONSHIP($,$,#22288,#22250)
REPRESENTATION_RELATIONSHIP_WITH_TRANSFORMATION(#48)
SHAPE_REPRESENTATION_RELATIONSHIP()
);
#102=(
REPRESENTATION_RELATIONSHIP($,$,#22289,#22250)
REPRESENTATION_RELATIONSHIP_WITH_TRANSFORMATION(#49)
SHAPE_REPRESENTATION_RELATIONSHIP()
);
#103=(
REPRESENTATION_RELATIONSHIP($,$,#22290,#22250)
REPRESENTATION_RELATIONSHIP_WITH_TRANSFORMATION(#50)
SHAPE_REPRESENTATION_RELATIONSHIP()
);
#104=(
REPRESENTATION_RELATIONSHIP($,$,#22291,#22250)
REPRESENTATION_RELATIONSHIP_WITH_TRANSFORMATION(#51)
SHAPE_REPRESENTATION_RELATIONSHIP()
);
#105=(
REPRESENTATION_RELATIONSHIP($,$,#22292,#22250)
REPRESENTATION_RELATIONSHIP_WITH_TRANSFORMATION(#52)
SHAPE_REPRESENTATION_RELATIONSHIP()
);
#106=(
REPRESENTATION_RELATIONSHIP($,$,#22293,#22250)
REPRESENTATION_RELATIONSHIP_WITH_TRANSFORMATION(#53)
SHAPE_REPRESENTATION_RELATIONSHIP()
);
#107=(
REPRESENTATION_RELATIONSHIP($,$,#22294,#22250)
REPRESENTATION_RELATIONSHIP_WITH_TRANSFORMATION(#54)
SHAPE_REPRESENTATION_RELATIONSHIP()
);
#108=(
REPRESENTATION_RELATIONSHIP($,$,#22295,#22250)
REPRESENTATION_RELATIONSHIP_WITH_TRANSFORMATION(#55)
SHAPE_REPRESENTATION_RELATIONSHIP()
);
#109=(
REPRESENTATION_RELATIONSHIP($,$,#22296,#22250)
REPRESENTATION_RELATIONSHIP_WITH_TRANSFORMATION(#56)
SHAPE_REPRESENTATION_RELATIONSHIP()
);
#110=(
REPRESENTATION_RELATIONSHIP($,$,#22297,#22250)
REPRESENTATION_RELATIONSHIP_WITH_TRANSFORMATION(#57)
SHAPE_REPRESENTATION_RELATIONSHIP()
);
#111=(
REPRESENTATION_RELATIONSHIP($,$,#22298,#22250)
REPRESENTATION_RELATIONSHIP_WITH_TRANSFORMATION(#58)
SHAPE_REPRESENTATION_RELATIONSHIP()
);
#112=(
REPRESENTATION_RELATIONSHIP($,$,#22299,#22250)
REPRESENTATION_RELATIONSHIP_WITH_TRANSFORMATION(#59)
SHAPE_REPRESENTATION_RELATIONSHIP()
);
#113=(
REPRESENTATION_RELATIONSHIP($,$,#22300,#22250)
REPRESENTATION_RELATIONSHIP_WITH_TRANSFORMATION(#60)
SHAPE_REPRESENTATION_RELATIONSHIP()
);
#114=(
REPRESENTATION_RELATIONSHIP($,$,#22301,#22250)
REPRESENTATION_RELATIONSHIP_WITH_TRANSFORMATION(#61)
SHAPE_REPRESENTATION_RELATIONSHIP()
);
#115=(
REPRESENTATION_RELATIONSHIP($,$,#22302,#22250)
REPRESENTATION_RELATIONSHIP_WITH_TRANSFORMATION(#62)
SHAPE_REPRESENTATION_RELATIONSHIP()
);
#116=(
REPRESENTATION_RELATIONSHIP($,$,#22303,#22250)
REPRESENTATION_RELATIONSHIP_WITH_TRANSFORMATION(#63)
SHAPE_REPRESENTATION_RELATIONSHIP()
);
#117=CONTEXT_DEPENDENT_SHAPE_REPRESENTATION(#64,#22197);
#118=CONTEXT_DEPENDENT_SHAPE_REPRESENTATION(#65,#22198);
#119=CONTEXT_DEPENDENT_SHAPE_REPRESENTATION(#66,#22199);
#120=CONTEXT_DEPENDENT_SHAPE_REPRESENTATION(#67,#22200);
#121=CONTEXT_DEPENDENT_SHAPE_REPRESENTATION(#68,#22201);
#122=CONTEXT_DEPENDENT_SHAPE_REPRESENTATION(#69,#22202);
#123=CONTEXT_DEPENDENT_SHAPE_REPRESENTATION(#70,#22203);
#124=CONTEXT_DEPENDENT_SHAPE_REPRESENTATION(#71,#22204);
#125=CONTEXT_DEPENDENT_SHAPE_REPRESENTATION(#72,#22205);
#126=CONTEXT_DEPENDENT_SHAPE_REPRESENTATION(#73,#22206);
#127=CONTEXT_DEPENDENT_SHAPE_REPRESENTATION(#74,#22207);
#128=CONTEXT_DEPENDENT_SHAPE_REPRESENTATION(#75,#22208);
#129=CONTEXT_DEPENDENT_SHAPE_REPRESENTATION(#76,#22209);
#130=CONTEXT_DEPENDENT_SHAPE_REPRESENTATION(#77,#22210);
#131=CONTEXT_DEPENDENT_SHAPE_REPRESENTATION(#78,#22211);
#132=CONTEXT_DEPENDENT_SHAPE_REPRESENTATION(#79,#22212);
#133=CONTEXT_DEPENDENT_SHAPE_REPRESENTATION(#80,#22213);
#134=CONTEXT_DEPENDENT_SHAPE_REPRESENTATION(#81,#22214);
#135=CONTEXT_DEPENDENT_SHAPE_REPRESENTATION(#82,#22215);
#136=CONTEXT_DEPENDENT_SHAPE_REPRESENTATION(#83,#22216);
#137=CONTEXT_DEPENDENT_SHAPE_REPRESENTATION(#84,#22217);
#138=CONTEXT_DEPENDENT_SHAPE_REPRESENTATION(#85,#22218);
#139=CONTEXT_DEPENDENT_SHAPE_REPRESENTATION(#86,#22219);
#140=CONTEXT_DEPENDENT_SHAPE_REPRESENTATION(#87,#22220);
#141=CONTEXT_DEPENDENT_SHAPE_REPRESENTATION(#88,#22221);
#142=CONTEXT_DEPENDENT_SHAPE_REPRESENTATION(#89,#22222);
#143=CONTEXT_DEPENDENT_SHAPE_REPRESENTATION(#90,#22223);
#144=CONTEXT_DEPENDENT_SHAPE_REPRESENTATION(#91,#22224);
#145=CONTEXT_DEPENDENT_SHAPE_REPRESENTATION(#92,#22225);
#146=CONTEXT_DEPENDENT_SHAPE_REPRESENTATION(#93,#22226);
#147=CONTEXT_DEPENDENT_SHAPE_REPRESENTATION(#94,#22227);
#148=CONTEXT_DEPENDENT_SHAPE_REPRESENTATION(#95,#22228);
#149=CONTEXT_DEPENDENT_SHAPE_REPRESENTATION(#96,#22229);
#150=CONTEXT_DEPENDENT_SHAPE_REPRESENTATION(#97,#22230);
#151=CONTEXT_DEPENDENT_SHAPE_REPRESENTATION(#98,#22231);
#152=CONTEXT_DEPENDENT_SHAPE_REPRESENTATION(#99,#22232);
#153=CONTEXT_DEPENDENT_SHAPE_REPRESENTATION(#100,#22233);
#154=CONTEXT_DEPENDENT_SHAPE_REPRESENTATION(#101,#22234);
#155=CONTEXT_DEPENDENT_SHAPE_REPRESENTATION(#102,#22235);
#156=CONTEXT_DEPENDENT_SHAPE_REPRESENTATION(#103,#22236);
#157=CONTEXT_DEPENDENT_SHAPE_REPRESENTATION(#104,#22237);
#158=CONTEXT_DEPENDENT_SHAPE_REPRESENTATION(#105,#22238);
#159=CONTEXT_DEPENDENT_SHAPE_REPRESENTATION(#106,#22239);
#160=CONTEXT_DEPENDENT_SHAPE_REPRESENTATION(#107,#22240);
#161=CONTEXT_DEPENDENT_SHAPE_REPRESENTATION(#108,#22241);
#162=CONTEXT_DEPENDENT_SHAPE_REPRESENTATION(#109,#22242);
#163=CONTEXT_DEPENDENT_SHAPE_REPRESENTATION(#110,#22243);
#164=CONTEXT_DEPENDENT_SHAPE_REPRESENTATION(#111,#22244);
#165=CONTEXT_DEPENDENT_SHAPE_REPRESENTATION(#112,#22245);
#166=CONTEXT_DEPENDENT_SHAPE_REPRESENTATION(#113,#22246);
#167=CONTEXT_DEPENDENT_SHAPE_REPRESENTATION(#114,#22247);
#168=CONTEXT_DEPENDENT_SHAPE_REPRESENTATION(#115,#22248);
#169=CONTEXT_DEPENDENT_SHAPE_REPRESENTATION(#116,#22249);
#170=NEXT_ASSEMBLY_USAGE_OCCURRENCE('01_Wheel_Rim','01_Wheel_Rim',
'01_Wheel_Rim',#22305,#22306,'01_Wheel_Rim');
#171=NEXT_ASSEMBLY_USAGE_OCCURRENCE('02_Wheel_Hub','02_Wheel_Hub',
'02_Wheel_Hub',#22305,#22307,'02_Wheel_Hub');
#172=NEXT_ASSEMBLY_USAGE_OCCURRENCE('03_Wheel_Spokes','03_Wheel_Spokes',
'03_Wheel_Spokes',#22305,#22308,'03_Wheel_Spokes');
#173=NEXT_ASSEMBLY_USAGE_OCCURRENCE('04_Wheel_Shaft','04_Wheel_Shaft',
'04_Wheel_Shaft',#22305,#22309,'04_Wheel_Shaft');
#174=NEXT_ASSEMBLY_USAGE_OCCURRENCE('05_Bearing_Housing',
'05_Bearing_Housing','05_Bearing_Housing',#22305,#22310,
'05_Bearing_Housing');
#175=NEXT_ASSEMBLY_USAGE_OCCURRENCE('06_Motor_Mount','06_Motor_Mount',
'06_Motor_Mount',#22305,#22311,'06_Motor_Mount');
#176=NEXT_ASSEMBLY_USAGE_OCCURRENCE('07_Brake_Drum','07_Brake_Drum',
'07_Brake_Drum',#22305,#22312,'07_Brake_Drum');
#177=NEXT_ASSEMBLY_USAGE_OCCURRENCE('08_Brake_Mechanism',
'08_Brake_Mechanism','08_Brake_Mechanism',#22305,#22313,
'08_Brake_Mechanism');
#178=NEXT_ASSEMBLY_USAGE_OCCURRENCE('08B_Brake_Pad','08B_Brake_Pad',
'08B_Brake_Pad',#22305,#22314,'08B_Brake_Pad');
#179=NEXT_ASSEMBLY_USAGE_OCCURRENCE('09_Brake_Actuator_Bracket',
'09_Brake_Actuator_Bracket','09_Brake_Actuator_Bracket',#22305,#22315,
'09_Brake_Actuator_Bracket');
#180=NEXT_ASSEMBLY_USAGE_OCCURRENCE('10_Encoder_Mount',
'10_Encoder_Mount','10_Encoder_Mount',#22305,#22316,'10_Encoder_Mount');
#181=NEXT_ASSEMBLY_USAGE_OCCURRENCE('11_Module_Frame','11_Module_Frame',
'11_Module_Frame',#22305,#22317,'11_Module_Frame');
#182=NEXT_ASSEMBLY_USAGE_OCCURRENCE('12_Wheel_Guard','12_Wheel_Guard',
'12_Wheel_Guard',#22305,#22318,'12_Wheel_Guard');
#183=NEXT_ASSEMBLY_USAGE_OCCURRENCE('13_Torsional_Coupling',
'13_Torsional_Coupling','13_Torsional_Coupling',#22305,#22319,
'13_Torsional_Coupling');
#184=NEXT_ASSEMBLY_USAGE_OCCURRENCE('13B_Coupling_Sleeve_5_6',
'13B_Coupling_Sleeve_5_6','13B_Coupling_Sleeve_5_6',#22305,#22320,
'13B_Coupling_Sleeve_5_6');
#185=NEXT_ASSEMBLY_USAGE_OCCURRENCE('14_Bearing_6000_2Z',
'14_Bearing_6000_2Z','14_Bearing_6000_2Z',#22305,#22321,
'14_Bearing_6000_2Z');
#186=NEXT_ASSEMBLY_USAGE_OCCURRENCE('14B_Bearing_6000_2Z',
'14B_Bearing_6000_2Z','14B_Bearing_6000_2Z',#22305,#22322,
'14B_Bearing_6000_2Z');
#187=NEXT_ASSEMBLY_USAGE_OCCURRENCE('15_Motor_4221G024BXTH',
'15_Motor_4221G024BXTH','15_Motor_4221G024BXTH',#22305,#22323,
'15_Motor_4221G024BXTH');
#188=NEXT_ASSEMBLY_USAGE_OCCURRENCE('16_Motor_Rotor_Shaft',
'16_Motor_Rotor_Shaft','16_Motor_Rotor_Shaft',#22305,#22324,
'16_Motor_Rotor_Shaft');
#189=NEXT_ASSEMBLY_USAGE_OCCURRENCE('17_Bearing_Retainer_Rear',
'17_Bearing_Retainer_Rear','17_Bearing_Retainer_Rear',#22305,#22325,
'17_Bearing_Retainer_Rear');
#190=NEXT_ASSEMBLY_USAGE_OCCURRENCE('17B_Bearing_Retainer_Front',
'17B_Bearing_Retainer_Front','17B_Bearing_Retainer_Front',#22305,#22326,
'17B_Bearing_Retainer_Front');
#191=NEXT_ASSEMBLY_USAGE_OCCURRENCE('18_Encoder_Magnet',
'18_Encoder_Magnet','18_Encoder_Magnet',#22305,#22327,
'18_Encoder_Magnet');
#192=NEXT_ASSEMBLY_USAGE_OCCURRENCE('19_Encoder_PCB_Interface',
'19_Encoder_PCB_Interface','19_Encoder_PCB_Interface',#22305,#22328,
'19_Encoder_PCB_Interface');
#193=NEXT_ASSEMBLY_USAGE_OCCURRENCE('20_Retaining_Washer',
'20_Retaining_Washer','20_Retaining_Washer',#22305,#22329,
'20_Retaining_Washer');
#194=NEXT_ASSEMBLY_USAGE_OCCURRENCE('21_Retaining_Clip',
'21_Retaining_Clip','21_Retaining_Clip',#22305,#22330,
'21_Retaining_Clip');
#195=NEXT_ASSEMBLY_USAGE_OCCURRENCE('22_Spacer_-15_-15',
'22_Spacer_-15_-15','22_Spacer_-15_-15',#22305,#22331,
'22_Spacer_-15_-15');
#196=NEXT_ASSEMBLY_USAGE_OCCURRENCE('22_Spacer_-15_15',
'22_Spacer_-15_15','22_Spacer_-15_15',#22305,#22332,'22_Spacer_-15_15');
#197=NEXT_ASSEMBLY_USAGE_OCCURRENCE('22_Spacer_15_-15',
'22_Spacer_15_-15','22_Spacer_15_-15',#22305,#22333,'22_Spacer_15_-15');
#198=NEXT_ASSEMBLY_USAGE_OCCURRENCE('22_Spacer_15_15','22_Spacer_15_15',
'22_Spacer_15_15',#22305,#22334,'22_Spacer_15_15');
#199=NEXT_ASSEMBLY_USAGE_OCCURRENCE('23_Brake_Guide_-10',
'23_Brake_Guide_-10','23_Brake_Guide_-10',#22305,#22335,
'23_Brake_Guide_-10');
#200=NEXT_ASSEMBLY_USAGE_OCCURRENCE('23_Brake_Guide_10',
'23_Brake_Guide_10','23_Brake_Guide_10',#22305,#22336,
'23_Brake_Guide_10');
#201=NEXT_ASSEMBLY_USAGE_OCCURRENCE('24_Lower_Pad_Carrier',
'24_Lower_Pad_Carrier','24_Lower_Pad_Carrier',#22305,#22337,
'24_Lower_Pad_Carrier');
#202=NEXT_ASSEMBLY_USAGE_OCCURRENCE('24B_Upper_Pad_Carrier',
'24B_Upper_Pad_Carrier','24B_Upper_Pad_Carrier',#22305,#22338,
'24B_Upper_Pad_Carrier');
#203=NEXT_ASSEMBLY_USAGE_OCCURRENCE('25_Shaft_Key','25_Shaft_Key',
'25_Shaft_Key',#22305,#22339,'25_Shaft_Key');
#204=NEXT_ASSEMBLY_USAGE_OCCURRENCE('26_Inner_Race_Spacer',
'26_Inner_Race_Spacer','26_Inner_Race_Spacer',#22305,#22340,
'26_Inner_Race_Spacer');
#205=NEXT_ASSEMBLY_USAGE_OCCURRENCE('27_Front_Hub_Shim',
'27_Front_Hub_Shim','27_Front_Hub_Shim',#22305,#22341,
'27_Front_Hub_Shim');
#206=NEXT_ASSEMBLY_USAGE_OCCURRENCE('28_Clip_Stack_Shim',
'28_Clip_Stack_Shim','28_Clip_Stack_Shim',#22305,#22342,
'28_Clip_Stack_Shim');
#207=NEXT_ASSEMBLY_USAGE_OCCURRENCE('29_Frame_Shim_-15_-15',
'29_Frame_Shim_-15_-15','29_Frame_Shim_-15_-15',#22305,#22343,
'29_Frame_Shim_-15_-15');
#208=NEXT_ASSEMBLY_USAGE_OCCURRENCE('29_Frame_Shim_-15_15',
'29_Frame_Shim_-15_15','29_Frame_Shim_-15_15',#22305,#22344,
'29_Frame_Shim_-15_15');
#209=NEXT_ASSEMBLY_USAGE_OCCURRENCE('29_Frame_Shim_15_-15',
'29_Frame_Shim_15_-15','29_Frame_Shim_15_-15',#22305,#22345,
'29_Frame_Shim_15_-15');
#210=NEXT_ASSEMBLY_USAGE_OCCURRENCE('29_Frame_Shim_15_15',
'29_Frame_Shim_15_15','29_Frame_Shim_15_15',#22305,#22346,
'29_Frame_Shim_15_15');
#211=NEXT_ASSEMBLY_USAGE_OCCURRENCE('30_Dual_Wedge_Slider',
'30_Dual_Wedge_Slider','30_Dual_Wedge_Slider',#22305,#22347,
'30_Dual_Wedge_Slider');
#212=NEXT_ASSEMBLY_USAGE_OCCURRENCE('31_Actuator_PQ12_Body_Envelope',
'31_Actuator_PQ12_Body_Envelope','31_Actuator_PQ12_Body_Envelope',#22305,
#22348,'31_Actuator_PQ12_Body_Envelope');
#213=NEXT_ASSEMBLY_USAGE_OCCURRENCE('32_Actuator_PQ12_Rod_Envelope',
'32_Actuator_PQ12_Rod_Envelope','32_Actuator_PQ12_Rod_Envelope',#22305,
#22349,'32_Actuator_PQ12_Rod_Envelope');
#214=NEXT_ASSEMBLY_USAGE_OCCURRENCE('33_Actuator_Clevis',
'33_Actuator_Clevis','33_Actuator_Clevis',#22305,#22350,
'33_Actuator_Clevis');
#215=NEXT_ASSEMBLY_USAGE_OCCURRENCE('34_Actuator_Mount',
'34_Actuator_Mount','34_Actuator_Mount',#22305,#22351,
'34_Actuator_Mount');
#216=NEXT_ASSEMBLY_USAGE_OCCURRENCE('35_Slider_Stops','35_Slider_Stops',
'35_Slider_Stops',#22305,#22352,'35_Slider_Stops');
#217=NEXT_ASSEMBLY_USAGE_OCCURRENCE('36_Spring_Seat_-10',
'36_Spring_Seat_-10','36_Spring_Seat_-10',#22305,#22353,
'36_Spring_Seat_-10');
#218=NEXT_ASSEMBLY_USAGE_OCCURRENCE('36_Spring_Seat_10',
'36_Spring_Seat_10','36_Spring_Seat_10',#22305,#22354,
'36_Spring_Seat_10');
#219=NEXT_ASSEMBLY_USAGE_OCCURRENCE('37_Return_Lower_-10',
'37_Return_Lower_-10','37_Return_Lower_-10',#22305,#22355,
'37_Return_Lower_-10');
#220=NEXT_ASSEMBLY_USAGE_OCCURRENCE('37_Return_Lower_10',
'37_Return_Lower_10','37_Return_Lower_10',#22305,#22356,
'37_Return_Lower_10');
#221=NEXT_ASSEMBLY_USAGE_OCCURRENCE('38_Return_Upper_-10',
'38_Return_Upper_-10','38_Return_Upper_-10',#22305,#22357,
'38_Return_Upper_-10');
#222=NEXT_ASSEMBLY_USAGE_OCCURRENCE('38_Return_Upper_10',
'38_Return_Upper_10','38_Return_Upper_10',#22305,#22358,
'38_Return_Upper_10');
#223=SHAPE_REPRESENTATION_RELATIONSHIP('SRR','None',#22251,#276);
#224=SHAPE_REPRESENTATION_RELATIONSHIP('SRR','None',#22252,#277);
#225=SHAPE_REPRESENTATION_RELATIONSHIP('SRR','None',#22253,#278);
#226=SHAPE_REPRESENTATION_RELATIONSHIP('SRR','None',#22254,#279);
#227=SHAPE_REPRESENTATION_RELATIONSHIP('SRR','None',#22255,#280);
#228=SHAPE_REPRESENTATION_RELATIONSHIP('SRR','None',#22256,#281);
#229=SHAPE_REPRESENTATION_RELATIONSHIP('SRR','None',#22257,#282);
#230=SHAPE_REPRESENTATION_RELATIONSHIP('SRR','None',#22258,#283);
#231=SHAPE_REPRESENTATION_RELATIONSHIP('SRR','None',#22259,#284);
#232=SHAPE_REPRESENTATION_RELATIONSHIP('SRR','None',#22260,#285);
#233=SHAPE_REPRESENTATION_RELATIONSHIP('SRR','None',#22261,#286);
#234=SHAPE_REPRESENTATION_RELATIONSHIP('SRR','None',#22262,#287);
#235=SHAPE_REPRESENTATION_RELATIONSHIP('SRR','None',#22263,#288);
#236=SHAPE_REPRESENTATION_RELATIONSHIP('SRR','None',#22264,#289);
#237=SHAPE_REPRESENTATION_RELATIONSHIP('SRR','None',#22265,#290);
#238=SHAPE_REPRESENTATION_RELATIONSHIP('SRR','None',#22266,#291);
#239=SHAPE_REPRESENTATION_RELATIONSHIP('SRR','None',#22267,#292);
#240=SHAPE_REPRESENTATION_RELATIONSHIP('SRR','None',#22268,#293);
#241=SHAPE_REPRESENTATION_RELATIONSHIP('SRR','None',#22269,#294);
#242=SHAPE_REPRESENTATION_RELATIONSHIP('SRR','None',#22270,#295);
#243=SHAPE_REPRESENTATION_RELATIONSHIP('SRR','None',#22271,#296);
#244=SHAPE_REPRESENTATION_RELATIONSHIP('SRR','None',#22272,#297);
#245=SHAPE_REPRESENTATION_RELATIONSHIP('SRR','None',#22273,#298);
#246=SHAPE_REPRESENTATION_RELATIONSHIP('SRR','None',#22274,#299);
#247=SHAPE_REPRESENTATION_RELATIONSHIP('SRR','None',#22275,#300);
#248=SHAPE_REPRESENTATION_RELATIONSHIP('SRR','None',#22276,#301);
#249=SHAPE_REPRESENTATION_RELATIONSHIP('SRR','None',#22277,#302);
#250=SHAPE_REPRESENTATION_RELATIONSHIP('SRR','None',#22278,#303);
#251=SHAPE_REPRESENTATION_RELATIONSHIP('SRR','None',#22279,#304);
#252=SHAPE_REPRESENTATION_RELATIONSHIP('SRR','None',#22280,#305);
#253=SHAPE_REPRESENTATION_RELATIONSHIP('SRR','None',#22281,#306);
#254=SHAPE_REPRESENTATION_RELATIONSHIP('SRR','None',#22282,#307);
#255=SHAPE_REPRESENTATION_RELATIONSHIP('SRR','None',#22283,#308);
#256=SHAPE_REPRESENTATION_RELATIONSHIP('SRR','None',#22284,#309);
#257=SHAPE_REPRESENTATION_RELATIONSHIP('SRR','None',#22285,#310);
#258=SHAPE_REPRESENTATION_RELATIONSHIP('SRR','None',#22286,#311);
#259=SHAPE_REPRESENTATION_RELATIONSHIP('SRR','None',#22287,#312);
#260=SHAPE_REPRESENTATION_RELATIONSHIP('SRR','None',#22288,#313);
#261=SHAPE_REPRESENTATION_RELATIONSHIP('SRR','None',#22289,#314);
#262=SHAPE_REPRESENTATION_RELATIONSHIP('SRR','None',#22290,#315);
#263=SHAPE_REPRESENTATION_RELATIONSHIP('SRR','None',#22291,#316);
#264=SHAPE_REPRESENTATION_RELATIONSHIP('SRR','None',#22292,#317);
#265=SHAPE_REPRESENTATION_RELATIONSHIP('SRR','None',#22293,#318);
#266=SHAPE_REPRESENTATION_RELATIONSHIP('SRR','None',#22294,#319);
#267=SHAPE_REPRESENTATION_RELATIONSHIP('SRR','None',#22295,#320);
#268=SHAPE_REPRESENTATION_RELATIONSHIP('SRR','None',#22296,#321);
#269=SHAPE_REPRESENTATION_RELATIONSHIP('SRR','None',#22297,#322);
#270=SHAPE_REPRESENTATION_RELATIONSHIP('SRR','None',#22298,#323);
#271=SHAPE_REPRESENTATION_RELATIONSHIP('SRR','None',#22299,#324);
#272=SHAPE_REPRESENTATION_RELATIONSHIP('SRR','None',#22300,#325);
#273=SHAPE_REPRESENTATION_RELATIONSHIP('SRR','None',#22301,#326);
#274=SHAPE_REPRESENTATION_RELATIONSHIP('SRR','None',#22302,#327);
#275=SHAPE_REPRESENTATION_RELATIONSHIP('SRR','None',#22303,#328);
#276=ADVANCED_BREP_SHAPE_REPRESENTATION('',(#385),#22031);
#277=ADVANCED_BREP_SHAPE_REPRESENTATION('',(#386),#22032);
#278=ADVANCED_BREP_SHAPE_REPRESENTATION('',(#387),#22033);
#279=ADVANCED_BREP_SHAPE_REPRESENTATION('',(#388),#22034);
#280=ADVANCED_BREP_SHAPE_REPRESENTATION('',(#389),#22035);
#281=ADVANCED_BREP_SHAPE_REPRESENTATION('',(#390),#22036);
#282=ADVANCED_BREP_SHAPE_REPRESENTATION('',(#391),#22037);
#283=ADVANCED_BREP_SHAPE_REPRESENTATION('',(#392),#22038);
#284=ADVANCED_BREP_SHAPE_REPRESENTATION('',(#393),#22039);
#285=ADVANCED_BREP_SHAPE_REPRESENTATION('',(#394),#22040);
#286=ADVANCED_BREP_SHAPE_REPRESENTATION('',(#395),#22041);
#287=ADVANCED_BREP_SHAPE_REPRESENTATION('',(#396,#397),#22042);
#288=ADVANCED_BREP_SHAPE_REPRESENTATION('',(#398),#22043);
#289=ADVANCED_BREP_SHAPE_REPRESENTATION('',(#399),#22044);
#290=ADVANCED_BREP_SHAPE_REPRESENTATION('',(#400),#22045);
#291=ADVANCED_BREP_SHAPE_REPRESENTATION('',(#401),#22046);
#292=ADVANCED_BREP_SHAPE_REPRESENTATION('',(#402),#22047);
#293=ADVANCED_BREP_SHAPE_REPRESENTATION('',(#403),#22048);
#294=ADVANCED_BREP_SHAPE_REPRESENTATION('',(#404),#22049);
#295=ADVANCED_BREP_SHAPE_REPRESENTATION('',(#405),#22050);
#296=ADVANCED_BREP_SHAPE_REPRESENTATION('',(#406),#22051);
#297=ADVANCED_BREP_SHAPE_REPRESENTATION('',(#407),#22052);
#298=ADVANCED_BREP_SHAPE_REPRESENTATION('',(#408),#22053);
#299=ADVANCED_BREP_SHAPE_REPRESENTATION('',(#409),#22054);
#300=ADVANCED_BREP_SHAPE_REPRESENTATION('',(#410),#22055);
#301=ADVANCED_BREP_SHAPE_REPRESENTATION('',(#411),#22056);
#302=ADVANCED_BREP_SHAPE_REPRESENTATION('',(#412),#22057);
#303=ADVANCED_BREP_SHAPE_REPRESENTATION('',(#413),#22058);
#304=ADVANCED_BREP_SHAPE_REPRESENTATION('',(#414),#22059);
#305=ADVANCED_BREP_SHAPE_REPRESENTATION('',(#415),#22060);
#306=ADVANCED_BREP_SHAPE_REPRESENTATION('',(#416),#22061);
#307=ADVANCED_BREP_SHAPE_REPRESENTATION('',(#417),#22062);
#308=ADVANCED_BREP_SHAPE_REPRESENTATION('',(#418),#22063);
#309=ADVANCED_BREP_SHAPE_REPRESENTATION('',(#419),#22064);
#310=ADVANCED_BREP_SHAPE_REPRESENTATION('',(#420),#22065);
#311=ADVANCED_BREP_SHAPE_REPRESENTATION('',(#421),#22066);
#312=ADVANCED_BREP_SHAPE_REPRESENTATION('',(#422),#22067);
#313=ADVANCED_BREP_SHAPE_REPRESENTATION('',(#423),#22068);
#314=ADVANCED_BREP_SHAPE_REPRESENTATION('',(#424),#22069);
#315=ADVANCED_BREP_SHAPE_REPRESENTATION('',(#425),#22070);
#316=ADVANCED_BREP_SHAPE_REPRESENTATION('',(#426),#22071);
#317=ADVANCED_BREP_SHAPE_REPRESENTATION('',(#427),#22072);
#318=ADVANCED_BREP_SHAPE_REPRESENTATION('',(#428),#22073);
#319=ADVANCED_BREP_SHAPE_REPRESENTATION('',(#429),#22074);
#320=ADVANCED_BREP_SHAPE_REPRESENTATION('',(#430,#431,#432),#22075);
#321=ADVANCED_BREP_SHAPE_REPRESENTATION('',(#433),#22076);
#322=ADVANCED_BREP_SHAPE_REPRESENTATION('',(#434),#22077);
#323=ADVANCED_BREP_SHAPE_REPRESENTATION('',(#435),#22078);
#324=ADVANCED_BREP_SHAPE_REPRESENTATION('',(#436),#22079);
#325=ADVANCED_BREP_SHAPE_REPRESENTATION('',(#437),#22080);
#326=ADVANCED_BREP_SHAPE_REPRESENTATION('',(#438),#22081);
#327=ADVANCED_BREP_SHAPE_REPRESENTATION('',(#439),#22082);
#328=ADVANCED_BREP_SHAPE_REPRESENTATION('',(#440),#22083);
#329=STYLED_ITEM('',(#13179),#385);
#330=STYLED_ITEM('',(#13180),#386);
#331=STYLED_ITEM('',(#13180),#387);
#332=STYLED_ITEM('',(#13179),#388);
#333=STYLED_ITEM('',(#13180),#389);
#334=STYLED_ITEM('',(#13180),#390);
#335=STYLED_ITEM('',(#13179),#391);
#336=STYLED_ITEM('',(#13181),#392);
#337=STYLED_ITEM('',(#13181),#393);
#338=STYLED_ITEM('',(#13180),#394);
#339=STYLED_ITEM('',(#13181),#395);
#340=STYLED_ITEM('',(#13181),#396);
#341=STYLED_ITEM('',(#13181),#397);
#342=STYLED_ITEM('',(#13181),#398);
#343=STYLED_ITEM('',(#13180),#399);
#344=STYLED_ITEM('',(#13179),#400);
#345=STYLED_ITEM('',(#13179),#401);
#346=STYLED_ITEM('',(#13179),#402);
#347=STYLED_ITEM('',(#13179),#403);
#348=STYLED_ITEM('',(#13179),#404);
#349=STYLED_ITEM('',(#13180),#405);
#350=STYLED_ITEM('',(#13180),#406);
#351=STYLED_ITEM('',(#13179),#407);
#352=STYLED_ITEM('',(#13181),#408);
#353=STYLED_ITEM('',(#13179),#409);
#354=STYLED_ITEM('',(#13179),#410);
#355=STYLED_ITEM('',(#13180),#411);
#356=STYLED_ITEM('',(#13180),#412);
#357=STYLED_ITEM('',(#13180),#413);
#358=STYLED_ITEM('',(#13180),#414);
#359=STYLED_ITEM('',(#13179),#415);
#360=STYLED_ITEM('',(#13179),#416);
#361=STYLED_ITEM('',(#13180),#417);
#362=STYLED_ITEM('',(#13180),#418);
#363=STYLED_ITEM('',(#13179),#419);
#364=STYLED_ITEM('',(#13179),#420);
#365=STYLED_ITEM('',(#13179),#421);
#366=STYLED_ITEM('',(#13179),#422);
#367=STYLED_ITEM('',(#13180),#423);
#368=STYLED_ITEM('',(#13180),#424);
#369=STYLED_ITEM('',(#13180),#425);
#370=STYLED_ITEM('',(#13180),#426);
#371=STYLED_ITEM('',(#13180),#427);
#372=STYLED_ITEM('',(#13181),#428);
#373=STYLED_ITEM('',(#13180),#429);
#374=STYLED_ITEM('',(#13180),#430);
#375=STYLED_ITEM('',(#13180),#431);
#376=STYLED_ITEM('',(#13180),#432);
#377=STYLED_ITEM('',(#13180),#433);
#378=STYLED_ITEM('',(#13180),#434);
#379=STYLED_ITEM('',(#13179),#435);
#380=STYLED_ITEM('',(#13179),#436);
#381=STYLED_ITEM('',(#13179),#437);
#382=STYLED_ITEM('',(#13179),#438);
#383=STYLED_ITEM('',(#13179),#439);
#384=STYLED_ITEM('',(#13179),#440);
#385=MANIFOLD_SOLID_BREP('\X2\30BD30EA30C330C9\X0\1',#12536);
#386=MANIFOLD_SOLID_BREP('\X2\30BD30EA30C330C9\X0\1',#12537);
#387=MANIFOLD_SOLID_BREP('\X2\30BD30EA30C330C9\X0\1',#12538);
#388=MANIFOLD_SOLID_BREP('\X2\30BD30EA30C330C9\X0\1',#12539);
#389=MANIFOLD_SOLID_BREP('\X2\30BD30EA30C330C9\X0\1',#12540);
#390=MANIFOLD_SOLID_BREP('\X2\30BD30EA30C330C9\X0\1',#12541);
#391=MANIFOLD_SOLID_BREP('\X2\30BD30EA30C330C9\X0\1',#12542);
#392=MANIFOLD_SOLID_BREP('\X2\30BD30EA30C330C9\X0\1',#12543);
#393=MANIFOLD_SOLID_BREP('\X2\30BD30EA30C330C9\X0\1',#12544);
#394=MANIFOLD_SOLID_BREP('\X2\30BD30EA30C330C9\X0\1',#12545);
#395=MANIFOLD_SOLID_BREP('\X2\30BD30EA30C330C9\X0\1',#12546);
#396=MANIFOLD_SOLID_BREP('\X2\30BD30EA30C330C9\X0\1',#12547);
#397=MANIFOLD_SOLID_BREP('\X2\30BD30EA30C330C9\X0\1',#12548);
#398=MANIFOLD_SOLID_BREP('\X2\30BD30EA30C330C9\X0\1',#12549);
#399=MANIFOLD_SOLID_BREP('\X2\30BD30EA30C330C9\X0\1',#12550);
#400=MANIFOLD_SOLID_BREP('\X2\30BD30EA30C330C9\X0\1',#12551);
#401=MANIFOLD_SOLID_BREP('\X2\30BD30EA30C330C9\X0\1',#12552);
#402=MANIFOLD_SOLID_BREP('\X2\30BD30EA30C330C9\X0\1',#12553);
#403=MANIFOLD_SOLID_BREP('\X2\30BD30EA30C330C9\X0\1',#12554);
#404=MANIFOLD_SOLID_BREP('\X2\30BD30EA30C330C9\X0\1',#12555);
#405=MANIFOLD_SOLID_BREP('\X2\30BD30EA30C330C9\X0\1',#12556);
#406=MANIFOLD_SOLID_BREP('\X2\30BD30EA30C330C9\X0\1',#12557);
#407=MANIFOLD_SOLID_BREP('\X2\30BD30EA30C330C9\X0\1',#12558);
#408=MANIFOLD_SOLID_BREP('\X2\30BD30EA30C330C9\X0\1',#12559);
#409=MANIFOLD_SOLID_BREP('\X2\30BD30EA30C330C9\X0\1',#12560);
#410=MANIFOLD_SOLID_BREP('\X2\30BD30EA30C330C9\X0\1',#12561);
#411=MANIFOLD_SOLID_BREP('\X2\30BD30EA30C330C9\X0\1',#12562);
#412=MANIFOLD_SOLID_BREP('\X2\30BD30EA30C330C9\X0\1',#12563);
#413=MANIFOLD_SOLID_BREP('\X2\30BD30EA30C330C9\X0\1',#12564);
#414=MANIFOLD_SOLID_BREP('\X2\30BD30EA30C330C9\X0\1',#12565);
#415=MANIFOLD_SOLID_BREP('\X2\30BD30EA30C330C9\X0\1',#12566);
#416=MANIFOLD_SOLID_BREP('\X2\30BD30EA30C330C9\X0\1',#12567);
#417=MANIFOLD_SOLID_BREP('\X2\30BD30EA30C330C9\X0\1',#12568);
#418=MANIFOLD_SOLID_BREP('\X2\30BD30EA30C330C9\X0\1',#12569);
#419=MANIFOLD_SOLID_BREP('\X2\30BD30EA30C330C9\X0\1',#12570);
#420=MANIFOLD_SOLID_BREP('\X2\30BD30EA30C330C9\X0\1',#12571);
#421=MANIFOLD_SOLID_BREP('\X2\30BD30EA30C330C9\X0\1',#12572);
#422=MANIFOLD_SOLID_BREP('\X2\30BD30EA30C330C9\X0\1',#12573);
#423=MANIFOLD_SOLID_BREP('\X2\30BD30EA30C330C9\X0\1',#12574);
#424=MANIFOLD_SOLID_BREP('\X2\30BD30EA30C330C9\X0\1',#12575);
#425=MANIFOLD_SOLID_BREP('\X2\30BD30EA30C330C9\X0\1',#12576);
#426=MANIFOLD_SOLID_BREP('\X2\30BD30EA30C330C9\X0\1',#12577);
#427=MANIFOLD_SOLID_BREP('\X2\30BD30EA30C330C9\X0\1',#12578);
#428=MANIFOLD_SOLID_BREP('\X2\30BD30EA30C330C9\X0\1',#12579);
#429=MANIFOLD_SOLID_BREP('\X2\30BD30EA30C330C9\X0\1',#12580);
#430=MANIFOLD_SOLID_BREP('\X2\30BD30EA30C330C9\X0\1',#12581);
#431=MANIFOLD_SOLID_BREP('\X2\30BD30EA30C330C9\X0\1',#12582);
#432=MANIFOLD_SOLID_BREP('\X2\30BD30EA30C330C9\X0\1',#12583);
#433=MANIFOLD_SOLID_BREP('\X2\30BD30EA30C330C9\X0\1',#12584);
#434=MANIFOLD_SOLID_BREP('\X2\30BD30EA30C330C9\X0\1',#12585);
#435=MANIFOLD_SOLID_BREP('\X2\30BD30EA30C330C9\X0\1',#12586);
#436=MANIFOLD_SOLID_BREP('\X2\30BD30EA30C330C9\X0\1',#12587);
#437=MANIFOLD_SOLID_BREP('\X2\30BD30EA30C330C9\X0\1',#12588);
#438=MANIFOLD_SOLID_BREP('\X2\30BD30EA30C330C9\X0\1',#12589);
#439=MANIFOLD_SOLID_BREP('\X2\30BD30EA30C330C9\X0\1',#12590);
#440=MANIFOLD_SOLID_BREP('\X2\30BD30EA30C330C9\X0\1',#12591);
#441=FACE_BOUND('',#1866,.T.);
#442=FACE_BOUND('',#1867,.T.);
#443=FACE_BOUND('',#1868,.T.);
#444=FACE_BOUND('',#1869,.T.);
#445=FACE_BOUND('',#1870,.T.);
#446=FACE_BOUND('',#1871,.T.);
#447=FACE_BOUND('',#1872,.T.);
#448=FACE_BOUND('',#1874,.T.);
#449=FACE_BOUND('',#1875,.T.);
#450=FACE_BOUND('',#1876,.T.);
#451=FACE_BOUND('',#1877,.T.);
#452=FACE_BOUND('',#1878,.T.);
#453=FACE_BOUND('',#1879,.T.);
#454=FACE_BOUND('',#1880,.T.);
#455=FACE_BOUND('',#1895,.T.);
#456=FACE_BOUND('',#1896,.T.);
#457=FACE_BOUND('',#1897,.T.);
#458=FACE_BOUND('',#1898,.T.);
#459=FACE_BOUND('',#1899,.T.);
#460=FACE_BOUND('',#1902,.T.);
#461=FACE_BOUND('',#1903,.T.);
#462=FACE_BOUND('',#1904,.T.);
#463=FACE_BOUND('',#1905,.T.);
#464=FACE_BOUND('',#1906,.T.);
#465=FACE_BOUND('',#1908,.T.);
#466=FACE_BOUND('',#1909,.T.);
#467=FACE_BOUND('',#1910,.T.);
#468=FACE_BOUND('',#1911,.T.);
#469=FACE_BOUND('',#1912,.T.);
#470=FACE_BOUND('',#1917,.T.);
#471=FACE_BOUND('',#1919,.T.);
#472=FACE_BOUND('',#1920,.T.);
#473=FACE_BOUND('',#1921,.T.);
#474=FACE_BOUND('',#1922,.T.);
#475=FACE_BOUND('',#1923,.T.);
#476=FACE_BOUND('',#1956,.T.);
#477=FACE_BOUND('',#1957,.T.);
#478=FACE_BOUND('',#1958,.T.);
#479=FACE_BOUND('',#1959,.T.);
#480=FACE_BOUND('',#1960,.T.);
#481=FACE_BOUND('',#1961,.T.);
#482=FACE_BOUND('',#1962,.T.);
#483=FACE_BOUND('',#1963,.T.);
#484=FACE_BOUND('',#1964,.T.);
#485=FACE_BOUND('',#1965,.T.);
#486=FACE_BOUND('',#1966,.T.);
#487=FACE_BOUND('',#1967,.T.);
#488=FACE_BOUND('',#1968,.T.);
#489=FACE_BOUND('',#1969,.T.);
#490=FACE_BOUND('',#1970,.T.);
#491=FACE_BOUND('',#1983,.T.);
#492=FACE_BOUND('',#1984,.T.);
#493=FACE_BOUND('',#1985,.T.);
#494=FACE_BOUND('',#1986,.T.);
#495=FACE_BOUND('',#1987,.T.);
#496=FACE_BOUND('',#1988,.T.);
#497=FACE_BOUND('',#1989,.T.);
#498=FACE_BOUND('',#1990,.T.);
#499=FACE_BOUND('',#1991,.T.);
#500=FACE_BOUND('',#1992,.T.);
#501=FACE_BOUND('',#1993,.T.);
#502=FACE_BOUND('',#1994,.T.);
#503=FACE_BOUND('',#1995,.T.);
#504=FACE_BOUND('',#1996,.T.);
#505=FACE_BOUND('',#1997,.T.);
#506=FACE_BOUND('',#2008,.T.);
#507=FACE_BOUND('',#2010,.T.);
#508=FACE_BOUND('',#2013,.T.);
#509=FACE_BOUND('',#2015,.T.);
#510=FACE_BOUND('',#2018,.T.);
#511=FACE_BOUND('',#2022,.T.);
#512=FACE_BOUND('',#2029,.T.);
#513=FACE_BOUND('',#2032,.T.);
#514=FACE_BOUND('',#2039,.T.);
#515=FACE_BOUND('',#2040,.T.);
#516=FACE_BOUND('',#2041,.T.);
#517=FACE_BOUND('',#2042,.T.);
#518=FACE_BOUND('',#2043,.T.);
#519=FACE_BOUND('',#2045,.T.);
#520=FACE_BOUND('',#2046,.T.);
#521=FACE_BOUND('',#2047,.T.);
#522=FACE_BOUND('',#2048,.T.);
#523=FACE_BOUND('',#2049,.T.);
#524=FACE_BOUND('',#2066,.T.);
#525=FACE_BOUND('',#2067,.T.);
#526=FACE_BOUND('',#2068,.T.);
#527=FACE_BOUND('',#2069,.T.);
#528=FACE_BOUND('',#2070,.T.);
#529=FACE_BOUND('',#2071,.T.);
#530=FACE_BOUND('',#2072,.T.);
#531=FACE_BOUND('',#2073,.T.);
#532=FACE_BOUND('',#2074,.T.);
#533=FACE_BOUND('',#2075,.T.);
#534=FACE_BOUND('',#2076,.T.);
#535=FACE_BOUND('',#2078,.T.);
#536=FACE_BOUND('',#2079,.T.);
#537=FACE_BOUND('',#2080,.T.);
#538=FACE_BOUND('',#2081,.T.);
#539=FACE_BOUND('',#2082,.T.);
#540=FACE_BOUND('',#2083,.T.);
#541=FACE_BOUND('',#2084,.T.);
#542=FACE_BOUND('',#2085,.T.);
#543=FACE_BOUND('',#2086,.T.);
#544=FACE_BOUND('',#2087,.T.);
#545=FACE_BOUND('',#2088,.T.);
#546=FACE_BOUND('',#2093,.T.);
#547=FACE_BOUND('',#2094,.T.);
#548=FACE_BOUND('',#2095,.T.);
#549=FACE_BOUND('',#2096,.T.);
#550=FACE_BOUND('',#2097,.T.);
#551=FACE_BOUND('',#2103,.T.);
#552=FACE_BOUND('',#2104,.T.);
#553=FACE_BOUND('',#2105,.T.);
#554=FACE_BOUND('',#2106,.T.);
#555=FACE_BOUND('',#2107,.T.);
#556=FACE_BOUND('',#2164,.T.);
#557=FACE_BOUND('',#2165,.T.);
#558=FACE_BOUND('',#2168,.T.);
#559=FACE_BOUND('',#2169,.T.);
#560=FACE_BOUND('',#2174,.T.);
#561=FACE_BOUND('',#2175,.T.);
#562=FACE_BOUND('',#2181,.T.);
#563=FACE_BOUND('',#2182,.T.);
#564=FACE_BOUND('',#2190,.T.);
#565=FACE_BOUND('',#2193,.T.);
#566=FACE_BOUND('',#2194,.T.);
#567=FACE_BOUND('',#2195,.T.);
#568=FACE_BOUND('',#2196,.T.);
#569=FACE_BOUND('',#2197,.T.);
#570=FACE_BOUND('',#2198,.T.);
#571=FACE_BOUND('',#2204,.T.);
#572=FACE_BOUND('',#2205,.T.);
#573=FACE_BOUND('',#2206,.T.);
#574=FACE_BOUND('',#2207,.T.);
#575=FACE_BOUND('',#2208,.T.);
#576=FACE_BOUND('',#2230,.T.);
#577=FACE_BOUND('',#2231,.T.);
#578=FACE_BOUND('',#2232,.T.);
#579=FACE_BOUND('',#2233,.T.);
#580=FACE_BOUND('',#2234,.T.);
#581=FACE_BOUND('',#2235,.T.);
#582=FACE_BOUND('',#2236,.T.);
#583=FACE_BOUND('',#2271,.T.);
#584=FACE_BOUND('',#2272,.T.);
#585=FACE_BOUND('',#2273,.T.);
#586=FACE_BOUND('',#2274,.T.);
#587=FACE_BOUND('',#2275,.T.);
#588=FACE_BOUND('',#2276,.T.);
#589=FACE_BOUND('',#2277,.T.);
#590=FACE_BOUND('',#2296,.T.);
#591=FACE_BOUND('',#2375,.T.);
#592=FACE_BOUND('',#2395,.T.);
#593=FACE_BOUND('',#2397,.T.);
#594=FACE_BOUND('',#2402,.T.);
#595=FACE_BOUND('',#2404,.T.);
#596=FACE_BOUND('',#2414,.T.);
#597=FACE_BOUND('',#2416,.T.);
#598=FACE_BOUND('',#2420,.T.);
#599=FACE_BOUND('',#2422,.T.);
#600=FACE_BOUND('',#2439,.T.);
#601=FACE_BOUND('',#2443,.T.);
#602=FACE_BOUND('',#2444,.T.);
#603=FACE_BOUND('',#2445,.T.);
#604=FACE_BOUND('',#2446,.T.);
#605=FACE_BOUND('',#2447,.T.);
#606=FACE_BOUND('',#2448,.T.);
#607=FACE_BOUND('',#2449,.T.);
#608=FACE_BOUND('',#2463,.T.);
#609=FACE_BOUND('',#2464,.T.);
#610=FACE_BOUND('',#2465,.T.);
#611=FACE_BOUND('',#2466,.T.);
#612=FACE_BOUND('',#2467,.T.);
#613=FACE_BOUND('',#2469,.T.);
#614=FACE_BOUND('',#2470,.T.);
#615=FACE_BOUND('',#2471,.T.);
#616=FACE_BOUND('',#2472,.T.);
#617=FACE_BOUND('',#2473,.T.);
#618=FACE_BOUND('',#2484,.T.);
#619=FACE_BOUND('',#2485,.T.);
#620=FACE_BOUND('',#2486,.T.);
#621=FACE_BOUND('',#2487,.T.);
#622=FACE_BOUND('',#2488,.T.);
#623=FACE_BOUND('',#2490,.T.);
#624=FACE_BOUND('',#2491,.T.);
#625=FACE_BOUND('',#2492,.T.);
#626=FACE_BOUND('',#2493,.T.);
#627=FACE_BOUND('',#2494,.T.);
#628=FACE_BOUND('',#2507,.T.);
#629=FACE_BOUND('',#2508,.T.);
#630=FACE_BOUND('',#2509,.T.);
#631=FACE_BOUND('',#2510,.T.);
#632=FACE_BOUND('',#2512,.T.);
#633=FACE_BOUND('',#2513,.T.);
#634=FACE_BOUND('',#2514,.T.);
#635=FACE_BOUND('',#2515,.T.);
#636=FACE_BOUND('',#2519,.T.);
#637=FACE_BOUND('',#2521,.T.);
#638=FACE_BOUND('',#2531,.T.);
#639=FACE_BOUND('',#2533,.T.);
#640=FACE_BOUND('',#2537,.T.);
#641=FACE_BOUND('',#2539,.T.);
#642=FACE_BOUND('',#2543,.T.);
#643=FACE_BOUND('',#2545,.T.);
#644=FACE_BOUND('',#2549,.T.);
#645=FACE_BOUND('',#2551,.T.);
#646=FACE_BOUND('',#2566,.T.);
#647=FACE_BOUND('',#2567,.T.);
#648=FACE_BOUND('',#2573,.T.);
#649=FACE_BOUND('',#2574,.T.);
#650=FACE_BOUND('',#2583,.T.);
#651=FACE_BOUND('',#2584,.T.);
#652=FACE_BOUND('',#2590,.T.);
#653=FACE_BOUND('',#2591,.T.);
#654=FACE_BOUND('',#2601,.T.);
#655=FACE_BOUND('',#2603,.T.);
#656=FACE_BOUND('',#2607,.T.);
#657=FACE_BOUND('',#2609,.T.);
#658=FACE_BOUND('',#2613,.T.);
#659=FACE_BOUND('',#2615,.T.);
#660=FACE_BOUND('',#2619,.T.);
#661=FACE_BOUND('',#2621,.T.);
#662=FACE_BOUND('',#2625,.T.);
#663=FACE_BOUND('',#2627,.T.);
#664=FACE_BOUND('',#2631,.T.);
#665=FACE_BOUND('',#2633,.T.);
#666=FACE_BOUND('',#2637,.T.);
#667=FACE_BOUND('',#2639,.T.);
#668=FACE_BOUND('',#2677,.T.);
#669=FACE_BOUND('',#2679,.T.);
#670=FACE_BOUND('',#2684,.T.);
#671=FACE_BOUND('',#2725,.T.);
#672=FACE_BOUND('',#2731,.T.);
#673=FACE_BOUND('',#2737,.T.);
#674=FACE_BOUND('',#2738,.T.);
#675=FACE_BOUND('',#2740,.T.);
#676=FACE_BOUND('',#2741,.T.);
#677=FACE_BOUND('',#2760,.T.);
#678=FACE_BOUND('',#2762,.T.);
#679=FACE_BOUND('',#2766,.T.);
#680=FACE_BOUND('',#2768,.T.);
#681=FACE_BOUND('',#2772,.T.);
#682=FACE_BOUND('',#2774,.T.);
#683=FACE_BOUND('',#2778,.T.);
#684=FACE_BOUND('',#2780,.T.);
#685=FACE_BOUND('',#2784,.T.);
#686=FACE_BOUND('',#2786,.T.);
#687=FACE_BOUND('',#2790,.T.);
#688=FACE_BOUND('',#2792,.T.);
#689=PLANE('',#13556);
#690=PLANE('',#13557);
#691=PLANE('',#13559);
#692=PLANE('',#13560);
#693=PLANE('',#13562);
#694=PLANE('',#13563);
#695=PLANE('',#13592);
#696=PLANE('',#13597);
#697=PLANE('',#13600);
#698=PLANE('',#13607);
#699=PLANE('',#13608);
#700=PLANE('',#13655);
#701=PLANE('',#13656);
#702=PLANE('',#13657);
#703=PLANE('',#13658);
#704=PLANE('',#13659);
#705=PLANE('',#13660);
#706=PLANE('',#13661);
#707=PLANE('',#13662);
#708=PLANE('',#13663);
#709=PLANE('',#13664);
#710=PLANE('',#13665);
#711=PLANE('',#13666);
#712=PLANE('',#13667);
#713=PLANE('',#13677);
#714=PLANE('',#13689);
#715=PLANE('',#13690);
#716=PLANE('',#13691);
#717=PLANE('',#13692);
#718=PLANE('',#13693);
#719=PLANE('',#13694);
#720=PLANE('',#13695);
#721=PLANE('',#13698);
#722=PLANE('',#13705);
#723=PLANE('',#13706);
#724=PLANE('',#13707);
#725=PLANE('',#13709);
#726=PLANE('',#13710);
#727=PLANE('',#13711);
#728=PLANE('',#13716);
#729=PLANE('',#13718);
#730=PLANE('',#13722);
#731=PLANE('',#13725);
#732=PLANE('',#13732);
#733=PLANE('',#13733);
#734=PLANE('',#13750);
#735=PLANE('',#13755);
#736=PLANE('',#13758);
#737=PLANE('',#13759);
#738=PLANE('',#13760);
#739=PLANE('',#13761);
#740=PLANE('',#13762);
#741=PLANE('',#13763);
#742=PLANE('',#13798);
#743=PLANE('',#13799);
#744=PLANE('',#13800);
#745=PLANE('',#13801);
#746=PLANE('',#13802);
#747=PLANE('',#13803);
#748=PLANE('',#13814);
#749=PLANE('',#13840);
#750=PLANE('',#13859);
#751=PLANE('',#13860);
#752=PLANE('',#13861);
#753=PLANE('',#13862);
#754=PLANE('',#13863);
#755=PLANE('',#13864);
#756=PLANE('',#13865);
#757=PLANE('',#13866);
#758=PLANE('',#13867);
#759=PLANE('',#13868);
#760=PLANE('',#13869);
#761=PLANE('',#13870);
#762=PLANE('',#13871);
#763=PLANE('',#13878);
#764=PLANE('',#13879);
#765=PLANE('',#13880);
#766=PLANE('',#13881);
#767=PLANE('',#13882);
#768=PLANE('',#13883);
#769=PLANE('',#13884);
#770=PLANE('',#13888);
#771=PLANE('',#13889);
#772=PLANE('',#13890);
#773=PLANE('',#13891);
#774=PLANE('',#13892);
#775=PLANE('',#13893);
#776=PLANE('',#13895);
#777=PLANE('',#13896);
#778=PLANE('',#13897);
#779=PLANE('',#13898);
#780=PLANE('',#13899);
#781=PLANE('',#13900);
#782=PLANE('',#13905);
#783=PLANE('',#13909);
#784=PLANE('',#13916);
#785=PLANE('',#13923);
#786=PLANE('',#13924);
#787=PLANE('',#13925);
#788=PLANE('',#13926);
#789=PLANE('',#13927);
#790=PLANE('',#13928);
#791=PLANE('',#13929);
#792=PLANE('',#13930);
#793=PLANE('',#13931);
#794=PLANE('',#13932);
#795=PLANE('',#13933);
#796=PLANE('',#13934);
#797=PLANE('',#13935);
#798=PLANE('',#13952);
#799=PLANE('',#13953);
#800=PLANE('',#13954);
#801=PLANE('',#13955);
#802=PLANE('',#13958);
#803=PLANE('',#13959);
#804=PLANE('',#13964);
#805=PLANE('',#13966);
#806=PLANE('',#13967);
#807=PLANE('',#13968);
#808=PLANE('',#13969);
#809=PLANE('',#13970);
#810=PLANE('',#13971);
#811=PLANE('',#13993);
#812=PLANE('',#13994);
#813=PLANE('',#13995);
#814=PLANE('',#13996);
#815=PLANE('',#13997);
#816=PLANE('',#13998);
#817=PLANE('',#13999);
#818=PLANE('',#14000);
#819=PLANE('',#14001);
#820=PLANE('',#14002);
#821=PLANE('',#14003);
#822=PLANE('',#14004);
#823=PLANE('',#14005);
#824=PLANE('',#14006);
#825=PLANE('',#14007);
#826=PLANE('',#14008);
#827=PLANE('',#14009);
#828=PLANE('',#14010);
#829=PLANE('',#14011);
#830=PLANE('',#14012);
#831=PLANE('',#14013);
#832=PLANE('',#14014);
#833=PLANE('',#14015);
#834=PLANE('',#14016);
#835=PLANE('',#14017);
#836=PLANE('',#14018);
#837=PLANE('',#14019);
#838=PLANE('',#14020);
#839=PLANE('',#14021);
#840=PLANE('',#14022);
#841=PLANE('',#14023);
#842=PLANE('',#14024);
#843=PLANE('',#14025);
#844=PLANE('',#14026);
#845=PLANE('',#14027);
#846=PLANE('',#14028);
#847=PLANE('',#14029);
#848=PLANE('',#14030);
#849=PLANE('',#14031);
#850=PLANE('',#14032);
#851=PLANE('',#14033);
#852=PLANE('',#14034);
#853=PLANE('',#14035);
#854=PLANE('',#14036);
#855=PLANE('',#14037);
#856=PLANE('',#14038);
#857=PLANE('',#14040);
#858=PLANE('',#14041);
#859=PLANE('',#14042);
#860=PLANE('',#14043);
#861=PLANE('',#14044);
#862=PLANE('',#14045);
#863=PLANE('',#14072);
#864=PLANE('',#14073);
#865=PLANE('',#14074);
#866=PLANE('',#14075);
#867=PLANE('',#14076);
#868=PLANE('',#14077);
#869=PLANE('',#14091);
#870=PLANE('',#14104);
#871=PLANE('',#14105);
#872=PLANE('',#14109);
#873=PLANE('',#14110);
#874=PLANE('',#14111);
#875=PLANE('',#14112);
#876=PLANE('',#14113);
#877=PLANE('',#14114);
#878=PLANE('',#14117);
#879=PLANE('',#14118);
#880=PLANE('',#14120);
#881=PLANE('',#14121);
#882=PLANE('',#14122);
#883=PLANE('',#14123);
#884=PLANE('',#14124);
#885=PLANE('',#14125);
#886=PLANE('',#14126);
#887=PLANE('',#14127);
#888=PLANE('',#14128);
#889=PLANE('',#14132);
#890=PLANE('',#14133);
#891=PLANE('',#14134);
#892=PLANE('',#14135);
#893=PLANE('',#14136);
#894=PLANE('',#14137);
#895=PLANE('',#14139);
#896=PLANE('',#14140);
#897=PLANE('',#14141);
#898=PLANE('',#14142);
#899=PLANE('',#14143);
#900=PLANE('',#14144);
#901=PLANE('',#14145);
#902=PLANE('',#14146);
#903=PLANE('',#14147);
#904=PLANE('',#14148);
#905=PLANE('',#14149);
#906=PLANE('',#14150);
#907=PLANE('',#14151);
#908=PLANE('',#14152);
#909=PLANE('',#14158);
#910=PLANE('',#14159);
#911=PLANE('',#14160);
#912=PLANE('',#14161);
#913=PLANE('',#14162);
#914=PLANE('',#14163);
#915=PLANE('',#14164);
#916=PLANE('',#14165);
#917=PLANE('',#14166);
#918=PLANE('',#14167);
#919=PLANE('',#14168);
#920=PLANE('',#14169);
#921=PLANE('',#14170);
#922=PLANE('',#14171);
#923=PLANE('',#14172);
#924=PLANE('',#14173);
#925=PLANE('',#14174);
#926=PLANE('',#14177);
#927=PLANE('',#14178);
#928=PLANE('',#14179);
#929=PLANE('',#14180);
#930=PLANE('',#14181);
#931=PLANE('',#14182);
#932=PLANE('',#14183);
#933=PLANE('',#14184);
#934=PLANE('',#14186);
#935=PLANE('',#14187);
#936=PLANE('',#14188);
#937=PLANE('',#14189);
#938=PLANE('',#14190);
#939=PLANE('',#14191);
#940=PLANE('',#14192);
#941=PLANE('',#14193);
#942=PLANE('',#14194);
#943=PLANE('',#14195);
#944=PLANE('',#14196);
#945=PLANE('',#14197);
#946=PLANE('',#14198);
#947=PLANE('',#14199);
#948=PLANE('',#14200);
#949=PLANE('',#14201);
#950=PLANE('',#14202);
#951=PLANE('',#14203);
#952=PLANE('',#14208);
#953=PLANE('',#14210);
#954=PLANE('',#14219);
#955=PLANE('',#14220);
#956=PLANE('',#14222);
#957=PLANE('',#14223);
#958=PLANE('',#14224);
#959=PLANE('',#14231);
#960=PLANE('',#14239);
#961=PLANE('',#14240);
#962=PLANE('',#14248);
#963=PLANE('',#14249);
#964=PLANE('',#14254);
#965=PLANE('',#14258);
#966=PLANE('',#14262);
#967=PLANE('',#14266);
#968=PLANE('',#14270);
#969=PLANE('',#14274);
#970=PLANE('',#14278);
#971=PLANE('',#14282);
#972=PLANE('',#14286);
#973=PLANE('',#14287);
#974=PLANE('',#14292);
#975=PLANE('',#14293);
#976=PLANE('',#14310);
#977=PLANE('',#14311);
#978=PLANE('',#14312);
#979=PLANE('',#14313);
#980=PLANE('',#14314);
#981=PLANE('',#14315);
#982=PLANE('',#14332);
#983=PLANE('',#14333);
#984=PLANE('',#14334);
#985=PLANE('',#14335);
#986=PLANE('',#14336);
#987=PLANE('',#14337);
#988=PLANE('',#14342);
#989=PLANE('',#14343);
#990=PLANE('',#14357);
#991=PLANE('',#14358);
#992=PLANE('',#14359);
#993=PLANE('',#14360);
#994=PLANE('',#14361);
#995=PLANE('',#14362);
#996=PLANE('',#14370);
#997=PLANE('',#14371);
#998=PLANE('',#14373);
#999=PLANE('',#14374);
#1000=PLANE('',#14375);
#1001=PLANE('',#14382);
#1002=PLANE('',#14390);
#1003=PLANE('',#14391);
#1004=PLANE('',#14399);
#1005=PLANE('',#14400);
#1006=PLANE('',#14408);
#1007=PLANE('',#14409);
#1008=PLANE('',#14417);
#1009=PLANE('',#14418);
#1010=PLANE('',#14423);
#1011=PLANE('',#14424);
#1012=PLANE('',#14429);
#1013=PLANE('',#14430);
#1014=PLANE('',#14438);
#1015=PLANE('',#14439);
#1016=PLANE('',#14440);
#1017=PLANE('',#14441);
#1018=PLANE('',#14442);
#1019=PLANE('',#14443);
#1020=PLANE('',#14444);
#1021=PLANE('',#14445);
#1022=PLANE('',#14446);
#1023=PLANE('',#14447);
#1024=PLANE('',#14448);
#1025=PLANE('',#14456);
#1026=PLANE('',#14457);
#1027=PLANE('',#14458);
#1028=PLANE('',#14459);
#1029=PLANE('',#14460);
#1030=PLANE('',#14461);
#1031=PLANE('',#14462);
#1032=PLANE('',#14463);
#1033=PLANE('',#14464);
#1034=PLANE('',#14465);
#1035=PLANE('',#14466);
#1036=PLANE('',#14468);
#1037=PLANE('',#14469);
#1038=PLANE('',#14470);
#1039=PLANE('',#14471);
#1040=PLANE('',#14472);
#1041=PLANE('',#14473);
#1042=PLANE('',#14481);
#1043=PLANE('',#14482);
#1044=PLANE('',#14490);
#1045=PLANE('',#14491);
#1046=PLANE('',#14499);
#1047=PLANE('',#14500);
#1048=PLANE('',#14508);
#1049=PLANE('',#14509);
#1050=PLANE('',#14517);
#1051=PLANE('',#14518);
#1052=PLANE('',#14526);
#1053=PLANE('',#14527);
#1054=PLANE('',#14535);
#1055=PLANE('',#14536);
#1056=PLANE('',#14538);
#1057=PLANE('',#14539);
#1058=PLANE('',#14540);
#1059=PLANE('',#14541);
#1060=PLANE('',#14542);
#1061=PLANE('',#14543);
#1062=PLANE('',#14544);
#1063=PLANE('',#14545);
#1064=PLANE('',#14546);
#1065=PLANE('',#14547);
#1066=PLANE('',#14548);
#1067=PLANE('',#14549);
#1068=PLANE('',#14550);
#1069=PLANE('',#14551);
#1070=PLANE('',#14552);
#1071=PLANE('',#14553);
#1072=PLANE('',#14554);
#1073=PLANE('',#14555);
#1074=PLANE('',#14556);
#1075=PLANE('',#14557);
#1076=PLANE('',#14558);
#1077=PLANE('',#14559);
#1078=PLANE('',#14560);
#1079=PLANE('',#14561);
#1080=PLANE('',#14562);
#1081=PLANE('',#14563);
#1082=PLANE('',#14564);
#1083=PLANE('',#14565);
#1084=PLANE('',#14566);
#1085=PLANE('',#14567);
#1086=PLANE('',#14568);
#1087=PLANE('',#14569);
#1088=PLANE('',#14574);
#1089=PLANE('',#14575);
#1090=PLANE('',#14576);
#1091=PLANE('',#14577);
#1092=PLANE('',#14578);
#1093=PLANE('',#14579);
#1094=PLANE('',#14580);
#1095=PLANE('',#14581);
#1096=PLANE('',#14582);
#1097=PLANE('',#14583);
#1098=PLANE('',#14584);
#1099=PLANE('',#14592);
#1100=PLANE('',#14593);
#1101=PLANE('',#14594);
#1102=PLANE('',#14595);
#1103=PLANE('',#14596);
#1104=PLANE('',#14597);
#1105=PLANE('',#14598);
#1106=PLANE('',#14600);
#1107=PLANE('',#14601);
#1108=PLANE('',#14602);
#1109=PLANE('',#14603);
#1110=PLANE('',#14604);
#1111=PLANE('',#14605);
#1112=PLANE('',#14606);
#1113=PLANE('',#14607);
#1114=PLANE('',#14608);
#1115=PLANE('',#14609);
#1116=PLANE('',#14613);
#1117=PLANE('',#14614);
#1118=PLANE('',#14615);
#1119=PLANE('',#14616);
#1120=PLANE('',#14617);
#1121=PLANE('',#14618);
#1122=PLANE('',#14619);
#1123=PLANE('',#14621);
#1124=PLANE('',#14622);
#1125=PLANE('',#14623);
#1126=PLANE('',#14633);
#1127=PLANE('',#14634);
#1128=PLANE('',#14635);
#1129=PLANE('',#14636);
#1130=PLANE('',#14637);
#1131=PLANE('',#14638);
#1132=PLANE('',#14639);
#1133=PLANE('',#14640);
#1134=PLANE('',#14641);
#1135=PLANE('',#14642);
#1136=PLANE('',#14643);
#1137=PLANE('',#14644);
#1138=PLANE('',#14645);
#1139=PLANE('',#14646);
#1140=PLANE('',#14647);
#1141=PLANE('',#14648);
#1142=PLANE('',#14650);
#1143=PLANE('',#14651);
#1144=PLANE('',#14652);
#1145=PLANE('',#14653);
#1146=PLANE('',#14654);
#1147=PLANE('',#14655);
#1148=PLANE('',#14656);
#1149=PLANE('',#14657);
#1150=PLANE('',#14658);
#1151=PLANE('',#14659);
#1152=PLANE('',#14660);
#1153=PLANE('',#14661);
#1154=PLANE('',#14662);
#1155=PLANE('',#14663);
#1156=PLANE('',#14664);
#1157=PLANE('',#14672);
#1158=PLANE('',#14673);
#1159=PLANE('',#14681);
#1160=PLANE('',#14682);
#1161=PLANE('',#14690);
#1162=PLANE('',#14691);
#1163=PLANE('',#14699);
#1164=PLANE('',#14700);
#1165=PLANE('',#14708);
#1166=PLANE('',#14709);
#1167=PLANE('',#14717);
#1168=PLANE('',#14718);
#1169=FACE_OUTER_BOUND('',#1857,.T.);
#1170=FACE_OUTER_BOUND('',#1858,.T.);
#1171=FACE_OUTER_BOUND('',#1859,.T.);
#1172=FACE_OUTER_BOUND('',#1860,.T.);
#1173=FACE_OUTER_BOUND('',#1861,.T.);
#1174=FACE_OUTER_BOUND('',#1862,.T.);
#1175=FACE_OUTER_BOUND('',#1863,.T.);
#1176=FACE_OUTER_BOUND('',#1864,.T.);
#1177=FACE_OUTER_BOUND('',#1865,.T.);
#1178=FACE_OUTER_BOUND('',#1873,.T.);
#1179=FACE_OUTER_BOUND('',#1881,.T.);
#1180=FACE_OUTER_BOUND('',#1882,.T.);
#1181=FACE_OUTER_BOUND('',#1883,.T.);
#1182=FACE_OUTER_BOUND('',#1884,.T.);
#1183=FACE_OUTER_BOUND('',#1885,.T.);
#1184=FACE_OUTER_BOUND('',#1886,.T.);
#1185=FACE_OUTER_BOUND('',#1887,.T.);
#1186=FACE_OUTER_BOUND('',#1888,.T.);
#1187=FACE_OUTER_BOUND('',#1889,.T.);
#1188=FACE_OUTER_BOUND('',#1890,.T.);
#1189=FACE_OUTER_BOUND('',#1891,.T.);
#1190=FACE_OUTER_BOUND('',#1892,.T.);
#1191=FACE_OUTER_BOUND('',#1893,.T.);
#1192=FACE_OUTER_BOUND('',#1894,.T.);
#1193=FACE_OUTER_BOUND('',#1900,.T.);
#1194=FACE_OUTER_BOUND('',#1901,.T.);
#1195=FACE_OUTER_BOUND('',#1907,.T.);
#1196=FACE_OUTER_BOUND('',#1913,.T.);
#1197=FACE_OUTER_BOUND('',#1914,.T.);
#1198=FACE_OUTER_BOUND('',#1915,.T.);
#1199=FACE_OUTER_BOUND('',#1916,.T.);
#1200=FACE_OUTER_BOUND('',#1918,.T.);
#1201=FACE_OUTER_BOUND('',#1924,.T.);
#1202=FACE_OUTER_BOUND('',#1925,.T.);
#1203=FACE_OUTER_BOUND('',#1926,.T.);
#1204=FACE_OUTER_BOUND('',#1927,.T.);
#1205=FACE_OUTER_BOUND('',#1928,.T.);
#1206=FACE_OUTER_BOUND('',#1929,.T.);
#1207=FACE_OUTER_BOUND('',#1930,.T.);
#1208=FACE_OUTER_BOUND('',#1931,.T.);
#1209=FACE_OUTER_BOUND('',#1932,.T.);
#1210=FACE_OUTER_BOUND('',#1933,.T.);
#1211=FACE_OUTER_BOUND('',#1934,.T.);
#1212=FACE_OUTER_BOUND('',#1935,.T.);
#1213=FACE_OUTER_BOUND('',#1936,.T.);
#1214=FACE_OUTER_BOUND('',#1937,.T.);
#1215=FACE_OUTER_BOUND('',#1938,.T.);
#1216=FACE_OUTER_BOUND('',#1939,.T.);
#1217=FACE_OUTER_BOUND('',#1940,.T.);
#1218=FACE_OUTER_BOUND('',#1941,.T.);
#1219=FACE_OUTER_BOUND('',#1942,.T.);
#1220=FACE_OUTER_BOUND('',#1943,.T.);
#1221=FACE_OUTER_BOUND('',#1944,.T.);
#1222=FACE_OUTER_BOUND('',#1945,.T.);
#1223=FACE_OUTER_BOUND('',#1946,.T.);
#1224=FACE_OUTER_BOUND('',#1947,.T.);
#1225=FACE_OUTER_BOUND('',#1948,.T.);
#1226=FACE_OUTER_BOUND('',#1949,.T.);
#1227=FACE_OUTER_BOUND('',#1950,.T.);
#1228=FACE_OUTER_BOUND('',#1951,.T.);
#1229=FACE_OUTER_BOUND('',#1952,.T.);
#1230=FACE_OUTER_BOUND('',#1953,.T.);
#1231=FACE_OUTER_BOUND('',#1954,.T.);
#1232=FACE_OUTER_BOUND('',#1955,.T.);
#1233=FACE_OUTER_BOUND('',#1971,.T.);
#1234=FACE_OUTER_BOUND('',#1972,.T.);
#1235=FACE_OUTER_BOUND('',#1973,.T.);
#1236=FACE_OUTER_BOUND('',#1974,.T.);
#1237=FACE_OUTER_BOUND('',#1975,.T.);
#1238=FACE_OUTER_BOUND('',#1976,.T.);
#1239=FACE_OUTER_BOUND('',#1977,.T.);
#1240=FACE_OUTER_BOUND('',#1978,.T.);
#1241=FACE_OUTER_BOUND('',#1979,.T.);
#1242=FACE_OUTER_BOUND('',#1980,.T.);
#1243=FACE_OUTER_BOUND('',#1981,.T.);
#1244=FACE_OUTER_BOUND('',#1982,.T.);
#1245=FACE_OUTER_BOUND('',#1998,.T.);
#1246=FACE_OUTER_BOUND('',#1999,.T.);
#1247=FACE_OUTER_BOUND('',#2000,.T.);
#1248=FACE_OUTER_BOUND('',#2001,.T.);
#1249=FACE_OUTER_BOUND('',#2002,.T.);
#1250=FACE_OUTER_BOUND('',#2003,.T.);
#1251=FACE_OUTER_BOUND('',#2004,.T.);
#1252=FACE_OUTER_BOUND('',#2005,.T.);
#1253=FACE_OUTER_BOUND('',#2006,.T.);
#1254=FACE_OUTER_BOUND('',#2007,.T.);
#1255=FACE_OUTER_BOUND('',#2009,.T.);
#1256=FACE_OUTER_BOUND('',#2011,.T.);
#1257=FACE_OUTER_BOUND('',#2012,.T.);
#1258=FACE_OUTER_BOUND('',#2014,.T.);
#1259=FACE_OUTER_BOUND('',#2016,.T.);
#1260=FACE_OUTER_BOUND('',#2017,.T.);
#1261=FACE_OUTER_BOUND('',#2019,.T.);
#1262=FACE_OUTER_BOUND('',#2020,.T.);
#1263=FACE_OUTER_BOUND('',#2021,.T.);
#1264=FACE_OUTER_BOUND('',#2023,.T.);
#1265=FACE_OUTER_BOUND('',#2024,.T.);
#1266=FACE_OUTER_BOUND('',#2025,.T.);
#1267=FACE_OUTER_BOUND('',#2026,.T.);
#1268=FACE_OUTER_BOUND('',#2027,.T.);
#1269=FACE_OUTER_BOUND('',#2028,.T.);
#1270=FACE_OUTER_BOUND('',#2030,.T.);
#1271=FACE_OUTER_BOUND('',#2031,.T.);
#1272=FACE_OUTER_BOUND('',#2033,.T.);
#1273=FACE_OUTER_BOUND('',#2034,.T.);
#1274=FACE_OUTER_BOUND('',#2035,.T.);
#1275=FACE_OUTER_BOUND('',#2036,.T.);
#1276=FACE_OUTER_BOUND('',#2037,.T.);
#1277=FACE_OUTER_BOUND('',#2038,.T.);
#1278=FACE_OUTER_BOUND('',#2044,.T.);
#1279=FACE_OUTER_BOUND('',#2050,.T.);
#1280=FACE_OUTER_BOUND('',#2051,.T.);
#1281=FACE_OUTER_BOUND('',#2052,.T.);
#1282=FACE_OUTER_BOUND('',#2053,.T.);
#1283=FACE_OUTER_BOUND('',#2054,.T.);
#1284=FACE_OUTER_BOUND('',#2055,.T.);
#1285=FACE_OUTER_BOUND('',#2056,.T.);
#1286=FACE_OUTER_BOUND('',#2057,.T.);
#1287=FACE_OUTER_BOUND('',#2058,.T.);
#1288=FACE_OUTER_BOUND('',#2059,.T.);
#1289=FACE_OUTER_BOUND('',#2060,.T.);
#1290=FACE_OUTER_BOUND('',#2061,.T.);
#1291=FACE_OUTER_BOUND('',#2062,.T.);
#1292=FACE_OUTER_BOUND('',#2063,.T.);
#1293=FACE_OUTER_BOUND('',#2064,.T.);
#1294=FACE_OUTER_BOUND('',#2065,.T.);
#1295=FACE_OUTER_BOUND('',#2077,.T.);
#1296=FACE_OUTER_BOUND('',#2089,.T.);
#1297=FACE_OUTER_BOUND('',#2090,.T.);
#1298=FACE_OUTER_BOUND('',#2091,.T.);
#1299=FACE_OUTER_BOUND('',#2092,.T.);
#1300=FACE_OUTER_BOUND('',#2098,.T.);
#1301=FACE_OUTER_BOUND('',#2099,.T.);
#1302=FACE_OUTER_BOUND('',#2100,.T.);
#1303=FACE_OUTER_BOUND('',#2101,.T.);
#1304=FACE_OUTER_BOUND('',#2102,.T.);
#1305=FACE_OUTER_BOUND('',#2108,.T.);
#1306=FACE_OUTER_BOUND('',#2109,.T.);
#1307=FACE_OUTER_BOUND('',#2110,.T.);
#1308=FACE_OUTER_BOUND('',#2111,.T.);
#1309=FACE_OUTER_BOUND('',#2112,.T.);
#1310=FACE_OUTER_BOUND('',#2113,.T.);
#1311=FACE_OUTER_BOUND('',#2114,.T.);
#1312=FACE_OUTER_BOUND('',#2115,.T.);
#1313=FACE_OUTER_BOUND('',#2116,.T.);
#1314=FACE_OUTER_BOUND('',#2117,.T.);
#1315=FACE_OUTER_BOUND('',#2118,.T.);
#1316=FACE_OUTER_BOUND('',#2119,.T.);
#1317=FACE_OUTER_BOUND('',#2120,.T.);
#1318=FACE_OUTER_BOUND('',#2121,.T.);
#1319=FACE_OUTER_BOUND('',#2122,.T.);
#1320=FACE_OUTER_BOUND('',#2123,.T.);
#1321=FACE_OUTER_BOUND('',#2124,.T.);
#1322=FACE_OUTER_BOUND('',#2125,.T.);
#1323=FACE_OUTER_BOUND('',#2126,.T.);
#1324=FACE_OUTER_BOUND('',#2127,.T.);
#1325=FACE_OUTER_BOUND('',#2128,.T.);
#1326=FACE_OUTER_BOUND('',#2129,.T.);
#1327=FACE_OUTER_BOUND('',#2130,.T.);
#1328=FACE_OUTER_BOUND('',#2131,.T.);
#1329=FACE_OUTER_BOUND('',#2132,.T.);
#1330=FACE_OUTER_BOUND('',#2133,.T.);
#1331=FACE_OUTER_BOUND('',#2134,.T.);
#1332=FACE_OUTER_BOUND('',#2135,.T.);
#1333=FACE_OUTER_BOUND('',#2136,.T.);
#1334=FACE_OUTER_BOUND('',#2137,.T.);
#1335=FACE_OUTER_BOUND('',#2138,.T.);
#1336=FACE_OUTER_BOUND('',#2139,.T.);
#1337=FACE_OUTER_BOUND('',#2140,.T.);
#1338=FACE_OUTER_BOUND('',#2141,.T.);
#1339=FACE_OUTER_BOUND('',#2142,.T.);
#1340=FACE_OUTER_BOUND('',#2143,.T.);
#1341=FACE_OUTER_BOUND('',#2144,.T.);
#1342=FACE_OUTER_BOUND('',#2145,.T.);
#1343=FACE_OUTER_BOUND('',#2146,.T.);
#1344=FACE_OUTER_BOUND('',#2147,.T.);
#1345=FACE_OUTER_BOUND('',#2148,.T.);
#1346=FACE_OUTER_BOUND('',#2149,.T.);
#1347=FACE_OUTER_BOUND('',#2150,.T.);
#1348=FACE_OUTER_BOUND('',#2151,.T.);
#1349=FACE_OUTER_BOUND('',#2152,.T.);
#1350=FACE_OUTER_BOUND('',#2153,.T.);
#1351=FACE_OUTER_BOUND('',#2154,.T.);
#1352=FACE_OUTER_BOUND('',#2155,.T.);
#1353=FACE_OUTER_BOUND('',#2156,.T.);
#1354=FACE_OUTER_BOUND('',#2157,.T.);
#1355=FACE_OUTER_BOUND('',#2158,.T.);
#1356=FACE_OUTER_BOUND('',#2159,.T.);
#1357=FACE_OUTER_BOUND('',#2160,.T.);
#1358=FACE_OUTER_BOUND('',#2161,.T.);
#1359=FACE_OUTER_BOUND('',#2162,.T.);
#1360=FACE_OUTER_BOUND('',#2163,.T.);
#1361=FACE_OUTER_BOUND('',#2166,.T.);
#1362=FACE_OUTER_BOUND('',#2167,.T.);
#1363=FACE_OUTER_BOUND('',#2170,.T.);
#1364=FACE_OUTER_BOUND('',#2171,.T.);
#1365=FACE_OUTER_BOUND('',#2172,.T.);
#1366=FACE_OUTER_BOUND('',#2173,.T.);
#1367=FACE_OUTER_BOUND('',#2176,.T.);
#1368=FACE_OUTER_BOUND('',#2177,.T.);
#1369=FACE_OUTER_BOUND('',#2178,.T.);
#1370=FACE_OUTER_BOUND('',#2179,.T.);
#1371=FACE_OUTER_BOUND('',#2180,.T.);
#1372=FACE_OUTER_BOUND('',#2183,.T.);
#1373=FACE_OUTER_BOUND('',#2184,.T.);
#1374=FACE_OUTER_BOUND('',#2185,.T.);
#1375=FACE_OUTER_BOUND('',#2186,.T.);
#1376=FACE_OUTER_BOUND('',#2187,.T.);
#1377=FACE_OUTER_BOUND('',#2188,.T.);
#1378=FACE_OUTER_BOUND('',#2189,.T.);
#1379=FACE_OUTER_BOUND('',#2191,.T.);
#1380=FACE_OUTER_BOUND('',#2192,.T.);
#1381=FACE_OUTER_BOUND('',#2199,.T.);
#1382=FACE_OUTER_BOUND('',#2200,.T.);
#1383=FACE_OUTER_BOUND('',#2201,.T.);
#1384=FACE_OUTER_BOUND('',#2202,.T.);
#1385=FACE_OUTER_BOUND('',#2203,.T.);
#1386=FACE_OUTER_BOUND('',#2209,.T.);
#1387=FACE_OUTER_BOUND('',#2210,.T.);
#1388=FACE_OUTER_BOUND('',#2211,.T.);
#1389=FACE_OUTER_BOUND('',#2212,.T.);
#1390=FACE_OUTER_BOUND('',#2213,.T.);
#1391=FACE_OUTER_BOUND('',#2214,.T.);
#1392=FACE_OUTER_BOUND('',#2215,.T.);
#1393=FACE_OUTER_BOUND('',#2216,.T.);
#1394=FACE_OUTER_BOUND('',#2217,.T.);
#1395=FACE_OUTER_BOUND('',#2218,.T.);
#1396=FACE_OUTER_BOUND('',#2219,.T.);
#1397=FACE_OUTER_BOUND('',#2220,.T.);
#1398=FACE_OUTER_BOUND('',#2221,.T.);
#1399=FACE_OUTER_BOUND('',#2222,.T.);
#1400=FACE_OUTER_BOUND('',#2223,.T.);
#1401=FACE_OUTER_BOUND('',#2224,.T.);
#1402=FACE_OUTER_BOUND('',#2225,.T.);
#1403=FACE_OUTER_BOUND('',#2226,.T.);
#1404=FACE_OUTER_BOUND('',#2227,.T.);
#1405=FACE_OUTER_BOUND('',#2228,.T.);
#1406=FACE_OUTER_BOUND('',#2229,.T.);
#1407=FACE_OUTER_BOUND('',#2237,.T.);
#1408=FACE_OUTER_BOUND('',#2238,.T.);
#1409=FACE_OUTER_BOUND('',#2239,.T.);
#1410=FACE_OUTER_BOUND('',#2240,.T.);
#1411=FACE_OUTER_BOUND('',#2241,.T.);
#1412=FACE_OUTER_BOUND('',#2242,.T.);
#1413=FACE_OUTER_BOUND('',#2243,.T.);
#1414=FACE_OUTER_BOUND('',#2244,.T.);
#1415=FACE_OUTER_BOUND('',#2245,.T.);
#1416=FACE_OUTER_BOUND('',#2246,.T.);
#1417=FACE_OUTER_BOUND('',#2247,.T.);
#1418=FACE_OUTER_BOUND('',#2248,.T.);
#1419=FACE_OUTER_BOUND('',#2249,.T.);
#1420=FACE_OUTER_BOUND('',#2250,.T.);
#1421=FACE_OUTER_BOUND('',#2251,.T.);
#1422=FACE_OUTER_BOUND('',#2252,.T.);
#1423=FACE_OUTER_BOUND('',#2253,.T.);
#1424=FACE_OUTER_BOUND('',#2254,.T.);
#1425=FACE_OUTER_BOUND('',#2255,.T.);
#1426=FACE_OUTER_BOUND('',#2256,.T.);
#1427=FACE_OUTER_BOUND('',#2257,.T.);
#1428=FACE_OUTER_BOUND('',#2258,.T.);
#1429=FACE_OUTER_BOUND('',#2259,.T.);
#1430=FACE_OUTER_BOUND('',#2260,.T.);
#1431=FACE_OUTER_BOUND('',#2261,.T.);
#1432=FACE_OUTER_BOUND('',#2262,.T.);
#1433=FACE_OUTER_BOUND('',#2263,.T.);
#1434=FACE_OUTER_BOUND('',#2264,.T.);
#1435=FACE_OUTER_BOUND('',#2265,.T.);
#1436=FACE_OUTER_BOUND('',#2266,.T.);
#1437=FACE_OUTER_BOUND('',#2267,.T.);
#1438=FACE_OUTER_BOUND('',#2268,.T.);
#1439=FACE_OUTER_BOUND('',#2269,.T.);
#1440=FACE_OUTER_BOUND('',#2270,.T.);
#1441=FACE_OUTER_BOUND('',#2278,.T.);
#1442=FACE_OUTER_BOUND('',#2279,.T.);
#1443=FACE_OUTER_BOUND('',#2280,.T.);
#1444=FACE_OUTER_BOUND('',#2281,.T.);
#1445=FACE_OUTER_BOUND('',#2282,.T.);
#1446=FACE_OUTER_BOUND('',#2283,.T.);
#1447=FACE_OUTER_BOUND('',#2284,.T.);
#1448=FACE_OUTER_BOUND('',#2285,.T.);
#1449=FACE_OUTER_BOUND('',#2286,.T.);
#1450=FACE_OUTER_BOUND('',#2287,.T.);
#1451=FACE_OUTER_BOUND('',#2288,.T.);
#1452=FACE_OUTER_BOUND('',#2289,.T.);
#1453=FACE_OUTER_BOUND('',#2290,.T.);
#1454=FACE_OUTER_BOUND('',#2291,.T.);
#1455=FACE_OUTER_BOUND('',#2292,.T.);
#1456=FACE_OUTER_BOUND('',#2293,.T.);
#1457=FACE_OUTER_BOUND('',#2294,.T.);
#1458=FACE_OUTER_BOUND('',#2295,.T.);
#1459=FACE_OUTER_BOUND('',#2297,.T.);
#1460=FACE_OUTER_BOUND('',#2298,.T.);
#1461=FACE_OUTER_BOUND('',#2299,.T.);
#1462=FACE_OUTER_BOUND('',#2300,.T.);
#1463=FACE_OUTER_BOUND('',#2301,.T.);
#1464=FACE_OUTER_BOUND('',#2302,.T.);
#1465=FACE_OUTER_BOUND('',#2303,.T.);
#1466=FACE_OUTER_BOUND('',#2304,.T.);
#1467=FACE_OUTER_BOUND('',#2305,.T.);
#1468=FACE_OUTER_BOUND('',#2306,.T.);
#1469=FACE_OUTER_BOUND('',#2307,.T.);
#1470=FACE_OUTER_BOUND('',#2308,.T.);
#1471=FACE_OUTER_BOUND('',#2309,.T.);
#1472=FACE_OUTER_BOUND('',#2310,.T.);
#1473=FACE_OUTER_BOUND('',#2311,.T.);
#1474=FACE_OUTER_BOUND('',#2312,.T.);
#1475=FACE_OUTER_BOUND('',#2313,.T.);
#1476=FACE_OUTER_BOUND('',#2314,.T.);
#1477=FACE_OUTER_BOUND('',#2315,.T.);
#1478=FACE_OUTER_BOUND('',#2316,.T.);
#1479=FACE_OUTER_BOUND('',#2317,.T.);
#1480=FACE_OUTER_BOUND('',#2318,.T.);
#1481=FACE_OUTER_BOUND('',#2319,.T.);
#1482=FACE_OUTER_BOUND('',#2320,.T.);
#1483=FACE_OUTER_BOUND('',#2321,.T.);
#1484=FACE_OUTER_BOUND('',#2322,.T.);
#1485=FACE_OUTER_BOUND('',#2323,.T.);
#1486=FACE_OUTER_BOUND('',#2324,.T.);
#1487=FACE_OUTER_BOUND('',#2325,.T.);
#1488=FACE_OUTER_BOUND('',#2326,.T.);
#1489=FACE_OUTER_BOUND('',#2327,.T.);
#1490=FACE_OUTER_BOUND('',#2328,.T.);
#1491=FACE_OUTER_BOUND('',#2329,.T.);
#1492=FACE_OUTER_BOUND('',#2330,.T.);
#1493=FACE_OUTER_BOUND('',#2331,.T.);
#1494=FACE_OUTER_BOUND('',#2332,.T.);
#1495=FACE_OUTER_BOUND('',#2333,.T.);
#1496=FACE_OUTER_BOUND('',#2334,.T.);
#1497=FACE_OUTER_BOUND('',#2335,.T.);
#1498=FACE_OUTER_BOUND('',#2336,.T.);
#1499=FACE_OUTER_BOUND('',#2337,.T.);
#1500=FACE_OUTER_BOUND('',#2338,.T.);
#1501=FACE_OUTER_BOUND('',#2339,.T.);
#1502=FACE_OUTER_BOUND('',#2340,.T.);
#1503=FACE_OUTER_BOUND('',#2341,.T.);
#1504=FACE_OUTER_BOUND('',#2342,.T.);
#1505=FACE_OUTER_BOUND('',#2343,.T.);
#1506=FACE_OUTER_BOUND('',#2344,.T.);
#1507=FACE_OUTER_BOUND('',#2345,.T.);
#1508=FACE_OUTER_BOUND('',#2346,.T.);
#1509=FACE_OUTER_BOUND('',#2347,.T.);
#1510=FACE_OUTER_BOUND('',#2348,.T.);
#1511=FACE_OUTER_BOUND('',#2349,.T.);
#1512=FACE_OUTER_BOUND('',#2350,.T.);
#1513=FACE_OUTER_BOUND('',#2351,.T.);
#1514=FACE_OUTER_BOUND('',#2352,.T.);
#1515=FACE_OUTER_BOUND('',#2353,.T.);
#1516=FACE_OUTER_BOUND('',#2354,.T.);
#1517=FACE_OUTER_BOUND('',#2355,.T.);
#1518=FACE_OUTER_BOUND('',#2356,.T.);
#1519=FACE_OUTER_BOUND('',#2357,.T.);
#1520=FACE_OUTER_BOUND('',#2358,.T.);
#1521=FACE_OUTER_BOUND('',#2359,.T.);
#1522=FACE_OUTER_BOUND('',#2360,.T.);
#1523=FACE_OUTER_BOUND('',#2361,.T.);
#1524=FACE_OUTER_BOUND('',#2362,.T.);
#1525=FACE_OUTER_BOUND('',#2363,.T.);
#1526=FACE_OUTER_BOUND('',#2364,.T.);
#1527=FACE_OUTER_BOUND('',#2365,.T.);
#1528=FACE_OUTER_BOUND('',#2366,.T.);
#1529=FACE_OUTER_BOUND('',#2367,.T.);
#1530=FACE_OUTER_BOUND('',#2368,.T.);
#1531=FACE_OUTER_BOUND('',#2369,.T.);
#1532=FACE_OUTER_BOUND('',#2370,.T.);
#1533=FACE_OUTER_BOUND('',#2371,.T.);
#1534=FACE_OUTER_BOUND('',#2372,.T.);
#1535=FACE_OUTER_BOUND('',#2373,.T.);
#1536=FACE_OUTER_BOUND('',#2374,.T.);
#1537=FACE_OUTER_BOUND('',#2376,.T.);
#1538=FACE_OUTER_BOUND('',#2377,.T.);
#1539=FACE_OUTER_BOUND('',#2378,.T.);
#1540=FACE_OUTER_BOUND('',#2379,.T.);
#1541=FACE_OUTER_BOUND('',#2380,.T.);
#1542=FACE_OUTER_BOUND('',#2381,.T.);
#1543=FACE_OUTER_BOUND('',#2382,.T.);
#1544=FACE_OUTER_BOUND('',#2383,.T.);
#1545=FACE_OUTER_BOUND('',#2384,.T.);
#1546=FACE_OUTER_BOUND('',#2385,.T.);
#1547=FACE_OUTER_BOUND('',#2386,.T.);
#1548=FACE_OUTER_BOUND('',#2387,.T.);
#1549=FACE_OUTER_BOUND('',#2388,.T.);
#1550=FACE_OUTER_BOUND('',#2389,.T.);
#1551=FACE_OUTER_BOUND('',#2390,.T.);
#1552=FACE_OUTER_BOUND('',#2391,.T.);
#1553=FACE_OUTER_BOUND('',#2392,.T.);
#1554=FACE_OUTER_BOUND('',#2393,.T.);
#1555=FACE_OUTER_BOUND('',#2394,.T.);
#1556=FACE_OUTER_BOUND('',#2396,.T.);
#1557=FACE_OUTER_BOUND('',#2398,.T.);
#1558=FACE_OUTER_BOUND('',#2399,.T.);
#1559=FACE_OUTER_BOUND('',#2400,.T.);
#1560=FACE_OUTER_BOUND('',#2401,.T.);
#1561=FACE_OUTER_BOUND('',#2403,.T.);
#1562=FACE_OUTER_BOUND('',#2405,.T.);
#1563=FACE_OUTER_BOUND('',#2406,.T.);
#1564=FACE_OUTER_BOUND('',#2407,.T.);
#1565=FACE_OUTER_BOUND('',#2408,.T.);
#1566=FACE_OUTER_BOUND('',#2409,.T.);
#1567=FACE_OUTER_BOUND('',#2410,.T.);
#1568=FACE_OUTER_BOUND('',#2411,.T.);
#1569=FACE_OUTER_BOUND('',#2412,.T.);
#1570=FACE_OUTER_BOUND('',#2413,.T.);
#1571=FACE_OUTER_BOUND('',#2415,.T.);
#1572=FACE_OUTER_BOUND('',#2417,.T.);
#1573=FACE_OUTER_BOUND('',#2418,.T.);
#1574=FACE_OUTER_BOUND('',#2419,.T.);
#1575=FACE_OUTER_BOUND('',#2421,.T.);
#1576=FACE_OUTER_BOUND('',#2423,.T.);
#1577=FACE_OUTER_BOUND('',#2424,.T.);
#1578=FACE_OUTER_BOUND('',#2425,.T.);
#1579=FACE_OUTER_BOUND('',#2426,.T.);
#1580=FACE_OUTER_BOUND('',#2427,.T.);
#1581=FACE_OUTER_BOUND('',#2428,.T.);
#1582=FACE_OUTER_BOUND('',#2429,.T.);
#1583=FACE_OUTER_BOUND('',#2430,.T.);
#1584=FACE_OUTER_BOUND('',#2431,.T.);
#1585=FACE_OUTER_BOUND('',#2432,.T.);
#1586=FACE_OUTER_BOUND('',#2433,.T.);
#1587=FACE_OUTER_BOUND('',#2434,.T.);
#1588=FACE_OUTER_BOUND('',#2435,.T.);
#1589=FACE_OUTER_BOUND('',#2436,.T.);
#1590=FACE_OUTER_BOUND('',#2437,.T.);
#1591=FACE_OUTER_BOUND('',#2438,.T.);
#1592=FACE_OUTER_BOUND('',#2440,.T.);
#1593=FACE_OUTER_BOUND('',#2441,.T.);
#1594=FACE_OUTER_BOUND('',#2442,.T.);
#1595=FACE_OUTER_BOUND('',#2450,.T.);
#1596=FACE_OUTER_BOUND('',#2451,.T.);
#1597=FACE_OUTER_BOUND('',#2452,.T.);
#1598=FACE_OUTER_BOUND('',#2453,.T.);
#1599=FACE_OUTER_BOUND('',#2454,.T.);
#1600=FACE_OUTER_BOUND('',#2455,.T.);
#1601=FACE_OUTER_BOUND('',#2456,.T.);
#1602=FACE_OUTER_BOUND('',#2457,.T.);
#1603=FACE_OUTER_BOUND('',#2458,.T.);
#1604=FACE_OUTER_BOUND('',#2459,.T.);
#1605=FACE_OUTER_BOUND('',#2460,.T.);
#1606=FACE_OUTER_BOUND('',#2461,.T.);
#1607=FACE_OUTER_BOUND('',#2462,.T.);
#1608=FACE_OUTER_BOUND('',#2468,.T.);
#1609=FACE_OUTER_BOUND('',#2474,.T.);
#1610=FACE_OUTER_BOUND('',#2475,.T.);
#1611=FACE_OUTER_BOUND('',#2476,.T.);
#1612=FACE_OUTER_BOUND('',#2477,.T.);
#1613=FACE_OUTER_BOUND('',#2478,.T.);
#1614=FACE_OUTER_BOUND('',#2479,.T.);
#1615=FACE_OUTER_BOUND('',#2480,.T.);
#1616=FACE_OUTER_BOUND('',#2481,.T.);
#1617=FACE_OUTER_BOUND('',#2482,.T.);
#1618=FACE_OUTER_BOUND('',#2483,.T.);
#1619=FACE_OUTER_BOUND('',#2489,.T.);
#1620=FACE_OUTER_BOUND('',#2495,.T.);
#1621=FACE_OUTER_BOUND('',#2496,.T.);
#1622=FACE_OUTER_BOUND('',#2497,.T.);
#1623=FACE_OUTER_BOUND('',#2498,.T.);
#1624=FACE_OUTER_BOUND('',#2499,.T.);
#1625=FACE_OUTER_BOUND('',#2500,.T.);
#1626=FACE_OUTER_BOUND('',#2501,.T.);
#1627=FACE_OUTER_BOUND('',#2502,.T.);
#1628=FACE_OUTER_BOUND('',#2503,.T.);
#1629=FACE_OUTER_BOUND('',#2504,.T.);
#1630=FACE_OUTER_BOUND('',#2505,.T.);
#1631=FACE_OUTER_BOUND('',#2506,.T.);
#1632=FACE_OUTER_BOUND('',#2511,.T.);
#1633=FACE_OUTER_BOUND('',#2516,.T.);
#1634=FACE_OUTER_BOUND('',#2517,.T.);
#1635=FACE_OUTER_BOUND('',#2518,.T.);
#1636=FACE_OUTER_BOUND('',#2520,.T.);
#1637=FACE_OUTER_BOUND('',#2522,.T.);
#1638=FACE_OUTER_BOUND('',#2523,.T.);
#1639=FACE_OUTER_BOUND('',#2524,.T.);
#1640=FACE_OUTER_BOUND('',#2525,.T.);
#1641=FACE_OUTER_BOUND('',#2526,.T.);
#1642=FACE_OUTER_BOUND('',#2527,.T.);
#1643=FACE_OUTER_BOUND('',#2528,.T.);
#1644=FACE_OUTER_BOUND('',#2529,.T.);
#1645=FACE_OUTER_BOUND('',#2530,.T.);
#1646=FACE_OUTER_BOUND('',#2532,.T.);
#1647=FACE_OUTER_BOUND('',#2534,.T.);
#1648=FACE_OUTER_BOUND('',#2535,.T.);
#1649=FACE_OUTER_BOUND('',#2536,.T.);
#1650=FACE_OUTER_BOUND('',#2538,.T.);
#1651=FACE_OUTER_BOUND('',#2540,.T.);
#1652=FACE_OUTER_BOUND('',#2541,.T.);
#1653=FACE_OUTER_BOUND('',#2542,.T.);
#1654=FACE_OUTER_BOUND('',#2544,.T.);
#1655=FACE_OUTER_BOUND('',#2546,.T.);
#1656=FACE_OUTER_BOUND('',#2547,.T.);
#1657=FACE_OUTER_BOUND('',#2548,.T.);
#1658=FACE_OUTER_BOUND('',#2550,.T.);
#1659=FACE_OUTER_BOUND('',#2552,.T.);
#1660=FACE_OUTER_BOUND('',#2553,.T.);
#1661=FACE_OUTER_BOUND('',#2554,.T.);
#1662=FACE_OUTER_BOUND('',#2555,.T.);
#1663=FACE_OUTER_BOUND('',#2556,.T.);
#1664=FACE_OUTER_BOUND('',#2557,.T.);
#1665=FACE_OUTER_BOUND('',#2558,.T.);
#1666=FACE_OUTER_BOUND('',#2559,.T.);
#1667=FACE_OUTER_BOUND('',#2560,.T.);
#1668=FACE_OUTER_BOUND('',#2561,.T.);
#1669=FACE_OUTER_BOUND('',#2562,.T.);
#1670=FACE_OUTER_BOUND('',#2563,.T.);
#1671=FACE_OUTER_BOUND('',#2564,.T.);
#1672=FACE_OUTER_BOUND('',#2565,.T.);
#1673=FACE_OUTER_BOUND('',#2568,.T.);
#1674=FACE_OUTER_BOUND('',#2569,.T.);
#1675=FACE_OUTER_BOUND('',#2570,.T.);
#1676=FACE_OUTER_BOUND('',#2571,.T.);
#1677=FACE_OUTER_BOUND('',#2572,.T.);
#1678=FACE_OUTER_BOUND('',#2575,.T.);
#1679=FACE_OUTER_BOUND('',#2576,.T.);
#1680=FACE_OUTER_BOUND('',#2577,.T.);
#1681=FACE_OUTER_BOUND('',#2578,.T.);
#1682=FACE_OUTER_BOUND('',#2579,.T.);
#1683=FACE_OUTER_BOUND('',#2580,.T.);
#1684=FACE_OUTER_BOUND('',#2581,.T.);
#1685=FACE_OUTER_BOUND('',#2582,.T.);
#1686=FACE_OUTER_BOUND('',#2585,.T.);
#1687=FACE_OUTER_BOUND('',#2586,.T.);
#1688=FACE_OUTER_BOUND('',#2587,.T.);
#1689=FACE_OUTER_BOUND('',#2588,.T.);
#1690=FACE_OUTER_BOUND('',#2589,.T.);
#1691=FACE_OUTER_BOUND('',#2592,.T.);
#1692=FACE_OUTER_BOUND('',#2593,.T.);
#1693=FACE_OUTER_BOUND('',#2594,.T.);
#1694=FACE_OUTER_BOUND('',#2595,.T.);
#1695=FACE_OUTER_BOUND('',#2596,.T.);
#1696=FACE_OUTER_BOUND('',#2597,.T.);
#1697=FACE_OUTER_BOUND('',#2598,.T.);
#1698=FACE_OUTER_BOUND('',#2599,.T.);
#1699=FACE_OUTER_BOUND('',#2600,.T.);
#1700=FACE_OUTER_BOUND('',#2602,.T.);
#1701=FACE_OUTER_BOUND('',#2604,.T.);
#1702=FACE_OUTER_BOUND('',#2605,.T.);
#1703=FACE_OUTER_BOUND('',#2606,.T.);
#1704=FACE_OUTER_BOUND('',#2608,.T.);
#1705=FACE_OUTER_BOUND('',#2610,.T.);
#1706=FACE_OUTER_BOUND('',#2611,.T.);
#1707=FACE_OUTER_BOUND('',#2612,.T.);
#1708=FACE_OUTER_BOUND('',#2614,.T.);
#1709=FACE_OUTER_BOUND('',#2616,.T.);
#1710=FACE_OUTER_BOUND('',#2617,.T.);
#1711=FACE_OUTER_BOUND('',#2618,.T.);
#1712=FACE_OUTER_BOUND('',#2620,.T.);
#1713=FACE_OUTER_BOUND('',#2622,.T.);
#1714=FACE_OUTER_BOUND('',#2623,.T.);
#1715=FACE_OUTER_BOUND('',#2624,.T.);
#1716=FACE_OUTER_BOUND('',#2626,.T.);
#1717=FACE_OUTER_BOUND('',#2628,.T.);
#1718=FACE_OUTER_BOUND('',#2629,.T.);
#1719=FACE_OUTER_BOUND('',#2630,.T.);
#1720=FACE_OUTER_BOUND('',#2632,.T.);
#1721=FACE_OUTER_BOUND('',#2634,.T.);
#1722=FACE_OUTER_BOUND('',#2635,.T.);
#1723=FACE_OUTER_BOUND('',#2636,.T.);
#1724=FACE_OUTER_BOUND('',#2638,.T.);
#1725=FACE_OUTER_BOUND('',#2640,.T.);
#1726=FACE_OUTER_BOUND('',#2641,.T.);
#1727=FACE_OUTER_BOUND('',#2642,.T.);
#1728=FACE_OUTER_BOUND('',#2643,.T.);
#1729=FACE_OUTER_BOUND('',#2644,.T.);
#1730=FACE_OUTER_BOUND('',#2645,.T.);
#1731=FACE_OUTER_BOUND('',#2646,.T.);
#1732=FACE_OUTER_BOUND('',#2647,.T.);
#1733=FACE_OUTER_BOUND('',#2648,.T.);
#1734=FACE_OUTER_BOUND('',#2649,.T.);
#1735=FACE_OUTER_BOUND('',#2650,.T.);
#1736=FACE_OUTER_BOUND('',#2651,.T.);
#1737=FACE_OUTER_BOUND('',#2652,.T.);
#1738=FACE_OUTER_BOUND('',#2653,.T.);
#1739=FACE_OUTER_BOUND('',#2654,.T.);
#1740=FACE_OUTER_BOUND('',#2655,.T.);
#1741=FACE_OUTER_BOUND('',#2656,.T.);
#1742=FACE_OUTER_BOUND('',#2657,.T.);
#1743=FACE_OUTER_BOUND('',#2658,.T.);
#1744=FACE_OUTER_BOUND('',#2659,.T.);
#1745=FACE_OUTER_BOUND('',#2660,.T.);
#1746=FACE_OUTER_BOUND('',#2661,.T.);
#1747=FACE_OUTER_BOUND('',#2662,.T.);
#1748=FACE_OUTER_BOUND('',#2663,.T.);
#1749=FACE_OUTER_BOUND('',#2664,.T.);
#1750=FACE_OUTER_BOUND('',#2665,.T.);
#1751=FACE_OUTER_BOUND('',#2666,.T.);
#1752=FACE_OUTER_BOUND('',#2667,.T.);
#1753=FACE_OUTER_BOUND('',#2668,.T.);
#1754=FACE_OUTER_BOUND('',#2669,.T.);
#1755=FACE_OUTER_BOUND('',#2670,.T.);
#1756=FACE_OUTER_BOUND('',#2671,.T.);
#1757=FACE_OUTER_BOUND('',#2672,.T.);
#1758=FACE_OUTER_BOUND('',#2673,.T.);
#1759=FACE_OUTER_BOUND('',#2674,.T.);
#1760=FACE_OUTER_BOUND('',#2675,.T.);
#1761=FACE_OUTER_BOUND('',#2676,.T.);
#1762=FACE_OUTER_BOUND('',#2678,.T.);
#1763=FACE_OUTER_BOUND('',#2680,.T.);
#1764=FACE_OUTER_BOUND('',#2681,.T.);
#1765=FACE_OUTER_BOUND('',#2682,.T.);
#1766=FACE_OUTER_BOUND('',#2683,.T.);
#1767=FACE_OUTER_BOUND('',#2685,.T.);
#1768=FACE_OUTER_BOUND('',#2686,.T.);
#1769=FACE_OUTER_BOUND('',#2687,.T.);
#1770=FACE_OUTER_BOUND('',#2688,.T.);
#1771=FACE_OUTER_BOUND('',#2689,.T.);
#1772=FACE_OUTER_BOUND('',#2690,.T.);
#1773=FACE_OUTER_BOUND('',#2691,.T.);
#1774=FACE_OUTER_BOUND('',#2692,.T.);
#1775=FACE_OUTER_BOUND('',#2693,.T.);
#1776=FACE_OUTER_BOUND('',#2694,.T.);
#1777=FACE_OUTER_BOUND('',#2695,.T.);
#1778=FACE_OUTER_BOUND('',#2696,.T.);
#1779=FACE_OUTER_BOUND('',#2697,.T.);
#1780=FACE_OUTER_BOUND('',#2698,.T.);
#1781=FACE_OUTER_BOUND('',#2699,.T.);
#1782=FACE_OUTER_BOUND('',#2700,.T.);
#1783=FACE_OUTER_BOUND('',#2701,.T.);
#1784=FACE_OUTER_BOUND('',#2702,.T.);
#1785=FACE_OUTER_BOUND('',#2703,.T.);
#1786=FACE_OUTER_BOUND('',#2704,.T.);
#1787=FACE_OUTER_BOUND('',#2705,.T.);
#1788=FACE_OUTER_BOUND('',#2706,.T.);
#1789=FACE_OUTER_BOUND('',#2707,.T.);
#1790=FACE_OUTER_BOUND('',#2708,.T.);
#1791=FACE_OUTER_BOUND('',#2709,.T.);
#1792=FACE_OUTER_BOUND('',#2710,.T.);
#1793=FACE_OUTER_BOUND('',#2711,.T.);
#1794=FACE_OUTER_BOUND('',#2712,.T.);
#1795=FACE_OUTER_BOUND('',#2713,.T.);
#1796=FACE_OUTER_BOUND('',#2714,.T.);
#1797=FACE_OUTER_BOUND('',#2715,.T.);
#1798=FACE_OUTER_BOUND('',#2716,.T.);
#1799=FACE_OUTER_BOUND('',#2717,.T.);
#1800=FACE_OUTER_BOUND('',#2718,.T.);
#1801=FACE_OUTER_BOUND('',#2719,.T.);
#1802=FACE_OUTER_BOUND('',#2720,.T.);
#1803=FACE_OUTER_BOUND('',#2721,.T.);
#1804=FACE_OUTER_BOUND('',#2722,.T.);
#1805=FACE_OUTER_BOUND('',#2723,.T.);
#1806=FACE_OUTER_BOUND('',#2724,.T.);
#1807=FACE_OUTER_BOUND('',#2726,.T.);
#1808=FACE_OUTER_BOUND('',#2727,.T.);
#1809=FACE_OUTER_BOUND('',#2728,.T.);
#1810=FACE_OUTER_BOUND('',#2729,.T.);
#1811=FACE_OUTER_BOUND('',#2730,.T.);
#1812=FACE_OUTER_BOUND('',#2732,.T.);
#1813=FACE_OUTER_BOUND('',#2733,.T.);
#1814=FACE_OUTER_BOUND('',#2734,.T.);
#1815=FACE_OUTER_BOUND('',#2735,.T.);
#1816=FACE_OUTER_BOUND('',#2736,.T.);
#1817=FACE_OUTER_BOUND('',#2739,.T.);
#1818=FACE_OUTER_BOUND('',#2742,.T.);
#1819=FACE_OUTER_BOUND('',#2743,.T.);
#1820=FACE_OUTER_BOUND('',#2744,.T.);
#1821=FACE_OUTER_BOUND('',#2745,.T.);
#1822=FACE_OUTER_BOUND('',#2746,.T.);
#1823=FACE_OUTER_BOUND('',#2747,.T.);
#1824=FACE_OUTER_BOUND('',#2748,.T.);
#1825=FACE_OUTER_BOUND('',#2749,.T.);
#1826=FACE_OUTER_BOUND('',#2750,.T.);
#1827=FACE_OUTER_BOUND('',#2751,.T.);
#1828=FACE_OUTER_BOUND('',#2752,.T.);
#1829=FACE_OUTER_BOUND('',#2753,.T.);
#1830=FACE_OUTER_BOUND('',#2754,.T.);
#1831=FACE_OUTER_BOUND('',#2755,.T.);
#1832=FACE_OUTER_BOUND('',#2756,.T.);
#1833=FACE_OUTER_BOUND('',#2757,.T.);
#1834=FACE_OUTER_BOUND('',#2758,.T.);
#1835=FACE_OUTER_BOUND('',#2759,.T.);
#1836=FACE_OUTER_BOUND('',#2761,.T.);
#1837=FACE_OUTER_BOUND('',#2763,.T.);
#1838=FACE_OUTER_BOUND('',#2764,.T.);
#1839=FACE_OUTER_BOUND('',#2765,.T.);
#1840=FACE_OUTER_BOUND('',#2767,.T.);
#1841=FACE_OUTER_BOUND('',#2769,.T.);
#1842=FACE_OUTER_BOUND('',#2770,.T.);
#1843=FACE_OUTER_BOUND('',#2771,.T.);
#1844=FACE_OUTER_BOUND('',#2773,.T.);
#1845=FACE_OUTER_BOUND('',#2775,.T.);
#1846=FACE_OUTER_BOUND('',#2776,.T.);
#1847=FACE_OUTER_BOUND('',#2777,.T.);
#1848=FACE_OUTER_BOUND('',#2779,.T.);
#1849=FACE_OUTER_BOUND('',#2781,.T.);
#1850=FACE_OUTER_BOUND('',#2782,.T.);
#1851=FACE_OUTER_BOUND('',#2783,.T.);
#1852=FACE_OUTER_BOUND('',#2785,.T.);
#1853=FACE_OUTER_BOUND('',#2787,.T.);
#1854=FACE_OUTER_BOUND('',#2788,.T.);
#1855=FACE_OUTER_BOUND('',#2789,.T.);
#1856=FACE_OUTER_BOUND('',#2791,.T.);
#1857=EDGE_LOOP('',(#8358,#8359,#8360,#8361));
#1858=EDGE_LOOP('',(#8362,#8363,#8364,#8365));
#1859=EDGE_LOOP('',(#8366,#8367,#8368,#8369));
#1860=EDGE_LOOP('',(#8370,#8371,#8372,#8373));
#1861=EDGE_LOOP('',(#8374,#8375,#8376,#8377));
#1862=EDGE_LOOP('',(#8378,#8379,#8380,#8381));
#1863=EDGE_LOOP('',(#8382,#8383,#8384,#8385));
#1864=EDGE_LOOP('',(#8386,#8387,#8388,#8389));
#1865=EDGE_LOOP('',(#8390));
#1866=EDGE_LOOP('',(#8391));
#1867=EDGE_LOOP('',(#8392));
#1868=EDGE_LOOP('',(#8393));
#1869=EDGE_LOOP('',(#8394));
#1870=EDGE_LOOP('',(#8395));
#1871=EDGE_LOOP('',(#8396));
#1872=EDGE_LOOP('',(#8397));
#1873=EDGE_LOOP('',(#8398));
#1874=EDGE_LOOP('',(#8399));
#1875=EDGE_LOOP('',(#8400));
#1876=EDGE_LOOP('',(#8401));
#1877=EDGE_LOOP('',(#8402));
#1878=EDGE_LOOP('',(#8403));
#1879=EDGE_LOOP('',(#8404));
#1880=EDGE_LOOP('',(#8405));
#1881=EDGE_LOOP('',(#8406,#8407,#8408,#8409));
#1882=EDGE_LOOP('',(#8410,#8411,#8412,#8413));
#1883=EDGE_LOOP('',(#8414,#8415,#8416,#8417));
#1884=EDGE_LOOP('',(#8418,#8419,#8420,#8421));
#1885=EDGE_LOOP('',(#8422,#8423,#8424,#8425,#8426,#8427,#8428,#8429));
#1886=EDGE_LOOP('',(#8430,#8431,#8432,#8433));
#1887=EDGE_LOOP('',(#8434,#8435,#8436,#8437));
#1888=EDGE_LOOP('',(#8438,#8439,#8440,#8441));
#1889=EDGE_LOOP('',(#8442,#8443,#8444,#8445));
#1890=EDGE_LOOP('',(#8446,#8447,#8448,#8449));
#1891=EDGE_LOOP('',(#8450,#8451,#8452,#8453));
#1892=EDGE_LOOP('',(#8454,#8455,#8456,#8457));
#1893=EDGE_LOOP('',(#8458,#8459,#8460,#8461));
#1894=EDGE_LOOP('',(#8462));
#1895=EDGE_LOOP('',(#8463));
#1896=EDGE_LOOP('',(#8464));
#1897=EDGE_LOOP('',(#8465));
#1898=EDGE_LOOP('',(#8466));
#1899=EDGE_LOOP('',(#8467));
#1900=EDGE_LOOP('',(#8468,#8469,#8470,#8471));
#1901=EDGE_LOOP('',(#8472));
#1902=EDGE_LOOP('',(#8473));
#1903=EDGE_LOOP('',(#8474));
#1904=EDGE_LOOP('',(#8475));
#1905=EDGE_LOOP('',(#8476));
#1906=EDGE_LOOP('',(#8477));
#1907=EDGE_LOOP('',(#8478));
#1908=EDGE_LOOP('',(#8479));
#1909=EDGE_LOOP('',(#8480));
#1910=EDGE_LOOP('',(#8481));
#1911=EDGE_LOOP('',(#8482));
#1912=EDGE_LOOP('',(#8483));
#1913=EDGE_LOOP('',(#8484,#8485,#8486,#8487));
#1914=EDGE_LOOP('',(#8488,#8489,#8490,#8491));
#1915=EDGE_LOOP('',(#8492,#8493,#8494,#8495));
#1916=EDGE_LOOP('',(#8496));
#1917=EDGE_LOOP('',(#8497,#8498,#8499,#8500,#8501));
#1918=EDGE_LOOP('',(#8502));
#1919=EDGE_LOOP('',(#8503));
#1920=EDGE_LOOP('',(#8504));
#1921=EDGE_LOOP('',(#8505));
#1922=EDGE_LOOP('',(#8506));
#1923=EDGE_LOOP('',(#8507));
#1924=EDGE_LOOP('',(#8508,#8509,#8510,#8511));
#1925=EDGE_LOOP('',(#8512,#8513,#8514,#8515));
#1926=EDGE_LOOP('',(#8516,#8517,#8518,#8519));
#1927=EDGE_LOOP('',(#8520,#8521,#8522,#8523));
#1928=EDGE_LOOP('',(#8524,#8525,#8526,#8527));
#1929=EDGE_LOOP('',(#8528,#8529,#8530,#8531));
#1930=EDGE_LOOP('',(#8532,#8533,#8534,#8535));
#1931=EDGE_LOOP('',(#8536,#8537,#8538,#8539));
#1932=EDGE_LOOP('',(#8540,#8541,#8542,#8543));
#1933=EDGE_LOOP('',(#8544,#8545,#8546,#8547));
#1934=EDGE_LOOP('',(#8548,#8549,#8550,#8551));
#1935=EDGE_LOOP('',(#8552,#8553,#8554,#8555));
#1936=EDGE_LOOP('',(#8556,#8557,#8558,#8559));
#1937=EDGE_LOOP('',(#8560,#8561,#8562,#8563));
#1938=EDGE_LOOP('',(#8564,#8565,#8566,#8567));
#1939=EDGE_LOOP('',(#8568,#8569,#8570,#8571));
#1940=EDGE_LOOP('',(#8572,#8573,#8574,#8575));
#1941=EDGE_LOOP('',(#8576,#8577,#8578,#8579));
#1942=EDGE_LOOP('',(#8580,#8581,#8582,#8583));
#1943=EDGE_LOOP('',(#8584,#8585,#8586,#8587));
#1944=EDGE_LOOP('',(#8588,#8589,#8590,#8591));
#1945=EDGE_LOOP('',(#8592,#8593,#8594,#8595));
#1946=EDGE_LOOP('',(#8596,#8597,#8598,#8599));
#1947=EDGE_LOOP('',(#8600,#8601,#8602,#8603));
#1948=EDGE_LOOP('',(#8604,#8605,#8606,#8607));
#1949=EDGE_LOOP('',(#8608,#8609,#8610,#8611));
#1950=EDGE_LOOP('',(#8612,#8613,#8614,#8615));
#1951=EDGE_LOOP('',(#8616,#8617,#8618,#8619));
#1952=EDGE_LOOP('',(#8620,#8621,#8622,#8623));
#1953=EDGE_LOOP('',(#8624,#8625,#8626,#8627));
#1954=EDGE_LOOP('',(#8628,#8629,#8630,#8631));
#1955=EDGE_LOOP('',(#8632,#8633,#8634,#8635,#8636,#8637,#8638,#8639,#8640,
#8641,#8642,#8643,#8644,#8645,#8646,#8647));
#1956=EDGE_LOOP('',(#8648));
#1957=EDGE_LOOP('',(#8649));
#1958=EDGE_LOOP('',(#8650));
#1959=EDGE_LOOP('',(#8651));
#1960=EDGE_LOOP('',(#8652));
#1961=EDGE_LOOP('',(#8653));
#1962=EDGE_LOOP('',(#8654));
#1963=EDGE_LOOP('',(#8655));
#1964=EDGE_LOOP('',(#8656));
#1965=EDGE_LOOP('',(#8657));
#1966=EDGE_LOOP('',(#8658));
#1967=EDGE_LOOP('',(#8659,#8660,#8661,#8662));
#1968=EDGE_LOOP('',(#8663,#8664,#8665,#8666));
#1969=EDGE_LOOP('',(#8667,#8668,#8669,#8670));
#1970=EDGE_LOOP('',(#8671,#8672,#8673,#8674));
#1971=EDGE_LOOP('',(#8675,#8676,#8677,#8678));
#1972=EDGE_LOOP('',(#8679,#8680,#8681,#8682));
#1973=EDGE_LOOP('',(#8683,#8684,#8685,#8686));
#1974=EDGE_LOOP('',(#8687,#8688,#8689,#8690));
#1975=EDGE_LOOP('',(#8691,#8692,#8693,#8694));
#1976=EDGE_LOOP('',(#8695,#8696,#8697,#8698));
#1977=EDGE_LOOP('',(#8699,#8700,#8701,#8702));
#1978=EDGE_LOOP('',(#8703,#8704,#8705,#8706));
#1979=EDGE_LOOP('',(#8707,#8708,#8709,#8710));
#1980=EDGE_LOOP('',(#8711,#8712,#8713,#8714));
#1981=EDGE_LOOP('',(#8715,#8716,#8717,#8718));
#1982=EDGE_LOOP('',(#8719,#8720,#8721,#8722,#8723,#8724,#8725,#8726,#8727,
#8728,#8729,#8730,#8731,#8732,#8733,#8734));
#1983=EDGE_LOOP('',(#8735));
#1984=EDGE_LOOP('',(#8736));
#1985=EDGE_LOOP('',(#8737));
#1986=EDGE_LOOP('',(#8738));
#1987=EDGE_LOOP('',(#8739));
#1988=EDGE_LOOP('',(#8740));
#1989=EDGE_LOOP('',(#8741));
#1990=EDGE_LOOP('',(#8742));
#1991=EDGE_LOOP('',(#8743));
#1992=EDGE_LOOP('',(#8744));
#1993=EDGE_LOOP('',(#8745));
#1994=EDGE_LOOP('',(#8746,#8747,#8748,#8749));
#1995=EDGE_LOOP('',(#8750,#8751,#8752,#8753));
#1996=EDGE_LOOP('',(#8754,#8755,#8756,#8757));
#1997=EDGE_LOOP('',(#8758,#8759,#8760,#8761));
#1998=EDGE_LOOP('',(#8762,#8763,#8764,#8765));
#1999=EDGE_LOOP('',(#8766,#8767,#8768,#8769));
#2000=EDGE_LOOP('',(#8770));
#2001=EDGE_LOOP('',(#8771,#8772,#8773,#8774));
#2002=EDGE_LOOP('',(#8775,#8776,#8777,#8778));
#2003=EDGE_LOOP('',(#8779,#8780,#8781,#8782));
#2004=EDGE_LOOP('',(#8783,#8784,#8785,#8786));
#2005=EDGE_LOOP('',(#8787,#8788,#8789,#8790));
#2006=EDGE_LOOP('',(#8791,#8792,#8793,#8794));
#2007=EDGE_LOOP('',(#8795));
#2008=EDGE_LOOP('',(#8796));
#2009=EDGE_LOOP('',(#8797));
#2010=EDGE_LOOP('',(#8798));
#2011=EDGE_LOOP('',(#8799,#8800,#8801,#8802));
#2012=EDGE_LOOP('',(#8803));
#2013=EDGE_LOOP('',(#8804));
#2014=EDGE_LOOP('',(#8805));
#2015=EDGE_LOOP('',(#8806));
#2016=EDGE_LOOP('',(#8807,#8808,#8809,#8810));
#2017=EDGE_LOOP('',(#8811,#8812,#8813,#8814));
#2018=EDGE_LOOP('',(#8815,#8816,#8817,#8818));
#2019=EDGE_LOOP('',(#8819,#8820,#8821,#8822));
#2020=EDGE_LOOP('',(#8823));
#2021=EDGE_LOOP('',(#8824));
#2022=EDGE_LOOP('',(#8825));
#2023=EDGE_LOOP('',(#8826,#8827,#8828,#8829));
#2024=EDGE_LOOP('',(#8830,#8831,#8832,#8833));
#2025=EDGE_LOOP('',(#8834,#8835,#8836,#8837));
#2026=EDGE_LOOP('',(#8838,#8839,#8840,#8841));
#2027=EDGE_LOOP('',(#8842,#8843,#8844,#8845));
#2028=EDGE_LOOP('',(#8846));
#2029=EDGE_LOOP('',(#8847));
#2030=EDGE_LOOP('',(#8848,#8849,#8850,#8851));
#2031=EDGE_LOOP('',(#8852));
#2032=EDGE_LOOP('',(#8853));
#2033=EDGE_LOOP('',(#8854,#8855,#8856,#8857));
#2034=EDGE_LOOP('',(#8858,#8859,#8860,#8861));
#2035=EDGE_LOOP('',(#8862,#8863,#8864,#8865));
#2036=EDGE_LOOP('',(#8866,#8867,#8868,#8869));
#2037=EDGE_LOOP('',(#8870,#8871,#8872,#8873));
#2038=EDGE_LOOP('',(#8874,#8875,#8876,#8877));
#2039=EDGE_LOOP('',(#8878));
#2040=EDGE_LOOP('',(#8879));
#2041=EDGE_LOOP('',(#8880));
#2042=EDGE_LOOP('',(#8881));
#2043=EDGE_LOOP('',(#8882));
#2044=EDGE_LOOP('',(#8883,#8884,#8885,#8886));
#2045=EDGE_LOOP('',(#8887));
#2046=EDGE_LOOP('',(#8888));
#2047=EDGE_LOOP('',(#8889));
#2048=EDGE_LOOP('',(#8890));
#2049=EDGE_LOOP('',(#8891));
#2050=EDGE_LOOP('',(#8892,#8893,#8894,#8895));
#2051=EDGE_LOOP('',(#8896,#8897,#8898,#8899));
#2052=EDGE_LOOP('',(#8900,#8901,#8902,#8903));
#2053=EDGE_LOOP('',(#8904,#8905,#8906,#8907));
#2054=EDGE_LOOP('',(#8908,#8909,#8910,#8911));
#2055=EDGE_LOOP('',(#8912,#8913,#8914,#8915));
#2056=EDGE_LOOP('',(#8916,#8917,#8918,#8919));
#2057=EDGE_LOOP('',(#8920,#8921,#8922,#8923));
#2058=EDGE_LOOP('',(#8924,#8925,#8926,#8927));
#2059=EDGE_LOOP('',(#8928,#8929,#8930,#8931));
#2060=EDGE_LOOP('',(#8932,#8933,#8934,#8935));
#2061=EDGE_LOOP('',(#8936,#8937,#8938,#8939));
#2062=EDGE_LOOP('',(#8940,#8941,#8942,#8943));
#2063=EDGE_LOOP('',(#8944,#8945,#8946,#8947));
#2064=EDGE_LOOP('',(#8948,#8949,#8950,#8951));
#2065=EDGE_LOOP('',(#8952,#8953,#8954,#8955));
#2066=EDGE_LOOP('',(#8956));
#2067=EDGE_LOOP('',(#8957));
#2068=EDGE_LOOP('',(#8958));
#2069=EDGE_LOOP('',(#8959));
#2070=EDGE_LOOP('',(#8960));
#2071=EDGE_LOOP('',(#8961));
#2072=EDGE_LOOP('',(#8962));
#2073=EDGE_LOOP('',(#8963));
#2074=EDGE_LOOP('',(#8964));
#2075=EDGE_LOOP('',(#8965));
#2076=EDGE_LOOP('',(#8966));
#2077=EDGE_LOOP('',(#8967,#8968,#8969,#8970));
#2078=EDGE_LOOP('',(#8971));
#2079=EDGE_LOOP('',(#8972));
#2080=EDGE_LOOP('',(#8973));
#2081=EDGE_LOOP('',(#8974));
#2082=EDGE_LOOP('',(#8975));
#2083=EDGE_LOOP('',(#8976));
#2084=EDGE_LOOP('',(#8977));
#2085=EDGE_LOOP('',(#8978));
#2086=EDGE_LOOP('',(#8979));
#2087=EDGE_LOOP('',(#8980));
#2088=EDGE_LOOP('',(#8981));
#2089=EDGE_LOOP('',(#8982,#8983,#8984,#8985));
#2090=EDGE_LOOP('',(#8986,#8987,#8988,#8989));
#2091=EDGE_LOOP('',(#8990,#8991,#8992,#8993));
#2092=EDGE_LOOP('',(#8994,#8995,#8996,#8997,#8998,#8999,#9000,#9001,#9002,
#9003,#9004,#9005,#9006,#9007,#9008,#9009));
#2093=EDGE_LOOP('',(#9010,#9011,#9012,#9013,#9014,#9015,#9016,#9017));
#2094=EDGE_LOOP('',(#9018,#9019,#9020,#9021));
#2095=EDGE_LOOP('',(#9022,#9023,#9024,#9025));
#2096=EDGE_LOOP('',(#9026,#9027,#9028,#9029));
#2097=EDGE_LOOP('',(#9030,#9031,#9032,#9033));
#2098=EDGE_LOOP('',(#9034,#9035,#9036,#9037));
#2099=EDGE_LOOP('',(#9038,#9039,#9040,#9041));
#2100=EDGE_LOOP('',(#9042,#9043,#9044,#9045));
#2101=EDGE_LOOP('',(#9046,#9047,#9048,#9049));
#2102=EDGE_LOOP('',(#9050,#9051,#9052,#9053,#9054,#9055,#9056,#9057,#9058,
#9059,#9060,#9061,#9062,#9063,#9064,#9065));
#2103=EDGE_LOOP('',(#9066,#9067,#9068,#9069,#9070,#9071,#9072,#9073));
#2104=EDGE_LOOP('',(#9074,#9075,#9076,#9077));
#2105=EDGE_LOOP('',(#9078,#9079,#9080,#9081));
#2106=EDGE_LOOP('',(#9082,#9083,#9084,#9085));
#2107=EDGE_LOOP('',(#9086,#9087,#9088,#9089));
#2108=EDGE_LOOP('',(#9090,#9091,#9092,#9093));
#2109=EDGE_LOOP('',(#9094,#9095,#9096,#9097));
#2110=EDGE_LOOP('',(#9098,#9099,#9100,#9101));
#2111=EDGE_LOOP('',(#9102,#9103,#9104,#9105));
#2112=EDGE_LOOP('',(#9106,#9107,#9108,#9109));
#2113=EDGE_LOOP('',(#9110,#9111,#9112,#9113));
#2114=EDGE_LOOP('',(#9114,#9115,#9116,#9117));
#2115=EDGE_LOOP('',(#9118,#9119,#9120,#9121));
#2116=EDGE_LOOP('',(#9122,#9123,#9124,#9125));
#2117=EDGE_LOOP('',(#9126,#9127,#9128,#9129));
#2118=EDGE_LOOP('',(#9130,#9131,#9132,#9133));
#2119=EDGE_LOOP('',(#9134,#9135,#9136,#9137));
#2120=EDGE_LOOP('',(#9138,#9139,#9140,#9141));
#2121=EDGE_LOOP('',(#9142,#9143,#9144,#9145));
#2122=EDGE_LOOP('',(#9146,#9147,#9148,#9149));
#2123=EDGE_LOOP('',(#9150,#9151,#9152,#9153));
#2124=EDGE_LOOP('',(#9154,#9155,#9156,#9157));
#2125=EDGE_LOOP('',(#9158,#9159,#9160,#9161));
#2126=EDGE_LOOP('',(#9162,#9163,#9164,#9165));
#2127=EDGE_LOOP('',(#9166,#9167,#9168,#9169));
#2128=EDGE_LOOP('',(#9170,#9171,#9172,#9173));
#2129=EDGE_LOOP('',(#9174,#9175,#9176,#9177));
#2130=EDGE_LOOP('',(#9178,#9179,#9180,#9181));
#2131=EDGE_LOOP('',(#9182,#9183,#9184,#9185));
#2132=EDGE_LOOP('',(#9186,#9187,#9188,#9189));
#2133=EDGE_LOOP('',(#9190,#9191,#9192,#9193));
#2134=EDGE_LOOP('',(#9194,#9195,#9196,#9197));
#2135=EDGE_LOOP('',(#9198,#9199,#9200,#9201));
#2136=EDGE_LOOP('',(#9202,#9203,#9204,#9205));
#2137=EDGE_LOOP('',(#9206,#9207,#9208,#9209));
#2138=EDGE_LOOP('',(#9210,#9211,#9212,#9213));
#2139=EDGE_LOOP('',(#9214,#9215,#9216,#9217));
#2140=EDGE_LOOP('',(#9218,#9219,#9220,#9221));
#2141=EDGE_LOOP('',(#9222,#9223,#9224,#9225));
#2142=EDGE_LOOP('',(#9226,#9227,#9228,#9229));
#2143=EDGE_LOOP('',(#9230,#9231,#9232,#9233));
#2144=EDGE_LOOP('',(#9234,#9235,#9236,#9237));
#2145=EDGE_LOOP('',(#9238,#9239,#9240,#9241));
#2146=EDGE_LOOP('',(#9242,#9243,#9244,#9245));
#2147=EDGE_LOOP('',(#9246,#9247,#9248,#9249));
#2148=EDGE_LOOP('',(#9250,#9251,#9252,#9253));
#2149=EDGE_LOOP('',(#9254,#9255,#9256,#9257));
#2150=EDGE_LOOP('',(#9258,#9259,#9260,#9261));
#2151=EDGE_LOOP('',(#9262,#9263,#9264,#9265));
#2152=EDGE_LOOP('',(#9266,#9267,#9268,#9269));
#2153=EDGE_LOOP('',(#9270,#9271,#9272,#9273));
#2154=EDGE_LOOP('',(#9274));
#2155=EDGE_LOOP('',(#9275,#9276,#9277,#9278));
#2156=EDGE_LOOP('',(#9279));
#2157=EDGE_LOOP('',(#9280,#9281,#9282,#9283));
#2158=EDGE_LOOP('',(#9284,#9285,#9286,#9287));
#2159=EDGE_LOOP('',(#9288));
#2160=EDGE_LOOP('',(#9289,#9290,#9291,#9292));
#2161=EDGE_LOOP('',(#9293,#9294,#9295,#9296));
#2162=EDGE_LOOP('',(#9297));
#2163=EDGE_LOOP('',(#9298,#9299,#9300,#9301));
#2164=EDGE_LOOP('',(#9302));
#2165=EDGE_LOOP('',(#9303));
#2166=EDGE_LOOP('',(#9304,#9305,#9306,#9307));
#2167=EDGE_LOOP('',(#9308,#9309,#9310,#9311));
#2168=EDGE_LOOP('',(#9312));
#2169=EDGE_LOOP('',(#9313));
#2170=EDGE_LOOP('',(#9314,#9315,#9316,#9317,#9318,#9319,#9320,#9321,#9322,
#9323));
#2171=EDGE_LOOP('',(#9324,#9325,#9326,#9327));
#2172=EDGE_LOOP('',(#9328,#9329,#9330,#9331));
#2173=EDGE_LOOP('',(#9332,#9333,#9334,#9335));
#2174=EDGE_LOOP('',(#9336));
#2175=EDGE_LOOP('',(#9337));
#2176=EDGE_LOOP('',(#9338,#9339,#9340,#9341,#9342,#9343,#9344,#9345,#9346,
#9347));
#2177=EDGE_LOOP('',(#9348,#9349,#9350,#9351));
#2178=EDGE_LOOP('',(#9352,#9353,#9354,#9355));
#2179=EDGE_LOOP('',(#9356,#9357,#9358,#9359));
#2180=EDGE_LOOP('',(#9360,#9361,#9362,#9363));
#2181=EDGE_LOOP('',(#9364));
#2182=EDGE_LOOP('',(#9365));
#2183=EDGE_LOOP('',(#9366,#9367,#9368,#9369));
#2184=EDGE_LOOP('',(#9370,#9371,#9372,#9373));
#2185=EDGE_LOOP('',(#9374,#9375,#9376,#9377));
#2186=EDGE_LOOP('',(#9378,#9379,#9380,#9381));
#2187=EDGE_LOOP('',(#9382,#9383,#9384,#9385));
#2188=EDGE_LOOP('',(#9386,#9387,#9388,#9389));
#2189=EDGE_LOOP('',(#9390,#9391,#9392,#9393));
#2190=EDGE_LOOP('',(#9394));
#2191=EDGE_LOOP('',(#9395,#9396,#9397,#9398,#9399,#9400));
#2192=EDGE_LOOP('',(#9401,#9402,#9403,#9404));
#2193=EDGE_LOOP('',(#9405));
#2194=EDGE_LOOP('',(#9406));
#2195=EDGE_LOOP('',(#9407));
#2196=EDGE_LOOP('',(#9408));
#2197=EDGE_LOOP('',(#9409));
#2198=EDGE_LOOP('',(#9410));
#2199=EDGE_LOOP('',(#9411,#9412,#9413,#9414,#9415,#9416));
#2200=EDGE_LOOP('',(#9417,#9418,#9419,#9420));
#2201=EDGE_LOOP('',(#9421,#9422,#9423,#9424));
#2202=EDGE_LOOP('',(#9425,#9426,#9427,#9428));
#2203=EDGE_LOOP('',(#9429,#9430,#9431,#9432));
#2204=EDGE_LOOP('',(#9433));
#2205=EDGE_LOOP('',(#9434));
#2206=EDGE_LOOP('',(#9435));
#2207=EDGE_LOOP('',(#9436));
#2208=EDGE_LOOP('',(#9437));
#2209=EDGE_LOOP('',(#9438,#9439,#9440,#9441));
#2210=EDGE_LOOP('',(#9442,#9443,#9444,#9445));
#2211=EDGE_LOOP('',(#9446,#9447,#9448,#9449));
#2212=EDGE_LOOP('',(#9450,#9451,#9452,#9453));
#2213=EDGE_LOOP('',(#9454,#9455,#9456,#9457));
#2214=EDGE_LOOP('',(#9458,#9459,#9460,#9461));
#2215=EDGE_LOOP('',(#9462,#9463,#9464,#9465));
#2216=EDGE_LOOP('',(#9466,#9467,#9468,#9469));
#2217=EDGE_LOOP('',(#9470,#9471,#9472,#9473));
#2218=EDGE_LOOP('',(#9474,#9475,#9476,#9477));
#2219=EDGE_LOOP('',(#9478,#9479,#9480,#9481));
#2220=EDGE_LOOP('',(#9482,#9483,#9484,#9485));
#2221=EDGE_LOOP('',(#9486,#9487,#9488,#9489));
#2222=EDGE_LOOP('',(#9490,#9491,#9492,#9493));
#2223=EDGE_LOOP('',(#9494,#9495,#9496,#9497));
#2224=EDGE_LOOP('',(#9498,#9499,#9500,#9501));
#2225=EDGE_LOOP('',(#9502,#9503,#9504,#9505));
#2226=EDGE_LOOP('',(#9506,#9507,#9508,#9509));
#2227=EDGE_LOOP('',(#9510,#9511,#9512,#9513));
#2228=EDGE_LOOP('',(#9514,#9515,#9516,#9517));
#2229=EDGE_LOOP('',(#9518,#9519,#9520,#9521,#9522,#9523,#9524,#9525,#9526,
#9527,#9528,#9529,#9530,#9531,#9532,#9533,#9534,#9535,#9536,#9537,#9538,
#9539,#9540,#9541,#9542,#9543,#9544,#9545,#9546,#9547,#9548,#9549,#9550,
#9551,#9552,#9553,#9554,#9555,#9556,#9557,#9558,#9559,#9560,#9561));
#2230=EDGE_LOOP('',(#9562));
#2231=EDGE_LOOP('',(#9563));
#2232=EDGE_LOOP('',(#9564));
#2233=EDGE_LOOP('',(#9565));
#2234=EDGE_LOOP('',(#9566));
#2235=EDGE_LOOP('',(#9567));
#2236=EDGE_LOOP('',(#9568));
#2237=EDGE_LOOP('',(#9569,#9570,#9571,#9572));
#2238=EDGE_LOOP('',(#9573,#9574,#9575,#9576));
#2239=EDGE_LOOP('',(#9577,#9578,#9579,#9580));
#2240=EDGE_LOOP('',(#9581,#9582,#9583,#9584));
#2241=EDGE_LOOP('',(#9585,#9586,#9587,#9588));
#2242=EDGE_LOOP('',(#9589,#9590,#9591,#9592));
#2243=EDGE_LOOP('',(#9593,#9594,#9595,#9596));
#2244=EDGE_LOOP('',(#9597,#9598,#9599,#9600));
#2245=EDGE_LOOP('',(#9601,#9602,#9603,#9604));
#2246=EDGE_LOOP('',(#9605,#9606,#9607,#9608));
#2247=EDGE_LOOP('',(#9609,#9610,#9611,#9612));
#2248=EDGE_LOOP('',(#9613,#9614,#9615,#9616));
#2249=EDGE_LOOP('',(#9617,#9618,#9619,#9620));
#2250=EDGE_LOOP('',(#9621,#9622,#9623,#9624));
#2251=EDGE_LOOP('',(#9625,#9626,#9627,#9628));
#2252=EDGE_LOOP('',(#9629,#9630,#9631,#9632));
#2253=EDGE_LOOP('',(#9633,#9634,#9635,#9636));
#2254=EDGE_LOOP('',(#9637,#9638,#9639,#9640));
#2255=EDGE_LOOP('',(#9641,#9642,#9643,#9644));
#2256=EDGE_LOOP('',(#9645,#9646,#9647,#9648));
#2257=EDGE_LOOP('',(#9649,#9650,#9651,#9652));
#2258=EDGE_LOOP('',(#9653,#9654,#9655,#9656));
#2259=EDGE_LOOP('',(#9657,#9658,#9659,#9660));
#2260=EDGE_LOOP('',(#9661,#9662,#9663,#9664));
#2261=EDGE_LOOP('',(#9665,#9666,#9667,#9668));
#2262=EDGE_LOOP('',(#9669,#9670,#9671,#9672));
#2263=EDGE_LOOP('',(#9673,#9674,#9675,#9676));
#2264=EDGE_LOOP('',(#9677,#9678,#9679,#9680));
#2265=EDGE_LOOP('',(#9681,#9682,#9683,#9684));
#2266=EDGE_LOOP('',(#9685,#9686,#9687,#9688));
#2267=EDGE_LOOP('',(#9689,#9690,#9691,#9692));
#2268=EDGE_LOOP('',(#9693,#9694,#9695,#9696));
#2269=EDGE_LOOP('',(#9697,#9698,#9699,#9700));
#2270=EDGE_LOOP('',(#9701,#9702,#9703,#9704,#9705,#9706,#9707,#9708,#9709,
#9710,#9711,#9712,#9713,#9714,#9715,#9716,#9717,#9718,#9719,#9720,#9721,
#9722,#9723,#9724,#9725,#9726,#9727,#9728,#9729,#9730,#9731,#9732,#9733,
#9734,#9735,#9736,#9737,#9738,#9739,#9740,#9741,#9742,#9743,#9744));
#2271=EDGE_LOOP('',(#9745));
#2272=EDGE_LOOP('',(#9746));
#2273=EDGE_LOOP('',(#9747));
#2274=EDGE_LOOP('',(#9748));
#2275=EDGE_LOOP('',(#9749));
#2276=EDGE_LOOP('',(#9750));
#2277=EDGE_LOOP('',(#9751));
#2278=EDGE_LOOP('',(#9752,#9753,#9754,#9755));
#2279=EDGE_LOOP('',(#9756,#9757,#9758,#9759));
#2280=EDGE_LOOP('',(#9760,#9761,#9762,#9763));
#2281=EDGE_LOOP('',(#9764,#9765,#9766,#9767));
#2282=EDGE_LOOP('',(#9768,#9769,#9770,#9771,#9772,#9773,#9774));
#2283=EDGE_LOOP('',(#9775,#9776,#9777,#9778,#9779,#9780,#9781));
#2284=EDGE_LOOP('',(#9782,#9783,#9784,#9785));
#2285=EDGE_LOOP('',(#9786,#9787,#9788,#9789));
#2286=EDGE_LOOP('',(#9790,#9791,#9792,#9793,#9794,#9795));
#2287=EDGE_LOOP('',(#9796,#9797,#9798,#9799));
#2288=EDGE_LOOP('',(#9800,#9801,#9802,#9803,#9804,#9805,#9806,#9807,#9808,
#9809,#9810,#9811,#9812,#9813,#9814,#9815,#9816,#9817,#9818,#9819,#9820,
#9821,#9822,#9823,#9824,#9825,#9826,#9827,#9828,#9829,#9830,#9831,#9832,
#9833,#9834,#9835,#9836,#9837,#9838,#9839,#9840,#9841,#9842,#9843,#9844,
#9845,#9846));
#2289=EDGE_LOOP('',(#9847,#9848,#9849));
#2290=EDGE_LOOP('',(#9850,#9851,#9852,#9853));
#2291=EDGE_LOOP('',(#9854,#9855,#9856,#9857));
#2292=EDGE_LOOP('',(#9858,#9859,#9860,#9861,#9862));
#2293=EDGE_LOOP('',(#9863,#9864,#9865,#9866,#9867));
#2294=EDGE_LOOP('',(#9868,#9869,#9870,#9871,#9872,#9873,#9874,#9875,#9876,
#9877,#9878,#9879,#9880,#9881,#9882,#9883,#9884,#9885,#9886,#9887,#9888,
#9889,#9890,#9891,#9892,#9893,#9894,#9895,#9896,#9897,#9898));
#2295=EDGE_LOOP('',(#9899,#9900,#9901,#9902,#9903,#9904,#9905,#9906,#9907,
#9908,#9909,#9910,#9911,#9912,#9913,#9914,#9915,#9916,#9917,#9918,#9919,
#9920,#9921,#9922,#9923,#9924,#9925,#9926,#9927,#9928,#9929,#9930,#9931,
#9932,#9933,#9934,#9935,#9936,#9937,#9938,#9939,#9940,#9941,#9942,#9943,
#9944,#9945,#9946,#9947,#9948,#9949,#9950,#9951,#9952,#9953,#9954));
#2296=EDGE_LOOP('',(#9955,#9956,#9957,#9958,#9959,#9960,#9961,#9962,#9963,
#9964,#9965,#9966,#9967,#9968,#9969,#9970,#9971,#9972,#9973,#9974,#9975,
#9976,#9977,#9978,#9979,#9980,#9981,#9982));
#2297=EDGE_LOOP('',(#9983,#9984,#9985,#9986));
#2298=EDGE_LOOP('',(#9987,#9988,#9989,#9990));
#2299=EDGE_LOOP('',(#9991,#9992,#9993,#9994,#9995,#9996,#9997,#9998));
#2300=EDGE_LOOP('',(#9999,#10000,#10001,#10002));
#2301=EDGE_LOOP('',(#10003,#10004,#10005,#10006));
#2302=EDGE_LOOP('',(#10007,#10008,#10009,#10010,#10011,#10012,#10013,#10014,
#10015));
#2303=EDGE_LOOP('',(#10016,#10017,#10018,#10019));
#2304=EDGE_LOOP('',(#10020,#10021,#10022,#10023,#10024,#10025));
#2305=EDGE_LOOP('',(#10026,#10027,#10028,#10029,#10030,#10031,#10032,#10033,
#10034,#10035,#10036,#10037));
#2306=EDGE_LOOP('',(#10038,#10039,#10040,#10041));
#2307=EDGE_LOOP('',(#10042,#10043,#10044,#10045,#10046,#10047));
#2308=EDGE_LOOP('',(#10048,#10049,#10050,#10051,#10052,#10053));
#2309=EDGE_LOOP('',(#10054,#10055,#10056,#10057));
#2310=EDGE_LOOP('',(#10058,#10059,#10060,#10061));
#2311=EDGE_LOOP('',(#10062,#10063,#10064,#10065));
#2312=EDGE_LOOP('',(#10066,#10067,#10068,#10069));
#2313=EDGE_LOOP('',(#10070,#10071,#10072,#10073));
#2314=EDGE_LOOP('',(#10074,#10075,#10076,#10077));
#2315=EDGE_LOOP('',(#10078,#10079,#10080,#10081));
#2316=EDGE_LOOP('',(#10082,#10083,#10084,#10085,#10086,#10087,#10088));
#2317=EDGE_LOOP('',(#10089,#10090,#10091,#10092));
#2318=EDGE_LOOP('',(#10093,#10094,#10095,#10096));
#2319=EDGE_LOOP('',(#10097,#10098,#10099,#10100));
#2320=EDGE_LOOP('',(#10101,#10102,#10103,#10104));
#2321=EDGE_LOOP('',(#10105,#10106,#10107,#10108));
#2322=EDGE_LOOP('',(#10109,#10110,#10111,#10112));
#2323=EDGE_LOOP('',(#10113,#10114,#10115,#10116));
#2324=EDGE_LOOP('',(#10117,#10118,#10119,#10120));
#2325=EDGE_LOOP('',(#10121,#10122,#10123,#10124));
#2326=EDGE_LOOP('',(#10125,#10126,#10127,#10128));
#2327=EDGE_LOOP('',(#10129,#10130,#10131,#10132));
#2328=EDGE_LOOP('',(#10133,#10134,#10135,#10136));
#2329=EDGE_LOOP('',(#10137,#10138,#10139,#10140));
#2330=EDGE_LOOP('',(#10141,#10142,#10143,#10144));
#2331=EDGE_LOOP('',(#10145,#10146,#10147,#10148));
#2332=EDGE_LOOP('',(#10149,#10150,#10151,#10152));
#2333=EDGE_LOOP('',(#10153,#10154,#10155,#10156,#10157,#10158,#10159));
#2334=EDGE_LOOP('',(#10160,#10161,#10162,#10163));
#2335=EDGE_LOOP('',(#10164,#10165,#10166,#10167));
#2336=EDGE_LOOP('',(#10168,#10169,#10170,#10171));
#2337=EDGE_LOOP('',(#10172,#10173,#10174,#10175,#10176,#10177,#10178));
#2338=EDGE_LOOP('',(#10179,#10180,#10181,#10182));
#2339=EDGE_LOOP('',(#10183,#10184,#10185,#10186));
#2340=EDGE_LOOP('',(#10187,#10188,#10189,#10190));
#2341=EDGE_LOOP('',(#10191,#10192,#10193,#10194));
#2342=EDGE_LOOP('',(#10195,#10196,#10197,#10198));
#2343=EDGE_LOOP('',(#10199,#10200,#10201,#10202));
#2344=EDGE_LOOP('',(#10203,#10204,#10205,#10206));
#2345=EDGE_LOOP('',(#10207,#10208,#10209,#10210));
#2346=EDGE_LOOP('',(#10211,#10212,#10213,#10214));
#2347=EDGE_LOOP('',(#10215,#10216,#10217,#10218));
#2348=EDGE_LOOP('',(#10219,#10220,#10221,#10222));
#2349=EDGE_LOOP('',(#10223,#10224,#10225,#10226,#10227,#10228));
#2350=EDGE_LOOP('',(#10229,#10230,#10231,#10232));
#2351=EDGE_LOOP('',(#10233,#10234,#10235,#10236));
#2352=EDGE_LOOP('',(#10237,#10238,#10239,#10240));
#2353=EDGE_LOOP('',(#10241,#10242,#10243,#10244));
#2354=EDGE_LOOP('',(#10245,#10246,#10247,#10248));
#2355=EDGE_LOOP('',(#10249,#10250,#10251,#10252));
#2356=EDGE_LOOP('',(#10253,#10254,#10255));
#2357=EDGE_LOOP('',(#10256,#10257,#10258));
#2358=EDGE_LOOP('',(#10259,#10260,#10261));
#2359=EDGE_LOOP('',(#10262,#10263,#10264));
#2360=EDGE_LOOP('',(#10265,#10266,#10267,#10268,#10269));
#2361=EDGE_LOOP('',(#10270,#10271,#10272,#10273,#10274));
#2362=EDGE_LOOP('',(#10275,#10276,#10277,#10278));
#2363=EDGE_LOOP('',(#10279,#10280,#10281,#10282));
#2364=EDGE_LOOP('',(#10283,#10284,#10285,#10286));
#2365=EDGE_LOOP('',(#10287,#10288,#10289,#10290));
#2366=EDGE_LOOP('',(#10291,#10292,#10293,#10294,#10295));
#2367=EDGE_LOOP('',(#10296,#10297,#10298,#10299));
#2368=EDGE_LOOP('',(#10300,#10301,#10302));
#2369=EDGE_LOOP('',(#10303,#10304,#10305));
#2370=EDGE_LOOP('',(#10306,#10307,#10308,#10309));
#2371=EDGE_LOOP('',(#10310,#10311,#10312,#10313,#10314,#10315));
#2372=EDGE_LOOP('',(#10316,#10317,#10318,#10319));
#2373=EDGE_LOOP('',(#10320,#10321,#10322,#10323,#10324,#10325));
#2374=EDGE_LOOP('',(#10326,#10327,#10328));
#2375=EDGE_LOOP('',(#10329,#10330,#10331));
#2376=EDGE_LOOP('',(#10332,#10333,#10334,#10335,#10336,#10337));
#2377=EDGE_LOOP('',(#10338,#10339,#10340,#10341));
#2378=EDGE_LOOP('',(#10342,#10343,#10344,#10345,#10346,#10347));
#2379=EDGE_LOOP('',(#10348,#10349,#10350,#10351));
#2380=EDGE_LOOP('',(#10352,#10353,#10354,#10355));
#2381=EDGE_LOOP('',(#10356,#10357,#10358,#10359,#10360,#10361));
#2382=EDGE_LOOP('',(#10362,#10363,#10364,#10365));
#2383=EDGE_LOOP('',(#10366,#10367,#10368,#10369));
#2384=EDGE_LOOP('',(#10370,#10371,#10372,#10373,#10374,#10375));
#2385=EDGE_LOOP('',(#10376,#10377,#10378,#10379));
#2386=EDGE_LOOP('',(#10380,#10381,#10382,#10383));
#2387=EDGE_LOOP('',(#10384,#10385,#10386,#10387));
#2388=EDGE_LOOP('',(#10388,#10389,#10390,#10391,#10392,#10393));
#2389=EDGE_LOOP('',(#10394,#10395,#10396,#10397));
#2390=EDGE_LOOP('',(#10398,#10399,#10400,#10401));
#2391=EDGE_LOOP('',(#10402,#10403,#10404,#10405,#10406,#10407));
#2392=EDGE_LOOP('',(#10408,#10409,#10410,#10411));
#2393=EDGE_LOOP('',(#10412,#10413,#10414,#10415));
#2394=EDGE_LOOP('',(#10416));
#2395=EDGE_LOOP('',(#10417));
#2396=EDGE_LOOP('',(#10418));
#2397=EDGE_LOOP('',(#10419));
#2398=EDGE_LOOP('',(#10420,#10421,#10422,#10423));
#2399=EDGE_LOOP('',(#10424,#10425,#10426,#10427));
#2400=EDGE_LOOP('',(#10428,#10429,#10430,#10431));
#2401=EDGE_LOOP('',(#10432));
#2402=EDGE_LOOP('',(#10433));
#2403=EDGE_LOOP('',(#10434));
#2404=EDGE_LOOP('',(#10435));
#2405=EDGE_LOOP('',(#10436,#10437,#10438,#10439));
#2406=EDGE_LOOP('',(#10440,#10441,#10442,#10443));
#2407=EDGE_LOOP('',(#10444,#10445,#10446,#10447));
#2408=EDGE_LOOP('',(#10448,#10449,#10450,#10451));
#2409=EDGE_LOOP('',(#10452,#10453,#10454,#10455));
#2410=EDGE_LOOP('',(#10456,#10457,#10458,#10459));
#2411=EDGE_LOOP('',(#10460,#10461,#10462,#10463));
#2412=EDGE_LOOP('',(#10464,#10465,#10466,#10467));
#2413=EDGE_LOOP('',(#10468));
#2414=EDGE_LOOP('',(#10469));
#2415=EDGE_LOOP('',(#10470));
#2416=EDGE_LOOP('',(#10471));
#2417=EDGE_LOOP('',(#10472,#10473,#10474,#10475));
#2418=EDGE_LOOP('',(#10476,#10477,#10478,#10479));
#2419=EDGE_LOOP('',(#10480));
#2420=EDGE_LOOP('',(#10481));
#2421=EDGE_LOOP('',(#10482));
#2422=EDGE_LOOP('',(#10483));
#2423=EDGE_LOOP('',(#10484,#10485,#10486,#10487));
#2424=EDGE_LOOP('',(#10488));
#2425=EDGE_LOOP('',(#10489,#10490,#10491,#10492));
#2426=EDGE_LOOP('',(#10493));
#2427=EDGE_LOOP('',(#10494,#10495,#10496,#10497));
#2428=EDGE_LOOP('',(#10498));
#2429=EDGE_LOOP('',(#10499,#10500,#10501,#10502));
#2430=EDGE_LOOP('',(#10503));
#2431=EDGE_LOOP('',(#10504,#10505,#10506,#10507));
#2432=EDGE_LOOP('',(#10508));
#2433=EDGE_LOOP('',(#10509,#10510,#10511,#10512));
#2434=EDGE_LOOP('',(#10513));
#2435=EDGE_LOOP('',(#10514,#10515,#10516,#10517));
#2436=EDGE_LOOP('',(#10518));
#2437=EDGE_LOOP('',(#10519,#10520,#10521,#10522));
#2438=EDGE_LOOP('',(#10523));
#2439=EDGE_LOOP('',(#10524));
#2440=EDGE_LOOP('',(#10525,#10526,#10527,#10528));
#2441=EDGE_LOOP('',(#10529));
#2442=EDGE_LOOP('',(#10530));
#2443=EDGE_LOOP('',(#10531));
#2444=EDGE_LOOP('',(#10532));
#2445=EDGE_LOOP('',(#10533));
#2446=EDGE_LOOP('',(#10534));
#2447=EDGE_LOOP('',(#10535));
#2448=EDGE_LOOP('',(#10536));
#2449=EDGE_LOOP('',(#10537));
#2450=EDGE_LOOP('',(#10538,#10539,#10540,#10541));
#2451=EDGE_LOOP('',(#10542));
#2452=EDGE_LOOP('',(#10543));
#2453=EDGE_LOOP('',(#10544,#10545,#10546,#10547));
#2454=EDGE_LOOP('',(#10548,#10549,#10550,#10551));
#2455=EDGE_LOOP('',(#10552,#10553,#10554,#10555));
#2456=EDGE_LOOP('',(#10556,#10557,#10558,#10559));
#2457=EDGE_LOOP('',(#10560,#10561,#10562,#10563));
#2458=EDGE_LOOP('',(#10564,#10565,#10566,#10567));
#2459=EDGE_LOOP('',(#10568,#10569,#10570,#10571));
#2460=EDGE_LOOP('',(#10572,#10573,#10574,#10575));
#2461=EDGE_LOOP('',(#10576,#10577,#10578,#10579));
#2462=EDGE_LOOP('',(#10580,#10581,#10582,#10583));
#2463=EDGE_LOOP('',(#10584));
#2464=EDGE_LOOP('',(#10585));
#2465=EDGE_LOOP('',(#10586));
#2466=EDGE_LOOP('',(#10587));
#2467=EDGE_LOOP('',(#10588));
#2468=EDGE_LOOP('',(#10589,#10590,#10591,#10592));
#2469=EDGE_LOOP('',(#10593));
#2470=EDGE_LOOP('',(#10594));
#2471=EDGE_LOOP('',(#10595));
#2472=EDGE_LOOP('',(#10596));
#2473=EDGE_LOOP('',(#10597));
#2474=EDGE_LOOP('',(#10598,#10599,#10600,#10601));
#2475=EDGE_LOOP('',(#10602,#10603,#10604,#10605));
#2476=EDGE_LOOP('',(#10606,#10607,#10608,#10609));
#2477=EDGE_LOOP('',(#10610,#10611,#10612,#10613));
#2478=EDGE_LOOP('',(#10614,#10615,#10616,#10617));
#2479=EDGE_LOOP('',(#10618,#10619,#10620,#10621));
#2480=EDGE_LOOP('',(#10622,#10623,#10624,#10625));
#2481=EDGE_LOOP('',(#10626,#10627,#10628,#10629));
#2482=EDGE_LOOP('',(#10630,#10631,#10632,#10633));
#2483=EDGE_LOOP('',(#10634,#10635,#10636,#10637));
#2484=EDGE_LOOP('',(#10638));
#2485=EDGE_LOOP('',(#10639));
#2486=EDGE_LOOP('',(#10640));
#2487=EDGE_LOOP('',(#10641));
#2488=EDGE_LOOP('',(#10642));
#2489=EDGE_LOOP('',(#10643,#10644,#10645,#10646));
#2490=EDGE_LOOP('',(#10647));
#2491=EDGE_LOOP('',(#10648));
#2492=EDGE_LOOP('',(#10649));
#2493=EDGE_LOOP('',(#10650));
#2494=EDGE_LOOP('',(#10651));
#2495=EDGE_LOOP('',(#10652,#10653,#10654,#10655));
#2496=EDGE_LOOP('',(#10656));
#2497=EDGE_LOOP('',(#10657));
#2498=EDGE_LOOP('',(#10658,#10659,#10660,#10661));
#2499=EDGE_LOOP('',(#10662,#10663,#10664,#10665));
#2500=EDGE_LOOP('',(#10666,#10667,#10668,#10669));
#2501=EDGE_LOOP('',(#10670,#10671,#10672,#10673));
#2502=EDGE_LOOP('',(#10674,#10675,#10676,#10677));
#2503=EDGE_LOOP('',(#10678,#10679,#10680,#10681));
#2504=EDGE_LOOP('',(#10682,#10683,#10684,#10685));
#2505=EDGE_LOOP('',(#10686,#10687,#10688,#10689));
#2506=EDGE_LOOP('',(#10690,#10691,#10692,#10693));
#2507=EDGE_LOOP('',(#10694));
#2508=EDGE_LOOP('',(#10695));
#2509=EDGE_LOOP('',(#10696));
#2510=EDGE_LOOP('',(#10697));
#2511=EDGE_LOOP('',(#10698,#10699,#10700,#10701));
#2512=EDGE_LOOP('',(#10702));
#2513=EDGE_LOOP('',(#10703));
#2514=EDGE_LOOP('',(#10704));
#2515=EDGE_LOOP('',(#10705));
#2516=EDGE_LOOP('',(#10706,#10707,#10708,#10709));
#2517=EDGE_LOOP('',(#10710,#10711,#10712,#10713));
#2518=EDGE_LOOP('',(#10714));
#2519=EDGE_LOOP('',(#10715));
#2520=EDGE_LOOP('',(#10716));
#2521=EDGE_LOOP('',(#10717));
#2522=EDGE_LOOP('',(#10718,#10719,#10720,#10721));
#2523=EDGE_LOOP('',(#10722,#10723,#10724,#10725));
#2524=EDGE_LOOP('',(#10726,#10727,#10728,#10729));
#2525=EDGE_LOOP('',(#10730,#10731,#10732,#10733));
#2526=EDGE_LOOP('',(#10734,#10735,#10736,#10737));
#2527=EDGE_LOOP('',(#10738,#10739,#10740,#10741));
#2528=EDGE_LOOP('',(#10742,#10743,#10744,#10745));
#2529=EDGE_LOOP('',(#10746,#10747,#10748,#10749));
#2530=EDGE_LOOP('',(#10750));
#2531=EDGE_LOOP('',(#10751));
#2532=EDGE_LOOP('',(#10752));
#2533=EDGE_LOOP('',(#10753));
#2534=EDGE_LOOP('',(#10754,#10755,#10756,#10757));
#2535=EDGE_LOOP('',(#10758,#10759,#10760,#10761));
#2536=EDGE_LOOP('',(#10762));
#2537=EDGE_LOOP('',(#10763));
#2538=EDGE_LOOP('',(#10764));
#2539=EDGE_LOOP('',(#10765));
#2540=EDGE_LOOP('',(#10766,#10767,#10768,#10769));
#2541=EDGE_LOOP('',(#10770,#10771,#10772,#10773));
#2542=EDGE_LOOP('',(#10774));
#2543=EDGE_LOOP('',(#10775));
#2544=EDGE_LOOP('',(#10776));
#2545=EDGE_LOOP('',(#10777));
#2546=EDGE_LOOP('',(#10778,#10779,#10780,#10781));
#2547=EDGE_LOOP('',(#10782,#10783,#10784,#10785));
#2548=EDGE_LOOP('',(#10786));
#2549=EDGE_LOOP('',(#10787));
#2550=EDGE_LOOP('',(#10788));
#2551=EDGE_LOOP('',(#10789));
#2552=EDGE_LOOP('',(#10790,#10791,#10792,#10793));
#2553=EDGE_LOOP('',(#10794));
#2554=EDGE_LOOP('',(#10795));
#2555=EDGE_LOOP('',(#10796,#10797,#10798,#10799));
#2556=EDGE_LOOP('',(#10800));
#2557=EDGE_LOOP('',(#10801));
#2558=EDGE_LOOP('',(#10802,#10803,#10804,#10805));
#2559=EDGE_LOOP('',(#10806,#10807,#10808,#10809));
#2560=EDGE_LOOP('',(#10810,#10811,#10812,#10813));
#2561=EDGE_LOOP('',(#10814,#10815,#10816,#10817,#10818));
#2562=EDGE_LOOP('',(#10819,#10820,#10821));
#2563=EDGE_LOOP('',(#10822,#10823,#10824));
#2564=EDGE_LOOP('',(#10825,#10826,#10827,#10828));
#2565=EDGE_LOOP('',(#10829,#10830,#10831,#10832));
#2566=EDGE_LOOP('',(#10833));
#2567=EDGE_LOOP('',(#10834));
#2568=EDGE_LOOP('',(#10835,#10836,#10837,#10838,#10839,#10840,#10841,#10842));
#2569=EDGE_LOOP('',(#10843,#10844,#10845,#10846));
#2570=EDGE_LOOP('',(#10847,#10848,#10849,#10850));
#2571=EDGE_LOOP('',(#10851,#10852,#10853,#10854));
#2572=EDGE_LOOP('',(#10855,#10856,#10857,#10858,#10859,#10860,#10861,#10862,
#10863));
#2573=EDGE_LOOP('',(#10864));
#2574=EDGE_LOOP('',(#10865));
#2575=EDGE_LOOP('',(#10866,#10867,#10868,#10869));
#2576=EDGE_LOOP('',(#10870,#10871,#10872,#10873));
#2577=EDGE_LOOP('',(#10874,#10875,#10876,#10877));
#2578=EDGE_LOOP('',(#10878,#10879,#10880,#10881,#10882));
#2579=EDGE_LOOP('',(#10883,#10884,#10885));
#2580=EDGE_LOOP('',(#10886,#10887,#10888,#10889));
#2581=EDGE_LOOP('',(#10890,#10891,#10892));
#2582=EDGE_LOOP('',(#10893,#10894,#10895,#10896,#10897,#10898,#10899,#10900,
#10901));
#2583=EDGE_LOOP('',(#10902));
#2584=EDGE_LOOP('',(#10903));
#2585=EDGE_LOOP('',(#10904,#10905,#10906,#10907));
#2586=EDGE_LOOP('',(#10908,#10909,#10910,#10911));
#2587=EDGE_LOOP('',(#10912,#10913,#10914,#10915,#10916,#10917,#10918,#10919));
#2588=EDGE_LOOP('',(#10920,#10921,#10922,#10923));
#2589=EDGE_LOOP('',(#10924,#10925,#10926,#10927));
#2590=EDGE_LOOP('',(#10928));
#2591=EDGE_LOOP('',(#10929));
#2592=EDGE_LOOP('',(#10930,#10931,#10932,#10933));
#2593=EDGE_LOOP('',(#10934,#10935,#10936,#10937));
#2594=EDGE_LOOP('',(#10938,#10939,#10940,#10941));
#2595=EDGE_LOOP('',(#10942,#10943,#10944,#10945));
#2596=EDGE_LOOP('',(#10946,#10947,#10948,#10949));
#2597=EDGE_LOOP('',(#10950,#10951,#10952,#10953));
#2598=EDGE_LOOP('',(#10954,#10955,#10956,#10957));
#2599=EDGE_LOOP('',(#10958,#10959,#10960,#10961));
#2600=EDGE_LOOP('',(#10962));
#2601=EDGE_LOOP('',(#10963));
#2602=EDGE_LOOP('',(#10964));
#2603=EDGE_LOOP('',(#10965));
#2604=EDGE_LOOP('',(#10966,#10967,#10968,#10969));
#2605=EDGE_LOOP('',(#10970,#10971,#10972,#10973));
#2606=EDGE_LOOP('',(#10974));
#2607=EDGE_LOOP('',(#10975));
#2608=EDGE_LOOP('',(#10976));
#2609=EDGE_LOOP('',(#10977));
#2610=EDGE_LOOP('',(#10978,#10979,#10980,#10981));
#2611=EDGE_LOOP('',(#10982,#10983,#10984,#10985));
#2612=EDGE_LOOP('',(#10986));
#2613=EDGE_LOOP('',(#10987));
#2614=EDGE_LOOP('',(#10988));
#2615=EDGE_LOOP('',(#10989));
#2616=EDGE_LOOP('',(#10990,#10991,#10992,#10993));
#2617=EDGE_LOOP('',(#10994,#10995,#10996,#10997));
#2618=EDGE_LOOP('',(#10998));
#2619=EDGE_LOOP('',(#10999));
#2620=EDGE_LOOP('',(#11000));
#2621=EDGE_LOOP('',(#11001));
#2622=EDGE_LOOP('',(#11002,#11003,#11004,#11005));
#2623=EDGE_LOOP('',(#11006,#11007,#11008,#11009));
#2624=EDGE_LOOP('',(#11010));
#2625=EDGE_LOOP('',(#11011));
#2626=EDGE_LOOP('',(#11012));
#2627=EDGE_LOOP('',(#11013));
#2628=EDGE_LOOP('',(#11014,#11015,#11016,#11017));
#2629=EDGE_LOOP('',(#11018,#11019,#11020,#11021));
#2630=EDGE_LOOP('',(#11022));
#2631=EDGE_LOOP('',(#11023));
#2632=EDGE_LOOP('',(#11024));
#2633=EDGE_LOOP('',(#11025));
#2634=EDGE_LOOP('',(#11026,#11027,#11028,#11029));
#2635=EDGE_LOOP('',(#11030,#11031,#11032,#11033));
#2636=EDGE_LOOP('',(#11034));
#2637=EDGE_LOOP('',(#11035));
#2638=EDGE_LOOP('',(#11036));
#2639=EDGE_LOOP('',(#11037));
#2640=EDGE_LOOP('',(#11038,#11039,#11040,#11041));
#2641=EDGE_LOOP('',(#11042,#11043,#11044,#11045));
#2642=EDGE_LOOP('',(#11046,#11047,#11048,#11049));
#2643=EDGE_LOOP('',(#11050,#11051,#11052,#11053,#11054,#11055,#11056,#11057));
#2644=EDGE_LOOP('',(#11058,#11059,#11060,#11061,#11062,#11063));
#2645=EDGE_LOOP('',(#11064,#11065,#11066,#11067));
#2646=EDGE_LOOP('',(#11068,#11069,#11070,#11071));
#2647=EDGE_LOOP('',(#11072,#11073,#11074,#11075));
#2648=EDGE_LOOP('',(#11076,#11077,#11078,#11079));
#2649=EDGE_LOOP('',(#11080,#11081,#11082,#11083));
#2650=EDGE_LOOP('',(#11084,#11085,#11086,#11087));
#2651=EDGE_LOOP('',(#11088,#11089,#11090,#11091,#11092,#11093,#11094,#11095));
#2652=EDGE_LOOP('',(#11096,#11097,#11098,#11099));
#2653=EDGE_LOOP('',(#11100,#11101,#11102,#11103));
#2654=EDGE_LOOP('',(#11104,#11105,#11106,#11107,#11108,#11109,#11110,#11111,
#11112,#11113,#11114,#11115));
#2655=EDGE_LOOP('',(#11116,#11117,#11118,#11119));
#2656=EDGE_LOOP('',(#11120,#11121,#11122,#11123,#11124,#11125));
#2657=EDGE_LOOP('',(#11126,#11127,#11128,#11129,#11130));
#2658=EDGE_LOOP('',(#11131,#11132,#11133,#11134));
#2659=EDGE_LOOP('',(#11135,#11136,#11137,#11138));
#2660=EDGE_LOOP('',(#11139,#11140,#11141,#11142,#11143));
#2661=EDGE_LOOP('',(#11144,#11145,#11146,#11147,#11148,#11149,#11150,#11151));
#2662=EDGE_LOOP('',(#11152,#11153,#11154,#11155,#11156,#11157,#11158,#11159,
#11160,#11161,#11162,#11163));
#2663=EDGE_LOOP('',(#11164,#11165,#11166,#11167,#11168));
#2664=EDGE_LOOP('',(#11169,#11170,#11171,#11172,#11173,#11174));
#2665=EDGE_LOOP('',(#11175,#11176,#11177,#11178));
#2666=EDGE_LOOP('',(#11179,#11180,#11181,#11182,#11183,#11184,#11185,#11186));
#2667=EDGE_LOOP('',(#11187,#11188,#11189,#11190,#11191,#11192));
#2668=EDGE_LOOP('',(#11193,#11194,#11195,#11196,#11197,#11198,#11199,#11200));
#2669=EDGE_LOOP('',(#11201,#11202,#11203,#11204));
#2670=EDGE_LOOP('',(#11205,#11206,#11207,#11208,#11209));
#2671=EDGE_LOOP('',(#11210,#11211,#11212,#11213));
#2672=EDGE_LOOP('',(#11214,#11215,#11216,#11217));
#2673=EDGE_LOOP('',(#11218,#11219,#11220,#11221));
#2674=EDGE_LOOP('',(#11222,#11223,#11224,#11225));
#2675=EDGE_LOOP('',(#11226,#11227,#11228,#11229));
#2676=EDGE_LOOP('',(#11230,#11231,#11232,#11233));
#2677=EDGE_LOOP('',(#11234));
#2678=EDGE_LOOP('',(#11235,#11236,#11237,#11238));
#2679=EDGE_LOOP('',(#11239));
#2680=EDGE_LOOP('',(#11240,#11241,#11242,#11243));
#2681=EDGE_LOOP('',(#11244,#11245,#11246,#11247));
#2682=EDGE_LOOP('',(#11248,#11249,#11250,#11251));
#2683=EDGE_LOOP('',(#11252,#11253,#11254,#11255));
#2684=EDGE_LOOP('',(#11256,#11257,#11258,#11259));
#2685=EDGE_LOOP('',(#11260,#11261,#11262,#11263));
#2686=EDGE_LOOP('',(#11264,#11265,#11266,#11267));
#2687=EDGE_LOOP('',(#11268,#11269,#11270,#11271));
#2688=EDGE_LOOP('',(#11272,#11273,#11274,#11275));
#2689=EDGE_LOOP('',(#11276,#11277,#11278,#11279,#11280,#11281,#11282));
#2690=EDGE_LOOP('',(#11283,#11284,#11285,#11286));
#2691=EDGE_LOOP('',(#11287,#11288,#11289,#11290,#11291,#11292,#11293));
#2692=EDGE_LOOP('',(#11294,#11295,#11296,#11297));
#2693=EDGE_LOOP('',(#11298,#11299,#11300,#11301));
#2694=EDGE_LOOP('',(#11302,#11303,#11304,#11305));
#2695=EDGE_LOOP('',(#11306,#11307,#11308,#11309));
#2696=EDGE_LOOP('',(#11310,#11311,#11312,#11313));
#2697=EDGE_LOOP('',(#11314,#11315,#11316,#11317));
#2698=EDGE_LOOP('',(#11318,#11319,#11320,#11321));
#2699=EDGE_LOOP('',(#11322,#11323,#11324,#11325));
#2700=EDGE_LOOP('',(#11326,#11327,#11328,#11329));
#2701=EDGE_LOOP('',(#11330,#11331,#11332,#11333));
#2702=EDGE_LOOP('',(#11334,#11335,#11336,#11337,#11338,#11339,#11340,#11341));
#2703=EDGE_LOOP('',(#11342,#11343,#11344,#11345,#11346,#11347,#11348,#11349));
#2704=EDGE_LOOP('',(#11350,#11351,#11352,#11353));
#2705=EDGE_LOOP('',(#11354,#11355,#11356,#11357));
#2706=EDGE_LOOP('',(#11358,#11359,#11360,#11361));
#2707=EDGE_LOOP('',(#11362,#11363,#11364,#11365));
#2708=EDGE_LOOP('',(#11366,#11367,#11368,#11369));
#2709=EDGE_LOOP('',(#11370,#11371,#11372,#11373));
#2710=EDGE_LOOP('',(#11374,#11375,#11376,#11377));
#2711=EDGE_LOOP('',(#11378,#11379,#11380,#11381));
#2712=EDGE_LOOP('',(#11382,#11383,#11384,#11385));
#2713=EDGE_LOOP('',(#11386,#11387,#11388,#11389));
#2714=EDGE_LOOP('',(#11390,#11391,#11392,#11393));
#2715=EDGE_LOOP('',(#11394,#11395,#11396,#11397));
#2716=EDGE_LOOP('',(#11398,#11399,#11400,#11401));
#2717=EDGE_LOOP('',(#11402,#11403,#11404,#11405));
#2718=EDGE_LOOP('',(#11406,#11407,#11408,#11409));
#2719=EDGE_LOOP('',(#11410,#11411,#11412,#11413));
#2720=EDGE_LOOP('',(#11414,#11415,#11416,#11417));
#2721=EDGE_LOOP('',(#11418,#11419,#11420,#11421));
#2722=EDGE_LOOP('',(#11422,#11423,#11424,#11425));
#2723=EDGE_LOOP('',(#11426,#11427,#11428,#11429));
#2724=EDGE_LOOP('',(#11430,#11431,#11432,#11433));
#2725=EDGE_LOOP('',(#11434));
#2726=EDGE_LOOP('',(#11435,#11436,#11437,#11438));
#2727=EDGE_LOOP('',(#11439,#11440,#11441,#11442));
#2728=EDGE_LOOP('',(#11443,#11444,#11445,#11446));
#2729=EDGE_LOOP('',(#11447,#11448,#11449,#11450));
#2730=EDGE_LOOP('',(#11451,#11452,#11453,#11454));
#2731=EDGE_LOOP('',(#11455));
#2732=EDGE_LOOP('',(#11456,#11457,#11458,#11459));
#2733=EDGE_LOOP('',(#11460,#11461,#11462,#11463));
#2734=EDGE_LOOP('',(#11464,#11465,#11466,#11467));
#2735=EDGE_LOOP('',(#11468,#11469,#11470,#11471));
#2736=EDGE_LOOP('',(#11472,#11473,#11474,#11475));
#2737=EDGE_LOOP('',(#11476));
#2738=EDGE_LOOP('',(#11477));
#2739=EDGE_LOOP('',(#11478,#11479,#11480,#11481));
#2740=EDGE_LOOP('',(#11482,#11483,#11484,#11485));
#2741=EDGE_LOOP('',(#11486,#11487,#11488,#11489));
#2742=EDGE_LOOP('',(#11490,#11491,#11492,#11493));
#2743=EDGE_LOOP('',(#11494,#11495,#11496,#11497));
#2744=EDGE_LOOP('',(#11498,#11499,#11500,#11501));
#2745=EDGE_LOOP('',(#11502,#11503,#11504,#11505,#11506,#11507));
#2746=EDGE_LOOP('',(#11508,#11509,#11510,#11511,#11512,#11513,#11514,#11515));
#2747=EDGE_LOOP('',(#11516,#11517,#11518,#11519,#11520,#11521));
#2748=EDGE_LOOP('',(#11522,#11523,#11524,#11525,#11526,#11527,#11528,#11529));
#2749=EDGE_LOOP('',(#11530,#11531,#11532,#11533));
#2750=EDGE_LOOP('',(#11534,#11535,#11536,#11537));
#2751=EDGE_LOOP('',(#11538,#11539,#11540,#11541));
#2752=EDGE_LOOP('',(#11542,#11543,#11544,#11545,#11546,#11547,#11548,#11549));
#2753=EDGE_LOOP('',(#11550,#11551,#11552,#11553));
#2754=EDGE_LOOP('',(#11554,#11555,#11556,#11557));
#2755=EDGE_LOOP('',(#11558,#11559,#11560,#11561,#11562,#11563));
#2756=EDGE_LOOP('',(#11564,#11565,#11566,#11567));
#2757=EDGE_LOOP('',(#11568,#11569,#11570,#11571));
#2758=EDGE_LOOP('',(#11572,#11573,#11574,#11575));
#2759=EDGE_LOOP('',(#11576));
#2760=EDGE_LOOP('',(#11577));
#2761=EDGE_LOOP('',(#11578));
#2762=EDGE_LOOP('',(#11579));
#2763=EDGE_LOOP('',(#11580,#11581,#11582,#11583));
#2764=EDGE_LOOP('',(#11584,#11585,#11586,#11587));
#2765=EDGE_LOOP('',(#11588));
#2766=EDGE_LOOP('',(#11589));
#2767=EDGE_LOOP('',(#11590));
#2768=EDGE_LOOP('',(#11591));
#2769=EDGE_LOOP('',(#11592,#11593,#11594,#11595));
#2770=EDGE_LOOP('',(#11596,#11597,#11598,#11599));
#2771=EDGE_LOOP('',(#11600));
#2772=EDGE_LOOP('',(#11601));
#2773=EDGE_LOOP('',(#11602));
#2774=EDGE_LOOP('',(#11603));
#2775=EDGE_LOOP('',(#11604,#11605,#11606,#11607));
#2776=EDGE_LOOP('',(#11608,#11609,#11610,#11611));
#2777=EDGE_LOOP('',(#11612));
#2778=EDGE_LOOP('',(#11613));
#2779=EDGE_LOOP('',(#11614));
#2780=EDGE_LOOP('',(#11615));
#2781=EDGE_LOOP('',(#11616,#11617,#11618,#11619));
#2782=EDGE_LOOP('',(#11620,#11621,#11622,#11623));
#2783=EDGE_LOOP('',(#11624));
#2784=EDGE_LOOP('',(#11625));
#2785=EDGE_LOOP('',(#11626));
#2786=EDGE_LOOP('',(#11627));
#2787=EDGE_LOOP('',(#11628,#11629,#11630,#11631));
#2788=EDGE_LOOP('',(#11632,#11633,#11634,#11635));
#2789=EDGE_LOOP('',(#11636));
#2790=EDGE_LOOP('',(#11637));
#2791=EDGE_LOOP('',(#11638));
#2792=EDGE_LOOP('',(#11639));
#2793=LINE('',#18456,#3987);
#2794=LINE('',#18462,#3988);
#2795=LINE('',#18468,#3989);
#2796=LINE('',#18474,#3990);
#2797=LINE('',#18480,#3991);
#2798=LINE('',#18486,#3992);
#2799=LINE('',#18492,#3993);
#2800=LINE('',#18498,#3994);
#2801=LINE('',#18506,#3995);
#2802=LINE('',#18508,#3996);
#2803=LINE('',#18510,#3997);
#2804=LINE('',#18511,#3998);
#2805=LINE('',#18516,#3999);
#2806=LINE('',#18517,#4000);
#2807=LINE('',#18520,#4001);
#2808=LINE('',#18521,#4002);
#2809=LINE('',#18524,#4003);
#2810=LINE('',#18525,#4004);
#2811=LINE('',#18530,#4005);
#2812=LINE('',#18537,#4006);
#2813=LINE('',#18543,#4007);
#2814=LINE('',#18549,#4008);
#2815=LINE('',#18555,#4009);
#2816=LINE('',#18561,#4010);
#2817=LINE('',#18567,#4011);
#2818=LINE('',#18573,#4012);
#2819=LINE('',#18579,#4013);
#2820=LINE('',#18589,#4014);
#2821=LINE('',#18601,#4015);
#2822=LINE('',#18603,#4016);
#2823=LINE('',#18606,#4017);
#2824=LINE('',#18615,#4018);
#2825=LINE('',#18621,#4019);
#2826=LINE('',#18627,#4020);
#2827=LINE('',#18633,#4021);
#2828=LINE('',#18639,#4022);
#2829=LINE('',#18645,#4023);
#2830=LINE('',#18651,#4024);
#2831=LINE('',#18657,#4025);
#2832=LINE('',#18663,#4026);
#2833=LINE('',#18669,#4027);
#2834=LINE('',#18675,#4028);
#2835=LINE('',#18680,#4029);
#2836=LINE('',#18684,#4030);
#2837=LINE('',#18689,#4031);
#2838=LINE('',#18693,#4032);
#2839=LINE('',#18698,#4033);
#2840=LINE('',#18702,#4034);
#2841=LINE('',#18707,#4035);
#2842=LINE('',#18711,#4036);
#2843=LINE('',#18715,#4037);
#2844=LINE('',#18717,#4038);
#2845=LINE('',#18718,#4039);
#2846=LINE('',#18721,#4040);
#2847=LINE('',#18723,#4041);
#2848=LINE('',#18724,#4042);
#2849=LINE('',#18727,#4043);
#2850=LINE('',#18729,#4044);
#2851=LINE('',#18730,#4045);
#2852=LINE('',#18733,#4046);
#2853=LINE('',#18735,#4047);
#2854=LINE('',#18736,#4048);
#2855=LINE('',#18740,#4049);
#2856=LINE('',#18742,#4050);
#2857=LINE('',#18744,#4051);
#2858=LINE('',#18745,#4052);
#2859=LINE('',#18749,#4053);
#2860=LINE('',#18751,#4054);
#2861=LINE('',#18753,#4055);
#2862=LINE('',#18754,#4056);
#2863=LINE('',#18758,#4057);
#2864=LINE('',#18759,#4058);
#2865=LINE('',#18760,#4059);
#2866=LINE('',#18763,#4060);
#2867=LINE('',#18765,#4061);
#2868=LINE('',#18766,#4062);
#2869=LINE('',#18770,#4063);
#2870=LINE('',#18772,#4064);
#2871=LINE('',#18774,#4065);
#2872=LINE('',#18775,#4066);
#2873=LINE('',#18778,#4067);
#2874=LINE('',#18780,#4068);
#2875=LINE('',#18781,#4069);
#2876=LINE('',#18785,#4070);
#2877=LINE('',#18786,#4071);
#2878=LINE('',#18787,#4072);
#2879=LINE('',#18789,#4073);
#2880=LINE('',#18790,#4074);
#2881=LINE('',#18793,#4075);
#2882=LINE('',#18795,#4076);
#2883=LINE('',#18796,#4077);
#2884=LINE('',#18807,#4078);
#2885=LINE('',#18811,#4079);
#2886=LINE('',#18813,#4080);
#2887=LINE('',#18815,#4081);
#2888=LINE('',#18820,#4082);
#2889=LINE('',#18822,#4083);
#2890=LINE('',#18824,#4084);
#2891=LINE('',#18828,#4085);
#2892=LINE('',#18834,#4086);
#2893=LINE('',#18839,#4087);
#2894=LINE('',#18843,#4088);
#2895=LINE('',#18844,#4089);
#2896=LINE('',#18845,#4090);
#2897=LINE('',#18848,#4091);
#2898=LINE('',#18850,#4092);
#2899=LINE('',#18851,#4093);
#2900=LINE('',#18853,#4094);
#2901=LINE('',#18856,#4095);
#2902=LINE('',#18857,#4096);
#2903=LINE('',#18859,#4097);
#2904=LINE('',#18861,#4098);
#2905=LINE('',#18864,#4099);
#2906=LINE('',#18865,#4100);
#2907=LINE('',#18876,#4101);
#2908=LINE('',#18882,#4102);
#2909=LINE('',#18884,#4103);
#2910=LINE('',#18886,#4104);
#2911=LINE('',#18887,#4105);
#2912=LINE('',#18892,#4106);
#2913=LINE('',#18893,#4107);
#2914=LINE('',#18896,#4108);
#2915=LINE('',#18898,#4109);
#2916=LINE('',#18899,#4110);
#2917=LINE('',#18901,#4111);
#2918=LINE('',#18908,#4112);
#2919=LINE('',#18919,#4113);
#2920=LINE('',#18931,#4114);
#2921=LINE('',#18933,#4115);
#2922=LINE('',#18936,#4116);
#2923=LINE('',#18945,#4117);
#2924=LINE('',#18951,#4118);
#2925=LINE('',#18957,#4119);
#2926=LINE('',#18963,#4120);
#2927=LINE('',#18969,#4121);
#2928=LINE('',#18978,#4122);
#2929=LINE('',#18984,#4123);
#2930=LINE('',#18988,#4124);
#2931=LINE('',#18990,#4125);
#2932=LINE('',#18992,#4126);
#2933=LINE('',#18993,#4127);
#2934=LINE('',#18996,#4128);
#2935=LINE('',#18998,#4129);
#2936=LINE('',#18999,#4130);
#2937=LINE('',#19002,#4131);
#2938=LINE('',#19004,#4132);
#2939=LINE('',#19005,#4133);
#2940=LINE('',#19007,#4134);
#2941=LINE('',#19008,#4135);
#2942=LINE('',#19016,#4136);
#2943=LINE('',#19022,#4137);
#2944=LINE('',#19028,#4138);
#2945=LINE('',#19034,#4139);
#2946=LINE('',#19040,#4140);
#2947=LINE('',#19046,#4141);
#2948=LINE('',#19052,#4142);
#2949=LINE('',#19058,#4143);
#2950=LINE('',#19064,#4144);
#2951=LINE('',#19070,#4145);
#2952=LINE('',#19076,#4146);
#2953=LINE('',#19081,#4147);
#2954=LINE('',#19083,#4148);
#2955=LINE('',#19085,#4149);
#2956=LINE('',#19086,#4150);
#2957=LINE('',#19089,#4151);
#2958=LINE('',#19091,#4152);
#2959=LINE('',#19092,#4153);
#2960=LINE('',#19095,#4154);
#2961=LINE('',#19097,#4155);
#2962=LINE('',#19098,#4156);
#2963=LINE('',#19100,#4157);
#2964=LINE('',#19101,#4158);
#2965=LINE('',#19108,#4159);
#2966=LINE('',#19112,#4160);
#2967=LINE('',#19118,#4161);
#2968=LINE('',#19124,#4162);
#2969=LINE('',#19131,#4163);
#2970=LINE('',#19133,#4164);
#2971=LINE('',#19135,#4165);
#2972=LINE('',#19139,#4166);
#2973=LINE('',#19141,#4167);
#2974=LINE('',#19143,#4168);
#2975=LINE('',#19147,#4169);
#2976=LINE('',#19149,#4170);
#2977=LINE('',#19151,#4171);
#2978=LINE('',#19155,#4172);
#2979=LINE('',#19157,#4173);
#2980=LINE('',#19158,#4174);
#2981=LINE('',#19170,#4175);
#2982=LINE('',#19174,#4176);
#2983=LINE('',#19178,#4177);
#2984=LINE('',#19182,#4178);
#2985=LINE('',#19188,#4179);
#2986=LINE('',#19191,#4180);
#2987=LINE('',#19196,#4181);
#2988=LINE('',#19199,#4182);
#2989=LINE('',#19203,#4183);
#2990=LINE('',#19207,#4184);
#2991=LINE('',#19210,#4185);
#2992=LINE('',#19215,#4186);
#2993=LINE('',#19219,#4187);
#2994=LINE('',#19221,#4188);
#2995=LINE('',#19225,#4189);
#2996=LINE('',#19227,#4190);
#2997=LINE('',#19229,#4191);
#2998=LINE('',#19233,#4192);
#2999=LINE('',#19235,#4193);
#3000=LINE('',#19237,#4194);
#3001=LINE('',#19241,#4195);
#3002=LINE('',#19243,#4196);
#3003=LINE('',#19245,#4197);
#3004=LINE('',#19248,#4198);
#3005=LINE('',#19252,#4199);
#3006=LINE('',#19256,#4200);
#3007=LINE('',#19260,#4201);
#3008=LINE('',#19264,#4202);
#3009=LINE('',#19270,#4203);
#3010=LINE('',#19273,#4204);
#3011=LINE('',#19278,#4205);
#3012=LINE('',#19281,#4206);
#3013=LINE('',#19284,#4207);
#3014=LINE('',#19285,#4208);
#3015=LINE('',#19287,#4209);
#3016=LINE('',#19288,#4210);
#3017=LINE('',#19290,#4211);
#3018=LINE('',#19291,#4212);
#3019=LINE('',#19293,#4213);
#3020=LINE('',#19294,#4214);
#3021=LINE('',#19296,#4215);
#3022=LINE('',#19298,#4216);
#3023=LINE('',#19300,#4217);
#3024=LINE('',#19302,#4218);
#3025=LINE('',#19304,#4219);
#3026=LINE('',#19305,#4220);
#3027=LINE('',#19307,#4221);
#3028=LINE('',#19308,#4222);
#3029=LINE('',#19310,#4223);
#3030=LINE('',#19312,#4224);
#3031=LINE('',#19314,#4225);
#3032=LINE('',#19315,#4226);
#3033=LINE('',#19317,#4227);
#3034=LINE('',#19319,#4228);
#3035=LINE('',#19322,#4229);
#3036=LINE('',#19326,#4230);
#3037=LINE('',#19329,#4231);
#3038=LINE('',#19331,#4232);
#3039=LINE('',#19333,#4233);
#3040=LINE('',#19334,#4234);
#3041=LINE('',#19336,#4235);
#3042=LINE('',#19337,#4236);
#3043=LINE('',#19340,#4237);
#3044=LINE('',#19344,#4238);
#3045=LINE('',#19351,#4239);
#3046=LINE('',#19353,#4240);
#3047=LINE('',#19355,#4241);
#3048=LINE('',#19356,#4242);
#3049=LINE('',#19359,#4243);
#3050=LINE('',#19361,#4244);
#3051=LINE('',#19362,#4245);
#3052=LINE('',#19365,#4246);
#3053=LINE('',#19367,#4247);
#3054=LINE('',#19368,#4248);
#3055=LINE('',#19370,#4249);
#3056=LINE('',#19371,#4250);
#3057=LINE('',#19378,#4251);
#3058=LINE('',#19380,#4252);
#3059=LINE('',#19382,#4253);
#3060=LINE('',#19383,#4254);
#3061=LINE('',#19386,#4255);
#3062=LINE('',#19388,#4256);
#3063=LINE('',#19389,#4257);
#3064=LINE('',#19392,#4258);
#3065=LINE('',#19394,#4259);
#3066=LINE('',#19395,#4260);
#3067=LINE('',#19397,#4261);
#3068=LINE('',#19398,#4262);
#3069=LINE('',#19406,#4263);
#3070=LINE('',#19413,#4264);
#3071=LINE('',#19420,#4265);
#3072=LINE('',#19426,#4266);
#3073=LINE('',#19433,#4267);
#3074=LINE('',#19439,#4268);
#3075=LINE('',#19445,#4269);
#3076=LINE('',#19447,#4270);
#3077=LINE('',#19449,#4271);
#3078=LINE('',#19450,#4272);
#3079=LINE('',#19453,#4273);
#3080=LINE('',#19455,#4274);
#3081=LINE('',#19456,#4275);
#3082=LINE('',#19459,#4276);
#3083=LINE('',#19461,#4277);
#3084=LINE('',#19462,#4278);
#3085=LINE('',#19465,#4279);
#3086=LINE('',#19467,#4280);
#3087=LINE('',#19469,#4281);
#3088=LINE('',#19471,#4282);
#3089=LINE('',#19473,#4283);
#3090=LINE('',#19475,#4284);
#3091=LINE('',#19476,#4285);
#3092=LINE('',#19479,#4286);
#3093=LINE('',#19481,#4287);
#3094=LINE('',#19482,#4288);
#3095=LINE('',#19485,#4289);
#3096=LINE('',#19486,#4290);
#3097=LINE('',#19489,#4291);
#3098=LINE('',#19490,#4292);
#3099=LINE('',#19493,#4293);
#3100=LINE('',#19495,#4294);
#3101=LINE('',#19496,#4295);
#3102=LINE('',#19497,#4296);
#3103=LINE('',#19500,#4297);
#3104=LINE('',#19502,#4298);
#3105=LINE('',#19509,#4299);
#3106=LINE('',#19515,#4300);
#3107=LINE('',#19521,#4301);
#3108=LINE('',#19527,#4302);
#3109=LINE('',#19533,#4303);
#3110=LINE('',#19538,#4304);
#3111=LINE('',#19540,#4305);
#3112=LINE('',#19542,#4306);
#3113=LINE('',#19543,#4307);
#3114=LINE('',#19546,#4308);
#3115=LINE('',#19548,#4309);
#3116=LINE('',#19549,#4310);
#3117=LINE('',#19553,#4311);
#3118=LINE('',#19555,#4312);
#3119=LINE('',#19556,#4313);
#3120=LINE('',#19557,#4314);
#3121=LINE('',#19561,#4315);
#3122=LINE('',#19563,#4316);
#3123=LINE('',#19568,#4317);
#3124=LINE('',#19569,#4318);
#3125=LINE('',#19570,#4319);
#3126=LINE('',#19575,#4320);
#3127=LINE('',#19583,#4321);
#3128=LINE('',#19585,#4322);
#3129=LINE('',#19587,#4323);
#3130=LINE('',#19588,#4324);
#3131=LINE('',#19591,#4325);
#3132=LINE('',#19593,#4326);
#3133=LINE('',#19594,#4327);
#3134=LINE('',#19597,#4328);
#3135=LINE('',#19599,#4329);
#3136=LINE('',#19600,#4330);
#3137=LINE('',#19602,#4331);
#3138=LINE('',#19603,#4332);
#3139=LINE('',#19610,#4333);
#3140=LINE('',#19616,#4334);
#3141=LINE('',#19622,#4335);
#3142=LINE('',#19628,#4336);
#3143=LINE('',#19634,#4337);
#3144=LINE('',#19640,#4338);
#3145=LINE('',#19646,#4339);
#3146=LINE('',#19651,#4340);
#3147=LINE('',#19653,#4341);
#3148=LINE('',#19655,#4342);
#3149=LINE('',#19656,#4343);
#3150=LINE('',#19660,#4344);
#3151=LINE('',#19662,#4345);
#3152=LINE('',#19664,#4346);
#3153=LINE('',#19665,#4347);
#3154=LINE('',#19669,#4348);
#3155=LINE('',#19671,#4349);
#3156=LINE('',#19673,#4350);
#3157=LINE('',#19674,#4351);
#3158=LINE('',#19676,#4352);
#3159=LINE('',#19677,#4353);
#3160=LINE('',#19681,#4354);
#3161=LINE('',#19683,#4355);
#3162=LINE('',#19685,#4356);
#3163=LINE('',#19686,#4357);
#3164=LINE('',#19688,#4358);
#3165=LINE('',#19689,#4359);
#3166=LINE('',#19692,#4360);
#3167=LINE('',#19694,#4361);
#3168=LINE('',#19695,#4362);
#3169=LINE('',#19698,#4363);
#3170=LINE('',#19700,#4364);
#3171=LINE('',#19702,#4365);
#3172=LINE('',#19704,#4366);
#3173=LINE('',#19706,#4367);
#3174=LINE('',#19708,#4368);
#3175=LINE('',#19710,#4369);
#3176=LINE('',#19712,#4370);
#3177=LINE('',#19714,#4371);
#3178=LINE('',#19716,#4372);
#3179=LINE('',#19718,#4373);
#3180=LINE('',#19720,#4374);
#3181=LINE('',#19722,#4375);
#3182=LINE('',#19724,#4376);
#3183=LINE('',#19726,#4377);
#3184=LINE('',#19728,#4378);
#3185=LINE('',#19730,#4379);
#3186=LINE('',#19732,#4380);
#3187=LINE('',#19734,#4381);
#3188=LINE('',#19736,#4382);
#3189=LINE('',#19738,#4383);
#3190=LINE('',#19740,#4384);
#3191=LINE('',#19742,#4385);
#3192=LINE('',#19744,#4386);
#3193=LINE('',#19746,#4387);
#3194=LINE('',#19748,#4388);
#3195=LINE('',#19750,#4389);
#3196=LINE('',#19752,#4390);
#3197=LINE('',#19754,#4391);
#3198=LINE('',#19756,#4392);
#3199=LINE('',#19758,#4393);
#3200=LINE('',#19760,#4394);
#3201=LINE('',#19762,#4395);
#3202=LINE('',#19764,#4396);
#3203=LINE('',#19765,#4397);
#3204=LINE('',#19767,#4398);
#3205=LINE('',#19768,#4399);
#3206=LINE('',#19771,#4400);
#3207=LINE('',#19772,#4401);
#3208=LINE('',#19775,#4402);
#3209=LINE('',#19777,#4403);
#3210=LINE('',#19778,#4404);
#3211=LINE('',#19781,#4405);
#3212=LINE('',#19783,#4406);
#3213=LINE('',#19784,#4407);
#3214=LINE('',#19787,#4408);
#3215=LINE('',#19789,#4409);
#3216=LINE('',#19790,#4410);
#3217=LINE('',#19793,#4411);
#3218=LINE('',#19794,#4412);
#3219=LINE('',#19797,#4413);
#3220=LINE('',#19798,#4414);
#3221=LINE('',#19800,#4415);
#3222=LINE('',#19803,#4416);
#3223=LINE('',#19804,#4417);
#3224=LINE('',#19807,#4418);
#3225=LINE('',#19808,#4419);
#3226=LINE('',#19811,#4420);
#3227=LINE('',#19812,#4421);
#3228=LINE('',#19815,#4422);
#3229=LINE('',#19817,#4423);
#3230=LINE('',#19818,#4424);
#3231=LINE('',#19821,#4425);
#3232=LINE('',#19823,#4426);
#3233=LINE('',#19824,#4427);
#3234=LINE('',#19827,#4428);
#3235=LINE('',#19829,#4429);
#3236=LINE('',#19830,#4430);
#3237=LINE('',#19833,#4431);
#3238=LINE('',#19834,#4432);
#3239=LINE('',#19837,#4433);
#3240=LINE('',#19838,#4434);
#3241=LINE('',#19840,#4435);
#3242=LINE('',#19843,#4436);
#3243=LINE('',#19844,#4437);
#3244=LINE('',#19847,#4438);
#3245=LINE('',#19848,#4439);
#3246=LINE('',#19851,#4440);
#3247=LINE('',#19852,#4441);
#3248=LINE('',#19855,#4442);
#3249=LINE('',#19856,#4443);
#3250=LINE('',#19859,#4444);
#3251=LINE('',#19860,#4445);
#3252=LINE('',#19863,#4446);
#3253=LINE('',#19865,#4447);
#3254=LINE('',#19866,#4448);
#3255=LINE('',#19869,#4449);
#3256=LINE('',#19871,#4450);
#3257=LINE('',#19872,#4451);
#3258=LINE('',#19875,#4452);
#3259=LINE('',#19876,#4453);
#3260=LINE('',#19879,#4454);
#3261=LINE('',#19880,#4455);
#3262=LINE('',#19883,#4456);
#3263=LINE('',#19884,#4457);
#3264=LINE('',#19886,#4458);
#3265=LINE('',#19889,#4459);
#3266=LINE('',#19890,#4460);
#3267=LINE('',#19892,#4461);
#3268=LINE('',#19894,#4462);
#3269=LINE('',#19897,#4463);
#3270=LINE('',#19898,#4464);
#3271=LINE('',#19900,#4465);
#3272=LINE('',#19902,#4466);
#3273=LINE('',#19904,#4467);
#3274=LINE('',#19906,#4468);
#3275=LINE('',#19907,#4469);
#3276=LINE('',#19908,#4470);
#3277=LINE('',#19911,#4471);
#3278=LINE('',#19918,#4472);
#3279=LINE('',#19920,#4473);
#3280=LINE('',#19922,#4474);
#3281=LINE('',#19924,#4475);
#3282=LINE('',#19926,#4476);
#3283=LINE('',#19928,#4477);
#3284=LINE('',#19929,#4478);
#3285=LINE('',#19932,#4479);
#3286=LINE('',#19934,#4480);
#3287=LINE('',#19936,#4481);
#3288=LINE('',#19938,#4482);
#3289=LINE('',#19940,#4483);
#3290=LINE('',#19941,#4484);
#3291=LINE('',#19944,#4485);
#3292=LINE('',#19946,#4486);
#3293=LINE('',#19947,#4487);
#3294=LINE('',#19949,#4488);
#3295=LINE('',#19950,#4489);
#3296=LINE('',#19953,#4490);
#3297=LINE('',#19954,#4491);
#3298=LINE('',#19960,#4492);
#3299=LINE('',#19964,#4493);
#3300=LINE('',#19970,#4494);
#3301=LINE('',#19974,#4495);
#3302=LINE('',#19978,#4496);
#3303=LINE('',#19982,#4497);
#3304=LINE('',#19986,#4498);
#3305=LINE('',#19990,#4499);
#3306=LINE('',#19994,#4500);
#3307=LINE('',#19998,#4501);
#3308=LINE('',#20002,#4502);
#3309=LINE('',#20006,#4503);
#3310=LINE('',#20012,#4504);
#3311=LINE('',#20016,#4505);
#3312=LINE('',#20020,#4506);
#3313=LINE('',#20024,#4507);
#3314=LINE('',#20030,#4508);
#3315=LINE('',#20034,#4509);
#3316=LINE('',#20038,#4510);
#3317=LINE('',#20042,#4511);
#3318=LINE('',#20046,#4512);
#3319=LINE('',#20049,#4513);
#3320=LINE('',#20051,#4514);
#3321=LINE('',#20052,#4515);
#3322=LINE('',#20054,#4516);
#3323=LINE('',#20057,#4517);
#3324=LINE('',#20058,#4518);
#3325=LINE('',#20060,#4519);
#3326=LINE('',#20066,#4520);
#3327=LINE('',#20070,#4521);
#3328=LINE('',#20072,#4522);
#3329=LINE('',#20076,#4523);
#3330=LINE('',#20080,#4524);
#3331=LINE('',#20084,#4525);
#3332=LINE('',#20086,#4526);
#3333=LINE('',#20090,#4527);
#3334=LINE('',#20094,#4528);
#3335=LINE('',#20098,#4529);
#3336=LINE('',#20100,#4530);
#3337=LINE('',#20104,#4531);
#3338=LINE('',#20108,#4532);
#3339=LINE('',#20112,#4533);
#3340=LINE('',#20114,#4534);
#3341=LINE('',#20118,#4535);
#3342=LINE('',#20122,#4536);
#3343=LINE('',#20123,#4537);
#3344=LINE('',#20126,#4538);
#3345=LINE('',#20128,#4539);
#3346=LINE('',#20130,#4540);
#3347=LINE('',#20132,#4541);
#3348=LINE('',#20134,#4542);
#3349=LINE('',#20136,#4543);
#3350=LINE('',#20138,#4544);
#3351=LINE('',#20139,#4545);
#3352=LINE('',#20141,#4546);
#3353=LINE('',#20143,#4547);
#3354=LINE('',#20144,#4548);
#3355=LINE('',#20146,#4549);
#3356=LINE('',#20148,#4550);
#3357=LINE('',#20150,#4551);
#3358=LINE('',#20152,#4552);
#3359=LINE('',#20154,#4553);
#3360=LINE('',#20156,#4554);
#3361=LINE('',#20158,#4555);
#3362=LINE('',#20159,#4556);
#3363=LINE('',#20161,#4557);
#3364=LINE('',#20163,#4558);
#3365=LINE('',#20164,#4559);
#3366=LINE('',#20166,#4560);
#3367=LINE('',#20168,#4561);
#3368=LINE('',#20170,#4562);
#3369=LINE('',#20172,#4563);
#3370=LINE('',#20174,#4564);
#3371=LINE('',#20176,#4565);
#3372=LINE('',#20178,#4566);
#3373=LINE('',#20179,#4567);
#3374=LINE('',#20181,#4568);
#3375=LINE('',#20183,#4569);
#3376=LINE('',#20184,#4570);
#3377=LINE('',#20186,#4571);
#3378=LINE('',#20188,#4572);
#3379=LINE('',#20190,#4573);
#3380=LINE('',#20192,#4574);
#3381=LINE('',#20194,#4575);
#3382=LINE('',#20196,#4576);
#3383=LINE('',#20198,#4577);
#3384=LINE('',#20199,#4578);
#3385=LINE('',#20201,#4579);
#3386=LINE('',#20203,#4580);
#3387=LINE('',#20204,#4581);
#3388=LINE('',#20209,#4582);
#3389=LINE('',#20213,#4583);
#3390=LINE('',#20217,#4584);
#3391=LINE('',#20219,#4585);
#3392=LINE('',#20223,#4586);
#3393=LINE('',#20227,#4587);
#3394=LINE('',#20231,#4588);
#3395=LINE('',#20233,#4589);
#3396=LINE('',#20237,#4590);
#3397=LINE('',#20241,#4591);
#3398=LINE('',#20245,#4592);
#3399=LINE('',#20247,#4593);
#3400=LINE('',#20251,#4594);
#3401=LINE('',#20255,#4595);
#3402=LINE('',#20259,#4596);
#3403=LINE('',#20260,#4597);
#3404=LINE('',#20264,#4598);
#3405=LINE('',#20265,#4599);
#3406=LINE('',#20266,#4600);
#3407=LINE('',#20269,#4601);
#3408=LINE('',#20270,#4602);
#3409=LINE('',#20273,#4603);
#3410=LINE('',#20276,#4604);
#3411=LINE('',#20281,#4605);
#3412=LINE('',#20282,#4606);
#3413=LINE('',#20283,#4607);
#3414=LINE('',#20286,#4608);
#3415=LINE('',#20287,#4609);
#3416=LINE('',#20290,#4610);
#3417=LINE('',#20292,#4611);
#3418=LINE('',#20294,#4612);
#3419=LINE('',#20296,#4613);
#3420=LINE('',#20297,#4614);
#3421=LINE('',#20298,#4615);
#3422=LINE('',#20300,#4616);
#3423=LINE('',#20301,#4617);
#3424=LINE('',#20304,#4618);
#3425=LINE('',#20305,#4619);
#3426=LINE('',#20309,#4620);
#3427=LINE('',#20311,#4621);
#3428=LINE('',#20313,#4622);
#3429=LINE('',#20316,#4623);
#3430=LINE('',#20318,#4624);
#3431=LINE('',#20320,#4625);
#3432=LINE('',#20321,#4626);
#3433=LINE('',#20325,#4627);
#3434=LINE('',#20327,#4628);
#3435=LINE('',#20328,#4629);
#3436=LINE('',#20330,#4630);
#3437=LINE('',#20332,#4631);
#3438=LINE('',#20333,#4632);
#3439=LINE('',#20335,#4633);
#3440=LINE('',#20338,#4634);
#3441=LINE('',#20340,#4635);
#3442=LINE('',#20341,#4636);
#3443=LINE('',#20344,#4637);
#3444=LINE('',#20345,#4638);
#3445=LINE('',#20347,#4639);
#3446=LINE('',#20349,#4640);
#3447=LINE('',#20350,#4641);
#3448=LINE('',#20352,#4642);
#3449=LINE('',#20355,#4643);
#3450=LINE('',#20356,#4644);
#3451=LINE('',#20359,#4645);
#3452=LINE('',#20360,#4646);
#3453=LINE('',#20363,#4647);
#3454=LINE('',#20366,#4648);
#3455=LINE('',#20368,#4649);
#3456=LINE('',#20370,#4650);
#3457=LINE('',#20372,#4651);
#3458=LINE('',#20373,#4652);
#3459=LINE('',#20376,#4653);
#3460=LINE('',#20377,#4654);
#3461=LINE('',#20379,#4655);
#3462=LINE('',#20381,#4656);
#3463=LINE('',#20384,#4657);
#3464=LINE('',#20387,#4658);
#3465=LINE('',#20389,#4659);
#3466=LINE('',#20390,#4660);
#3467=LINE('',#20392,#4661);
#3468=LINE('',#20394,#4662);
#3469=LINE('',#20395,#4663);
#3470=LINE('',#20398,#4664);
#3471=LINE('',#20399,#4665);
#3472=LINE('',#20402,#4666);
#3473=LINE('',#20403,#4667);
#3474=LINE('',#20407,#4668);
#3475=LINE('',#20408,#4669);
#3476=LINE('',#20411,#4670);
#3477=LINE('',#20413,#4671);
#3478=LINE('',#20414,#4672);
#3479=LINE('',#20416,#4673);
#3480=LINE('',#20418,#4674);
#3481=LINE('',#20419,#4675);
#3482=LINE('',#20423,#4676);
#3483=LINE('',#20424,#4677);
#3484=LINE('',#20426,#4678);
#3485=LINE('',#20427,#4679);
#3486=LINE('',#20429,#4680);
#3487=LINE('',#20431,#4681);
#3488=LINE('',#20433,#4682);
#3489=LINE('',#20435,#4683);
#3490=LINE('',#20437,#4684);
#3491=LINE('',#20438,#4685);
#3492=LINE('',#20440,#4686);
#3493=LINE('',#20441,#4687);
#3494=LINE('',#20443,#4688);
#3495=LINE('',#20444,#4689);
#3496=LINE('',#20446,#4690);
#3497=LINE('',#20447,#4691);
#3498=LINE('',#20454,#4692);
#3499=LINE('',#20455,#4693);
#3500=LINE('',#20458,#4694);
#3501=LINE('',#20459,#4695);
#3502=LINE('',#20461,#4696);
#3503=LINE('',#20464,#4697);
#3504=LINE('',#20465,#4698);
#3505=LINE('',#20468,#4699);
#3506=LINE('',#20469,#4700);
#3507=LINE('',#20471,#4701);
#3508=LINE('',#20473,#4702);
#3509=LINE('',#20475,#4703);
#3510=LINE('',#20477,#4704);
#3511=LINE('',#20479,#4705);
#3512=LINE('',#20486,#4706);
#3513=LINE('',#20489,#4707);
#3514=LINE('',#20490,#4708);
#3515=LINE('',#20492,#4709);
#3516=LINE('',#20493,#4710);
#3517=LINE('',#20495,#4711);
#3518=LINE('',#20497,#4712);
#3519=LINE('',#20501,#4713);
#3520=LINE('',#20507,#4714);
#3521=LINE('',#20509,#4715);
#3522=LINE('',#20510,#4716);
#3523=LINE('',#20514,#4717);
#3524=LINE('',#20515,#4718);
#3525=LINE('',#20516,#4719);
#3526=LINE('',#20518,#4720);
#3527=LINE('',#20520,#4721);
#3528=LINE('',#20524,#4722);
#3529=LINE('',#20526,#4723);
#3530=LINE('',#20527,#4724);
#3531=LINE('',#20530,#4725);
#3532=LINE('',#20531,#4726);
#3533=LINE('',#20534,#4727);
#3534=LINE('',#20535,#4728);
#3535=LINE('',#20537,#4729);
#3536=LINE('',#20540,#4730);
#3537=LINE('',#20544,#4731);
#3538=LINE('',#20546,#4732);
#3539=LINE('',#20547,#4733);
#3540=LINE('',#20550,#4734);
#3541=LINE('',#20551,#4735);
#3542=LINE('',#20554,#4736);
#3543=LINE('',#20555,#4737);
#3544=LINE('',#20557,#4738);
#3545=LINE('',#20564,#4739);
#3546=LINE('',#20574,#4740);
#3547=LINE('',#20579,#4741);
#3548=LINE('',#20584,#4742);
#3549=LINE('',#20592,#4743);
#3550=LINE('',#20594,#4744);
#3551=LINE('',#20596,#4745);
#3552=LINE('',#20597,#4746);
#3553=LINE('',#20601,#4747);
#3554=LINE('',#20603,#4748);
#3555=LINE('',#20605,#4749);
#3556=LINE('',#20606,#4750);
#3557=LINE('',#20620,#4751);
#3558=LINE('',#20626,#4752);
#3559=LINE('',#20635,#4753);
#3560=LINE('',#20641,#4754);
#3561=LINE('',#20650,#4755);
#3562=LINE('',#20657,#4756);
#3563=LINE('',#20664,#4757);
#3564=LINE('',#20671,#4758);
#3565=LINE('',#20678,#4759);
#3566=LINE('',#20685,#4760);
#3567=LINE('',#20692,#4761);
#3568=LINE('',#20699,#4762);
#3569=LINE('',#20706,#4763);
#3570=LINE('',#20715,#4764);
#3571=LINE('',#20724,#4765);
#3572=LINE('',#20730,#4766);
#3573=LINE('',#20736,#4767);
#3574=LINE('',#20742,#4768);
#3575=LINE('',#20748,#4769);
#3576=LINE('',#20753,#4770);
#3577=LINE('',#20755,#4771);
#3578=LINE('',#20757,#4772);
#3579=LINE('',#20758,#4773);
#3580=LINE('',#20761,#4774);
#3581=LINE('',#20763,#4775);
#3582=LINE('',#20764,#4776);
#3583=LINE('',#20767,#4777);
#3584=LINE('',#20769,#4778);
#3585=LINE('',#20770,#4779);
#3586=LINE('',#20772,#4780);
#3587=LINE('',#20773,#4781);
#3588=LINE('',#20781,#4782);
#3589=LINE('',#20787,#4783);
#3590=LINE('',#20793,#4784);
#3591=LINE('',#20799,#4785);
#3592=LINE('',#20805,#4786);
#3593=LINE('',#20810,#4787);
#3594=LINE('',#20812,#4788);
#3595=LINE('',#20814,#4789);
#3596=LINE('',#20815,#4790);
#3597=LINE('',#20818,#4791);
#3598=LINE('',#20820,#4792);
#3599=LINE('',#20821,#4793);
#3600=LINE('',#20824,#4794);
#3601=LINE('',#20826,#4795);
#3602=LINE('',#20827,#4796);
#3603=LINE('',#20829,#4797);
#3604=LINE('',#20830,#4798);
#3605=LINE('',#20838,#4799);
#3606=LINE('',#20847,#4800);
#3607=LINE('',#20853,#4801);
#3608=LINE('',#20859,#4802);
#3609=LINE('',#20865,#4803);
#3610=LINE('',#20870,#4804);
#3611=LINE('',#20872,#4805);
#3612=LINE('',#20874,#4806);
#3613=LINE('',#20875,#4807);
#3614=LINE('',#20878,#4808);
#3615=LINE('',#20880,#4809);
#3616=LINE('',#20881,#4810);
#3617=LINE('',#20884,#4811);
#3618=LINE('',#20886,#4812);
#3619=LINE('',#20887,#4813);
#3620=LINE('',#20889,#4814);
#3621=LINE('',#20890,#4815);
#3622=LINE('',#20898,#4816);
#3623=LINE('',#20904,#4817);
#3624=LINE('',#20912,#4818);
#3625=LINE('',#20914,#4819);
#3626=LINE('',#20916,#4820);
#3627=LINE('',#20917,#4821);
#3628=LINE('',#20921,#4822);
#3629=LINE('',#20923,#4823);
#3630=LINE('',#20925,#4824);
#3631=LINE('',#20926,#4825);
#3632=LINE('',#20940,#4826);
#3633=LINE('',#20946,#4827);
#3634=LINE('',#20955,#4828);
#3635=LINE('',#20961,#4829);
#3636=LINE('',#20970,#4830);
#3637=LINE('',#20976,#4831);
#3638=LINE('',#20985,#4832);
#3639=LINE('',#20991,#4833);
#3640=LINE('',#21000,#4834);
#3641=LINE('',#21009,#4835);
#3642=LINE('',#21018,#4836);
#3643=LINE('',#21024,#4837);
#3644=LINE('',#21029,#4838);
#3645=LINE('',#21031,#4839);
#3646=LINE('',#21033,#4840);
#3647=LINE('',#21034,#4841);
#3648=LINE('',#21038,#4842);
#3649=LINE('',#21039,#4843);
#3650=LINE('',#21041,#4844);
#3651=LINE('',#21042,#4845);
#3652=LINE('',#21044,#4846);
#3653=LINE('',#21047,#4847);
#3654=LINE('',#21048,#4848);
#3655=LINE('',#21051,#4849);
#3656=LINE('',#21052,#4850);
#3657=LINE('',#21056,#4851);
#3658=LINE('',#21058,#4852);
#3659=LINE('',#21060,#4853);
#3660=LINE('',#21061,#4854);
#3661=LINE('',#21064,#4855);
#3662=LINE('',#21065,#4856);
#3663=LINE('',#21067,#4857);
#3664=LINE('',#21068,#4858);
#3665=LINE('',#21072,#4859);
#3666=LINE('',#21073,#4860);
#3667=LINE('',#21074,#4861);
#3668=LINE('',#21076,#4862);
#3669=LINE('',#21078,#4863);
#3670=LINE('',#21085,#4864);
#3671=LINE('',#21091,#4865);
#3672=LINE('',#21096,#4866);
#3673=LINE('',#21098,#4867);
#3674=LINE('',#21100,#4868);
#3675=LINE('',#21101,#4869);
#3676=LINE('',#21104,#4870);
#3677=LINE('',#21106,#4871);
#3678=LINE('',#21108,#4872);
#3679=LINE('',#21109,#4873);
#3680=LINE('',#21111,#4874);
#3681=LINE('',#21114,#4875);
#3682=LINE('',#21116,#4876);
#3683=LINE('',#21117,#4877);
#3684=LINE('',#21119,#4878);
#3685=LINE('',#21122,#4879);
#3686=LINE('',#21124,#4880);
#3687=LINE('',#21126,#4881);
#3688=LINE('',#21128,#4882);
#3689=LINE('',#21129,#4883);
#3690=LINE('',#21133,#4884);
#3691=LINE('',#21134,#4885);
#3692=LINE('',#21135,#4886);
#3693=LINE('',#21138,#4887);
#3694=LINE('',#21139,#4888);
#3695=LINE('',#21142,#4889);
#3696=LINE('',#21143,#4890);
#3697=LINE('',#21145,#4891);
#3698=LINE('',#21151,#4892);
#3699=LINE('',#21153,#4893);
#3700=LINE('',#21155,#4894);
#3701=LINE('',#21156,#4895);
#3702=LINE('',#21159,#4896);
#3703=LINE('',#21161,#4897);
#3704=LINE('',#21162,#4898);
#3705=LINE('',#21165,#4899);
#3706=LINE('',#21167,#4900);
#3707=LINE('',#21168,#4901);
#3708=LINE('',#21170,#4902);
#3709=LINE('',#21171,#4903);
#3710=LINE('',#21179,#4904);
#3711=LINE('',#21185,#4905);
#3712=LINE('',#21194,#4906);
#3713=LINE('',#21200,#4907);
#3714=LINE('',#21209,#4908);
#3715=LINE('',#21215,#4909);
#3716=LINE('',#21224,#4910);
#3717=LINE('',#21230,#4911);
#3718=LINE('',#21239,#4912);
#3719=LINE('',#21245,#4913);
#3720=LINE('',#21254,#4914);
#3721=LINE('',#21260,#4915);
#3722=LINE('',#21269,#4916);
#3723=LINE('',#21275,#4917);
#3724=LINE('',#21283,#4918);
#3725=LINE('',#21285,#4919);
#3726=LINE('',#21287,#4920);
#3727=LINE('',#21288,#4921);
#3728=LINE('',#21292,#4922);
#3729=LINE('',#21293,#4923);
#3730=LINE('',#21294,#4924);
#3731=LINE('',#21298,#4925);
#3732=LINE('',#21299,#4926);
#3733=LINE('',#21300,#4927);
#3734=LINE('',#21304,#4928);
#3735=LINE('',#21306,#4929);
#3736=LINE('',#21308,#4930);
#3737=LINE('',#21310,#4931);
#3738=LINE('',#21312,#4932);
#3739=LINE('',#21314,#4933);
#3740=LINE('',#21316,#4934);
#3741=LINE('',#21317,#4935);
#3742=LINE('',#21320,#4936);
#3743=LINE('',#21322,#4937);
#3744=LINE('',#21324,#4938);
#3745=LINE('',#21326,#4939);
#3746=LINE('',#21327,#4940);
#3747=LINE('',#21331,#4941);
#3748=LINE('',#21333,#4942);
#3749=LINE('',#21335,#4943);
#3750=LINE('',#21336,#4944);
#3751=LINE('',#21340,#4945);
#3752=LINE('',#21342,#4946);
#3753=LINE('',#21344,#4947);
#3754=LINE('',#21345,#4948);
#3755=LINE('',#21349,#4949);
#3756=LINE('',#21351,#4950);
#3757=LINE('',#21353,#4951);
#3758=LINE('',#21354,#4952);
#3759=LINE('',#21356,#4953);
#3760=LINE('',#21357,#4954);
#3761=LINE('',#21361,#4955);
#3762=LINE('',#21363,#4956);
#3763=LINE('',#21365,#4957);
#3764=LINE('',#21366,#4958);
#3765=LINE('',#21368,#4959);
#3766=LINE('',#21369,#4960);
#3767=LINE('',#21372,#4961);
#3768=LINE('',#21374,#4962);
#3769=LINE('',#21376,#4963);
#3770=LINE('',#21378,#4964);
#3771=LINE('',#21379,#4965);
#3772=LINE('',#21382,#4966);
#3773=LINE('',#21383,#4967);
#3774=LINE('',#21386,#4968);
#3775=LINE('',#21387,#4969);
#3776=LINE('',#21390,#4970);
#3777=LINE('',#21392,#4971);
#3778=LINE('',#21393,#4972);
#3779=LINE('',#21394,#4973);
#3780=LINE('',#21396,#4974);
#3781=LINE('',#21398,#4975);
#3782=LINE('',#21399,#4976);
#3783=LINE('',#21402,#4977);
#3784=LINE('',#21403,#4978);
#3785=LINE('',#21406,#4979);
#3786=LINE('',#21407,#4980);
#3787=LINE('',#21409,#4981);
#3788=LINE('',#21410,#4982);
#3789=LINE('',#21413,#4983);
#3790=LINE('',#21414,#4984);
#3791=LINE('',#21416,#4985);
#3792=LINE('',#21419,#4986);
#3793=LINE('',#21421,#4987);
#3794=LINE('',#21422,#4988);
#3795=LINE('',#21425,#4989);
#3796=LINE('',#21426,#4990);
#3797=LINE('',#21428,#4991);
#3798=LINE('',#21429,#4992);
#3799=LINE('',#21432,#4993);
#3800=LINE('',#21433,#4994);
#3801=LINE('',#21436,#4995);
#3802=LINE('',#21437,#4996);
#3803=LINE('',#21439,#4997);
#3804=LINE('',#21441,#4998);
#3805=LINE('',#21445,#4999);
#3806=LINE('',#21447,#5000);
#3807=LINE('',#21448,#5001);
#3808=LINE('',#21451,#5002);
#3809=LINE('',#21452,#5003);
#3810=LINE('',#21453,#5004);
#3811=LINE('',#21455,#5005);
#3812=LINE('',#21463,#5006);
#3813=LINE('',#21468,#5007);
#3814=LINE('',#21470,#5008);
#3815=LINE('',#21472,#5009);
#3816=LINE('',#21473,#5010);
#3817=LINE('',#21477,#5011);
#3818=LINE('',#21479,#5012);
#3819=LINE('',#21481,#5013);
#3820=LINE('',#21482,#5014);
#3821=LINE('',#21484,#5015);
#3822=LINE('',#21485,#5016);
#3823=LINE('',#21487,#5017);
#3824=LINE('',#21489,#5018);
#3825=LINE('',#21493,#5019);
#3826=LINE('',#21495,#5020);
#3827=LINE('',#21497,#5021);
#3828=LINE('',#21498,#5022);
#3829=LINE('',#21501,#5023);
#3830=LINE('',#21503,#5024);
#3831=LINE('',#21504,#5025);
#3832=LINE('',#21507,#5026);
#3833=LINE('',#21509,#5027);
#3834=LINE('',#21510,#5028);
#3835=LINE('',#21512,#5029);
#3836=LINE('',#21513,#5030);
#3837=LINE('',#21520,#5031);
#3838=LINE('',#21524,#5032);
#3839=LINE('',#21528,#5033);
#3840=LINE('',#21533,#5034);
#3841=LINE('',#21535,#5035);
#3842=LINE('',#21536,#5036);
#3843=LINE('',#21538,#5037);
#3844=LINE('',#21539,#5038);
#3845=LINE('',#21542,#5039);
#3846=LINE('',#21543,#5040);
#3847=LINE('',#21547,#5041);
#3848=LINE('',#21548,#5042);
#3849=LINE('',#21550,#5043);
#3850=LINE('',#21551,#5044);
#3851=LINE('',#21553,#5045);
#3852=LINE('',#21555,#5046);
#3853=LINE('',#21557,#5047);
#3854=LINE('',#21563,#5048);
#3855=LINE('',#21565,#5049);
#3856=LINE('',#21567,#5050);
#3857=LINE('',#21568,#5051);
#3858=LINE('',#21572,#5052);
#3859=LINE('',#21574,#5053);
#3860=LINE('',#21576,#5054);
#3861=LINE('',#21577,#5055);
#3862=LINE('',#21581,#5056);
#3863=LINE('',#21583,#5057);
#3864=LINE('',#21585,#5058);
#3865=LINE('',#21586,#5059);
#3866=LINE('',#21590,#5060);
#3867=LINE('',#21592,#5061);
#3868=LINE('',#21594,#5062);
#3869=LINE('',#21595,#5063);
#3870=LINE('',#21597,#5064);
#3871=LINE('',#21598,#5065);
#3872=LINE('',#21600,#5066);
#3873=LINE('',#21601,#5067);
#3874=LINE('',#21603,#5068);
#3875=LINE('',#21604,#5069);
#3876=LINE('',#21606,#5070);
#3877=LINE('',#21607,#5071);
#3878=LINE('',#21613,#5072);
#3879=LINE('',#21617,#5073);
#3880=LINE('',#21621,#5074);
#3881=LINE('',#21623,#5075);
#3882=LINE('',#21624,#5076);
#3883=LINE('',#21627,#5077);
#3884=LINE('',#21628,#5078);
#3885=LINE('',#21631,#5079);
#3886=LINE('',#21632,#5080);
#3887=LINE('',#21634,#5081);
#3888=LINE('',#21639,#5082);
#3889=LINE('',#21641,#5083);
#3890=LINE('',#21643,#5084);
#3891=LINE('',#21644,#5085);
#3892=LINE('',#21649,#5086);
#3893=LINE('',#21650,#5087);
#3894=LINE('',#21653,#5088);
#3895=LINE('',#21654,#5089);
#3896=LINE('',#21657,#5090);
#3897=LINE('',#21658,#5091);
#3898=LINE('',#21667,#5092);
#3899=LINE('',#21673,#5093);
#3900=LINE('',#21678,#5094);
#3901=LINE('',#21680,#5095);
#3902=LINE('',#21682,#5096);
#3903=LINE('',#21683,#5097);
#3904=LINE('',#21686,#5098);
#3905=LINE('',#21688,#5099);
#3906=LINE('',#21689,#5100);
#3907=LINE('',#21692,#5101);
#3908=LINE('',#21694,#5102);
#3909=LINE('',#21695,#5103);
#3910=LINE('',#21697,#5104);
#3911=LINE('',#21698,#5105);
#3912=LINE('',#21703,#5106);
#3913=LINE('',#21705,#5107);
#3914=LINE('',#21707,#5108);
#3915=LINE('',#21708,#5109);
#3916=LINE('',#21711,#5110);
#3917=LINE('',#21713,#5111);
#3918=LINE('',#21714,#5112);
#3919=LINE('',#21717,#5113);
#3920=LINE('',#21719,#5114);
#3921=LINE('',#21720,#5115);
#3922=LINE('',#21722,#5116);
#3923=LINE('',#21723,#5117);
#3924=LINE('',#21728,#5118);
#3925=LINE('',#21730,#5119);
#3926=LINE('',#21732,#5120);
#3927=LINE('',#21733,#5121);
#3928=LINE('',#21736,#5122);
#3929=LINE('',#21738,#5123);
#3930=LINE('',#21739,#5124);
#3931=LINE('',#21742,#5125);
#3932=LINE('',#21744,#5126);
#3933=LINE('',#21745,#5127);
#3934=LINE('',#21747,#5128);
#3935=LINE('',#21748,#5129);
#3936=LINE('',#21755,#5130);
#3937=LINE('',#21757,#5131);
#3938=LINE('',#21759,#5132);
#3939=LINE('',#21760,#5133);
#3940=LINE('',#21763,#5134);
#3941=LINE('',#21765,#5135);
#3942=LINE('',#21766,#5136);
#3943=LINE('',#21769,#5137);
#3944=LINE('',#21770,#5138);
#3945=LINE('',#21773,#5139);
#3946=LINE('',#21775,#5140);
#3947=LINE('',#21777,#5141);
#3948=LINE('',#21778,#5142);
#3949=LINE('',#21782,#5143);
#3950=LINE('',#21783,#5144);
#3951=LINE('',#21785,#5145);
#3952=LINE('',#21787,#5146);
#3953=LINE('',#21789,#5147);
#3954=LINE('',#21791,#5148);
#3955=LINE('',#21792,#5149);
#3956=LINE('',#21795,#5150);
#3957=LINE('',#21797,#5151);
#3958=LINE('',#21798,#5152);
#3959=LINE('',#21801,#5153);
#3960=LINE('',#21803,#5154);
#3961=LINE('',#21804,#5155);
#3962=LINE('',#21807,#5156);
#3963=LINE('',#21808,#5157);
#3964=LINE('',#21811,#5158);
#3965=LINE('',#21812,#5159);
#3966=LINE('',#21814,#5160);
#3967=LINE('',#21817,#5161);
#3968=LINE('',#21819,#5162);
#3969=LINE('',#21820,#5163);
#3970=LINE('',#21823,#5164);
#3971=LINE('',#21824,#5165);
#3972=LINE('',#21827,#5166);
#3973=LINE('',#21828,#5167);
#3974=LINE('',#21830,#5168);
#3975=LINE('',#21837,#5169);
#3976=LINE('',#21843,#5170);
#3977=LINE('',#21852,#5171);
#3978=LINE('',#21858,#5172);
#3979=LINE('',#21867,#5173);
#3980=LINE('',#21873,#5174);
#3981=LINE('',#21882,#5175);
#3982=LINE('',#21888,#5176);
#3983=LINE('',#21897,#5177);
#3984=LINE('',#21903,#5178);
#3985=LINE('',#21912,#5179);
#3986=LINE('',#21918,#5180);
#3987=VECTOR('',#14780,1.35);
#3988=VECTOR('',#14787,1.35);
#3989=VECTOR('',#14794,1.35);
#3990=VECTOR('',#14801,1.35);
#3991=VECTOR('',#14808,1.35);
#3992=VECTOR('',#14815,1.35);
#3993=VECTOR('',#14822,70.);
#3994=VECTOR('',#14829,75.);
#3995=VECTOR('',#14840,10.);
#3996=VECTOR('',#14841,10.);
#3997=VECTOR('',#14842,10.);
#3998=VECTOR('',#14843,10.);
#3999=VECTOR('',#14848,10.);
#4000=VECTOR('',#14849,10.);
#4001=VECTOR('',#14852,10.);
#4002=VECTOR('',#14853,10.);
#4003=VECTOR('',#14856,10.);
#4004=VECTOR('',#14857,10.);
#4005=VECTOR('',#14862,5.);
#4006=VECTOR('',#14871,1.25);
#4007=VECTOR('',#14878,1.25);
#4008=VECTOR('',#14885,1.25);
#4009=VECTOR('',#14892,1.25);
#4010=VECTOR('',#14899,1.25);
#4011=VECTOR('',#14906,1.25);
#4012=VECTOR('',#14913,1.25);
#4013=VECTOR('',#14920,1.25);
#4014=VECTOR('',#14933,18.);
#4015=VECTOR('',#14948,18.);
#4016=VECTOR('',#14951,9.);
#4017=VECTOR('',#14954,9.);
#4018=VECTOR('',#14967,1.6);
#4019=VECTOR('',#14974,1.6);
#4020=VECTOR('',#14981,1.6);
#4021=VECTOR('',#14988,1.6);
#4022=VECTOR('',#14995,1.35);
#4023=VECTOR('',#15002,1.35);
#4024=VECTOR('',#15009,1.35);
#4025=VECTOR('',#15016,1.35);
#4026=VECTOR('',#15023,1.35);
#4027=VECTOR('',#15030,1.35);
#4028=VECTOR('',#15037,5.);
#4029=VECTOR('',#15042,10.);
#4030=VECTOR('',#15045,10.);
#4031=VECTOR('',#15050,10.);
#4032=VECTOR('',#15053,10.);
#4033=VECTOR('',#15058,10.);
#4034=VECTOR('',#15061,10.);
#4035=VECTOR('',#15066,10.);
#4036=VECTOR('',#15069,10.);
#4037=VECTOR('',#15074,10.);
#4038=VECTOR('',#15075,10.);
#4039=VECTOR('',#15076,10.);
#4040=VECTOR('',#15079,10.);
#4041=VECTOR('',#15080,10.);
#4042=VECTOR('',#15081,10.);
#4043=VECTOR('',#15084,10.);
#4044=VECTOR('',#15085,10.);
#4045=VECTOR('',#15086,10.);
#4046=VECTOR('',#15089,10.);
#4047=VECTOR('',#15090,10.);
#4048=VECTOR('',#15091,10.);
#4049=VECTOR('',#15094,10.);
#4050=VECTOR('',#15095,10.);
#4051=VECTOR('',#15096,10.);
#4052=VECTOR('',#15097,10.);
#4053=VECTOR('',#15100,10.);
#4054=VECTOR('',#15101,10.);
#4055=VECTOR('',#15102,10.);
#4056=VECTOR('',#15103,10.);
#4057=VECTOR('',#15106,10.);
#4058=VECTOR('',#15107,10.);
#4059=VECTOR('',#15108,10.);
#4060=VECTOR('',#15111,10.);
#4061=VECTOR('',#15112,10.);
#4062=VECTOR('',#15113,10.);
#4063=VECTOR('',#15116,10.);
#4064=VECTOR('',#15117,10.);
#4065=VECTOR('',#15118,10.);
#4066=VECTOR('',#15119,10.);
#4067=VECTOR('',#15122,10.);
#4068=VECTOR('',#15123,10.);
#4069=VECTOR('',#15124,10.);
#4070=VECTOR('',#15127,10.);
#4071=VECTOR('',#15128,10.);
#4072=VECTOR('',#15129,10.);
#4073=VECTOR('',#15132,10.);
#4074=VECTOR('',#15133,10.);
#4075=VECTOR('',#15136,10.);
#4076=VECTOR('',#15137,10.);
#4077=VECTOR('',#15138,10.);
#4078=VECTOR('',#15155,10.);
#4079=VECTOR('',#15160,10.);
#4080=VECTOR('',#15161,10.);
#4081=VECTOR('',#15162,10.);
#4082=VECTOR('',#15167,10.);
#4083=VECTOR('',#15168,10.);
#4084=VECTOR('',#15169,10.);
#4085=VECTOR('',#15174,10.);
#4086=VECTOR('',#15183,10.);
#4087=VECTOR('',#15190,10.);
#4088=VECTOR('',#15193,10.);
#4089=VECTOR('',#15194,10.);
#4090=VECTOR('',#15195,10.);
#4091=VECTOR('',#15198,10.);
#4092=VECTOR('',#15199,10.);
#4093=VECTOR('',#15200,10.);
#4094=VECTOR('',#15203,10.);
#4095=VECTOR('',#15206,10.);
#4096=VECTOR('',#15207,10.);
#4097=VECTOR('',#15210,10.);
#4098=VECTOR('',#15213,10.);
#4099=VECTOR('',#15216,10.);
#4100=VECTOR('',#15217,10.);
#4101=VECTOR('',#15234,1.25);
#4102=VECTOR('',#15241,10.);
#4103=VECTOR('',#15242,10.);
#4104=VECTOR('',#15243,10.);
#4105=VECTOR('',#15244,10.);
#4106=VECTOR('',#15249,10.);
#4107=VECTOR('',#15250,10.);
#4108=VECTOR('',#15253,10.);
#4109=VECTOR('',#15254,10.);
#4110=VECTOR('',#15255,10.);
#4111=VECTOR('',#15258,10.);
#4112=VECTOR('',#15267,4.8);
#4113=VECTOR('',#15282,5.);
#4114=VECTOR('',#15297,6.);
#4115=VECTOR('',#15300,5.);
#4116=VECTOR('',#15303,5.);
#4117=VECTOR('',#15316,1.6);
#4118=VECTOR('',#15323,1.6);
#4119=VECTOR('',#15330,1.6);
#4120=VECTOR('',#15337,1.6);
#4121=VECTOR('',#15344,13.);
#4122=VECTOR('',#15355,13.);
#4123=VECTOR('',#15364,11.);
#4124=VECTOR('',#15367,10.);
#4125=VECTOR('',#15368,10.);
#4126=VECTOR('',#15369,10.);
#4127=VECTOR('',#15370,10.);
#4128=VECTOR('',#15373,10.);
#4129=VECTOR('',#15374,10.);
#4130=VECTOR('',#15375,10.);
#4131=VECTOR('',#15378,10.);
#4132=VECTOR('',#15379,10.);
#4133=VECTOR('',#15380,10.);
#4134=VECTOR('',#15383,10.);
#4135=VECTOR('',#15384,10.);
#4136=VECTOR('',#15395,1.6);
#4137=VECTOR('',#15402,1.6);
#4138=VECTOR('',#15409,1.6);
#4139=VECTOR('',#15416,1.6);
#4140=VECTOR('',#15423,1.6);
#4141=VECTOR('',#15430,1.6);
#4142=VECTOR('',#15437,1.6);
#4143=VECTOR('',#15444,1.6);
#4144=VECTOR('',#15451,1.6);
#4145=VECTOR('',#15458,1.6);
#4146=VECTOR('',#15465,8.05);
#4147=VECTOR('',#15470,10.);
#4148=VECTOR('',#15471,10.);
#4149=VECTOR('',#15472,10.);
#4150=VECTOR('',#15473,10.);
#4151=VECTOR('',#15476,10.);
#4152=VECTOR('',#15477,10.);
#4153=VECTOR('',#15478,10.);
#4154=VECTOR('',#15481,10.);
#4155=VECTOR('',#15482,10.);
#4156=VECTOR('',#15483,10.);
#4157=VECTOR('',#15486,10.);
#4158=VECTOR('',#15487,10.);
#4159=VECTOR('',#15496,10.);
#4160=VECTOR('',#15499,10.);
#4161=VECTOR('',#15506,10.);
#4162=VECTOR('',#15513,10.);
#4163=VECTOR('',#15520,10.);
#4164=VECTOR('',#15521,10.);
#4165=VECTOR('',#15522,10.);
#4166=VECTOR('',#15525,10.);
#4167=VECTOR('',#15526,10.);
#4168=VECTOR('',#15527,10.);
#4169=VECTOR('',#15530,10.);
#4170=VECTOR('',#15531,10.);
#4171=VECTOR('',#15532,10.);
#4172=VECTOR('',#15535,10.);
#4173=VECTOR('',#15536,10.);
#4174=VECTOR('',#15537,10.);
#4175=VECTOR('',#15548,10.);
#4176=VECTOR('',#15551,10.);
#4177=VECTOR('',#15554,10.);
#4178=VECTOR('',#15557,10.);
#4179=VECTOR('',#15562,10.);
#4180=VECTOR('',#15565,10.);
#4181=VECTOR('',#15568,10.);
#4182=VECTOR('',#15571,10.);
#4183=VECTOR('',#15576,10.);
#4184=VECTOR('',#15581,10.);
#4185=VECTOR('',#15584,10.);
#4186=VECTOR('',#15591,10.);
#4187=VECTOR('',#15594,10.);
#4188=VECTOR('',#15595,10.);
#4189=VECTOR('',#15598,10.);
#4190=VECTOR('',#15599,10.);
#4191=VECTOR('',#15600,10.);
#4192=VECTOR('',#15603,10.);
#4193=VECTOR('',#15604,10.);
#4194=VECTOR('',#15605,10.);
#4195=VECTOR('',#15608,10.);
#4196=VECTOR('',#15609,10.);
#4197=VECTOR('',#15610,10.);
#4198=VECTOR('',#15613,10.);
#4199=VECTOR('',#15616,10.);
#4200=VECTOR('',#15619,10.);
#4201=VECTOR('',#15622,10.);
#4202=VECTOR('',#15625,10.);
#4203=VECTOR('',#15630,10.);
#4204=VECTOR('',#15633,10.);
#4205=VECTOR('',#15636,10.);
#4206=VECTOR('',#15639,10.);
#4207=VECTOR('',#15644,10.);
#4208=VECTOR('',#15645,10.);
#4209=VECTOR('',#15648,10.);
#4210=VECTOR('',#15649,10.);
#4211=VECTOR('',#15652,10.);
#4212=VECTOR('',#15653,10.);
#4213=VECTOR('',#15656,10.);
#4214=VECTOR('',#15657,10.);
#4215=VECTOR('',#15660,10.);
#4216=VECTOR('',#15663,10.);
#4217=VECTOR('',#15666,10.);
#4218=VECTOR('',#15669,10.);
#4219=VECTOR('',#15672,10.);
#4220=VECTOR('',#15673,10.);
#4221=VECTOR('',#15676,10.);
#4222=VECTOR('',#15677,10.);
#4223=VECTOR('',#15680,10.);
#4224=VECTOR('',#15683,10.);
#4225=VECTOR('',#15686,10.);
#4226=VECTOR('',#15687,10.);
#4227=VECTOR('',#15690,10.);
#4228=VECTOR('',#15693,10.);
#4229=VECTOR('',#15698,10.);
#4230=VECTOR('',#15705,10.);
#4231=VECTOR('',#15710,10.);
#4232=VECTOR('',#15713,10.);
#4233=VECTOR('',#15716,10.);
#4234=VECTOR('',#15717,10.);
#4235=VECTOR('',#15720,10.);
#4236=VECTOR('',#15721,10.);
#4237=VECTOR('',#15726,10.);
#4238=VECTOR('',#15733,10.);
#4239=VECTOR('',#15742,10.);
#4240=VECTOR('',#15743,10.);
#4241=VECTOR('',#15744,10.);
#4242=VECTOR('',#15745,10.);
#4243=VECTOR('',#15748,10.);
#4244=VECTOR('',#15749,10.);
#4245=VECTOR('',#15750,10.);
#4246=VECTOR('',#15753,10.);
#4247=VECTOR('',#15754,10.);
#4248=VECTOR('',#15755,10.);
#4249=VECTOR('',#15758,10.);
#4250=VECTOR('',#15759,10.);
#4251=VECTOR('',#15768,10.);
#4252=VECTOR('',#15769,10.);
#4253=VECTOR('',#15770,10.);
#4254=VECTOR('',#15771,10.);
#4255=VECTOR('',#15774,10.);
#4256=VECTOR('',#15775,10.);
#4257=VECTOR('',#15776,10.);
#4258=VECTOR('',#15779,10.);
#4259=VECTOR('',#15780,10.);
#4260=VECTOR('',#15781,10.);
#4261=VECTOR('',#15784,10.);
#4262=VECTOR('',#15785,10.);
#4263=VECTOR('',#15796,1.25);
#4264=VECTOR('',#15805,1.25);
#4265=VECTOR('',#15814,1.5);
#4266=VECTOR('',#15821,1.5);
#4267=VECTOR('',#15830,1.5);
#4268=VECTOR('',#15837,1.5);
#4269=VECTOR('',#15844,10.);
#4270=VECTOR('',#15845,10.);
#4271=VECTOR('',#15846,10.);
#4272=VECTOR('',#15847,10.);
#4273=VECTOR('',#15850,10.);
#4274=VECTOR('',#15851,10.);
#4275=VECTOR('',#15852,10.);
#4276=VECTOR('',#15855,10.);
#4277=VECTOR('',#15856,10.);
#4278=VECTOR('',#15857,10.);
#4279=VECTOR('',#15860,10.);
#4280=VECTOR('',#15861,10.);
#4281=VECTOR('',#15862,10.);
#4282=VECTOR('',#15863,10.);
#4283=VECTOR('',#15864,10.);
#4284=VECTOR('',#15865,10.);
#4285=VECTOR('',#15866,10.);
#4286=VECTOR('',#15869,10.);
#4287=VECTOR('',#15870,10.);
#4288=VECTOR('',#15871,10.);
#4289=VECTOR('',#15874,10.);
#4290=VECTOR('',#15875,10.);
#4291=VECTOR('',#15878,10.);
#4292=VECTOR('',#15879,10.);
#4293=VECTOR('',#15882,10.);
#4294=VECTOR('',#15883,10.);
#4295=VECTOR('',#15884,10.);
#4296=VECTOR('',#15885,10.);
#4297=VECTOR('',#15890,10.);
#4298=VECTOR('',#15893,10.);
#4299=VECTOR('',#15902,2.10000000000001);
#4300=VECTOR('',#15909,1.1);
#4301=VECTOR('',#15916,1.1);
#4302=VECTOR('',#15923,1.1);
#4303=VECTOR('',#15930,1.1);
#4304=VECTOR('',#15935,10.);
#4305=VECTOR('',#15936,10.);
#4306=VECTOR('',#15937,10.);
#4307=VECTOR('',#15938,10.);
#4308=VECTOR('',#15941,10.);
#4309=VECTOR('',#15942,10.);
#4310=VECTOR('',#15943,10.);
#4311=VECTOR('',#15946,10.);
#4312=VECTOR('',#15947,10.);
#4313=VECTOR('',#15948,10.);
#4314=VECTOR('',#15949,10.);
#4315=VECTOR('',#15952,10.);
#4316=VECTOR('',#15955,10.);
#4317=VECTOR('',#15960,10.);
#4318=VECTOR('',#15961,10.);
#4319=VECTOR('',#15962,10.);
#4320=VECTOR('',#15969,8.);
#4321=VECTOR('',#15980,10.);
#4322=VECTOR('',#15981,10.);
#4323=VECTOR('',#15982,10.);
#4324=VECTOR('',#15983,10.);
#4325=VECTOR('',#15986,10.);
#4326=VECTOR('',#15987,10.);
#4327=VECTOR('',#15988,10.);
#4328=VECTOR('',#15991,10.);
#4329=VECTOR('',#15992,10.);
#4330=VECTOR('',#15993,10.);
#4331=VECTOR('',#15996,10.);
#4332=VECTOR('',#15997,10.);
#4333=VECTOR('',#16006,1.6);
#4334=VECTOR('',#16013,1.6);
#4335=VECTOR('',#16020,1.6);
#4336=VECTOR('',#16027,1.6);
#4337=VECTOR('',#16034,1.6);
#4338=VECTOR('',#16041,1.6);
#4339=VECTOR('',#16048,7.);
#4340=VECTOR('',#16053,10.);
#4341=VECTOR('',#16054,10.);
#4342=VECTOR('',#16055,10.);
#4343=VECTOR('',#16056,10.);
#4344=VECTOR('',#16059,10.);
#4345=VECTOR('',#16060,10.);
#4346=VECTOR('',#16061,10.);
#4347=VECTOR('',#16062,10.);
#4348=VECTOR('',#16065,10.);
#4349=VECTOR('',#16066,10.);
#4350=VECTOR('',#16067,10.);
#4351=VECTOR('',#16068,10.);
#4352=VECTOR('',#16071,10.);
#4353=VECTOR('',#16072,10.);
#4354=VECTOR('',#16075,10.);
#4355=VECTOR('',#16076,10.);
#4356=VECTOR('',#16077,10.);
#4357=VECTOR('',#16078,10.);
#4358=VECTOR('',#16081,10.);
#4359=VECTOR('',#16082,10.);
#4360=VECTOR('',#16085,10.);
#4361=VECTOR('',#16086,10.);
#4362=VECTOR('',#16087,10.);
#4363=VECTOR('',#16090,10.);
#4364=VECTOR('',#16091,10.);
#4365=VECTOR('',#16092,10.);
#4366=VECTOR('',#16093,10.);
#4367=VECTOR('',#16094,10.);
#4368=VECTOR('',#16095,10.);
#4369=VECTOR('',#16096,10.);
#4370=VECTOR('',#16097,10.);
#4371=VECTOR('',#16098,10.);
#4372=VECTOR('',#16099,10.);
#4373=VECTOR('',#16100,10.);
#4374=VECTOR('',#16101,10.);
#4375=VECTOR('',#16102,10.);
#4376=VECTOR('',#16103,10.);
#4377=VECTOR('',#16104,10.);
#4378=VECTOR('',#16105,10.);
#4379=VECTOR('',#16106,10.);
#4380=VECTOR('',#16107,10.);
#4381=VECTOR('',#16108,10.);
#4382=VECTOR('',#16109,10.);
#4383=VECTOR('',#16110,10.);
#4384=VECTOR('',#16111,10.);
#4385=VECTOR('',#16112,10.);
#4386=VECTOR('',#16113,10.);
#4387=VECTOR('',#16114,10.);
#4388=VECTOR('',#16115,10.);
#4389=VECTOR('',#16116,10.);
#4390=VECTOR('',#16117,10.);
#4391=VECTOR('',#16118,10.);
#4392=VECTOR('',#16119,10.);
#4393=VECTOR('',#16120,10.);
#4394=VECTOR('',#16121,10.);
#4395=VECTOR('',#16122,10.);
#4396=VECTOR('',#16123,10.);
#4397=VECTOR('',#16124,10.);
#4398=VECTOR('',#16125,10.);
#4399=VECTOR('',#16126,10.);
#4400=VECTOR('',#16129,10.);
#4401=VECTOR('',#16130,10.);
#4402=VECTOR('',#16133,10.);
#4403=VECTOR('',#16134,10.);
#4404=VECTOR('',#16135,10.);
#4405=VECTOR('',#16138,10.);
#4406=VECTOR('',#16139,10.);
#4407=VECTOR('',#16140,10.);
#4408=VECTOR('',#16143,10.);
#4409=VECTOR('',#16144,10.);
#4410=VECTOR('',#16145,10.);
#4411=VECTOR('',#16148,10.);
#4412=VECTOR('',#16149,10.);
#4413=VECTOR('',#16152,10.);
#4414=VECTOR('',#16153,10.);
#4415=VECTOR('',#16156,10.);
#4416=VECTOR('',#16159,10.);
#4417=VECTOR('',#16160,10.);
#4418=VECTOR('',#16163,10.);
#4419=VECTOR('',#16164,10.);
#4420=VECTOR('',#16167,10.);
#4421=VECTOR('',#16168,10.);
#4422=VECTOR('',#16171,10.);
#4423=VECTOR('',#16172,10.);
#4424=VECTOR('',#16173,10.);
#4425=VECTOR('',#16176,10.);
#4426=VECTOR('',#16177,10.);
#4427=VECTOR('',#16178,10.);
#4428=VECTOR('',#16181,10.);
#4429=VECTOR('',#16182,10.);
#4430=VECTOR('',#16183,10.);
#4431=VECTOR('',#16186,10.);
#4432=VECTOR('',#16187,10.);
#4433=VECTOR('',#16190,10.);
#4434=VECTOR('',#16191,10.);
#4435=VECTOR('',#16194,10.);
#4436=VECTOR('',#16197,10.);
#4437=VECTOR('',#16198,10.);
#4438=VECTOR('',#16201,10.);
#4439=VECTOR('',#16202,10.);
#4440=VECTOR('',#16205,10.);
#4441=VECTOR('',#16206,10.);
#4442=VECTOR('',#16209,10.);
#4443=VECTOR('',#16210,10.);
#4444=VECTOR('',#16213,10.);
#4445=VECTOR('',#16214,10.);
#4446=VECTOR('',#16217,10.);
#4447=VECTOR('',#16218,10.);
#4448=VECTOR('',#16219,10.);
#4449=VECTOR('',#16222,10.);
#4450=VECTOR('',#16223,10.);
#4451=VECTOR('',#16224,10.);
#4452=VECTOR('',#16227,10.);
#4453=VECTOR('',#16228,10.);
#4454=VECTOR('',#16231,10.);
#4455=VECTOR('',#16232,10.);
#4456=VECTOR('',#16235,10.);
#4457=VECTOR('',#16236,10.);
#4458=VECTOR('',#16239,10.);
#4459=VECTOR('',#16242,10.);
#4460=VECTOR('',#16243,10.);
#4461=VECTOR('',#16246,10.);
#4462=VECTOR('',#16249,10.);
#4463=VECTOR('',#16252,10.);
#4464=VECTOR('',#16253,10.);
#4465=VECTOR('',#16256,10.);
#4466=VECTOR('',#16259,10.);
#4467=VECTOR('',#16262,10.);
#4468=VECTOR('',#16263,10.);
#4469=VECTOR('',#16264,10.);
#4470=VECTOR('',#16265,10.);
#4471=VECTOR('',#16270,10.);
#4472=VECTOR('',#16279,10.);
#4473=VECTOR('',#16280,10.);
#4474=VECTOR('',#16281,10.);
#4475=VECTOR('',#16282,10.);
#4476=VECTOR('',#16283,10.);
#4477=VECTOR('',#16284,10.);
#4478=VECTOR('',#16285,10.);
#4479=VECTOR('',#16288,10.);
#4480=VECTOR('',#16289,10.);
#4481=VECTOR('',#16290,10.);
#4482=VECTOR('',#16291,10.);
#4483=VECTOR('',#16292,10.);
#4484=VECTOR('',#16293,10.);
#4485=VECTOR('',#16296,10.);
#4486=VECTOR('',#16297,10.);
#4487=VECTOR('',#16298,10.);
#4488=VECTOR('',#16301,10.);
#4489=VECTOR('',#16302,10.);
#4490=VECTOR('',#16305,10.);
#4491=VECTOR('',#16306,10.);
#4492=VECTOR('',#16313,10.);
#4493=VECTOR('',#16316,10.);
#4494=VECTOR('',#16321,10.);
#4495=VECTOR('',#16324,10.);
#4496=VECTOR('',#16327,10.);
#4497=VECTOR('',#16330,10.);
#4498=VECTOR('',#16333,10.);
#4499=VECTOR('',#16336,10.);
#4500=VECTOR('',#16339,10.);
#4501=VECTOR('',#16342,10.);
#4502=VECTOR('',#16345,10.);
#4503=VECTOR('',#16348,10.);
#4504=VECTOR('',#16353,10.);
#4505=VECTOR('',#16356,10.);
#4506=VECTOR('',#16359,10.);
#4507=VECTOR('',#16362,10.);
#4508=VECTOR('',#16367,10.);
#4509=VECTOR('',#16370,10.);
#4510=VECTOR('',#16373,10.);
#4511=VECTOR('',#16376,10.);
#4512=VECTOR('',#16383,10.);
#4513=VECTOR('',#16386,10.);
#4514=VECTOR('',#16387,10.);
#4515=VECTOR('',#16388,10.);
#4516=VECTOR('',#16391,10.);
#4517=VECTOR('',#16394,10.);
#4518=VECTOR('',#16395,10.);
#4519=VECTOR('',#16398,10.);
#4520=VECTOR('',#16403,10.);
#4521=VECTOR('',#16406,10.);
#4522=VECTOR('',#16407,10.);
#4523=VECTOR('',#16410,10.);
#4524=VECTOR('',#16413,10.);
#4525=VECTOR('',#16416,10.);
#4526=VECTOR('',#16417,10.);
#4527=VECTOR('',#16420,10.);
#4528=VECTOR('',#16423,10.);
#4529=VECTOR('',#16426,10.);
#4530=VECTOR('',#16427,10.);
#4531=VECTOR('',#16430,10.);
#4532=VECTOR('',#16433,10.);
#4533=VECTOR('',#16436,10.);
#4534=VECTOR('',#16437,10.);
#4535=VECTOR('',#16440,10.);
#4536=VECTOR('',#16443,10.);
#4537=VECTOR('',#16444,10.);
#4538=VECTOR('',#16447,10.);
#4539=VECTOR('',#16448,10.);
#4540=VECTOR('',#16449,10.);
#4541=VECTOR('',#16450,10.);
#4542=VECTOR('',#16451,10.);
#4543=VECTOR('',#16452,10.);
#4544=VECTOR('',#16453,10.);
#4545=VECTOR('',#16454,10.);
#4546=VECTOR('',#16455,10.);
#4547=VECTOR('',#16456,10.);
#4548=VECTOR('',#16457,10.);
#4549=VECTOR('',#16458,10.);
#4550=VECTOR('',#16459,10.);
#4551=VECTOR('',#16460,10.);
#4552=VECTOR('',#16461,10.);
#4553=VECTOR('',#16462,10.);
#4554=VECTOR('',#16463,10.);
#4555=VECTOR('',#16464,10.);
#4556=VECTOR('',#16465,10.);
#4557=VECTOR('',#16466,10.);
#4558=VECTOR('',#16467,10.);
#4559=VECTOR('',#16468,10.);
#4560=VECTOR('',#16469,10.);
#4561=VECTOR('',#16470,10.);
#4562=VECTOR('',#16471,10.);
#4563=VECTOR('',#16472,10.);
#4564=VECTOR('',#16473,10.);
#4565=VECTOR('',#16474,10.);
#4566=VECTOR('',#16475,10.);
#4567=VECTOR('',#16476,10.);
#4568=VECTOR('',#16477,10.);
#4569=VECTOR('',#16478,10.);
#4570=VECTOR('',#16479,10.);
#4571=VECTOR('',#16480,10.);
#4572=VECTOR('',#16481,10.);
#4573=VECTOR('',#16482,10.);
#4574=VECTOR('',#16483,10.);
#4575=VECTOR('',#16484,10.);
#4576=VECTOR('',#16485,10.);
#4577=VECTOR('',#16486,10.);
#4578=VECTOR('',#16487,10.);
#4579=VECTOR('',#16488,10.);
#4580=VECTOR('',#16489,10.);
#4581=VECTOR('',#16490,10.);
#4582=VECTOR('',#16493,10.);
#4583=VECTOR('',#16496,10.);
#4584=VECTOR('',#16499,10.);
#4585=VECTOR('',#16500,10.);
#4586=VECTOR('',#16503,10.);
#4587=VECTOR('',#16506,10.);
#4588=VECTOR('',#16509,10.);
#4589=VECTOR('',#16510,10.);
#4590=VECTOR('',#16513,10.);
#4591=VECTOR('',#16516,10.);
#4592=VECTOR('',#16519,10.);
#4593=VECTOR('',#16520,10.);
#4594=VECTOR('',#16523,10.);
#4595=VECTOR('',#16526,10.);
#4596=VECTOR('',#16529,10.);
#4597=VECTOR('',#16530,10.);
#4598=VECTOR('',#16533,10.);
#4599=VECTOR('',#16534,10.);
#4600=VECTOR('',#16535,10.);
#4601=VECTOR('',#16538,10.);
#4602=VECTOR('',#16539,10.);
#4603=VECTOR('',#16542,10.);
#4604=VECTOR('',#16545,10.);
#4605=VECTOR('',#16550,10.);
#4606=VECTOR('',#16551,10.);
#4607=VECTOR('',#16552,10.);
#4608=VECTOR('',#16555,10.);
#4609=VECTOR('',#16556,10.);
#4610=VECTOR('',#16559,10.);
#4611=VECTOR('',#16560,10.);
#4612=VECTOR('',#16561,10.);
#4613=VECTOR('',#16562,10.);
#4614=VECTOR('',#16563,10.);
#4615=VECTOR('',#16564,10.);
#4616=VECTOR('',#16567,10.);
#4617=VECTOR('',#16568,10.);
#4618=VECTOR('',#16571,10.);
#4619=VECTOR('',#16572,10.);
#4620=VECTOR('',#16575,10.);
#4621=VECTOR('',#16576,10.);
#4622=VECTOR('',#16577,10.);
#4623=VECTOR('',#16580,10.);
#4624=VECTOR('',#16581,10.);
#4625=VECTOR('',#16582,10.);
#4626=VECTOR('',#16583,10.);
#4627=VECTOR('',#16588,10.);
#4628=VECTOR('',#16589,10.);
#4629=VECTOR('',#16590,10.);
#4630=VECTOR('',#16593,10.);
#4631=VECTOR('',#16596,10.);
#4632=VECTOR('',#16597,10.);
#4633=VECTOR('',#16600,10.);
#4634=VECTOR('',#16603,10.);
#4635=VECTOR('',#16604,10.);
#4636=VECTOR('',#16605,10.);
#4637=VECTOR('',#16608,10.);
#4638=VECTOR('',#16609,10.);
#4639=VECTOR('',#16612,10.);
#4640=VECTOR('',#16615,10.);
#4641=VECTOR('',#16616,10.);
#4642=VECTOR('',#16619,10.);
#4643=VECTOR('',#16622,10.);
#4644=VECTOR('',#16623,10.);
#4645=VECTOR('',#16626,10.);
#4646=VECTOR('',#16627,10.);
#4647=VECTOR('',#16630,10.);
#4648=VECTOR('',#16633,10.);
#4649=VECTOR('',#16636,10.);
#4650=VECTOR('',#16639,10.);
#4651=VECTOR('',#16642,10.);
#4652=VECTOR('',#16643,10.);
#4653=VECTOR('',#16648,10.);
#4654=VECTOR('',#16649,10.);
#4655=VECTOR('',#16652,10.);
#4656=VECTOR('',#16655,10.);
#4657=VECTOR('',#16660,10.);
#4658=VECTOR('',#16663,10.);
#4659=VECTOR('',#16664,10.);
#4660=VECTOR('',#16665,10.);
#4661=VECTOR('',#16668,10.);
#4662=VECTOR('',#16671,10.);
#4663=VECTOR('',#16672,10.);
#4664=VECTOR('',#16675,10.);
#4665=VECTOR('',#16676,10.);
#4666=VECTOR('',#16679,10.);
#4667=VECTOR('',#16680,10.);
#4668=VECTOR('',#16685,10.);
#4669=VECTOR('',#16686,10.);
#4670=VECTOR('',#16689,10.);
#4671=VECTOR('',#16690,10.);
#4672=VECTOR('',#16691,10.);
#4673=VECTOR('',#16694,10.);
#4674=VECTOR('',#16697,10.);
#4675=VECTOR('',#16698,10.);
#4676=VECTOR('',#16701,10.);
#4677=VECTOR('',#16702,10.);
#4678=VECTOR('',#16703,10.);
#4679=VECTOR('',#16704,10.);
#4680=VECTOR('',#16707,10.);
#4681=VECTOR('',#16710,10.);
#4682=VECTOR('',#16713,10.);
#4683=VECTOR('',#16716,10.);
#4684=VECTOR('',#16719,10.);
#4685=VECTOR('',#16720,10.);
#4686=VECTOR('',#16723,10.);
#4687=VECTOR('',#16724,10.);
#4688=VECTOR('',#16727,10.);
#4689=VECTOR('',#16728,10.);
#4690=VECTOR('',#16731,10.);
#4691=VECTOR('',#16732,10.);
#4692=VECTOR('',#16743,10.);
#4693=VECTOR('',#16744,10.);
#4694=VECTOR('',#16747,10.);
#4695=VECTOR('',#16748,10.);
#4696=VECTOR('',#16751,10.);
#4697=VECTOR('',#16754,10.);
#4698=VECTOR('',#16755,10.);
#4699=VECTOR('',#16758,10.);
#4700=VECTOR('',#16759,10.);
#4701=VECTOR('',#16762,10.);
#4702=VECTOR('',#16765,10.);
#4703=VECTOR('',#16768,10.);
#4704=VECTOR('',#16771,10.);
#4705=VECTOR('',#16774,10.);
#4706=VECTOR('',#16787,10.);
#4707=VECTOR('',#16790,10.);
#4708=VECTOR('',#16791,10.);
#4709=VECTOR('',#16792,10.);
#4710=VECTOR('',#16793,10.);
#4711=VECTOR('',#16796,10.);
#4712=VECTOR('',#16799,10.);
#4713=VECTOR('',#16806,10.);
#4714=VECTOR('',#16815,10.);
#4715=VECTOR('',#16816,10.);
#4716=VECTOR('',#16817,10.);
#4717=VECTOR('',#16820,10.);
#4718=VECTOR('',#16821,10.);
#4719=VECTOR('',#16822,10.);
#4720=VECTOR('',#16825,10.);
#4721=VECTOR('',#16828,10.);
#4722=VECTOR('',#16833,10.);
#4723=VECTOR('',#16834,10.);
#4724=VECTOR('',#16835,10.);
#4725=VECTOR('',#16838,10.);
#4726=VECTOR('',#16839,10.);
#4727=VECTOR('',#16842,10.);
#4728=VECTOR('',#16843,10.);
#4729=VECTOR('',#16846,10.);
#4730=VECTOR('',#16851,10.);
#4731=VECTOR('',#16856,10.);
#4732=VECTOR('',#16857,10.);
#4733=VECTOR('',#16858,10.);
#4734=VECTOR('',#16861,10.);
#4735=VECTOR('',#16862,10.);
#4736=VECTOR('',#16865,10.);
#4737=VECTOR('',#16866,10.);
#4738=VECTOR('',#16869,10.);
#4739=VECTOR('',#16878,5.5);
#4740=VECTOR('',#16891,5.);
#4741=VECTOR('',#16898,3.);
#4742=VECTOR('',#16903,12.7);
#4743=VECTOR('',#16914,10.);
#4744=VECTOR('',#16915,10.);
#4745=VECTOR('',#16916,10.);
#4746=VECTOR('',#16917,10.);
#4747=VECTOR('',#16920,10.);
#4748=VECTOR('',#16921,10.);
#4749=VECTOR('',#16922,10.);
#4750=VECTOR('',#16923,10.);
#4751=VECTOR('',#16946,5.);
#4752=VECTOR('',#16953,13.);
#4753=VECTOR('',#16966,5.);
#4754=VECTOR('',#16973,13.);
#4755=VECTOR('',#16986,1.25);
#4756=VECTOR('',#16995,1.25);
#4757=VECTOR('',#17004,1.25);
#4758=VECTOR('',#17013,1.25);
#4759=VECTOR('',#17022,1.25);
#4760=VECTOR('',#17031,1.25);
#4761=VECTOR('',#17040,2.6);
#4762=VECTOR('',#17049,8.);
#4763=VECTOR('',#17058,21.);
#4764=VECTOR('',#17071,2.5);
#4765=VECTOR('',#17084,1.6);
#4766=VECTOR('',#17091,1.6);
#4767=VECTOR('',#17098,1.6);
#4768=VECTOR('',#17105,1.6);
#4769=VECTOR('',#17112,6.);
#4770=VECTOR('',#17117,10.);
#4771=VECTOR('',#17118,10.);
#4772=VECTOR('',#17119,10.);
#4773=VECTOR('',#17120,10.);
#4774=VECTOR('',#17123,10.);
#4775=VECTOR('',#17124,10.);
#4776=VECTOR('',#17125,10.);
#4777=VECTOR('',#17128,10.);
#4778=VECTOR('',#17129,10.);
#4779=VECTOR('',#17130,10.);
#4780=VECTOR('',#17133,10.);
#4781=VECTOR('',#17134,10.);
#4782=VECTOR('',#17145,1.6);
#4783=VECTOR('',#17152,1.6);
#4784=VECTOR('',#17159,1.6);
#4785=VECTOR('',#17166,1.6);
#4786=VECTOR('',#17173,6.);
#4787=VECTOR('',#17178,10.);
#4788=VECTOR('',#17179,10.);
#4789=VECTOR('',#17180,10.);
#4790=VECTOR('',#17181,10.);
#4791=VECTOR('',#17184,10.);
#4792=VECTOR('',#17185,10.);
#4793=VECTOR('',#17186,10.);
#4794=VECTOR('',#17189,10.);
#4795=VECTOR('',#17190,10.);
#4796=VECTOR('',#17191,10.);
#4797=VECTOR('',#17194,10.);
#4798=VECTOR('',#17195,10.);
#4799=VECTOR('',#17206,2.5);
#4800=VECTOR('',#17219,1.1);
#4801=VECTOR('',#17226,1.1);
#4802=VECTOR('',#17233,1.1);
#4803=VECTOR('',#17240,1.1);
#4804=VECTOR('',#17245,10.);
#4805=VECTOR('',#17246,10.);
#4806=VECTOR('',#17247,10.);
#4807=VECTOR('',#17248,10.);
#4808=VECTOR('',#17251,10.);
#4809=VECTOR('',#17252,10.);
#4810=VECTOR('',#17253,10.);
#4811=VECTOR('',#17256,10.);
#4812=VECTOR('',#17257,10.);
#4813=VECTOR('',#17258,10.);
#4814=VECTOR('',#17261,10.);
#4815=VECTOR('',#17262,10.);
#4816=VECTOR('',#17273,5.);
#4817=VECTOR('',#17280,9.);
#4818=VECTOR('',#17291,10.);
#4819=VECTOR('',#17292,10.);
#4820=VECTOR('',#17293,10.);
#4821=VECTOR('',#17294,10.);
#4822=VECTOR('',#17297,10.);
#4823=VECTOR('',#17298,10.);
#4824=VECTOR('',#17299,10.);
#4825=VECTOR('',#17300,10.);
#4826=VECTOR('',#17323,1.6);
#4827=VECTOR('',#17330,4.);
#4828=VECTOR('',#17343,1.6);
#4829=VECTOR('',#17350,4.);
#4830=VECTOR('',#17363,1.6);
#4831=VECTOR('',#17370,4.);
#4832=VECTOR('',#17383,1.6);
#4833=VECTOR('',#17390,4.);
#4834=VECTOR('',#17403,1.5);
#4835=VECTOR('',#17416,1.5);
#4836=VECTOR('',#17429,1.6);
#4837=VECTOR('',#17436,1.6);
#4838=VECTOR('',#17441,10.);
#4839=VECTOR('',#17442,10.);
#4840=VECTOR('',#17443,10.);
#4841=VECTOR('',#17444,10.);
#4842=VECTOR('',#17447,10.);
#4843=VECTOR('',#17448,10.);
#4844=VECTOR('',#17449,10.);
#4845=VECTOR('',#17450,10.);
#4846=VECTOR('',#17453,10.);
#4847=VECTOR('',#17456,10.);
#4848=VECTOR('',#17457,10.);
#4849=VECTOR('',#17460,10.);
#4850=VECTOR('',#17461,10.);
#4851=VECTOR('',#17464,10.);
#4852=VECTOR('',#17465,10.);
#4853=VECTOR('',#17466,10.);
#4854=VECTOR('',#17467,10.);
#4855=VECTOR('',#17470,10.);
#4856=VECTOR('',#17471,10.);
#4857=VECTOR('',#17472,10.);
#4858=VECTOR('',#17473,10.);
#4859=VECTOR('',#17476,10.);
#4860=VECTOR('',#17477,10.);
#4861=VECTOR('',#17478,10.);
#4862=VECTOR('',#17481,10.);
#4863=VECTOR('',#17484,10.);
#4864=VECTOR('',#17493,1.6);
#4865=VECTOR('',#17500,1.6);
#4866=VECTOR('',#17505,10.);
#4867=VECTOR('',#17506,10.);
#4868=VECTOR('',#17507,10.);
#4869=VECTOR('',#17508,10.);
#4870=VECTOR('',#17511,10.);
#4871=VECTOR('',#17512,10.);
#4872=VECTOR('',#17513,10.);
#4873=VECTOR('',#17514,10.);
#4874=VECTOR('',#17517,10.);
#4875=VECTOR('',#17520,10.);
#4876=VECTOR('',#17521,10.);
#4877=VECTOR('',#17522,10.);
#4878=VECTOR('',#17525,10.);
#4879=VECTOR('',#17528,10.);
#4880=VECTOR('',#17529,10.);
#4881=VECTOR('',#17530,10.);
#4882=VECTOR('',#17531,10.);
#4883=VECTOR('',#17532,10.);
#4884=VECTOR('',#17535,10.);
#4885=VECTOR('',#17536,10.);
#4886=VECTOR('',#17537,10.);
#4887=VECTOR('',#17540,10.);
#4888=VECTOR('',#17541,10.);
#4889=VECTOR('',#17544,10.);
#4890=VECTOR('',#17545,10.);
#4891=VECTOR('',#17548,10.);
#4892=VECTOR('',#17555,10.);
#4893=VECTOR('',#17556,10.);
#4894=VECTOR('',#17557,10.);
#4895=VECTOR('',#17558,10.);
#4896=VECTOR('',#17561,10.);
#4897=VECTOR('',#17562,10.);
#4898=VECTOR('',#17563,10.);
#4899=VECTOR('',#17566,10.);
#4900=VECTOR('',#17567,10.);
#4901=VECTOR('',#17568,10.);
#4902=VECTOR('',#17571,10.);
#4903=VECTOR('',#17572,10.);
#4904=VECTOR('',#17583,5.);
#4905=VECTOR('',#17590,6.);
#4906=VECTOR('',#17603,5.);
#4907=VECTOR('',#17610,9.);
#4908=VECTOR('',#17623,5.);
#4909=VECTOR('',#17630,9.);
#4910=VECTOR('',#17643,1.6);
#4911=VECTOR('',#17650,4.);
#4912=VECTOR('',#17663,1.6);
#4913=VECTOR('',#17670,4.);
#4914=VECTOR('',#17683,1.6);
#4915=VECTOR('',#17690,4.);
#4916=VECTOR('',#17703,1.6);
#4917=VECTOR('',#17710,4.);
#4918=VECTOR('',#17721,10.);
#4919=VECTOR('',#17722,10.);
#4920=VECTOR('',#17723,10.);
#4921=VECTOR('',#17724,10.);
#4922=VECTOR('',#17727,10.);
#4923=VECTOR('',#17728,10.);
#4924=VECTOR('',#17729,10.);
#4925=VECTOR('',#17732,10.);
#4926=VECTOR('',#17733,10.);
#4927=VECTOR('',#17734,10.);
#4928=VECTOR('',#17737,10.);
#4929=VECTOR('',#17738,10.);
#4930=VECTOR('',#17739,10.);
#4931=VECTOR('',#17740,10.);
#4932=VECTOR('',#17741,10.);
#4933=VECTOR('',#17742,10.);
#4934=VECTOR('',#17743,10.);
#4935=VECTOR('',#17744,10.);
#4936=VECTOR('',#17747,10.);
#4937=VECTOR('',#17748,10.);
#4938=VECTOR('',#17749,10.);
#4939=VECTOR('',#17750,10.);
#4940=VECTOR('',#17751,10.);
#4941=VECTOR('',#17754,10.);
#4942=VECTOR('',#17755,10.);
#4943=VECTOR('',#17756,10.);
#4944=VECTOR('',#17757,10.);
#4945=VECTOR('',#17760,10.);
#4946=VECTOR('',#17761,10.);
#4947=VECTOR('',#17762,10.);
#4948=VECTOR('',#17763,10.);
#4949=VECTOR('',#17766,10.);
#4950=VECTOR('',#17767,10.);
#4951=VECTOR('',#17768,10.);
#4952=VECTOR('',#17769,10.);
#4953=VECTOR('',#17772,10.);
#4954=VECTOR('',#17773,10.);
#4955=VECTOR('',#17776,10.);
#4956=VECTOR('',#17777,10.);
#4957=VECTOR('',#17778,10.);
#4958=VECTOR('',#17779,10.);
#4959=VECTOR('',#17782,10.);
#4960=VECTOR('',#17783,10.);
#4961=VECTOR('',#17786,10.);
#4962=VECTOR('',#17787,10.);
#4963=VECTOR('',#17788,10.);
#4964=VECTOR('',#17789,10.);
#4965=VECTOR('',#17790,10.);
#4966=VECTOR('',#17793,10.);
#4967=VECTOR('',#17794,10.);
#4968=VECTOR('',#17797,10.);
#4969=VECTOR('',#17798,10.);
#4970=VECTOR('',#17801,10.);
#4971=VECTOR('',#17802,10.);
#4972=VECTOR('',#17803,10.);
#4973=VECTOR('',#17804,10.);
#4974=VECTOR('',#17805,10.);
#4975=VECTOR('',#17806,10.);
#4976=VECTOR('',#17807,10.);
#4977=VECTOR('',#17810,10.);
#4978=VECTOR('',#17811,10.);
#4979=VECTOR('',#17814,10.);
#4980=VECTOR('',#17815,10.);
#4981=VECTOR('',#17816,10.);
#4982=VECTOR('',#17817,10.);
#4983=VECTOR('',#17820,10.);
#4984=VECTOR('',#17821,10.);
#4985=VECTOR('',#17824,10.);
#4986=VECTOR('',#17827,10.);
#4987=VECTOR('',#17828,10.);
#4988=VECTOR('',#17829,10.);
#4989=VECTOR('',#17832,10.);
#4990=VECTOR('',#17833,10.);
#4991=VECTOR('',#17836,10.);
#4992=VECTOR('',#17837,10.);
#4993=VECTOR('',#17840,10.);
#4994=VECTOR('',#17841,10.);
#4995=VECTOR('',#17844,10.);
#4996=VECTOR('',#17845,10.);
#4997=VECTOR('',#17848,10.);
#4998=VECTOR('',#17851,10.);
#4999=VECTOR('',#17856,10.);
#5000=VECTOR('',#17857,10.);
#5001=VECTOR('',#17858,10.);
#5002=VECTOR('',#17861,10.);
#5003=VECTOR('',#17862,10.);
#5004=VECTOR('',#17863,10.);
#5005=VECTOR('',#17866,10.);
#5006=VECTOR('',#17877,1.5);
#5007=VECTOR('',#17882,10.);
#5008=VECTOR('',#17883,10.);
#5009=VECTOR('',#17884,10.);
#5010=VECTOR('',#17885,10.);
#5011=VECTOR('',#17888,10.);
#5012=VECTOR('',#17889,10.);
#5013=VECTOR('',#17890,10.);
#5014=VECTOR('',#17891,10.);
#5015=VECTOR('',#17894,10.);
#5016=VECTOR('',#17895,10.);
#5017=VECTOR('',#17898,10.);
#5018=VECTOR('',#17901,10.);
#5019=VECTOR('',#17904,10.);
#5020=VECTOR('',#17905,10.);
#5021=VECTOR('',#17906,10.);
#5022=VECTOR('',#17907,10.);
#5023=VECTOR('',#17910,10.);
#5024=VECTOR('',#17911,10.);
#5025=VECTOR('',#17912,10.);
#5026=VECTOR('',#17915,10.);
#5027=VECTOR('',#17916,10.);
#5028=VECTOR('',#17917,10.);
#5029=VECTOR('',#17920,10.);
#5030=VECTOR('',#17921,10.);
#5031=VECTOR('',#17930,1.5);
#5032=VECTOR('',#17933,10.);
#5033=VECTOR('',#17940,10.);
#5034=VECTOR('',#17945,10.);
#5035=VECTOR('',#17946,10.);
#5036=VECTOR('',#17947,10.);
#5037=VECTOR('',#17948,10.);
#5038=VECTOR('',#17949,10.);
#5039=VECTOR('',#17952,10.);
#5040=VECTOR('',#17953,10.);
#5041=VECTOR('',#17956,10.);
#5042=VECTOR('',#17957,10.);
#5043=VECTOR('',#17958,10.);
#5044=VECTOR('',#17959,10.);
#5045=VECTOR('',#17962,10.);
#5046=VECTOR('',#17965,10.);
#5047=VECTOR('',#17968,10.);
#5048=VECTOR('',#17975,10.);
#5049=VECTOR('',#17976,10.);
#5050=VECTOR('',#17977,10.);
#5051=VECTOR('',#17978,10.);
#5052=VECTOR('',#17981,10.);
#5053=VECTOR('',#17982,10.);
#5054=VECTOR('',#17983,10.);
#5055=VECTOR('',#17984,10.);
#5056=VECTOR('',#17987,10.);
#5057=VECTOR('',#17988,10.);
#5058=VECTOR('',#17989,10.);
#5059=VECTOR('',#17990,10.);
#5060=VECTOR('',#17993,10.);
#5061=VECTOR('',#17994,10.);
#5062=VECTOR('',#17995,10.);
#5063=VECTOR('',#17996,10.);
#5064=VECTOR('',#17999,10.);
#5065=VECTOR('',#18000,10.);
#5066=VECTOR('',#18003,10.);
#5067=VECTOR('',#18004,10.);
#5068=VECTOR('',#18007,10.);
#5069=VECTOR('',#18008,10.);
#5070=VECTOR('',#18011,10.);
#5071=VECTOR('',#18012,10.);
#5072=VECTOR('',#18019,10.);
#5073=VECTOR('',#18022,10.);
#5074=VECTOR('',#18027,10.);
#5075=VECTOR('',#18028,10.);
#5076=VECTOR('',#18029,10.);
#5077=VECTOR('',#18032,10.);
#5078=VECTOR('',#18033,10.);
#5079=VECTOR('',#18036,10.);
#5080=VECTOR('',#18037,10.);
#5081=VECTOR('',#18040,10.);
#5082=VECTOR('',#18045,10.);
#5083=VECTOR('',#18046,10.);
#5084=VECTOR('',#18047,10.);
#5085=VECTOR('',#18048,10.);
#5086=VECTOR('',#18053,10.);
#5087=VECTOR('',#18054,10.);
#5088=VECTOR('',#18057,10.);
#5089=VECTOR('',#18058,10.);
#5090=VECTOR('',#18061,10.);
#5091=VECTOR('',#18062,10.);
#5092=VECTOR('',#18075,1.6);
#5093=VECTOR('',#18082,1.6);
#5094=VECTOR('',#18087,10.);
#5095=VECTOR('',#18088,10.);
#5096=VECTOR('',#18089,10.);
#5097=VECTOR('',#18090,10.);
#5098=VECTOR('',#18093,10.);
#5099=VECTOR('',#18094,10.);
#5100=VECTOR('',#18095,10.);
#5101=VECTOR('',#18098,10.);
#5102=VECTOR('',#18099,10.);
#5103=VECTOR('',#18100,10.);
#5104=VECTOR('',#18103,10.);
#5105=VECTOR('',#18104,10.);
#5106=VECTOR('',#18109,10.);
#5107=VECTOR('',#18110,10.);
#5108=VECTOR('',#18111,10.);
#5109=VECTOR('',#18112,10.);
#5110=VECTOR('',#18115,10.);
#5111=VECTOR('',#18116,10.);
#5112=VECTOR('',#18117,10.);
#5113=VECTOR('',#18120,10.);
#5114=VECTOR('',#18121,10.);
#5115=VECTOR('',#18122,10.);
#5116=VECTOR('',#18125,10.);
#5117=VECTOR('',#18126,10.);
#5118=VECTOR('',#18131,10.);
#5119=VECTOR('',#18132,10.);
#5120=VECTOR('',#18133,10.);
#5121=VECTOR('',#18134,10.);
#5122=VECTOR('',#18137,10.);
#5123=VECTOR('',#18138,10.);
#5124=VECTOR('',#18139,10.);
#5125=VECTOR('',#18142,10.);
#5126=VECTOR('',#18143,10.);
#5127=VECTOR('',#18144,10.);
#5128=VECTOR('',#18147,10.);
#5129=VECTOR('',#18148,10.);
#5130=VECTOR('',#18157,10.);
#5131=VECTOR('',#18158,10.);
#5132=VECTOR('',#18159,10.);
#5133=VECTOR('',#18160,10.);
#5134=VECTOR('',#18163,10.);
#5135=VECTOR('',#18164,10.);
#5136=VECTOR('',#18165,10.);
#5137=VECTOR('',#18168,10.);
#5138=VECTOR('',#18169,10.);
#5139=VECTOR('',#18172,10.);
#5140=VECTOR('',#18173,10.);
#5141=VECTOR('',#18174,10.);
#5142=VECTOR('',#18175,10.);
#5143=VECTOR('',#18178,10.);
#5144=VECTOR('',#18179,10.);
#5145=VECTOR('',#18180,10.);
#5146=VECTOR('',#18181,10.);
#5147=VECTOR('',#18182,10.);
#5148=VECTOR('',#18183,10.);
#5149=VECTOR('',#18184,10.);
#5150=VECTOR('',#18187,10.);
#5151=VECTOR('',#18188,10.);
#5152=VECTOR('',#18189,10.);
#5153=VECTOR('',#18192,10.);
#5154=VECTOR('',#18193,10.);
#5155=VECTOR('',#18194,10.);
#5156=VECTOR('',#18197,10.);
#5157=VECTOR('',#18198,10.);
#5158=VECTOR('',#18201,10.);
#5159=VECTOR('',#18202,10.);
#5160=VECTOR('',#18205,10.);
#5161=VECTOR('',#18208,10.);
#5162=VECTOR('',#18209,10.);
#5163=VECTOR('',#18210,10.);
#5164=VECTOR('',#18213,10.);
#5165=VECTOR('',#18214,10.);
#5166=VECTOR('',#18217,10.);
#5167=VECTOR('',#18218,10.);
#5168=VECTOR('',#18221,10.);
#5169=VECTOR('',#18230,1.5);
#5170=VECTOR('',#18237,3.);
#5171=VECTOR('',#18250,1.5);
#5172=VECTOR('',#18257,3.);
#5173=VECTOR('',#18270,1.8);
#5174=VECTOR('',#18277,3.);
#5175=VECTOR('',#18290,1.8);
#5176=VECTOR('',#18297,3.);
#5177=VECTOR('',#18310,1.8);
#5178=VECTOR('',#18317,3.);
#5179=VECTOR('',#18330,1.8);
#5180=VECTOR('',#18337,3.);
#5181=CIRCLE('',#13533,1.35);
#5182=CIRCLE('',#13534,1.35);
#5183=CIRCLE('',#13536,1.35);
#5184=CIRCLE('',#13537,1.35);
#5185=CIRCLE('',#13539,1.35);
#5186=CIRCLE('',#13540,1.35);
#5187=CIRCLE('',#13542,1.35);
#5188=CIRCLE('',#13543,1.35);
#5189=CIRCLE('',#13545,1.35);
#5190=CIRCLE('',#13546,1.35);
#5191=CIRCLE('',#13548,1.35);
#5192=CIRCLE('',#13549,1.35);
#5193=CIRCLE('',#13551,70.);
#5194=CIRCLE('',#13552,70.);
#5195=CIRCLE('',#13554,75.);
#5196=CIRCLE('',#13555,75.);
#5197=CIRCLE('',#13561,5.);
#5198=CIRCLE('',#13565,5.);
#5199=CIRCLE('',#13566,5.);
#5200=CIRCLE('',#13567,5.);
#5201=CIRCLE('',#13569,1.25);
#5202=CIRCLE('',#13570,1.25);
#5203=CIRCLE('',#13572,1.25);
#5204=CIRCLE('',#13573,1.25);
#5205=CIRCLE('',#13575,1.25);
#5206=CIRCLE('',#13576,1.25);
#5207=CIRCLE('',#13578,1.25);
#5208=CIRCLE('',#13579,1.25);
#5209=CIRCLE('',#13581,1.25);
#5210=CIRCLE('',#13582,1.25);
#5211=CIRCLE('',#13584,1.25);
#5212=CIRCLE('',#13585,1.25);
#5213=CIRCLE('',#13587,1.25);
#5214=CIRCLE('',#13588,1.25);
#5215=CIRCLE('',#13590,1.25);
#5216=CIRCLE('',#13591,1.25);
#5217=CIRCLE('',#13593,18.);
#5218=CIRCLE('',#13594,9.);
#5219=CIRCLE('',#13596,18.);
#5220=CIRCLE('',#13598,18.);
#5221=CIRCLE('',#13599,9.);
#5222=CIRCLE('',#13601,18.);
#5223=CIRCLE('',#13602,9.);
#5224=CIRCLE('',#13606,9.);
#5225=CIRCLE('',#13611,1.6);
#5226=CIRCLE('',#13612,1.6);
#5227=CIRCLE('',#13614,1.6);
#5228=CIRCLE('',#13615,1.6);
#5229=CIRCLE('',#13617,1.6);
#5230=CIRCLE('',#13618,1.6);
#5231=CIRCLE('',#13620,1.6);
#5232=CIRCLE('',#13621,1.6);
#5233=CIRCLE('',#13623,1.35);
#5234=CIRCLE('',#13624,1.35);
#5235=CIRCLE('',#13626,1.35);
#5236=CIRCLE('',#13627,1.35);
#5237=CIRCLE('',#13629,1.35);
#5238=CIRCLE('',#13630,1.35);
#5239=CIRCLE('',#13632,1.35);
#5240=CIRCLE('',#13633,1.35);
#5241=CIRCLE('',#13635,1.35);
#5242=CIRCLE('',#13636,1.35);
#5243=CIRCLE('',#13638,1.35);
#5244=CIRCLE('',#13639,1.35);
#5245=CIRCLE('',#13641,5.);
#5246=CIRCLE('',#13642,5.);
#5247=CIRCLE('',#13644,18.);
#5248=CIRCLE('',#13645,18.);
#5249=CIRCLE('',#13647,18.);
#5250=CIRCLE('',#13648,18.);
#5251=CIRCLE('',#13650,18.);
#5252=CIRCLE('',#13651,18.);
#5253=CIRCLE('',#13653,18.);
#5254=CIRCLE('',#13654,18.);
#5255=CIRCLE('',#13669,69.);
#5256=CIRCLE('',#13670,69.);
#5257=CIRCLE('',#13672,69.);
#5258=CIRCLE('',#13673,69.);
#5259=CIRCLE('',#13675,74.5);
#5260=CIRCLE('',#13676,74.5);
#5261=CIRCLE('',#13678,74.5);
#5262=CIRCLE('',#13679,74.5);
#5263=CIRCLE('',#13680,74.5);
#5264=CIRCLE('',#13681,69.);
#5265=CIRCLE('',#13682,69.);
#5266=CIRCLE('',#13684,69.);
#5267=CIRCLE('',#13686,74.5);
#5268=CIRCLE('',#13688,74.5);
#5269=CIRCLE('',#13697,69.);
#5270=CIRCLE('',#13699,74.5);
#5271=CIRCLE('',#13703,1.25);
#5272=CIRCLE('',#13704,1.25);
#5273=CIRCLE('',#13708,5.);
#5274=CIRCLE('',#13712,5.);
#5275=CIRCLE('',#13714,4.8);
#5276=CIRCLE('',#13715,4.8);
#5277=CIRCLE('',#13717,5.);
#5278=CIRCLE('',#13719,5.);
#5279=CIRCLE('',#13721,5.);
#5280=CIRCLE('',#13723,6.);
#5281=CIRCLE('',#13724,5.);
#5282=CIRCLE('',#13726,6.);
#5283=CIRCLE('',#13727,5.);
#5284=CIRCLE('',#13731,5.);
#5285=CIRCLE('',#13736,1.6);
#5286=CIRCLE('',#13737,1.6);
#5287=CIRCLE('',#13739,1.6);
#5288=CIRCLE('',#13740,1.6);
#5289=CIRCLE('',#13742,1.6);
#5290=CIRCLE('',#13743,1.6);
#5291=CIRCLE('',#13745,1.6);
#5292=CIRCLE('',#13746,1.6);
#5293=CIRCLE('',#13748,13.);
#5294=CIRCLE('',#13749,13.);
#5295=CIRCLE('',#13751,11.);
#5296=CIRCLE('',#13753,13.);
#5297=CIRCLE('',#13754,13.);
#5298=CIRCLE('',#13756,11.);
#5299=CIRCLE('',#13766,1.6);
#5300=CIRCLE('',#13767,1.6);
#5301=CIRCLE('',#13769,1.6);
#5302=CIRCLE('',#13770,1.6);
#5303=CIRCLE('',#13772,1.6);
#5304=CIRCLE('',#13773,1.6);
#5305=CIRCLE('',#13775,1.6);
#5306=CIRCLE('',#13776,1.6);
#5307=CIRCLE('',#13778,1.6);
#5308=CIRCLE('',#13779,1.6);
#5309=CIRCLE('',#13781,1.6);
#5310=CIRCLE('',#13782,1.6);
#5311=CIRCLE('',#13784,1.6);
#5312=CIRCLE('',#13785,1.6);
#5313=CIRCLE('',#13787,1.6);
#5314=CIRCLE('',#13788,1.6);
#5315=CIRCLE('',#13790,1.6);
#5316=CIRCLE('',#13791,1.6);
#5317=CIRCLE('',#13793,1.6);
#5318=CIRCLE('',#13794,1.6);
#5319=CIRCLE('',#13796,8.05);
#5320=CIRCLE('',#13797,8.05);
#5321=CIRCLE('',#13806,1.6);
#5322=CIRCLE('',#13807,1.6);
#5323=CIRCLE('',#13809,15.);
#5324=CIRCLE('',#13810,15.);
#5325=CIRCLE('',#13812,15.);
#5326=CIRCLE('',#13813,15.);
#5327=CIRCLE('',#13815,55.);
#5328=CIRCLE('',#13816,55.);
#5329=CIRCLE('',#13817,55.);
#5330=CIRCLE('',#13818,55.);
#5331=CIRCLE('',#13819,1.6);
#5332=CIRCLE('',#13820,15.);
#5333=CIRCLE('',#13821,1.6);
#5334=CIRCLE('',#13822,15.);
#5335=CIRCLE('',#13823,1.6);
#5336=CIRCLE('',#13824,49.);
#5337=CIRCLE('',#13825,20.);
#5338=CIRCLE('',#13826,49.);
#5339=CIRCLE('',#13827,20.);
#5340=CIRCLE('',#13828,20.);
#5341=CIRCLE('',#13829,49.);
#5342=CIRCLE('',#13830,20.);
#5343=CIRCLE('',#13831,49.);
#5344=CIRCLE('',#13833,1.6);
#5345=CIRCLE('',#13835,15.);
#5346=CIRCLE('',#13837,1.6);
#5347=CIRCLE('',#13839,15.);
#5348=CIRCLE('',#13841,55.);
#5349=CIRCLE('',#13842,55.);
#5350=CIRCLE('',#13843,55.);
#5351=CIRCLE('',#13844,55.);
#5352=CIRCLE('',#13845,1.6);
#5353=CIRCLE('',#13846,49.);
#5354=CIRCLE('',#13847,20.);
#5355=CIRCLE('',#13848,49.);
#5356=CIRCLE('',#13849,20.);
#5357=CIRCLE('',#13850,20.);
#5358=CIRCLE('',#13851,49.);
#5359=CIRCLE('',#13852,20.);
#5360=CIRCLE('',#13853,49.);
#5361=CIRCLE('',#13903,1.25);
#5362=CIRCLE('',#13904,1.25);
#5363=CIRCLE('',#13907,1.25);
#5364=CIRCLE('',#13908,1.25);
#5365=CIRCLE('',#13911,1.5);
#5366=CIRCLE('',#13912,1.5);
#5367=CIRCLE('',#13914,1.5);
#5368=CIRCLE('',#13915,1.5);
#5369=CIRCLE('',#13918,1.5);
#5370=CIRCLE('',#13919,1.5);
#5371=CIRCLE('',#13921,1.5);
#5372=CIRCLE('',#13922,1.5);
#5373=CIRCLE('',#13938,2.10000000000001);
#5374=CIRCLE('',#13939,2.10000000000001);
#5375=CIRCLE('',#13941,1.1);
#5376=CIRCLE('',#13942,1.1);
#5377=CIRCLE('',#13944,1.1);
#5378=CIRCLE('',#13945,1.1);
#5379=CIRCLE('',#13947,1.1);
#5380=CIRCLE('',#13948,1.1);
#5381=CIRCLE('',#13950,1.1);
#5382=CIRCLE('',#13951,1.1);
#5383=CIRCLE('',#13956,15.);
#5384=CIRCLE('',#13957,8.);
#5385=CIRCLE('',#13961,8.);
#5386=CIRCLE('',#13963,15.);
#5387=CIRCLE('',#13973,1.6);
#5388=CIRCLE('',#13974,1.6);
#5389=CIRCLE('',#13976,1.6);
#5390=CIRCLE('',#13977,1.6);
#5391=CIRCLE('',#13979,1.6);
#5392=CIRCLE('',#13980,1.6);
#5393=CIRCLE('',#13982,1.6);
#5394=CIRCLE('',#13983,1.6);
#5395=CIRCLE('',#13985,1.6);
#5396=CIRCLE('',#13986,1.6);
#5397=CIRCLE('',#13988,1.6);
#5398=CIRCLE('',#13989,1.6);
#5399=CIRCLE('',#13991,7.);
#5400=CIRCLE('',#13992,7.);
#5401=CIRCLE('',#14047,80.);
#5402=CIRCLE('',#14048,80.);
#5403=CIRCLE('',#14049,80.);
#5404=CIRCLE('',#14050,80.);
#5405=CIRCLE('',#14051,80.);
#5406=CIRCLE('',#14052,80.);
#5407=CIRCLE('',#14053,80.);
#5408=CIRCLE('',#14054,80.);
#5409=CIRCLE('',#14055,80.);
#5410=CIRCLE('',#14056,80.);
#5411=CIRCLE('',#14057,80.);
#5412=CIRCLE('',#14058,80.);
#5413=CIRCLE('',#14059,80.);
#5414=CIRCLE('',#14060,80.);
#5415=CIRCLE('',#14061,80.);
#5416=CIRCLE('',#14062,80.);
#5417=CIRCLE('',#14063,80.);
#5418=CIRCLE('',#14064,80.);
#5419=CIRCLE('',#14065,80.);
#5420=CIRCLE('',#14066,80.);
#5421=CIRCLE('',#14067,80.);
#5422=CIRCLE('',#14068,80.);
#5423=CIRCLE('',#14069,80.);
#5424=CIRCLE('',#14070,80.);
#5425=CIRCLE('',#14071,80.);
#5426=CIRCLE('',#14078,78.);
#5427=CIRCLE('',#14079,74.);
#5428=CIRCLE('',#14080,74.);
#5429=CIRCLE('',#14081,12.);
#5430=CIRCLE('',#14082,74.);
#5431=CIRCLE('',#14083,74.);
#5432=CIRCLE('',#14084,12.);
#5433=CIRCLE('',#14085,74.);
#5434=CIRCLE('',#14086,74.);
#5435=CIRCLE('',#14087,12.);
#5436=CIRCLE('',#14088,74.);
#5437=CIRCLE('',#14089,74.);
#5438=CIRCLE('',#14090,78.);
#5439=CIRCLE('',#14092,74.);
#5440=CIRCLE('',#14093,12.);
#5441=CIRCLE('',#14094,74.);
#5442=CIRCLE('',#14095,74.);
#5443=CIRCLE('',#14096,12.);
#5444=CIRCLE('',#14097,74.);
#5445=CIRCLE('',#14098,74.);
#5446=CIRCLE('',#14099,12.);
#5447=CIRCLE('',#14100,74.);
#5448=CIRCLE('',#14101,74.);
#5449=CIRCLE('',#14102,12.);
#5450=CIRCLE('',#14103,74.);
#5451=CIRCLE('',#14107,78.);
#5452=CIRCLE('',#14108,78.);
#5453=CIRCLE('',#14115,74.);
#5454=CIRCLE('',#14116,74.);
#5455=CIRCLE('',#14129,12.);
#5456=CIRCLE('',#14206,5.5);
#5457=CIRCLE('',#14207,5.5);
#5458=CIRCLE('',#14209,3.);
#5459=CIRCLE('',#14211,5.);
#5460=CIRCLE('',#14213,5.);
#5461=CIRCLE('',#14215,3.);
#5462=CIRCLE('',#14217,12.7);
#5463=CIRCLE('',#14218,12.7);
#5464=CIRCLE('',#14225,3.);
#5465=CIRCLE('',#14226,2.5);
#5466=CIRCLE('',#14228,2.5);
#5467=CIRCLE('',#14230,3.);
#5468=CIRCLE('',#14234,5.);
#5469=CIRCLE('',#14235,5.);
#5470=CIRCLE('',#14237,13.);
#5471=CIRCLE('',#14238,13.);
#5472=CIRCLE('',#14243,5.);
#5473=CIRCLE('',#14244,5.);
#5474=CIRCLE('',#14246,13.);
#5475=CIRCLE('',#14247,13.);
#5476=CIRCLE('',#14252,1.25);
#5477=CIRCLE('',#14253,1.25);
#5478=CIRCLE('',#14256,1.25);
#5479=CIRCLE('',#14257,1.25);
#5480=CIRCLE('',#14260,1.25);
#5481=CIRCLE('',#14261,1.25);
#5482=CIRCLE('',#14264,1.25);
#5483=CIRCLE('',#14265,1.25);
#5484=CIRCLE('',#14268,1.25);
#5485=CIRCLE('',#14269,1.25);
#5486=CIRCLE('',#14272,1.25);
#5487=CIRCLE('',#14273,1.25);
#5488=CIRCLE('',#14276,2.6);
#5489=CIRCLE('',#14277,2.6);
#5490=CIRCLE('',#14280,8.);
#5491=CIRCLE('',#14281,8.);
#5492=CIRCLE('',#14284,21.);
#5493=CIRCLE('',#14285,21.);
#5494=CIRCLE('',#14290,2.5);
#5495=CIRCLE('',#14291,2.5);
#5496=CIRCLE('',#14296,1.6);
#5497=CIRCLE('',#14297,1.6);
#5498=CIRCLE('',#14299,1.6);
#5499=CIRCLE('',#14300,1.6);
#5500=CIRCLE('',#14302,1.6);
#5501=CIRCLE('',#14303,1.6);
#5502=CIRCLE('',#14305,1.6);
#5503=CIRCLE('',#14306,1.6);
#5504=CIRCLE('',#14308,6.);
#5505=CIRCLE('',#14309,6.);
#5506=CIRCLE('',#14318,1.6);
#5507=CIRCLE('',#14319,1.6);
#5508=CIRCLE('',#14321,1.6);
#5509=CIRCLE('',#14322,1.6);
#5510=CIRCLE('',#14324,1.6);
#5511=CIRCLE('',#14325,1.6);
#5512=CIRCLE('',#14327,1.6);
#5513=CIRCLE('',#14328,1.6);
#5514=CIRCLE('',#14330,6.);
#5515=CIRCLE('',#14331,6.);
#5516=CIRCLE('',#14340,2.5);
#5517=CIRCLE('',#14341,2.5);
#5518=CIRCLE('',#14346,1.1);
#5519=CIRCLE('',#14347,1.1);
#5520=CIRCLE('',#14349,1.1);
#5521=CIRCLE('',#14350,1.1);
#5522=CIRCLE('',#14352,1.1);
#5523=CIRCLE('',#14353,1.1);
#5524=CIRCLE('',#14355,1.1);
#5525=CIRCLE('',#14356,1.1);
#5526=CIRCLE('',#14365,5.);
#5527=CIRCLE('',#14366,5.);
#5528=CIRCLE('',#14368,9.);
#5529=CIRCLE('',#14369,9.);
#5530=CIRCLE('',#14376,6.6);
#5531=CIRCLE('',#14377,4.8);
#5532=CIRCLE('',#14379,4.8);
#5533=CIRCLE('',#14381,6.6);
#5534=CIRCLE('',#14385,1.6);
#5535=CIRCLE('',#14386,1.6);
#5536=CIRCLE('',#14388,4.);
#5537=CIRCLE('',#14389,4.);
#5538=CIRCLE('',#14394,1.6);
#5539=CIRCLE('',#14395,1.6);
#5540=CIRCLE('',#14397,4.);
#5541=CIRCLE('',#14398,4.);
#5542=CIRCLE('',#14403,1.6);
#5543=CIRCLE('',#14404,1.6);
#5544=CIRCLE('',#14406,4.);
#5545=CIRCLE('',#14407,4.);
#5546=CIRCLE('',#14412,1.6);
#5547=CIRCLE('',#14413,1.6);
#5548=CIRCLE('',#14415,4.);
#5549=CIRCLE('',#14416,4.);
#5550=CIRCLE('',#14421,1.5);
#5551=CIRCLE('',#14422,1.5);
#5552=CIRCLE('',#14427,1.5);
#5553=CIRCLE('',#14428,1.5);
#5554=CIRCLE('',#14433,1.6);
#5555=CIRCLE('',#14434,1.6);
#5556=CIRCLE('',#14436,1.6);
#5557=CIRCLE('',#14437,1.6);
#5558=CIRCLE('',#14451,1.6);
#5559=CIRCLE('',#14452,1.6);
#5560=CIRCLE('',#14454,1.6);
#5561=CIRCLE('',#14455,1.6);
#5562=CIRCLE('',#14476,5.);
#5563=CIRCLE('',#14477,5.);
#5564=CIRCLE('',#14479,6.);
#5565=CIRCLE('',#14480,6.);
#5566=CIRCLE('',#14485,5.);
#5567=CIRCLE('',#14486,5.);
#5568=CIRCLE('',#14488,9.);
#5569=CIRCLE('',#14489,9.);
#5570=CIRCLE('',#14494,5.);
#5571=CIRCLE('',#14495,5.);
#5572=CIRCLE('',#14497,9.);
#5573=CIRCLE('',#14498,9.);
#5574=CIRCLE('',#14503,1.6);
#5575=CIRCLE('',#14504,1.6);
#5576=CIRCLE('',#14506,4.);
#5577=CIRCLE('',#14507,4.);
#5578=CIRCLE('',#14512,1.6);
#5579=CIRCLE('',#14513,1.6);
#5580=CIRCLE('',#14515,4.);
#5581=CIRCLE('',#14516,4.);
#5582=CIRCLE('',#14521,1.6);
#5583=CIRCLE('',#14522,1.6);
#5584=CIRCLE('',#14524,4.);
#5585=CIRCLE('',#14525,4.);
#5586=CIRCLE('',#14530,1.6);
#5587=CIRCLE('',#14531,1.6);
#5588=CIRCLE('',#14533,4.);
#5589=CIRCLE('',#14534,4.);
#5590=CIRCLE('',#14572,1.5);
#5591=CIRCLE('',#14573,1.5);
#5592=CIRCLE('',#14587,1.5);
#5593=CIRCLE('',#14588,1.5);
#5594=CIRCLE('',#14590,1.5);
#5595=CIRCLE('',#14591,1.5);
#5596=CIRCLE('',#14611,1.5);
#5597=CIRCLE('',#14612,1.5);
#5598=CIRCLE('',#14620,1.5);
#5599=CIRCLE('',#14624,1.5);
#5600=CIRCLE('',#14628,1.6);
#5601=CIRCLE('',#14629,1.6);
#5602=CIRCLE('',#14631,1.6);
#5603=CIRCLE('',#14632,1.6);
#5604=CIRCLE('',#14667,1.5);
#5605=CIRCLE('',#14668,1.5);
#5606=CIRCLE('',#14670,3.);
#5607=CIRCLE('',#14671,3.);
#5608=CIRCLE('',#14676,1.5);
#5609=CIRCLE('',#14677,1.5);
#5610=CIRCLE('',#14679,3.);
#5611=CIRCLE('',#14680,3.);
#5612=CIRCLE('',#14685,1.8);
#5613=CIRCLE('',#14686,1.8);
#5614=CIRCLE('',#14688,3.);
#5615=CIRCLE('',#14689,3.);
#5616=CIRCLE('',#14694,1.8);
#5617=CIRCLE('',#14695,1.8);
#5618=CIRCLE('',#14697,3.);
#5619=CIRCLE('',#14698,3.);
#5620=CIRCLE('',#14703,1.8);
#5621=CIRCLE('',#14704,1.8);
#5622=CIRCLE('',#14706,3.);
#5623=CIRCLE('',#14707,3.);
#5624=CIRCLE('',#14712,1.8);
#5625=CIRCLE('',#14713,1.8);
#5626=CIRCLE('',#14715,3.);
#5627=CIRCLE('',#14716,3.);
#5628=VERTEX_POINT('',#18453);
#5629=VERTEX_POINT('',#18455);
#5630=VERTEX_POINT('',#18459);
#5631=VERTEX_POINT('',#18461);
#5632=VERTEX_POINT('',#18465);
#5633=VERTEX_POINT('',#18467);
#5634=VERTEX_POINT('',#18471);
#5635=VERTEX_POINT('',#18473);
#5636=VERTEX_POINT('',#18477);
#5637=VERTEX_POINT('',#18479);
#5638=VERTEX_POINT('',#18483);
#5639=VERTEX_POINT('',#18485);
#5640=VERTEX_POINT('',#18489);
#5641=VERTEX_POINT('',#18491);
#5642=VERTEX_POINT('',#18495);
#5643=VERTEX_POINT('',#18497);
#5644=VERTEX_POINT('',#18504);
#5645=VERTEX_POINT('',#18505);
#5646=VERTEX_POINT('',#18507);
#5647=VERTEX_POINT('',#18509);
#5648=VERTEX_POINT('',#18513);
#5649=VERTEX_POINT('',#18515);
#5650=VERTEX_POINT('',#18519);
#5651=VERTEX_POINT('',#18523);
#5652=VERTEX_POINT('',#18527);
#5653=VERTEX_POINT('',#18529);
#5654=VERTEX_POINT('',#18534);
#5655=VERTEX_POINT('',#18536);
#5656=VERTEX_POINT('',#18540);
#5657=VERTEX_POINT('',#18542);
#5658=VERTEX_POINT('',#18546);
#5659=VERTEX_POINT('',#18548);
#5660=VERTEX_POINT('',#18552);
#5661=VERTEX_POINT('',#18554);
#5662=VERTEX_POINT('',#18558);
#5663=VERTEX_POINT('',#18560);
#5664=VERTEX_POINT('',#18564);
#5665=VERTEX_POINT('',#18566);
#5666=VERTEX_POINT('',#18570);
#5667=VERTEX_POINT('',#18572);
#5668=VERTEX_POINT('',#18576);
#5669=VERTEX_POINT('',#18578);
#5670=VERTEX_POINT('',#18582);
#5671=VERTEX_POINT('',#18584);
#5672=VERTEX_POINT('',#18587);
#5673=VERTEX_POINT('',#18591);
#5674=VERTEX_POINT('',#18593);
#5675=VERTEX_POINT('',#18596);
#5676=VERTEX_POINT('',#18598);
#5677=VERTEX_POINT('',#18605);
#5678=VERTEX_POINT('',#18612);
#5679=VERTEX_POINT('',#18614);
#5680=VERTEX_POINT('',#18618);
#5681=VERTEX_POINT('',#18620);
#5682=VERTEX_POINT('',#18624);
#5683=VERTEX_POINT('',#18626);
#5684=VERTEX_POINT('',#18630);
#5685=VERTEX_POINT('',#18632);
#5686=VERTEX_POINT('',#18636);
#5687=VERTEX_POINT('',#18638);
#5688=VERTEX_POINT('',#18642);
#5689=VERTEX_POINT('',#18644);
#5690=VERTEX_POINT('',#18648);
#5691=VERTEX_POINT('',#18650);
#5692=VERTEX_POINT('',#18654);
#5693=VERTEX_POINT('',#18656);
#5694=VERTEX_POINT('',#18660);
#5695=VERTEX_POINT('',#18662);
#5696=VERTEX_POINT('',#18666);
#5697=VERTEX_POINT('',#18668);
#5698=VERTEX_POINT('',#18672);
#5699=VERTEX_POINT('',#18674);
#5700=VERTEX_POINT('',#18678);
#5701=VERTEX_POINT('',#18679);
#5702=VERTEX_POINT('',#18681);
#5703=VERTEX_POINT('',#18683);
#5704=VERTEX_POINT('',#18687);
#5705=VERTEX_POINT('',#18688);
#5706=VERTEX_POINT('',#18690);
#5707=VERTEX_POINT('',#18692);
#5708=VERTEX_POINT('',#18696);
#5709=VERTEX_POINT('',#18697);
#5710=VERTEX_POINT('',#18699);
#5711=VERTEX_POINT('',#18701);
#5712=VERTEX_POINT('',#18705);
#5713=VERTEX_POINT('',#18706);
#5714=VERTEX_POINT('',#18708);
#5715=VERTEX_POINT('',#18710);
#5716=VERTEX_POINT('',#18714);
#5717=VERTEX_POINT('',#18716);
#5718=VERTEX_POINT('',#18720);
#5719=VERTEX_POINT('',#18722);
#5720=VERTEX_POINT('',#18726);
#5721=VERTEX_POINT('',#18728);
#5722=VERTEX_POINT('',#18732);
#5723=VERTEX_POINT('',#18734);
#5724=VERTEX_POINT('',#18738);
#5725=VERTEX_POINT('',#18739);
#5726=VERTEX_POINT('',#18741);
#5727=VERTEX_POINT('',#18743);
#5728=VERTEX_POINT('',#18747);
#5729=VERTEX_POINT('',#18748);
#5730=VERTEX_POINT('',#18750);
#5731=VERTEX_POINT('',#18752);
#5732=VERTEX_POINT('',#18756);
#5733=VERTEX_POINT('',#18757);
#5734=VERTEX_POINT('',#18762);
#5735=VERTEX_POINT('',#18764);
#5736=VERTEX_POINT('',#18768);
#5737=VERTEX_POINT('',#18769);
#5738=VERTEX_POINT('',#18771);
#5739=VERTEX_POINT('',#18773);
#5740=VERTEX_POINT('',#18777);
#5741=VERTEX_POINT('',#18779);
#5742=VERTEX_POINT('',#18783);
#5743=VERTEX_POINT('',#18784);
#5744=VERTEX_POINT('',#18792);
#5745=VERTEX_POINT('',#18794);
#5746=VERTEX_POINT('',#18804);
#5747=VERTEX_POINT('',#18806);
#5748=VERTEX_POINT('',#18810);
#5749=VERTEX_POINT('',#18812);
#5750=VERTEX_POINT('',#18814);
#5751=VERTEX_POINT('',#18817);
#5752=VERTEX_POINT('',#18819);
#5753=VERTEX_POINT('',#18821);
#5754=VERTEX_POINT('',#18823);
#5755=VERTEX_POINT('',#18827);
#5756=VERTEX_POINT('',#18833);
#5757=VERTEX_POINT('',#18837);
#5758=VERTEX_POINT('',#18841);
#5759=VERTEX_POINT('',#18842);
#5760=VERTEX_POINT('',#18847);
#5761=VERTEX_POINT('',#18849);
#5762=VERTEX_POINT('',#18855);
#5763=VERTEX_POINT('',#18863);
#5764=VERTEX_POINT('',#18873);
#5765=VERTEX_POINT('',#18875);
#5766=VERTEX_POINT('',#18880);
#5767=VERTEX_POINT('',#18881);
#5768=VERTEX_POINT('',#18883);
#5769=VERTEX_POINT('',#18885);
#5770=VERTEX_POINT('',#18889);
#5771=VERTEX_POINT('',#18891);
#5772=VERTEX_POINT('',#18895);
#5773=VERTEX_POINT('',#18897);
#5774=VERTEX_POINT('',#18905);
#5775=VERTEX_POINT('',#18907);
#5776=VERTEX_POINT('',#18911);
#5777=VERTEX_POINT('',#18914);
#5778=VERTEX_POINT('',#18917);
#5779=VERTEX_POINT('',#18921);
#5780=VERTEX_POINT('',#18923);
#5781=VERTEX_POINT('',#18926);
#5782=VERTEX_POINT('',#18928);
#5783=VERTEX_POINT('',#18935);
#5784=VERTEX_POINT('',#18942);
#5785=VERTEX_POINT('',#18944);
#5786=VERTEX_POINT('',#18948);
#5787=VERTEX_POINT('',#18950);
#5788=VERTEX_POINT('',#18954);
#5789=VERTEX_POINT('',#18956);
#5790=VERTEX_POINT('',#18960);
#5791=VERTEX_POINT('',#18962);
#5792=VERTEX_POINT('',#18966);
#5793=VERTEX_POINT('',#18968);
#5794=VERTEX_POINT('',#18972);
#5795=VERTEX_POINT('',#18975);
#5796=VERTEX_POINT('',#18977);
#5797=VERTEX_POINT('',#18981);
#5798=VERTEX_POINT('',#18986);
#5799=VERTEX_POINT('',#18987);
#5800=VERTEX_POINT('',#18989);
#5801=VERTEX_POINT('',#18991);
#5802=VERTEX_POINT('',#18995);
#5803=VERTEX_POINT('',#18997);
#5804=VERTEX_POINT('',#19001);
#5805=VERTEX_POINT('',#19003);
#5806=VERTEX_POINT('',#19013);
#5807=VERTEX_POINT('',#19015);
#5808=VERTEX_POINT('',#19019);
#5809=VERTEX_POINT('',#19021);
#5810=VERTEX_POINT('',#19025);
#5811=VERTEX_POINT('',#19027);
#5812=VERTEX_POINT('',#19031);
#5813=VERTEX_POINT('',#19033);
#5814=VERTEX_POINT('',#19037);
#5815=VERTEX_POINT('',#19039);
#5816=VERTEX_POINT('',#19043);
#5817=VERTEX_POINT('',#19045);
#5818=VERTEX_POINT('',#19049);
#5819=VERTEX_POINT('',#19051);
#5820=VERTEX_POINT('',#19055);
#5821=VERTEX_POINT('',#19057);
#5822=VERTEX_POINT('',#19061);
#5823=VERTEX_POINT('',#19063);
#5824=VERTEX_POINT('',#19067);
#5825=VERTEX_POINT('',#19069);
#5826=VERTEX_POINT('',#19073);
#5827=VERTEX_POINT('',#19075);
#5828=VERTEX_POINT('',#19079);
#5829=VERTEX_POINT('',#19080);
#5830=VERTEX_POINT('',#19082);
#5831=VERTEX_POINT('',#19084);
#5832=VERTEX_POINT('',#19088);
#5833=VERTEX_POINT('',#19090);
#5834=VERTEX_POINT('',#19094);
#5835=VERTEX_POINT('',#19096);
#5836=VERTEX_POINT('',#19106);
#5837=VERTEX_POINT('',#19107);
#5838=VERTEX_POINT('',#19109);
#5839=VERTEX_POINT('',#19111);
#5840=VERTEX_POINT('',#19115);
#5841=VERTEX_POINT('',#19117);
#5842=VERTEX_POINT('',#19121);
#5843=VERTEX_POINT('',#19123);
#5844=VERTEX_POINT('',#19127);
#5845=VERTEX_POINT('',#19128);
#5846=VERTEX_POINT('',#19130);
#5847=VERTEX_POINT('',#19132);
#5848=VERTEX_POINT('',#19134);
#5849=VERTEX_POINT('',#19136);
#5850=VERTEX_POINT('',#19138);
#5851=VERTEX_POINT('',#19140);
#5852=VERTEX_POINT('',#19142);
#5853=VERTEX_POINT('',#19144);
#5854=VERTEX_POINT('',#19146);
#5855=VERTEX_POINT('',#19148);
#5856=VERTEX_POINT('',#19150);
#5857=VERTEX_POINT('',#19152);
#5858=VERTEX_POINT('',#19154);
#5859=VERTEX_POINT('',#19156);
#5860=VERTEX_POINT('',#19159);
#5861=VERTEX_POINT('',#19161);
#5862=VERTEX_POINT('',#19163);
#5863=VERTEX_POINT('',#19165);
#5864=VERTEX_POINT('',#19168);
#5865=VERTEX_POINT('',#19169);
#5866=VERTEX_POINT('',#19171);
#5867=VERTEX_POINT('',#19173);
#5868=VERTEX_POINT('',#19176);
#5869=VERTEX_POINT('',#19177);
#5870=VERTEX_POINT('',#19179);
#5871=VERTEX_POINT('',#19181);
#5872=VERTEX_POINT('',#19184);
#5873=VERTEX_POINT('',#19185);
#5874=VERTEX_POINT('',#19187);
#5875=VERTEX_POINT('',#19189);
#5876=VERTEX_POINT('',#19192);
#5877=VERTEX_POINT('',#19193);
#5878=VERTEX_POINT('',#19195);
#5879=VERTEX_POINT('',#19197);
#5880=VERTEX_POINT('',#19201);
#5881=VERTEX_POINT('',#19205);
#5882=VERTEX_POINT('',#19209);
#5883=VERTEX_POINT('',#19213);
#5884=VERTEX_POINT('',#19217);
#5885=VERTEX_POINT('',#19218);
#5886=VERTEX_POINT('',#19220);
#5887=VERTEX_POINT('',#19222);
#5888=VERTEX_POINT('',#19224);
#5889=VERTEX_POINT('',#19226);
#5890=VERTEX_POINT('',#19228);
#5891=VERTEX_POINT('',#19230);
#5892=VERTEX_POINT('',#19232);
#5893=VERTEX_POINT('',#19234);
#5894=VERTEX_POINT('',#19236);
#5895=VERTEX_POINT('',#19238);
#5896=VERTEX_POINT('',#19240);
#5897=VERTEX_POINT('',#19242);
#5898=VERTEX_POINT('',#19244);
#5899=VERTEX_POINT('',#19246);
#5900=VERTEX_POINT('',#19250);
#5901=VERTEX_POINT('',#19251);
#5902=VERTEX_POINT('',#19253);
#5903=VERTEX_POINT('',#19255);
#5904=VERTEX_POINT('',#19258);
#5905=VERTEX_POINT('',#19259);
#5906=VERTEX_POINT('',#19261);
#5907=VERTEX_POINT('',#19263);
#5908=VERTEX_POINT('',#19266);
#5909=VERTEX_POINT('',#19267);
#5910=VERTEX_POINT('',#19269);
#5911=VERTEX_POINT('',#19271);
#5912=VERTEX_POINT('',#19274);
#5913=VERTEX_POINT('',#19275);
#5914=VERTEX_POINT('',#19277);
#5915=VERTEX_POINT('',#19279);
#5916=VERTEX_POINT('',#19349);
#5917=VERTEX_POINT('',#19350);
#5918=VERTEX_POINT('',#19352);
#5919=VERTEX_POINT('',#19354);
#5920=VERTEX_POINT('',#19358);
#5921=VERTEX_POINT('',#19360);
#5922=VERTEX_POINT('',#19364);
#5923=VERTEX_POINT('',#19366);
#5924=VERTEX_POINT('',#19376);
#5925=VERTEX_POINT('',#19377);
#5926=VERTEX_POINT('',#19379);
#5927=VERTEX_POINT('',#19381);
#5928=VERTEX_POINT('',#19385);
#5929=VERTEX_POINT('',#19387);
#5930=VERTEX_POINT('',#19391);
#5931=VERTEX_POINT('',#19393);
#5932=VERTEX_POINT('',#19403);
#5933=VERTEX_POINT('',#19405);
#5934=VERTEX_POINT('',#19410);
#5935=VERTEX_POINT('',#19412);
#5936=VERTEX_POINT('',#19417);
#5937=VERTEX_POINT('',#19419);
#5938=VERTEX_POINT('',#19423);
#5939=VERTEX_POINT('',#19425);
#5940=VERTEX_POINT('',#19430);
#5941=VERTEX_POINT('',#19432);
#5942=VERTEX_POINT('',#19436);
#5943=VERTEX_POINT('',#19438);
#5944=VERTEX_POINT('',#19443);
#5945=VERTEX_POINT('',#19444);
#5946=VERTEX_POINT('',#19446);
#5947=VERTEX_POINT('',#19448);
#5948=VERTEX_POINT('',#19452);
#5949=VERTEX_POINT('',#19454);
#5950=VERTEX_POINT('',#19458);
#5951=VERTEX_POINT('',#19460);
#5952=VERTEX_POINT('',#19464);
#5953=VERTEX_POINT('',#19466);
#5954=VERTEX_POINT('',#19468);
#5955=VERTEX_POINT('',#19470);
#5956=VERTEX_POINT('',#19472);
#5957=VERTEX_POINT('',#19474);
#5958=VERTEX_POINT('',#19478);
#5959=VERTEX_POINT('',#19480);
#5960=VERTEX_POINT('',#19484);
#5961=VERTEX_POINT('',#19488);
#5962=VERTEX_POINT('',#19492);
#5963=VERTEX_POINT('',#19494);
#5964=VERTEX_POINT('',#19506);
#5965=VERTEX_POINT('',#19508);
#5966=VERTEX_POINT('',#19512);
#5967=VERTEX_POINT('',#19514);
#5968=VERTEX_POINT('',#19518);
#5969=VERTEX_POINT('',#19520);
#5970=VERTEX_POINT('',#19524);
#5971=VERTEX_POINT('',#19526);
#5972=VERTEX_POINT('',#19530);
#5973=VERTEX_POINT('',#19532);
#5974=VERTEX_POINT('',#19536);
#5975=VERTEX_POINT('',#19537);
#5976=VERTEX_POINT('',#19539);
#5977=VERTEX_POINT('',#19541);
#5978=VERTEX_POINT('',#19545);
#5979=VERTEX_POINT('',#19547);
#5980=VERTEX_POINT('',#19551);
#5981=VERTEX_POINT('',#19552);
#5982=VERTEX_POINT('',#19554);
#5983=VERTEX_POINT('',#19559);
#5984=VERTEX_POINT('',#19560);
#5985=VERTEX_POINT('',#19564);
#5986=VERTEX_POINT('',#19567);
#5987=VERTEX_POINT('',#19573);
#5988=VERTEX_POINT('',#19581);
#5989=VERTEX_POINT('',#19582);
#5990=VERTEX_POINT('',#19584);
#5991=VERTEX_POINT('',#19586);
#5992=VERTEX_POINT('',#19590);
#5993=VERTEX_POINT('',#19592);
#5994=VERTEX_POINT('',#19596);
#5995=VERTEX_POINT('',#19598);
#5996=VERTEX_POINT('',#19607);
#5997=VERTEX_POINT('',#19609);
#5998=VERTEX_POINT('',#19613);
#5999=VERTEX_POINT('',#19615);
#6000=VERTEX_POINT('',#19619);
#6001=VERTEX_POINT('',#19621);
#6002=VERTEX_POINT('',#19625);
#6003=VERTEX_POINT('',#19627);
#6004=VERTEX_POINT('',#19631);
#6005=VERTEX_POINT('',#19633);
#6006=VERTEX_POINT('',#19637);
#6007=VERTEX_POINT('',#19639);
#6008=VERTEX_POINT('',#19643);
#6009=VERTEX_POINT('',#19645);
#6010=VERTEX_POINT('',#19649);
#6011=VERTEX_POINT('',#19650);
#6012=VERTEX_POINT('',#19652);
#6013=VERTEX_POINT('',#19654);
#6014=VERTEX_POINT('',#19658);
#6015=VERTEX_POINT('',#19659);
#6016=VERTEX_POINT('',#19661);
#6017=VERTEX_POINT('',#19663);
#6018=VERTEX_POINT('',#19667);
#6019=VERTEX_POINT('',#19668);
#6020=VERTEX_POINT('',#19670);
#6021=VERTEX_POINT('',#19672);
#6022=VERTEX_POINT('',#19679);
#6023=VERTEX_POINT('',#19680);
#6024=VERTEX_POINT('',#19682);
#6025=VERTEX_POINT('',#19684);
#6026=VERTEX_POINT('',#19691);
#6027=VERTEX_POINT('',#19693);
#6028=VERTEX_POINT('',#19697);
#6029=VERTEX_POINT('',#19699);
#6030=VERTEX_POINT('',#19701);
#6031=VERTEX_POINT('',#19703);
#6032=VERTEX_POINT('',#19705);
#6033=VERTEX_POINT('',#19707);
#6034=VERTEX_POINT('',#19709);
#6035=VERTEX_POINT('',#19711);
#6036=VERTEX_POINT('',#19713);
#6037=VERTEX_POINT('',#19715);
#6038=VERTEX_POINT('',#19717);
#6039=VERTEX_POINT('',#19719);
#6040=VERTEX_POINT('',#19721);
#6041=VERTEX_POINT('',#19723);
#6042=VERTEX_POINT('',#19725);
#6043=VERTEX_POINT('',#19727);
#6044=VERTEX_POINT('',#19729);
#6045=VERTEX_POINT('',#19731);
#6046=VERTEX_POINT('',#19733);
#6047=VERTEX_POINT('',#19735);
#6048=VERTEX_POINT('',#19737);
#6049=VERTEX_POINT('',#19739);
#6050=VERTEX_POINT('',#19741);
#6051=VERTEX_POINT('',#19743);
#6052=VERTEX_POINT('',#19745);
#6053=VERTEX_POINT('',#19747);
#6054=VERTEX_POINT('',#19749);
#6055=VERTEX_POINT('',#19751);
#6056=VERTEX_POINT('',#19753);
#6057=VERTEX_POINT('',#19755);
#6058=VERTEX_POINT('',#19757);
#6059=VERTEX_POINT('',#19759);
#6060=VERTEX_POINT('',#19761);
#6061=VERTEX_POINT('',#19763);
#6062=VERTEX_POINT('',#19766);
#6063=VERTEX_POINT('',#19770);
#6064=VERTEX_POINT('',#19774);
#6065=VERTEX_POINT('',#19776);
#6066=VERTEX_POINT('',#19780);
#6067=VERTEX_POINT('',#19782);
#6068=VERTEX_POINT('',#19786);
#6069=VERTEX_POINT('',#19788);
#6070=VERTEX_POINT('',#19792);
#6071=VERTEX_POINT('',#19796);
#6072=VERTEX_POINT('',#19802);
#6073=VERTEX_POINT('',#19806);
#6074=VERTEX_POINT('',#19810);
#6075=VERTEX_POINT('',#19814);
#6076=VERTEX_POINT('',#19816);
#6077=VERTEX_POINT('',#19820);
#6078=VERTEX_POINT('',#19822);
#6079=VERTEX_POINT('',#19826);
#6080=VERTEX_POINT('',#19828);
#6081=VERTEX_POINT('',#19832);
#6082=VERTEX_POINT('',#19836);
#6083=VERTEX_POINT('',#19842);
#6084=VERTEX_POINT('',#19846);
#6085=VERTEX_POINT('',#19850);
#6086=VERTEX_POINT('',#19854);
#6087=VERTEX_POINT('',#19858);
#6088=VERTEX_POINT('',#19862);
#6089=VERTEX_POINT('',#19864);
#6090=VERTEX_POINT('',#19868);
#6091=VERTEX_POINT('',#19870);
#6092=VERTEX_POINT('',#19874);
#6093=VERTEX_POINT('',#19878);
#6094=VERTEX_POINT('',#19882);
#6095=VERTEX_POINT('',#19888);
#6096=VERTEX_POINT('',#19896);
#6097=VERTEX_POINT('',#19905);
#6098=VERTEX_POINT('',#19916);
#6099=VERTEX_POINT('',#19917);
#6100=VERTEX_POINT('',#19919);
#6101=VERTEX_POINT('',#19921);
#6102=VERTEX_POINT('',#19923);
#6103=VERTEX_POINT('',#19925);
#6104=VERTEX_POINT('',#19927);
#6105=VERTEX_POINT('',#19931);
#6106=VERTEX_POINT('',#19933);
#6107=VERTEX_POINT('',#19935);
#6108=VERTEX_POINT('',#19937);
#6109=VERTEX_POINT('',#19939);
#6110=VERTEX_POINT('',#19943);
#6111=VERTEX_POINT('',#19945);
#6112=VERTEX_POINT('',#19952);
#6113=VERTEX_POINT('',#19957);
#6114=VERTEX_POINT('',#19959);
#6115=VERTEX_POINT('',#19961);
#6116=VERTEX_POINT('',#19963);
#6117=VERTEX_POINT('',#19965);
#6118=VERTEX_POINT('',#19967);
#6119=VERTEX_POINT('',#19969);
#6120=VERTEX_POINT('',#19971);
#6121=VERTEX_POINT('',#19973);
#6122=VERTEX_POINT('',#19975);
#6123=VERTEX_POINT('',#19977);
#6124=VERTEX_POINT('',#19979);
#6125=VERTEX_POINT('',#19981);
#6126=VERTEX_POINT('',#19983);
#6127=VERTEX_POINT('',#19985);
#6128=VERTEX_POINT('',#19987);
#6129=VERTEX_POINT('',#19989);
#6130=VERTEX_POINT('',#19991);
#6131=VERTEX_POINT('',#19993);
#6132=VERTEX_POINT('',#19995);
#6133=VERTEX_POINT('',#19997);
#6134=VERTEX_POINT('',#19999);
#6135=VERTEX_POINT('',#20001);
#6136=VERTEX_POINT('',#20003);
#6137=VERTEX_POINT('',#20005);
#6138=VERTEX_POINT('',#20007);
#6139=VERTEX_POINT('',#20009);
#6140=VERTEX_POINT('',#20011);
#6141=VERTEX_POINT('',#20013);
#6142=VERTEX_POINT('',#20015);
#6143=VERTEX_POINT('',#20017);
#6144=VERTEX_POINT('',#20019);
#6145=VERTEX_POINT('',#20021);
#6146=VERTEX_POINT('',#20023);
#6147=VERTEX_POINT('',#20025);
#6148=VERTEX_POINT('',#20027);
#6149=VERTEX_POINT('',#20029);
#6150=VERTEX_POINT('',#20031);
#6151=VERTEX_POINT('',#20033);
#6152=VERTEX_POINT('',#20035);
#6153=VERTEX_POINT('',#20037);
#6154=VERTEX_POINT('',#20039);
#6155=VERTEX_POINT('',#20041);
#6156=VERTEX_POINT('',#20048);
#6157=VERTEX_POINT('',#20050);
#6158=VERTEX_POINT('',#20056);
#6159=VERTEX_POINT('',#20062);
#6160=VERTEX_POINT('',#20063);
#6161=VERTEX_POINT('',#20065);
#6162=VERTEX_POINT('',#20067);
#6163=VERTEX_POINT('',#20069);
#6164=VERTEX_POINT('',#20071);
#6165=VERTEX_POINT('',#20073);
#6166=VERTEX_POINT('',#20075);
#6167=VERTEX_POINT('',#20077);
#6168=VERTEX_POINT('',#20079);
#6169=VERTEX_POINT('',#20081);
#6170=VERTEX_POINT('',#20083);
#6171=VERTEX_POINT('',#20085);
#6172=VERTEX_POINT('',#20087);
#6173=VERTEX_POINT('',#20089);
#6174=VERTEX_POINT('',#20091);
#6175=VERTEX_POINT('',#20093);
#6176=VERTEX_POINT('',#20095);
#6177=VERTEX_POINT('',#20097);
#6178=VERTEX_POINT('',#20099);
#6179=VERTEX_POINT('',#20101);
#6180=VERTEX_POINT('',#20103);
#6181=VERTEX_POINT('',#20105);
#6182=VERTEX_POINT('',#20107);
#6183=VERTEX_POINT('',#20109);
#6184=VERTEX_POINT('',#20111);
#6185=VERTEX_POINT('',#20113);
#6186=VERTEX_POINT('',#20115);
#6187=VERTEX_POINT('',#20117);
#6188=VERTEX_POINT('',#20119);
#6189=VERTEX_POINT('',#20121);
#6190=VERTEX_POINT('',#20125);
#6191=VERTEX_POINT('',#20127);
#6192=VERTEX_POINT('',#20129);
#6193=VERTEX_POINT('',#20131);
#6194=VERTEX_POINT('',#20133);
#6195=VERTEX_POINT('',#20135);
#6196=VERTEX_POINT('',#20137);
#6197=VERTEX_POINT('',#20140);
#6198=VERTEX_POINT('',#20142);
#6199=VERTEX_POINT('',#20145);
#6200=VERTEX_POINT('',#20147);
#6201=VERTEX_POINT('',#20149);
#6202=VERTEX_POINT('',#20151);
#6203=VERTEX_POINT('',#20153);
#6204=VERTEX_POINT('',#20155);
#6205=VERTEX_POINT('',#20157);
#6206=VERTEX_POINT('',#20160);
#6207=VERTEX_POINT('',#20162);
#6208=VERTEX_POINT('',#20165);
#6209=VERTEX_POINT('',#20167);
#6210=VERTEX_POINT('',#20169);
#6211=VERTEX_POINT('',#20171);
#6212=VERTEX_POINT('',#20173);
#6213=VERTEX_POINT('',#20175);
#6214=VERTEX_POINT('',#20177);
#6215=VERTEX_POINT('',#20180);
#6216=VERTEX_POINT('',#20182);
#6217=VERTEX_POINT('',#20185);
#6218=VERTEX_POINT('',#20187);
#6219=VERTEX_POINT('',#20189);
#6220=VERTEX_POINT('',#20191);
#6221=VERTEX_POINT('',#20193);
#6222=VERTEX_POINT('',#20195);
#6223=VERTEX_POINT('',#20197);
#6224=VERTEX_POINT('',#20200);
#6225=VERTEX_POINT('',#20202);
#6226=VERTEX_POINT('',#20205);
#6227=VERTEX_POINT('',#20206);
#6228=VERTEX_POINT('',#20208);
#6229=VERTEX_POINT('',#20210);
#6230=VERTEX_POINT('',#20212);
#6231=VERTEX_POINT('',#20214);
#6232=VERTEX_POINT('',#20216);
#6233=VERTEX_POINT('',#20218);
#6234=VERTEX_POINT('',#20220);
#6235=VERTEX_POINT('',#20222);
#6236=VERTEX_POINT('',#20224);
#6237=VERTEX_POINT('',#20226);
#6238=VERTEX_POINT('',#20228);
#6239=VERTEX_POINT('',#20230);
#6240=VERTEX_POINT('',#20232);
#6241=VERTEX_POINT('',#20234);
#6242=VERTEX_POINT('',#20236);
#6243=VERTEX_POINT('',#20238);
#6244=VERTEX_POINT('',#20240);
#6245=VERTEX_POINT('',#20242);
#6246=VERTEX_POINT('',#20244);
#6247=VERTEX_POINT('',#20246);
#6248=VERTEX_POINT('',#20248);
#6249=VERTEX_POINT('',#20250);
#6250=VERTEX_POINT('',#20252);
#6251=VERTEX_POINT('',#20254);
#6252=VERTEX_POINT('',#20256);
#6253=VERTEX_POINT('',#20258);
#6254=VERTEX_POINT('',#20262);
#6255=VERTEX_POINT('',#20263);
#6256=VERTEX_POINT('',#20268);
#6257=VERTEX_POINT('',#20272);
#6258=VERTEX_POINT('',#20274);
#6259=VERTEX_POINT('',#20279);
#6260=VERTEX_POINT('',#20280);
#6261=VERTEX_POINT('',#20285);
#6262=VERTEX_POINT('',#20289);
#6263=VERTEX_POINT('',#20291);
#6264=VERTEX_POINT('',#20293);
#6265=VERTEX_POINT('',#20295);
#6266=VERTEX_POINT('',#20303);
#6267=VERTEX_POINT('',#20307);
#6268=VERTEX_POINT('',#20308);
#6269=VERTEX_POINT('',#20310);
#6270=VERTEX_POINT('',#20312);
#6271=VERTEX_POINT('',#20314);
#6272=VERTEX_POINT('',#20317);
#6273=VERTEX_POINT('',#20319);
#6274=VERTEX_POINT('',#20324);
#6275=VERTEX_POINT('',#20326);
#6276=VERTEX_POINT('',#20337);
#6277=VERTEX_POINT('',#20339);
#6278=VERTEX_POINT('',#20343);
#6279=VERTEX_POINT('',#20354);
#6280=VERTEX_POINT('',#20358);
#6281=VERTEX_POINT('',#20362);
#6282=VERTEX_POINT('',#20364);
#6283=VERTEX_POINT('',#20386);
#6284=VERTEX_POINT('',#20388);
#6285=VERTEX_POINT('',#20397);
#6286=VERTEX_POINT('',#20401);
#6287=VERTEX_POINT('',#20406);
#6288=VERTEX_POINT('',#20410);
#6289=VERTEX_POINT('',#20412);
#6290=VERTEX_POINT('',#20421);
#6291=VERTEX_POINT('',#20422);
#6292=VERTEX_POINT('',#20425);
#6293=VERTEX_POINT('',#20453);
#6294=VERTEX_POINT('',#20457);
#6295=VERTEX_POINT('',#20463);
#6296=VERTEX_POINT('',#20467);
#6297=VERTEX_POINT('',#20488);
#6298=VERTEX_POINT('',#20491);
#6299=VERTEX_POINT('',#20506);
#6300=VERTEX_POINT('',#20508);
#6301=VERTEX_POINT('',#20512);
#6302=VERTEX_POINT('',#20513);
#6303=VERTEX_POINT('',#20523);
#6304=VERTEX_POINT('',#20525);
#6305=VERTEX_POINT('',#20529);
#6306=VERTEX_POINT('',#20533);
#6307=VERTEX_POINT('',#20543);
#6308=VERTEX_POINT('',#20545);
#6309=VERTEX_POINT('',#20549);
#6310=VERTEX_POINT('',#20553);
#6311=VERTEX_POINT('',#20561);
#6312=VERTEX_POINT('',#20563);
#6313=VERTEX_POINT('',#20567);
#6314=VERTEX_POINT('',#20570);
#6315=VERTEX_POINT('',#20573);
#6316=VERTEX_POINT('',#20577);
#6317=VERTEX_POINT('',#20581);
#6318=VERTEX_POINT('',#20583);
#6319=VERTEX_POINT('',#20590);
#6320=VERTEX_POINT('',#20591);
#6321=VERTEX_POINT('',#20593);
#6322=VERTEX_POINT('',#20595);
#6323=VERTEX_POINT('',#20599);
#6324=VERTEX_POINT('',#20600);
#6325=VERTEX_POINT('',#20602);
#6326=VERTEX_POINT('',#20604);
#6327=VERTEX_POINT('',#20617);
#6328=VERTEX_POINT('',#20619);
#6329=VERTEX_POINT('',#20623);
#6330=VERTEX_POINT('',#20625);
#6331=VERTEX_POINT('',#20632);
#6332=VERTEX_POINT('',#20634);
#6333=VERTEX_POINT('',#20638);
#6334=VERTEX_POINT('',#20640);
#6335=VERTEX_POINT('',#20647);
#6336=VERTEX_POINT('',#20649);
#6337=VERTEX_POINT('',#20654);
#6338=VERTEX_POINT('',#20656);
#6339=VERTEX_POINT('',#20661);
#6340=VERTEX_POINT('',#20663);
#6341=VERTEX_POINT('',#20668);
#6342=VERTEX_POINT('',#20670);
#6343=VERTEX_POINT('',#20675);
#6344=VERTEX_POINT('',#20677);
#6345=VERTEX_POINT('',#20682);
#6346=VERTEX_POINT('',#20684);
#6347=VERTEX_POINT('',#20689);
#6348=VERTEX_POINT('',#20691);
#6349=VERTEX_POINT('',#20696);
#6350=VERTEX_POINT('',#20698);
#6351=VERTEX_POINT('',#20703);
#6352=VERTEX_POINT('',#20705);
#6353=VERTEX_POINT('',#20712);
#6354=VERTEX_POINT('',#20714);
#6355=VERTEX_POINT('',#20721);
#6356=VERTEX_POINT('',#20723);
#6357=VERTEX_POINT('',#20727);
#6358=VERTEX_POINT('',#20729);
#6359=VERTEX_POINT('',#20733);
#6360=VERTEX_POINT('',#20735);
#6361=VERTEX_POINT('',#20739);
#6362=VERTEX_POINT('',#20741);
#6363=VERTEX_POINT('',#20745);
#6364=VERTEX_POINT('',#20747);
#6365=VERTEX_POINT('',#20751);
#6366=VERTEX_POINT('',#20752);
#6367=VERTEX_POINT('',#20754);
#6368=VERTEX_POINT('',#20756);
#6369=VERTEX_POINT('',#20760);
#6370=VERTEX_POINT('',#20762);
#6371=VERTEX_POINT('',#20766);
#6372=VERTEX_POINT('',#20768);
#6373=VERTEX_POINT('',#20778);
#6374=VERTEX_POINT('',#20780);
#6375=VERTEX_POINT('',#20784);
#6376=VERTEX_POINT('',#20786);
#6377=VERTEX_POINT('',#20790);
#6378=VERTEX_POINT('',#20792);
#6379=VERTEX_POINT('',#20796);
#6380=VERTEX_POINT('',#20798);
#6381=VERTEX_POINT('',#20802);
#6382=VERTEX_POINT('',#20804);
#6383=VERTEX_POINT('',#20808);
#6384=VERTEX_POINT('',#20809);
#6385=VERTEX_POINT('',#20811);
#6386=VERTEX_POINT('',#20813);
#6387=VERTEX_POINT('',#20817);
#6388=VERTEX_POINT('',#20819);
#6389=VERTEX_POINT('',#20823);
#6390=VERTEX_POINT('',#20825);
#6391=VERTEX_POINT('',#20835);
#6392=VERTEX_POINT('',#20837);
#6393=VERTEX_POINT('',#20844);
#6394=VERTEX_POINT('',#20846);
#6395=VERTEX_POINT('',#20850);
#6396=VERTEX_POINT('',#20852);
#6397=VERTEX_POINT('',#20856);
#6398=VERTEX_POINT('',#20858);
#6399=VERTEX_POINT('',#20862);
#6400=VERTEX_POINT('',#20864);
#6401=VERTEX_POINT('',#20868);
#6402=VERTEX_POINT('',#20869);
#6403=VERTEX_POINT('',#20871);
#6404=VERTEX_POINT('',#20873);
#6405=VERTEX_POINT('',#20877);
#6406=VERTEX_POINT('',#20879);
#6407=VERTEX_POINT('',#20883);
#6408=VERTEX_POINT('',#20885);
#6409=VERTEX_POINT('',#20895);
#6410=VERTEX_POINT('',#20897);
#6411=VERTEX_POINT('',#20901);
#6412=VERTEX_POINT('',#20903);
#6413=VERTEX_POINT('',#20910);
#6414=VERTEX_POINT('',#20911);
#6415=VERTEX_POINT('',#20913);
#6416=VERTEX_POINT('',#20915);
#6417=VERTEX_POINT('',#20919);
#6418=VERTEX_POINT('',#20920);
#6419=VERTEX_POINT('',#20922);
#6420=VERTEX_POINT('',#20924);
#6421=VERTEX_POINT('',#20937);
#6422=VERTEX_POINT('',#20939);
#6423=VERTEX_POINT('',#20943);
#6424=VERTEX_POINT('',#20945);
#6425=VERTEX_POINT('',#20952);
#6426=VERTEX_POINT('',#20954);
#6427=VERTEX_POINT('',#20958);
#6428=VERTEX_POINT('',#20960);
#6429=VERTEX_POINT('',#20967);
#6430=VERTEX_POINT('',#20969);
#6431=VERTEX_POINT('',#20973);
#6432=VERTEX_POINT('',#20975);
#6433=VERTEX_POINT('',#20982);
#6434=VERTEX_POINT('',#20984);
#6435=VERTEX_POINT('',#20988);
#6436=VERTEX_POINT('',#20990);
#6437=VERTEX_POINT('',#20997);
#6438=VERTEX_POINT('',#20999);
#6439=VERTEX_POINT('',#21006);
#6440=VERTEX_POINT('',#21008);
#6441=VERTEX_POINT('',#21015);
#6442=VERTEX_POINT('',#21017);
#6443=VERTEX_POINT('',#21021);
#6444=VERTEX_POINT('',#21023);
#6445=VERTEX_POINT('',#21027);
#6446=VERTEX_POINT('',#21028);
#6447=VERTEX_POINT('',#21030);
#6448=VERTEX_POINT('',#21032);
#6449=VERTEX_POINT('',#21036);
#6450=VERTEX_POINT('',#21037);
#6451=VERTEX_POINT('',#21040);
#6452=VERTEX_POINT('',#21046);
#6453=VERTEX_POINT('',#21050);
#6454=VERTEX_POINT('',#21054);
#6455=VERTEX_POINT('',#21055);
#6456=VERTEX_POINT('',#21057);
#6457=VERTEX_POINT('',#21059);
#6458=VERTEX_POINT('',#21063);
#6459=VERTEX_POINT('',#21066);
#6460=VERTEX_POINT('',#21070);
#6461=VERTEX_POINT('',#21071);
#6462=VERTEX_POINT('',#21082);
#6463=VERTEX_POINT('',#21084);
#6464=VERTEX_POINT('',#21088);
#6465=VERTEX_POINT('',#21090);
#6466=VERTEX_POINT('',#21094);
#6467=VERTEX_POINT('',#21095);
#6468=VERTEX_POINT('',#21097);
#6469=VERTEX_POINT('',#21099);
#6470=VERTEX_POINT('',#21103);
#6471=VERTEX_POINT('',#21105);
#6472=VERTEX_POINT('',#21107);
#6473=VERTEX_POINT('',#21113);
#6474=VERTEX_POINT('',#21115);
#6475=VERTEX_POINT('',#21121);
#6476=VERTEX_POINT('',#21123);
#6477=VERTEX_POINT('',#21125);
#6478=VERTEX_POINT('',#21127);
#6479=VERTEX_POINT('',#21131);
#6480=VERTEX_POINT('',#21132);
#6481=VERTEX_POINT('',#21137);
#6482=VERTEX_POINT('',#21141);
#6483=VERTEX_POINT('',#21149);
#6484=VERTEX_POINT('',#21150);
#6485=VERTEX_POINT('',#21152);
#6486=VERTEX_POINT('',#21154);
#6487=VERTEX_POINT('',#21158);
#6488=VERTEX_POINT('',#21160);
#6489=VERTEX_POINT('',#21164);
#6490=VERTEX_POINT('',#21166);
#6491=VERTEX_POINT('',#21176);
#6492=VERTEX_POINT('',#21178);
#6493=VERTEX_POINT('',#21182);
#6494=VERTEX_POINT('',#21184);
#6495=VERTEX_POINT('',#21191);
#6496=VERTEX_POINT('',#21193);
#6497=VERTEX_POINT('',#21197);
#6498=VERTEX_POINT('',#21199);
#6499=VERTEX_POINT('',#21206);
#6500=VERTEX_POINT('',#21208);
#6501=VERTEX_POINT('',#21212);
#6502=VERTEX_POINT('',#21214);
#6503=VERTEX_POINT('',#21221);
#6504=VERTEX_POINT('',#21223);
#6505=VERTEX_POINT('',#21227);
#6506=VERTEX_POINT('',#21229);
#6507=VERTEX_POINT('',#21236);
#6508=VERTEX_POINT('',#21238);
#6509=VERTEX_POINT('',#21242);
#6510=VERTEX_POINT('',#21244);
#6511=VERTEX_POINT('',#21251);
#6512=VERTEX_POINT('',#21253);
#6513=VERTEX_POINT('',#21257);
#6514=VERTEX_POINT('',#21259);
#6515=VERTEX_POINT('',#21266);
#6516=VERTEX_POINT('',#21268);
#6517=VERTEX_POINT('',#21272);
#6518=VERTEX_POINT('',#21274);
#6519=VERTEX_POINT('',#21281);
#6520=VERTEX_POINT('',#21282);
#6521=VERTEX_POINT('',#21284);
#6522=VERTEX_POINT('',#21286);
#6523=VERTEX_POINT('',#21290);
#6524=VERTEX_POINT('',#21291);
#6525=VERTEX_POINT('',#21296);
#6526=VERTEX_POINT('',#21297);
#6527=VERTEX_POINT('',#21302);
#6528=VERTEX_POINT('',#21303);
#6529=VERTEX_POINT('',#21305);
#6530=VERTEX_POINT('',#21307);
#6531=VERTEX_POINT('',#21309);
#6532=VERTEX_POINT('',#21311);
#6533=VERTEX_POINT('',#21313);
#6534=VERTEX_POINT('',#21315);
#6535=VERTEX_POINT('',#21319);
#6536=VERTEX_POINT('',#21321);
#6537=VERTEX_POINT('',#21323);
#6538=VERTEX_POINT('',#21325);
#6539=VERTEX_POINT('',#21329);
#6540=VERTEX_POINT('',#21330);
#6541=VERTEX_POINT('',#21332);
#6542=VERTEX_POINT('',#21334);
#6543=VERTEX_POINT('',#21338);
#6544=VERTEX_POINT('',#21339);
#6545=VERTEX_POINT('',#21341);
#6546=VERTEX_POINT('',#21343);
#6547=VERTEX_POINT('',#21347);
#6548=VERTEX_POINT('',#21348);
#6549=VERTEX_POINT('',#21350);
#6550=VERTEX_POINT('',#21352);
#6551=VERTEX_POINT('',#21359);
#6552=VERTEX_POINT('',#21360);
#6553=VERTEX_POINT('',#21362);
#6554=VERTEX_POINT('',#21364);
#6555=VERTEX_POINT('',#21371);
#6556=VERTEX_POINT('',#21373);
#6557=VERTEX_POINT('',#21375);
#6558=VERTEX_POINT('',#21377);
#6559=VERTEX_POINT('',#21381);
#6560=VERTEX_POINT('',#21385);
#6561=VERTEX_POINT('',#21389);
#6562=VERTEX_POINT('',#21391);
#6563=VERTEX_POINT('',#21395);
#6564=VERTEX_POINT('',#21397);
#6565=VERTEX_POINT('',#21401);
#6566=VERTEX_POINT('',#21405);
#6567=VERTEX_POINT('',#21408);
#6568=VERTEX_POINT('',#21412);
#6569=VERTEX_POINT('',#21418);
#6570=VERTEX_POINT('',#21420);
#6571=VERTEX_POINT('',#21424);
#6572=VERTEX_POINT('',#21431);
#6573=VERTEX_POINT('',#21435);
#6574=VERTEX_POINT('',#21444);
#6575=VERTEX_POINT('',#21446);
#6576=VERTEX_POINT('',#21450);
#6577=VERTEX_POINT('',#21460);
#6578=VERTEX_POINT('',#21462);
#6579=VERTEX_POINT('',#21466);
#6580=VERTEX_POINT('',#21467);
#6581=VERTEX_POINT('',#21469);
#6582=VERTEX_POINT('',#21471);
#6583=VERTEX_POINT('',#21475);
#6584=VERTEX_POINT('',#21476);
#6585=VERTEX_POINT('',#21478);
#6586=VERTEX_POINT('',#21480);
#6587=VERTEX_POINT('',#21491);
#6588=VERTEX_POINT('',#21492);
#6589=VERTEX_POINT('',#21494);
#6590=VERTEX_POINT('',#21496);
#6591=VERTEX_POINT('',#21500);
#6592=VERTEX_POINT('',#21502);
#6593=VERTEX_POINT('',#21506);
#6594=VERTEX_POINT('',#21508);
#6595=VERTEX_POINT('',#21518);
#6596=VERTEX_POINT('',#21519);
#6597=VERTEX_POINT('',#21521);
#6598=VERTEX_POINT('',#21523);
#6599=VERTEX_POINT('',#21531);
#6600=VERTEX_POINT('',#21532);
#6601=VERTEX_POINT('',#21534);
#6602=VERTEX_POINT('',#21537);
#6603=VERTEX_POINT('',#21541);
#6604=VERTEX_POINT('',#21545);
#6605=VERTEX_POINT('',#21546);
#6606=VERTEX_POINT('',#21549);
#6607=VERTEX_POINT('',#21561);
#6608=VERTEX_POINT('',#21562);
#6609=VERTEX_POINT('',#21564);
#6610=VERTEX_POINT('',#21566);
#6611=VERTEX_POINT('',#21570);
#6612=VERTEX_POINT('',#21571);
#6613=VERTEX_POINT('',#21573);
#6614=VERTEX_POINT('',#21575);
#6615=VERTEX_POINT('',#21579);
#6616=VERTEX_POINT('',#21580);
#6617=VERTEX_POINT('',#21582);
#6618=VERTEX_POINT('',#21584);
#6619=VERTEX_POINT('',#21588);
#6620=VERTEX_POINT('',#21589);
#6621=VERTEX_POINT('',#21591);
#6622=VERTEX_POINT('',#21593);
#6623=VERTEX_POINT('',#21611);
#6624=VERTEX_POINT('',#21612);
#6625=VERTEX_POINT('',#21614);
#6626=VERTEX_POINT('',#21616);
#6627=VERTEX_POINT('',#21620);
#6628=VERTEX_POINT('',#21622);
#6629=VERTEX_POINT('',#21626);
#6630=VERTEX_POINT('',#21630);
#6631=VERTEX_POINT('',#21637);
#6632=VERTEX_POINT('',#21638);
#6633=VERTEX_POINT('',#21640);
#6634=VERTEX_POINT('',#21642);
#6635=VERTEX_POINT('',#21646);
#6636=VERTEX_POINT('',#21648);
#6637=VERTEX_POINT('',#21652);
#6638=VERTEX_POINT('',#21656);
#6639=VERTEX_POINT('',#21664);
#6640=VERTEX_POINT('',#21666);
#6641=VERTEX_POINT('',#21670);
#6642=VERTEX_POINT('',#21672);
#6643=VERTEX_POINT('',#21676);
#6644=VERTEX_POINT('',#21677);
#6645=VERTEX_POINT('',#21679);
#6646=VERTEX_POINT('',#21681);
#6647=VERTEX_POINT('',#21685);
#6648=VERTEX_POINT('',#21687);
#6649=VERTEX_POINT('',#21691);
#6650=VERTEX_POINT('',#21693);
#6651=VERTEX_POINT('',#21701);
#6652=VERTEX_POINT('',#21702);
#6653=VERTEX_POINT('',#21704);
#6654=VERTEX_POINT('',#21706);
#6655=VERTEX_POINT('',#21710);
#6656=VERTEX_POINT('',#21712);
#6657=VERTEX_POINT('',#21716);
#6658=VERTEX_POINT('',#21718);
#6659=VERTEX_POINT('',#21726);
#6660=VERTEX_POINT('',#21727);
#6661=VERTEX_POINT('',#21729);
#6662=VERTEX_POINT('',#21731);
#6663=VERTEX_POINT('',#21735);
#6664=VERTEX_POINT('',#21737);
#6665=VERTEX_POINT('',#21741);
#6666=VERTEX_POINT('',#21743);
#6667=VERTEX_POINT('',#21753);
#6668=VERTEX_POINT('',#21754);
#6669=VERTEX_POINT('',#21756);
#6670=VERTEX_POINT('',#21758);
#6671=VERTEX_POINT('',#21762);
#6672=VERTEX_POINT('',#21764);
#6673=VERTEX_POINT('',#21768);
#6674=VERTEX_POINT('',#21772);
#6675=VERTEX_POINT('',#21774);
#6676=VERTEX_POINT('',#21776);
#6677=VERTEX_POINT('',#21780);
#6678=VERTEX_POINT('',#21781);
#6679=VERTEX_POINT('',#21784);
#6680=VERTEX_POINT('',#21786);
#6681=VERTEX_POINT('',#21788);
#6682=VERTEX_POINT('',#21790);
#6683=VERTEX_POINT('',#21794);
#6684=VERTEX_POINT('',#21796);
#6685=VERTEX_POINT('',#21800);
#6686=VERTEX_POINT('',#21802);
#6687=VERTEX_POINT('',#21806);
#6688=VERTEX_POINT('',#21810);
#6689=VERTEX_POINT('',#21816);
#6690=VERTEX_POINT('',#21818);
#6691=VERTEX_POINT('',#21822);
#6692=VERTEX_POINT('',#21826);
#6693=VERTEX_POINT('',#21834);
#6694=VERTEX_POINT('',#21836);
#6695=VERTEX_POINT('',#21840);
#6696=VERTEX_POINT('',#21842);
#6697=VERTEX_POINT('',#21849);
#6698=VERTEX_POINT('',#21851);
#6699=VERTEX_POINT('',#21855);
#6700=VERTEX_POINT('',#21857);
#6701=VERTEX_POINT('',#21864);
#6702=VERTEX_POINT('',#21866);
#6703=VERTEX_POINT('',#21870);
#6704=VERTEX_POINT('',#21872);
#6705=VERTEX_POINT('',#21879);
#6706=VERTEX_POINT('',#21881);
#6707=VERTEX_POINT('',#21885);
#6708=VERTEX_POINT('',#21887);
#6709=VERTEX_POINT('',#21894);
#6710=VERTEX_POINT('',#21896);
#6711=VERTEX_POINT('',#21900);
#6712=VERTEX_POINT('',#21902);
#6713=VERTEX_POINT('',#21909);
#6714=VERTEX_POINT('',#21911);
#6715=VERTEX_POINT('',#21915);
#6716=VERTEX_POINT('',#21917);
#6717=EDGE_CURVE('',#5628,#5628,#5181,.T.);
#6718=EDGE_CURVE('',#5628,#5629,#2793,.T.);
#6719=EDGE_CURVE('',#5629,#5629,#5182,.T.);
#6720=EDGE_CURVE('',#5630,#5630,#5183,.T.);
#6721=EDGE_CURVE('',#5630,#5631,#2794,.T.);
#6722=EDGE_CURVE('',#5631,#5631,#5184,.T.);
#6723=EDGE_CURVE('',#5632,#5632,#5185,.T.);
#6724=EDGE_CURVE('',#5632,#5633,#2795,.T.);
#6725=EDGE_CURVE('',#5633,#5633,#5186,.T.);
#6726=EDGE_CURVE('',#5634,#5634,#5187,.T.);
#6727=EDGE_CURVE('',#5634,#5635,#2796,.T.);
#6728=EDGE_CURVE('',#5635,#5635,#5188,.T.);
#6729=EDGE_CURVE('',#5636,#5636,#5189,.T.);
#6730=EDGE_CURVE('',#5636,#5637,#2797,.T.);
#6731=EDGE_CURVE('',#5637,#5637,#5190,.T.);
#6732=EDGE_CURVE('',#5638,#5638,#5191,.T.);
#6733=EDGE_CURVE('',#5638,#5639,#2798,.T.);
#6734=EDGE_CURVE('',#5639,#5639,#5192,.T.);
#6735=EDGE_CURVE('',#5640,#5640,#5193,.T.);
#6736=EDGE_CURVE('',#5640,#5641,#2799,.T.);
#6737=EDGE_CURVE('',#5641,#5641,#5194,.T.);
#6738=EDGE_CURVE('',#5642,#5642,#5195,.T.);
#6739=EDGE_CURVE('',#5642,#5643,#2800,.T.);
#6740=EDGE_CURVE('',#5643,#5643,#5196,.T.);
#6741=EDGE_CURVE('',#5644,#5645,#2801,.T.);
#6742=EDGE_CURVE('',#5646,#5644,#2802,.T.);
#6743=EDGE_CURVE('',#5646,#5647,#2803,.T.);
#6744=EDGE_CURVE('',#5647,#5645,#2804,.T.);
#6745=EDGE_CURVE('',#5645,#5648,#5197,.T.);
#6746=EDGE_CURVE('',#5649,#5647,#2805,.T.);
#6747=EDGE_CURVE('',#5648,#5649,#2806,.T.);
#6748=EDGE_CURVE('',#5650,#5646,#2807,.T.);
#6749=EDGE_CURVE('',#5650,#5649,#2808,.T.);
#6750=EDGE_CURVE('',#5648,#5651,#2809,.T.);
#6751=EDGE_CURVE('',#5651,#5650,#2810,.T.);
#6752=EDGE_CURVE('',#5652,#5651,#5198,.T.);
#6753=EDGE_CURVE('',#5652,#5653,#2811,.T.);
#6754=EDGE_CURVE('',#5653,#5653,#5199,.T.);
#6755=EDGE_CURVE('',#5644,#5652,#5200,.T.);
#6756=EDGE_CURVE('',#5654,#5654,#5201,.T.);
#6757=EDGE_CURVE('',#5654,#5655,#2812,.T.);
#6758=EDGE_CURVE('',#5655,#5655,#5202,.T.);
#6759=EDGE_CURVE('',#5656,#5656,#5203,.T.);
#6760=EDGE_CURVE('',#5656,#5657,#2813,.T.);
#6761=EDGE_CURVE('',#5657,#5657,#5204,.T.);
#6762=EDGE_CURVE('',#5658,#5658,#5205,.T.);
#6763=EDGE_CURVE('',#5658,#5659,#2814,.T.);
#6764=EDGE_CURVE('',#5659,#5659,#5206,.T.);
#6765=EDGE_CURVE('',#5660,#5660,#5207,.T.);
#6766=EDGE_CURVE('',#5660,#5661,#2815,.T.);
#6767=EDGE_CURVE('',#5661,#5661,#5208,.T.);
#6768=EDGE_CURVE('',#5662,#5662,#5209,.T.);
#6769=EDGE_CURVE('',#5662,#5663,#2816,.T.);
#6770=EDGE_CURVE('',#5663,#5663,#5210,.T.);
#6771=EDGE_CURVE('',#5664,#5664,#5211,.T.);
#6772=EDGE_CURVE('',#5664,#5665,#2817,.T.);
#6773=EDGE_CURVE('',#5665,#5665,#5212,.T.);
#6774=EDGE_CURVE('',#5666,#5666,#5213,.T.);
#6775=EDGE_CURVE('',#5666,#5667,#2818,.T.);
#6776=EDGE_CURVE('',#5667,#5667,#5214,.T.);
#6777=EDGE_CURVE('',#5668,#5668,#5215,.T.);
#6778=EDGE_CURVE('',#5668,#5669,#2819,.T.);
#6779=EDGE_CURVE('',#5669,#5669,#5216,.T.);
#6780=EDGE_CURVE('',#5670,#5670,#5217,.T.);
#6781=EDGE_CURVE('',#5671,#5671,#5218,.T.);
#6782=EDGE_CURVE('',#5672,#5672,#5219,.T.);
#6783=EDGE_CURVE('',#5672,#5670,#2820,.T.);
#6784=EDGE_CURVE('',#5673,#5673,#5220,.T.);
#6785=EDGE_CURVE('',#5674,#5674,#5221,.T.);
#6786=EDGE_CURVE('',#5675,#5675,#5222,.T.);
#6787=EDGE_CURVE('',#5676,#5676,#5223,.T.);
#6788=EDGE_CURVE('',#5675,#5673,#2821,.T.);
#6789=EDGE_CURVE('',#5671,#5676,#2822,.T.);
#6790=EDGE_CURVE('',#5674,#5677,#2823,.T.);
#6791=EDGE_CURVE('',#5677,#5677,#5224,.T.);
#6792=EDGE_CURVE('',#5678,#5678,#5225,.T.);
#6793=EDGE_CURVE('',#5678,#5679,#2824,.T.);
#6794=EDGE_CURVE('',#5679,#5679,#5226,.T.);
#6795=EDGE_CURVE('',#5680,#5680,#5227,.T.);
#6796=EDGE_CURVE('',#5680,#5681,#2825,.T.);
#6797=EDGE_CURVE('',#5681,#5681,#5228,.T.);
#6798=EDGE_CURVE('',#5682,#5682,#5229,.T.);
#6799=EDGE_CURVE('',#5682,#5683,#2826,.T.);
#6800=EDGE_CURVE('',#5683,#5683,#5230,.T.);
#6801=EDGE_CURVE('',#5684,#5684,#5231,.T.);
#6802=EDGE_CURVE('',#5684,#5685,#2827,.T.);
#6803=EDGE_CURVE('',#5685,#5685,#5232,.T.);
#6804=EDGE_CURVE('',#5686,#5686,#5233,.T.);
#6805=EDGE_CURVE('',#5686,#5687,#2828,.T.);
#6806=EDGE_CURVE('',#5687,#5687,#5234,.T.);
#6807=EDGE_CURVE('',#5688,#5688,#5235,.T.);
#6808=EDGE_CURVE('',#5688,#5689,#2829,.T.);
#6809=EDGE_CURVE('',#5689,#5689,#5236,.T.);
#6810=EDGE_CURVE('',#5690,#5690,#5237,.T.);
#6811=EDGE_CURVE('',#5690,#5691,#2830,.T.);
#6812=EDGE_CURVE('',#5691,#5691,#5238,.T.);
#6813=EDGE_CURVE('',#5692,#5692,#5239,.T.);
#6814=EDGE_CURVE('',#5692,#5693,#2831,.T.);
#6815=EDGE_CURVE('',#5693,#5693,#5240,.T.);
#6816=EDGE_CURVE('',#5694,#5694,#5241,.T.);
#6817=EDGE_CURVE('',#5694,#5695,#2832,.T.);
#6818=EDGE_CURVE('',#5695,#5695,#5242,.T.);
#6819=EDGE_CURVE('',#5696,#5696,#5243,.T.);
#6820=EDGE_CURVE('',#5696,#5697,#2833,.T.);
#6821=EDGE_CURVE('',#5697,#5697,#5244,.T.);
#6822=EDGE_CURVE('',#5698,#5698,#5245,.T.);
#6823=EDGE_CURVE('',#5698,#5699,#2834,.T.);
#6824=EDGE_CURVE('',#5699,#5699,#5246,.T.);
#6825=EDGE_CURVE('',#5700,#5701,#2835,.T.);
#6826=EDGE_CURVE('',#5702,#5700,#5247,.T.);
#6827=EDGE_CURVE('',#5703,#5702,#2836,.T.);
#6828=EDGE_CURVE('',#5701,#5703,#5248,.T.);
#6829=EDGE_CURVE('',#5704,#5705,#2837,.T.);
#6830=EDGE_CURVE('',#5706,#5704,#5249,.T.);
#6831=EDGE_CURVE('',#5707,#5706,#2838,.T.);
#6832=EDGE_CURVE('',#5705,#5707,#5250,.T.);
#6833=EDGE_CURVE('',#5708,#5709,#2839,.T.);
#6834=EDGE_CURVE('',#5710,#5708,#5251,.T.);
#6835=EDGE_CURVE('',#5711,#5710,#2840,.T.);
#6836=EDGE_CURVE('',#5709,#5711,#5252,.T.);
#6837=EDGE_CURVE('',#5712,#5713,#2841,.T.);
#6838=EDGE_CURVE('',#5714,#5712,#5253,.T.);
#6839=EDGE_CURVE('',#5715,#5714,#2842,.T.);
#6840=EDGE_CURVE('',#5713,#5715,#5254,.T.);
#6841=EDGE_CURVE('',#5713,#5716,#2843,.T.);
#6842=EDGE_CURVE('',#5717,#5716,#2844,.T.);
#6843=EDGE_CURVE('',#5712,#5717,#2845,.T.);
#6844=EDGE_CURVE('',#5710,#5718,#2846,.T.);
#6845=EDGE_CURVE('',#5719,#5718,#2847,.T.);
#6846=EDGE_CURVE('',#5711,#5719,#2848,.T.);
#6847=EDGE_CURVE('',#5705,#5720,#2849,.T.);
#6848=EDGE_CURVE('',#5721,#5720,#2850,.T.);
#6849=EDGE_CURVE('',#5704,#5721,#2851,.T.);
#6850=EDGE_CURVE('',#5702,#5722,#2852,.T.);
#6851=EDGE_CURVE('',#5723,#5722,#2853,.T.);
#6852=EDGE_CURVE('',#5703,#5723,#2854,.T.);
#6853=EDGE_CURVE('',#5724,#5725,#2855,.T.);
#6854=EDGE_CURVE('',#5726,#5724,#2856,.T.);
#6855=EDGE_CURVE('',#5726,#5727,#2857,.T.);
#6856=EDGE_CURVE('',#5727,#5725,#2858,.T.);
#6857=EDGE_CURVE('',#5728,#5729,#2859,.T.);
#6858=EDGE_CURVE('',#5728,#5730,#2860,.T.);
#6859=EDGE_CURVE('',#5730,#5731,#2861,.T.);
#6860=EDGE_CURVE('',#5729,#5731,#2862,.T.);
#6861=EDGE_CURVE('',#5732,#5733,#2863,.T.);
#6862=EDGE_CURVE('',#5725,#5732,#2864,.T.);
#6863=EDGE_CURVE('',#5727,#5733,#2865,.T.);
#6864=EDGE_CURVE('',#5734,#5701,#2866,.T.);
#6865=EDGE_CURVE('',#5735,#5734,#2867,.T.);
#6866=EDGE_CURVE('',#5735,#5700,#2868,.T.);
#6867=EDGE_CURVE('',#5736,#5737,#2869,.T.);
#6868=EDGE_CURVE('',#5738,#5736,#2870,.T.);
#6869=EDGE_CURVE('',#5739,#5738,#2871,.T.);
#6870=EDGE_CURVE('',#5739,#5737,#2872,.T.);
#6871=EDGE_CURVE('',#5740,#5714,#2873,.T.);
#6872=EDGE_CURVE('',#5741,#5740,#2874,.T.);
#6873=EDGE_CURVE('',#5741,#5715,#2875,.T.);
#6874=EDGE_CURVE('',#5742,#5743,#2876,.T.);
#6875=EDGE_CURVE('',#5742,#5726,#2877,.T.);
#6876=EDGE_CURVE('',#5743,#5724,#2878,.T.);
#6877=EDGE_CURVE('',#5731,#5738,#2879,.T.);
#6878=EDGE_CURVE('',#5730,#5739,#2880,.T.);
#6879=EDGE_CURVE('',#5744,#5709,#2881,.T.);
#6880=EDGE_CURVE('',#5745,#5744,#2882,.T.);
#6881=EDGE_CURVE('',#5745,#5708,#2883,.T.);
#6882=EDGE_CURVE('',#5745,#5718,#5255,.T.);
#6883=EDGE_CURVE('',#5719,#5744,#5256,.T.);
#6884=EDGE_CURVE('',#5723,#5734,#5257,.T.);
#6885=EDGE_CURVE('',#5735,#5722,#5258,.T.);
#6886=EDGE_CURVE('',#5746,#5743,#5259,.T.);
#6887=EDGE_CURVE('',#5746,#5747,#2884,.T.);
#6888=EDGE_CURVE('',#5742,#5747,#5260,.T.);
#6889=EDGE_CURVE('',#5748,#5747,#2885,.T.);
#6890=EDGE_CURVE('',#5749,#5748,#2886,.T.);
#6891=EDGE_CURVE('',#5750,#5749,#2887,.T.);
#6892=EDGE_CURVE('',#5750,#5737,#5261,.T.);
#6893=EDGE_CURVE('',#5728,#5751,#5262,.T.);
#6894=EDGE_CURVE('',#5752,#5751,#2888,.T.);
#6895=EDGE_CURVE('',#5753,#5752,#2889,.T.);
#6896=EDGE_CURVE('',#5754,#5753,#2890,.T.);
#6897=EDGE_CURVE('',#5754,#5733,#5263,.T.);
#6898=EDGE_CURVE('',#5741,#5716,#5264,.T.);
#6899=EDGE_CURVE('',#5755,#5707,#2891,.T.);
#6900=EDGE_CURVE('',#5755,#5720,#5265,.T.);
#6901=EDGE_CURVE('',#5717,#5740,#5266,.T.);
#6902=EDGE_CURVE('',#5750,#5756,#2892,.T.);
#6903=EDGE_CURVE('',#5736,#5756,#5267,.T.);
#6904=EDGE_CURVE('',#5757,#5729,#5268,.T.);
#6905=EDGE_CURVE('',#5757,#5751,#2893,.T.);
#6906=EDGE_CURVE('',#5758,#5759,#2894,.T.);
#6907=EDGE_CURVE('',#5749,#5758,#2895,.T.);
#6908=EDGE_CURVE('',#5748,#5759,#2896,.T.);
#6909=EDGE_CURVE('',#5754,#5760,#2897,.T.);
#6910=EDGE_CURVE('',#5753,#5761,#2898,.T.);
#6911=EDGE_CURVE('',#5760,#5761,#2899,.T.);
#6912=EDGE_CURVE('',#5759,#5746,#2900,.T.);
#6913=EDGE_CURVE('',#5762,#5757,#2901,.T.);
#6914=EDGE_CURVE('',#5752,#5762,#2902,.T.);
#6915=EDGE_CURVE('',#5756,#5758,#2903,.T.);
#6916=EDGE_CURVE('',#5761,#5762,#2904,.T.);
#6917=EDGE_CURVE('',#5763,#5706,#2905,.T.);
#6918=EDGE_CURVE('',#5755,#5763,#2906,.T.);
#6919=EDGE_CURVE('',#5721,#5763,#5269,.T.);
#6920=EDGE_CURVE('',#5732,#5760,#5270,.T.);
#6921=EDGE_CURVE('',#5764,#5764,#5271,.T.);
#6922=EDGE_CURVE('',#5764,#5765,#2907,.T.);
#6923=EDGE_CURVE('',#5765,#5765,#5272,.T.);
#6924=EDGE_CURVE('',#5766,#5767,#2908,.T.);
#6925=EDGE_CURVE('',#5766,#5768,#2909,.T.);
#6926=EDGE_CURVE('',#5769,#5768,#2910,.T.);
#6927=EDGE_CURVE('',#5767,#5769,#2911,.T.);
#6928=EDGE_CURVE('',#5767,#5770,#5273,.T.);
#6929=EDGE_CURVE('',#5769,#5771,#2912,.T.);
#6930=EDGE_CURVE('',#5771,#5770,#2913,.T.);
#6931=EDGE_CURVE('',#5770,#5772,#2914,.T.);
#6932=EDGE_CURVE('',#5771,#5773,#2915,.T.);
#6933=EDGE_CURVE('',#5773,#5772,#2916,.T.);
#6934=EDGE_CURVE('',#5768,#5773,#2917,.T.);
#6935=EDGE_CURVE('',#5772,#5766,#5274,.T.);
#6936=EDGE_CURVE('',#5774,#5774,#5275,.T.);
#6937=EDGE_CURVE('',#5774,#5775,#2918,.T.);
#6938=EDGE_CURVE('',#5775,#5775,#5276,.T.);
#6939=EDGE_CURVE('',#5776,#5776,#5277,.T.);
#6940=EDGE_CURVE('',#5777,#5777,#5278,.T.);
#6941=EDGE_CURVE('',#5778,#5778,#5279,.T.);
#6942=EDGE_CURVE('',#5778,#5777,#2919,.T.);
#6943=EDGE_CURVE('',#5779,#5779,#5280,.T.);
#6944=EDGE_CURVE('',#5780,#5780,#5281,.T.);
#6945=EDGE_CURVE('',#5781,#5781,#5282,.T.);
#6946=EDGE_CURVE('',#5782,#5782,#5283,.T.);
#6947=EDGE_CURVE('',#5781,#5779,#2920,.T.);
#6948=EDGE_CURVE('',#5776,#5782,#2921,.T.);
#6949=EDGE_CURVE('',#5780,#5783,#2922,.T.);
#6950=EDGE_CURVE('',#5783,#5783,#5284,.T.);
#6951=EDGE_CURVE('',#5784,#5784,#5285,.T.);
#6952=EDGE_CURVE('',#5784,#5785,#2923,.T.);
#6953=EDGE_CURVE('',#5785,#5785,#5286,.T.);
#6954=EDGE_CURVE('',#5786,#5786,#5287,.T.);
#6955=EDGE_CURVE('',#5786,#5787,#2924,.T.);
#6956=EDGE_CURVE('',#5787,#5787,#5288,.T.);
#6957=EDGE_CURVE('',#5788,#5788,#5289,.T.);
#6958=EDGE_CURVE('',#5788,#5789,#2925,.T.);
#6959=EDGE_CURVE('',#5789,#5789,#5290,.T.);
#6960=EDGE_CURVE('',#5790,#5790,#5291,.T.);
#6961=EDGE_CURVE('',#5790,#5791,#2926,.T.);
#6962=EDGE_CURVE('',#5791,#5791,#5292,.T.);
#6963=EDGE_CURVE('',#5792,#5792,#5293,.T.);
#6964=EDGE_CURVE('',#5792,#5793,#2927,.T.);
#6965=EDGE_CURVE('',#5793,#5793,#5294,.T.);
#6966=EDGE_CURVE('',#5794,#5794,#5295,.T.);
#6967=EDGE_CURVE('',#5795,#5795,#5296,.T.);
#6968=EDGE_CURVE('',#5795,#5796,#2928,.T.);
#6969=EDGE_CURVE('',#5796,#5796,#5297,.T.);
#6970=EDGE_CURVE('',#5797,#5797,#5298,.T.);
#6971=EDGE_CURVE('',#5797,#5794,#2929,.T.);
#6972=EDGE_CURVE('',#5798,#5799,#2930,.T.);
#6973=EDGE_CURVE('',#5799,#5800,#2931,.T.);
#6974=EDGE_CURVE('',#5801,#5800,#2932,.T.);
#6975=EDGE_CURVE('',#5798,#5801,#2933,.T.);
#6976=EDGE_CURVE('',#5802,#5798,#2934,.T.);
#6977=EDGE_CURVE('',#5803,#5801,#2935,.T.);
#6978=EDGE_CURVE('',#5802,#5803,#2936,.T.);
#6979=EDGE_CURVE('',#5804,#5802,#2937,.T.);
#6980=EDGE_CURVE('',#5805,#5803,#2938,.T.);
#6981=EDGE_CURVE('',#5804,#5805,#2939,.T.);
#6982=EDGE_CURVE('',#5799,#5804,#2940,.T.);
#6983=EDGE_CURVE('',#5800,#5805,#2941,.T.);
#6984=EDGE_CURVE('',#5806,#5806,#5299,.T.);
#6985=EDGE_CURVE('',#5806,#5807,#2942,.T.);
#6986=EDGE_CURVE('',#5807,#5807,#5300,.T.);
#6987=EDGE_CURVE('',#5808,#5808,#5301,.T.);
#6988=EDGE_CURVE('',#5808,#5809,#2943,.T.);
#6989=EDGE_CURVE('',#5809,#5809,#5302,.T.);
#6990=EDGE_CURVE('',#5810,#5810,#5303,.T.);
#6991=EDGE_CURVE('',#5810,#5811,#2944,.T.);
#6992=EDGE_CURVE('',#5811,#5811,#5304,.T.);
#6993=EDGE_CURVE('',#5812,#5812,#5305,.T.);
#6994=EDGE_CURVE('',#5812,#5813,#2945,.T.);
#6995=EDGE_CURVE('',#5813,#5813,#5306,.T.);
#6996=EDGE_CURVE('',#5814,#5814,#5307,.T.);
#6997=EDGE_CURVE('',#5814,#5815,#2946,.T.);
#6998=EDGE_CURVE('',#5815,#5815,#5308,.T.);
#6999=EDGE_CURVE('',#5816,#5816,#5309,.T.);
#7000=EDGE_CURVE('',#5816,#5817,#2947,.T.);
#7001=EDGE_CURVE('',#5817,#5817,#5310,.T.);
#7002=EDGE_CURVE('',#5818,#5818,#5311,.T.);
#7003=EDGE_CURVE('',#5818,#5819,#2948,.T.);
#7004=EDGE_CURVE('',#5819,#5819,#5312,.T.);
#7005=EDGE_CURVE('',#5820,#5820,#5313,.T.);
#7006=EDGE_CURVE('',#5820,#5821,#2949,.T.);
#7007=EDGE_CURVE('',#5821,#5821,#5314,.T.);
#7008=EDGE_CURVE('',#5822,#5822,#5315,.T.);
#7009=EDGE_CURVE('',#5822,#5823,#2950,.T.);
#7010=EDGE_CURVE('',#5823,#5823,#5316,.T.);
#7011=EDGE_CURVE('',#5824,#5824,#5317,.T.);
#7012=EDGE_CURVE('',#5824,#5825,#2951,.T.);
#7013=EDGE_CURVE('',#5825,#5825,#5318,.T.);
#7014=EDGE_CURVE('',#5826,#5826,#5319,.T.);
#7015=EDGE_CURVE('',#5826,#5827,#2952,.T.);
#7016=EDGE_CURVE('',#5827,#5827,#5320,.T.);
#7017=EDGE_CURVE('',#5828,#5829,#2953,.T.);
#7018=EDGE_CURVE('',#5829,#5830,#2954,.T.);
#7019=EDGE_CURVE('',#5831,#5830,#2955,.T.);
#7020=EDGE_CURVE('',#5828,#5831,#2956,.T.);
#7021=EDGE_CURVE('',#5832,#5828,#2957,.T.);
#7022=EDGE_CURVE('',#5833,#5831,#2958,.T.);
#7023=EDGE_CURVE('',#5832,#5833,#2959,.T.);
#7024=EDGE_CURVE('',#5834,#5832,#2960,.T.);
#7025=EDGE_CURVE('',#5835,#5833,#2961,.T.);
#7026=EDGE_CURVE('',#5834,#5835,#2962,.T.);
#7027=EDGE_CURVE('',#5829,#5834,#2963,.T.);
#7028=EDGE_CURVE('',#5830,#5835,#2964,.T.);
#7029=EDGE_CURVE('',#5836,#5837,#2965,.T.);
#7030=EDGE_CURVE('',#5838,#5836,#5321,.T.);
#7031=EDGE_CURVE('',#5839,#5838,#2966,.T.);
#7032=EDGE_CURVE('',#5837,#5839,#5322,.T.);
#7033=EDGE_CURVE('',#5840,#5838,#5323,.T.);
#7034=EDGE_CURVE('',#5840,#5841,#2967,.T.);
#7035=EDGE_CURVE('',#5839,#5841,#5324,.T.);
#7036=EDGE_CURVE('',#5842,#5837,#5325,.T.);
#7037=EDGE_CURVE('',#5842,#5843,#2968,.T.);
#7038=EDGE_CURVE('',#5836,#5843,#5326,.T.);
#7039=EDGE_CURVE('',#5844,#5845,#5327,.T.);
#7040=EDGE_CURVE('',#5845,#5846,#2969,.T.);
#7041=EDGE_CURVE('',#5846,#5847,#2970,.T.);
#7042=EDGE_CURVE('',#5847,#5848,#2971,.T.);
#7043=EDGE_CURVE('',#5848,#5849,#5328,.T.);
#7044=EDGE_CURVE('',#5849,#5850,#2972,.T.);
#7045=EDGE_CURVE('',#5850,#5851,#2973,.T.);
#7046=EDGE_CURVE('',#5851,#5852,#2974,.T.);
#7047=EDGE_CURVE('',#5852,#5853,#5329,.T.);
#7048=EDGE_CURVE('',#5853,#5854,#2975,.T.);
#7049=EDGE_CURVE('',#5854,#5855,#2976,.T.);
#7050=EDGE_CURVE('',#5855,#5856,#2977,.T.);
#7051=EDGE_CURVE('',#5856,#5857,#5330,.T.);
#7052=EDGE_CURVE('',#5857,#5858,#2978,.T.);
#7053=EDGE_CURVE('',#5858,#5859,#2979,.T.);
#7054=EDGE_CURVE('',#5859,#5844,#2980,.T.);
#7055=EDGE_CURVE('',#5841,#5860,#5331,.T.);
#7056=EDGE_CURVE('',#5860,#5861,#5332,.T.);
#7057=EDGE_CURVE('',#5861,#5862,#5333,.T.);
#7058=EDGE_CURVE('',#5862,#5863,#5334,.T.);
#7059=EDGE_CURVE('',#5863,#5842,#5335,.T.);
#7060=EDGE_CURVE('',#5864,#5865,#2981,.T.);
#7061=EDGE_CURVE('',#5865,#5866,#5336,.T.);
#7062=EDGE_CURVE('',#5866,#5867,#2982,.T.);
#7063=EDGE_CURVE('',#5867,#5864,#5337,.T.);
#7064=EDGE_CURVE('',#5868,#5869,#2983,.T.);
#7065=EDGE_CURVE('',#5869,#5870,#5338,.T.);
#7066=EDGE_CURVE('',#5870,#5871,#2984,.T.);
#7067=EDGE_CURVE('',#5871,#5868,#5339,.T.);
#7068=EDGE_CURVE('',#5872,#5873,#5340,.T.);
#7069=EDGE_CURVE('',#5873,#5874,#2985,.T.);
#7070=EDGE_CURVE('',#5874,#5875,#5341,.T.);
#7071=EDGE_CURVE('',#5875,#5872,#2986,.T.);
#7072=EDGE_CURVE('',#5876,#5877,#5342,.T.);
#7073=EDGE_CURVE('',#5877,#5878,#2987,.T.);
#7074=EDGE_CURVE('',#5878,#5879,#5343,.T.);
#7075=EDGE_CURVE('',#5879,#5876,#2988,.T.);
#7076=EDGE_CURVE('',#5880,#5840,#5344,.T.);
#7077=EDGE_CURVE('',#5860,#5880,#2989,.T.);
#7078=EDGE_CURVE('',#5881,#5880,#5345,.T.);
#7079=EDGE_CURVE('',#5881,#5861,#2990,.T.);
#7080=EDGE_CURVE('',#5862,#5882,#2991,.T.);
#7081=EDGE_CURVE('',#5882,#5881,#5346,.T.);
#7082=EDGE_CURVE('',#5883,#5882,#5347,.T.);
#7083=EDGE_CURVE('',#5883,#5863,#2992,.T.);
#7084=EDGE_CURVE('',#5884,#5885,#2993,.T.);
#7085=EDGE_CURVE('',#5886,#5884,#2994,.T.);
#7086=EDGE_CURVE('',#5886,#5887,#5348,.T.);
#7087=EDGE_CURVE('',#5888,#5887,#2995,.T.);
#7088=EDGE_CURVE('',#5889,#5888,#2996,.T.);
#7089=EDGE_CURVE('',#5890,#5889,#2997,.T.);
#7090=EDGE_CURVE('',#5890,#5891,#5349,.T.);
#7091=EDGE_CURVE('',#5892,#5891,#2998,.T.);
#7092=EDGE_CURVE('',#5893,#5892,#2999,.T.);
#7093=EDGE_CURVE('',#5894,#5893,#3000,.T.);
#7094=EDGE_CURVE('',#5894,#5895,#5350,.T.);
#7095=EDGE_CURVE('',#5896,#5895,#3001,.T.);
#7096=EDGE_CURVE('',#5897,#5896,#3002,.T.);
#7097=EDGE_CURVE('',#5898,#5897,#3003,.T.);
#7098=EDGE_CURVE('',#5898,#5899,#5351,.T.);
#7099=EDGE_CURVE('',#5885,#5899,#3004,.T.);
#7100=EDGE_CURVE('',#5843,#5883,#5352,.T.);
#7101=EDGE_CURVE('',#5900,#5901,#3005,.T.);
#7102=EDGE_CURVE('',#5900,#5902,#5353,.T.);
#7103=EDGE_CURVE('',#5903,#5902,#3006,.T.);
#7104=EDGE_CURVE('',#5903,#5901,#5354,.T.);
#7105=EDGE_CURVE('',#5904,#5905,#3007,.T.);
#7106=EDGE_CURVE('',#5904,#5906,#5355,.T.);
#7107=EDGE_CURVE('',#5907,#5906,#3008,.T.);
#7108=EDGE_CURVE('',#5907,#5905,#5356,.T.);
#7109=EDGE_CURVE('',#5908,#5909,#5357,.T.);
#7110=EDGE_CURVE('',#5910,#5909,#3009,.T.);
#7111=EDGE_CURVE('',#5910,#5911,#5358,.T.);
#7112=EDGE_CURVE('',#5908,#5911,#3010,.T.);
#7113=EDGE_CURVE('',#5912,#5913,#5359,.T.);
#7114=EDGE_CURVE('',#5914,#5913,#3011,.T.);
#7115=EDGE_CURVE('',#5914,#5915,#5360,.T.);
#7116=EDGE_CURVE('',#5912,#5915,#3012,.T.);
#7117=EDGE_CURVE('',#5905,#5876,#3013,.T.);
#7118=EDGE_CURVE('',#5877,#5907,#3014,.T.);
#7119=EDGE_CURVE('',#5868,#5912,#3015,.T.);
#7120=EDGE_CURVE('',#5913,#5871,#3016,.T.);
#7121=EDGE_CURVE('',#5901,#5872,#3017,.T.);
#7122=EDGE_CURVE('',#5873,#5903,#3018,.T.);
#7123=EDGE_CURVE('',#5864,#5908,#3019,.T.);
#7124=EDGE_CURVE('',#5909,#5867,#3020,.T.);
#7125=EDGE_CURVE('',#5865,#5911,#3021,.T.);
#7126=EDGE_CURVE('',#5874,#5902,#3022,.T.);
#7127=EDGE_CURVE('',#5869,#5915,#3023,.T.);
#7128=EDGE_CURVE('',#5878,#5906,#3024,.T.);
#7129=EDGE_CURVE('',#5884,#5858,#3025,.T.);
#7130=EDGE_CURVE('',#5885,#5859,#3026,.T.);
#7131=EDGE_CURVE('',#5894,#5849,#3027,.T.);
#7132=EDGE_CURVE('',#5893,#5850,#3028,.T.);
#7133=EDGE_CURVE('',#5844,#5899,#3029,.T.);
#7134=EDGE_CURVE('',#5904,#5879,#3030,.T.);
#7135=EDGE_CURVE('',#5852,#5891,#3031,.T.);
#7136=EDGE_CURVE('',#5892,#5851,#3032,.T.);
#7137=EDGE_CURVE('',#5910,#5866,#3033,.T.);
#7138=EDGE_CURVE('',#5886,#5857,#3034,.T.);
#7139=EDGE_CURVE('',#5900,#5875,#3035,.T.);
#7140=EDGE_CURVE('',#5856,#5887,#3036,.T.);
#7141=EDGE_CURVE('',#5890,#5853,#3037,.T.);
#7142=EDGE_CURVE('',#5848,#5895,#3038,.T.);
#7143=EDGE_CURVE('',#5889,#5854,#3039,.T.);
#7144=EDGE_CURVE('',#5888,#5855,#3040,.T.);
#7145=EDGE_CURVE('',#5898,#5845,#3041,.T.);
#7146=EDGE_CURVE('',#5897,#5846,#3042,.T.);
#7147=EDGE_CURVE('',#5896,#5847,#3043,.T.);
#7148=EDGE_CURVE('',#5914,#5870,#3044,.T.);
#7149=EDGE_CURVE('',#5916,#5917,#3045,.T.);
#7150=EDGE_CURVE('',#5917,#5918,#3046,.T.);
#7151=EDGE_CURVE('',#5919,#5918,#3047,.T.);
#7152=EDGE_CURVE('',#5916,#5919,#3048,.T.);
#7153=EDGE_CURVE('',#5920,#5916,#3049,.T.);
#7154=EDGE_CURVE('',#5921,#5919,#3050,.T.);
#7155=EDGE_CURVE('',#5920,#5921,#3051,.T.);
#7156=EDGE_CURVE('',#5922,#5920,#3052,.T.);
#7157=EDGE_CURVE('',#5923,#5921,#3053,.T.);
#7158=EDGE_CURVE('',#5922,#5923,#3054,.T.);
#7159=EDGE_CURVE('',#5917,#5922,#3055,.T.);
#7160=EDGE_CURVE('',#5918,#5923,#3056,.T.);
#7161=EDGE_CURVE('',#5924,#5925,#3057,.T.);
#7162=EDGE_CURVE('',#5925,#5926,#3058,.T.);
#7163=EDGE_CURVE('',#5927,#5926,#3059,.T.);
#7164=EDGE_CURVE('',#5924,#5927,#3060,.T.);
#7165=EDGE_CURVE('',#5928,#5924,#3061,.T.);
#7166=EDGE_CURVE('',#5929,#5927,#3062,.T.);
#7167=EDGE_CURVE('',#5928,#5929,#3063,.T.);
#7168=EDGE_CURVE('',#5930,#5928,#3064,.T.);
#7169=EDGE_CURVE('',#5931,#5929,#3065,.T.);
#7170=EDGE_CURVE('',#5930,#5931,#3066,.T.);
#7171=EDGE_CURVE('',#5925,#5930,#3067,.T.);
#7172=EDGE_CURVE('',#5926,#5931,#3068,.T.);
#7173=EDGE_CURVE('',#5932,#5932,#5361,.T.);
#7174=EDGE_CURVE('',#5932,#5933,#3069,.T.);
#7175=EDGE_CURVE('',#5933,#5933,#5362,.T.);
#7176=EDGE_CURVE('',#5934,#5934,#5363,.T.);
#7177=EDGE_CURVE('',#5934,#5935,#3070,.T.);
#7178=EDGE_CURVE('',#5935,#5935,#5364,.T.);
#7179=EDGE_CURVE('',#5936,#5936,#5365,.T.);
#7180=EDGE_CURVE('',#5936,#5937,#3071,.T.);
#7181=EDGE_CURVE('',#5937,#5937,#5366,.T.);
#7182=EDGE_CURVE('',#5938,#5938,#5367,.T.);
#7183=EDGE_CURVE('',#5938,#5939,#3072,.T.);
#7184=EDGE_CURVE('',#5939,#5939,#5368,.T.);
#7185=EDGE_CURVE('',#5940,#5940,#5369,.T.);
#7186=EDGE_CURVE('',#5940,#5941,#3073,.T.);
#7187=EDGE_CURVE('',#5941,#5941,#5370,.T.);
#7188=EDGE_CURVE('',#5942,#5942,#5371,.T.);
#7189=EDGE_CURVE('',#5942,#5943,#3074,.T.);
#7190=EDGE_CURVE('',#5943,#5943,#5372,.T.);
#7191=EDGE_CURVE('',#5944,#5945,#3075,.T.);
#7192=EDGE_CURVE('',#5946,#5944,#3076,.T.);
#7193=EDGE_CURVE('',#5947,#5946,#3077,.T.);
#7194=EDGE_CURVE('',#5945,#5947,#3078,.T.);
#7195=EDGE_CURVE('',#5946,#5948,#3079,.T.);
#7196=EDGE_CURVE('',#5949,#5948,#3080,.T.);
#7197=EDGE_CURVE('',#5947,#5949,#3081,.T.);
#7198=EDGE_CURVE('',#5948,#5950,#3082,.T.);
#7199=EDGE_CURVE('',#5950,#5951,#3083,.T.);
#7200=EDGE_CURVE('',#5951,#5949,#3084,.T.);
#7201=EDGE_CURVE('',#5952,#5944,#3085,.T.);
#7202=EDGE_CURVE('',#5953,#5952,#3086,.T.);
#7203=EDGE_CURVE('',#5954,#5953,#3087,.T.);
#7204=EDGE_CURVE('',#5954,#5955,#3088,.T.);
#7205=EDGE_CURVE('',#5956,#5955,#3089,.T.);
#7206=EDGE_CURVE('',#5956,#5957,#3090,.T.);
#7207=EDGE_CURVE('',#5957,#5950,#3091,.T.);
#7208=EDGE_CURVE('',#5955,#5958,#3092,.T.);
#7209=EDGE_CURVE('',#5959,#5954,#3093,.T.);
#7210=EDGE_CURVE('',#5958,#5959,#3094,.T.);
#7211=EDGE_CURVE('',#5960,#5953,#3095,.T.);
#7212=EDGE_CURVE('',#5959,#5960,#3096,.T.);
#7213=EDGE_CURVE('',#5961,#5952,#3097,.T.);
#7214=EDGE_CURVE('',#5961,#5960,#3098,.T.);
#7215=EDGE_CURVE('',#5962,#5951,#3099,.T.);
#7216=EDGE_CURVE('',#5962,#5963,#3100,.T.);
#7217=EDGE_CURVE('',#5963,#5958,#3101,.T.);
#7218=EDGE_CURVE('',#5961,#5945,#3102,.T.);
#7219=EDGE_CURVE('',#5963,#5956,#3103,.T.);
#7220=EDGE_CURVE('',#5957,#5962,#3104,.T.);
#7221=EDGE_CURVE('',#5964,#5964,#5373,.T.);
#7222=EDGE_CURVE('',#5964,#5965,#3105,.T.);
#7223=EDGE_CURVE('',#5965,#5965,#5374,.T.);
#7224=EDGE_CURVE('',#5966,#5966,#5375,.T.);
#7225=EDGE_CURVE('',#5966,#5967,#3106,.T.);
#7226=EDGE_CURVE('',#5967,#5967,#5376,.T.);
#7227=EDGE_CURVE('',#5968,#5968,#5377,.T.);
#7228=EDGE_CURVE('',#5968,#5969,#3107,.T.);
#7229=EDGE_CURVE('',#5969,#5969,#5378,.T.);
#7230=EDGE_CURVE('',#5970,#5970,#5379,.T.);
#7231=EDGE_CURVE('',#5970,#5971,#3108,.T.);
#7232=EDGE_CURVE('',#5971,#5971,#5380,.T.);
#7233=EDGE_CURVE('',#5972,#5972,#5381,.T.);
#7234=EDGE_CURVE('',#5972,#5973,#3109,.T.);
#7235=EDGE_CURVE('',#5973,#5973,#5382,.T.);
#7236=EDGE_CURVE('',#5974,#5975,#3110,.T.);
#7237=EDGE_CURVE('',#5976,#5974,#3111,.T.);
#7238=EDGE_CURVE('',#5976,#5977,#3112,.T.);
#7239=EDGE_CURVE('',#5977,#5975,#3113,.T.);
#7240=EDGE_CURVE('',#5978,#5976,#3114,.T.);
#7241=EDGE_CURVE('',#5979,#5978,#3115,.T.);
#7242=EDGE_CURVE('',#5977,#5979,#3116,.T.);
#7243=EDGE_CURVE('',#5980,#5981,#3117,.T.);
#7244=EDGE_CURVE('',#5982,#5980,#3118,.T.);
#7245=EDGE_CURVE('',#5982,#5975,#3119,.T.);
#7246=EDGE_CURVE('',#5979,#5981,#3120,.T.);
#7247=EDGE_CURVE('',#5983,#5984,#3121,.T.);
#7248=EDGE_CURVE('',#5984,#5980,#5383,.T.);
#7249=EDGE_CURVE('',#5981,#5983,#3122,.T.);
#7250=EDGE_CURVE('',#5985,#5985,#5384,.T.);
#7251=EDGE_CURVE('',#5974,#5986,#3123,.T.);
#7252=EDGE_CURVE('',#5984,#5986,#3124,.T.);
#7253=EDGE_CURVE('',#5978,#5983,#3125,.T.);
#7254=EDGE_CURVE('',#5987,#5987,#5385,.T.);
#7255=EDGE_CURVE('',#5987,#5985,#3126,.T.);
#7256=EDGE_CURVE('',#5982,#5986,#5386,.T.);
#7257=EDGE_CURVE('',#5988,#5989,#3127,.T.);
#7258=EDGE_CURVE('',#5989,#5990,#3128,.T.);
#7259=EDGE_CURVE('',#5991,#5990,#3129,.T.);
#7260=EDGE_CURVE('',#5988,#5991,#3130,.T.);
#7261=EDGE_CURVE('',#5992,#5988,#3131,.T.);
#7262=EDGE_CURVE('',#5993,#5991,#3132,.T.);
#7263=EDGE_CURVE('',#5992,#5993,#3133,.T.);
#7264=EDGE_CURVE('',#5994,#5992,#3134,.T.);
#7265=EDGE_CURVE('',#5995,#5993,#3135,.T.);
#7266=EDGE_CURVE('',#5994,#5995,#3136,.T.);
#7267=EDGE_CURVE('',#5989,#5994,#3137,.T.);
#7268=EDGE_CURVE('',#5990,#5995,#3138,.T.);
#7269=EDGE_CURVE('',#5996,#5996,#5387,.T.);
#7270=EDGE_CURVE('',#5996,#5997,#3139,.T.);
#7271=EDGE_CURVE('',#5997,#5997,#5388,.T.);
#7272=EDGE_CURVE('',#5998,#5998,#5389,.T.);
#7273=EDGE_CURVE('',#5998,#5999,#3140,.T.);
#7274=EDGE_CURVE('',#5999,#5999,#5390,.T.);
#7275=EDGE_CURVE('',#6000,#6000,#5391,.T.);
#7276=EDGE_CURVE('',#6000,#6001,#3141,.T.);
#7277=EDGE_CURVE('',#6001,#6001,#5392,.T.);
#7278=EDGE_CURVE('',#6002,#6002,#5393,.T.);
#7279=EDGE_CURVE('',#6002,#6003,#3142,.T.);
#7280=EDGE_CURVE('',#6003,#6003,#5394,.T.);
#7281=EDGE_CURVE('',#6004,#6004,#5395,.T.);
#7282=EDGE_CURVE('',#6004,#6005,#3143,.T.);
#7283=EDGE_CURVE('',#6005,#6005,#5396,.T.);
#7284=EDGE_CURVE('',#6006,#6006,#5397,.T.);
#7285=EDGE_CURVE('',#6006,#6007,#3144,.T.);
#7286=EDGE_CURVE('',#6007,#6007,#5398,.T.);
#7287=EDGE_CURVE('',#6008,#6008,#5399,.T.);
#7288=EDGE_CURVE('',#6008,#6009,#3145,.T.);
#7289=EDGE_CURVE('',#6009,#6009,#5400,.T.);
#7290=EDGE_CURVE('',#6010,#6011,#3146,.T.);
#7291=EDGE_CURVE('',#6012,#6010,#3147,.T.);
#7292=EDGE_CURVE('',#6013,#6012,#3148,.T.);
#7293=EDGE_CURVE('',#6013,#6011,#3149,.T.);
#7294=EDGE_CURVE('',#6014,#6015,#3150,.T.);
#7295=EDGE_CURVE('',#6014,#6016,#3151,.T.);
#7296=EDGE_CURVE('',#6016,#6017,#3152,.T.);
#7297=EDGE_CURVE('',#6015,#6017,#3153,.T.);
#7298=EDGE_CURVE('',#6018,#6019,#3154,.T.);
#7299=EDGE_CURVE('',#6018,#6020,#3155,.T.);
#7300=EDGE_CURVE('',#6020,#6021,#3156,.T.);
#7301=EDGE_CURVE('',#6019,#6021,#3157,.T.);
#7302=EDGE_CURVE('',#6020,#6013,#3158,.T.);
#7303=EDGE_CURVE('',#6021,#6012,#3159,.T.);
#7304=EDGE_CURVE('',#6022,#6023,#3160,.T.);
#7305=EDGE_CURVE('',#6024,#6022,#3161,.T.);
#7306=EDGE_CURVE('',#6025,#6024,#3162,.T.);
#7307=EDGE_CURVE('',#6025,#6023,#3163,.T.);
#7308=EDGE_CURVE('',#6016,#6025,#3164,.T.);
#7309=EDGE_CURVE('',#6017,#6024,#3165,.T.);
#7310=EDGE_CURVE('',#6023,#6026,#3166,.T.);
#7311=EDGE_CURVE('',#6026,#6027,#3167,.T.);
#7312=EDGE_CURVE('',#6022,#6027,#3168,.T.);
#7313=EDGE_CURVE('',#6010,#6028,#3169,.T.);
#7314=EDGE_CURVE('',#6028,#6029,#3170,.T.);
#7315=EDGE_CURVE('',#6029,#6030,#3171,.T.);
#7316=EDGE_CURVE('',#6030,#6031,#3172,.T.);
#7317=EDGE_CURVE('',#6031,#6032,#3173,.T.);
#7318=EDGE_CURVE('',#6032,#6033,#3174,.T.);
#7319=EDGE_CURVE('',#6033,#6034,#3175,.T.);
#7320=EDGE_CURVE('',#6034,#6035,#3176,.T.);
#7321=EDGE_CURVE('',#6035,#6036,#3177,.T.);
#7322=EDGE_CURVE('',#6036,#6037,#3178,.T.);
#7323=EDGE_CURVE('',#6037,#6038,#3179,.T.);
#7324=EDGE_CURVE('',#6038,#6039,#3180,.T.);
#7325=EDGE_CURVE('',#6039,#6040,#3181,.T.);
#7326=EDGE_CURVE('',#6040,#6041,#3182,.T.);
#7327=EDGE_CURVE('',#6041,#6042,#3183,.T.);
#7328=EDGE_CURVE('',#6042,#6043,#3184,.T.);
#7329=EDGE_CURVE('',#6043,#6044,#3185,.T.);
#7330=EDGE_CURVE('',#6044,#6045,#3186,.T.);
#7331=EDGE_CURVE('',#6045,#6046,#3187,.T.);
#7332=EDGE_CURVE('',#6046,#6047,#3188,.T.);
#7333=EDGE_CURVE('',#6047,#6048,#3189,.T.);
#7334=EDGE_CURVE('',#6048,#6049,#3190,.T.);
#7335=EDGE_CURVE('',#6049,#6050,#3191,.T.);
#7336=EDGE_CURVE('',#6050,#6051,#3192,.T.);
#7337=EDGE_CURVE('',#6051,#6052,#3193,.T.);
#7338=EDGE_CURVE('',#6052,#6053,#3194,.T.);
#7339=EDGE_CURVE('',#6053,#6054,#3195,.T.);
#7340=EDGE_CURVE('',#6054,#6055,#3196,.T.);
#7341=EDGE_CURVE('',#6055,#6056,#3197,.T.);
#7342=EDGE_CURVE('',#6056,#6057,#3198,.T.);
#7343=EDGE_CURVE('',#6057,#6058,#3199,.T.);
#7344=EDGE_CURVE('',#6058,#6059,#3200,.T.);
#7345=EDGE_CURVE('',#6059,#6060,#3201,.T.);
#7346=EDGE_CURVE('',#6060,#6061,#3202,.T.);
#7347=EDGE_CURVE('',#6061,#6015,#3203,.T.);
#7348=EDGE_CURVE('',#6027,#6062,#3204,.T.);
#7349=EDGE_CURVE('',#6062,#6019,#3205,.T.);
#7350=EDGE_CURVE('',#6063,#6062,#3206,.T.);
#7351=EDGE_CURVE('',#6063,#6018,#3207,.T.);
#7352=EDGE_CURVE('',#6034,#6064,#3208,.T.);
#7353=EDGE_CURVE('',#6065,#6033,#3209,.T.);
#7354=EDGE_CURVE('',#6065,#6064,#3210,.T.);
#7355=EDGE_CURVE('',#6066,#6031,#3211,.T.);
#7356=EDGE_CURVE('',#6066,#6067,#3212,.T.);
#7357=EDGE_CURVE('',#6067,#6032,#3213,.T.);
#7358=EDGE_CURVE('',#6040,#6068,#3214,.T.);
#7359=EDGE_CURVE('',#6069,#6039,#3215,.T.);
#7360=EDGE_CURVE('',#6069,#6068,#3216,.T.);
#7361=EDGE_CURVE('',#6070,#6069,#3217,.T.);
#7362=EDGE_CURVE('',#6070,#6038,#3218,.T.);
#7363=EDGE_CURVE('',#6071,#6037,#3219,.T.);
#7364=EDGE_CURVE('',#6071,#6070,#3220,.T.);
#7365=EDGE_CURVE('',#6067,#6065,#3221,.T.);
#7366=EDGE_CURVE('',#6068,#6072,#3222,.T.);
#7367=EDGE_CURVE('',#6072,#6041,#3223,.T.);
#7368=EDGE_CURVE('',#6073,#6036,#3224,.T.);
#7369=EDGE_CURVE('',#6073,#6071,#3225,.T.);
#7370=EDGE_CURVE('',#6030,#6074,#3226,.T.);
#7371=EDGE_CURVE('',#6074,#6066,#3227,.T.);
#7372=EDGE_CURVE('',#6058,#6075,#3228,.T.);
#7373=EDGE_CURVE('',#6076,#6057,#3229,.T.);
#7374=EDGE_CURVE('',#6076,#6075,#3230,.T.);
#7375=EDGE_CURVE('',#6077,#6055,#3231,.T.);
#7376=EDGE_CURVE('',#6077,#6078,#3232,.T.);
#7377=EDGE_CURVE('',#6078,#6056,#3233,.T.);
#7378=EDGE_CURVE('',#6052,#6079,#3234,.T.);
#7379=EDGE_CURVE('',#6080,#6051,#3235,.T.);
#7380=EDGE_CURVE('',#6080,#6079,#3236,.T.);
#7381=EDGE_CURVE('',#6081,#6080,#3237,.T.);
#7382=EDGE_CURVE('',#6081,#6050,#3238,.T.);
#7383=EDGE_CURVE('',#6082,#6049,#3239,.T.);
#7384=EDGE_CURVE('',#6082,#6081,#3240,.T.);
#7385=EDGE_CURVE('',#6078,#6076,#3241,.T.);
#7386=EDGE_CURVE('',#6079,#6083,#3242,.T.);
#7387=EDGE_CURVE('',#6083,#6053,#3243,.T.);
#7388=EDGE_CURVE('',#6048,#6084,#3244,.T.);
#7389=EDGE_CURVE('',#6084,#6082,#3245,.T.);
#7390=EDGE_CURVE('',#6085,#6054,#3246,.T.);
#7391=EDGE_CURVE('',#6085,#6077,#3247,.T.);
#7392=EDGE_CURVE('',#6086,#6029,#3248,.T.);
#7393=EDGE_CURVE('',#6086,#6074,#3249,.T.);
#7394=EDGE_CURVE('',#6072,#6087,#3250,.T.);
#7395=EDGE_CURVE('',#6087,#6042,#3251,.T.);
#7396=EDGE_CURVE('',#6088,#6046,#3252,.T.);
#7397=EDGE_CURVE('',#6088,#6089,#3253,.T.);
#7398=EDGE_CURVE('',#6089,#6047,#3254,.T.);
#7399=EDGE_CURVE('',#6061,#6090,#3255,.T.);
#7400=EDGE_CURVE('',#6091,#6060,#3256,.T.);
#7401=EDGE_CURVE('',#6091,#6090,#3257,.T.);
#7402=EDGE_CURVE('',#6092,#6059,#3258,.T.);
#7403=EDGE_CURVE('',#6092,#6091,#3259,.T.);
#7404=EDGE_CURVE('',#6043,#6093,#3260,.T.);
#7405=EDGE_CURVE('',#6087,#6093,#3261,.T.);
#7406=EDGE_CURVE('',#6094,#6028,#3262,.T.);
#7407=EDGE_CURVE('',#6094,#6086,#3263,.T.);
#7408=EDGE_CURVE('',#6089,#6084,#3264,.T.);
#7409=EDGE_CURVE('',#6093,#6095,#3265,.T.);
#7410=EDGE_CURVE('',#6095,#6044,#3266,.T.);
#7411=EDGE_CURVE('',#6011,#6094,#3267,.T.);
#7412=EDGE_CURVE('',#6075,#6092,#3268,.T.);
#7413=EDGE_CURVE('',#6096,#6073,#3269,.T.);
#7414=EDGE_CURVE('',#6096,#6035,#3270,.T.);
#7415=EDGE_CURVE('',#6064,#6096,#3271,.T.);
#7416=EDGE_CURVE('',#6083,#6085,#3272,.T.);
#7417=EDGE_CURVE('',#6090,#6014,#3273,.T.);
#7418=EDGE_CURVE('',#6097,#6088,#3274,.T.);
#7419=EDGE_CURVE('',#6095,#6097,#3275,.T.);
#7420=EDGE_CURVE('',#6026,#6063,#3276,.T.);
#7421=EDGE_CURVE('',#6097,#6045,#3277,.T.);
#7422=EDGE_CURVE('',#6098,#6099,#3278,.T.);
#7423=EDGE_CURVE('',#6100,#6098,#3279,.T.);
#7424=EDGE_CURVE('',#6101,#6100,#3280,.T.);
#7425=EDGE_CURVE('',#6102,#6101,#3281,.T.);
#7426=EDGE_CURVE('',#6103,#6102,#3282,.T.);
#7427=EDGE_CURVE('',#6103,#6104,#3283,.T.);
#7428=EDGE_CURVE('',#6104,#6099,#3284,.T.);
#7429=EDGE_CURVE('',#6099,#6105,#3285,.T.);
#7430=EDGE_CURVE('',#6104,#6106,#3286,.T.);
#7431=EDGE_CURVE('',#6106,#6107,#3287,.T.);
#7432=EDGE_CURVE('',#6108,#6107,#3288,.T.);
#7433=EDGE_CURVE('',#6109,#6108,#3289,.T.);
#7434=EDGE_CURVE('',#6105,#6109,#3290,.T.);
#7435=EDGE_CURVE('',#6110,#6103,#3291,.T.);
#7436=EDGE_CURVE('',#6111,#6102,#3292,.T.);
#7437=EDGE_CURVE('',#6110,#6111,#3293,.T.);
#7438=EDGE_CURVE('',#6106,#6110,#3294,.T.);
#7439=EDGE_CURVE('',#6107,#6111,#3295,.T.);
#7440=EDGE_CURVE('',#6108,#6112,#3296,.T.);
#7441=EDGE_CURVE('',#6112,#6101,#3297,.T.);
#7442=EDGE_CURVE('',#6109,#6113,#5401,.T.);
#7443=EDGE_CURVE('',#6113,#6114,#3298,.T.);
#7444=EDGE_CURVE('',#6115,#6114,#5402,.T.);
#7445=EDGE_CURVE('',#6115,#6116,#3299,.T.);
#7446=EDGE_CURVE('',#6116,#6117,#5403,.T.);
#7447=EDGE_CURVE('',#6117,#6118,#5404,.T.);
#7448=EDGE_CURVE('',#6118,#6119,#3300,.T.);
#7449=EDGE_CURVE('',#6120,#6119,#5405,.T.);
#7450=EDGE_CURVE('',#6120,#6121,#3301,.T.);
#7451=EDGE_CURVE('',#6121,#6122,#5406,.T.);
#7452=EDGE_CURVE('',#6122,#6123,#3302,.T.);
#7453=EDGE_CURVE('',#6124,#6123,#5407,.T.);
#7454=EDGE_CURVE('',#6124,#6125,#3303,.T.);
#7455=EDGE_CURVE('',#6125,#6126,#5408,.T.);
#7456=EDGE_CURVE('',#6126,#6127,#3304,.T.);
#7457=EDGE_CURVE('',#6127,#6128,#5409,.T.);
#7458=EDGE_CURVE('',#6128,#6129,#3305,.T.);
#7459=EDGE_CURVE('',#6129,#6130,#5410,.T.);
#7460=EDGE_CURVE('',#6130,#6131,#3306,.T.);
#7461=EDGE_CURVE('',#6132,#6131,#5411,.T.);
#7462=EDGE_CURVE('',#6132,#6133,#3307,.T.);
#7463=EDGE_CURVE('',#6133,#6134,#5412,.T.);
#7464=EDGE_CURVE('',#6134,#6135,#3308,.T.);
#7465=EDGE_CURVE('',#6136,#6135,#5413,.T.);
#7466=EDGE_CURVE('',#6136,#6137,#3309,.T.);
#7467=EDGE_CURVE('',#6137,#6138,#5414,.T.);
#7468=EDGE_CURVE('',#6138,#6139,#5415,.T.);
#7469=EDGE_CURVE('',#6139,#6140,#3310,.T.);
#7470=EDGE_CURVE('',#6141,#6140,#5416,.T.);
#7471=EDGE_CURVE('',#6141,#6142,#3311,.T.);
#7472=EDGE_CURVE('',#6142,#6143,#5417,.T.);
#7473=EDGE_CURVE('',#6143,#6144,#3312,.T.);
#7474=EDGE_CURVE('',#6145,#6144,#5418,.T.);
#7475=EDGE_CURVE('',#6145,#6146,#3313,.T.);
#7476=EDGE_CURVE('',#6146,#6147,#5419,.T.);
#7477=EDGE_CURVE('',#6147,#6148,#5420,.T.);
#7478=EDGE_CURVE('',#6148,#6149,#3314,.T.);
#7479=EDGE_CURVE('',#6150,#6149,#5421,.T.);
#7480=EDGE_CURVE('',#6150,#6151,#3315,.T.);
#7481=EDGE_CURVE('',#6151,#6152,#5422,.T.);
#7482=EDGE_CURVE('',#6152,#6153,#3316,.T.);
#7483=EDGE_CURVE('',#6154,#6153,#5423,.T.);
#7484=EDGE_CURVE('',#6154,#6155,#3317,.T.);
#7485=EDGE_CURVE('',#6155,#6100,#5424,.T.);
#7486=EDGE_CURVE('',#6105,#6098,#5425,.T.);
#7487=EDGE_CURVE('',#6101,#6155,#3318,.T.);
#7488=EDGE_CURVE('',#6113,#6156,#3319,.T.);
#7489=EDGE_CURVE('',#6156,#6157,#3320,.T.);
#7490=EDGE_CURVE('',#6114,#6157,#3321,.T.);
#7491=EDGE_CURVE('',#6156,#6108,#3322,.T.);
#7492=EDGE_CURVE('',#6158,#6154,#3323,.T.);
#7493=EDGE_CURVE('',#6112,#6158,#3324,.T.);
#7494=EDGE_CURVE('',#6157,#6158,#3325,.T.);
#7495=EDGE_CURVE('',#6159,#6160,#5426,.T.);
#7496=EDGE_CURVE('',#6160,#6161,#3326,.T.);
#7497=EDGE_CURVE('',#6161,#6162,#5427,.T.);
#7498=EDGE_CURVE('',#6163,#6162,#3327,.T.);
#7499=EDGE_CURVE('',#6164,#6163,#3328,.T.);
#7500=EDGE_CURVE('',#6164,#6165,#5428,.T.);
#7501=EDGE_CURVE('',#6166,#6165,#3329,.T.);
#7502=EDGE_CURVE('',#6166,#6167,#5429,.T.);
#7503=EDGE_CURVE('',#6168,#6167,#3330,.T.);
#7504=EDGE_CURVE('',#6168,#6169,#5430,.T.);
#7505=EDGE_CURVE('',#6170,#6169,#3331,.T.);
#7506=EDGE_CURVE('',#6171,#6170,#3332,.T.);
#7507=EDGE_CURVE('',#6171,#6172,#5431,.T.);
#7508=EDGE_CURVE('',#6173,#6172,#3333,.T.);
#7509=EDGE_CURVE('',#6173,#6174,#5432,.T.);
#7510=EDGE_CURVE('',#6175,#6174,#3334,.T.);
#7511=EDGE_CURVE('',#6175,#6176,#5433,.T.);
#7512=EDGE_CURVE('',#6177,#6176,#3335,.T.);
#7513=EDGE_CURVE('',#6178,#6177,#3336,.T.);
#7514=EDGE_CURVE('',#6178,#6179,#5434,.T.);
#7515=EDGE_CURVE('',#6180,#6179,#3337,.T.);
#7516=EDGE_CURVE('',#6180,#6181,#5435,.T.);
#7517=EDGE_CURVE('',#6182,#6181,#3338,.T.);
#7518=EDGE_CURVE('',#6182,#6183,#5436,.T.);
#7519=EDGE_CURVE('',#6184,#6183,#3339,.T.);
#7520=EDGE_CURVE('',#6185,#6184,#3340,.T.);
#7521=EDGE_CURVE('',#6185,#6186,#5437,.T.);
#7522=EDGE_CURVE('',#6186,#6187,#3341,.T.);
#7523=EDGE_CURVE('',#6187,#6188,#5438,.T.);
#7524=EDGE_CURVE('',#6189,#6188,#3342,.T.);
#7525=EDGE_CURVE('',#6159,#6189,#3343,.T.);
#7526=EDGE_CURVE('',#6153,#6190,#3344,.T.);
#7527=EDGE_CURVE('',#6190,#6191,#3345,.T.);
#7528=EDGE_CURVE('',#6191,#6192,#3346,.T.);
#7529=EDGE_CURVE('',#6192,#6193,#3347,.T.);
#7530=EDGE_CURVE('',#6193,#6194,#3348,.T.);
#7531=EDGE_CURVE('',#6194,#6195,#3349,.T.);
#7532=EDGE_CURVE('',#6195,#6196,#3350,.T.);
#7533=EDGE_CURVE('',#6196,#6150,#3351,.T.);
#7534=EDGE_CURVE('',#6149,#6197,#3352,.T.);
#7535=EDGE_CURVE('',#6197,#6198,#3353,.T.);
#7536=EDGE_CURVE('',#6198,#6145,#3354,.T.);
#7537=EDGE_CURVE('',#6144,#6199,#3355,.T.);
#7538=EDGE_CURVE('',#6199,#6200,#3356,.T.);
#7539=EDGE_CURVE('',#6200,#6201,#3357,.T.);
#7540=EDGE_CURVE('',#6201,#6202,#3358,.T.);
#7541=EDGE_CURVE('',#6202,#6203,#3359,.T.);
#7542=EDGE_CURVE('',#6203,#6204,#3360,.T.);
#7543=EDGE_CURVE('',#6204,#6205,#3361,.T.);
#7544=EDGE_CURVE('',#6205,#6141,#3362,.T.);
#7545=EDGE_CURVE('',#6140,#6206,#3363,.T.);
#7546=EDGE_CURVE('',#6206,#6207,#3364,.T.);
#7547=EDGE_CURVE('',#6207,#6136,#3365,.T.);
#7548=EDGE_CURVE('',#6135,#6208,#3366,.T.);
#7549=EDGE_CURVE('',#6208,#6209,#3367,.T.);
#7550=EDGE_CURVE('',#6209,#6210,#3368,.T.);
#7551=EDGE_CURVE('',#6210,#6211,#3369,.T.);
#7552=EDGE_CURVE('',#6211,#6212,#3370,.T.);
#7553=EDGE_CURVE('',#6212,#6213,#3371,.T.);
#7554=EDGE_CURVE('',#6213,#6214,#3372,.T.);
#7555=EDGE_CURVE('',#6214,#6132,#3373,.T.);
#7556=EDGE_CURVE('',#6131,#6215,#3374,.T.);
#7557=EDGE_CURVE('',#6215,#6216,#3375,.T.);
#7558=EDGE_CURVE('',#6216,#6124,#3376,.T.);
#7559=EDGE_CURVE('',#6123,#6217,#3377,.T.);
#7560=EDGE_CURVE('',#6217,#6218,#3378,.T.);
#7561=EDGE_CURVE('',#6218,#6219,#3379,.T.);
#7562=EDGE_CURVE('',#6219,#6220,#3380,.T.);
#7563=EDGE_CURVE('',#6220,#6221,#3381,.T.);
#7564=EDGE_CURVE('',#6221,#6222,#3382,.T.);
#7565=EDGE_CURVE('',#6222,#6223,#3383,.T.);
#7566=EDGE_CURVE('',#6223,#6120,#3384,.T.);
#7567=EDGE_CURVE('',#6119,#6224,#3385,.T.);
#7568=EDGE_CURVE('',#6224,#6225,#3386,.T.);
#7569=EDGE_CURVE('',#6225,#6115,#3387,.T.);
#7570=EDGE_CURVE('',#6226,#6227,#5439,.T.);
#7571=EDGE_CURVE('',#6227,#6228,#3388,.T.);
#7572=EDGE_CURVE('',#6228,#6229,#5440,.T.);
#7573=EDGE_CURVE('',#6229,#6230,#3389,.T.);
#7574=EDGE_CURVE('',#6230,#6231,#5441,.T.);
#7575=EDGE_CURVE('',#6231,#6232,#3390,.T.);
#7576=EDGE_CURVE('',#6232,#6233,#3391,.T.);
#7577=EDGE_CURVE('',#6233,#6234,#5442,.T.);
#7578=EDGE_CURVE('',#6234,#6235,#3392,.T.);
#7579=EDGE_CURVE('',#6235,#6236,#5443,.T.);
#7580=EDGE_CURVE('',#6236,#6237,#3393,.T.);
#7581=EDGE_CURVE('',#6237,#6238,#5444,.T.);
#7582=EDGE_CURVE('',#6238,#6239,#3394,.T.);
#7583=EDGE_CURVE('',#6239,#6240,#3395,.T.);
#7584=EDGE_CURVE('',#6240,#6241,#5445,.T.);
#7585=EDGE_CURVE('',#6241,#6242,#3396,.T.);
#7586=EDGE_CURVE('',#6242,#6243,#5446,.T.);
#7587=EDGE_CURVE('',#6243,#6244,#3397,.T.);
#7588=EDGE_CURVE('',#6244,#6245,#5447,.T.);
#7589=EDGE_CURVE('',#6245,#6246,#3398,.T.);
#7590=EDGE_CURVE('',#6246,#6247,#3399,.T.);
#7591=EDGE_CURVE('',#6247,#6248,#5448,.T.);
#7592=EDGE_CURVE('',#6248,#6249,#3400,.T.);
#7593=EDGE_CURVE('',#6249,#6250,#5449,.T.);
#7594=EDGE_CURVE('',#6250,#6251,#3401,.T.);
#7595=EDGE_CURVE('',#6251,#6252,#5450,.T.);
#7596=EDGE_CURVE('',#6252,#6253,#3402,.T.);
#7597=EDGE_CURVE('',#6253,#6226,#3403,.T.);
#7598=EDGE_CURVE('',#6254,#6255,#3404,.T.);
#7599=EDGE_CURVE('',#6254,#6189,#3405,.T.);
#7600=EDGE_CURVE('',#6255,#6188,#3406,.T.);
#7601=EDGE_CURVE('',#6256,#6254,#3407,.T.);
#7602=EDGE_CURVE('',#6159,#6256,#3408,.T.);
#7603=EDGE_CURVE('',#6187,#6257,#3409,.T.);
#7604=EDGE_CURVE('',#6257,#6258,#5451,.T.);
#7605=EDGE_CURVE('',#6258,#6160,#3410,.T.);
#7606=EDGE_CURVE('',#6255,#6256,#5452,.T.);
#7607=EDGE_CURVE('',#6259,#6260,#3411,.T.);
#7608=EDGE_CURVE('',#6260,#6194,#3412,.T.);
#7609=EDGE_CURVE('',#6259,#6193,#3413,.T.);
#7610=EDGE_CURVE('',#6260,#6261,#3414,.T.);
#7611=EDGE_CURVE('',#6261,#6195,#3415,.T.);
#7612=EDGE_CURVE('',#6261,#6262,#3416,.T.);
#7613=EDGE_CURVE('',#6263,#6259,#3417,.T.);
#7614=EDGE_CURVE('',#6264,#6263,#3418,.T.);
#7615=EDGE_CURVE('',#6265,#6264,#3419,.T.);
#7616=EDGE_CURVE('',#6152,#6265,#3420,.T.);
#7617=EDGE_CURVE('',#6262,#6151,#3421,.T.);
#7618=EDGE_CURVE('',#6257,#6128,#3422,.T.);
#7619=EDGE_CURVE('',#6127,#6258,#3423,.T.);
#7620=EDGE_CURVE('',#6266,#6186,#3424,.T.);
#7621=EDGE_CURVE('',#6266,#6129,#3425,.T.);
#7622=EDGE_CURVE('',#6267,#6268,#3426,.T.);
#7623=EDGE_CURVE('',#6269,#6267,#3427,.T.);
#7624=EDGE_CURVE('',#6270,#6269,#3428,.T.);
#7625=EDGE_CURVE('',#6271,#6270,#5453,.T.);
#7626=EDGE_CURVE('',#6126,#6271,#3429,.T.);
#7627=EDGE_CURVE('',#6272,#6125,#3430,.T.);
#7628=EDGE_CURVE('',#6273,#6272,#3431,.T.);
#7629=EDGE_CURVE('',#6130,#6273,#3432,.T.);
#7630=EDGE_CURVE('',#6268,#6266,#5454,.T.);
#7631=EDGE_CURVE('',#6274,#6267,#3433,.T.);
#7632=EDGE_CURVE('',#6275,#6274,#3434,.T.);
#7633=EDGE_CURVE('',#6269,#6275,#3435,.T.);
#7634=EDGE_CURVE('',#6161,#6271,#3436,.T.);
#7635=EDGE_CURVE('',#6185,#6245,#3437,.T.);
#7636=EDGE_CURVE('',#6244,#6268,#3438,.T.);
#7637=EDGE_CURVE('',#6273,#6215,#3439,.T.);
#7638=EDGE_CURVE('',#6200,#6276,#3440,.T.);
#7639=EDGE_CURVE('',#6277,#6199,#3441,.T.);
#7640=EDGE_CURVE('',#6277,#6276,#3442,.T.);
#7641=EDGE_CURVE('',#6278,#6205,#3443,.T.);
#7642=EDGE_CURVE('',#6278,#6142,#3444,.T.);
#7643=EDGE_CURVE('',#6143,#6277,#3445,.T.);
#7644=EDGE_CURVE('',#6226,#6176,#3446,.T.);
#7645=EDGE_CURVE('',#6177,#6253,#3447,.T.);
#7646=EDGE_CURVE('',#6178,#6252,#3448,.T.);
#7647=EDGE_CURVE('',#6279,#6204,#3449,.T.);
#7648=EDGE_CURVE('',#6279,#6278,#3450,.T.);
#7649=EDGE_CURVE('',#6276,#6280,#3451,.T.);
#7650=EDGE_CURVE('',#6280,#6279,#3452,.T.);
#7651=EDGE_CURVE('',#6281,#6274,#3453,.T.);
#7652=EDGE_CURVE('',#6281,#6282,#5455,.T.);
#7653=EDGE_CURVE('',#6275,#6282,#3454,.T.);
#7654=EDGE_CURVE('',#6175,#6227,#3455,.T.);
#7655=EDGE_CURVE('',#6251,#6179,#3456,.T.);
#7656=EDGE_CURVE('',#6191,#6264,#3457,.T.);
#7657=EDGE_CURVE('',#6265,#6190,#3458,.T.);
#7658=EDGE_CURVE('',#6233,#6169,#3459,.T.);
#7659=EDGE_CURVE('',#6170,#6232,#3460,.T.);
#7660=EDGE_CURVE('',#6262,#6196,#3461,.T.);
#7661=EDGE_CURVE('',#6171,#6231,#3462,.T.);
#7662=EDGE_CURVE('',#6230,#6172,#3463,.T.);
#7663=EDGE_CURVE('',#6209,#6283,#3464,.T.);
#7664=EDGE_CURVE('',#6284,#6208,#3465,.T.);
#7665=EDGE_CURVE('',#6284,#6283,#3466,.T.);
#7666=EDGE_CURVE('',#6134,#6284,#3467,.T.);
#7667=EDGE_CURVE('',#6247,#6183,#3468,.T.);
#7668=EDGE_CURVE('',#6184,#6246,#3469,.T.);
#7669=EDGE_CURVE('',#6285,#6214,#3470,.T.);
#7670=EDGE_CURVE('',#6285,#6133,#3471,.T.);
#7671=EDGE_CURVE('',#6286,#6213,#3472,.T.);
#7672=EDGE_CURVE('',#6286,#6285,#3473,.T.);
#7673=EDGE_CURVE('',#6283,#6287,#3474,.T.);
#7674=EDGE_CURVE('',#6287,#6286,#3475,.T.);
#7675=EDGE_CURVE('',#6218,#6288,#3476,.T.);
#7676=EDGE_CURVE('',#6289,#6217,#3477,.T.);
#7677=EDGE_CURVE('',#6289,#6288,#3478,.T.);
#7678=EDGE_CURVE('',#6122,#6289,#3479,.T.);
#7679=EDGE_CURVE('',#6240,#6162,#3480,.T.);
#7680=EDGE_CURVE('',#6163,#6239,#3481,.T.);
#7681=EDGE_CURVE('',#6290,#6291,#3482,.T.);
#7682=EDGE_CURVE('',#6288,#6290,#3483,.T.);
#7683=EDGE_CURVE('',#6292,#6121,#3484,.T.);
#7684=EDGE_CURVE('',#6291,#6292,#3485,.T.);
#7685=EDGE_CURVE('',#6292,#6223,#3486,.T.);
#7686=EDGE_CURVE('',#6164,#6238,#3487,.T.);
#7687=EDGE_CURVE('',#6291,#6222,#3488,.T.);
#7688=EDGE_CURVE('',#6237,#6165,#3489,.T.);
#7689=EDGE_CURVE('',#6282,#6242,#3490,.T.);
#7690=EDGE_CURVE('',#6243,#6281,#3491,.T.);
#7691=EDGE_CURVE('',#6250,#6180,#3492,.T.);
#7692=EDGE_CURVE('',#6181,#6249,#3493,.T.);
#7693=EDGE_CURVE('',#6167,#6235,#3494,.T.);
#7694=EDGE_CURVE('',#6236,#6166,#3495,.T.);
#7695=EDGE_CURVE('',#6229,#6173,#3496,.T.);
#7696=EDGE_CURVE('',#6174,#6228,#3497,.T.);
#7697=EDGE_CURVE('',#6118,#6293,#3498,.T.);
#7698=EDGE_CURVE('',#6293,#6224,#3499,.T.);
#7699=EDGE_CURVE('',#6294,#6207,#3500,.T.);
#7700=EDGE_CURVE('',#6294,#6137,#3501,.T.);
#7701=EDGE_CURVE('',#6182,#6248,#3502,.T.);
#7702=EDGE_CURVE('',#6295,#6225,#3503,.T.);
#7703=EDGE_CURVE('',#6295,#6116,#3504,.T.);
#7704=EDGE_CURVE('',#6139,#6296,#3505,.T.);
#7705=EDGE_CURVE('',#6296,#6206,#3506,.T.);
#7706=EDGE_CURVE('',#6168,#6234,#3507,.T.);
#7707=EDGE_CURVE('',#6293,#6117,#3508,.T.);
#7708=EDGE_CURVE('',#6117,#6295,#3509,.T.);
#7709=EDGE_CURVE('',#6296,#6138,#3510,.T.);
#7710=EDGE_CURVE('',#6138,#6294,#3511,.T.);
#7711=EDGE_CURVE('',#6272,#6216,#3512,.T.);
#7712=EDGE_CURVE('',#6297,#6197,#3513,.T.);
#7713=EDGE_CURVE('',#6297,#6147,#3514,.T.);
#7714=EDGE_CURVE('',#6147,#6298,#3515,.T.);
#7715=EDGE_CURVE('',#6298,#6198,#3516,.T.);
#7716=EDGE_CURVE('',#6298,#6146,#3517,.T.);
#7717=EDGE_CURVE('',#6148,#6297,#3518,.T.);
#7718=EDGE_CURVE('',#6270,#6241,#3519,.T.);
#7719=EDGE_CURVE('',#6299,#6221,#3520,.T.);
#7720=EDGE_CURVE('',#6299,#6300,#3521,.T.);
#7721=EDGE_CURVE('',#6300,#6290,#3522,.T.);
#7722=EDGE_CURVE('',#6301,#6302,#3523,.T.);
#7723=EDGE_CURVE('',#6302,#6220,#3524,.T.);
#7724=EDGE_CURVE('',#6301,#6219,#3525,.T.);
#7725=EDGE_CURVE('',#6300,#6301,#3526,.T.);
#7726=EDGE_CURVE('',#6302,#6299,#3527,.T.);
#7727=EDGE_CURVE('',#6303,#6212,#3528,.T.);
#7728=EDGE_CURVE('',#6303,#6304,#3529,.T.);
#7729=EDGE_CURVE('',#6304,#6287,#3530,.T.);
#7730=EDGE_CURVE('',#6305,#6303,#3531,.T.);
#7731=EDGE_CURVE('',#6305,#6211,#3532,.T.);
#7732=EDGE_CURVE('',#6306,#6305,#3533,.T.);
#7733=EDGE_CURVE('',#6306,#6210,#3534,.T.);
#7734=EDGE_CURVE('',#6304,#6306,#3535,.T.);
#7735=EDGE_CURVE('',#6263,#6192,#3536,.T.);
#7736=EDGE_CURVE('',#6307,#6203,#3537,.T.);
#7737=EDGE_CURVE('',#6307,#6308,#3538,.T.);
#7738=EDGE_CURVE('',#6308,#6280,#3539,.T.);
#7739=EDGE_CURVE('',#6309,#6307,#3540,.T.);
#7740=EDGE_CURVE('',#6309,#6202,#3541,.T.);
#7741=EDGE_CURVE('',#6310,#6309,#3542,.T.);
#7742=EDGE_CURVE('',#6310,#6201,#3543,.T.);
#7743=EDGE_CURVE('',#6308,#6310,#3544,.T.);
#7744=EDGE_CURVE('',#6311,#6311,#5456,.T.);
#7745=EDGE_CURVE('',#6311,#6312,#3545,.T.);
#7746=EDGE_CURVE('',#6312,#6312,#5457,.T.);
#7747=EDGE_CURVE('',#6313,#6313,#5458,.T.);
#7748=EDGE_CURVE('',#6314,#6314,#5459,.T.);
#7749=EDGE_CURVE('',#6314,#6315,#3546,.T.);
#7750=EDGE_CURVE('',#6315,#6315,#5460,.T.);
#7751=EDGE_CURVE('',#6316,#6316,#5461,.T.);
#7752=EDGE_CURVE('',#6316,#6313,#3547,.T.);
#7753=EDGE_CURVE('',#6317,#6317,#5462,.T.);
#7754=EDGE_CURVE('',#6317,#6318,#3548,.T.);
#7755=EDGE_CURVE('',#6318,#6318,#5463,.T.);
#7756=EDGE_CURVE('',#6319,#6320,#3549,.T.);
#7757=EDGE_CURVE('',#6321,#6319,#3550,.T.);
#7758=EDGE_CURVE('',#6322,#6321,#3551,.T.);
#7759=EDGE_CURVE('',#6320,#6322,#3552,.T.);
#7760=EDGE_CURVE('',#6323,#6324,#3553,.T.);
#7761=EDGE_CURVE('',#6325,#6323,#3554,.T.);
#7762=EDGE_CURVE('',#6326,#6325,#3555,.T.);
#7763=EDGE_CURVE('',#6324,#6326,#3556,.T.);
#7764=EDGE_CURVE('',#6326,#6321,#5464,.T.);
#7765=EDGE_CURVE('',#6319,#6324,#5465,.T.);
#7766=EDGE_CURVE('',#6323,#6320,#5466,.T.);
#7767=EDGE_CURVE('',#6322,#6325,#5467,.T.);
#7768=EDGE_CURVE('',#6327,#6327,#5468,.T.);
#7769=EDGE_CURVE('',#6327,#6328,#3557,.T.);
#7770=EDGE_CURVE('',#6328,#6328,#5469,.T.);
#7771=EDGE_CURVE('',#6329,#6329,#5470,.T.);
#7772=EDGE_CURVE('',#6329,#6330,#3558,.T.);
#7773=EDGE_CURVE('',#6330,#6330,#5471,.T.);
#7774=EDGE_CURVE('',#6331,#6331,#5472,.T.);
#7775=EDGE_CURVE('',#6331,#6332,#3559,.T.);
#7776=EDGE_CURVE('',#6332,#6332,#5473,.T.);
#7777=EDGE_CURVE('',#6333,#6333,#5474,.T.);
#7778=EDGE_CURVE('',#6333,#6334,#3560,.T.);
#7779=EDGE_CURVE('',#6334,#6334,#5475,.T.);
#7780=EDGE_CURVE('',#6335,#6335,#5476,.T.);
#7781=EDGE_CURVE('',#6335,#6336,#3561,.T.);
#7782=EDGE_CURVE('',#6336,#6336,#5477,.T.);
#7783=EDGE_CURVE('',#6337,#6337,#5478,.T.);
#7784=EDGE_CURVE('',#6337,#6338,#3562,.T.);
#7785=EDGE_CURVE('',#6338,#6338,#5479,.T.);
#7786=EDGE_CURVE('',#6339,#6339,#5480,.T.);
#7787=EDGE_CURVE('',#6339,#6340,#3563,.T.);
#7788=EDGE_CURVE('',#6340,#6340,#5481,.T.);
#7789=EDGE_CURVE('',#6341,#6341,#5482,.T.);
#7790=EDGE_CURVE('',#6341,#6342,#3564,.T.);
#7791=EDGE_CURVE('',#6342,#6342,#5483,.T.);
#7792=EDGE_CURVE('',#6343,#6343,#5484,.T.);
#7793=EDGE_CURVE('',#6343,#6344,#3565,.T.);
#7794=EDGE_CURVE('',#6344,#6344,#5485,.T.);
#7795=EDGE_CURVE('',#6345,#6345,#5486,.T.);
#7796=EDGE_CURVE('',#6345,#6346,#3566,.T.);
#7797=EDGE_CURVE('',#6346,#6346,#5487,.T.);
#7798=EDGE_CURVE('',#6347,#6347,#5488,.T.);
#7799=EDGE_CURVE('',#6347,#6348,#3567,.T.);
#7800=EDGE_CURVE('',#6348,#6348,#5489,.T.);
#7801=EDGE_CURVE('',#6349,#6349,#5490,.T.);
#7802=EDGE_CURVE('',#6349,#6350,#3568,.T.);
#7803=EDGE_CURVE('',#6350,#6350,#5491,.T.);
#7804=EDGE_CURVE('',#6351,#6351,#5492,.T.);
#7805=EDGE_CURVE('',#6351,#6352,#3569,.T.);
#7806=EDGE_CURVE('',#6352,#6352,#5493,.T.);
#7807=EDGE_CURVE('',#6353,#6353,#5494,.T.);
#7808=EDGE_CURVE('',#6353,#6354,#3570,.T.);
#7809=EDGE_CURVE('',#6354,#6354,#5495,.T.);
#7810=EDGE_CURVE('',#6355,#6355,#5496,.T.);
#7811=EDGE_CURVE('',#6355,#6356,#3571,.T.);
#7812=EDGE_CURVE('',#6356,#6356,#5497,.T.);
#7813=EDGE_CURVE('',#6357,#6357,#5498,.T.);
#7814=EDGE_CURVE('',#6357,#6358,#3572,.T.);
#7815=EDGE_CURVE('',#6358,#6358,#5499,.T.);
#7816=EDGE_CURVE('',#6359,#6359,#5500,.T.);
#7817=EDGE_CURVE('',#6359,#6360,#3573,.T.);
#7818=EDGE_CURVE('',#6360,#6360,#5501,.T.);
#7819=EDGE_CURVE('',#6361,#6361,#5502,.T.);
#7820=EDGE_CURVE('',#6361,#6362,#3574,.T.);
#7821=EDGE_CURVE('',#6362,#6362,#5503,.T.);
#7822=EDGE_CURVE('',#6363,#6363,#5504,.T.);
#7823=EDGE_CURVE('',#6363,#6364,#3575,.T.);
#7824=EDGE_CURVE('',#6364,#6364,#5505,.T.);
#7825=EDGE_CURVE('',#6365,#6366,#3576,.T.);
#7826=EDGE_CURVE('',#6366,#6367,#3577,.T.);
#7827=EDGE_CURVE('',#6368,#6367,#3578,.T.);
#7828=EDGE_CURVE('',#6365,#6368,#3579,.T.);
#7829=EDGE_CURVE('',#6369,#6365,#3580,.T.);
#7830=EDGE_CURVE('',#6370,#6368,#3581,.T.);
#7831=EDGE_CURVE('',#6369,#6370,#3582,.T.);
#7832=EDGE_CURVE('',#6371,#6369,#3583,.T.);
#7833=EDGE_CURVE('',#6372,#6370,#3584,.T.);
#7834=EDGE_CURVE('',#6371,#6372,#3585,.T.);
#7835=EDGE_CURVE('',#6366,#6371,#3586,.T.);
#7836=EDGE_CURVE('',#6367,#6372,#3587,.T.);
#7837=EDGE_CURVE('',#6373,#6373,#5506,.T.);
#7838=EDGE_CURVE('',#6373,#6374,#3588,.T.);
#7839=EDGE_CURVE('',#6374,#6374,#5507,.T.);
#7840=EDGE_CURVE('',#6375,#6375,#5508,.T.);
#7841=EDGE_CURVE('',#6375,#6376,#3589,.T.);
#7842=EDGE_CURVE('',#6376,#6376,#5509,.T.);
#7843=EDGE_CURVE('',#6377,#6377,#5510,.T.);
#7844=EDGE_CURVE('',#6377,#6378,#3590,.T.);
#7845=EDGE_CURVE('',#6378,#6378,#5511,.T.);
#7846=EDGE_CURVE('',#6379,#6379,#5512,.T.);
#7847=EDGE_CURVE('',#6379,#6380,#3591,.T.);
#7848=EDGE_CURVE('',#6380,#6380,#5513,.T.);
#7849=EDGE_CURVE('',#6381,#6381,#5514,.T.);
#7850=EDGE_CURVE('',#6381,#6382,#3592,.T.);
#7851=EDGE_CURVE('',#6382,#6382,#5515,.T.);
#7852=EDGE_CURVE('',#6383,#6384,#3593,.T.);
#7853=EDGE_CURVE('',#6384,#6385,#3594,.T.);
#7854=EDGE_CURVE('',#6386,#6385,#3595,.T.);
#7855=EDGE_CURVE('',#6383,#6386,#3596,.T.);
#7856=EDGE_CURVE('',#6387,#6383,#3597,.T.);
#7857=EDGE_CURVE('',#6388,#6386,#3598,.T.);
#7858=EDGE_CURVE('',#6387,#6388,#3599,.T.);
#7859=EDGE_CURVE('',#6389,#6387,#3600,.T.);
#7860=EDGE_CURVE('',#6390,#6388,#3601,.T.);
#7861=EDGE_CURVE('',#6389,#6390,#3602,.T.);
#7862=EDGE_CURVE('',#6384,#6389,#3603,.T.);
#7863=EDGE_CURVE('',#6385,#6390,#3604,.T.);
#7864=EDGE_CURVE('',#6391,#6391,#5516,.T.);
#7865=EDGE_CURVE('',#6391,#6392,#3605,.T.);
#7866=EDGE_CURVE('',#6392,#6392,#5517,.T.);
#7867=EDGE_CURVE('',#6393,#6393,#5518,.T.);
#7868=EDGE_CURVE('',#6393,#6394,#3606,.T.);
#7869=EDGE_CURVE('',#6394,#6394,#5519,.T.);
#7870=EDGE_CURVE('',#6395,#6395,#5520,.T.);
#7871=EDGE_CURVE('',#6395,#6396,#3607,.T.);
#7872=EDGE_CURVE('',#6396,#6396,#5521,.T.);
#7873=EDGE_CURVE('',#6397,#6397,#5522,.T.);
#7874=EDGE_CURVE('',#6397,#6398,#3608,.T.);
#7875=EDGE_CURVE('',#6398,#6398,#5523,.T.);
#7876=EDGE_CURVE('',#6399,#6399,#5524,.T.);
#7877=EDGE_CURVE('',#6399,#6400,#3609,.T.);
#7878=EDGE_CURVE('',#6400,#6400,#5525,.T.);
#7879=EDGE_CURVE('',#6401,#6402,#3610,.T.);
#7880=EDGE_CURVE('',#6402,#6403,#3611,.T.);
#7881=EDGE_CURVE('',#6404,#6403,#3612,.T.);
#7882=EDGE_CURVE('',#6401,#6404,#3613,.T.);
#7883=EDGE_CURVE('',#6405,#6401,#3614,.T.);
#7884=EDGE_CURVE('',#6406,#6404,#3615,.T.);
#7885=EDGE_CURVE('',#6405,#6406,#3616,.T.);
#7886=EDGE_CURVE('',#6407,#6405,#3617,.T.);
#7887=EDGE_CURVE('',#6408,#6406,#3618,.T.);
#7888=EDGE_CURVE('',#6407,#6408,#3619,.T.);
#7889=EDGE_CURVE('',#6402,#6407,#3620,.T.);
#7890=EDGE_CURVE('',#6403,#6408,#3621,.T.);
#7891=EDGE_CURVE('',#6409,#6409,#5526,.T.);
#7892=EDGE_CURVE('',#6409,#6410,#3622,.T.);
#7893=EDGE_CURVE('',#6410,#6410,#5527,.T.);
#7894=EDGE_CURVE('',#6411,#6411,#5528,.T.);
#7895=EDGE_CURVE('',#6411,#6412,#3623,.T.);
#7896=EDGE_CURVE('',#6412,#6412,#5529,.T.);
#7897=EDGE_CURVE('',#6413,#6414,#3624,.T.);
#7898=EDGE_CURVE('',#6415,#6413,#3625,.T.);
#7899=EDGE_CURVE('',#6416,#6415,#3626,.T.);
#7900=EDGE_CURVE('',#6414,#6416,#3627,.T.);
#7901=EDGE_CURVE('',#6417,#6418,#3628,.T.);
#7902=EDGE_CURVE('',#6419,#6417,#3629,.T.);
#7903=EDGE_CURVE('',#6420,#6419,#3630,.T.);
#7904=EDGE_CURVE('',#6418,#6420,#3631,.T.);
#7905=EDGE_CURVE('',#6420,#6415,#5530,.T.);
#7906=EDGE_CURVE('',#6413,#6418,#5531,.T.);
#7907=EDGE_CURVE('',#6417,#6414,#5532,.T.);
#7908=EDGE_CURVE('',#6416,#6419,#5533,.T.);
#7909=EDGE_CURVE('',#6421,#6421,#5534,.T.);
#7910=EDGE_CURVE('',#6421,#6422,#3632,.T.);
#7911=EDGE_CURVE('',#6422,#6422,#5535,.T.);
#7912=EDGE_CURVE('',#6423,#6423,#5536,.T.);
#7913=EDGE_CURVE('',#6423,#6424,#3633,.T.);
#7914=EDGE_CURVE('',#6424,#6424,#5537,.T.);
#7915=EDGE_CURVE('',#6425,#6425,#5538,.T.);
#7916=EDGE_CURVE('',#6425,#6426,#3634,.T.);
#7917=EDGE_CURVE('',#6426,#6426,#5539,.T.);
#7918=EDGE_CURVE('',#6427,#6427,#5540,.T.);
#7919=EDGE_CURVE('',#6427,#6428,#3635,.T.);
#7920=EDGE_CURVE('',#6428,#6428,#5541,.T.);
#7921=EDGE_CURVE('',#6429,#6429,#5542,.T.);
#7922=EDGE_CURVE('',#6429,#6430,#3636,.T.);
#7923=EDGE_CURVE('',#6430,#6430,#5543,.T.);
#7924=EDGE_CURVE('',#6431,#6431,#5544,.T.);
#7925=EDGE_CURVE('',#6431,#6432,#3637,.T.);
#7926=EDGE_CURVE('',#6432,#6432,#5545,.T.);
#7927=EDGE_CURVE('',#6433,#6433,#5546,.T.);
#7928=EDGE_CURVE('',#6433,#6434,#3638,.T.);
#7929=EDGE_CURVE('',#6434,#6434,#5547,.T.);
#7930=EDGE_CURVE('',#6435,#6435,#5548,.T.);
#7931=EDGE_CURVE('',#6435,#6436,#3639,.T.);
#7932=EDGE_CURVE('',#6436,#6436,#5549,.T.);
#7933=EDGE_CURVE('',#6437,#6437,#5550,.T.);
#7934=EDGE_CURVE('',#6437,#6438,#3640,.T.);
#7935=EDGE_CURVE('',#6438,#6438,#5551,.T.);
#7936=EDGE_CURVE('',#6439,#6439,#5552,.T.);
#7937=EDGE_CURVE('',#6439,#6440,#3641,.T.);
#7938=EDGE_CURVE('',#6440,#6440,#5553,.T.);
#7939=EDGE_CURVE('',#6441,#6441,#5554,.T.);
#7940=EDGE_CURVE('',#6441,#6442,#3642,.T.);
#7941=EDGE_CURVE('',#6442,#6442,#5555,.T.);
#7942=EDGE_CURVE('',#6443,#6443,#5556,.T.);
#7943=EDGE_CURVE('',#6443,#6444,#3643,.T.);
#7944=EDGE_CURVE('',#6444,#6444,#5557,.T.);
#7945=EDGE_CURVE('',#6445,#6446,#3644,.T.);
#7946=EDGE_CURVE('',#6447,#6445,#3645,.T.);
#7947=EDGE_CURVE('',#6448,#6447,#3646,.T.);
#7948=EDGE_CURVE('',#6448,#6446,#3647,.T.);
#7949=EDGE_CURVE('',#6449,#6450,#3648,.T.);
#7950=EDGE_CURVE('',#6449,#6448,#3649,.T.);
#7951=EDGE_CURVE('',#6451,#6447,#3650,.T.);
#7952=EDGE_CURVE('',#6450,#6451,#3651,.T.);
#7953=EDGE_CURVE('',#6446,#6449,#3652,.T.);
#7954=EDGE_CURVE('',#6452,#6450,#3653,.T.);
#7955=EDGE_CURVE('',#6449,#6452,#3654,.T.);
#7956=EDGE_CURVE('',#6453,#6451,#3655,.T.);
#7957=EDGE_CURVE('',#6452,#6453,#3656,.T.);
#7958=EDGE_CURVE('',#6454,#6455,#3657,.T.);
#7959=EDGE_CURVE('',#6455,#6456,#3658,.T.);
#7960=EDGE_CURVE('',#6456,#6457,#3659,.T.);
#7961=EDGE_CURVE('',#6457,#6454,#3660,.T.);
#7962=EDGE_CURVE('',#6445,#6458,#3661,.T.);
#7963=EDGE_CURVE('',#6458,#6455,#3662,.T.);
#7964=EDGE_CURVE('',#6459,#6454,#3663,.T.);
#7965=EDGE_CURVE('',#6459,#6453,#3664,.T.);
#7966=EDGE_CURVE('',#6460,#6461,#3665,.T.);
#7967=EDGE_CURVE('',#6461,#6457,#3666,.T.);
#7968=EDGE_CURVE('',#6460,#6456,#3667,.T.);
#7969=EDGE_CURVE('',#6458,#6460,#3668,.T.);
#7970=EDGE_CURVE('',#6461,#6459,#3669,.T.);
#7971=EDGE_CURVE('',#6462,#6462,#5558,.T.);
#7972=EDGE_CURVE('',#6462,#6463,#3670,.T.);
#7973=EDGE_CURVE('',#6463,#6463,#5559,.T.);
#7974=EDGE_CURVE('',#6464,#6464,#5560,.T.);
#7975=EDGE_CURVE('',#6464,#6465,#3671,.T.);
#7976=EDGE_CURVE('',#6465,#6465,#5561,.T.);
#7977=EDGE_CURVE('',#6466,#6467,#3672,.T.);
#7978=EDGE_CURVE('',#6466,#6468,#3673,.T.);
#7979=EDGE_CURVE('',#6468,#6469,#3674,.T.);
#7980=EDGE_CURVE('',#6467,#6469,#3675,.T.);
#7981=EDGE_CURVE('',#6468,#6470,#3676,.T.);
#7982=EDGE_CURVE('',#6471,#6470,#3677,.T.);
#7983=EDGE_CURVE('',#6472,#6471,#3678,.T.);
#7984=EDGE_CURVE('',#6469,#6472,#3679,.T.);
#7985=EDGE_CURVE('',#6470,#6466,#3680,.T.);
#7986=EDGE_CURVE('',#6471,#6473,#3681,.T.);
#7987=EDGE_CURVE('',#6474,#6473,#3682,.T.);
#7988=EDGE_CURVE('',#6472,#6474,#3683,.T.);
#7989=EDGE_CURVE('',#6473,#6470,#3684,.T.);
#7990=EDGE_CURVE('',#6467,#6475,#3685,.T.);
#7991=EDGE_CURVE('',#6475,#6476,#3686,.T.);
#7992=EDGE_CURVE('',#6476,#6477,#3687,.T.);
#7993=EDGE_CURVE('',#6477,#6478,#3688,.T.);
#7994=EDGE_CURVE('',#6478,#6474,#3689,.T.);
#7995=EDGE_CURVE('',#6479,#6480,#3690,.T.);
#7996=EDGE_CURVE('',#6480,#6477,#3691,.T.);
#7997=EDGE_CURVE('',#6479,#6476,#3692,.T.);
#7998=EDGE_CURVE('',#6481,#6479,#3693,.T.);
#7999=EDGE_CURVE('',#6481,#6475,#3694,.T.);
#8000=EDGE_CURVE('',#6482,#6478,#3695,.T.);
#8001=EDGE_CURVE('',#6482,#6481,#3696,.T.);
#8002=EDGE_CURVE('',#6480,#6482,#3697,.T.);
#8003=EDGE_CURVE('',#6483,#6484,#3698,.T.);
#8004=EDGE_CURVE('',#6484,#6485,#3699,.T.);
#8005=EDGE_CURVE('',#6486,#6485,#3700,.T.);
#8006=EDGE_CURVE('',#6483,#6486,#3701,.T.);
#8007=EDGE_CURVE('',#6487,#6483,#3702,.T.);
#8008=EDGE_CURVE('',#6488,#6486,#3703,.T.);
#8009=EDGE_CURVE('',#6487,#6488,#3704,.T.);
#8010=EDGE_CURVE('',#6489,#6487,#3705,.T.);
#8011=EDGE_CURVE('',#6490,#6488,#3706,.T.);
#8012=EDGE_CURVE('',#6489,#6490,#3707,.T.);
#8013=EDGE_CURVE('',#6484,#6489,#3708,.T.);
#8014=EDGE_CURVE('',#6485,#6490,#3709,.T.);
#8015=EDGE_CURVE('',#6491,#6491,#5562,.T.);
#8016=EDGE_CURVE('',#6491,#6492,#3710,.T.);
#8017=EDGE_CURVE('',#6492,#6492,#5563,.T.);
#8018=EDGE_CURVE('',#6493,#6493,#5564,.T.);
#8019=EDGE_CURVE('',#6493,#6494,#3711,.T.);
#8020=EDGE_CURVE('',#6494,#6494,#5565,.T.);
#8021=EDGE_CURVE('',#6495,#6495,#5566,.T.);
#8022=EDGE_CURVE('',#6495,#6496,#3712,.T.);
#8023=EDGE_CURVE('',#6496,#6496,#5567,.T.);
#8024=EDGE_CURVE('',#6497,#6497,#5568,.T.);
#8025=EDGE_CURVE('',#6497,#6498,#3713,.T.);
#8026=EDGE_CURVE('',#6498,#6498,#5569,.T.);
#8027=EDGE_CURVE('',#6499,#6499,#5570,.T.);
#8028=EDGE_CURVE('',#6499,#6500,#3714,.T.);
#8029=EDGE_CURVE('',#6500,#6500,#5571,.T.);
#8030=EDGE_CURVE('',#6501,#6501,#5572,.T.);
#8031=EDGE_CURVE('',#6501,#6502,#3715,.T.);
#8032=EDGE_CURVE('',#6502,#6502,#5573,.T.);
#8033=EDGE_CURVE('',#6503,#6503,#5574,.T.);
#8034=EDGE_CURVE('',#6503,#6504,#3716,.T.);
#8035=EDGE_CURVE('',#6504,#6504,#5575,.T.);
#8036=EDGE_CURVE('',#6505,#6505,#5576,.T.);
#8037=EDGE_CURVE('',#6505,#6506,#3717,.T.);
#8038=EDGE_CURVE('',#6506,#6506,#5577,.T.);
#8039=EDGE_CURVE('',#6507,#6507,#5578,.T.);
#8040=EDGE_CURVE('',#6507,#6508,#3718,.T.);
#8041=EDGE_CURVE('',#6508,#6508,#5579,.T.);
#8042=EDGE_CURVE('',#6509,#6509,#5580,.T.);
#8043=EDGE_CURVE('',#6509,#6510,#3719,.T.);
#8044=EDGE_CURVE('',#6510,#6510,#5581,.T.);
#8045=EDGE_CURVE('',#6511,#6511,#5582,.T.);
#8046=EDGE_CURVE('',#6511,#6512,#3720,.T.);
#8047=EDGE_CURVE('',#6512,#6512,#5583,.T.);
#8048=EDGE_CURVE('',#6513,#6513,#5584,.T.);
#8049=EDGE_CURVE('',#6513,#6514,#3721,.T.);
#8050=EDGE_CURVE('',#6514,#6514,#5585,.T.);
#8051=EDGE_CURVE('',#6515,#6515,#5586,.T.);
#8052=EDGE_CURVE('',#6515,#6516,#3722,.T.);
#8053=EDGE_CURVE('',#6516,#6516,#5587,.T.);
#8054=EDGE_CURVE('',#6517,#6517,#5588,.T.);
#8055=EDGE_CURVE('',#6517,#6518,#3723,.T.);
#8056=EDGE_CURVE('',#6518,#6518,#5589,.T.);
#8057=EDGE_CURVE('',#6519,#6520,#3724,.T.);
#8058=EDGE_CURVE('',#6519,#6521,#3725,.T.);
#8059=EDGE_CURVE('',#6521,#6522,#3726,.T.);
#8060=EDGE_CURVE('',#6522,#6520,#3727,.T.);
#8061=EDGE_CURVE('',#6523,#6524,#3728,.T.);
#8062=EDGE_CURVE('',#6524,#6522,#3729,.T.);
#8063=EDGE_CURVE('',#6523,#6521,#3730,.T.);
#8064=EDGE_CURVE('',#6525,#6526,#3731,.T.);
#8065=EDGE_CURVE('',#6524,#6525,#3732,.T.);
#8066=EDGE_CURVE('',#6526,#6523,#3733,.T.);
#8067=EDGE_CURVE('',#6527,#6528,#3734,.T.);
#8068=EDGE_CURVE('',#6529,#6527,#3735,.T.);
#8069=EDGE_CURVE('',#6530,#6529,#3736,.T.);
#8070=EDGE_CURVE('',#6530,#6531,#3737,.T.);
#8071=EDGE_CURVE('',#6531,#6532,#3738,.T.);
#8072=EDGE_CURVE('',#6533,#6532,#3739,.T.);
#8073=EDGE_CURVE('',#6534,#6533,#3740,.T.);
#8074=EDGE_CURVE('',#6534,#6528,#3741,.T.);
#8075=EDGE_CURVE('',#6535,#6526,#3742,.T.);
#8076=EDGE_CURVE('',#6535,#6536,#3743,.T.);
#8077=EDGE_CURVE('',#6536,#6537,#3744,.T.);
#8078=EDGE_CURVE('',#6538,#6537,#3745,.T.);
#8079=EDGE_CURVE('',#6538,#6525,#3746,.T.);
#8080=EDGE_CURVE('',#6539,#6540,#3747,.T.);
#8081=EDGE_CURVE('',#6541,#6539,#3748,.T.);
#8082=EDGE_CURVE('',#6542,#6541,#3749,.T.);
#8083=EDGE_CURVE('',#6540,#6542,#3750,.T.);
#8084=EDGE_CURVE('',#6543,#6544,#3751,.T.);
#8085=EDGE_CURVE('',#6545,#6543,#3752,.T.);
#8086=EDGE_CURVE('',#6546,#6545,#3753,.T.);
#8087=EDGE_CURVE('',#6544,#6546,#3754,.T.);
#8088=EDGE_CURVE('',#6547,#6548,#3755,.T.);
#8089=EDGE_CURVE('',#6547,#6549,#3756,.T.);
#8090=EDGE_CURVE('',#6550,#6549,#3757,.T.);
#8091=EDGE_CURVE('',#6548,#6550,#3758,.T.);
#8092=EDGE_CURVE('',#6540,#6547,#3759,.T.);
#8093=EDGE_CURVE('',#6549,#6542,#3760,.T.);
#8094=EDGE_CURVE('',#6551,#6552,#3761,.T.);
#8095=EDGE_CURVE('',#6553,#6551,#3762,.T.);
#8096=EDGE_CURVE('',#6554,#6553,#3763,.T.);
#8097=EDGE_CURVE('',#6554,#6552,#3764,.T.);
#8098=EDGE_CURVE('',#6552,#6543,#3765,.T.);
#8099=EDGE_CURVE('',#6545,#6554,#3766,.T.);
#8100=EDGE_CURVE('',#6553,#6555,#3767,.T.);
#8101=EDGE_CURVE('',#6556,#6555,#3768,.T.);
#8102=EDGE_CURVE('',#6557,#6556,#3769,.T.);
#8103=EDGE_CURVE('',#6557,#6558,#3770,.T.);
#8104=EDGE_CURVE('',#6558,#6546,#3771,.T.);
#8105=EDGE_CURVE('',#6551,#6559,#3772,.T.);
#8106=EDGE_CURVE('',#6555,#6559,#3773,.T.);
#8107=EDGE_CURVE('',#6558,#6560,#3774,.T.);
#8108=EDGE_CURVE('',#6560,#6544,#3775,.T.);
#8109=EDGE_CURVE('',#6548,#6561,#3776,.T.);
#8110=EDGE_CURVE('',#6562,#6561,#3777,.T.);
#8111=EDGE_CURVE('',#6536,#6562,#3778,.T.);
#8112=EDGE_CURVE('',#6531,#6535,#3779,.T.);
#8113=EDGE_CURVE('',#6563,#6530,#3780,.T.);
#8114=EDGE_CURVE('',#6563,#6564,#3781,.T.);
#8115=EDGE_CURVE('',#6564,#6539,#3782,.T.);
#8116=EDGE_CURVE('',#6550,#6565,#3783,.T.);
#8117=EDGE_CURVE('',#6561,#6565,#3784,.T.);
#8118=EDGE_CURVE('',#6566,#6533,#3785,.T.);
#8119=EDGE_CURVE('',#6566,#6557,#3786,.T.);
#8120=EDGE_CURVE('',#6567,#6556,#3787,.T.);
#8121=EDGE_CURVE('',#6567,#6534,#3788,.T.);
#8122=EDGE_CURVE('',#6559,#6568,#3789,.T.);
#8123=EDGE_CURVE('',#6567,#6568,#3790,.T.);
#8124=EDGE_CURVE('',#6560,#6566,#3791,.T.);
#8125=EDGE_CURVE('',#6569,#6568,#3792,.T.);
#8126=EDGE_CURVE('',#6570,#6569,#3793,.T.);
#8127=EDGE_CURVE('',#6570,#6567,#3794,.T.);
#8128=EDGE_CURVE('',#6528,#6571,#3795,.T.);
#8129=EDGE_CURVE('',#6571,#6570,#3796,.T.);
#8130=EDGE_CURVE('',#6520,#6571,#3797,.T.);
#8131=EDGE_CURVE('',#6527,#6538,#3798,.T.);
#8132=EDGE_CURVE('',#6532,#6572,#3799,.T.);
#8133=EDGE_CURVE('',#6572,#6569,#3800,.T.);
#8134=EDGE_CURVE('',#6537,#6573,#3801,.T.);
#8135=EDGE_CURVE('',#6529,#6573,#3802,.T.);
#8136=EDGE_CURVE('',#6519,#6572,#3803,.T.);
#8137=EDGE_CURVE('',#6573,#6562,#3804,.T.);
#8138=EDGE_CURVE('',#6574,#6573,#3805,.T.);
#8139=EDGE_CURVE('',#6575,#6574,#3806,.T.);
#8140=EDGE_CURVE('',#6575,#6563,#3807,.T.);
#8141=EDGE_CURVE('',#6576,#6541,#3808,.T.);
#8142=EDGE_CURVE('',#6576,#6575,#3809,.T.);
#8143=EDGE_CURVE('',#6565,#6574,#3810,.T.);
#8144=EDGE_CURVE('',#6564,#6576,#3811,.T.);
#8145=EDGE_CURVE('',#6577,#6577,#5590,.T.);
#8146=EDGE_CURVE('',#6577,#6578,#3812,.T.);
#8147=EDGE_CURVE('',#6578,#6578,#5591,.T.);
#8148=EDGE_CURVE('',#6579,#6580,#3813,.T.);
#8149=EDGE_CURVE('',#6580,#6581,#3814,.T.);
#8150=EDGE_CURVE('',#6582,#6581,#3815,.T.);
#8151=EDGE_CURVE('',#6579,#6582,#3816,.T.);
#8152=EDGE_CURVE('',#6583,#6584,#3817,.T.);
#8153=EDGE_CURVE('',#6585,#6584,#3818,.T.);
#8154=EDGE_CURVE('',#6586,#6585,#3819,.T.);
#8155=EDGE_CURVE('',#6583,#6586,#3820,.T.);
#8156=EDGE_CURVE('',#6580,#6583,#3821,.T.);
#8157=EDGE_CURVE('',#6581,#6586,#3822,.T.);
#8158=EDGE_CURVE('',#6582,#6585,#3823,.T.);
#8159=EDGE_CURVE('',#6584,#6579,#3824,.T.);
#8160=EDGE_CURVE('',#6587,#6588,#3825,.T.);
#8161=EDGE_CURVE('',#6588,#6589,#3826,.T.);
#8162=EDGE_CURVE('',#6590,#6589,#3827,.T.);
#8163=EDGE_CURVE('',#6587,#6590,#3828,.T.);
#8164=EDGE_CURVE('',#6591,#6587,#3829,.T.);
#8165=EDGE_CURVE('',#6592,#6590,#3830,.T.);
#8166=EDGE_CURVE('',#6591,#6592,#3831,.T.);
#8167=EDGE_CURVE('',#6593,#6591,#3832,.T.);
#8168=EDGE_CURVE('',#6594,#6592,#3833,.T.);
#8169=EDGE_CURVE('',#6593,#6594,#3834,.T.);
#8170=EDGE_CURVE('',#6588,#6593,#3835,.T.);
#8171=EDGE_CURVE('',#6589,#6594,#3836,.T.);
#8172=EDGE_CURVE('',#6595,#6596,#3837,.T.);
#8173=EDGE_CURVE('',#6597,#6595,#5592,.T.);
#8174=EDGE_CURVE('',#6597,#6598,#3838,.T.);
#8175=EDGE_CURVE('',#6596,#6598,#5593,.T.);
#8176=EDGE_CURVE('',#6598,#6596,#5594,.T.);
#8177=EDGE_CURVE('',#6597,#6598,#3839,.T.);
#8178=EDGE_CURVE('',#6595,#6597,#5595,.T.);
#8179=EDGE_CURVE('',#6599,#6600,#3840,.T.);
#8180=EDGE_CURVE('',#6600,#6601,#3841,.T.);
#8181=EDGE_CURVE('',#6601,#6598,#3842,.T.);
#8182=EDGE_CURVE('',#6598,#6602,#3843,.T.);
#8183=EDGE_CURVE('',#6602,#6599,#3844,.T.);
#8184=EDGE_CURVE('',#6597,#6603,#3845,.T.);
#8185=EDGE_CURVE('',#6603,#6602,#3846,.T.);
#8186=EDGE_CURVE('',#6604,#6605,#3847,.T.);
#8187=EDGE_CURVE('',#6603,#6604,#3848,.T.);
#8188=EDGE_CURVE('',#6606,#6597,#3849,.T.);
#8189=EDGE_CURVE('',#6605,#6606,#3850,.T.);
#8190=EDGE_CURVE('',#6604,#6599,#3851,.T.);
#8191=EDGE_CURVE('',#6606,#6601,#3852,.T.);
#8192=EDGE_CURVE('',#6605,#6600,#3853,.T.);
#8193=EDGE_CURVE('',#6607,#6608,#3854,.T.);
#8194=EDGE_CURVE('',#6608,#6609,#3855,.T.);
#8195=EDGE_CURVE('',#6610,#6609,#3856,.T.);
#8196=EDGE_CURVE('',#6607,#6610,#3857,.T.);
#8197=EDGE_CURVE('',#6611,#6612,#3858,.T.);
#8198=EDGE_CURVE('',#6611,#6613,#3859,.T.);
#8199=EDGE_CURVE('',#6614,#6613,#3860,.T.);
#8200=EDGE_CURVE('',#6612,#6614,#3861,.T.);
#8201=EDGE_CURVE('',#6615,#6616,#3862,.T.);
#8202=EDGE_CURVE('',#6616,#6617,#3863,.T.);
#8203=EDGE_CURVE('',#6618,#6617,#3864,.T.);
#8204=EDGE_CURVE('',#6615,#6618,#3865,.T.);
#8205=EDGE_CURVE('',#6619,#6620,#3866,.T.);
#8206=EDGE_CURVE('',#6620,#6621,#3867,.T.);
#8207=EDGE_CURVE('',#6622,#6621,#3868,.T.);
#8208=EDGE_CURVE('',#6619,#6622,#3869,.T.);
#8209=EDGE_CURVE('',#6620,#6615,#3870,.T.);
#8210=EDGE_CURVE('',#6616,#6619,#3871,.T.);
#8211=EDGE_CURVE('',#6612,#6618,#3872,.T.);
#8212=EDGE_CURVE('',#6617,#6611,#3873,.T.);
#8213=EDGE_CURVE('',#6608,#6613,#3874,.T.);
#8214=EDGE_CURVE('',#6609,#6622,#3875,.T.);
#8215=EDGE_CURVE('',#6614,#6607,#3876,.T.);
#8216=EDGE_CURVE('',#6621,#6610,#3877,.T.);
#8217=EDGE_CURVE('',#6623,#6624,#3878,.T.);
#8218=EDGE_CURVE('',#6625,#6623,#5596,.T.);
#8219=EDGE_CURVE('',#6626,#6625,#3879,.T.);
#8220=EDGE_CURVE('',#6624,#6626,#5597,.T.);
#8221=EDGE_CURVE('',#6623,#6627,#3880,.T.);
#8222=EDGE_CURVE('',#6627,#6628,#3881,.T.);
#8223=EDGE_CURVE('',#6628,#6625,#3882,.T.);
#8224=EDGE_CURVE('',#6624,#6629,#3883,.T.);
#8225=EDGE_CURVE('',#6629,#6627,#3884,.T.);
#8226=EDGE_CURVE('',#6630,#6626,#3885,.T.);
#8227=EDGE_CURVE('',#6629,#6630,#3886,.T.);
#8228=EDGE_CURVE('',#6630,#6628,#3887,.T.);
#8229=EDGE_CURVE('',#6631,#6632,#3888,.T.);
#8230=EDGE_CURVE('',#6632,#6633,#3889,.T.);
#8231=EDGE_CURVE('',#6633,#6634,#3890,.T.);
#8232=EDGE_CURVE('',#6631,#6634,#3891,.T.);
#8233=EDGE_CURVE('',#6632,#6635,#5598,.T.);
#8234=EDGE_CURVE('',#6636,#6635,#3892,.T.);
#8235=EDGE_CURVE('',#6633,#6636,#3893,.T.);
#8236=EDGE_CURVE('',#6636,#6637,#3894,.T.);
#8237=EDGE_CURVE('',#6634,#6637,#3895,.T.);
#8238=EDGE_CURVE('',#6635,#6638,#3896,.T.);
#8239=EDGE_CURVE('',#6637,#6638,#3897,.T.);
#8240=EDGE_CURVE('',#6638,#6631,#5599,.T.);
#8241=EDGE_CURVE('',#6639,#6639,#5600,.T.);
#8242=EDGE_CURVE('',#6639,#6640,#3898,.T.);
#8243=EDGE_CURVE('',#6640,#6640,#5601,.T.);
#8244=EDGE_CURVE('',#6641,#6641,#5602,.T.);
#8245=EDGE_CURVE('',#6641,#6642,#3899,.T.);
#8246=EDGE_CURVE('',#6642,#6642,#5603,.T.);
#8247=EDGE_CURVE('',#6643,#6644,#3900,.T.);
#8248=EDGE_CURVE('',#6644,#6645,#3901,.T.);
#8249=EDGE_CURVE('',#6646,#6645,#3902,.T.);
#8250=EDGE_CURVE('',#6643,#6646,#3903,.T.);
#8251=EDGE_CURVE('',#6647,#6643,#3904,.T.);
#8252=EDGE_CURVE('',#6648,#6646,#3905,.T.);
#8253=EDGE_CURVE('',#6647,#6648,#3906,.T.);
#8254=EDGE_CURVE('',#6649,#6647,#3907,.T.);
#8255=EDGE_CURVE('',#6650,#6648,#3908,.T.);
#8256=EDGE_CURVE('',#6649,#6650,#3909,.T.);
#8257=EDGE_CURVE('',#6644,#6649,#3910,.T.);
#8258=EDGE_CURVE('',#6645,#6650,#3911,.T.);
#8259=EDGE_CURVE('',#6651,#6652,#3912,.T.);
#8260=EDGE_CURVE('',#6652,#6653,#3913,.T.);
#8261=EDGE_CURVE('',#6654,#6653,#3914,.T.);
#8262=EDGE_CURVE('',#6651,#6654,#3915,.T.);
#8263=EDGE_CURVE('',#6655,#6651,#3916,.T.);
#8264=EDGE_CURVE('',#6656,#6654,#3917,.T.);
#8265=EDGE_CURVE('',#6655,#6656,#3918,.T.);
#8266=EDGE_CURVE('',#6657,#6655,#3919,.T.);
#8267=EDGE_CURVE('',#6658,#6656,#3920,.T.);
#8268=EDGE_CURVE('',#6657,#6658,#3921,.T.);
#8269=EDGE_CURVE('',#6652,#6657,#3922,.T.);
#8270=EDGE_CURVE('',#6653,#6658,#3923,.T.);
#8271=EDGE_CURVE('',#6659,#6660,#3924,.T.);
#8272=EDGE_CURVE('',#6660,#6661,#3925,.T.);
#8273=EDGE_CURVE('',#6662,#6661,#3926,.T.);
#8274=EDGE_CURVE('',#6659,#6662,#3927,.T.);
#8275=EDGE_CURVE('',#6663,#6659,#3928,.T.);
#8276=EDGE_CURVE('',#6664,#6662,#3929,.T.);
#8277=EDGE_CURVE('',#6663,#6664,#3930,.T.);
#8278=EDGE_CURVE('',#6665,#6663,#3931,.T.);
#8279=EDGE_CURVE('',#6666,#6664,#3932,.T.);
#8280=EDGE_CURVE('',#6665,#6666,#3933,.T.);
#8281=EDGE_CURVE('',#6660,#6665,#3934,.T.);
#8282=EDGE_CURVE('',#6661,#6666,#3935,.T.);
#8283=EDGE_CURVE('',#6667,#6668,#3936,.T.);
#8284=EDGE_CURVE('',#6668,#6669,#3937,.T.);
#8285=EDGE_CURVE('',#6670,#6669,#3938,.T.);
#8286=EDGE_CURVE('',#6667,#6670,#3939,.T.);
#8287=EDGE_CURVE('',#6668,#6671,#3940,.T.);
#8288=EDGE_CURVE('',#6671,#6672,#3941,.T.);
#8289=EDGE_CURVE('',#6669,#6672,#3942,.T.);
#8290=EDGE_CURVE('',#6673,#6667,#3943,.T.);
#8291=EDGE_CURVE('',#6671,#6673,#3944,.T.);
#8292=EDGE_CURVE('',#6674,#6672,#3945,.T.);
#8293=EDGE_CURVE('',#6673,#6675,#3946,.T.);
#8294=EDGE_CURVE('',#6676,#6675,#3947,.T.);
#8295=EDGE_CURVE('',#6674,#6676,#3948,.T.);
#8296=EDGE_CURVE('',#6677,#6678,#3949,.T.);
#8297=EDGE_CURVE('',#6677,#6676,#3950,.T.);
#8298=EDGE_CURVE('',#6675,#6679,#3951,.T.);
#8299=EDGE_CURVE('',#6680,#6679,#3952,.T.);
#8300=EDGE_CURVE('',#6681,#6680,#3953,.T.);
#8301=EDGE_CURVE('',#6681,#6682,#3954,.T.);
#8302=EDGE_CURVE('',#6678,#6682,#3955,.T.);
#8303=EDGE_CURVE('',#6683,#6674,#3956,.T.);
#8304=EDGE_CURVE('',#6684,#6683,#3957,.T.);
#8305=EDGE_CURVE('',#6670,#6684,#3958,.T.);
#8306=EDGE_CURVE('',#6684,#6685,#3959,.T.);
#8307=EDGE_CURVE('',#6686,#6685,#3960,.T.);
#8308=EDGE_CURVE('',#6679,#6686,#3961,.T.);
#8309=EDGE_CURVE('',#6687,#6686,#3962,.T.);
#8310=EDGE_CURVE('',#6680,#6687,#3963,.T.);
#8311=EDGE_CURVE('',#6688,#6687,#3964,.T.);
#8312=EDGE_CURVE('',#6681,#6688,#3965,.T.);
#8313=EDGE_CURVE('',#6685,#6688,#3966,.T.);
#8314=EDGE_CURVE('',#6683,#6689,#3967,.T.);
#8315=EDGE_CURVE('',#6690,#6689,#3968,.T.);
#8316=EDGE_CURVE('',#6682,#6690,#3969,.T.);
#8317=EDGE_CURVE('',#6691,#6690,#3970,.T.);
#8318=EDGE_CURVE('',#6678,#6691,#3971,.T.);
#8319=EDGE_CURVE('',#6692,#6691,#3972,.T.);
#8320=EDGE_CURVE('',#6677,#6692,#3973,.T.);
#8321=EDGE_CURVE('',#6689,#6692,#3974,.T.);
#8322=EDGE_CURVE('',#6693,#6693,#5604,.T.);
#8323=EDGE_CURVE('',#6693,#6694,#3975,.T.);
#8324=EDGE_CURVE('',#6694,#6694,#5605,.T.);
#8325=EDGE_CURVE('',#6695,#6695,#5606,.T.);
#8326=EDGE_CURVE('',#6695,#6696,#3976,.T.);
#8327=EDGE_CURVE('',#6696,#6696,#5607,.T.);
#8328=EDGE_CURVE('',#6697,#6697,#5608,.T.);
#8329=EDGE_CURVE('',#6697,#6698,#3977,.T.);
#8330=EDGE_CURVE('',#6698,#6698,#5609,.T.);
#8331=EDGE_CURVE('',#6699,#6699,#5610,.T.);
#8332=EDGE_CURVE('',#6699,#6700,#3978,.T.);
#8333=EDGE_CURVE('',#6700,#6700,#5611,.T.);
#8334=EDGE_CURVE('',#6701,#6701,#5612,.T.);
#8335=EDGE_CURVE('',#6701,#6702,#3979,.T.);
#8336=EDGE_CURVE('',#6702,#6702,#5613,.T.);
#8337=EDGE_CURVE('',#6703,#6703,#5614,.T.);
#8338=EDGE_CURVE('',#6703,#6704,#3980,.T.);
#8339=EDGE_CURVE('',#6704,#6704,#5615,.T.);
#8340=EDGE_CURVE('',#6705,#6705,#5616,.T.);
#8341=EDGE_CURVE('',#6705,#6706,#3981,.T.);
#8342=EDGE_CURVE('',#6706,#6706,#5617,.T.);
#8343=EDGE_CURVE('',#6707,#6707,#5618,.T.);
#8344=EDGE_CURVE('',#6707,#6708,#3982,.T.);
#8345=EDGE_CURVE('',#6708,#6708,#5619,.T.);
#8346=EDGE_CURVE('',#6709,#6709,#5620,.T.);
#8347=EDGE_CURVE('',#6709,#6710,#3983,.T.);
#8348=EDGE_CURVE('',#6710,#6710,#5621,.T.);
#8349=EDGE_CURVE('',#6711,#6711,#5622,.T.);
#8350=EDGE_CURVE('',#6711,#6712,#3984,.T.);
#8351=EDGE_CURVE('',#6712,#6712,#5623,.T.);
#8352=EDGE_CURVE('',#6713,#6713,#5624,.T.);
#8353=EDGE_CURVE('',#6713,#6714,#3985,.T.);
#8354=EDGE_CURVE('',#6714,#6714,#5625,.T.);
#8355=EDGE_CURVE('',#6715,#6715,#5626,.T.);
#8356=EDGE_CURVE('',#6715,#6716,#3986,.T.);
#8357=EDGE_CURVE('',#6716,#6716,#5627,.T.);
#8358=ORIENTED_EDGE('',*,*,#6717,.F.);
#8359=ORIENTED_EDGE('',*,*,#6718,.T.);
#8360=ORIENTED_EDGE('',*,*,#6719,.F.);
#8361=ORIENTED_EDGE('',*,*,#6718,.F.);
#8362=ORIENTED_EDGE('',*,*,#6720,.F.);
#8363=ORIENTED_EDGE('',*,*,#6721,.T.);
#8364=ORIENTED_EDGE('',*,*,#6722,.F.);
#8365=ORIENTED_EDGE('',*,*,#6721,.F.);
#8366=ORIENTED_EDGE('',*,*,#6723,.F.);
#8367=ORIENTED_EDGE('',*,*,#6724,.T.);
#8368=ORIENTED_EDGE('',*,*,#6725,.F.);
#8369=ORIENTED_EDGE('',*,*,#6724,.F.);
#8370=ORIENTED_EDGE('',*,*,#6726,.F.);
#8371=ORIENTED_EDGE('',*,*,#6727,.T.);
#8372=ORIENTED_EDGE('',*,*,#6728,.F.);
#8373=ORIENTED_EDGE('',*,*,#6727,.F.);
#8374=ORIENTED_EDGE('',*,*,#6729,.F.);
#8375=ORIENTED_EDGE('',*,*,#6730,.T.);
#8376=ORIENTED_EDGE('',*,*,#6731,.F.);
#8377=ORIENTED_EDGE('',*,*,#6730,.F.);
#8378=ORIENTED_EDGE('',*,*,#6732,.F.);
#8379=ORIENTED_EDGE('',*,*,#6733,.T.);
#8380=ORIENTED_EDGE('',*,*,#6734,.F.);
#8381=ORIENTED_EDGE('',*,*,#6733,.F.);
#8382=ORIENTED_EDGE('',*,*,#6735,.F.);
#8383=ORIENTED_EDGE('',*,*,#6736,.T.);
#8384=ORIENTED_EDGE('',*,*,#6737,.F.);
#8385=ORIENTED_EDGE('',*,*,#6736,.F.);
#8386=ORIENTED_EDGE('',*,*,#6738,.F.);
#8387=ORIENTED_EDGE('',*,*,#6739,.T.);
#8388=ORIENTED_EDGE('',*,*,#6740,.F.);
#8389=ORIENTED_EDGE('',*,*,#6739,.F.);
#8390=ORIENTED_EDGE('',*,*,#6740,.T.);
#8391=ORIENTED_EDGE('',*,*,#6717,.T.);
#8392=ORIENTED_EDGE('',*,*,#6720,.T.);
#8393=ORIENTED_EDGE('',*,*,#6723,.T.);
#8394=ORIENTED_EDGE('',*,*,#6726,.T.);
#8395=ORIENTED_EDGE('',*,*,#6729,.T.);
#8396=ORIENTED_EDGE('',*,*,#6732,.T.);
#8397=ORIENTED_EDGE('',*,*,#6735,.T.);
#8398=ORIENTED_EDGE('',*,*,#6738,.T.);
#8399=ORIENTED_EDGE('',*,*,#6719,.T.);
#8400=ORIENTED_EDGE('',*,*,#6722,.T.);
#8401=ORIENTED_EDGE('',*,*,#6725,.T.);
#8402=ORIENTED_EDGE('',*,*,#6728,.T.);
#8403=ORIENTED_EDGE('',*,*,#6731,.T.);
#8404=ORIENTED_EDGE('',*,*,#6734,.T.);
#8405=ORIENTED_EDGE('',*,*,#6737,.T.);
#8406=ORIENTED_EDGE('',*,*,#6741,.F.);
#8407=ORIENTED_EDGE('',*,*,#6742,.F.);
#8408=ORIENTED_EDGE('',*,*,#6743,.T.);
#8409=ORIENTED_EDGE('',*,*,#6744,.T.);
#8410=ORIENTED_EDGE('',*,*,#6745,.F.);
#8411=ORIENTED_EDGE('',*,*,#6744,.F.);
#8412=ORIENTED_EDGE('',*,*,#6746,.F.);
#8413=ORIENTED_EDGE('',*,*,#6747,.F.);
#8414=ORIENTED_EDGE('',*,*,#6748,.F.);
#8415=ORIENTED_EDGE('',*,*,#6749,.T.);
#8416=ORIENTED_EDGE('',*,*,#6746,.T.);
#8417=ORIENTED_EDGE('',*,*,#6743,.F.);
#8418=ORIENTED_EDGE('',*,*,#6750,.F.);
#8419=ORIENTED_EDGE('',*,*,#6747,.T.);
#8420=ORIENTED_EDGE('',*,*,#6749,.F.);
#8421=ORIENTED_EDGE('',*,*,#6751,.F.);
#8422=ORIENTED_EDGE('',*,*,#6741,.T.);
#8423=ORIENTED_EDGE('',*,*,#6745,.T.);
#8424=ORIENTED_EDGE('',*,*,#6750,.T.);
#8425=ORIENTED_EDGE('',*,*,#6752,.F.);
#8426=ORIENTED_EDGE('',*,*,#6753,.T.);
#8427=ORIENTED_EDGE('',*,*,#6754,.F.);
#8428=ORIENTED_EDGE('',*,*,#6753,.F.);
#8429=ORIENTED_EDGE('',*,*,#6755,.F.);
#8430=ORIENTED_EDGE('',*,*,#6756,.F.);
#8431=ORIENTED_EDGE('',*,*,#6757,.T.);
#8432=ORIENTED_EDGE('',*,*,#6758,.F.);
#8433=ORIENTED_EDGE('',*,*,#6757,.F.);
#8434=ORIENTED_EDGE('',*,*,#6759,.F.);
#8435=ORIENTED_EDGE('',*,*,#6760,.T.);
#8436=ORIENTED_EDGE('',*,*,#6761,.F.);
#8437=ORIENTED_EDGE('',*,*,#6760,.F.);
#8438=ORIENTED_EDGE('',*,*,#6762,.F.);
#8439=ORIENTED_EDGE('',*,*,#6763,.T.);
#8440=ORIENTED_EDGE('',*,*,#6764,.F.);
#8441=ORIENTED_EDGE('',*,*,#6763,.F.);
#8442=ORIENTED_EDGE('',*,*,#6765,.F.);
#8443=ORIENTED_EDGE('',*,*,#6766,.T.);
#8444=ORIENTED_EDGE('',*,*,#6767,.F.);
#8445=ORIENTED_EDGE('',*,*,#6766,.F.);
#8446=ORIENTED_EDGE('',*,*,#6768,.F.);
#8447=ORIENTED_EDGE('',*,*,#6769,.T.);
#8448=ORIENTED_EDGE('',*,*,#6770,.F.);
#8449=ORIENTED_EDGE('',*,*,#6769,.F.);
#8450=ORIENTED_EDGE('',*,*,#6771,.F.);
#8451=ORIENTED_EDGE('',*,*,#6772,.T.);
#8452=ORIENTED_EDGE('',*,*,#6773,.F.);
#8453=ORIENTED_EDGE('',*,*,#6772,.F.);
#8454=ORIENTED_EDGE('',*,*,#6774,.F.);
#8455=ORIENTED_EDGE('',*,*,#6775,.T.);
#8456=ORIENTED_EDGE('',*,*,#6776,.F.);
#8457=ORIENTED_EDGE('',*,*,#6775,.F.);
#8458=ORIENTED_EDGE('',*,*,#6777,.F.);
#8459=ORIENTED_EDGE('',*,*,#6778,.T.);
#8460=ORIENTED_EDGE('',*,*,#6779,.F.);
#8461=ORIENTED_EDGE('',*,*,#6778,.F.);
#8462=ORIENTED_EDGE('',*,*,#6780,.T.);
#8463=ORIENTED_EDGE('',*,*,#6756,.T.);
#8464=ORIENTED_EDGE('',*,*,#6759,.T.);
#8465=ORIENTED_EDGE('',*,*,#6762,.T.);
#8466=ORIENTED_EDGE('',*,*,#6765,.T.);
#8467=ORIENTED_EDGE('',*,*,#6781,.F.);
#8468=ORIENTED_EDGE('',*,*,#6782,.F.);
#8469=ORIENTED_EDGE('',*,*,#6783,.T.);
#8470=ORIENTED_EDGE('',*,*,#6780,.F.);
#8471=ORIENTED_EDGE('',*,*,#6783,.F.);
#8472=ORIENTED_EDGE('',*,*,#6784,.T.);
#8473=ORIENTED_EDGE('',*,*,#6768,.T.);
#8474=ORIENTED_EDGE('',*,*,#6771,.T.);
#8475=ORIENTED_EDGE('',*,*,#6774,.T.);
#8476=ORIENTED_EDGE('',*,*,#6777,.T.);
#8477=ORIENTED_EDGE('',*,*,#6785,.F.);
#8478=ORIENTED_EDGE('',*,*,#6786,.T.);
#8479=ORIENTED_EDGE('',*,*,#6770,.T.);
#8480=ORIENTED_EDGE('',*,*,#6773,.T.);
#8481=ORIENTED_EDGE('',*,*,#6776,.T.);
#8482=ORIENTED_EDGE('',*,*,#6779,.T.);
#8483=ORIENTED_EDGE('',*,*,#6787,.F.);
#8484=ORIENTED_EDGE('',*,*,#6786,.F.);
#8485=ORIENTED_EDGE('',*,*,#6788,.T.);
#8486=ORIENTED_EDGE('',*,*,#6784,.F.);
#8487=ORIENTED_EDGE('',*,*,#6788,.F.);
#8488=ORIENTED_EDGE('',*,*,#6781,.T.);
#8489=ORIENTED_EDGE('',*,*,#6789,.T.);
#8490=ORIENTED_EDGE('',*,*,#6787,.T.);
#8491=ORIENTED_EDGE('',*,*,#6789,.F.);
#8492=ORIENTED_EDGE('',*,*,#6785,.T.);
#8493=ORIENTED_EDGE('',*,*,#6790,.T.);
#8494=ORIENTED_EDGE('',*,*,#6791,.F.);
#8495=ORIENTED_EDGE('',*,*,#6790,.F.);
#8496=ORIENTED_EDGE('',*,*,#6791,.T.);
#8497=ORIENTED_EDGE('',*,*,#6742,.T.);
#8498=ORIENTED_EDGE('',*,*,#6755,.T.);
#8499=ORIENTED_EDGE('',*,*,#6752,.T.);
#8500=ORIENTED_EDGE('',*,*,#6751,.T.);
#8501=ORIENTED_EDGE('',*,*,#6748,.T.);
#8502=ORIENTED_EDGE('',*,*,#6782,.T.);
#8503=ORIENTED_EDGE('',*,*,#6758,.T.);
#8504=ORIENTED_EDGE('',*,*,#6761,.T.);
#8505=ORIENTED_EDGE('',*,*,#6764,.T.);
#8506=ORIENTED_EDGE('',*,*,#6767,.T.);
#8507=ORIENTED_EDGE('',*,*,#6754,.T.);
#8508=ORIENTED_EDGE('',*,*,#6792,.F.);
#8509=ORIENTED_EDGE('',*,*,#6793,.T.);
#8510=ORIENTED_EDGE('',*,*,#6794,.F.);
#8511=ORIENTED_EDGE('',*,*,#6793,.F.);
#8512=ORIENTED_EDGE('',*,*,#6795,.F.);
#8513=ORIENTED_EDGE('',*,*,#6796,.T.);
#8514=ORIENTED_EDGE('',*,*,#6797,.F.);
#8515=ORIENTED_EDGE('',*,*,#6796,.F.);
#8516=ORIENTED_EDGE('',*,*,#6798,.F.);
#8517=ORIENTED_EDGE('',*,*,#6799,.T.);
#8518=ORIENTED_EDGE('',*,*,#6800,.F.);
#8519=ORIENTED_EDGE('',*,*,#6799,.F.);
#8520=ORIENTED_EDGE('',*,*,#6801,.F.);
#8521=ORIENTED_EDGE('',*,*,#6802,.T.);
#8522=ORIENTED_EDGE('',*,*,#6803,.F.);
#8523=ORIENTED_EDGE('',*,*,#6802,.F.);
#8524=ORIENTED_EDGE('',*,*,#6804,.F.);
#8525=ORIENTED_EDGE('',*,*,#6805,.T.);
#8526=ORIENTED_EDGE('',*,*,#6806,.F.);
#8527=ORIENTED_EDGE('',*,*,#6805,.F.);
#8528=ORIENTED_EDGE('',*,*,#6807,.F.);
#8529=ORIENTED_EDGE('',*,*,#6808,.T.);
#8530=ORIENTED_EDGE('',*,*,#6809,.F.);
#8531=ORIENTED_EDGE('',*,*,#6808,.F.);
#8532=ORIENTED_EDGE('',*,*,#6810,.F.);
#8533=ORIENTED_EDGE('',*,*,#6811,.T.);
#8534=ORIENTED_EDGE('',*,*,#6812,.F.);
#8535=ORIENTED_EDGE('',*,*,#6811,.F.);
#8536=ORIENTED_EDGE('',*,*,#6813,.F.);
#8537=ORIENTED_EDGE('',*,*,#6814,.T.);
#8538=ORIENTED_EDGE('',*,*,#6815,.F.);
#8539=ORIENTED_EDGE('',*,*,#6814,.F.);
#8540=ORIENTED_EDGE('',*,*,#6816,.F.);
#8541=ORIENTED_EDGE('',*,*,#6817,.T.);
#8542=ORIENTED_EDGE('',*,*,#6818,.F.);
#8543=ORIENTED_EDGE('',*,*,#6817,.F.);
#8544=ORIENTED_EDGE('',*,*,#6819,.F.);
#8545=ORIENTED_EDGE('',*,*,#6820,.T.);
#8546=ORIENTED_EDGE('',*,*,#6821,.F.);
#8547=ORIENTED_EDGE('',*,*,#6820,.F.);
#8548=ORIENTED_EDGE('',*,*,#6822,.F.);
#8549=ORIENTED_EDGE('',*,*,#6823,.T.);
#8550=ORIENTED_EDGE('',*,*,#6824,.F.);
#8551=ORIENTED_EDGE('',*,*,#6823,.F.);
#8552=ORIENTED_EDGE('',*,*,#6825,.F.);
#8553=ORIENTED_EDGE('',*,*,#6826,.F.);
#8554=ORIENTED_EDGE('',*,*,#6827,.F.);
#8555=ORIENTED_EDGE('',*,*,#6828,.F.);
#8556=ORIENTED_EDGE('',*,*,#6829,.F.);
#8557=ORIENTED_EDGE('',*,*,#6830,.F.);
#8558=ORIENTED_EDGE('',*,*,#6831,.F.);
#8559=ORIENTED_EDGE('',*,*,#6832,.F.);
#8560=ORIENTED_EDGE('',*,*,#6833,.F.);
#8561=ORIENTED_EDGE('',*,*,#6834,.F.);
#8562=ORIENTED_EDGE('',*,*,#6835,.F.);
#8563=ORIENTED_EDGE('',*,*,#6836,.F.);
#8564=ORIENTED_EDGE('',*,*,#6837,.F.);
#8565=ORIENTED_EDGE('',*,*,#6838,.F.);
#8566=ORIENTED_EDGE('',*,*,#6839,.F.);
#8567=ORIENTED_EDGE('',*,*,#6840,.F.);
#8568=ORIENTED_EDGE('',*,*,#6837,.T.);
#8569=ORIENTED_EDGE('',*,*,#6841,.T.);
#8570=ORIENTED_EDGE('',*,*,#6842,.F.);
#8571=ORIENTED_EDGE('',*,*,#6843,.F.);
#8572=ORIENTED_EDGE('',*,*,#6835,.T.);
#8573=ORIENTED_EDGE('',*,*,#6844,.T.);
#8574=ORIENTED_EDGE('',*,*,#6845,.F.);
#8575=ORIENTED_EDGE('',*,*,#6846,.F.);
#8576=ORIENTED_EDGE('',*,*,#6829,.T.);
#8577=ORIENTED_EDGE('',*,*,#6847,.T.);
#8578=ORIENTED_EDGE('',*,*,#6848,.F.);
#8579=ORIENTED_EDGE('',*,*,#6849,.F.);
#8580=ORIENTED_EDGE('',*,*,#6827,.T.);
#8581=ORIENTED_EDGE('',*,*,#6850,.T.);
#8582=ORIENTED_EDGE('',*,*,#6851,.F.);
#8583=ORIENTED_EDGE('',*,*,#6852,.F.);
#8584=ORIENTED_EDGE('',*,*,#6853,.F.);
#8585=ORIENTED_EDGE('',*,*,#6854,.F.);
#8586=ORIENTED_EDGE('',*,*,#6855,.T.);
#8587=ORIENTED_EDGE('',*,*,#6856,.T.);
#8588=ORIENTED_EDGE('',*,*,#6857,.F.);
#8589=ORIENTED_EDGE('',*,*,#6858,.T.);
#8590=ORIENTED_EDGE('',*,*,#6859,.T.);
#8591=ORIENTED_EDGE('',*,*,#6860,.F.);
#8592=ORIENTED_EDGE('',*,*,#6861,.F.);
#8593=ORIENTED_EDGE('',*,*,#6862,.F.);
#8594=ORIENTED_EDGE('',*,*,#6856,.F.);
#8595=ORIENTED_EDGE('',*,*,#6863,.T.);
#8596=ORIENTED_EDGE('',*,*,#6825,.T.);
#8597=ORIENTED_EDGE('',*,*,#6864,.F.);
#8598=ORIENTED_EDGE('',*,*,#6865,.F.);
#8599=ORIENTED_EDGE('',*,*,#6866,.T.);
#8600=ORIENTED_EDGE('',*,*,#6867,.F.);
#8601=ORIENTED_EDGE('',*,*,#6868,.F.);
#8602=ORIENTED_EDGE('',*,*,#6869,.F.);
#8603=ORIENTED_EDGE('',*,*,#6870,.T.);
#8604=ORIENTED_EDGE('',*,*,#6839,.T.);
#8605=ORIENTED_EDGE('',*,*,#6871,.F.);
#8606=ORIENTED_EDGE('',*,*,#6872,.F.);
#8607=ORIENTED_EDGE('',*,*,#6873,.T.);
#8608=ORIENTED_EDGE('',*,*,#6874,.F.);
#8609=ORIENTED_EDGE('',*,*,#6875,.T.);
#8610=ORIENTED_EDGE('',*,*,#6854,.T.);
#8611=ORIENTED_EDGE('',*,*,#6876,.F.);
#8612=ORIENTED_EDGE('',*,*,#6877,.F.);
#8613=ORIENTED_EDGE('',*,*,#6859,.F.);
#8614=ORIENTED_EDGE('',*,*,#6878,.T.);
#8615=ORIENTED_EDGE('',*,*,#6869,.T.);
#8616=ORIENTED_EDGE('',*,*,#6833,.T.);
#8617=ORIENTED_EDGE('',*,*,#6879,.F.);
#8618=ORIENTED_EDGE('',*,*,#6880,.F.);
#8619=ORIENTED_EDGE('',*,*,#6881,.T.);
#8620=ORIENTED_EDGE('',*,*,#6845,.T.);
#8621=ORIENTED_EDGE('',*,*,#6882,.F.);
#8622=ORIENTED_EDGE('',*,*,#6880,.T.);
#8623=ORIENTED_EDGE('',*,*,#6883,.F.);
#8624=ORIENTED_EDGE('',*,*,#6865,.T.);
#8625=ORIENTED_EDGE('',*,*,#6884,.F.);
#8626=ORIENTED_EDGE('',*,*,#6851,.T.);
#8627=ORIENTED_EDGE('',*,*,#6885,.F.);
#8628=ORIENTED_EDGE('',*,*,#6874,.T.);
#8629=ORIENTED_EDGE('',*,*,#6886,.F.);
#8630=ORIENTED_EDGE('',*,*,#6887,.T.);
#8631=ORIENTED_EDGE('',*,*,#6888,.F.);
#8632=ORIENTED_EDGE('',*,*,#6855,.F.);
#8633=ORIENTED_EDGE('',*,*,#6875,.F.);
#8634=ORIENTED_EDGE('',*,*,#6888,.T.);
#8635=ORIENTED_EDGE('',*,*,#6889,.F.);
#8636=ORIENTED_EDGE('',*,*,#6890,.F.);
#8637=ORIENTED_EDGE('',*,*,#6891,.F.);
#8638=ORIENTED_EDGE('',*,*,#6892,.T.);
#8639=ORIENTED_EDGE('',*,*,#6870,.F.);
#8640=ORIENTED_EDGE('',*,*,#6878,.F.);
#8641=ORIENTED_EDGE('',*,*,#6858,.F.);
#8642=ORIENTED_EDGE('',*,*,#6893,.T.);
#8643=ORIENTED_EDGE('',*,*,#6894,.F.);
#8644=ORIENTED_EDGE('',*,*,#6895,.F.);
#8645=ORIENTED_EDGE('',*,*,#6896,.F.);
#8646=ORIENTED_EDGE('',*,*,#6897,.T.);
#8647=ORIENTED_EDGE('',*,*,#6863,.F.);
#8648=ORIENTED_EDGE('',*,*,#6792,.T.);
#8649=ORIENTED_EDGE('',*,*,#6795,.T.);
#8650=ORIENTED_EDGE('',*,*,#6798,.T.);
#8651=ORIENTED_EDGE('',*,*,#6801,.T.);
#8652=ORIENTED_EDGE('',*,*,#6804,.T.);
#8653=ORIENTED_EDGE('',*,*,#6807,.T.);
#8654=ORIENTED_EDGE('',*,*,#6810,.T.);
#8655=ORIENTED_EDGE('',*,*,#6813,.T.);
#8656=ORIENTED_EDGE('',*,*,#6816,.T.);
#8657=ORIENTED_EDGE('',*,*,#6819,.T.);
#8658=ORIENTED_EDGE('',*,*,#6822,.T.);
#8659=ORIENTED_EDGE('',*,*,#6881,.F.);
#8660=ORIENTED_EDGE('',*,*,#6882,.T.);
#8661=ORIENTED_EDGE('',*,*,#6844,.F.);
#8662=ORIENTED_EDGE('',*,*,#6834,.T.);
#8663=ORIENTED_EDGE('',*,*,#6866,.F.);
#8664=ORIENTED_EDGE('',*,*,#6885,.T.);
#8665=ORIENTED_EDGE('',*,*,#6850,.F.);
#8666=ORIENTED_EDGE('',*,*,#6826,.T.);
#8667=ORIENTED_EDGE('',*,*,#6840,.T.);
#8668=ORIENTED_EDGE('',*,*,#6873,.F.);
#8669=ORIENTED_EDGE('',*,*,#6898,.T.);
#8670=ORIENTED_EDGE('',*,*,#6841,.F.);
#8671=ORIENTED_EDGE('',*,*,#6832,.T.);
#8672=ORIENTED_EDGE('',*,*,#6899,.F.);
#8673=ORIENTED_EDGE('',*,*,#6900,.T.);
#8674=ORIENTED_EDGE('',*,*,#6847,.F.);
#8675=ORIENTED_EDGE('',*,*,#6872,.T.);
#8676=ORIENTED_EDGE('',*,*,#6901,.F.);
#8677=ORIENTED_EDGE('',*,*,#6842,.T.);
#8678=ORIENTED_EDGE('',*,*,#6898,.F.);
#8679=ORIENTED_EDGE('',*,*,#6867,.T.);
#8680=ORIENTED_EDGE('',*,*,#6892,.F.);
#8681=ORIENTED_EDGE('',*,*,#6902,.T.);
#8682=ORIENTED_EDGE('',*,*,#6903,.F.);
#8683=ORIENTED_EDGE('',*,*,#6857,.T.);
#8684=ORIENTED_EDGE('',*,*,#6904,.F.);
#8685=ORIENTED_EDGE('',*,*,#6905,.T.);
#8686=ORIENTED_EDGE('',*,*,#6893,.F.);
#8687=ORIENTED_EDGE('',*,*,#6906,.F.);
#8688=ORIENTED_EDGE('',*,*,#6907,.F.);
#8689=ORIENTED_EDGE('',*,*,#6890,.T.);
#8690=ORIENTED_EDGE('',*,*,#6908,.T.);
#8691=ORIENTED_EDGE('',*,*,#6909,.F.);
#8692=ORIENTED_EDGE('',*,*,#6896,.T.);
#8693=ORIENTED_EDGE('',*,*,#6910,.T.);
#8694=ORIENTED_EDGE('',*,*,#6911,.F.);
#8695=ORIENTED_EDGE('',*,*,#6887,.F.);
#8696=ORIENTED_EDGE('',*,*,#6912,.F.);
#8697=ORIENTED_EDGE('',*,*,#6908,.F.);
#8698=ORIENTED_EDGE('',*,*,#6889,.T.);
#8699=ORIENTED_EDGE('',*,*,#6905,.F.);
#8700=ORIENTED_EDGE('',*,*,#6913,.F.);
#8701=ORIENTED_EDGE('',*,*,#6914,.F.);
#8702=ORIENTED_EDGE('',*,*,#6894,.T.);
#8703=ORIENTED_EDGE('',*,*,#6902,.F.);
#8704=ORIENTED_EDGE('',*,*,#6891,.T.);
#8705=ORIENTED_EDGE('',*,*,#6907,.T.);
#8706=ORIENTED_EDGE('',*,*,#6915,.F.);
#8707=ORIENTED_EDGE('',*,*,#6916,.F.);
#8708=ORIENTED_EDGE('',*,*,#6910,.F.);
#8709=ORIENTED_EDGE('',*,*,#6895,.T.);
#8710=ORIENTED_EDGE('',*,*,#6914,.T.);
#8711=ORIENTED_EDGE('',*,*,#6831,.T.);
#8712=ORIENTED_EDGE('',*,*,#6917,.F.);
#8713=ORIENTED_EDGE('',*,*,#6918,.F.);
#8714=ORIENTED_EDGE('',*,*,#6899,.T.);
#8715=ORIENTED_EDGE('',*,*,#6848,.T.);
#8716=ORIENTED_EDGE('',*,*,#6900,.F.);
#8717=ORIENTED_EDGE('',*,*,#6918,.T.);
#8718=ORIENTED_EDGE('',*,*,#6919,.F.);
#8719=ORIENTED_EDGE('',*,*,#6920,.T.);
#8720=ORIENTED_EDGE('',*,*,#6911,.T.);
#8721=ORIENTED_EDGE('',*,*,#6916,.T.);
#8722=ORIENTED_EDGE('',*,*,#6913,.T.);
#8723=ORIENTED_EDGE('',*,*,#6904,.T.);
#8724=ORIENTED_EDGE('',*,*,#6860,.T.);
#8725=ORIENTED_EDGE('',*,*,#6877,.T.);
#8726=ORIENTED_EDGE('',*,*,#6868,.T.);
#8727=ORIENTED_EDGE('',*,*,#6903,.T.);
#8728=ORIENTED_EDGE('',*,*,#6915,.T.);
#8729=ORIENTED_EDGE('',*,*,#6906,.T.);
#8730=ORIENTED_EDGE('',*,*,#6912,.T.);
#8731=ORIENTED_EDGE('',*,*,#6886,.T.);
#8732=ORIENTED_EDGE('',*,*,#6876,.T.);
#8733=ORIENTED_EDGE('',*,*,#6853,.T.);
#8734=ORIENTED_EDGE('',*,*,#6862,.T.);
#8735=ORIENTED_EDGE('',*,*,#6794,.T.);
#8736=ORIENTED_EDGE('',*,*,#6797,.T.);
#8737=ORIENTED_EDGE('',*,*,#6800,.T.);
#8738=ORIENTED_EDGE('',*,*,#6803,.T.);
#8739=ORIENTED_EDGE('',*,*,#6806,.T.);
#8740=ORIENTED_EDGE('',*,*,#6809,.T.);
#8741=ORIENTED_EDGE('',*,*,#6812,.T.);
#8742=ORIENTED_EDGE('',*,*,#6815,.T.);
#8743=ORIENTED_EDGE('',*,*,#6818,.T.);
#8744=ORIENTED_EDGE('',*,*,#6821,.T.);
#8745=ORIENTED_EDGE('',*,*,#6824,.T.);
#8746=ORIENTED_EDGE('',*,*,#6843,.T.);
#8747=ORIENTED_EDGE('',*,*,#6901,.T.);
#8748=ORIENTED_EDGE('',*,*,#6871,.T.);
#8749=ORIENTED_EDGE('',*,*,#6838,.T.);
#8750=ORIENTED_EDGE('',*,*,#6849,.T.);
#8751=ORIENTED_EDGE('',*,*,#6919,.T.);
#8752=ORIENTED_EDGE('',*,*,#6917,.T.);
#8753=ORIENTED_EDGE('',*,*,#6830,.T.);
#8754=ORIENTED_EDGE('',*,*,#6836,.T.);
#8755=ORIENTED_EDGE('',*,*,#6846,.T.);
#8756=ORIENTED_EDGE('',*,*,#6883,.T.);
#8757=ORIENTED_EDGE('',*,*,#6879,.T.);
#8758=ORIENTED_EDGE('',*,*,#6828,.T.);
#8759=ORIENTED_EDGE('',*,*,#6852,.T.);
#8760=ORIENTED_EDGE('',*,*,#6884,.T.);
#8761=ORIENTED_EDGE('',*,*,#6864,.T.);
#8762=ORIENTED_EDGE('',*,*,#6861,.T.);
#8763=ORIENTED_EDGE('',*,*,#6897,.F.);
#8764=ORIENTED_EDGE('',*,*,#6909,.T.);
#8765=ORIENTED_EDGE('',*,*,#6920,.F.);
#8766=ORIENTED_EDGE('',*,*,#6921,.T.);
#8767=ORIENTED_EDGE('',*,*,#6922,.T.);
#8768=ORIENTED_EDGE('',*,*,#6923,.F.);
#8769=ORIENTED_EDGE('',*,*,#6922,.F.);
#8770=ORIENTED_EDGE('',*,*,#6921,.F.);
#8771=ORIENTED_EDGE('',*,*,#6924,.F.);
#8772=ORIENTED_EDGE('',*,*,#6925,.T.);
#8773=ORIENTED_EDGE('',*,*,#6926,.F.);
#8774=ORIENTED_EDGE('',*,*,#6927,.F.);
#8775=ORIENTED_EDGE('',*,*,#6928,.F.);
#8776=ORIENTED_EDGE('',*,*,#6927,.T.);
#8777=ORIENTED_EDGE('',*,*,#6929,.T.);
#8778=ORIENTED_EDGE('',*,*,#6930,.T.);
#8779=ORIENTED_EDGE('',*,*,#6931,.F.);
#8780=ORIENTED_EDGE('',*,*,#6930,.F.);
#8781=ORIENTED_EDGE('',*,*,#6932,.T.);
#8782=ORIENTED_EDGE('',*,*,#6933,.T.);
#8783=ORIENTED_EDGE('',*,*,#6929,.F.);
#8784=ORIENTED_EDGE('',*,*,#6926,.T.);
#8785=ORIENTED_EDGE('',*,*,#6934,.T.);
#8786=ORIENTED_EDGE('',*,*,#6932,.F.);
#8787=ORIENTED_EDGE('',*,*,#6935,.F.);
#8788=ORIENTED_EDGE('',*,*,#6933,.F.);
#8789=ORIENTED_EDGE('',*,*,#6934,.F.);
#8790=ORIENTED_EDGE('',*,*,#6925,.F.);
#8791=ORIENTED_EDGE('',*,*,#6936,.T.);
#8792=ORIENTED_EDGE('',*,*,#6937,.T.);
#8793=ORIENTED_EDGE('',*,*,#6938,.T.);
#8794=ORIENTED_EDGE('',*,*,#6937,.F.);
#8795=ORIENTED_EDGE('',*,*,#6939,.F.);
#8796=ORIENTED_EDGE('',*,*,#6938,.F.);
#8797=ORIENTED_EDGE('',*,*,#6940,.F.);
#8798=ORIENTED_EDGE('',*,*,#6936,.F.);
#8799=ORIENTED_EDGE('',*,*,#6941,.F.);
#8800=ORIENTED_EDGE('',*,*,#6942,.T.);
#8801=ORIENTED_EDGE('',*,*,#6940,.T.);
#8802=ORIENTED_EDGE('',*,*,#6942,.F.);
#8803=ORIENTED_EDGE('',*,*,#6943,.T.);
#8804=ORIENTED_EDGE('',*,*,#6944,.F.);
#8805=ORIENTED_EDGE('',*,*,#6945,.T.);
#8806=ORIENTED_EDGE('',*,*,#6946,.F.);
#8807=ORIENTED_EDGE('',*,*,#6945,.F.);
#8808=ORIENTED_EDGE('',*,*,#6947,.T.);
#8809=ORIENTED_EDGE('',*,*,#6943,.F.);
#8810=ORIENTED_EDGE('',*,*,#6947,.F.);
#8811=ORIENTED_EDGE('',*,*,#6939,.T.);
#8812=ORIENTED_EDGE('',*,*,#6948,.T.);
#8813=ORIENTED_EDGE('',*,*,#6946,.T.);
#8814=ORIENTED_EDGE('',*,*,#6948,.F.);
#8815=ORIENTED_EDGE('',*,*,#6931,.T.);
#8816=ORIENTED_EDGE('',*,*,#6935,.T.);
#8817=ORIENTED_EDGE('',*,*,#6924,.T.);
#8818=ORIENTED_EDGE('',*,*,#6928,.T.);
#8819=ORIENTED_EDGE('',*,*,#6944,.T.);
#8820=ORIENTED_EDGE('',*,*,#6949,.T.);
#8821=ORIENTED_EDGE('',*,*,#6950,.F.);
#8822=ORIENTED_EDGE('',*,*,#6949,.F.);
#8823=ORIENTED_EDGE('',*,*,#6950,.T.);
#8824=ORIENTED_EDGE('',*,*,#6941,.T.);
#8825=ORIENTED_EDGE('',*,*,#6923,.T.);
#8826=ORIENTED_EDGE('',*,*,#6951,.F.);
#8827=ORIENTED_EDGE('',*,*,#6952,.T.);
#8828=ORIENTED_EDGE('',*,*,#6953,.F.);
#8829=ORIENTED_EDGE('',*,*,#6952,.F.);
#8830=ORIENTED_EDGE('',*,*,#6954,.F.);
#8831=ORIENTED_EDGE('',*,*,#6955,.T.);
#8832=ORIENTED_EDGE('',*,*,#6956,.F.);
#8833=ORIENTED_EDGE('',*,*,#6955,.F.);
#8834=ORIENTED_EDGE('',*,*,#6957,.F.);
#8835=ORIENTED_EDGE('',*,*,#6958,.T.);
#8836=ORIENTED_EDGE('',*,*,#6959,.F.);
#8837=ORIENTED_EDGE('',*,*,#6958,.F.);
#8838=ORIENTED_EDGE('',*,*,#6960,.F.);
#8839=ORIENTED_EDGE('',*,*,#6961,.T.);
#8840=ORIENTED_EDGE('',*,*,#6962,.F.);
#8841=ORIENTED_EDGE('',*,*,#6961,.F.);
#8842=ORIENTED_EDGE('',*,*,#6963,.T.);
#8843=ORIENTED_EDGE('',*,*,#6964,.T.);
#8844=ORIENTED_EDGE('',*,*,#6965,.F.);
#8845=ORIENTED_EDGE('',*,*,#6964,.F.);
#8846=ORIENTED_EDGE('',*,*,#6963,.F.);
#8847=ORIENTED_EDGE('',*,*,#6966,.F.);
#8848=ORIENTED_EDGE('',*,*,#6967,.F.);
#8849=ORIENTED_EDGE('',*,*,#6968,.T.);
#8850=ORIENTED_EDGE('',*,*,#6969,.T.);
#8851=ORIENTED_EDGE('',*,*,#6968,.F.);
#8852=ORIENTED_EDGE('',*,*,#6969,.F.);
#8853=ORIENTED_EDGE('',*,*,#6970,.F.);
#8854=ORIENTED_EDGE('',*,*,#6970,.T.);
#8855=ORIENTED_EDGE('',*,*,#6971,.T.);
#8856=ORIENTED_EDGE('',*,*,#6966,.T.);
#8857=ORIENTED_EDGE('',*,*,#6971,.F.);
#8858=ORIENTED_EDGE('',*,*,#6972,.T.);
#8859=ORIENTED_EDGE('',*,*,#6973,.T.);
#8860=ORIENTED_EDGE('',*,*,#6974,.F.);
#8861=ORIENTED_EDGE('',*,*,#6975,.F.);
#8862=ORIENTED_EDGE('',*,*,#6976,.T.);
#8863=ORIENTED_EDGE('',*,*,#6975,.T.);
#8864=ORIENTED_EDGE('',*,*,#6977,.F.);
#8865=ORIENTED_EDGE('',*,*,#6978,.F.);
#8866=ORIENTED_EDGE('',*,*,#6979,.T.);
#8867=ORIENTED_EDGE('',*,*,#6978,.T.);
#8868=ORIENTED_EDGE('',*,*,#6980,.F.);
#8869=ORIENTED_EDGE('',*,*,#6981,.F.);
#8870=ORIENTED_EDGE('',*,*,#6982,.T.);
#8871=ORIENTED_EDGE('',*,*,#6981,.T.);
#8872=ORIENTED_EDGE('',*,*,#6983,.F.);
#8873=ORIENTED_EDGE('',*,*,#6973,.F.);
#8874=ORIENTED_EDGE('',*,*,#6983,.T.);
#8875=ORIENTED_EDGE('',*,*,#6980,.T.);
#8876=ORIENTED_EDGE('',*,*,#6977,.T.);
#8877=ORIENTED_EDGE('',*,*,#6974,.T.);
#8878=ORIENTED_EDGE('',*,*,#6953,.T.);
#8879=ORIENTED_EDGE('',*,*,#6956,.T.);
#8880=ORIENTED_EDGE('',*,*,#6959,.T.);
#8881=ORIENTED_EDGE('',*,*,#6962,.T.);
#8882=ORIENTED_EDGE('',*,*,#6965,.T.);
#8883=ORIENTED_EDGE('',*,*,#6982,.F.);
#8884=ORIENTED_EDGE('',*,*,#6972,.F.);
#8885=ORIENTED_EDGE('',*,*,#6976,.F.);
#8886=ORIENTED_EDGE('',*,*,#6979,.F.);
#8887=ORIENTED_EDGE('',*,*,#6951,.T.);
#8888=ORIENTED_EDGE('',*,*,#6954,.T.);
#8889=ORIENTED_EDGE('',*,*,#6957,.T.);
#8890=ORIENTED_EDGE('',*,*,#6960,.T.);
#8891=ORIENTED_EDGE('',*,*,#6967,.T.);
#8892=ORIENTED_EDGE('',*,*,#6984,.F.);
#8893=ORIENTED_EDGE('',*,*,#6985,.T.);
#8894=ORIENTED_EDGE('',*,*,#6986,.F.);
#8895=ORIENTED_EDGE('',*,*,#6985,.F.);
#8896=ORIENTED_EDGE('',*,*,#6987,.F.);
#8897=ORIENTED_EDGE('',*,*,#6988,.T.);
#8898=ORIENTED_EDGE('',*,*,#6989,.F.);
#8899=ORIENTED_EDGE('',*,*,#6988,.F.);
#8900=ORIENTED_EDGE('',*,*,#6990,.F.);
#8901=ORIENTED_EDGE('',*,*,#6991,.T.);
#8902=ORIENTED_EDGE('',*,*,#6992,.F.);
#8903=ORIENTED_EDGE('',*,*,#6991,.F.);
#8904=ORIENTED_EDGE('',*,*,#6993,.F.);
#8905=ORIENTED_EDGE('',*,*,#6994,.T.);
#8906=ORIENTED_EDGE('',*,*,#6995,.F.);
#8907=ORIENTED_EDGE('',*,*,#6994,.F.);
#8908=ORIENTED_EDGE('',*,*,#6996,.F.);
#8909=ORIENTED_EDGE('',*,*,#6997,.T.);
#8910=ORIENTED_EDGE('',*,*,#6998,.F.);
#8911=ORIENTED_EDGE('',*,*,#6997,.F.);
#8912=ORIENTED_EDGE('',*,*,#6999,.F.);
#8913=ORIENTED_EDGE('',*,*,#7000,.T.);
#8914=ORIENTED_EDGE('',*,*,#7001,.F.);
#8915=ORIENTED_EDGE('',*,*,#7000,.F.);
#8916=ORIENTED_EDGE('',*,*,#7002,.F.);
#8917=ORIENTED_EDGE('',*,*,#7003,.T.);
#8918=ORIENTED_EDGE('',*,*,#7004,.F.);
#8919=ORIENTED_EDGE('',*,*,#7003,.F.);
#8920=ORIENTED_EDGE('',*,*,#7005,.F.);
#8921=ORIENTED_EDGE('',*,*,#7006,.T.);
#8922=ORIENTED_EDGE('',*,*,#7007,.F.);
#8923=ORIENTED_EDGE('',*,*,#7006,.F.);
#8924=ORIENTED_EDGE('',*,*,#7008,.F.);
#8925=ORIENTED_EDGE('',*,*,#7009,.T.);
#8926=ORIENTED_EDGE('',*,*,#7010,.F.);
#8927=ORIENTED_EDGE('',*,*,#7009,.F.);
#8928=ORIENTED_EDGE('',*,*,#7011,.F.);
#8929=ORIENTED_EDGE('',*,*,#7012,.T.);
#8930=ORIENTED_EDGE('',*,*,#7013,.F.);
#8931=ORIENTED_EDGE('',*,*,#7012,.F.);
#8932=ORIENTED_EDGE('',*,*,#7014,.F.);
#8933=ORIENTED_EDGE('',*,*,#7015,.T.);
#8934=ORIENTED_EDGE('',*,*,#7016,.F.);
#8935=ORIENTED_EDGE('',*,*,#7015,.F.);
#8936=ORIENTED_EDGE('',*,*,#7017,.T.);
#8937=ORIENTED_EDGE('',*,*,#7018,.T.);
#8938=ORIENTED_EDGE('',*,*,#7019,.F.);
#8939=ORIENTED_EDGE('',*,*,#7020,.F.);
#8940=ORIENTED_EDGE('',*,*,#7021,.T.);
#8941=ORIENTED_EDGE('',*,*,#7020,.T.);
#8942=ORIENTED_EDGE('',*,*,#7022,.F.);
#8943=ORIENTED_EDGE('',*,*,#7023,.F.);
#8944=ORIENTED_EDGE('',*,*,#7024,.T.);
#8945=ORIENTED_EDGE('',*,*,#7023,.T.);
#8946=ORIENTED_EDGE('',*,*,#7025,.F.);
#8947=ORIENTED_EDGE('',*,*,#7026,.F.);
#8948=ORIENTED_EDGE('',*,*,#7027,.T.);
#8949=ORIENTED_EDGE('',*,*,#7026,.T.);
#8950=ORIENTED_EDGE('',*,*,#7028,.F.);
#8951=ORIENTED_EDGE('',*,*,#7018,.F.);
#8952=ORIENTED_EDGE('',*,*,#7028,.T.);
#8953=ORIENTED_EDGE('',*,*,#7025,.T.);
#8954=ORIENTED_EDGE('',*,*,#7022,.T.);
#8955=ORIENTED_EDGE('',*,*,#7019,.T.);
#8956=ORIENTED_EDGE('',*,*,#6986,.T.);
#8957=ORIENTED_EDGE('',*,*,#6989,.T.);
#8958=ORIENTED_EDGE('',*,*,#6992,.T.);
#8959=ORIENTED_EDGE('',*,*,#6995,.T.);
#8960=ORIENTED_EDGE('',*,*,#6998,.T.);
#8961=ORIENTED_EDGE('',*,*,#7001,.T.);
#8962=ORIENTED_EDGE('',*,*,#7004,.T.);
#8963=ORIENTED_EDGE('',*,*,#7007,.T.);
#8964=ORIENTED_EDGE('',*,*,#7010,.T.);
#8965=ORIENTED_EDGE('',*,*,#7013,.T.);
#8966=ORIENTED_EDGE('',*,*,#7016,.T.);
#8967=ORIENTED_EDGE('',*,*,#7027,.F.);
#8968=ORIENTED_EDGE('',*,*,#7017,.F.);
#8969=ORIENTED_EDGE('',*,*,#7021,.F.);
#8970=ORIENTED_EDGE('',*,*,#7024,.F.);
#8971=ORIENTED_EDGE('',*,*,#6984,.T.);
#8972=ORIENTED_EDGE('',*,*,#6987,.T.);
#8973=ORIENTED_EDGE('',*,*,#6990,.T.);
#8974=ORIENTED_EDGE('',*,*,#6993,.T.);
#8975=ORIENTED_EDGE('',*,*,#6996,.T.);
#8976=ORIENTED_EDGE('',*,*,#6999,.T.);
#8977=ORIENTED_EDGE('',*,*,#7002,.T.);
#8978=ORIENTED_EDGE('',*,*,#7005,.T.);
#8979=ORIENTED_EDGE('',*,*,#7008,.T.);
#8980=ORIENTED_EDGE('',*,*,#7011,.T.);
#8981=ORIENTED_EDGE('',*,*,#7014,.T.);
#8982=ORIENTED_EDGE('',*,*,#7029,.F.);
#8983=ORIENTED_EDGE('',*,*,#7030,.F.);
#8984=ORIENTED_EDGE('',*,*,#7031,.F.);
#8985=ORIENTED_EDGE('',*,*,#7032,.F.);
#8986=ORIENTED_EDGE('',*,*,#7031,.T.);
#8987=ORIENTED_EDGE('',*,*,#7033,.F.);
#8988=ORIENTED_EDGE('',*,*,#7034,.T.);
#8989=ORIENTED_EDGE('',*,*,#7035,.F.);
#8990=ORIENTED_EDGE('',*,*,#7029,.T.);
#8991=ORIENTED_EDGE('',*,*,#7036,.F.);
#8992=ORIENTED_EDGE('',*,*,#7037,.T.);
#8993=ORIENTED_EDGE('',*,*,#7038,.F.);
#8994=ORIENTED_EDGE('',*,*,#7039,.T.);
#8995=ORIENTED_EDGE('',*,*,#7040,.T.);
#8996=ORIENTED_EDGE('',*,*,#7041,.T.);
#8997=ORIENTED_EDGE('',*,*,#7042,.T.);
#8998=ORIENTED_EDGE('',*,*,#7043,.T.);
#8999=ORIENTED_EDGE('',*,*,#7044,.T.);
#9000=ORIENTED_EDGE('',*,*,#7045,.T.);
#9001=ORIENTED_EDGE('',*,*,#7046,.T.);
#9002=ORIENTED_EDGE('',*,*,#7047,.T.);
#9003=ORIENTED_EDGE('',*,*,#7048,.T.);
#9004=ORIENTED_EDGE('',*,*,#7049,.T.);
#9005=ORIENTED_EDGE('',*,*,#7050,.T.);
#9006=ORIENTED_EDGE('',*,*,#7051,.T.);
#9007=ORIENTED_EDGE('',*,*,#7052,.T.);
#9008=ORIENTED_EDGE('',*,*,#7053,.T.);
#9009=ORIENTED_EDGE('',*,*,#7054,.T.);
#9010=ORIENTED_EDGE('',*,*,#7032,.T.);
#9011=ORIENTED_EDGE('',*,*,#7035,.T.);
#9012=ORIENTED_EDGE('',*,*,#7055,.T.);
#9013=ORIENTED_EDGE('',*,*,#7056,.T.);
#9014=ORIENTED_EDGE('',*,*,#7057,.T.);
#9015=ORIENTED_EDGE('',*,*,#7058,.T.);
#9016=ORIENTED_EDGE('',*,*,#7059,.T.);
#9017=ORIENTED_EDGE('',*,*,#7036,.T.);
#9018=ORIENTED_EDGE('',*,*,#7060,.T.);
#9019=ORIENTED_EDGE('',*,*,#7061,.T.);
#9020=ORIENTED_EDGE('',*,*,#7062,.T.);
#9021=ORIENTED_EDGE('',*,*,#7063,.T.);
#9022=ORIENTED_EDGE('',*,*,#7064,.T.);
#9023=ORIENTED_EDGE('',*,*,#7065,.T.);
#9024=ORIENTED_EDGE('',*,*,#7066,.T.);
#9025=ORIENTED_EDGE('',*,*,#7067,.T.);
#9026=ORIENTED_EDGE('',*,*,#7068,.T.);
#9027=ORIENTED_EDGE('',*,*,#7069,.T.);
#9028=ORIENTED_EDGE('',*,*,#7070,.T.);
#9029=ORIENTED_EDGE('',*,*,#7071,.T.);
#9030=ORIENTED_EDGE('',*,*,#7072,.T.);
#9031=ORIENTED_EDGE('',*,*,#7073,.T.);
#9032=ORIENTED_EDGE('',*,*,#7074,.T.);
#9033=ORIENTED_EDGE('',*,*,#7075,.T.);
#9034=ORIENTED_EDGE('',*,*,#7034,.F.);
#9035=ORIENTED_EDGE('',*,*,#7076,.F.);
#9036=ORIENTED_EDGE('',*,*,#7077,.F.);
#9037=ORIENTED_EDGE('',*,*,#7055,.F.);
#9038=ORIENTED_EDGE('',*,*,#7077,.T.);
#9039=ORIENTED_EDGE('',*,*,#7078,.F.);
#9040=ORIENTED_EDGE('',*,*,#7079,.T.);
#9041=ORIENTED_EDGE('',*,*,#7056,.F.);
#9042=ORIENTED_EDGE('',*,*,#7080,.F.);
#9043=ORIENTED_EDGE('',*,*,#7057,.F.);
#9044=ORIENTED_EDGE('',*,*,#7079,.F.);
#9045=ORIENTED_EDGE('',*,*,#7081,.F.);
#9046=ORIENTED_EDGE('',*,*,#7080,.T.);
#9047=ORIENTED_EDGE('',*,*,#7082,.F.);
#9048=ORIENTED_EDGE('',*,*,#7083,.T.);
#9049=ORIENTED_EDGE('',*,*,#7058,.F.);
#9050=ORIENTED_EDGE('',*,*,#7084,.F.);
#9051=ORIENTED_EDGE('',*,*,#7085,.F.);
#9052=ORIENTED_EDGE('',*,*,#7086,.T.);
#9053=ORIENTED_EDGE('',*,*,#7087,.F.);
#9054=ORIENTED_EDGE('',*,*,#7088,.F.);
#9055=ORIENTED_EDGE('',*,*,#7089,.F.);
#9056=ORIENTED_EDGE('',*,*,#7090,.T.);
#9057=ORIENTED_EDGE('',*,*,#7091,.F.);
#9058=ORIENTED_EDGE('',*,*,#7092,.F.);
#9059=ORIENTED_EDGE('',*,*,#7093,.F.);
#9060=ORIENTED_EDGE('',*,*,#7094,.T.);
#9061=ORIENTED_EDGE('',*,*,#7095,.F.);
#9062=ORIENTED_EDGE('',*,*,#7096,.F.);
#9063=ORIENTED_EDGE('',*,*,#7097,.F.);
#9064=ORIENTED_EDGE('',*,*,#7098,.T.);
#9065=ORIENTED_EDGE('',*,*,#7099,.F.);
#9066=ORIENTED_EDGE('',*,*,#7030,.T.);
#9067=ORIENTED_EDGE('',*,*,#7038,.T.);
#9068=ORIENTED_EDGE('',*,*,#7100,.T.);
#9069=ORIENTED_EDGE('',*,*,#7082,.T.);
#9070=ORIENTED_EDGE('',*,*,#7081,.T.);
#9071=ORIENTED_EDGE('',*,*,#7078,.T.);
#9072=ORIENTED_EDGE('',*,*,#7076,.T.);
#9073=ORIENTED_EDGE('',*,*,#7033,.T.);
#9074=ORIENTED_EDGE('',*,*,#7101,.F.);
#9075=ORIENTED_EDGE('',*,*,#7102,.T.);
#9076=ORIENTED_EDGE('',*,*,#7103,.F.);
#9077=ORIENTED_EDGE('',*,*,#7104,.T.);
#9078=ORIENTED_EDGE('',*,*,#7105,.F.);
#9079=ORIENTED_EDGE('',*,*,#7106,.T.);
#9080=ORIENTED_EDGE('',*,*,#7107,.F.);
#9081=ORIENTED_EDGE('',*,*,#7108,.T.);
#9082=ORIENTED_EDGE('',*,*,#7109,.T.);
#9083=ORIENTED_EDGE('',*,*,#7110,.F.);
#9084=ORIENTED_EDGE('',*,*,#7111,.T.);
#9085=ORIENTED_EDGE('',*,*,#7112,.F.);
#9086=ORIENTED_EDGE('',*,*,#7113,.T.);
#9087=ORIENTED_EDGE('',*,*,#7114,.F.);
#9088=ORIENTED_EDGE('',*,*,#7115,.T.);
#9089=ORIENTED_EDGE('',*,*,#7116,.F.);
#9090=ORIENTED_EDGE('',*,*,#7037,.F.);
#9091=ORIENTED_EDGE('',*,*,#7059,.F.);
#9092=ORIENTED_EDGE('',*,*,#7083,.F.);
#9093=ORIENTED_EDGE('',*,*,#7100,.F.);
#9094=ORIENTED_EDGE('',*,*,#7117,.F.);
#9095=ORIENTED_EDGE('',*,*,#7108,.F.);
#9096=ORIENTED_EDGE('',*,*,#7118,.F.);
#9097=ORIENTED_EDGE('',*,*,#7072,.F.);
#9098=ORIENTED_EDGE('',*,*,#7119,.F.);
#9099=ORIENTED_EDGE('',*,*,#7067,.F.);
#9100=ORIENTED_EDGE('',*,*,#7120,.F.);
#9101=ORIENTED_EDGE('',*,*,#7113,.F.);
#9102=ORIENTED_EDGE('',*,*,#7121,.F.);
#9103=ORIENTED_EDGE('',*,*,#7104,.F.);
#9104=ORIENTED_EDGE('',*,*,#7122,.F.);
#9105=ORIENTED_EDGE('',*,*,#7068,.F.);
#9106=ORIENTED_EDGE('',*,*,#7123,.F.);
#9107=ORIENTED_EDGE('',*,*,#7063,.F.);
#9108=ORIENTED_EDGE('',*,*,#7124,.F.);
#9109=ORIENTED_EDGE('',*,*,#7109,.F.);
#9110=ORIENTED_EDGE('',*,*,#7123,.T.);
#9111=ORIENTED_EDGE('',*,*,#7112,.T.);
#9112=ORIENTED_EDGE('',*,*,#7125,.F.);
#9113=ORIENTED_EDGE('',*,*,#7060,.F.);
#9114=ORIENTED_EDGE('',*,*,#7122,.T.);
#9115=ORIENTED_EDGE('',*,*,#7103,.T.);
#9116=ORIENTED_EDGE('',*,*,#7126,.F.);
#9117=ORIENTED_EDGE('',*,*,#7069,.F.);
#9118=ORIENTED_EDGE('',*,*,#7119,.T.);
#9119=ORIENTED_EDGE('',*,*,#7116,.T.);
#9120=ORIENTED_EDGE('',*,*,#7127,.F.);
#9121=ORIENTED_EDGE('',*,*,#7064,.F.);
#9122=ORIENTED_EDGE('',*,*,#7118,.T.);
#9123=ORIENTED_EDGE('',*,*,#7107,.T.);
#9124=ORIENTED_EDGE('',*,*,#7128,.F.);
#9125=ORIENTED_EDGE('',*,*,#7073,.F.);
#9126=ORIENTED_EDGE('',*,*,#7053,.F.);
#9127=ORIENTED_EDGE('',*,*,#7129,.F.);
#9128=ORIENTED_EDGE('',*,*,#7084,.T.);
#9129=ORIENTED_EDGE('',*,*,#7130,.T.);
#9130=ORIENTED_EDGE('',*,*,#7131,.F.);
#9131=ORIENTED_EDGE('',*,*,#7093,.T.);
#9132=ORIENTED_EDGE('',*,*,#7132,.T.);
#9133=ORIENTED_EDGE('',*,*,#7044,.F.);
#9134=ORIENTED_EDGE('',*,*,#7133,.F.);
#9135=ORIENTED_EDGE('',*,*,#7054,.F.);
#9136=ORIENTED_EDGE('',*,*,#7130,.F.);
#9137=ORIENTED_EDGE('',*,*,#7099,.T.);
#9138=ORIENTED_EDGE('',*,*,#7117,.T.);
#9139=ORIENTED_EDGE('',*,*,#7075,.F.);
#9140=ORIENTED_EDGE('',*,*,#7134,.F.);
#9141=ORIENTED_EDGE('',*,*,#7105,.T.);
#9142=ORIENTED_EDGE('',*,*,#7135,.F.);
#9143=ORIENTED_EDGE('',*,*,#7046,.F.);
#9144=ORIENTED_EDGE('',*,*,#7136,.F.);
#9145=ORIENTED_EDGE('',*,*,#7091,.T.);
#9146=ORIENTED_EDGE('',*,*,#7124,.T.);
#9147=ORIENTED_EDGE('',*,*,#7062,.F.);
#9148=ORIENTED_EDGE('',*,*,#7137,.F.);
#9149=ORIENTED_EDGE('',*,*,#7110,.T.);
#9150=ORIENTED_EDGE('',*,*,#7138,.F.);
#9151=ORIENTED_EDGE('',*,*,#7085,.T.);
#9152=ORIENTED_EDGE('',*,*,#7129,.T.);
#9153=ORIENTED_EDGE('',*,*,#7052,.F.);
#9154=ORIENTED_EDGE('',*,*,#7045,.F.);
#9155=ORIENTED_EDGE('',*,*,#7132,.F.);
#9156=ORIENTED_EDGE('',*,*,#7092,.T.);
#9157=ORIENTED_EDGE('',*,*,#7136,.T.);
#9158=ORIENTED_EDGE('',*,*,#7121,.T.);
#9159=ORIENTED_EDGE('',*,*,#7071,.F.);
#9160=ORIENTED_EDGE('',*,*,#7139,.F.);
#9161=ORIENTED_EDGE('',*,*,#7101,.T.);
#9162=ORIENTED_EDGE('',*,*,#7126,.T.);
#9163=ORIENTED_EDGE('',*,*,#7102,.F.);
#9164=ORIENTED_EDGE('',*,*,#7139,.T.);
#9165=ORIENTED_EDGE('',*,*,#7070,.F.);
#9166=ORIENTED_EDGE('',*,*,#7134,.T.);
#9167=ORIENTED_EDGE('',*,*,#7074,.F.);
#9168=ORIENTED_EDGE('',*,*,#7128,.T.);
#9169=ORIENTED_EDGE('',*,*,#7106,.F.);
#9170=ORIENTED_EDGE('',*,*,#7138,.T.);
#9171=ORIENTED_EDGE('',*,*,#7051,.F.);
#9172=ORIENTED_EDGE('',*,*,#7140,.T.);
#9173=ORIENTED_EDGE('',*,*,#7086,.F.);
#9174=ORIENTED_EDGE('',*,*,#7137,.T.);
#9175=ORIENTED_EDGE('',*,*,#7061,.F.);
#9176=ORIENTED_EDGE('',*,*,#7125,.T.);
#9177=ORIENTED_EDGE('',*,*,#7111,.F.);
#9178=ORIENTED_EDGE('',*,*,#7135,.T.);
#9179=ORIENTED_EDGE('',*,*,#7090,.F.);
#9180=ORIENTED_EDGE('',*,*,#7141,.T.);
#9181=ORIENTED_EDGE('',*,*,#7047,.F.);
#9182=ORIENTED_EDGE('',*,*,#7131,.T.);
#9183=ORIENTED_EDGE('',*,*,#7043,.F.);
#9184=ORIENTED_EDGE('',*,*,#7142,.T.);
#9185=ORIENTED_EDGE('',*,*,#7094,.F.);
#9186=ORIENTED_EDGE('',*,*,#7049,.F.);
#9187=ORIENTED_EDGE('',*,*,#7143,.F.);
#9188=ORIENTED_EDGE('',*,*,#7088,.T.);
#9189=ORIENTED_EDGE('',*,*,#7144,.T.);
#9190=ORIENTED_EDGE('',*,*,#7145,.F.);
#9191=ORIENTED_EDGE('',*,*,#7097,.T.);
#9192=ORIENTED_EDGE('',*,*,#7146,.T.);
#9193=ORIENTED_EDGE('',*,*,#7040,.F.);
#9194=ORIENTED_EDGE('',*,*,#7140,.F.);
#9195=ORIENTED_EDGE('',*,*,#7050,.F.);
#9196=ORIENTED_EDGE('',*,*,#7144,.F.);
#9197=ORIENTED_EDGE('',*,*,#7087,.T.);
#9198=ORIENTED_EDGE('',*,*,#7142,.F.);
#9199=ORIENTED_EDGE('',*,*,#7042,.F.);
#9200=ORIENTED_EDGE('',*,*,#7147,.F.);
#9201=ORIENTED_EDGE('',*,*,#7095,.T.);
#9202=ORIENTED_EDGE('',*,*,#7141,.F.);
#9203=ORIENTED_EDGE('',*,*,#7089,.T.);
#9204=ORIENTED_EDGE('',*,*,#7143,.T.);
#9205=ORIENTED_EDGE('',*,*,#7048,.F.);
#9206=ORIENTED_EDGE('',*,*,#7041,.F.);
#9207=ORIENTED_EDGE('',*,*,#7146,.F.);
#9208=ORIENTED_EDGE('',*,*,#7096,.T.);
#9209=ORIENTED_EDGE('',*,*,#7147,.T.);
#9210=ORIENTED_EDGE('',*,*,#7120,.T.);
#9211=ORIENTED_EDGE('',*,*,#7066,.F.);
#9212=ORIENTED_EDGE('',*,*,#7148,.F.);
#9213=ORIENTED_EDGE('',*,*,#7114,.T.);
#9214=ORIENTED_EDGE('',*,*,#7127,.T.);
#9215=ORIENTED_EDGE('',*,*,#7115,.F.);
#9216=ORIENTED_EDGE('',*,*,#7148,.T.);
#9217=ORIENTED_EDGE('',*,*,#7065,.F.);
#9218=ORIENTED_EDGE('',*,*,#7133,.T.);
#9219=ORIENTED_EDGE('',*,*,#7098,.F.);
#9220=ORIENTED_EDGE('',*,*,#7145,.T.);
#9221=ORIENTED_EDGE('',*,*,#7039,.F.);
#9222=ORIENTED_EDGE('',*,*,#7149,.T.);
#9223=ORIENTED_EDGE('',*,*,#7150,.T.);
#9224=ORIENTED_EDGE('',*,*,#7151,.F.);
#9225=ORIENTED_EDGE('',*,*,#7152,.F.);
#9226=ORIENTED_EDGE('',*,*,#7153,.T.);
#9227=ORIENTED_EDGE('',*,*,#7152,.T.);
#9228=ORIENTED_EDGE('',*,*,#7154,.F.);
#9229=ORIENTED_EDGE('',*,*,#7155,.F.);
#9230=ORIENTED_EDGE('',*,*,#7156,.T.);
#9231=ORIENTED_EDGE('',*,*,#7155,.T.);
#9232=ORIENTED_EDGE('',*,*,#7157,.F.);
#9233=ORIENTED_EDGE('',*,*,#7158,.F.);
#9234=ORIENTED_EDGE('',*,*,#7159,.T.);
#9235=ORIENTED_EDGE('',*,*,#7158,.T.);
#9236=ORIENTED_EDGE('',*,*,#7160,.F.);
#9237=ORIENTED_EDGE('',*,*,#7150,.F.);
#9238=ORIENTED_EDGE('',*,*,#7160,.T.);
#9239=ORIENTED_EDGE('',*,*,#7157,.T.);
#9240=ORIENTED_EDGE('',*,*,#7154,.T.);
#9241=ORIENTED_EDGE('',*,*,#7151,.T.);
#9242=ORIENTED_EDGE('',*,*,#7159,.F.);
#9243=ORIENTED_EDGE('',*,*,#7149,.F.);
#9244=ORIENTED_EDGE('',*,*,#7153,.F.);
#9245=ORIENTED_EDGE('',*,*,#7156,.F.);
#9246=ORIENTED_EDGE('',*,*,#7161,.T.);
#9247=ORIENTED_EDGE('',*,*,#7162,.T.);
#9248=ORIENTED_EDGE('',*,*,#7163,.F.);
#9249=ORIENTED_EDGE('',*,*,#7164,.F.);
#9250=ORIENTED_EDGE('',*,*,#7165,.T.);
#9251=ORIENTED_EDGE('',*,*,#7164,.T.);
#9252=ORIENTED_EDGE('',*,*,#7166,.F.);
#9253=ORIENTED_EDGE('',*,*,#7167,.F.);
#9254=ORIENTED_EDGE('',*,*,#7168,.T.);
#9255=ORIENTED_EDGE('',*,*,#7167,.T.);
#9256=ORIENTED_EDGE('',*,*,#7169,.F.);
#9257=ORIENTED_EDGE('',*,*,#7170,.F.);
#9258=ORIENTED_EDGE('',*,*,#7171,.T.);
#9259=ORIENTED_EDGE('',*,*,#7170,.T.);
#9260=ORIENTED_EDGE('',*,*,#7172,.F.);
#9261=ORIENTED_EDGE('',*,*,#7162,.F.);
#9262=ORIENTED_EDGE('',*,*,#7172,.T.);
#9263=ORIENTED_EDGE('',*,*,#7169,.T.);
#9264=ORIENTED_EDGE('',*,*,#7166,.T.);
#9265=ORIENTED_EDGE('',*,*,#7163,.T.);
#9266=ORIENTED_EDGE('',*,*,#7171,.F.);
#9267=ORIENTED_EDGE('',*,*,#7161,.F.);
#9268=ORIENTED_EDGE('',*,*,#7165,.F.);
#9269=ORIENTED_EDGE('',*,*,#7168,.F.);
#9270=ORIENTED_EDGE('',*,*,#7173,.F.);
#9271=ORIENTED_EDGE('',*,*,#7174,.T.);
#9272=ORIENTED_EDGE('',*,*,#7175,.T.);
#9273=ORIENTED_EDGE('',*,*,#7174,.F.);
#9274=ORIENTED_EDGE('',*,*,#7175,.F.);
#9275=ORIENTED_EDGE('',*,*,#7176,.F.);
#9276=ORIENTED_EDGE('',*,*,#7177,.T.);
#9277=ORIENTED_EDGE('',*,*,#7178,.T.);
#9278=ORIENTED_EDGE('',*,*,#7177,.F.);
#9279=ORIENTED_EDGE('',*,*,#7178,.F.);
#9280=ORIENTED_EDGE('',*,*,#7179,.T.);
#9281=ORIENTED_EDGE('',*,*,#7180,.T.);
#9282=ORIENTED_EDGE('',*,*,#7181,.F.);
#9283=ORIENTED_EDGE('',*,*,#7180,.F.);
#9284=ORIENTED_EDGE('',*,*,#7182,.F.);
#9285=ORIENTED_EDGE('',*,*,#7183,.T.);
#9286=ORIENTED_EDGE('',*,*,#7184,.F.);
#9287=ORIENTED_EDGE('',*,*,#7183,.F.);
#9288=ORIENTED_EDGE('',*,*,#7179,.F.);
#9289=ORIENTED_EDGE('',*,*,#7185,.T.);
#9290=ORIENTED_EDGE('',*,*,#7186,.T.);
#9291=ORIENTED_EDGE('',*,*,#7187,.F.);
#9292=ORIENTED_EDGE('',*,*,#7186,.F.);
#9293=ORIENTED_EDGE('',*,*,#7188,.F.);
#9294=ORIENTED_EDGE('',*,*,#7189,.T.);
#9295=ORIENTED_EDGE('',*,*,#7190,.F.);
#9296=ORIENTED_EDGE('',*,*,#7189,.F.);
#9297=ORIENTED_EDGE('',*,*,#7185,.F.);
#9298=ORIENTED_EDGE('',*,*,#7191,.F.);
#9299=ORIENTED_EDGE('',*,*,#7192,.F.);
#9300=ORIENTED_EDGE('',*,*,#7193,.F.);
#9301=ORIENTED_EDGE('',*,*,#7194,.F.);
#9302=ORIENTED_EDGE('',*,*,#7182,.T.);
#9303=ORIENTED_EDGE('',*,*,#7188,.T.);
#9304=ORIENTED_EDGE('',*,*,#7193,.T.);
#9305=ORIENTED_EDGE('',*,*,#7195,.T.);
#9306=ORIENTED_EDGE('',*,*,#7196,.F.);
#9307=ORIENTED_EDGE('',*,*,#7197,.F.);
#9308=ORIENTED_EDGE('',*,*,#7198,.T.);
#9309=ORIENTED_EDGE('',*,*,#7199,.T.);
#9310=ORIENTED_EDGE('',*,*,#7200,.T.);
#9311=ORIENTED_EDGE('',*,*,#7196,.T.);
#9312=ORIENTED_EDGE('',*,*,#7184,.T.);
#9313=ORIENTED_EDGE('',*,*,#7190,.T.);
#9314=ORIENTED_EDGE('',*,*,#7198,.F.);
#9315=ORIENTED_EDGE('',*,*,#7195,.F.);
#9316=ORIENTED_EDGE('',*,*,#7192,.T.);
#9317=ORIENTED_EDGE('',*,*,#7201,.F.);
#9318=ORIENTED_EDGE('',*,*,#7202,.F.);
#9319=ORIENTED_EDGE('',*,*,#7203,.F.);
#9320=ORIENTED_EDGE('',*,*,#7204,.T.);
#9321=ORIENTED_EDGE('',*,*,#7205,.F.);
#9322=ORIENTED_EDGE('',*,*,#7206,.T.);
#9323=ORIENTED_EDGE('',*,*,#7207,.T.);
#9324=ORIENTED_EDGE('',*,*,#7208,.F.);
#9325=ORIENTED_EDGE('',*,*,#7204,.F.);
#9326=ORIENTED_EDGE('',*,*,#7209,.F.);
#9327=ORIENTED_EDGE('',*,*,#7210,.F.);
#9328=ORIENTED_EDGE('',*,*,#7209,.T.);
#9329=ORIENTED_EDGE('',*,*,#7203,.T.);
#9330=ORIENTED_EDGE('',*,*,#7211,.F.);
#9331=ORIENTED_EDGE('',*,*,#7212,.F.);
#9332=ORIENTED_EDGE('',*,*,#7213,.F.);
#9333=ORIENTED_EDGE('',*,*,#7214,.T.);
#9334=ORIENTED_EDGE('',*,*,#7211,.T.);
#9335=ORIENTED_EDGE('',*,*,#7202,.T.);
#9336=ORIENTED_EDGE('',*,*,#7181,.T.);
#9337=ORIENTED_EDGE('',*,*,#7187,.T.);
#9338=ORIENTED_EDGE('',*,*,#7200,.F.);
#9339=ORIENTED_EDGE('',*,*,#7215,.F.);
#9340=ORIENTED_EDGE('',*,*,#7216,.T.);
#9341=ORIENTED_EDGE('',*,*,#7217,.T.);
#9342=ORIENTED_EDGE('',*,*,#7210,.T.);
#9343=ORIENTED_EDGE('',*,*,#7212,.T.);
#9344=ORIENTED_EDGE('',*,*,#7214,.F.);
#9345=ORIENTED_EDGE('',*,*,#7218,.T.);
#9346=ORIENTED_EDGE('',*,*,#7194,.T.);
#9347=ORIENTED_EDGE('',*,*,#7197,.T.);
#9348=ORIENTED_EDGE('',*,*,#7191,.T.);
#9349=ORIENTED_EDGE('',*,*,#7218,.F.);
#9350=ORIENTED_EDGE('',*,*,#7213,.T.);
#9351=ORIENTED_EDGE('',*,*,#7201,.T.);
#9352=ORIENTED_EDGE('',*,*,#7208,.T.);
#9353=ORIENTED_EDGE('',*,*,#7217,.F.);
#9354=ORIENTED_EDGE('',*,*,#7219,.T.);
#9355=ORIENTED_EDGE('',*,*,#7205,.T.);
#9356=ORIENTED_EDGE('',*,*,#7220,.T.);
#9357=ORIENTED_EDGE('',*,*,#7215,.T.);
#9358=ORIENTED_EDGE('',*,*,#7199,.F.);
#9359=ORIENTED_EDGE('',*,*,#7207,.F.);
#9360=ORIENTED_EDGE('',*,*,#7206,.F.);
#9361=ORIENTED_EDGE('',*,*,#7219,.F.);
#9362=ORIENTED_EDGE('',*,*,#7216,.F.);
#9363=ORIENTED_EDGE('',*,*,#7220,.F.);
#9364=ORIENTED_EDGE('',*,*,#7173,.T.);
#9365=ORIENTED_EDGE('',*,*,#7176,.T.);
#9366=ORIENTED_EDGE('',*,*,#7221,.F.);
#9367=ORIENTED_EDGE('',*,*,#7222,.T.);
#9368=ORIENTED_EDGE('',*,*,#7223,.F.);
#9369=ORIENTED_EDGE('',*,*,#7222,.F.);
#9370=ORIENTED_EDGE('',*,*,#7224,.F.);
#9371=ORIENTED_EDGE('',*,*,#7225,.T.);
#9372=ORIENTED_EDGE('',*,*,#7226,.F.);
#9373=ORIENTED_EDGE('',*,*,#7225,.F.);
#9374=ORIENTED_EDGE('',*,*,#7227,.F.);
#9375=ORIENTED_EDGE('',*,*,#7228,.T.);
#9376=ORIENTED_EDGE('',*,*,#7229,.F.);
#9377=ORIENTED_EDGE('',*,*,#7228,.F.);
#9378=ORIENTED_EDGE('',*,*,#7230,.F.);
#9379=ORIENTED_EDGE('',*,*,#7231,.T.);
#9380=ORIENTED_EDGE('',*,*,#7232,.F.);
#9381=ORIENTED_EDGE('',*,*,#7231,.F.);
#9382=ORIENTED_EDGE('',*,*,#7233,.F.);
#9383=ORIENTED_EDGE('',*,*,#7234,.T.);
#9384=ORIENTED_EDGE('',*,*,#7235,.F.);
#9385=ORIENTED_EDGE('',*,*,#7234,.F.);
#9386=ORIENTED_EDGE('',*,*,#7236,.F.);
#9387=ORIENTED_EDGE('',*,*,#7237,.F.);
#9388=ORIENTED_EDGE('',*,*,#7238,.T.);
#9389=ORIENTED_EDGE('',*,*,#7239,.T.);
#9390=ORIENTED_EDGE('',*,*,#7240,.F.);
#9391=ORIENTED_EDGE('',*,*,#7241,.F.);
#9392=ORIENTED_EDGE('',*,*,#7242,.F.);
#9393=ORIENTED_EDGE('',*,*,#7238,.F.);
#9394=ORIENTED_EDGE('',*,*,#7221,.T.);
#9395=ORIENTED_EDGE('',*,*,#7243,.F.);
#9396=ORIENTED_EDGE('',*,*,#7244,.F.);
#9397=ORIENTED_EDGE('',*,*,#7245,.T.);
#9398=ORIENTED_EDGE('',*,*,#7239,.F.);
#9399=ORIENTED_EDGE('',*,*,#7242,.T.);
#9400=ORIENTED_EDGE('',*,*,#7246,.T.);
#9401=ORIENTED_EDGE('',*,*,#7247,.T.);
#9402=ORIENTED_EDGE('',*,*,#7248,.T.);
#9403=ORIENTED_EDGE('',*,*,#7243,.T.);
#9404=ORIENTED_EDGE('',*,*,#7249,.T.);
#9405=ORIENTED_EDGE('',*,*,#7223,.T.);
#9406=ORIENTED_EDGE('',*,*,#7226,.T.);
#9407=ORIENTED_EDGE('',*,*,#7229,.T.);
#9408=ORIENTED_EDGE('',*,*,#7232,.T.);
#9409=ORIENTED_EDGE('',*,*,#7235,.T.);
#9410=ORIENTED_EDGE('',*,*,#7250,.T.);
#9411=ORIENTED_EDGE('',*,*,#7251,.T.);
#9412=ORIENTED_EDGE('',*,*,#7252,.F.);
#9413=ORIENTED_EDGE('',*,*,#7247,.F.);
#9414=ORIENTED_EDGE('',*,*,#7253,.F.);
#9415=ORIENTED_EDGE('',*,*,#7240,.T.);
#9416=ORIENTED_EDGE('',*,*,#7237,.T.);
#9417=ORIENTED_EDGE('',*,*,#7253,.T.);
#9418=ORIENTED_EDGE('',*,*,#7249,.F.);
#9419=ORIENTED_EDGE('',*,*,#7246,.F.);
#9420=ORIENTED_EDGE('',*,*,#7241,.T.);
#9421=ORIENTED_EDGE('',*,*,#7254,.F.);
#9422=ORIENTED_EDGE('',*,*,#7255,.T.);
#9423=ORIENTED_EDGE('',*,*,#7250,.F.);
#9424=ORIENTED_EDGE('',*,*,#7255,.F.);
#9425=ORIENTED_EDGE('',*,*,#7244,.T.);
#9426=ORIENTED_EDGE('',*,*,#7248,.F.);
#9427=ORIENTED_EDGE('',*,*,#7252,.T.);
#9428=ORIENTED_EDGE('',*,*,#7256,.F.);
#9429=ORIENTED_EDGE('',*,*,#7236,.T.);
#9430=ORIENTED_EDGE('',*,*,#7245,.F.);
#9431=ORIENTED_EDGE('',*,*,#7256,.T.);
#9432=ORIENTED_EDGE('',*,*,#7251,.F.);
#9433=ORIENTED_EDGE('',*,*,#7224,.T.);
#9434=ORIENTED_EDGE('',*,*,#7227,.T.);
#9435=ORIENTED_EDGE('',*,*,#7230,.T.);
#9436=ORIENTED_EDGE('',*,*,#7233,.T.);
#9437=ORIENTED_EDGE('',*,*,#7254,.T.);
#9438=ORIENTED_EDGE('',*,*,#7257,.T.);
#9439=ORIENTED_EDGE('',*,*,#7258,.T.);
#9440=ORIENTED_EDGE('',*,*,#7259,.F.);
#9441=ORIENTED_EDGE('',*,*,#7260,.F.);
#9442=ORIENTED_EDGE('',*,*,#7261,.T.);
#9443=ORIENTED_EDGE('',*,*,#7260,.T.);
#9444=ORIENTED_EDGE('',*,*,#7262,.F.);
#9445=ORIENTED_EDGE('',*,*,#7263,.F.);
#9446=ORIENTED_EDGE('',*,*,#7264,.T.);
#9447=ORIENTED_EDGE('',*,*,#7263,.T.);
#9448=ORIENTED_EDGE('',*,*,#7265,.F.);
#9449=ORIENTED_EDGE('',*,*,#7266,.F.);
#9450=ORIENTED_EDGE('',*,*,#7267,.T.);
#9451=ORIENTED_EDGE('',*,*,#7266,.T.);
#9452=ORIENTED_EDGE('',*,*,#7268,.F.);
#9453=ORIENTED_EDGE('',*,*,#7258,.F.);
#9454=ORIENTED_EDGE('',*,*,#7268,.T.);
#9455=ORIENTED_EDGE('',*,*,#7265,.T.);
#9456=ORIENTED_EDGE('',*,*,#7262,.T.);
#9457=ORIENTED_EDGE('',*,*,#7259,.T.);
#9458=ORIENTED_EDGE('',*,*,#7267,.F.);
#9459=ORIENTED_EDGE('',*,*,#7257,.F.);
#9460=ORIENTED_EDGE('',*,*,#7261,.F.);
#9461=ORIENTED_EDGE('',*,*,#7264,.F.);
#9462=ORIENTED_EDGE('',*,*,#7269,.F.);
#9463=ORIENTED_EDGE('',*,*,#7270,.T.);
#9464=ORIENTED_EDGE('',*,*,#7271,.F.);
#9465=ORIENTED_EDGE('',*,*,#7270,.F.);
#9466=ORIENTED_EDGE('',*,*,#7272,.F.);
#9467=ORIENTED_EDGE('',*,*,#7273,.T.);
#9468=ORIENTED_EDGE('',*,*,#7274,.F.);
#9469=ORIENTED_EDGE('',*,*,#7273,.F.);
#9470=ORIENTED_EDGE('',*,*,#7275,.F.);
#9471=ORIENTED_EDGE('',*,*,#7276,.T.);
#9472=ORIENTED_EDGE('',*,*,#7277,.F.);
#9473=ORIENTED_EDGE('',*,*,#7276,.F.);
#9474=ORIENTED_EDGE('',*,*,#7278,.F.);
#9475=ORIENTED_EDGE('',*,*,#7279,.T.);
#9476=ORIENTED_EDGE('',*,*,#7280,.F.);
#9477=ORIENTED_EDGE('',*,*,#7279,.F.);
#9478=ORIENTED_EDGE('',*,*,#7281,.F.);
#9479=ORIENTED_EDGE('',*,*,#7282,.T.);
#9480=ORIENTED_EDGE('',*,*,#7283,.F.);
#9481=ORIENTED_EDGE('',*,*,#7282,.F.);
#9482=ORIENTED_EDGE('',*,*,#7284,.F.);
#9483=ORIENTED_EDGE('',*,*,#7285,.T.);
#9484=ORIENTED_EDGE('',*,*,#7286,.F.);
#9485=ORIENTED_EDGE('',*,*,#7285,.F.);
#9486=ORIENTED_EDGE('',*,*,#7287,.F.);
#9487=ORIENTED_EDGE('',*,*,#7288,.T.);
#9488=ORIENTED_EDGE('',*,*,#7289,.F.);
#9489=ORIENTED_EDGE('',*,*,#7288,.F.);
#9490=ORIENTED_EDGE('',*,*,#7290,.F.);
#9491=ORIENTED_EDGE('',*,*,#7291,.F.);
#9492=ORIENTED_EDGE('',*,*,#7292,.F.);
#9493=ORIENTED_EDGE('',*,*,#7293,.T.);
#9494=ORIENTED_EDGE('',*,*,#7294,.F.);
#9495=ORIENTED_EDGE('',*,*,#7295,.T.);
#9496=ORIENTED_EDGE('',*,*,#7296,.T.);
#9497=ORIENTED_EDGE('',*,*,#7297,.F.);
#9498=ORIENTED_EDGE('',*,*,#7298,.F.);
#9499=ORIENTED_EDGE('',*,*,#7299,.T.);
#9500=ORIENTED_EDGE('',*,*,#7300,.T.);
#9501=ORIENTED_EDGE('',*,*,#7301,.F.);
#9502=ORIENTED_EDGE('',*,*,#7302,.T.);
#9503=ORIENTED_EDGE('',*,*,#7292,.T.);
#9504=ORIENTED_EDGE('',*,*,#7303,.F.);
#9505=ORIENTED_EDGE('',*,*,#7300,.F.);
#9506=ORIENTED_EDGE('',*,*,#7304,.F.);
#9507=ORIENTED_EDGE('',*,*,#7305,.F.);
#9508=ORIENTED_EDGE('',*,*,#7306,.F.);
#9509=ORIENTED_EDGE('',*,*,#7307,.T.);
#9510=ORIENTED_EDGE('',*,*,#7308,.T.);
#9511=ORIENTED_EDGE('',*,*,#7306,.T.);
#9512=ORIENTED_EDGE('',*,*,#7309,.F.);
#9513=ORIENTED_EDGE('',*,*,#7296,.F.);
#9514=ORIENTED_EDGE('',*,*,#7304,.T.);
#9515=ORIENTED_EDGE('',*,*,#7310,.T.);
#9516=ORIENTED_EDGE('',*,*,#7311,.T.);
#9517=ORIENTED_EDGE('',*,*,#7312,.F.);
#9518=ORIENTED_EDGE('',*,*,#7313,.T.);
#9519=ORIENTED_EDGE('',*,*,#7314,.T.);
#9520=ORIENTED_EDGE('',*,*,#7315,.T.);
#9521=ORIENTED_EDGE('',*,*,#7316,.T.);
#9522=ORIENTED_EDGE('',*,*,#7317,.T.);
#9523=ORIENTED_EDGE('',*,*,#7318,.T.);
#9524=ORIENTED_EDGE('',*,*,#7319,.T.);
#9525=ORIENTED_EDGE('',*,*,#7320,.T.);
#9526=ORIENTED_EDGE('',*,*,#7321,.T.);
#9527=ORIENTED_EDGE('',*,*,#7322,.T.);
#9528=ORIENTED_EDGE('',*,*,#7323,.T.);
#9529=ORIENTED_EDGE('',*,*,#7324,.T.);
#9530=ORIENTED_EDGE('',*,*,#7325,.T.);
#9531=ORIENTED_EDGE('',*,*,#7326,.T.);
#9532=ORIENTED_EDGE('',*,*,#7327,.T.);
#9533=ORIENTED_EDGE('',*,*,#7328,.T.);
#9534=ORIENTED_EDGE('',*,*,#7329,.T.);
#9535=ORIENTED_EDGE('',*,*,#7330,.T.);
#9536=ORIENTED_EDGE('',*,*,#7331,.T.);
#9537=ORIENTED_EDGE('',*,*,#7332,.T.);
#9538=ORIENTED_EDGE('',*,*,#7333,.T.);
#9539=ORIENTED_EDGE('',*,*,#7334,.T.);
#9540=ORIENTED_EDGE('',*,*,#7335,.T.);
#9541=ORIENTED_EDGE('',*,*,#7336,.T.);
#9542=ORIENTED_EDGE('',*,*,#7337,.T.);
#9543=ORIENTED_EDGE('',*,*,#7338,.T.);
#9544=ORIENTED_EDGE('',*,*,#7339,.T.);
#9545=ORIENTED_EDGE('',*,*,#7340,.T.);
#9546=ORIENTED_EDGE('',*,*,#7341,.T.);
#9547=ORIENTED_EDGE('',*,*,#7342,.T.);
#9548=ORIENTED_EDGE('',*,*,#7343,.T.);
#9549=ORIENTED_EDGE('',*,*,#7344,.T.);
#9550=ORIENTED_EDGE('',*,*,#7345,.T.);
#9551=ORIENTED_EDGE('',*,*,#7346,.T.);
#9552=ORIENTED_EDGE('',*,*,#7347,.T.);
#9553=ORIENTED_EDGE('',*,*,#7297,.T.);
#9554=ORIENTED_EDGE('',*,*,#7309,.T.);
#9555=ORIENTED_EDGE('',*,*,#7305,.T.);
#9556=ORIENTED_EDGE('',*,*,#7312,.T.);
#9557=ORIENTED_EDGE('',*,*,#7348,.T.);
#9558=ORIENTED_EDGE('',*,*,#7349,.T.);
#9559=ORIENTED_EDGE('',*,*,#7301,.T.);
#9560=ORIENTED_EDGE('',*,*,#7303,.T.);
#9561=ORIENTED_EDGE('',*,*,#7291,.T.);
#9562=ORIENTED_EDGE('',*,*,#7271,.T.);
#9563=ORIENTED_EDGE('',*,*,#7274,.T.);
#9564=ORIENTED_EDGE('',*,*,#7277,.T.);
#9565=ORIENTED_EDGE('',*,*,#7280,.T.);
#9566=ORIENTED_EDGE('',*,*,#7283,.T.);
#9567=ORIENTED_EDGE('',*,*,#7286,.T.);
#9568=ORIENTED_EDGE('',*,*,#7289,.T.);
#9569=ORIENTED_EDGE('',*,*,#7298,.T.);
#9570=ORIENTED_EDGE('',*,*,#7349,.F.);
#9571=ORIENTED_EDGE('',*,*,#7350,.F.);
#9572=ORIENTED_EDGE('',*,*,#7351,.T.);
#9573=ORIENTED_EDGE('',*,*,#7352,.F.);
#9574=ORIENTED_EDGE('',*,*,#7319,.F.);
#9575=ORIENTED_EDGE('',*,*,#7353,.F.);
#9576=ORIENTED_EDGE('',*,*,#7354,.T.);
#9577=ORIENTED_EDGE('',*,*,#7355,.F.);
#9578=ORIENTED_EDGE('',*,*,#7356,.T.);
#9579=ORIENTED_EDGE('',*,*,#7357,.T.);
#9580=ORIENTED_EDGE('',*,*,#7317,.F.);
#9581=ORIENTED_EDGE('',*,*,#7358,.F.);
#9582=ORIENTED_EDGE('',*,*,#7325,.F.);
#9583=ORIENTED_EDGE('',*,*,#7359,.F.);
#9584=ORIENTED_EDGE('',*,*,#7360,.T.);
#9585=ORIENTED_EDGE('',*,*,#7361,.T.);
#9586=ORIENTED_EDGE('',*,*,#7359,.T.);
#9587=ORIENTED_EDGE('',*,*,#7324,.F.);
#9588=ORIENTED_EDGE('',*,*,#7362,.F.);
#9589=ORIENTED_EDGE('',*,*,#7363,.F.);
#9590=ORIENTED_EDGE('',*,*,#7364,.T.);
#9591=ORIENTED_EDGE('',*,*,#7362,.T.);
#9592=ORIENTED_EDGE('',*,*,#7323,.F.);
#9593=ORIENTED_EDGE('',*,*,#7365,.T.);
#9594=ORIENTED_EDGE('',*,*,#7353,.T.);
#9595=ORIENTED_EDGE('',*,*,#7318,.F.);
#9596=ORIENTED_EDGE('',*,*,#7357,.F.);
#9597=ORIENTED_EDGE('',*,*,#7358,.T.);
#9598=ORIENTED_EDGE('',*,*,#7366,.T.);
#9599=ORIENTED_EDGE('',*,*,#7367,.T.);
#9600=ORIENTED_EDGE('',*,*,#7326,.F.);
#9601=ORIENTED_EDGE('',*,*,#7363,.T.);
#9602=ORIENTED_EDGE('',*,*,#7322,.F.);
#9603=ORIENTED_EDGE('',*,*,#7368,.F.);
#9604=ORIENTED_EDGE('',*,*,#7369,.T.);
#9605=ORIENTED_EDGE('',*,*,#7355,.T.);
#9606=ORIENTED_EDGE('',*,*,#7316,.F.);
#9607=ORIENTED_EDGE('',*,*,#7370,.T.);
#9608=ORIENTED_EDGE('',*,*,#7371,.T.);
#9609=ORIENTED_EDGE('',*,*,#7372,.F.);
#9610=ORIENTED_EDGE('',*,*,#7343,.F.);
#9611=ORIENTED_EDGE('',*,*,#7373,.F.);
#9612=ORIENTED_EDGE('',*,*,#7374,.T.);
#9613=ORIENTED_EDGE('',*,*,#7375,.F.);
#9614=ORIENTED_EDGE('',*,*,#7376,.T.);
#9615=ORIENTED_EDGE('',*,*,#7377,.T.);
#9616=ORIENTED_EDGE('',*,*,#7341,.F.);
#9617=ORIENTED_EDGE('',*,*,#7378,.F.);
#9618=ORIENTED_EDGE('',*,*,#7337,.F.);
#9619=ORIENTED_EDGE('',*,*,#7379,.F.);
#9620=ORIENTED_EDGE('',*,*,#7380,.T.);
#9621=ORIENTED_EDGE('',*,*,#7381,.T.);
#9622=ORIENTED_EDGE('',*,*,#7379,.T.);
#9623=ORIENTED_EDGE('',*,*,#7336,.F.);
#9624=ORIENTED_EDGE('',*,*,#7382,.F.);
#9625=ORIENTED_EDGE('',*,*,#7383,.F.);
#9626=ORIENTED_EDGE('',*,*,#7384,.T.);
#9627=ORIENTED_EDGE('',*,*,#7382,.T.);
#9628=ORIENTED_EDGE('',*,*,#7335,.F.);
#9629=ORIENTED_EDGE('',*,*,#7385,.T.);
#9630=ORIENTED_EDGE('',*,*,#7373,.T.);
#9631=ORIENTED_EDGE('',*,*,#7342,.F.);
#9632=ORIENTED_EDGE('',*,*,#7377,.F.);
#9633=ORIENTED_EDGE('',*,*,#7378,.T.);
#9634=ORIENTED_EDGE('',*,*,#7386,.T.);
#9635=ORIENTED_EDGE('',*,*,#7387,.T.);
#9636=ORIENTED_EDGE('',*,*,#7338,.F.);
#9637=ORIENTED_EDGE('',*,*,#7383,.T.);
#9638=ORIENTED_EDGE('',*,*,#7334,.F.);
#9639=ORIENTED_EDGE('',*,*,#7388,.T.);
#9640=ORIENTED_EDGE('',*,*,#7389,.T.);
#9641=ORIENTED_EDGE('',*,*,#7375,.T.);
#9642=ORIENTED_EDGE('',*,*,#7340,.F.);
#9643=ORIENTED_EDGE('',*,*,#7390,.F.);
#9644=ORIENTED_EDGE('',*,*,#7391,.T.);
#9645=ORIENTED_EDGE('',*,*,#7370,.F.);
#9646=ORIENTED_EDGE('',*,*,#7315,.F.);
#9647=ORIENTED_EDGE('',*,*,#7392,.F.);
#9648=ORIENTED_EDGE('',*,*,#7393,.T.);
#9649=ORIENTED_EDGE('',*,*,#7367,.F.);
#9650=ORIENTED_EDGE('',*,*,#7394,.T.);
#9651=ORIENTED_EDGE('',*,*,#7395,.T.);
#9652=ORIENTED_EDGE('',*,*,#7327,.F.);
#9653=ORIENTED_EDGE('',*,*,#7396,.F.);
#9654=ORIENTED_EDGE('',*,*,#7397,.T.);
#9655=ORIENTED_EDGE('',*,*,#7398,.T.);
#9656=ORIENTED_EDGE('',*,*,#7332,.F.);
#9657=ORIENTED_EDGE('',*,*,#7399,.F.);
#9658=ORIENTED_EDGE('',*,*,#7346,.F.);
#9659=ORIENTED_EDGE('',*,*,#7400,.F.);
#9660=ORIENTED_EDGE('',*,*,#7401,.T.);
#9661=ORIENTED_EDGE('',*,*,#7402,.F.);
#9662=ORIENTED_EDGE('',*,*,#7403,.T.);
#9663=ORIENTED_EDGE('',*,*,#7400,.T.);
#9664=ORIENTED_EDGE('',*,*,#7345,.F.);
#9665=ORIENTED_EDGE('',*,*,#7404,.F.);
#9666=ORIENTED_EDGE('',*,*,#7328,.F.);
#9667=ORIENTED_EDGE('',*,*,#7395,.F.);
#9668=ORIENTED_EDGE('',*,*,#7405,.T.);
#9669=ORIENTED_EDGE('',*,*,#7406,.F.);
#9670=ORIENTED_EDGE('',*,*,#7407,.T.);
#9671=ORIENTED_EDGE('',*,*,#7392,.T.);
#9672=ORIENTED_EDGE('',*,*,#7314,.F.);
#9673=ORIENTED_EDGE('',*,*,#7388,.F.);
#9674=ORIENTED_EDGE('',*,*,#7333,.F.);
#9675=ORIENTED_EDGE('',*,*,#7398,.F.);
#9676=ORIENTED_EDGE('',*,*,#7408,.T.);
#9677=ORIENTED_EDGE('',*,*,#7404,.T.);
#9678=ORIENTED_EDGE('',*,*,#7409,.T.);
#9679=ORIENTED_EDGE('',*,*,#7410,.T.);
#9680=ORIENTED_EDGE('',*,*,#7329,.F.);
#9681=ORIENTED_EDGE('',*,*,#7290,.T.);
#9682=ORIENTED_EDGE('',*,*,#7411,.T.);
#9683=ORIENTED_EDGE('',*,*,#7406,.T.);
#9684=ORIENTED_EDGE('',*,*,#7313,.F.);
#9685=ORIENTED_EDGE('',*,*,#7372,.T.);
#9686=ORIENTED_EDGE('',*,*,#7412,.T.);
#9687=ORIENTED_EDGE('',*,*,#7402,.T.);
#9688=ORIENTED_EDGE('',*,*,#7344,.F.);
#9689=ORIENTED_EDGE('',*,*,#7413,.T.);
#9690=ORIENTED_EDGE('',*,*,#7368,.T.);
#9691=ORIENTED_EDGE('',*,*,#7321,.F.);
#9692=ORIENTED_EDGE('',*,*,#7414,.F.);
#9693=ORIENTED_EDGE('',*,*,#7352,.T.);
#9694=ORIENTED_EDGE('',*,*,#7415,.T.);
#9695=ORIENTED_EDGE('',*,*,#7414,.T.);
#9696=ORIENTED_EDGE('',*,*,#7320,.F.);
#9697=ORIENTED_EDGE('',*,*,#7416,.T.);
#9698=ORIENTED_EDGE('',*,*,#7390,.T.);
#9699=ORIENTED_EDGE('',*,*,#7339,.F.);
#9700=ORIENTED_EDGE('',*,*,#7387,.F.);
#9701=ORIENTED_EDGE('',*,*,#7417,.F.);
#9702=ORIENTED_EDGE('',*,*,#7401,.F.);
#9703=ORIENTED_EDGE('',*,*,#7403,.F.);
#9704=ORIENTED_EDGE('',*,*,#7412,.F.);
#9705=ORIENTED_EDGE('',*,*,#7374,.F.);
#9706=ORIENTED_EDGE('',*,*,#7385,.F.);
#9707=ORIENTED_EDGE('',*,*,#7376,.F.);
#9708=ORIENTED_EDGE('',*,*,#7391,.F.);
#9709=ORIENTED_EDGE('',*,*,#7416,.F.);
#9710=ORIENTED_EDGE('',*,*,#7386,.F.);
#9711=ORIENTED_EDGE('',*,*,#7380,.F.);
#9712=ORIENTED_EDGE('',*,*,#7381,.F.);
#9713=ORIENTED_EDGE('',*,*,#7384,.F.);
#9714=ORIENTED_EDGE('',*,*,#7389,.F.);
#9715=ORIENTED_EDGE('',*,*,#7408,.F.);
#9716=ORIENTED_EDGE('',*,*,#7397,.F.);
#9717=ORIENTED_EDGE('',*,*,#7418,.F.);
#9718=ORIENTED_EDGE('',*,*,#7419,.F.);
#9719=ORIENTED_EDGE('',*,*,#7409,.F.);
#9720=ORIENTED_EDGE('',*,*,#7405,.F.);
#9721=ORIENTED_EDGE('',*,*,#7394,.F.);
#9722=ORIENTED_EDGE('',*,*,#7366,.F.);
#9723=ORIENTED_EDGE('',*,*,#7360,.F.);
#9724=ORIENTED_EDGE('',*,*,#7361,.F.);
#9725=ORIENTED_EDGE('',*,*,#7364,.F.);
#9726=ORIENTED_EDGE('',*,*,#7369,.F.);
#9727=ORIENTED_EDGE('',*,*,#7413,.F.);
#9728=ORIENTED_EDGE('',*,*,#7415,.F.);
#9729=ORIENTED_EDGE('',*,*,#7354,.F.);
#9730=ORIENTED_EDGE('',*,*,#7365,.F.);
#9731=ORIENTED_EDGE('',*,*,#7356,.F.);
#9732=ORIENTED_EDGE('',*,*,#7371,.F.);
#9733=ORIENTED_EDGE('',*,*,#7393,.F.);
#9734=ORIENTED_EDGE('',*,*,#7407,.F.);
#9735=ORIENTED_EDGE('',*,*,#7411,.F.);
#9736=ORIENTED_EDGE('',*,*,#7293,.F.);
#9737=ORIENTED_EDGE('',*,*,#7302,.F.);
#9738=ORIENTED_EDGE('',*,*,#7299,.F.);
#9739=ORIENTED_EDGE('',*,*,#7351,.F.);
#9740=ORIENTED_EDGE('',*,*,#7420,.F.);
#9741=ORIENTED_EDGE('',*,*,#7310,.F.);
#9742=ORIENTED_EDGE('',*,*,#7307,.F.);
#9743=ORIENTED_EDGE('',*,*,#7308,.F.);
#9744=ORIENTED_EDGE('',*,*,#7295,.F.);
#9745=ORIENTED_EDGE('',*,*,#7269,.T.);
#9746=ORIENTED_EDGE('',*,*,#7272,.T.);
#9747=ORIENTED_EDGE('',*,*,#7275,.T.);
#9748=ORIENTED_EDGE('',*,*,#7278,.T.);
#9749=ORIENTED_EDGE('',*,*,#7281,.T.);
#9750=ORIENTED_EDGE('',*,*,#7284,.T.);
#9751=ORIENTED_EDGE('',*,*,#7287,.T.);
#9752=ORIENTED_EDGE('',*,*,#7294,.T.);
#9753=ORIENTED_EDGE('',*,*,#7347,.F.);
#9754=ORIENTED_EDGE('',*,*,#7399,.T.);
#9755=ORIENTED_EDGE('',*,*,#7417,.T.);
#9756=ORIENTED_EDGE('',*,*,#7419,.T.);
#9757=ORIENTED_EDGE('',*,*,#7421,.T.);
#9758=ORIENTED_EDGE('',*,*,#7330,.F.);
#9759=ORIENTED_EDGE('',*,*,#7410,.F.);
#9760=ORIENTED_EDGE('',*,*,#7420,.T.);
#9761=ORIENTED_EDGE('',*,*,#7350,.T.);
#9762=ORIENTED_EDGE('',*,*,#7348,.F.);
#9763=ORIENTED_EDGE('',*,*,#7311,.F.);
#9764=ORIENTED_EDGE('',*,*,#7396,.T.);
#9765=ORIENTED_EDGE('',*,*,#7331,.F.);
#9766=ORIENTED_EDGE('',*,*,#7421,.F.);
#9767=ORIENTED_EDGE('',*,*,#7418,.T.);
#9768=ORIENTED_EDGE('',*,*,#7422,.F.);
#9769=ORIENTED_EDGE('',*,*,#7423,.F.);
#9770=ORIENTED_EDGE('',*,*,#7424,.F.);
#9771=ORIENTED_EDGE('',*,*,#7425,.F.);
#9772=ORIENTED_EDGE('',*,*,#7426,.F.);
#9773=ORIENTED_EDGE('',*,*,#7427,.T.);
#9774=ORIENTED_EDGE('',*,*,#7428,.T.);
#9775=ORIENTED_EDGE('',*,*,#7429,.F.);
#9776=ORIENTED_EDGE('',*,*,#7428,.F.);
#9777=ORIENTED_EDGE('',*,*,#7430,.T.);
#9778=ORIENTED_EDGE('',*,*,#7431,.T.);
#9779=ORIENTED_EDGE('',*,*,#7432,.F.);
#9780=ORIENTED_EDGE('',*,*,#7433,.F.);
#9781=ORIENTED_EDGE('',*,*,#7434,.F.);
#9782=ORIENTED_EDGE('',*,*,#7435,.T.);
#9783=ORIENTED_EDGE('',*,*,#7426,.T.);
#9784=ORIENTED_EDGE('',*,*,#7436,.F.);
#9785=ORIENTED_EDGE('',*,*,#7437,.F.);
#9786=ORIENTED_EDGE('',*,*,#7438,.T.);
#9787=ORIENTED_EDGE('',*,*,#7437,.T.);
#9788=ORIENTED_EDGE('',*,*,#7439,.F.);
#9789=ORIENTED_EDGE('',*,*,#7431,.F.);
#9790=ORIENTED_EDGE('',*,*,#7440,.F.);
#9791=ORIENTED_EDGE('',*,*,#7432,.T.);
#9792=ORIENTED_EDGE('',*,*,#7439,.T.);
#9793=ORIENTED_EDGE('',*,*,#7436,.T.);
#9794=ORIENTED_EDGE('',*,*,#7425,.T.);
#9795=ORIENTED_EDGE('',*,*,#7441,.F.);
#9796=ORIENTED_EDGE('',*,*,#7438,.F.);
#9797=ORIENTED_EDGE('',*,*,#7430,.F.);
#9798=ORIENTED_EDGE('',*,*,#7427,.F.);
#9799=ORIENTED_EDGE('',*,*,#7435,.F.);
#9800=ORIENTED_EDGE('',*,*,#7434,.T.);
#9801=ORIENTED_EDGE('',*,*,#7442,.T.);
#9802=ORIENTED_EDGE('',*,*,#7443,.T.);
#9803=ORIENTED_EDGE('',*,*,#7444,.F.);
#9804=ORIENTED_EDGE('',*,*,#7445,.T.);
#9805=ORIENTED_EDGE('',*,*,#7446,.T.);
#9806=ORIENTED_EDGE('',*,*,#7447,.T.);
#9807=ORIENTED_EDGE('',*,*,#7448,.T.);
#9808=ORIENTED_EDGE('',*,*,#7449,.F.);
#9809=ORIENTED_EDGE('',*,*,#7450,.T.);
#9810=ORIENTED_EDGE('',*,*,#7451,.T.);
#9811=ORIENTED_EDGE('',*,*,#7452,.T.);
#9812=ORIENTED_EDGE('',*,*,#7453,.F.);
#9813=ORIENTED_EDGE('',*,*,#7454,.T.);
#9814=ORIENTED_EDGE('',*,*,#7455,.T.);
#9815=ORIENTED_EDGE('',*,*,#7456,.T.);
#9816=ORIENTED_EDGE('',*,*,#7457,.T.);
#9817=ORIENTED_EDGE('',*,*,#7458,.T.);
#9818=ORIENTED_EDGE('',*,*,#7459,.T.);
#9819=ORIENTED_EDGE('',*,*,#7460,.T.);
#9820=ORIENTED_EDGE('',*,*,#7461,.F.);
#9821=ORIENTED_EDGE('',*,*,#7462,.T.);
#9822=ORIENTED_EDGE('',*,*,#7463,.T.);
#9823=ORIENTED_EDGE('',*,*,#7464,.T.);
#9824=ORIENTED_EDGE('',*,*,#7465,.F.);
#9825=ORIENTED_EDGE('',*,*,#7466,.T.);
#9826=ORIENTED_EDGE('',*,*,#7467,.T.);
#9827=ORIENTED_EDGE('',*,*,#7468,.T.);
#9828=ORIENTED_EDGE('',*,*,#7469,.T.);
#9829=ORIENTED_EDGE('',*,*,#7470,.F.);
#9830=ORIENTED_EDGE('',*,*,#7471,.T.);
#9831=ORIENTED_EDGE('',*,*,#7472,.T.);
#9832=ORIENTED_EDGE('',*,*,#7473,.T.);
#9833=ORIENTED_EDGE('',*,*,#7474,.F.);
#9834=ORIENTED_EDGE('',*,*,#7475,.T.);
#9835=ORIENTED_EDGE('',*,*,#7476,.T.);
#9836=ORIENTED_EDGE('',*,*,#7477,.T.);
#9837=ORIENTED_EDGE('',*,*,#7478,.T.);
#9838=ORIENTED_EDGE('',*,*,#7479,.F.);
#9839=ORIENTED_EDGE('',*,*,#7480,.T.);
#9840=ORIENTED_EDGE('',*,*,#7481,.T.);
#9841=ORIENTED_EDGE('',*,*,#7482,.T.);
#9842=ORIENTED_EDGE('',*,*,#7483,.F.);
#9843=ORIENTED_EDGE('',*,*,#7484,.T.);
#9844=ORIENTED_EDGE('',*,*,#7485,.T.);
#9845=ORIENTED_EDGE('',*,*,#7423,.T.);
#9846=ORIENTED_EDGE('',*,*,#7486,.F.);
#9847=ORIENTED_EDGE('',*,*,#7424,.T.);
#9848=ORIENTED_EDGE('',*,*,#7485,.F.);
#9849=ORIENTED_EDGE('',*,*,#7487,.F.);
#9850=ORIENTED_EDGE('',*,*,#7443,.F.);
#9851=ORIENTED_EDGE('',*,*,#7488,.T.);
#9852=ORIENTED_EDGE('',*,*,#7489,.T.);
#9853=ORIENTED_EDGE('',*,*,#7490,.F.);
#9854=ORIENTED_EDGE('',*,*,#7433,.T.);
#9855=ORIENTED_EDGE('',*,*,#7491,.F.);
#9856=ORIENTED_EDGE('',*,*,#7488,.F.);
#9857=ORIENTED_EDGE('',*,*,#7442,.F.);
#9858=ORIENTED_EDGE('',*,*,#7484,.F.);
#9859=ORIENTED_EDGE('',*,*,#7492,.F.);
#9860=ORIENTED_EDGE('',*,*,#7493,.F.);
#9861=ORIENTED_EDGE('',*,*,#7441,.T.);
#9862=ORIENTED_EDGE('',*,*,#7487,.T.);
#9863=ORIENTED_EDGE('',*,*,#7491,.T.);
#9864=ORIENTED_EDGE('',*,*,#7440,.T.);
#9865=ORIENTED_EDGE('',*,*,#7493,.T.);
#9866=ORIENTED_EDGE('',*,*,#7494,.F.);
#9867=ORIENTED_EDGE('',*,*,#7489,.F.);
#9868=ORIENTED_EDGE('',*,*,#7495,.T.);
#9869=ORIENTED_EDGE('',*,*,#7496,.T.);
#9870=ORIENTED_EDGE('',*,*,#7497,.T.);
#9871=ORIENTED_EDGE('',*,*,#7498,.F.);
#9872=ORIENTED_EDGE('',*,*,#7499,.F.);
#9873=ORIENTED_EDGE('',*,*,#7500,.T.);
#9874=ORIENTED_EDGE('',*,*,#7501,.F.);
#9875=ORIENTED_EDGE('',*,*,#7502,.T.);
#9876=ORIENTED_EDGE('',*,*,#7503,.F.);
#9877=ORIENTED_EDGE('',*,*,#7504,.T.);
#9878=ORIENTED_EDGE('',*,*,#7505,.F.);
#9879=ORIENTED_EDGE('',*,*,#7506,.F.);
#9880=ORIENTED_EDGE('',*,*,#7507,.T.);
#9881=ORIENTED_EDGE('',*,*,#7508,.F.);
#9882=ORIENTED_EDGE('',*,*,#7509,.T.);
#9883=ORIENTED_EDGE('',*,*,#7510,.F.);
#9884=ORIENTED_EDGE('',*,*,#7511,.T.);
#9885=ORIENTED_EDGE('',*,*,#7512,.F.);
#9886=ORIENTED_EDGE('',*,*,#7513,.F.);
#9887=ORIENTED_EDGE('',*,*,#7514,.T.);
#9888=ORIENTED_EDGE('',*,*,#7515,.F.);
#9889=ORIENTED_EDGE('',*,*,#7516,.T.);
#9890=ORIENTED_EDGE('',*,*,#7517,.F.);
#9891=ORIENTED_EDGE('',*,*,#7518,.T.);
#9892=ORIENTED_EDGE('',*,*,#7519,.F.);
#9893=ORIENTED_EDGE('',*,*,#7520,.F.);
#9894=ORIENTED_EDGE('',*,*,#7521,.T.);
#9895=ORIENTED_EDGE('',*,*,#7522,.T.);
#9896=ORIENTED_EDGE('',*,*,#7523,.T.);
#9897=ORIENTED_EDGE('',*,*,#7524,.F.);
#9898=ORIENTED_EDGE('',*,*,#7525,.F.);
#9899=ORIENTED_EDGE('',*,*,#7483,.T.);
#9900=ORIENTED_EDGE('',*,*,#7526,.T.);
#9901=ORIENTED_EDGE('',*,*,#7527,.T.);
#9902=ORIENTED_EDGE('',*,*,#7528,.T.);
#9903=ORIENTED_EDGE('',*,*,#7529,.T.);
#9904=ORIENTED_EDGE('',*,*,#7530,.T.);
#9905=ORIENTED_EDGE('',*,*,#7531,.T.);
#9906=ORIENTED_EDGE('',*,*,#7532,.T.);
#9907=ORIENTED_EDGE('',*,*,#7533,.T.);
#9908=ORIENTED_EDGE('',*,*,#7479,.T.);
#9909=ORIENTED_EDGE('',*,*,#7534,.T.);
#9910=ORIENTED_EDGE('',*,*,#7535,.T.);
#9911=ORIENTED_EDGE('',*,*,#7536,.T.);
#9912=ORIENTED_EDGE('',*,*,#7474,.T.);
#9913=ORIENTED_EDGE('',*,*,#7537,.T.);
#9914=ORIENTED_EDGE('',*,*,#7538,.T.);
#9915=ORIENTED_EDGE('',*,*,#7539,.T.);
#9916=ORIENTED_EDGE('',*,*,#7540,.T.);
#9917=ORIENTED_EDGE('',*,*,#7541,.T.);
#9918=ORIENTED_EDGE('',*,*,#7542,.T.);
#9919=ORIENTED_EDGE('',*,*,#7543,.T.);
#9920=ORIENTED_EDGE('',*,*,#7544,.T.);
#9921=ORIENTED_EDGE('',*,*,#7470,.T.);
#9922=ORIENTED_EDGE('',*,*,#7545,.T.);
#9923=ORIENTED_EDGE('',*,*,#7546,.T.);
#9924=ORIENTED_EDGE('',*,*,#7547,.T.);
#9925=ORIENTED_EDGE('',*,*,#7465,.T.);
#9926=ORIENTED_EDGE('',*,*,#7548,.T.);
#9927=ORIENTED_EDGE('',*,*,#7549,.T.);
#9928=ORIENTED_EDGE('',*,*,#7550,.T.);
#9929=ORIENTED_EDGE('',*,*,#7551,.T.);
#9930=ORIENTED_EDGE('',*,*,#7552,.T.);
#9931=ORIENTED_EDGE('',*,*,#7553,.T.);
#9932=ORIENTED_EDGE('',*,*,#7554,.T.);
#9933=ORIENTED_EDGE('',*,*,#7555,.T.);
#9934=ORIENTED_EDGE('',*,*,#7461,.T.);
#9935=ORIENTED_EDGE('',*,*,#7556,.T.);
#9936=ORIENTED_EDGE('',*,*,#7557,.T.);
#9937=ORIENTED_EDGE('',*,*,#7558,.T.);
#9938=ORIENTED_EDGE('',*,*,#7453,.T.);
#9939=ORIENTED_EDGE('',*,*,#7559,.T.);
#9940=ORIENTED_EDGE('',*,*,#7560,.T.);
#9941=ORIENTED_EDGE('',*,*,#7561,.T.);
#9942=ORIENTED_EDGE('',*,*,#7562,.T.);
#9943=ORIENTED_EDGE('',*,*,#7563,.T.);
#9944=ORIENTED_EDGE('',*,*,#7564,.T.);
#9945=ORIENTED_EDGE('',*,*,#7565,.T.);
#9946=ORIENTED_EDGE('',*,*,#7566,.T.);
#9947=ORIENTED_EDGE('',*,*,#7449,.T.);
#9948=ORIENTED_EDGE('',*,*,#7567,.T.);
#9949=ORIENTED_EDGE('',*,*,#7568,.T.);
#9950=ORIENTED_EDGE('',*,*,#7569,.T.);
#9951=ORIENTED_EDGE('',*,*,#7444,.T.);
#9952=ORIENTED_EDGE('',*,*,#7490,.T.);
#9953=ORIENTED_EDGE('',*,*,#7494,.T.);
#9954=ORIENTED_EDGE('',*,*,#7492,.T.);
#9955=ORIENTED_EDGE('',*,*,#7570,.T.);
#9956=ORIENTED_EDGE('',*,*,#7571,.T.);
#9957=ORIENTED_EDGE('',*,*,#7572,.T.);
#9958=ORIENTED_EDGE('',*,*,#7573,.T.);
#9959=ORIENTED_EDGE('',*,*,#7574,.T.);
#9960=ORIENTED_EDGE('',*,*,#7575,.T.);
#9961=ORIENTED_EDGE('',*,*,#7576,.T.);
#9962=ORIENTED_EDGE('',*,*,#7577,.T.);
#9963=ORIENTED_EDGE('',*,*,#7578,.T.);
#9964=ORIENTED_EDGE('',*,*,#7579,.T.);
#9965=ORIENTED_EDGE('',*,*,#7580,.T.);
#9966=ORIENTED_EDGE('',*,*,#7581,.T.);
#9967=ORIENTED_EDGE('',*,*,#7582,.T.);
#9968=ORIENTED_EDGE('',*,*,#7583,.T.);
#9969=ORIENTED_EDGE('',*,*,#7584,.T.);
#9970=ORIENTED_EDGE('',*,*,#7585,.T.);
#9971=ORIENTED_EDGE('',*,*,#7586,.T.);
#9972=ORIENTED_EDGE('',*,*,#7587,.T.);
#9973=ORIENTED_EDGE('',*,*,#7588,.T.);
#9974=ORIENTED_EDGE('',*,*,#7589,.T.);
#9975=ORIENTED_EDGE('',*,*,#7590,.T.);
#9976=ORIENTED_EDGE('',*,*,#7591,.T.);
#9977=ORIENTED_EDGE('',*,*,#7592,.T.);
#9978=ORIENTED_EDGE('',*,*,#7593,.T.);
#9979=ORIENTED_EDGE('',*,*,#7594,.T.);
#9980=ORIENTED_EDGE('',*,*,#7595,.T.);
#9981=ORIENTED_EDGE('',*,*,#7596,.T.);
#9982=ORIENTED_EDGE('',*,*,#7597,.T.);
#9983=ORIENTED_EDGE('',*,*,#7598,.F.);
#9984=ORIENTED_EDGE('',*,*,#7599,.T.);
#9985=ORIENTED_EDGE('',*,*,#7524,.T.);
#9986=ORIENTED_EDGE('',*,*,#7600,.F.);
#9987=ORIENTED_EDGE('',*,*,#7601,.F.);
#9988=ORIENTED_EDGE('',*,*,#7602,.F.);
#9989=ORIENTED_EDGE('',*,*,#7525,.T.);
#9990=ORIENTED_EDGE('',*,*,#7599,.F.);
#9991=ORIENTED_EDGE('',*,*,#7600,.T.);
#9992=ORIENTED_EDGE('',*,*,#7523,.F.);
#9993=ORIENTED_EDGE('',*,*,#7603,.T.);
#9994=ORIENTED_EDGE('',*,*,#7604,.T.);
#9995=ORIENTED_EDGE('',*,*,#7605,.T.);
#9996=ORIENTED_EDGE('',*,*,#7495,.F.);
#9997=ORIENTED_EDGE('',*,*,#7602,.T.);
#9998=ORIENTED_EDGE('',*,*,#7606,.F.);
#9999=ORIENTED_EDGE('',*,*,#7607,.T.);
#10000=ORIENTED_EDGE('',*,*,#7608,.T.);
#10001=ORIENTED_EDGE('',*,*,#7530,.F.);
#10002=ORIENTED_EDGE('',*,*,#7609,.F.);
#10003=ORIENTED_EDGE('',*,*,#7610,.T.);
#10004=ORIENTED_EDGE('',*,*,#7611,.T.);
#10005=ORIENTED_EDGE('',*,*,#7531,.F.);
#10006=ORIENTED_EDGE('',*,*,#7608,.F.);
#10007=ORIENTED_EDGE('',*,*,#7612,.F.);
#10008=ORIENTED_EDGE('',*,*,#7610,.F.);
#10009=ORIENTED_EDGE('',*,*,#7607,.F.);
#10010=ORIENTED_EDGE('',*,*,#7613,.F.);
#10011=ORIENTED_EDGE('',*,*,#7614,.F.);
#10012=ORIENTED_EDGE('',*,*,#7615,.F.);
#10013=ORIENTED_EDGE('',*,*,#7616,.F.);
#10014=ORIENTED_EDGE('',*,*,#7481,.F.);
#10015=ORIENTED_EDGE('',*,*,#7617,.F.);
#10016=ORIENTED_EDGE('',*,*,#7604,.F.);
#10017=ORIENTED_EDGE('',*,*,#7618,.T.);
#10018=ORIENTED_EDGE('',*,*,#7457,.F.);
#10019=ORIENTED_EDGE('',*,*,#7619,.T.);
#10020=ORIENTED_EDGE('',*,*,#7620,.F.);
#10021=ORIENTED_EDGE('',*,*,#7621,.T.);
#10022=ORIENTED_EDGE('',*,*,#7458,.F.);
#10023=ORIENTED_EDGE('',*,*,#7618,.F.);
#10024=ORIENTED_EDGE('',*,*,#7603,.F.);
#10025=ORIENTED_EDGE('',*,*,#7522,.F.);
#10026=ORIENTED_EDGE('',*,*,#7622,.F.);
#10027=ORIENTED_EDGE('',*,*,#7623,.F.);
#10028=ORIENTED_EDGE('',*,*,#7624,.F.);
#10029=ORIENTED_EDGE('',*,*,#7625,.F.);
#10030=ORIENTED_EDGE('',*,*,#7626,.F.);
#10031=ORIENTED_EDGE('',*,*,#7455,.F.);
#10032=ORIENTED_EDGE('',*,*,#7627,.F.);
#10033=ORIENTED_EDGE('',*,*,#7628,.F.);
#10034=ORIENTED_EDGE('',*,*,#7629,.F.);
#10035=ORIENTED_EDGE('',*,*,#7459,.F.);
#10036=ORIENTED_EDGE('',*,*,#7621,.F.);
#10037=ORIENTED_EDGE('',*,*,#7630,.F.);
#10038=ORIENTED_EDGE('',*,*,#7631,.F.);
#10039=ORIENTED_EDGE('',*,*,#7632,.F.);
#10040=ORIENTED_EDGE('',*,*,#7633,.F.);
#10041=ORIENTED_EDGE('',*,*,#7623,.T.);
#10042=ORIENTED_EDGE('',*,*,#7634,.F.);
#10043=ORIENTED_EDGE('',*,*,#7496,.F.);
#10044=ORIENTED_EDGE('',*,*,#7605,.F.);
#10045=ORIENTED_EDGE('',*,*,#7619,.F.);
#10046=ORIENTED_EDGE('',*,*,#7456,.F.);
#10047=ORIENTED_EDGE('',*,*,#7626,.T.);
#10048=ORIENTED_EDGE('',*,*,#7630,.T.);
#10049=ORIENTED_EDGE('',*,*,#7620,.T.);
#10050=ORIENTED_EDGE('',*,*,#7521,.F.);
#10051=ORIENTED_EDGE('',*,*,#7635,.T.);
#10052=ORIENTED_EDGE('',*,*,#7588,.F.);
#10053=ORIENTED_EDGE('',*,*,#7636,.T.);
#10054=ORIENTED_EDGE('',*,*,#7629,.T.);
#10055=ORIENTED_EDGE('',*,*,#7637,.T.);
#10056=ORIENTED_EDGE('',*,*,#7556,.F.);
#10057=ORIENTED_EDGE('',*,*,#7460,.F.);
#10058=ORIENTED_EDGE('',*,*,#7638,.F.);
#10059=ORIENTED_EDGE('',*,*,#7538,.F.);
#10060=ORIENTED_EDGE('',*,*,#7639,.F.);
#10061=ORIENTED_EDGE('',*,*,#7640,.T.);
#10062=ORIENTED_EDGE('',*,*,#7471,.F.);
#10063=ORIENTED_EDGE('',*,*,#7544,.F.);
#10064=ORIENTED_EDGE('',*,*,#7641,.F.);
#10065=ORIENTED_EDGE('',*,*,#7642,.T.);
#10066=ORIENTED_EDGE('',*,*,#7473,.F.);
#10067=ORIENTED_EDGE('',*,*,#7643,.T.);
#10068=ORIENTED_EDGE('',*,*,#7639,.T.);
#10069=ORIENTED_EDGE('',*,*,#7537,.F.);
#10070=ORIENTED_EDGE('',*,*,#7644,.F.);
#10071=ORIENTED_EDGE('',*,*,#7597,.F.);
#10072=ORIENTED_EDGE('',*,*,#7645,.F.);
#10073=ORIENTED_EDGE('',*,*,#7512,.T.);
#10074=ORIENTED_EDGE('',*,*,#7646,.F.);
#10075=ORIENTED_EDGE('',*,*,#7513,.T.);
#10076=ORIENTED_EDGE('',*,*,#7645,.T.);
#10077=ORIENTED_EDGE('',*,*,#7596,.F.);
#10078=ORIENTED_EDGE('',*,*,#7647,.F.);
#10079=ORIENTED_EDGE('',*,*,#7648,.T.);
#10080=ORIENTED_EDGE('',*,*,#7641,.T.);
#10081=ORIENTED_EDGE('',*,*,#7543,.F.);
#10082=ORIENTED_EDGE('',*,*,#7649,.F.);
#10083=ORIENTED_EDGE('',*,*,#7640,.F.);
#10084=ORIENTED_EDGE('',*,*,#7643,.F.);
#10085=ORIENTED_EDGE('',*,*,#7472,.F.);
#10086=ORIENTED_EDGE('',*,*,#7642,.F.);
#10087=ORIENTED_EDGE('',*,*,#7648,.F.);
#10088=ORIENTED_EDGE('',*,*,#7650,.F.);
#10089=ORIENTED_EDGE('',*,*,#7632,.T.);
#10090=ORIENTED_EDGE('',*,*,#7651,.F.);
#10091=ORIENTED_EDGE('',*,*,#7652,.T.);
#10092=ORIENTED_EDGE('',*,*,#7653,.F.);
#10093=ORIENTED_EDGE('',*,*,#7644,.T.);
#10094=ORIENTED_EDGE('',*,*,#7511,.F.);
#10095=ORIENTED_EDGE('',*,*,#7654,.T.);
#10096=ORIENTED_EDGE('',*,*,#7570,.F.);
#10097=ORIENTED_EDGE('',*,*,#7646,.T.);
#10098=ORIENTED_EDGE('',*,*,#7595,.F.);
#10099=ORIENTED_EDGE('',*,*,#7655,.T.);
#10100=ORIENTED_EDGE('',*,*,#7514,.F.);
#10101=ORIENTED_EDGE('',*,*,#7656,.F.);
#10102=ORIENTED_EDGE('',*,*,#7527,.F.);
#10103=ORIENTED_EDGE('',*,*,#7657,.F.);
#10104=ORIENTED_EDGE('',*,*,#7615,.T.);
#10105=ORIENTED_EDGE('',*,*,#7482,.F.);
#10106=ORIENTED_EDGE('',*,*,#7616,.T.);
#10107=ORIENTED_EDGE('',*,*,#7657,.T.);
#10108=ORIENTED_EDGE('',*,*,#7526,.F.);
#10109=ORIENTED_EDGE('',*,*,#7658,.F.);
#10110=ORIENTED_EDGE('',*,*,#7576,.F.);
#10111=ORIENTED_EDGE('',*,*,#7659,.F.);
#10112=ORIENTED_EDGE('',*,*,#7505,.T.);
#10113=ORIENTED_EDGE('',*,*,#7480,.F.);
#10114=ORIENTED_EDGE('',*,*,#7533,.F.);
#10115=ORIENTED_EDGE('',*,*,#7660,.F.);
#10116=ORIENTED_EDGE('',*,*,#7617,.T.);
#10117=ORIENTED_EDGE('',*,*,#7661,.F.);
#10118=ORIENTED_EDGE('',*,*,#7506,.T.);
#10119=ORIENTED_EDGE('',*,*,#7659,.T.);
#10120=ORIENTED_EDGE('',*,*,#7575,.F.);
#10121=ORIENTED_EDGE('',*,*,#7611,.F.);
#10122=ORIENTED_EDGE('',*,*,#7612,.T.);
#10123=ORIENTED_EDGE('',*,*,#7660,.T.);
#10124=ORIENTED_EDGE('',*,*,#7532,.F.);
#10125=ORIENTED_EDGE('',*,*,#7661,.T.);
#10126=ORIENTED_EDGE('',*,*,#7574,.F.);
#10127=ORIENTED_EDGE('',*,*,#7662,.T.);
#10128=ORIENTED_EDGE('',*,*,#7507,.F.);
#10129=ORIENTED_EDGE('',*,*,#7663,.F.);
#10130=ORIENTED_EDGE('',*,*,#7549,.F.);
#10131=ORIENTED_EDGE('',*,*,#7664,.F.);
#10132=ORIENTED_EDGE('',*,*,#7665,.T.);
#10133=ORIENTED_EDGE('',*,*,#7464,.F.);
#10134=ORIENTED_EDGE('',*,*,#7666,.T.);
#10135=ORIENTED_EDGE('',*,*,#7664,.T.);
#10136=ORIENTED_EDGE('',*,*,#7548,.F.);
#10137=ORIENTED_EDGE('',*,*,#7667,.F.);
#10138=ORIENTED_EDGE('',*,*,#7590,.F.);
#10139=ORIENTED_EDGE('',*,*,#7668,.F.);
#10140=ORIENTED_EDGE('',*,*,#7519,.T.);
#10141=ORIENTED_EDGE('',*,*,#7462,.F.);
#10142=ORIENTED_EDGE('',*,*,#7555,.F.);
#10143=ORIENTED_EDGE('',*,*,#7669,.F.);
#10144=ORIENTED_EDGE('',*,*,#7670,.T.);
#10145=ORIENTED_EDGE('',*,*,#7671,.F.);
#10146=ORIENTED_EDGE('',*,*,#7672,.T.);
#10147=ORIENTED_EDGE('',*,*,#7669,.T.);
#10148=ORIENTED_EDGE('',*,*,#7554,.F.);
#10149=ORIENTED_EDGE('',*,*,#7635,.F.);
#10150=ORIENTED_EDGE('',*,*,#7520,.T.);
#10151=ORIENTED_EDGE('',*,*,#7668,.T.);
#10152=ORIENTED_EDGE('',*,*,#7589,.F.);
#10153=ORIENTED_EDGE('',*,*,#7673,.F.);
#10154=ORIENTED_EDGE('',*,*,#7665,.F.);
#10155=ORIENTED_EDGE('',*,*,#7666,.F.);
#10156=ORIENTED_EDGE('',*,*,#7463,.F.);
#10157=ORIENTED_EDGE('',*,*,#7670,.F.);
#10158=ORIENTED_EDGE('',*,*,#7672,.F.);
#10159=ORIENTED_EDGE('',*,*,#7674,.F.);
#10160=ORIENTED_EDGE('',*,*,#7675,.F.);
#10161=ORIENTED_EDGE('',*,*,#7560,.F.);
#10162=ORIENTED_EDGE('',*,*,#7676,.F.);
#10163=ORIENTED_EDGE('',*,*,#7677,.T.);
#10164=ORIENTED_EDGE('',*,*,#7452,.F.);
#10165=ORIENTED_EDGE('',*,*,#7678,.T.);
#10166=ORIENTED_EDGE('',*,*,#7676,.T.);
#10167=ORIENTED_EDGE('',*,*,#7559,.F.);
#10168=ORIENTED_EDGE('',*,*,#7679,.F.);
#10169=ORIENTED_EDGE('',*,*,#7583,.F.);
#10170=ORIENTED_EDGE('',*,*,#7680,.F.);
#10171=ORIENTED_EDGE('',*,*,#7498,.T.);
#10172=ORIENTED_EDGE('',*,*,#7681,.F.);
#10173=ORIENTED_EDGE('',*,*,#7682,.F.);
#10174=ORIENTED_EDGE('',*,*,#7677,.F.);
#10175=ORIENTED_EDGE('',*,*,#7678,.F.);
#10176=ORIENTED_EDGE('',*,*,#7451,.F.);
#10177=ORIENTED_EDGE('',*,*,#7683,.F.);
#10178=ORIENTED_EDGE('',*,*,#7684,.F.);
#10179=ORIENTED_EDGE('',*,*,#7450,.F.);
#10180=ORIENTED_EDGE('',*,*,#7566,.F.);
#10181=ORIENTED_EDGE('',*,*,#7685,.F.);
#10182=ORIENTED_EDGE('',*,*,#7683,.T.);
#10183=ORIENTED_EDGE('',*,*,#7686,.F.);
#10184=ORIENTED_EDGE('',*,*,#7499,.T.);
#10185=ORIENTED_EDGE('',*,*,#7680,.T.);
#10186=ORIENTED_EDGE('',*,*,#7582,.F.);
#10187=ORIENTED_EDGE('',*,*,#7687,.F.);
#10188=ORIENTED_EDGE('',*,*,#7684,.T.);
#10189=ORIENTED_EDGE('',*,*,#7685,.T.);
#10190=ORIENTED_EDGE('',*,*,#7565,.F.);
#10191=ORIENTED_EDGE('',*,*,#7686,.T.);
#10192=ORIENTED_EDGE('',*,*,#7581,.F.);
#10193=ORIENTED_EDGE('',*,*,#7688,.T.);
#10194=ORIENTED_EDGE('',*,*,#7500,.F.);
#10195=ORIENTED_EDGE('',*,*,#7689,.F.);
#10196=ORIENTED_EDGE('',*,*,#7652,.F.);
#10197=ORIENTED_EDGE('',*,*,#7690,.F.);
#10198=ORIENTED_EDGE('',*,*,#7586,.F.);
#10199=ORIENTED_EDGE('',*,*,#7691,.F.);
#10200=ORIENTED_EDGE('',*,*,#7593,.F.);
#10201=ORIENTED_EDGE('',*,*,#7692,.F.);
#10202=ORIENTED_EDGE('',*,*,#7516,.F.);
#10203=ORIENTED_EDGE('',*,*,#7693,.F.);
#10204=ORIENTED_EDGE('',*,*,#7502,.F.);
#10205=ORIENTED_EDGE('',*,*,#7694,.F.);
#10206=ORIENTED_EDGE('',*,*,#7579,.F.);
#10207=ORIENTED_EDGE('',*,*,#7695,.F.);
#10208=ORIENTED_EDGE('',*,*,#7572,.F.);
#10209=ORIENTED_EDGE('',*,*,#7696,.F.);
#10210=ORIENTED_EDGE('',*,*,#7509,.F.);
#10211=ORIENTED_EDGE('',*,*,#7695,.T.);
#10212=ORIENTED_EDGE('',*,*,#7508,.T.);
#10213=ORIENTED_EDGE('',*,*,#7662,.F.);
#10214=ORIENTED_EDGE('',*,*,#7573,.F.);
#10215=ORIENTED_EDGE('',*,*,#7691,.T.);
#10216=ORIENTED_EDGE('',*,*,#7515,.T.);
#10217=ORIENTED_EDGE('',*,*,#7655,.F.);
#10218=ORIENTED_EDGE('',*,*,#7594,.F.);
#10219=ORIENTED_EDGE('',*,*,#7694,.T.);
#10220=ORIENTED_EDGE('',*,*,#7501,.T.);
#10221=ORIENTED_EDGE('',*,*,#7688,.F.);
#10222=ORIENTED_EDGE('',*,*,#7580,.F.);
#10223=ORIENTED_EDGE('',*,*,#7622,.T.);
#10224=ORIENTED_EDGE('',*,*,#7636,.F.);
#10225=ORIENTED_EDGE('',*,*,#7587,.F.);
#10226=ORIENTED_EDGE('',*,*,#7690,.T.);
#10227=ORIENTED_EDGE('',*,*,#7651,.T.);
#10228=ORIENTED_EDGE('',*,*,#7631,.T.);
#10229=ORIENTED_EDGE('',*,*,#7448,.F.);
#10230=ORIENTED_EDGE('',*,*,#7697,.T.);
#10231=ORIENTED_EDGE('',*,*,#7698,.T.);
#10232=ORIENTED_EDGE('',*,*,#7567,.F.);
#10233=ORIENTED_EDGE('',*,*,#7466,.F.);
#10234=ORIENTED_EDGE('',*,*,#7547,.F.);
#10235=ORIENTED_EDGE('',*,*,#7699,.F.);
#10236=ORIENTED_EDGE('',*,*,#7700,.T.);
#10237=ORIENTED_EDGE('',*,*,#7692,.T.);
#10238=ORIENTED_EDGE('',*,*,#7592,.F.);
#10239=ORIENTED_EDGE('',*,*,#7701,.F.);
#10240=ORIENTED_EDGE('',*,*,#7517,.T.);
#10241=ORIENTED_EDGE('',*,*,#7445,.F.);
#10242=ORIENTED_EDGE('',*,*,#7569,.F.);
#10243=ORIENTED_EDGE('',*,*,#7702,.F.);
#10244=ORIENTED_EDGE('',*,*,#7703,.T.);
#10245=ORIENTED_EDGE('',*,*,#7469,.F.);
#10246=ORIENTED_EDGE('',*,*,#7704,.T.);
#10247=ORIENTED_EDGE('',*,*,#7705,.T.);
#10248=ORIENTED_EDGE('',*,*,#7545,.F.);
#10249=ORIENTED_EDGE('',*,*,#7693,.T.);
#10250=ORIENTED_EDGE('',*,*,#7578,.F.);
#10251=ORIENTED_EDGE('',*,*,#7706,.F.);
#10252=ORIENTED_EDGE('',*,*,#7503,.T.);
#10253=ORIENTED_EDGE('',*,*,#7447,.F.);
#10254=ORIENTED_EDGE('',*,*,#7707,.F.);
#10255=ORIENTED_EDGE('',*,*,#7697,.F.);
#10256=ORIENTED_EDGE('',*,*,#7446,.F.);
#10257=ORIENTED_EDGE('',*,*,#7703,.F.);
#10258=ORIENTED_EDGE('',*,*,#7708,.F.);
#10259=ORIENTED_EDGE('',*,*,#7468,.F.);
#10260=ORIENTED_EDGE('',*,*,#7709,.F.);
#10261=ORIENTED_EDGE('',*,*,#7704,.F.);
#10262=ORIENTED_EDGE('',*,*,#7467,.F.);
#10263=ORIENTED_EDGE('',*,*,#7700,.F.);
#10264=ORIENTED_EDGE('',*,*,#7710,.F.);
#10265=ORIENTED_EDGE('',*,*,#7546,.F.);
#10266=ORIENTED_EDGE('',*,*,#7705,.F.);
#10267=ORIENTED_EDGE('',*,*,#7709,.T.);
#10268=ORIENTED_EDGE('',*,*,#7710,.T.);
#10269=ORIENTED_EDGE('',*,*,#7699,.T.);
#10270=ORIENTED_EDGE('',*,*,#7568,.F.);
#10271=ORIENTED_EDGE('',*,*,#7698,.F.);
#10272=ORIENTED_EDGE('',*,*,#7707,.T.);
#10273=ORIENTED_EDGE('',*,*,#7708,.T.);
#10274=ORIENTED_EDGE('',*,*,#7702,.T.);
#10275=ORIENTED_EDGE('',*,*,#7696,.T.);
#10276=ORIENTED_EDGE('',*,*,#7571,.F.);
#10277=ORIENTED_EDGE('',*,*,#7654,.F.);
#10278=ORIENTED_EDGE('',*,*,#7510,.T.);
#10279=ORIENTED_EDGE('',*,*,#7667,.T.);
#10280=ORIENTED_EDGE('',*,*,#7518,.F.);
#10281=ORIENTED_EDGE('',*,*,#7701,.T.);
#10282=ORIENTED_EDGE('',*,*,#7591,.F.);
#10283=ORIENTED_EDGE('',*,*,#7658,.T.);
#10284=ORIENTED_EDGE('',*,*,#7504,.F.);
#10285=ORIENTED_EDGE('',*,*,#7706,.T.);
#10286=ORIENTED_EDGE('',*,*,#7577,.F.);
#10287=ORIENTED_EDGE('',*,*,#7628,.T.);
#10288=ORIENTED_EDGE('',*,*,#7711,.T.);
#10289=ORIENTED_EDGE('',*,*,#7557,.F.);
#10290=ORIENTED_EDGE('',*,*,#7637,.F.);
#10291=ORIENTED_EDGE('',*,*,#7535,.F.);
#10292=ORIENTED_EDGE('',*,*,#7712,.F.);
#10293=ORIENTED_EDGE('',*,*,#7713,.T.);
#10294=ORIENTED_EDGE('',*,*,#7714,.T.);
#10295=ORIENTED_EDGE('',*,*,#7715,.T.);
#10296=ORIENTED_EDGE('',*,*,#7475,.F.);
#10297=ORIENTED_EDGE('',*,*,#7536,.F.);
#10298=ORIENTED_EDGE('',*,*,#7715,.F.);
#10299=ORIENTED_EDGE('',*,*,#7716,.T.);
#10300=ORIENTED_EDGE('',*,*,#7477,.F.);
#10301=ORIENTED_EDGE('',*,*,#7713,.F.);
#10302=ORIENTED_EDGE('',*,*,#7717,.F.);
#10303=ORIENTED_EDGE('',*,*,#7476,.F.);
#10304=ORIENTED_EDGE('',*,*,#7716,.F.);
#10305=ORIENTED_EDGE('',*,*,#7714,.F.);
#10306=ORIENTED_EDGE('',*,*,#7478,.F.);
#10307=ORIENTED_EDGE('',*,*,#7717,.T.);
#10308=ORIENTED_EDGE('',*,*,#7712,.T.);
#10309=ORIENTED_EDGE('',*,*,#7534,.F.);
#10310=ORIENTED_EDGE('',*,*,#7633,.T.);
#10311=ORIENTED_EDGE('',*,*,#7653,.T.);
#10312=ORIENTED_EDGE('',*,*,#7689,.T.);
#10313=ORIENTED_EDGE('',*,*,#7585,.F.);
#10314=ORIENTED_EDGE('',*,*,#7718,.F.);
#10315=ORIENTED_EDGE('',*,*,#7624,.T.);
#10316=ORIENTED_EDGE('',*,*,#7627,.T.);
#10317=ORIENTED_EDGE('',*,*,#7454,.F.);
#10318=ORIENTED_EDGE('',*,*,#7558,.F.);
#10319=ORIENTED_EDGE('',*,*,#7711,.F.);
#10320=ORIENTED_EDGE('',*,*,#7625,.T.);
#10321=ORIENTED_EDGE('',*,*,#7718,.T.);
#10322=ORIENTED_EDGE('',*,*,#7584,.F.);
#10323=ORIENTED_EDGE('',*,*,#7679,.T.);
#10324=ORIENTED_EDGE('',*,*,#7497,.F.);
#10325=ORIENTED_EDGE('',*,*,#7634,.T.);
#10326=ORIENTED_EDGE('',*,*,#7429,.T.);
#10327=ORIENTED_EDGE('',*,*,#7486,.T.);
#10328=ORIENTED_EDGE('',*,*,#7422,.T.);
#10329=ORIENTED_EDGE('',*,*,#7598,.T.);
#10330=ORIENTED_EDGE('',*,*,#7606,.T.);
#10331=ORIENTED_EDGE('',*,*,#7601,.T.);
#10332=ORIENTED_EDGE('',*,*,#7681,.T.);
#10333=ORIENTED_EDGE('',*,*,#7687,.T.);
#10334=ORIENTED_EDGE('',*,*,#7564,.F.);
#10335=ORIENTED_EDGE('',*,*,#7719,.F.);
#10336=ORIENTED_EDGE('',*,*,#7720,.T.);
#10337=ORIENTED_EDGE('',*,*,#7721,.T.);
#10338=ORIENTED_EDGE('',*,*,#7722,.T.);
#10339=ORIENTED_EDGE('',*,*,#7723,.T.);
#10340=ORIENTED_EDGE('',*,*,#7562,.F.);
#10341=ORIENTED_EDGE('',*,*,#7724,.F.);
#10342=ORIENTED_EDGE('',*,*,#7682,.T.);
#10343=ORIENTED_EDGE('',*,*,#7721,.F.);
#10344=ORIENTED_EDGE('',*,*,#7725,.T.);
#10345=ORIENTED_EDGE('',*,*,#7724,.T.);
#10346=ORIENTED_EDGE('',*,*,#7561,.F.);
#10347=ORIENTED_EDGE('',*,*,#7675,.T.);
#10348=ORIENTED_EDGE('',*,*,#7726,.T.);
#10349=ORIENTED_EDGE('',*,*,#7719,.T.);
#10350=ORIENTED_EDGE('',*,*,#7563,.F.);
#10351=ORIENTED_EDGE('',*,*,#7723,.F.);
#10352=ORIENTED_EDGE('',*,*,#7726,.F.);
#10353=ORIENTED_EDGE('',*,*,#7722,.F.);
#10354=ORIENTED_EDGE('',*,*,#7725,.F.);
#10355=ORIENTED_EDGE('',*,*,#7720,.F.);
#10356=ORIENTED_EDGE('',*,*,#7674,.T.);
#10357=ORIENTED_EDGE('',*,*,#7671,.T.);
#10358=ORIENTED_EDGE('',*,*,#7553,.F.);
#10359=ORIENTED_EDGE('',*,*,#7727,.F.);
#10360=ORIENTED_EDGE('',*,*,#7728,.T.);
#10361=ORIENTED_EDGE('',*,*,#7729,.T.);
#10362=ORIENTED_EDGE('',*,*,#7730,.T.);
#10363=ORIENTED_EDGE('',*,*,#7727,.T.);
#10364=ORIENTED_EDGE('',*,*,#7552,.F.);
#10365=ORIENTED_EDGE('',*,*,#7731,.F.);
#10366=ORIENTED_EDGE('',*,*,#7732,.T.);
#10367=ORIENTED_EDGE('',*,*,#7731,.T.);
#10368=ORIENTED_EDGE('',*,*,#7551,.F.);
#10369=ORIENTED_EDGE('',*,*,#7733,.F.);
#10370=ORIENTED_EDGE('',*,*,#7673,.T.);
#10371=ORIENTED_EDGE('',*,*,#7729,.F.);
#10372=ORIENTED_EDGE('',*,*,#7734,.T.);
#10373=ORIENTED_EDGE('',*,*,#7733,.T.);
#10374=ORIENTED_EDGE('',*,*,#7550,.F.);
#10375=ORIENTED_EDGE('',*,*,#7663,.T.);
#10376=ORIENTED_EDGE('',*,*,#7728,.F.);
#10377=ORIENTED_EDGE('',*,*,#7730,.F.);
#10378=ORIENTED_EDGE('',*,*,#7732,.F.);
#10379=ORIENTED_EDGE('',*,*,#7734,.F.);
#10380=ORIENTED_EDGE('',*,*,#7614,.T.);
#10381=ORIENTED_EDGE('',*,*,#7735,.T.);
#10382=ORIENTED_EDGE('',*,*,#7528,.F.);
#10383=ORIENTED_EDGE('',*,*,#7656,.T.);
#10384=ORIENTED_EDGE('',*,*,#7613,.T.);
#10385=ORIENTED_EDGE('',*,*,#7609,.T.);
#10386=ORIENTED_EDGE('',*,*,#7529,.F.);
#10387=ORIENTED_EDGE('',*,*,#7735,.F.);
#10388=ORIENTED_EDGE('',*,*,#7650,.T.);
#10389=ORIENTED_EDGE('',*,*,#7647,.T.);
#10390=ORIENTED_EDGE('',*,*,#7542,.F.);
#10391=ORIENTED_EDGE('',*,*,#7736,.F.);
#10392=ORIENTED_EDGE('',*,*,#7737,.T.);
#10393=ORIENTED_EDGE('',*,*,#7738,.T.);
#10394=ORIENTED_EDGE('',*,*,#7739,.T.);
#10395=ORIENTED_EDGE('',*,*,#7736,.T.);
#10396=ORIENTED_EDGE('',*,*,#7541,.F.);
#10397=ORIENTED_EDGE('',*,*,#7740,.F.);
#10398=ORIENTED_EDGE('',*,*,#7741,.T.);
#10399=ORIENTED_EDGE('',*,*,#7740,.T.);
#10400=ORIENTED_EDGE('',*,*,#7540,.F.);
#10401=ORIENTED_EDGE('',*,*,#7742,.F.);
#10402=ORIENTED_EDGE('',*,*,#7649,.T.);
#10403=ORIENTED_EDGE('',*,*,#7738,.F.);
#10404=ORIENTED_EDGE('',*,*,#7743,.T.);
#10405=ORIENTED_EDGE('',*,*,#7742,.T.);
#10406=ORIENTED_EDGE('',*,*,#7539,.F.);
#10407=ORIENTED_EDGE('',*,*,#7638,.T.);
#10408=ORIENTED_EDGE('',*,*,#7743,.F.);
#10409=ORIENTED_EDGE('',*,*,#7737,.F.);
#10410=ORIENTED_EDGE('',*,*,#7739,.F.);
#10411=ORIENTED_EDGE('',*,*,#7741,.F.);
#10412=ORIENTED_EDGE('',*,*,#7744,.T.);
#10413=ORIENTED_EDGE('',*,*,#7745,.T.);
#10414=ORIENTED_EDGE('',*,*,#7746,.T.);
#10415=ORIENTED_EDGE('',*,*,#7745,.F.);
#10416=ORIENTED_EDGE('',*,*,#7744,.F.);
#10417=ORIENTED_EDGE('',*,*,#7747,.F.);
#10418=ORIENTED_EDGE('',*,*,#7746,.F.);
#10419=ORIENTED_EDGE('',*,*,#7748,.F.);
#10420=ORIENTED_EDGE('',*,*,#7748,.T.);
#10421=ORIENTED_EDGE('',*,*,#7749,.T.);
#10422=ORIENTED_EDGE('',*,*,#7750,.F.);
#10423=ORIENTED_EDGE('',*,*,#7749,.F.);
#10424=ORIENTED_EDGE('',*,*,#7751,.F.);
#10425=ORIENTED_EDGE('',*,*,#7752,.T.);
#10426=ORIENTED_EDGE('',*,*,#7747,.T.);
#10427=ORIENTED_EDGE('',*,*,#7752,.F.);
#10428=ORIENTED_EDGE('',*,*,#7753,.F.);
#10429=ORIENTED_EDGE('',*,*,#7754,.T.);
#10430=ORIENTED_EDGE('',*,*,#7755,.F.);
#10431=ORIENTED_EDGE('',*,*,#7754,.F.);
#10432=ORIENTED_EDGE('',*,*,#7755,.T.);
#10433=ORIENTED_EDGE('',*,*,#7751,.T.);
#10434=ORIENTED_EDGE('',*,*,#7753,.T.);
#10435=ORIENTED_EDGE('',*,*,#7750,.T.);
#10436=ORIENTED_EDGE('',*,*,#7756,.F.);
#10437=ORIENTED_EDGE('',*,*,#7757,.F.);
#10438=ORIENTED_EDGE('',*,*,#7758,.F.);
#10439=ORIENTED_EDGE('',*,*,#7759,.F.);
#10440=ORIENTED_EDGE('',*,*,#7760,.F.);
#10441=ORIENTED_EDGE('',*,*,#7761,.F.);
#10442=ORIENTED_EDGE('',*,*,#7762,.F.);
#10443=ORIENTED_EDGE('',*,*,#7763,.F.);
#10444=ORIENTED_EDGE('',*,*,#7763,.T.);
#10445=ORIENTED_EDGE('',*,*,#7764,.T.);
#10446=ORIENTED_EDGE('',*,*,#7757,.T.);
#10447=ORIENTED_EDGE('',*,*,#7765,.T.);
#10448=ORIENTED_EDGE('',*,*,#7760,.T.);
#10449=ORIENTED_EDGE('',*,*,#7765,.F.);
#10450=ORIENTED_EDGE('',*,*,#7756,.T.);
#10451=ORIENTED_EDGE('',*,*,#7766,.F.);
#10452=ORIENTED_EDGE('',*,*,#7762,.T.);
#10453=ORIENTED_EDGE('',*,*,#7767,.F.);
#10454=ORIENTED_EDGE('',*,*,#7758,.T.);
#10455=ORIENTED_EDGE('',*,*,#7764,.F.);
#10456=ORIENTED_EDGE('',*,*,#7761,.T.);
#10457=ORIENTED_EDGE('',*,*,#7766,.T.);
#10458=ORIENTED_EDGE('',*,*,#7759,.T.);
#10459=ORIENTED_EDGE('',*,*,#7767,.T.);
#10460=ORIENTED_EDGE('',*,*,#7768,.F.);
#10461=ORIENTED_EDGE('',*,*,#7769,.T.);
#10462=ORIENTED_EDGE('',*,*,#7770,.F.);
#10463=ORIENTED_EDGE('',*,*,#7769,.F.);
#10464=ORIENTED_EDGE('',*,*,#7771,.F.);
#10465=ORIENTED_EDGE('',*,*,#7772,.T.);
#10466=ORIENTED_EDGE('',*,*,#7773,.F.);
#10467=ORIENTED_EDGE('',*,*,#7772,.F.);
#10468=ORIENTED_EDGE('',*,*,#7773,.T.);
#10469=ORIENTED_EDGE('',*,*,#7768,.T.);
#10470=ORIENTED_EDGE('',*,*,#7771,.T.);
#10471=ORIENTED_EDGE('',*,*,#7770,.T.);
#10472=ORIENTED_EDGE('',*,*,#7774,.F.);
#10473=ORIENTED_EDGE('',*,*,#7775,.T.);
#10474=ORIENTED_EDGE('',*,*,#7776,.F.);
#10475=ORIENTED_EDGE('',*,*,#7775,.F.);
#10476=ORIENTED_EDGE('',*,*,#7777,.F.);
#10477=ORIENTED_EDGE('',*,*,#7778,.T.);
#10478=ORIENTED_EDGE('',*,*,#7779,.F.);
#10479=ORIENTED_EDGE('',*,*,#7778,.F.);
#10480=ORIENTED_EDGE('',*,*,#7779,.T.);
#10481=ORIENTED_EDGE('',*,*,#7774,.T.);
#10482=ORIENTED_EDGE('',*,*,#7777,.T.);
#10483=ORIENTED_EDGE('',*,*,#7776,.T.);
#10484=ORIENTED_EDGE('',*,*,#7780,.T.);
#10485=ORIENTED_EDGE('',*,*,#7781,.T.);
#10486=ORIENTED_EDGE('',*,*,#7782,.F.);
#10487=ORIENTED_EDGE('',*,*,#7781,.F.);
#10488=ORIENTED_EDGE('',*,*,#7780,.F.);
#10489=ORIENTED_EDGE('',*,*,#7783,.T.);
#10490=ORIENTED_EDGE('',*,*,#7784,.T.);
#10491=ORIENTED_EDGE('',*,*,#7785,.F.);
#10492=ORIENTED_EDGE('',*,*,#7784,.F.);
#10493=ORIENTED_EDGE('',*,*,#7783,.F.);
#10494=ORIENTED_EDGE('',*,*,#7786,.T.);
#10495=ORIENTED_EDGE('',*,*,#7787,.T.);
#10496=ORIENTED_EDGE('',*,*,#7788,.F.);
#10497=ORIENTED_EDGE('',*,*,#7787,.F.);
#10498=ORIENTED_EDGE('',*,*,#7786,.F.);
#10499=ORIENTED_EDGE('',*,*,#7789,.T.);
#10500=ORIENTED_EDGE('',*,*,#7790,.T.);
#10501=ORIENTED_EDGE('',*,*,#7791,.F.);
#10502=ORIENTED_EDGE('',*,*,#7790,.F.);
#10503=ORIENTED_EDGE('',*,*,#7789,.F.);
#10504=ORIENTED_EDGE('',*,*,#7792,.T.);
#10505=ORIENTED_EDGE('',*,*,#7793,.T.);
#10506=ORIENTED_EDGE('',*,*,#7794,.F.);
#10507=ORIENTED_EDGE('',*,*,#7793,.F.);
#10508=ORIENTED_EDGE('',*,*,#7792,.F.);
#10509=ORIENTED_EDGE('',*,*,#7795,.T.);
#10510=ORIENTED_EDGE('',*,*,#7796,.T.);
#10511=ORIENTED_EDGE('',*,*,#7797,.F.);
#10512=ORIENTED_EDGE('',*,*,#7796,.F.);
#10513=ORIENTED_EDGE('',*,*,#7795,.F.);
#10514=ORIENTED_EDGE('',*,*,#7798,.T.);
#10515=ORIENTED_EDGE('',*,*,#7799,.T.);
#10516=ORIENTED_EDGE('',*,*,#7800,.F.);
#10517=ORIENTED_EDGE('',*,*,#7799,.F.);
#10518=ORIENTED_EDGE('',*,*,#7798,.F.);
#10519=ORIENTED_EDGE('',*,*,#7801,.F.);
#10520=ORIENTED_EDGE('',*,*,#7802,.T.);
#10521=ORIENTED_EDGE('',*,*,#7803,.F.);
#10522=ORIENTED_EDGE('',*,*,#7802,.F.);
#10523=ORIENTED_EDGE('',*,*,#7801,.T.);
#10524=ORIENTED_EDGE('',*,*,#7800,.T.);
#10525=ORIENTED_EDGE('',*,*,#7804,.F.);
#10526=ORIENTED_EDGE('',*,*,#7805,.T.);
#10527=ORIENTED_EDGE('',*,*,#7806,.F.);
#10528=ORIENTED_EDGE('',*,*,#7805,.F.);
#10529=ORIENTED_EDGE('',*,*,#7806,.T.);
#10530=ORIENTED_EDGE('',*,*,#7804,.T.);
#10531=ORIENTED_EDGE('',*,*,#7782,.T.);
#10532=ORIENTED_EDGE('',*,*,#7785,.T.);
#10533=ORIENTED_EDGE('',*,*,#7788,.T.);
#10534=ORIENTED_EDGE('',*,*,#7791,.T.);
#10535=ORIENTED_EDGE('',*,*,#7794,.T.);
#10536=ORIENTED_EDGE('',*,*,#7797,.T.);
#10537=ORIENTED_EDGE('',*,*,#7803,.T.);
#10538=ORIENTED_EDGE('',*,*,#7807,.F.);
#10539=ORIENTED_EDGE('',*,*,#7808,.T.);
#10540=ORIENTED_EDGE('',*,*,#7809,.F.);
#10541=ORIENTED_EDGE('',*,*,#7808,.F.);
#10542=ORIENTED_EDGE('',*,*,#7809,.T.);
#10543=ORIENTED_EDGE('',*,*,#7807,.T.);
#10544=ORIENTED_EDGE('',*,*,#7810,.F.);
#10545=ORIENTED_EDGE('',*,*,#7811,.T.);
#10546=ORIENTED_EDGE('',*,*,#7812,.F.);
#10547=ORIENTED_EDGE('',*,*,#7811,.F.);
#10548=ORIENTED_EDGE('',*,*,#7813,.F.);
#10549=ORIENTED_EDGE('',*,*,#7814,.T.);
#10550=ORIENTED_EDGE('',*,*,#7815,.F.);
#10551=ORIENTED_EDGE('',*,*,#7814,.F.);
#10552=ORIENTED_EDGE('',*,*,#7816,.F.);
#10553=ORIENTED_EDGE('',*,*,#7817,.T.);
#10554=ORIENTED_EDGE('',*,*,#7818,.F.);
#10555=ORIENTED_EDGE('',*,*,#7817,.F.);
#10556=ORIENTED_EDGE('',*,*,#7819,.F.);
#10557=ORIENTED_EDGE('',*,*,#7820,.T.);
#10558=ORIENTED_EDGE('',*,*,#7821,.F.);
#10559=ORIENTED_EDGE('',*,*,#7820,.F.);
#10560=ORIENTED_EDGE('',*,*,#7822,.F.);
#10561=ORIENTED_EDGE('',*,*,#7823,.T.);
#10562=ORIENTED_EDGE('',*,*,#7824,.F.);
#10563=ORIENTED_EDGE('',*,*,#7823,.F.);
#10564=ORIENTED_EDGE('',*,*,#7825,.T.);
#10565=ORIENTED_EDGE('',*,*,#7826,.T.);
#10566=ORIENTED_EDGE('',*,*,#7827,.F.);
#10567=ORIENTED_EDGE('',*,*,#7828,.F.);
#10568=ORIENTED_EDGE('',*,*,#7829,.T.);
#10569=ORIENTED_EDGE('',*,*,#7828,.T.);
#10570=ORIENTED_EDGE('',*,*,#7830,.F.);
#10571=ORIENTED_EDGE('',*,*,#7831,.F.);
#10572=ORIENTED_EDGE('',*,*,#7832,.T.);
#10573=ORIENTED_EDGE('',*,*,#7831,.T.);
#10574=ORIENTED_EDGE('',*,*,#7833,.F.);
#10575=ORIENTED_EDGE('',*,*,#7834,.F.);
#10576=ORIENTED_EDGE('',*,*,#7835,.T.);
#10577=ORIENTED_EDGE('',*,*,#7834,.T.);
#10578=ORIENTED_EDGE('',*,*,#7836,.F.);
#10579=ORIENTED_EDGE('',*,*,#7826,.F.);
#10580=ORIENTED_EDGE('',*,*,#7836,.T.);
#10581=ORIENTED_EDGE('',*,*,#7833,.T.);
#10582=ORIENTED_EDGE('',*,*,#7830,.T.);
#10583=ORIENTED_EDGE('',*,*,#7827,.T.);
#10584=ORIENTED_EDGE('',*,*,#7812,.T.);
#10585=ORIENTED_EDGE('',*,*,#7815,.T.);
#10586=ORIENTED_EDGE('',*,*,#7818,.T.);
#10587=ORIENTED_EDGE('',*,*,#7821,.T.);
#10588=ORIENTED_EDGE('',*,*,#7824,.T.);
#10589=ORIENTED_EDGE('',*,*,#7835,.F.);
#10590=ORIENTED_EDGE('',*,*,#7825,.F.);
#10591=ORIENTED_EDGE('',*,*,#7829,.F.);
#10592=ORIENTED_EDGE('',*,*,#7832,.F.);
#10593=ORIENTED_EDGE('',*,*,#7810,.T.);
#10594=ORIENTED_EDGE('',*,*,#7813,.T.);
#10595=ORIENTED_EDGE('',*,*,#7816,.T.);
#10596=ORIENTED_EDGE('',*,*,#7819,.T.);
#10597=ORIENTED_EDGE('',*,*,#7822,.T.);
#10598=ORIENTED_EDGE('',*,*,#7837,.F.);
#10599=ORIENTED_EDGE('',*,*,#7838,.T.);
#10600=ORIENTED_EDGE('',*,*,#7839,.F.);
#10601=ORIENTED_EDGE('',*,*,#7838,.F.);
#10602=ORIENTED_EDGE('',*,*,#7840,.F.);
#10603=ORIENTED_EDGE('',*,*,#7841,.T.);
#10604=ORIENTED_EDGE('',*,*,#7842,.F.);
#10605=ORIENTED_EDGE('',*,*,#7841,.F.);
#10606=ORIENTED_EDGE('',*,*,#7843,.F.);
#10607=ORIENTED_EDGE('',*,*,#7844,.T.);
#10608=ORIENTED_EDGE('',*,*,#7845,.F.);
#10609=ORIENTED_EDGE('',*,*,#7844,.F.);
#10610=ORIENTED_EDGE('',*,*,#7846,.F.);
#10611=ORIENTED_EDGE('',*,*,#7847,.T.);
#10612=ORIENTED_EDGE('',*,*,#7848,.F.);
#10613=ORIENTED_EDGE('',*,*,#7847,.F.);
#10614=ORIENTED_EDGE('',*,*,#7849,.F.);
#10615=ORIENTED_EDGE('',*,*,#7850,.T.);
#10616=ORIENTED_EDGE('',*,*,#7851,.F.);
#10617=ORIENTED_EDGE('',*,*,#7850,.F.);
#10618=ORIENTED_EDGE('',*,*,#7852,.T.);
#10619=ORIENTED_EDGE('',*,*,#7853,.T.);
#10620=ORIENTED_EDGE('',*,*,#7854,.F.);
#10621=ORIENTED_EDGE('',*,*,#7855,.F.);
#10622=ORIENTED_EDGE('',*,*,#7856,.T.);
#10623=ORIENTED_EDGE('',*,*,#7855,.T.);
#10624=ORIENTED_EDGE('',*,*,#7857,.F.);
#10625=ORIENTED_EDGE('',*,*,#7858,.F.);
#10626=ORIENTED_EDGE('',*,*,#7859,.T.);
#10627=ORIENTED_EDGE('',*,*,#7858,.T.);
#10628=ORIENTED_EDGE('',*,*,#7860,.F.);
#10629=ORIENTED_EDGE('',*,*,#7861,.F.);
#10630=ORIENTED_EDGE('',*,*,#7862,.T.);
#10631=ORIENTED_EDGE('',*,*,#7861,.T.);
#10632=ORIENTED_EDGE('',*,*,#7863,.F.);
#10633=ORIENTED_EDGE('',*,*,#7853,.F.);
#10634=ORIENTED_EDGE('',*,*,#7863,.T.);
#10635=ORIENTED_EDGE('',*,*,#7860,.T.);
#10636=ORIENTED_EDGE('',*,*,#7857,.T.);
#10637=ORIENTED_EDGE('',*,*,#7854,.T.);
#10638=ORIENTED_EDGE('',*,*,#7839,.T.);
#10639=ORIENTED_EDGE('',*,*,#7842,.T.);
#10640=ORIENTED_EDGE('',*,*,#7845,.T.);
#10641=ORIENTED_EDGE('',*,*,#7848,.T.);
#10642=ORIENTED_EDGE('',*,*,#7851,.T.);
#10643=ORIENTED_EDGE('',*,*,#7862,.F.);
#10644=ORIENTED_EDGE('',*,*,#7852,.F.);
#10645=ORIENTED_EDGE('',*,*,#7856,.F.);
#10646=ORIENTED_EDGE('',*,*,#7859,.F.);
#10647=ORIENTED_EDGE('',*,*,#7837,.T.);
#10648=ORIENTED_EDGE('',*,*,#7840,.T.);
#10649=ORIENTED_EDGE('',*,*,#7843,.T.);
#10650=ORIENTED_EDGE('',*,*,#7846,.T.);
#10651=ORIENTED_EDGE('',*,*,#7849,.T.);
#10652=ORIENTED_EDGE('',*,*,#7864,.F.);
#10653=ORIENTED_EDGE('',*,*,#7865,.T.);
#10654=ORIENTED_EDGE('',*,*,#7866,.F.);
#10655=ORIENTED_EDGE('',*,*,#7865,.F.);
#10656=ORIENTED_EDGE('',*,*,#7866,.T.);
#10657=ORIENTED_EDGE('',*,*,#7864,.T.);
#10658=ORIENTED_EDGE('',*,*,#7867,.F.);
#10659=ORIENTED_EDGE('',*,*,#7868,.T.);
#10660=ORIENTED_EDGE('',*,*,#7869,.F.);
#10661=ORIENTED_EDGE('',*,*,#7868,.F.);
#10662=ORIENTED_EDGE('',*,*,#7870,.F.);
#10663=ORIENTED_EDGE('',*,*,#7871,.T.);
#10664=ORIENTED_EDGE('',*,*,#7872,.F.);
#10665=ORIENTED_EDGE('',*,*,#7871,.F.);
#10666=ORIENTED_EDGE('',*,*,#7873,.F.);
#10667=ORIENTED_EDGE('',*,*,#7874,.T.);
#10668=ORIENTED_EDGE('',*,*,#7875,.F.);
#10669=ORIENTED_EDGE('',*,*,#7874,.F.);
#10670=ORIENTED_EDGE('',*,*,#7876,.F.);
#10671=ORIENTED_EDGE('',*,*,#7877,.T.);
#10672=ORIENTED_EDGE('',*,*,#7878,.F.);
#10673=ORIENTED_EDGE('',*,*,#7877,.F.);
#10674=ORIENTED_EDGE('',*,*,#7879,.T.);
#10675=ORIENTED_EDGE('',*,*,#7880,.T.);
#10676=ORIENTED_EDGE('',*,*,#7881,.F.);
#10677=ORIENTED_EDGE('',*,*,#7882,.F.);
#10678=ORIENTED_EDGE('',*,*,#7883,.T.);
#10679=ORIENTED_EDGE('',*,*,#7882,.T.);
#10680=ORIENTED_EDGE('',*,*,#7884,.F.);
#10681=ORIENTED_EDGE('',*,*,#7885,.F.);
#10682=ORIENTED_EDGE('',*,*,#7886,.T.);
#10683=ORIENTED_EDGE('',*,*,#7885,.T.);
#10684=ORIENTED_EDGE('',*,*,#7887,.F.);
#10685=ORIENTED_EDGE('',*,*,#7888,.F.);
#10686=ORIENTED_EDGE('',*,*,#7889,.T.);
#10687=ORIENTED_EDGE('',*,*,#7888,.T.);
#10688=ORIENTED_EDGE('',*,*,#7890,.F.);
#10689=ORIENTED_EDGE('',*,*,#7880,.F.);
#10690=ORIENTED_EDGE('',*,*,#7890,.T.);
#10691=ORIENTED_EDGE('',*,*,#7887,.T.);
#10692=ORIENTED_EDGE('',*,*,#7884,.T.);
#10693=ORIENTED_EDGE('',*,*,#7881,.T.);
#10694=ORIENTED_EDGE('',*,*,#7869,.T.);
#10695=ORIENTED_EDGE('',*,*,#7872,.T.);
#10696=ORIENTED_EDGE('',*,*,#7875,.T.);
#10697=ORIENTED_EDGE('',*,*,#7878,.T.);
#10698=ORIENTED_EDGE('',*,*,#7889,.F.);
#10699=ORIENTED_EDGE('',*,*,#7879,.F.);
#10700=ORIENTED_EDGE('',*,*,#7883,.F.);
#10701=ORIENTED_EDGE('',*,*,#7886,.F.);
#10702=ORIENTED_EDGE('',*,*,#7867,.T.);
#10703=ORIENTED_EDGE('',*,*,#7870,.T.);
#10704=ORIENTED_EDGE('',*,*,#7873,.T.);
#10705=ORIENTED_EDGE('',*,*,#7876,.T.);
#10706=ORIENTED_EDGE('',*,*,#7891,.F.);
#10707=ORIENTED_EDGE('',*,*,#7892,.T.);
#10708=ORIENTED_EDGE('',*,*,#7893,.F.);
#10709=ORIENTED_EDGE('',*,*,#7892,.F.);
#10710=ORIENTED_EDGE('',*,*,#7894,.F.);
#10711=ORIENTED_EDGE('',*,*,#7895,.T.);
#10712=ORIENTED_EDGE('',*,*,#7896,.F.);
#10713=ORIENTED_EDGE('',*,*,#7895,.F.);
#10714=ORIENTED_EDGE('',*,*,#7896,.T.);
#10715=ORIENTED_EDGE('',*,*,#7891,.T.);
#10716=ORIENTED_EDGE('',*,*,#7894,.T.);
#10717=ORIENTED_EDGE('',*,*,#7893,.T.);
#10718=ORIENTED_EDGE('',*,*,#7897,.F.);
#10719=ORIENTED_EDGE('',*,*,#7898,.F.);
#10720=ORIENTED_EDGE('',*,*,#7899,.F.);
#10721=ORIENTED_EDGE('',*,*,#7900,.F.);
#10722=ORIENTED_EDGE('',*,*,#7901,.F.);
#10723=ORIENTED_EDGE('',*,*,#7902,.F.);
#10724=ORIENTED_EDGE('',*,*,#7903,.F.);
#10725=ORIENTED_EDGE('',*,*,#7904,.F.);
#10726=ORIENTED_EDGE('',*,*,#7904,.T.);
#10727=ORIENTED_EDGE('',*,*,#7905,.T.);
#10728=ORIENTED_EDGE('',*,*,#7898,.T.);
#10729=ORIENTED_EDGE('',*,*,#7906,.T.);
#10730=ORIENTED_EDGE('',*,*,#7901,.T.);
#10731=ORIENTED_EDGE('',*,*,#7906,.F.);
#10732=ORIENTED_EDGE('',*,*,#7897,.T.);
#10733=ORIENTED_EDGE('',*,*,#7907,.F.);
#10734=ORIENTED_EDGE('',*,*,#7903,.T.);
#10735=ORIENTED_EDGE('',*,*,#7908,.F.);
#10736=ORIENTED_EDGE('',*,*,#7899,.T.);
#10737=ORIENTED_EDGE('',*,*,#7905,.F.);
#10738=ORIENTED_EDGE('',*,*,#7902,.T.);
#10739=ORIENTED_EDGE('',*,*,#7907,.T.);
#10740=ORIENTED_EDGE('',*,*,#7900,.T.);
#10741=ORIENTED_EDGE('',*,*,#7908,.T.);
#10742=ORIENTED_EDGE('',*,*,#7909,.F.);
#10743=ORIENTED_EDGE('',*,*,#7910,.T.);
#10744=ORIENTED_EDGE('',*,*,#7911,.F.);
#10745=ORIENTED_EDGE('',*,*,#7910,.F.);
#10746=ORIENTED_EDGE('',*,*,#7912,.F.);
#10747=ORIENTED_EDGE('',*,*,#7913,.T.);
#10748=ORIENTED_EDGE('',*,*,#7914,.F.);
#10749=ORIENTED_EDGE('',*,*,#7913,.F.);
#10750=ORIENTED_EDGE('',*,*,#7914,.T.);
#10751=ORIENTED_EDGE('',*,*,#7909,.T.);
#10752=ORIENTED_EDGE('',*,*,#7912,.T.);
#10753=ORIENTED_EDGE('',*,*,#7911,.T.);
#10754=ORIENTED_EDGE('',*,*,#7915,.F.);
#10755=ORIENTED_EDGE('',*,*,#7916,.T.);
#10756=ORIENTED_EDGE('',*,*,#7917,.F.);
#10757=ORIENTED_EDGE('',*,*,#7916,.F.);
#10758=ORIENTED_EDGE('',*,*,#7918,.F.);
#10759=ORIENTED_EDGE('',*,*,#7919,.T.);
#10760=ORIENTED_EDGE('',*,*,#7920,.F.);
#10761=ORIENTED_EDGE('',*,*,#7919,.F.);
#10762=ORIENTED_EDGE('',*,*,#7920,.T.);
#10763=ORIENTED_EDGE('',*,*,#7915,.T.);
#10764=ORIENTED_EDGE('',*,*,#7918,.T.);
#10765=ORIENTED_EDGE('',*,*,#7917,.T.);
#10766=ORIENTED_EDGE('',*,*,#7921,.F.);
#10767=ORIENTED_EDGE('',*,*,#7922,.T.);
#10768=ORIENTED_EDGE('',*,*,#7923,.F.);
#10769=ORIENTED_EDGE('',*,*,#7922,.F.);
#10770=ORIENTED_EDGE('',*,*,#7924,.F.);
#10771=ORIENTED_EDGE('',*,*,#7925,.T.);
#10772=ORIENTED_EDGE('',*,*,#7926,.F.);
#10773=ORIENTED_EDGE('',*,*,#7925,.F.);
#10774=ORIENTED_EDGE('',*,*,#7926,.T.);
#10775=ORIENTED_EDGE('',*,*,#7921,.T.);
#10776=ORIENTED_EDGE('',*,*,#7924,.T.);
#10777=ORIENTED_EDGE('',*,*,#7923,.T.);
#10778=ORIENTED_EDGE('',*,*,#7927,.F.);
#10779=ORIENTED_EDGE('',*,*,#7928,.T.);
#10780=ORIENTED_EDGE('',*,*,#7929,.F.);
#10781=ORIENTED_EDGE('',*,*,#7928,.F.);
#10782=ORIENTED_EDGE('',*,*,#7930,.F.);
#10783=ORIENTED_EDGE('',*,*,#7931,.T.);
#10784=ORIENTED_EDGE('',*,*,#7932,.F.);
#10785=ORIENTED_EDGE('',*,*,#7931,.F.);
#10786=ORIENTED_EDGE('',*,*,#7932,.T.);
#10787=ORIENTED_EDGE('',*,*,#7927,.T.);
#10788=ORIENTED_EDGE('',*,*,#7930,.T.);
#10789=ORIENTED_EDGE('',*,*,#7929,.T.);
#10790=ORIENTED_EDGE('',*,*,#7933,.F.);
#10791=ORIENTED_EDGE('',*,*,#7934,.T.);
#10792=ORIENTED_EDGE('',*,*,#7935,.F.);
#10793=ORIENTED_EDGE('',*,*,#7934,.F.);
#10794=ORIENTED_EDGE('',*,*,#7935,.T.);
#10795=ORIENTED_EDGE('',*,*,#7933,.T.);
#10796=ORIENTED_EDGE('',*,*,#7936,.F.);
#10797=ORIENTED_EDGE('',*,*,#7937,.T.);
#10798=ORIENTED_EDGE('',*,*,#7938,.F.);
#10799=ORIENTED_EDGE('',*,*,#7937,.F.);
#10800=ORIENTED_EDGE('',*,*,#7938,.T.);
#10801=ORIENTED_EDGE('',*,*,#7936,.T.);
#10802=ORIENTED_EDGE('',*,*,#7939,.F.);
#10803=ORIENTED_EDGE('',*,*,#7940,.T.);
#10804=ORIENTED_EDGE('',*,*,#7941,.F.);
#10805=ORIENTED_EDGE('',*,*,#7940,.F.);
#10806=ORIENTED_EDGE('',*,*,#7942,.F.);
#10807=ORIENTED_EDGE('',*,*,#7943,.T.);
#10808=ORIENTED_EDGE('',*,*,#7944,.F.);
#10809=ORIENTED_EDGE('',*,*,#7943,.F.);
#10810=ORIENTED_EDGE('',*,*,#7945,.F.);
#10811=ORIENTED_EDGE('',*,*,#7946,.F.);
#10812=ORIENTED_EDGE('',*,*,#7947,.F.);
#10813=ORIENTED_EDGE('',*,*,#7948,.T.);
#10814=ORIENTED_EDGE('',*,*,#7949,.F.);
#10815=ORIENTED_EDGE('',*,*,#7950,.T.);
#10816=ORIENTED_EDGE('',*,*,#7947,.T.);
#10817=ORIENTED_EDGE('',*,*,#7951,.F.);
#10818=ORIENTED_EDGE('',*,*,#7952,.F.);
#10819=ORIENTED_EDGE('',*,*,#7953,.F.);
#10820=ORIENTED_EDGE('',*,*,#7948,.F.);
#10821=ORIENTED_EDGE('',*,*,#7950,.F.);
#10822=ORIENTED_EDGE('',*,*,#7949,.T.);
#10823=ORIENTED_EDGE('',*,*,#7954,.F.);
#10824=ORIENTED_EDGE('',*,*,#7955,.F.);
#10825=ORIENTED_EDGE('',*,*,#7952,.T.);
#10826=ORIENTED_EDGE('',*,*,#7956,.F.);
#10827=ORIENTED_EDGE('',*,*,#7957,.F.);
#10828=ORIENTED_EDGE('',*,*,#7954,.T.);
#10829=ORIENTED_EDGE('',*,*,#7958,.T.);
#10830=ORIENTED_EDGE('',*,*,#7959,.T.);
#10831=ORIENTED_EDGE('',*,*,#7960,.T.);
#10832=ORIENTED_EDGE('',*,*,#7961,.T.);
#10833=ORIENTED_EDGE('',*,*,#7941,.T.);
#10834=ORIENTED_EDGE('',*,*,#7944,.T.);
#10835=ORIENTED_EDGE('',*,*,#7962,.T.);
#10836=ORIENTED_EDGE('',*,*,#7963,.T.);
#10837=ORIENTED_EDGE('',*,*,#7958,.F.);
#10838=ORIENTED_EDGE('',*,*,#7964,.F.);
#10839=ORIENTED_EDGE('',*,*,#7965,.T.);
#10840=ORIENTED_EDGE('',*,*,#7956,.T.);
#10841=ORIENTED_EDGE('',*,*,#7951,.T.);
#10842=ORIENTED_EDGE('',*,*,#7946,.T.);
#10843=ORIENTED_EDGE('',*,*,#7966,.T.);
#10844=ORIENTED_EDGE('',*,*,#7967,.T.);
#10845=ORIENTED_EDGE('',*,*,#7960,.F.);
#10846=ORIENTED_EDGE('',*,*,#7968,.F.);
#10847=ORIENTED_EDGE('',*,*,#7969,.T.);
#10848=ORIENTED_EDGE('',*,*,#7968,.T.);
#10849=ORIENTED_EDGE('',*,*,#7959,.F.);
#10850=ORIENTED_EDGE('',*,*,#7963,.F.);
#10851=ORIENTED_EDGE('',*,*,#7970,.T.);
#10852=ORIENTED_EDGE('',*,*,#7964,.T.);
#10853=ORIENTED_EDGE('',*,*,#7961,.F.);
#10854=ORIENTED_EDGE('',*,*,#7967,.F.);
#10855=ORIENTED_EDGE('',*,*,#7957,.T.);
#10856=ORIENTED_EDGE('',*,*,#7965,.F.);
#10857=ORIENTED_EDGE('',*,*,#7970,.F.);
#10858=ORIENTED_EDGE('',*,*,#7966,.F.);
#10859=ORIENTED_EDGE('',*,*,#7969,.F.);
#10860=ORIENTED_EDGE('',*,*,#7962,.F.);
#10861=ORIENTED_EDGE('',*,*,#7945,.T.);
#10862=ORIENTED_EDGE('',*,*,#7953,.T.);
#10863=ORIENTED_EDGE('',*,*,#7955,.T.);
#10864=ORIENTED_EDGE('',*,*,#7939,.T.);
#10865=ORIENTED_EDGE('',*,*,#7942,.T.);
#10866=ORIENTED_EDGE('',*,*,#7971,.F.);
#10867=ORIENTED_EDGE('',*,*,#7972,.T.);
#10868=ORIENTED_EDGE('',*,*,#7973,.F.);
#10869=ORIENTED_EDGE('',*,*,#7972,.F.);
#10870=ORIENTED_EDGE('',*,*,#7974,.F.);
#10871=ORIENTED_EDGE('',*,*,#7975,.T.);
#10872=ORIENTED_EDGE('',*,*,#7976,.F.);
#10873=ORIENTED_EDGE('',*,*,#7975,.F.);
#10874=ORIENTED_EDGE('',*,*,#7977,.F.);
#10875=ORIENTED_EDGE('',*,*,#7978,.T.);
#10876=ORIENTED_EDGE('',*,*,#7979,.T.);
#10877=ORIENTED_EDGE('',*,*,#7980,.F.);
#10878=ORIENTED_EDGE('',*,*,#7981,.T.);
#10879=ORIENTED_EDGE('',*,*,#7982,.F.);
#10880=ORIENTED_EDGE('',*,*,#7983,.F.);
#10881=ORIENTED_EDGE('',*,*,#7984,.F.);
#10882=ORIENTED_EDGE('',*,*,#7979,.F.);
#10883=ORIENTED_EDGE('',*,*,#7985,.F.);
#10884=ORIENTED_EDGE('',*,*,#7981,.F.);
#10885=ORIENTED_EDGE('',*,*,#7978,.F.);
#10886=ORIENTED_EDGE('',*,*,#7983,.T.);
#10887=ORIENTED_EDGE('',*,*,#7986,.T.);
#10888=ORIENTED_EDGE('',*,*,#7987,.F.);
#10889=ORIENTED_EDGE('',*,*,#7988,.F.);
#10890=ORIENTED_EDGE('',*,*,#7982,.T.);
#10891=ORIENTED_EDGE('',*,*,#7989,.F.);
#10892=ORIENTED_EDGE('',*,*,#7986,.F.);
#10893=ORIENTED_EDGE('',*,*,#7987,.T.);
#10894=ORIENTED_EDGE('',*,*,#7989,.T.);
#10895=ORIENTED_EDGE('',*,*,#7985,.T.);
#10896=ORIENTED_EDGE('',*,*,#7977,.T.);
#10897=ORIENTED_EDGE('',*,*,#7990,.T.);
#10898=ORIENTED_EDGE('',*,*,#7991,.T.);
#10899=ORIENTED_EDGE('',*,*,#7992,.T.);
#10900=ORIENTED_EDGE('',*,*,#7993,.T.);
#10901=ORIENTED_EDGE('',*,*,#7994,.T.);
#10902=ORIENTED_EDGE('',*,*,#7973,.T.);
#10903=ORIENTED_EDGE('',*,*,#7976,.T.);
#10904=ORIENTED_EDGE('',*,*,#7995,.T.);
#10905=ORIENTED_EDGE('',*,*,#7996,.T.);
#10906=ORIENTED_EDGE('',*,*,#7992,.F.);
#10907=ORIENTED_EDGE('',*,*,#7997,.F.);
#10908=ORIENTED_EDGE('',*,*,#7998,.T.);
#10909=ORIENTED_EDGE('',*,*,#7997,.T.);
#10910=ORIENTED_EDGE('',*,*,#7991,.F.);
#10911=ORIENTED_EDGE('',*,*,#7999,.F.);
#10912=ORIENTED_EDGE('',*,*,#7988,.T.);
#10913=ORIENTED_EDGE('',*,*,#7994,.F.);
#10914=ORIENTED_EDGE('',*,*,#8000,.F.);
#10915=ORIENTED_EDGE('',*,*,#8001,.T.);
#10916=ORIENTED_EDGE('',*,*,#7999,.T.);
#10917=ORIENTED_EDGE('',*,*,#7990,.F.);
#10918=ORIENTED_EDGE('',*,*,#7980,.T.);
#10919=ORIENTED_EDGE('',*,*,#7984,.T.);
#10920=ORIENTED_EDGE('',*,*,#8002,.T.);
#10921=ORIENTED_EDGE('',*,*,#8000,.T.);
#10922=ORIENTED_EDGE('',*,*,#7993,.F.);
#10923=ORIENTED_EDGE('',*,*,#7996,.F.);
#10924=ORIENTED_EDGE('',*,*,#8001,.F.);
#10925=ORIENTED_EDGE('',*,*,#8002,.F.);
#10926=ORIENTED_EDGE('',*,*,#7995,.F.);
#10927=ORIENTED_EDGE('',*,*,#7998,.F.);
#10928=ORIENTED_EDGE('',*,*,#7971,.T.);
#10929=ORIENTED_EDGE('',*,*,#7974,.T.);
#10930=ORIENTED_EDGE('',*,*,#8003,.T.);
#10931=ORIENTED_EDGE('',*,*,#8004,.T.);
#10932=ORIENTED_EDGE('',*,*,#8005,.F.);
#10933=ORIENTED_EDGE('',*,*,#8006,.F.);
#10934=ORIENTED_EDGE('',*,*,#8007,.T.);
#10935=ORIENTED_EDGE('',*,*,#8006,.T.);
#10936=ORIENTED_EDGE('',*,*,#8008,.F.);
#10937=ORIENTED_EDGE('',*,*,#8009,.F.);
#10938=ORIENTED_EDGE('',*,*,#8010,.T.);
#10939=ORIENTED_EDGE('',*,*,#8009,.T.);
#10940=ORIENTED_EDGE('',*,*,#8011,.F.);
#10941=ORIENTED_EDGE('',*,*,#8012,.F.);
#10942=ORIENTED_EDGE('',*,*,#8013,.T.);
#10943=ORIENTED_EDGE('',*,*,#8012,.T.);
#10944=ORIENTED_EDGE('',*,*,#8014,.F.);
#10945=ORIENTED_EDGE('',*,*,#8004,.F.);
#10946=ORIENTED_EDGE('',*,*,#8014,.T.);
#10947=ORIENTED_EDGE('',*,*,#8011,.T.);
#10948=ORIENTED_EDGE('',*,*,#8008,.T.);
#10949=ORIENTED_EDGE('',*,*,#8005,.T.);
#10950=ORIENTED_EDGE('',*,*,#8013,.F.);
#10951=ORIENTED_EDGE('',*,*,#8003,.F.);
#10952=ORIENTED_EDGE('',*,*,#8007,.F.);
#10953=ORIENTED_EDGE('',*,*,#8010,.F.);
#10954=ORIENTED_EDGE('',*,*,#8015,.F.);
#10955=ORIENTED_EDGE('',*,*,#8016,.T.);
#10956=ORIENTED_EDGE('',*,*,#8017,.F.);
#10957=ORIENTED_EDGE('',*,*,#8016,.F.);
#10958=ORIENTED_EDGE('',*,*,#8018,.F.);
#10959=ORIENTED_EDGE('',*,*,#8019,.T.);
#10960=ORIENTED_EDGE('',*,*,#8020,.F.);
#10961=ORIENTED_EDGE('',*,*,#8019,.F.);
#10962=ORIENTED_EDGE('',*,*,#8020,.T.);
#10963=ORIENTED_EDGE('',*,*,#8015,.T.);
#10964=ORIENTED_EDGE('',*,*,#8018,.T.);
#10965=ORIENTED_EDGE('',*,*,#8017,.T.);
#10966=ORIENTED_EDGE('',*,*,#8021,.F.);
#10967=ORIENTED_EDGE('',*,*,#8022,.T.);
#10968=ORIENTED_EDGE('',*,*,#8023,.F.);
#10969=ORIENTED_EDGE('',*,*,#8022,.F.);
#10970=ORIENTED_EDGE('',*,*,#8024,.F.);
#10971=ORIENTED_EDGE('',*,*,#8025,.T.);
#10972=ORIENTED_EDGE('',*,*,#8026,.F.);
#10973=ORIENTED_EDGE('',*,*,#8025,.F.);
#10974=ORIENTED_EDGE('',*,*,#8026,.T.);
#10975=ORIENTED_EDGE('',*,*,#8021,.T.);
#10976=ORIENTED_EDGE('',*,*,#8024,.T.);
#10977=ORIENTED_EDGE('',*,*,#8023,.T.);
#10978=ORIENTED_EDGE('',*,*,#8027,.F.);
#10979=ORIENTED_EDGE('',*,*,#8028,.T.);
#10980=ORIENTED_EDGE('',*,*,#8029,.F.);
#10981=ORIENTED_EDGE('',*,*,#8028,.F.);
#10982=ORIENTED_EDGE('',*,*,#8030,.F.);
#10983=ORIENTED_EDGE('',*,*,#8031,.T.);
#10984=ORIENTED_EDGE('',*,*,#8032,.F.);
#10985=ORIENTED_EDGE('',*,*,#8031,.F.);
#10986=ORIENTED_EDGE('',*,*,#8032,.T.);
#10987=ORIENTED_EDGE('',*,*,#8027,.T.);
#10988=ORIENTED_EDGE('',*,*,#8030,.T.);
#10989=ORIENTED_EDGE('',*,*,#8029,.T.);
#10990=ORIENTED_EDGE('',*,*,#8033,.F.);
#10991=ORIENTED_EDGE('',*,*,#8034,.T.);
#10992=ORIENTED_EDGE('',*,*,#8035,.F.);
#10993=ORIENTED_EDGE('',*,*,#8034,.F.);
#10994=ORIENTED_EDGE('',*,*,#8036,.F.);
#10995=ORIENTED_EDGE('',*,*,#8037,.T.);
#10996=ORIENTED_EDGE('',*,*,#8038,.F.);
#10997=ORIENTED_EDGE('',*,*,#8037,.F.);
#10998=ORIENTED_EDGE('',*,*,#8038,.T.);
#10999=ORIENTED_EDGE('',*,*,#8033,.T.);
#11000=ORIENTED_EDGE('',*,*,#8036,.T.);
#11001=ORIENTED_EDGE('',*,*,#8035,.T.);
#11002=ORIENTED_EDGE('',*,*,#8039,.F.);
#11003=ORIENTED_EDGE('',*,*,#8040,.T.);
#11004=ORIENTED_EDGE('',*,*,#8041,.F.);
#11005=ORIENTED_EDGE('',*,*,#8040,.F.);
#11006=ORIENTED_EDGE('',*,*,#8042,.F.);
#11007=ORIENTED_EDGE('',*,*,#8043,.T.);
#11008=ORIENTED_EDGE('',*,*,#8044,.F.);
#11009=ORIENTED_EDGE('',*,*,#8043,.F.);
#11010=ORIENTED_EDGE('',*,*,#8044,.T.);
#11011=ORIENTED_EDGE('',*,*,#8039,.T.);
#11012=ORIENTED_EDGE('',*,*,#8042,.T.);
#11013=ORIENTED_EDGE('',*,*,#8041,.T.);
#11014=ORIENTED_EDGE('',*,*,#8045,.F.);
#11015=ORIENTED_EDGE('',*,*,#8046,.T.);
#11016=ORIENTED_EDGE('',*,*,#8047,.F.);
#11017=ORIENTED_EDGE('',*,*,#8046,.F.);
#11018=ORIENTED_EDGE('',*,*,#8048,.F.);
#11019=ORIENTED_EDGE('',*,*,#8049,.T.);
#11020=ORIENTED_EDGE('',*,*,#8050,.F.);
#11021=ORIENTED_EDGE('',*,*,#8049,.F.);
#11022=ORIENTED_EDGE('',*,*,#8050,.T.);
#11023=ORIENTED_EDGE('',*,*,#8045,.T.);
#11024=ORIENTED_EDGE('',*,*,#8048,.T.);
#11025=ORIENTED_EDGE('',*,*,#8047,.T.);
#11026=ORIENTED_EDGE('',*,*,#8051,.F.);
#11027=ORIENTED_EDGE('',*,*,#8052,.T.);
#11028=ORIENTED_EDGE('',*,*,#8053,.F.);
#11029=ORIENTED_EDGE('',*,*,#8052,.F.);
#11030=ORIENTED_EDGE('',*,*,#8054,.F.);
#11031=ORIENTED_EDGE('',*,*,#8055,.T.);
#11032=ORIENTED_EDGE('',*,*,#8056,.F.);
#11033=ORIENTED_EDGE('',*,*,#8055,.F.);
#11034=ORIENTED_EDGE('',*,*,#8056,.T.);
#11035=ORIENTED_EDGE('',*,*,#8051,.T.);
#11036=ORIENTED_EDGE('',*,*,#8054,.T.);
#11037=ORIENTED_EDGE('',*,*,#8053,.T.);
#11038=ORIENTED_EDGE('',*,*,#8057,.F.);
#11039=ORIENTED_EDGE('',*,*,#8058,.T.);
#11040=ORIENTED_EDGE('',*,*,#8059,.T.);
#11041=ORIENTED_EDGE('',*,*,#8060,.T.);
#11042=ORIENTED_EDGE('',*,*,#8061,.T.);
#11043=ORIENTED_EDGE('',*,*,#8062,.T.);
#11044=ORIENTED_EDGE('',*,*,#8059,.F.);
#11045=ORIENTED_EDGE('',*,*,#8063,.F.);
#11046=ORIENTED_EDGE('',*,*,#8064,.F.);
#11047=ORIENTED_EDGE('',*,*,#8065,.F.);
#11048=ORIENTED_EDGE('',*,*,#8061,.F.);
#11049=ORIENTED_EDGE('',*,*,#8066,.F.);
#11050=ORIENTED_EDGE('',*,*,#8067,.F.);
#11051=ORIENTED_EDGE('',*,*,#8068,.F.);
#11052=ORIENTED_EDGE('',*,*,#8069,.F.);
#11053=ORIENTED_EDGE('',*,*,#8070,.T.);
#11054=ORIENTED_EDGE('',*,*,#8071,.T.);
#11055=ORIENTED_EDGE('',*,*,#8072,.F.);
#11056=ORIENTED_EDGE('',*,*,#8073,.F.);
#11057=ORIENTED_EDGE('',*,*,#8074,.T.);
#11058=ORIENTED_EDGE('',*,*,#8064,.T.);
#11059=ORIENTED_EDGE('',*,*,#8075,.F.);
#11060=ORIENTED_EDGE('',*,*,#8076,.T.);
#11061=ORIENTED_EDGE('',*,*,#8077,.T.);
#11062=ORIENTED_EDGE('',*,*,#8078,.F.);
#11063=ORIENTED_EDGE('',*,*,#8079,.T.);
#11064=ORIENTED_EDGE('',*,*,#8080,.F.);
#11065=ORIENTED_EDGE('',*,*,#8081,.F.);
#11066=ORIENTED_EDGE('',*,*,#8082,.F.);
#11067=ORIENTED_EDGE('',*,*,#8083,.F.);
#11068=ORIENTED_EDGE('',*,*,#8084,.F.);
#11069=ORIENTED_EDGE('',*,*,#8085,.F.);
#11070=ORIENTED_EDGE('',*,*,#8086,.F.);
#11071=ORIENTED_EDGE('',*,*,#8087,.F.);
#11072=ORIENTED_EDGE('',*,*,#8088,.F.);
#11073=ORIENTED_EDGE('',*,*,#8089,.T.);
#11074=ORIENTED_EDGE('',*,*,#8090,.F.);
#11075=ORIENTED_EDGE('',*,*,#8091,.F.);
#11076=ORIENTED_EDGE('',*,*,#8092,.F.);
#11077=ORIENTED_EDGE('',*,*,#8083,.T.);
#11078=ORIENTED_EDGE('',*,*,#8093,.F.);
#11079=ORIENTED_EDGE('',*,*,#8089,.F.);
#11080=ORIENTED_EDGE('',*,*,#8094,.F.);
#11081=ORIENTED_EDGE('',*,*,#8095,.F.);
#11082=ORIENTED_EDGE('',*,*,#8096,.F.);
#11083=ORIENTED_EDGE('',*,*,#8097,.T.);
#11084=ORIENTED_EDGE('',*,*,#8098,.F.);
#11085=ORIENTED_EDGE('',*,*,#8097,.F.);
#11086=ORIENTED_EDGE('',*,*,#8099,.F.);
#11087=ORIENTED_EDGE('',*,*,#8085,.T.);
#11088=ORIENTED_EDGE('',*,*,#8086,.T.);
#11089=ORIENTED_EDGE('',*,*,#8099,.T.);
#11090=ORIENTED_EDGE('',*,*,#8096,.T.);
#11091=ORIENTED_EDGE('',*,*,#8100,.T.);
#11092=ORIENTED_EDGE('',*,*,#8101,.F.);
#11093=ORIENTED_EDGE('',*,*,#8102,.F.);
#11094=ORIENTED_EDGE('',*,*,#8103,.T.);
#11095=ORIENTED_EDGE('',*,*,#8104,.T.);
#11096=ORIENTED_EDGE('',*,*,#8095,.T.);
#11097=ORIENTED_EDGE('',*,*,#8105,.T.);
#11098=ORIENTED_EDGE('',*,*,#8106,.F.);
#11099=ORIENTED_EDGE('',*,*,#8100,.F.);
#11100=ORIENTED_EDGE('',*,*,#8087,.T.);
#11101=ORIENTED_EDGE('',*,*,#8104,.F.);
#11102=ORIENTED_EDGE('',*,*,#8107,.T.);
#11103=ORIENTED_EDGE('',*,*,#8108,.T.);
#11104=ORIENTED_EDGE('',*,*,#8080,.T.);
#11105=ORIENTED_EDGE('',*,*,#8092,.T.);
#11106=ORIENTED_EDGE('',*,*,#8088,.T.);
#11107=ORIENTED_EDGE('',*,*,#8109,.T.);
#11108=ORIENTED_EDGE('',*,*,#8110,.F.);
#11109=ORIENTED_EDGE('',*,*,#8111,.F.);
#11110=ORIENTED_EDGE('',*,*,#8076,.F.);
#11111=ORIENTED_EDGE('',*,*,#8112,.F.);
#11112=ORIENTED_EDGE('',*,*,#8070,.F.);
#11113=ORIENTED_EDGE('',*,*,#8113,.F.);
#11114=ORIENTED_EDGE('',*,*,#8114,.T.);
#11115=ORIENTED_EDGE('',*,*,#8115,.T.);
#11116=ORIENTED_EDGE('',*,*,#8091,.T.);
#11117=ORIENTED_EDGE('',*,*,#8116,.T.);
#11118=ORIENTED_EDGE('',*,*,#8117,.F.);
#11119=ORIENTED_EDGE('',*,*,#8109,.F.);
#11120=ORIENTED_EDGE('',*,*,#8073,.T.);
#11121=ORIENTED_EDGE('',*,*,#8118,.F.);
#11122=ORIENTED_EDGE('',*,*,#8119,.T.);
#11123=ORIENTED_EDGE('',*,*,#8102,.T.);
#11124=ORIENTED_EDGE('',*,*,#8120,.F.);
#11125=ORIENTED_EDGE('',*,*,#8121,.T.);
#11126=ORIENTED_EDGE('',*,*,#8101,.T.);
#11127=ORIENTED_EDGE('',*,*,#8106,.T.);
#11128=ORIENTED_EDGE('',*,*,#8122,.T.);
#11129=ORIENTED_EDGE('',*,*,#8123,.F.);
#11130=ORIENTED_EDGE('',*,*,#8120,.T.);
#11131=ORIENTED_EDGE('',*,*,#8103,.F.);
#11132=ORIENTED_EDGE('',*,*,#8119,.F.);
#11133=ORIENTED_EDGE('',*,*,#8124,.F.);
#11134=ORIENTED_EDGE('',*,*,#8107,.F.);
#11135=ORIENTED_EDGE('',*,*,#8123,.T.);
#11136=ORIENTED_EDGE('',*,*,#8125,.F.);
#11137=ORIENTED_EDGE('',*,*,#8126,.F.);
#11138=ORIENTED_EDGE('',*,*,#8127,.T.);
#11139=ORIENTED_EDGE('',*,*,#8128,.F.);
#11140=ORIENTED_EDGE('',*,*,#8074,.F.);
#11141=ORIENTED_EDGE('',*,*,#8121,.F.);
#11142=ORIENTED_EDGE('',*,*,#8127,.F.);
#11143=ORIENTED_EDGE('',*,*,#8129,.F.);
#11144=ORIENTED_EDGE('',*,*,#8067,.T.);
#11145=ORIENTED_EDGE('',*,*,#8128,.T.);
#11146=ORIENTED_EDGE('',*,*,#8130,.F.);
#11147=ORIENTED_EDGE('',*,*,#8060,.F.);
#11148=ORIENTED_EDGE('',*,*,#8062,.F.);
#11149=ORIENTED_EDGE('',*,*,#8065,.T.);
#11150=ORIENTED_EDGE('',*,*,#8079,.F.);
#11151=ORIENTED_EDGE('',*,*,#8131,.F.);
#11152=ORIENTED_EDGE('',*,*,#8084,.T.);
#11153=ORIENTED_EDGE('',*,*,#8108,.F.);
#11154=ORIENTED_EDGE('',*,*,#8124,.T.);
#11155=ORIENTED_EDGE('',*,*,#8118,.T.);
#11156=ORIENTED_EDGE('',*,*,#8072,.T.);
#11157=ORIENTED_EDGE('',*,*,#8132,.T.);
#11158=ORIENTED_EDGE('',*,*,#8133,.T.);
#11159=ORIENTED_EDGE('',*,*,#8125,.T.);
#11160=ORIENTED_EDGE('',*,*,#8122,.F.);
#11161=ORIENTED_EDGE('',*,*,#8105,.F.);
#11162=ORIENTED_EDGE('',*,*,#8094,.T.);
#11163=ORIENTED_EDGE('',*,*,#8098,.T.);
#11164=ORIENTED_EDGE('',*,*,#8131,.T.);
#11165=ORIENTED_EDGE('',*,*,#8078,.T.);
#11166=ORIENTED_EDGE('',*,*,#8134,.T.);
#11167=ORIENTED_EDGE('',*,*,#8135,.F.);
#11168=ORIENTED_EDGE('',*,*,#8068,.T.);
#11169=ORIENTED_EDGE('',*,*,#8057,.T.);
#11170=ORIENTED_EDGE('',*,*,#8130,.T.);
#11171=ORIENTED_EDGE('',*,*,#8129,.T.);
#11172=ORIENTED_EDGE('',*,*,#8126,.T.);
#11173=ORIENTED_EDGE('',*,*,#8133,.F.);
#11174=ORIENTED_EDGE('',*,*,#8136,.F.);
#11175=ORIENTED_EDGE('',*,*,#8137,.F.);
#11176=ORIENTED_EDGE('',*,*,#8134,.F.);
#11177=ORIENTED_EDGE('',*,*,#8077,.F.);
#11178=ORIENTED_EDGE('',*,*,#8111,.T.);
#11179=ORIENTED_EDGE('',*,*,#8071,.F.);
#11180=ORIENTED_EDGE('',*,*,#8112,.T.);
#11181=ORIENTED_EDGE('',*,*,#8075,.T.);
#11182=ORIENTED_EDGE('',*,*,#8066,.T.);
#11183=ORIENTED_EDGE('',*,*,#8063,.T.);
#11184=ORIENTED_EDGE('',*,*,#8058,.F.);
#11185=ORIENTED_EDGE('',*,*,#8136,.T.);
#11186=ORIENTED_EDGE('',*,*,#8132,.F.);
#11187=ORIENTED_EDGE('',*,*,#8135,.T.);
#11188=ORIENTED_EDGE('',*,*,#8138,.F.);
#11189=ORIENTED_EDGE('',*,*,#8139,.F.);
#11190=ORIENTED_EDGE('',*,*,#8140,.T.);
#11191=ORIENTED_EDGE('',*,*,#8113,.T.);
#11192=ORIENTED_EDGE('',*,*,#8069,.T.);
#11193=ORIENTED_EDGE('',*,*,#8082,.T.);
#11194=ORIENTED_EDGE('',*,*,#8141,.F.);
#11195=ORIENTED_EDGE('',*,*,#8142,.T.);
#11196=ORIENTED_EDGE('',*,*,#8139,.T.);
#11197=ORIENTED_EDGE('',*,*,#8143,.F.);
#11198=ORIENTED_EDGE('',*,*,#8116,.F.);
#11199=ORIENTED_EDGE('',*,*,#8090,.T.);
#11200=ORIENTED_EDGE('',*,*,#8093,.T.);
#11201=ORIENTED_EDGE('',*,*,#8081,.T.);
#11202=ORIENTED_EDGE('',*,*,#8115,.F.);
#11203=ORIENTED_EDGE('',*,*,#8144,.T.);
#11204=ORIENTED_EDGE('',*,*,#8141,.T.);
#11205=ORIENTED_EDGE('',*,*,#8110,.T.);
#11206=ORIENTED_EDGE('',*,*,#8117,.T.);
#11207=ORIENTED_EDGE('',*,*,#8143,.T.);
#11208=ORIENTED_EDGE('',*,*,#8138,.T.);
#11209=ORIENTED_EDGE('',*,*,#8137,.T.);
#11210=ORIENTED_EDGE('',*,*,#8114,.F.);
#11211=ORIENTED_EDGE('',*,*,#8140,.F.);
#11212=ORIENTED_EDGE('',*,*,#8142,.F.);
#11213=ORIENTED_EDGE('',*,*,#8144,.F.);
#11214=ORIENTED_EDGE('',*,*,#8145,.F.);
#11215=ORIENTED_EDGE('',*,*,#8146,.T.);
#11216=ORIENTED_EDGE('',*,*,#8147,.F.);
#11217=ORIENTED_EDGE('',*,*,#8146,.F.);
#11218=ORIENTED_EDGE('',*,*,#8148,.T.);
#11219=ORIENTED_EDGE('',*,*,#8149,.T.);
#11220=ORIENTED_EDGE('',*,*,#8150,.F.);
#11221=ORIENTED_EDGE('',*,*,#8151,.F.);
#11222=ORIENTED_EDGE('',*,*,#8152,.T.);
#11223=ORIENTED_EDGE('',*,*,#8153,.F.);
#11224=ORIENTED_EDGE('',*,*,#8154,.F.);
#11225=ORIENTED_EDGE('',*,*,#8155,.F.);
#11226=ORIENTED_EDGE('',*,*,#8156,.T.);
#11227=ORIENTED_EDGE('',*,*,#8155,.T.);
#11228=ORIENTED_EDGE('',*,*,#8157,.F.);
#11229=ORIENTED_EDGE('',*,*,#8149,.F.);
#11230=ORIENTED_EDGE('',*,*,#8157,.T.);
#11231=ORIENTED_EDGE('',*,*,#8154,.T.);
#11232=ORIENTED_EDGE('',*,*,#8158,.F.);
#11233=ORIENTED_EDGE('',*,*,#8150,.T.);
#11234=ORIENTED_EDGE('',*,*,#8147,.T.);
#11235=ORIENTED_EDGE('',*,*,#8156,.F.);
#11236=ORIENTED_EDGE('',*,*,#8148,.F.);
#11237=ORIENTED_EDGE('',*,*,#8159,.F.);
#11238=ORIENTED_EDGE('',*,*,#8152,.F.);
#11239=ORIENTED_EDGE('',*,*,#8145,.T.);
#11240=ORIENTED_EDGE('',*,*,#8160,.T.);
#11241=ORIENTED_EDGE('',*,*,#8161,.T.);
#11242=ORIENTED_EDGE('',*,*,#8162,.F.);
#11243=ORIENTED_EDGE('',*,*,#8163,.F.);
#11244=ORIENTED_EDGE('',*,*,#8164,.T.);
#11245=ORIENTED_EDGE('',*,*,#8163,.T.);
#11246=ORIENTED_EDGE('',*,*,#8165,.F.);
#11247=ORIENTED_EDGE('',*,*,#8166,.F.);
#11248=ORIENTED_EDGE('',*,*,#8167,.T.);
#11249=ORIENTED_EDGE('',*,*,#8166,.T.);
#11250=ORIENTED_EDGE('',*,*,#8168,.F.);
#11251=ORIENTED_EDGE('',*,*,#8169,.F.);
#11252=ORIENTED_EDGE('',*,*,#8170,.T.);
#11253=ORIENTED_EDGE('',*,*,#8169,.T.);
#11254=ORIENTED_EDGE('',*,*,#8171,.F.);
#11255=ORIENTED_EDGE('',*,*,#8161,.F.);
#11256=ORIENTED_EDGE('',*,*,#8153,.T.);
#11257=ORIENTED_EDGE('',*,*,#8159,.T.);
#11258=ORIENTED_EDGE('',*,*,#8151,.T.);
#11259=ORIENTED_EDGE('',*,*,#8158,.T.);
#11260=ORIENTED_EDGE('',*,*,#8171,.T.);
#11261=ORIENTED_EDGE('',*,*,#8168,.T.);
#11262=ORIENTED_EDGE('',*,*,#8165,.T.);
#11263=ORIENTED_EDGE('',*,*,#8162,.T.);
#11264=ORIENTED_EDGE('',*,*,#8170,.F.);
#11265=ORIENTED_EDGE('',*,*,#8160,.F.);
#11266=ORIENTED_EDGE('',*,*,#8164,.F.);
#11267=ORIENTED_EDGE('',*,*,#8167,.F.);
#11268=ORIENTED_EDGE('',*,*,#8172,.F.);
#11269=ORIENTED_EDGE('',*,*,#8173,.F.);
#11270=ORIENTED_EDGE('',*,*,#8174,.T.);
#11271=ORIENTED_EDGE('',*,*,#8175,.F.);
#11272=ORIENTED_EDGE('',*,*,#8172,.T.);
#11273=ORIENTED_EDGE('',*,*,#8176,.F.);
#11274=ORIENTED_EDGE('',*,*,#8177,.F.);
#11275=ORIENTED_EDGE('',*,*,#8178,.F.);
#11276=ORIENTED_EDGE('',*,*,#8179,.T.);
#11277=ORIENTED_EDGE('',*,*,#8180,.T.);
#11278=ORIENTED_EDGE('',*,*,#8181,.T.);
#11279=ORIENTED_EDGE('',*,*,#8176,.T.);
#11280=ORIENTED_EDGE('',*,*,#8175,.T.);
#11281=ORIENTED_EDGE('',*,*,#8182,.T.);
#11282=ORIENTED_EDGE('',*,*,#8183,.T.);
#11283=ORIENTED_EDGE('',*,*,#8174,.F.);
#11284=ORIENTED_EDGE('',*,*,#8184,.T.);
#11285=ORIENTED_EDGE('',*,*,#8185,.T.);
#11286=ORIENTED_EDGE('',*,*,#8182,.F.);
#11287=ORIENTED_EDGE('',*,*,#8186,.F.);
#11288=ORIENTED_EDGE('',*,*,#8187,.F.);
#11289=ORIENTED_EDGE('',*,*,#8184,.F.);
#11290=ORIENTED_EDGE('',*,*,#8173,.T.);
#11291=ORIENTED_EDGE('',*,*,#8178,.T.);
#11292=ORIENTED_EDGE('',*,*,#8188,.F.);
#11293=ORIENTED_EDGE('',*,*,#8189,.F.);
#11294=ORIENTED_EDGE('',*,*,#8187,.T.);
#11295=ORIENTED_EDGE('',*,*,#8190,.T.);
#11296=ORIENTED_EDGE('',*,*,#8183,.F.);
#11297=ORIENTED_EDGE('',*,*,#8185,.F.);
#11298=ORIENTED_EDGE('',*,*,#8177,.T.);
#11299=ORIENTED_EDGE('',*,*,#8181,.F.);
#11300=ORIENTED_EDGE('',*,*,#8191,.F.);
#11301=ORIENTED_EDGE('',*,*,#8188,.T.);
#11302=ORIENTED_EDGE('',*,*,#8189,.T.);
#11303=ORIENTED_EDGE('',*,*,#8191,.T.);
#11304=ORIENTED_EDGE('',*,*,#8180,.F.);
#11305=ORIENTED_EDGE('',*,*,#8192,.F.);
#11306=ORIENTED_EDGE('',*,*,#8186,.T.);
#11307=ORIENTED_EDGE('',*,*,#8192,.T.);
#11308=ORIENTED_EDGE('',*,*,#8179,.F.);
#11309=ORIENTED_EDGE('',*,*,#8190,.F.);
#11310=ORIENTED_EDGE('',*,*,#8193,.T.);
#11311=ORIENTED_EDGE('',*,*,#8194,.T.);
#11312=ORIENTED_EDGE('',*,*,#8195,.F.);
#11313=ORIENTED_EDGE('',*,*,#8196,.F.);
#11314=ORIENTED_EDGE('',*,*,#8197,.F.);
#11315=ORIENTED_EDGE('',*,*,#8198,.T.);
#11316=ORIENTED_EDGE('',*,*,#8199,.F.);
#11317=ORIENTED_EDGE('',*,*,#8200,.F.);
#11318=ORIENTED_EDGE('',*,*,#8201,.T.);
#11319=ORIENTED_EDGE('',*,*,#8202,.T.);
#11320=ORIENTED_EDGE('',*,*,#8203,.F.);
#11321=ORIENTED_EDGE('',*,*,#8204,.F.);
#11322=ORIENTED_EDGE('',*,*,#8205,.T.);
#11323=ORIENTED_EDGE('',*,*,#8206,.T.);
#11324=ORIENTED_EDGE('',*,*,#8207,.F.);
#11325=ORIENTED_EDGE('',*,*,#8208,.F.);
#11326=ORIENTED_EDGE('',*,*,#8209,.F.);
#11327=ORIENTED_EDGE('',*,*,#8205,.F.);
#11328=ORIENTED_EDGE('',*,*,#8210,.F.);
#11329=ORIENTED_EDGE('',*,*,#8201,.F.);
#11330=ORIENTED_EDGE('',*,*,#8197,.T.);
#11331=ORIENTED_EDGE('',*,*,#8211,.T.);
#11332=ORIENTED_EDGE('',*,*,#8203,.T.);
#11333=ORIENTED_EDGE('',*,*,#8212,.T.);
#11334=ORIENTED_EDGE('',*,*,#8213,.T.);
#11335=ORIENTED_EDGE('',*,*,#8198,.F.);
#11336=ORIENTED_EDGE('',*,*,#8212,.F.);
#11337=ORIENTED_EDGE('',*,*,#8202,.F.);
#11338=ORIENTED_EDGE('',*,*,#8210,.T.);
#11339=ORIENTED_EDGE('',*,*,#8208,.T.);
#11340=ORIENTED_EDGE('',*,*,#8214,.F.);
#11341=ORIENTED_EDGE('',*,*,#8194,.F.);
#11342=ORIENTED_EDGE('',*,*,#8215,.T.);
#11343=ORIENTED_EDGE('',*,*,#8196,.T.);
#11344=ORIENTED_EDGE('',*,*,#8216,.F.);
#11345=ORIENTED_EDGE('',*,*,#8206,.F.);
#11346=ORIENTED_EDGE('',*,*,#8209,.T.);
#11347=ORIENTED_EDGE('',*,*,#8204,.T.);
#11348=ORIENTED_EDGE('',*,*,#8211,.F.);
#11349=ORIENTED_EDGE('',*,*,#8200,.T.);
#11350=ORIENTED_EDGE('',*,*,#8214,.T.);
#11351=ORIENTED_EDGE('',*,*,#8207,.T.);
#11352=ORIENTED_EDGE('',*,*,#8216,.T.);
#11353=ORIENTED_EDGE('',*,*,#8195,.T.);
#11354=ORIENTED_EDGE('',*,*,#8215,.F.);
#11355=ORIENTED_EDGE('',*,*,#8199,.T.);
#11356=ORIENTED_EDGE('',*,*,#8213,.F.);
#11357=ORIENTED_EDGE('',*,*,#8193,.F.);
#11358=ORIENTED_EDGE('',*,*,#8217,.F.);
#11359=ORIENTED_EDGE('',*,*,#8218,.F.);
#11360=ORIENTED_EDGE('',*,*,#8219,.F.);
#11361=ORIENTED_EDGE('',*,*,#8220,.F.);
#11362=ORIENTED_EDGE('',*,*,#8218,.T.);
#11363=ORIENTED_EDGE('',*,*,#8221,.T.);
#11364=ORIENTED_EDGE('',*,*,#8222,.T.);
#11365=ORIENTED_EDGE('',*,*,#8223,.T.);
#11366=ORIENTED_EDGE('',*,*,#8217,.T.);
#11367=ORIENTED_EDGE('',*,*,#8224,.T.);
#11368=ORIENTED_EDGE('',*,*,#8225,.T.);
#11369=ORIENTED_EDGE('',*,*,#8221,.F.);
#11370=ORIENTED_EDGE('',*,*,#8220,.T.);
#11371=ORIENTED_EDGE('',*,*,#8226,.F.);
#11372=ORIENTED_EDGE('',*,*,#8227,.F.);
#11373=ORIENTED_EDGE('',*,*,#8224,.F.);
#11374=ORIENTED_EDGE('',*,*,#8219,.T.);
#11375=ORIENTED_EDGE('',*,*,#8223,.F.);
#11376=ORIENTED_EDGE('',*,*,#8228,.F.);
#11377=ORIENTED_EDGE('',*,*,#8226,.T.);
#11378=ORIENTED_EDGE('',*,*,#8227,.T.);
#11379=ORIENTED_EDGE('',*,*,#8228,.T.);
#11380=ORIENTED_EDGE('',*,*,#8222,.F.);
#11381=ORIENTED_EDGE('',*,*,#8225,.F.);
#11382=ORIENTED_EDGE('',*,*,#8229,.T.);
#11383=ORIENTED_EDGE('',*,*,#8230,.T.);
#11384=ORIENTED_EDGE('',*,*,#8231,.T.);
#11385=ORIENTED_EDGE('',*,*,#8232,.F.);
#11386=ORIENTED_EDGE('',*,*,#8233,.T.);
#11387=ORIENTED_EDGE('',*,*,#8234,.F.);
#11388=ORIENTED_EDGE('',*,*,#8235,.F.);
#11389=ORIENTED_EDGE('',*,*,#8230,.F.);
#11390=ORIENTED_EDGE('',*,*,#8235,.T.);
#11391=ORIENTED_EDGE('',*,*,#8236,.T.);
#11392=ORIENTED_EDGE('',*,*,#8237,.F.);
#11393=ORIENTED_EDGE('',*,*,#8231,.F.);
#11394=ORIENTED_EDGE('',*,*,#8238,.T.);
#11395=ORIENTED_EDGE('',*,*,#8239,.F.);
#11396=ORIENTED_EDGE('',*,*,#8236,.F.);
#11397=ORIENTED_EDGE('',*,*,#8234,.T.);
#11398=ORIENTED_EDGE('',*,*,#8240,.T.);
#11399=ORIENTED_EDGE('',*,*,#8232,.T.);
#11400=ORIENTED_EDGE('',*,*,#8237,.T.);
#11401=ORIENTED_EDGE('',*,*,#8239,.T.);
#11402=ORIENTED_EDGE('',*,*,#8238,.F.);
#11403=ORIENTED_EDGE('',*,*,#8233,.F.);
#11404=ORIENTED_EDGE('',*,*,#8229,.F.);
#11405=ORIENTED_EDGE('',*,*,#8240,.F.);
#11406=ORIENTED_EDGE('',*,*,#8241,.F.);
#11407=ORIENTED_EDGE('',*,*,#8242,.T.);
#11408=ORIENTED_EDGE('',*,*,#8243,.F.);
#11409=ORIENTED_EDGE('',*,*,#8242,.F.);
#11410=ORIENTED_EDGE('',*,*,#8244,.F.);
#11411=ORIENTED_EDGE('',*,*,#8245,.T.);
#11412=ORIENTED_EDGE('',*,*,#8246,.F.);
#11413=ORIENTED_EDGE('',*,*,#8245,.F.);
#11414=ORIENTED_EDGE('',*,*,#8247,.T.);
#11415=ORIENTED_EDGE('',*,*,#8248,.T.);
#11416=ORIENTED_EDGE('',*,*,#8249,.F.);
#11417=ORIENTED_EDGE('',*,*,#8250,.F.);
#11418=ORIENTED_EDGE('',*,*,#8251,.T.);
#11419=ORIENTED_EDGE('',*,*,#8250,.T.);
#11420=ORIENTED_EDGE('',*,*,#8252,.F.);
#11421=ORIENTED_EDGE('',*,*,#8253,.F.);
#11422=ORIENTED_EDGE('',*,*,#8254,.T.);
#11423=ORIENTED_EDGE('',*,*,#8253,.T.);
#11424=ORIENTED_EDGE('',*,*,#8255,.F.);
#11425=ORIENTED_EDGE('',*,*,#8256,.F.);
#11426=ORIENTED_EDGE('',*,*,#8257,.T.);
#11427=ORIENTED_EDGE('',*,*,#8256,.T.);
#11428=ORIENTED_EDGE('',*,*,#8258,.F.);
#11429=ORIENTED_EDGE('',*,*,#8248,.F.);
#11430=ORIENTED_EDGE('',*,*,#8257,.F.);
#11431=ORIENTED_EDGE('',*,*,#8247,.F.);
#11432=ORIENTED_EDGE('',*,*,#8251,.F.);
#11433=ORIENTED_EDGE('',*,*,#8254,.F.);
#11434=ORIENTED_EDGE('',*,*,#8241,.T.);
#11435=ORIENTED_EDGE('',*,*,#8259,.T.);
#11436=ORIENTED_EDGE('',*,*,#8260,.T.);
#11437=ORIENTED_EDGE('',*,*,#8261,.F.);
#11438=ORIENTED_EDGE('',*,*,#8262,.F.);
#11439=ORIENTED_EDGE('',*,*,#8263,.T.);
#11440=ORIENTED_EDGE('',*,*,#8262,.T.);
#11441=ORIENTED_EDGE('',*,*,#8264,.F.);
#11442=ORIENTED_EDGE('',*,*,#8265,.F.);
#11443=ORIENTED_EDGE('',*,*,#8266,.T.);
#11444=ORIENTED_EDGE('',*,*,#8265,.T.);
#11445=ORIENTED_EDGE('',*,*,#8267,.F.);
#11446=ORIENTED_EDGE('',*,*,#8268,.F.);
#11447=ORIENTED_EDGE('',*,*,#8269,.T.);
#11448=ORIENTED_EDGE('',*,*,#8268,.T.);
#11449=ORIENTED_EDGE('',*,*,#8270,.F.);
#11450=ORIENTED_EDGE('',*,*,#8260,.F.);
#11451=ORIENTED_EDGE('',*,*,#8269,.F.);
#11452=ORIENTED_EDGE('',*,*,#8259,.F.);
#11453=ORIENTED_EDGE('',*,*,#8263,.F.);
#11454=ORIENTED_EDGE('',*,*,#8266,.F.);
#11455=ORIENTED_EDGE('',*,*,#8244,.T.);
#11456=ORIENTED_EDGE('',*,*,#8271,.T.);
#11457=ORIENTED_EDGE('',*,*,#8272,.T.);
#11458=ORIENTED_EDGE('',*,*,#8273,.F.);
#11459=ORIENTED_EDGE('',*,*,#8274,.F.);
#11460=ORIENTED_EDGE('',*,*,#8275,.T.);
#11461=ORIENTED_EDGE('',*,*,#8274,.T.);
#11462=ORIENTED_EDGE('',*,*,#8276,.F.);
#11463=ORIENTED_EDGE('',*,*,#8277,.F.);
#11464=ORIENTED_EDGE('',*,*,#8278,.T.);
#11465=ORIENTED_EDGE('',*,*,#8277,.T.);
#11466=ORIENTED_EDGE('',*,*,#8279,.F.);
#11467=ORIENTED_EDGE('',*,*,#8280,.F.);
#11468=ORIENTED_EDGE('',*,*,#8281,.T.);
#11469=ORIENTED_EDGE('',*,*,#8280,.T.);
#11470=ORIENTED_EDGE('',*,*,#8282,.F.);
#11471=ORIENTED_EDGE('',*,*,#8272,.F.);
#11472=ORIENTED_EDGE('',*,*,#8282,.T.);
#11473=ORIENTED_EDGE('',*,*,#8279,.T.);
#11474=ORIENTED_EDGE('',*,*,#8276,.T.);
#11475=ORIENTED_EDGE('',*,*,#8273,.T.);
#11476=ORIENTED_EDGE('',*,*,#8243,.T.);
#11477=ORIENTED_EDGE('',*,*,#8246,.T.);
#11478=ORIENTED_EDGE('',*,*,#8281,.F.);
#11479=ORIENTED_EDGE('',*,*,#8271,.F.);
#11480=ORIENTED_EDGE('',*,*,#8275,.F.);
#11481=ORIENTED_EDGE('',*,*,#8278,.F.);
#11482=ORIENTED_EDGE('',*,*,#8249,.T.);
#11483=ORIENTED_EDGE('',*,*,#8258,.T.);
#11484=ORIENTED_EDGE('',*,*,#8255,.T.);
#11485=ORIENTED_EDGE('',*,*,#8252,.T.);
#11486=ORIENTED_EDGE('',*,*,#8261,.T.);
#11487=ORIENTED_EDGE('',*,*,#8270,.T.);
#11488=ORIENTED_EDGE('',*,*,#8267,.T.);
#11489=ORIENTED_EDGE('',*,*,#8264,.T.);
#11490=ORIENTED_EDGE('',*,*,#8283,.T.);
#11491=ORIENTED_EDGE('',*,*,#8284,.T.);
#11492=ORIENTED_EDGE('',*,*,#8285,.F.);
#11493=ORIENTED_EDGE('',*,*,#8286,.F.);
#11494=ORIENTED_EDGE('',*,*,#8287,.T.);
#11495=ORIENTED_EDGE('',*,*,#8288,.T.);
#11496=ORIENTED_EDGE('',*,*,#8289,.F.);
#11497=ORIENTED_EDGE('',*,*,#8284,.F.);
#11498=ORIENTED_EDGE('',*,*,#8287,.F.);
#11499=ORIENTED_EDGE('',*,*,#8283,.F.);
#11500=ORIENTED_EDGE('',*,*,#8290,.F.);
#11501=ORIENTED_EDGE('',*,*,#8291,.F.);
#11502=ORIENTED_EDGE('',*,*,#8292,.T.);
#11503=ORIENTED_EDGE('',*,*,#8288,.F.);
#11504=ORIENTED_EDGE('',*,*,#8291,.T.);
#11505=ORIENTED_EDGE('',*,*,#8293,.T.);
#11506=ORIENTED_EDGE('',*,*,#8294,.F.);
#11507=ORIENTED_EDGE('',*,*,#8295,.F.);
#11508=ORIENTED_EDGE('',*,*,#8296,.F.);
#11509=ORIENTED_EDGE('',*,*,#8297,.T.);
#11510=ORIENTED_EDGE('',*,*,#8294,.T.);
#11511=ORIENTED_EDGE('',*,*,#8298,.T.);
#11512=ORIENTED_EDGE('',*,*,#8299,.F.);
#11513=ORIENTED_EDGE('',*,*,#8300,.F.);
#11514=ORIENTED_EDGE('',*,*,#8301,.T.);
#11515=ORIENTED_EDGE('',*,*,#8302,.F.);
#11516=ORIENTED_EDGE('',*,*,#8289,.T.);
#11517=ORIENTED_EDGE('',*,*,#8292,.F.);
#11518=ORIENTED_EDGE('',*,*,#8303,.F.);
#11519=ORIENTED_EDGE('',*,*,#8304,.F.);
#11520=ORIENTED_EDGE('',*,*,#8305,.F.);
#11521=ORIENTED_EDGE('',*,*,#8285,.T.);
#11522=ORIENTED_EDGE('',*,*,#8306,.T.);
#11523=ORIENTED_EDGE('',*,*,#8307,.F.);
#11524=ORIENTED_EDGE('',*,*,#8308,.F.);
#11525=ORIENTED_EDGE('',*,*,#8298,.F.);
#11526=ORIENTED_EDGE('',*,*,#8293,.F.);
#11527=ORIENTED_EDGE('',*,*,#8290,.T.);
#11528=ORIENTED_EDGE('',*,*,#8286,.T.);
#11529=ORIENTED_EDGE('',*,*,#8305,.T.);
#11530=ORIENTED_EDGE('',*,*,#8299,.T.);
#11531=ORIENTED_EDGE('',*,*,#8308,.T.);
#11532=ORIENTED_EDGE('',*,*,#8309,.F.);
#11533=ORIENTED_EDGE('',*,*,#8310,.F.);
#11534=ORIENTED_EDGE('',*,*,#8300,.T.);
#11535=ORIENTED_EDGE('',*,*,#8310,.T.);
#11536=ORIENTED_EDGE('',*,*,#8311,.F.);
#11537=ORIENTED_EDGE('',*,*,#8312,.F.);
#11538=ORIENTED_EDGE('',*,*,#8311,.T.);
#11539=ORIENTED_EDGE('',*,*,#8309,.T.);
#11540=ORIENTED_EDGE('',*,*,#8307,.T.);
#11541=ORIENTED_EDGE('',*,*,#8313,.T.);
#11542=ORIENTED_EDGE('',*,*,#8314,.T.);
#11543=ORIENTED_EDGE('',*,*,#8315,.F.);
#11544=ORIENTED_EDGE('',*,*,#8316,.F.);
#11545=ORIENTED_EDGE('',*,*,#8301,.F.);
#11546=ORIENTED_EDGE('',*,*,#8312,.T.);
#11547=ORIENTED_EDGE('',*,*,#8313,.F.);
#11548=ORIENTED_EDGE('',*,*,#8306,.F.);
#11549=ORIENTED_EDGE('',*,*,#8304,.T.);
#11550=ORIENTED_EDGE('',*,*,#8302,.T.);
#11551=ORIENTED_EDGE('',*,*,#8316,.T.);
#11552=ORIENTED_EDGE('',*,*,#8317,.F.);
#11553=ORIENTED_EDGE('',*,*,#8318,.F.);
#11554=ORIENTED_EDGE('',*,*,#8296,.T.);
#11555=ORIENTED_EDGE('',*,*,#8318,.T.);
#11556=ORIENTED_EDGE('',*,*,#8319,.F.);
#11557=ORIENTED_EDGE('',*,*,#8320,.F.);
#11558=ORIENTED_EDGE('',*,*,#8320,.T.);
#11559=ORIENTED_EDGE('',*,*,#8321,.F.);
#11560=ORIENTED_EDGE('',*,*,#8314,.F.);
#11561=ORIENTED_EDGE('',*,*,#8303,.T.);
#11562=ORIENTED_EDGE('',*,*,#8295,.T.);
#11563=ORIENTED_EDGE('',*,*,#8297,.F.);
#11564=ORIENTED_EDGE('',*,*,#8321,.T.);
#11565=ORIENTED_EDGE('',*,*,#8319,.T.);
#11566=ORIENTED_EDGE('',*,*,#8317,.T.);
#11567=ORIENTED_EDGE('',*,*,#8315,.T.);
#11568=ORIENTED_EDGE('',*,*,#8322,.F.);
#11569=ORIENTED_EDGE('',*,*,#8323,.T.);
#11570=ORIENTED_EDGE('',*,*,#8324,.F.);
#11571=ORIENTED_EDGE('',*,*,#8323,.F.);
#11572=ORIENTED_EDGE('',*,*,#8325,.F.);
#11573=ORIENTED_EDGE('',*,*,#8326,.T.);
#11574=ORIENTED_EDGE('',*,*,#8327,.F.);
#11575=ORIENTED_EDGE('',*,*,#8326,.F.);
#11576=ORIENTED_EDGE('',*,*,#8327,.T.);
#11577=ORIENTED_EDGE('',*,*,#8322,.T.);
#11578=ORIENTED_EDGE('',*,*,#8325,.T.);
#11579=ORIENTED_EDGE('',*,*,#8324,.T.);
#11580=ORIENTED_EDGE('',*,*,#8328,.F.);
#11581=ORIENTED_EDGE('',*,*,#8329,.T.);
#11582=ORIENTED_EDGE('',*,*,#8330,.F.);
#11583=ORIENTED_EDGE('',*,*,#8329,.F.);
#11584=ORIENTED_EDGE('',*,*,#8331,.F.);
#11585=ORIENTED_EDGE('',*,*,#8332,.T.);
#11586=ORIENTED_EDGE('',*,*,#8333,.F.);
#11587=ORIENTED_EDGE('',*,*,#8332,.F.);
#11588=ORIENTED_EDGE('',*,*,#8333,.T.);
#11589=ORIENTED_EDGE('',*,*,#8328,.T.);
#11590=ORIENTED_EDGE('',*,*,#8331,.T.);
#11591=ORIENTED_EDGE('',*,*,#8330,.T.);
#11592=ORIENTED_EDGE('',*,*,#8334,.F.);
#11593=ORIENTED_EDGE('',*,*,#8335,.T.);
#11594=ORIENTED_EDGE('',*,*,#8336,.F.);
#11595=ORIENTED_EDGE('',*,*,#8335,.F.);
#11596=ORIENTED_EDGE('',*,*,#8337,.F.);
#11597=ORIENTED_EDGE('',*,*,#8338,.T.);
#11598=ORIENTED_EDGE('',*,*,#8339,.F.);
#11599=ORIENTED_EDGE('',*,*,#8338,.F.);
#11600=ORIENTED_EDGE('',*,*,#8339,.T.);
#11601=ORIENTED_EDGE('',*,*,#8334,.T.);
#11602=ORIENTED_EDGE('',*,*,#8337,.T.);
#11603=ORIENTED_EDGE('',*,*,#8336,.T.);
#11604=ORIENTED_EDGE('',*,*,#8340,.F.);
#11605=ORIENTED_EDGE('',*,*,#8341,.T.);
#11606=ORIENTED_EDGE('',*,*,#8342,.F.);
#11607=ORIENTED_EDGE('',*,*,#8341,.F.);
#11608=ORIENTED_EDGE('',*,*,#8343,.F.);
#11609=ORIENTED_EDGE('',*,*,#8344,.T.);
#11610=ORIENTED_EDGE('',*,*,#8345,.F.);
#11611=ORIENTED_EDGE('',*,*,#8344,.F.);
#11612=ORIENTED_EDGE('',*,*,#8345,.T.);
#11613=ORIENTED_EDGE('',*,*,#8340,.T.);
#11614=ORIENTED_EDGE('',*,*,#8343,.T.);
#11615=ORIENTED_EDGE('',*,*,#8342,.T.);
#11616=ORIENTED_EDGE('',*,*,#8346,.F.);
#11617=ORIENTED_EDGE('',*,*,#8347,.T.);
#11618=ORIENTED_EDGE('',*,*,#8348,.F.);
#11619=ORIENTED_EDGE('',*,*,#8347,.F.);
#11620=ORIENTED_EDGE('',*,*,#8349,.F.);
#11621=ORIENTED_EDGE('',*,*,#8350,.T.);
#11622=ORIENTED_EDGE('',*,*,#8351,.F.);
#11623=ORIENTED_EDGE('',*,*,#8350,.F.);
#11624=ORIENTED_EDGE('',*,*,#8351,.T.);
#11625=ORIENTED_EDGE('',*,*,#8346,.T.);
#11626=ORIENTED_EDGE('',*,*,#8349,.T.);
#11627=ORIENTED_EDGE('',*,*,#8348,.T.);
#11628=ORIENTED_EDGE('',*,*,#8352,.F.);
#11629=ORIENTED_EDGE('',*,*,#8353,.T.);
#11630=ORIENTED_EDGE('',*,*,#8354,.F.);
#11631=ORIENTED_EDGE('',*,*,#8353,.F.);
#11632=ORIENTED_EDGE('',*,*,#8355,.F.);
#11633=ORIENTED_EDGE('',*,*,#8356,.T.);
#11634=ORIENTED_EDGE('',*,*,#8357,.F.);
#11635=ORIENTED_EDGE('',*,*,#8356,.F.);
#11636=ORIENTED_EDGE('',*,*,#8357,.T.);
#11637=ORIENTED_EDGE('',*,*,#8352,.T.);
#11638=ORIENTED_EDGE('',*,*,#8355,.T.);
#11639=ORIENTED_EDGE('',*,*,#8354,.T.);
#11640=CYLINDRICAL_SURFACE('',#13532,1.35);
#11641=CYLINDRICAL_SURFACE('',#13535,1.35);
#11642=CYLINDRICAL_SURFACE('',#13538,1.35);
#11643=CYLINDRICAL_SURFACE('',#13541,1.35);
#11644=CYLINDRICAL_SURFACE('',#13544,1.35);
#11645=CYLINDRICAL_SURFACE('',#13547,1.35);
#11646=CYLINDRICAL_SURFACE('',#13550,70.);
#11647=CYLINDRICAL_SURFACE('',#13553,75.);
#11648=CYLINDRICAL_SURFACE('',#13564,5.);
#11649=CYLINDRICAL_SURFACE('',#13568,1.25);
#11650=CYLINDRICAL_SURFACE('',#13571,1.25);
#11651=CYLINDRICAL_SURFACE('',#13574,1.25);
#11652=CYLINDRICAL_SURFACE('',#13577,1.25);
#11653=CYLINDRICAL_SURFACE('',#13580,1.25);
#11654=CYLINDRICAL_SURFACE('',#13583,1.25);
#11655=CYLINDRICAL_SURFACE('',#13586,1.25);
#11656=CYLINDRICAL_SURFACE('',#13589,1.25);
#11657=CYLINDRICAL_SURFACE('',#13595,18.);
#11658=CYLINDRICAL_SURFACE('',#13603,18.);
#11659=CYLINDRICAL_SURFACE('',#13604,9.);
#11660=CYLINDRICAL_SURFACE('',#13605,9.);
#11661=CYLINDRICAL_SURFACE('',#13610,1.6);
#11662=CYLINDRICAL_SURFACE('',#13613,1.6);
#11663=CYLINDRICAL_SURFACE('',#13616,1.6);
#11664=CYLINDRICAL_SURFACE('',#13619,1.6);
#11665=CYLINDRICAL_SURFACE('',#13622,1.35);
#11666=CYLINDRICAL_SURFACE('',#13625,1.35);
#11667=CYLINDRICAL_SURFACE('',#13628,1.35);
#11668=CYLINDRICAL_SURFACE('',#13631,1.35);
#11669=CYLINDRICAL_SURFACE('',#13634,1.35);
#11670=CYLINDRICAL_SURFACE('',#13637,1.35);
#11671=CYLINDRICAL_SURFACE('',#13640,5.);
#11672=CYLINDRICAL_SURFACE('',#13643,18.);
#11673=CYLINDRICAL_SURFACE('',#13646,18.);
#11674=CYLINDRICAL_SURFACE('',#13649,18.);
#11675=CYLINDRICAL_SURFACE('',#13652,18.);
#11676=CYLINDRICAL_SURFACE('',#13668,69.);
#11677=CYLINDRICAL_SURFACE('',#13671,69.);
#11678=CYLINDRICAL_SURFACE('',#13674,74.5);
#11679=CYLINDRICAL_SURFACE('',#13683,69.);
#11680=CYLINDRICAL_SURFACE('',#13685,74.5);
#11681=CYLINDRICAL_SURFACE('',#13687,74.5);
#11682=CYLINDRICAL_SURFACE('',#13696,69.);
#11683=CYLINDRICAL_SURFACE('',#13700,74.5);
#11684=CYLINDRICAL_SURFACE('',#13702,1.25);
#11685=CYLINDRICAL_SURFACE('',#13713,4.8);
#11686=CYLINDRICAL_SURFACE('',#13720,5.);
#11687=CYLINDRICAL_SURFACE('',#13728,6.);
#11688=CYLINDRICAL_SURFACE('',#13729,5.);
#11689=CYLINDRICAL_SURFACE('',#13730,5.);
#11690=CYLINDRICAL_SURFACE('',#13735,1.6);
#11691=CYLINDRICAL_SURFACE('',#13738,1.6);
#11692=CYLINDRICAL_SURFACE('',#13741,1.6);
#11693=CYLINDRICAL_SURFACE('',#13744,1.6);
#11694=CYLINDRICAL_SURFACE('',#13747,13.);
#11695=CYLINDRICAL_SURFACE('',#13752,13.);
#11696=CYLINDRICAL_SURFACE('',#13757,11.);
#11697=CYLINDRICAL_SURFACE('',#13765,1.6);
#11698=CYLINDRICAL_SURFACE('',#13768,1.6);
#11699=CYLINDRICAL_SURFACE('',#13771,1.6);
#11700=CYLINDRICAL_SURFACE('',#13774,1.6);
#11701=CYLINDRICAL_SURFACE('',#13777,1.6);
#11702=CYLINDRICAL_SURFACE('',#13780,1.6);
#11703=CYLINDRICAL_SURFACE('',#13783,1.6);
#11704=CYLINDRICAL_SURFACE('',#13786,1.6);
#11705=CYLINDRICAL_SURFACE('',#13789,1.6);
#11706=CYLINDRICAL_SURFACE('',#13792,1.6);
#11707=CYLINDRICAL_SURFACE('',#13795,8.05);
#11708=CYLINDRICAL_SURFACE('',#13805,1.6);
#11709=CYLINDRICAL_SURFACE('',#13808,15.);
#11710=CYLINDRICAL_SURFACE('',#13811,15.);
#11711=CYLINDRICAL_SURFACE('',#13832,1.6);
#11712=CYLINDRICAL_SURFACE('',#13834,15.);
#11713=CYLINDRICAL_SURFACE('',#13836,1.6);
#11714=CYLINDRICAL_SURFACE('',#13838,15.);
#11715=CYLINDRICAL_SURFACE('',#13854,1.6);
#11716=CYLINDRICAL_SURFACE('',#13855,20.);
#11717=CYLINDRICAL_SURFACE('',#13856,20.);
#11718=CYLINDRICAL_SURFACE('',#13857,20.);
#11719=CYLINDRICAL_SURFACE('',#13858,20.);
#11720=CYLINDRICAL_SURFACE('',#13872,49.);
#11721=CYLINDRICAL_SURFACE('',#13873,49.);
#11722=CYLINDRICAL_SURFACE('',#13874,55.);
#11723=CYLINDRICAL_SURFACE('',#13875,49.);
#11724=CYLINDRICAL_SURFACE('',#13876,55.);
#11725=CYLINDRICAL_SURFACE('',#13877,55.);
#11726=CYLINDRICAL_SURFACE('',#13885,49.);
#11727=CYLINDRICAL_SURFACE('',#13886,55.);
#11728=CYLINDRICAL_SURFACE('',#13902,1.25);
#11729=CYLINDRICAL_SURFACE('',#13906,1.25);
#11730=CYLINDRICAL_SURFACE('',#13910,1.5);
#11731=CYLINDRICAL_SURFACE('',#13913,1.5);
#11732=CYLINDRICAL_SURFACE('',#13917,1.5);
#11733=CYLINDRICAL_SURFACE('',#13920,1.5);
#11734=CYLINDRICAL_SURFACE('',#13937,2.10000000000001);
#11735=CYLINDRICAL_SURFACE('',#13940,1.1);
#11736=CYLINDRICAL_SURFACE('',#13943,1.1);
#11737=CYLINDRICAL_SURFACE('',#13946,1.1);
#11738=CYLINDRICAL_SURFACE('',#13949,1.1);
#11739=CYLINDRICAL_SURFACE('',#13960,8.);
#11740=CYLINDRICAL_SURFACE('',#13962,15.);
#11741=CYLINDRICAL_SURFACE('',#13972,1.6);
#11742=CYLINDRICAL_SURFACE('',#13975,1.6);
#11743=CYLINDRICAL_SURFACE('',#13978,1.6);
#11744=CYLINDRICAL_SURFACE('',#13981,1.6);
#11745=CYLINDRICAL_SURFACE('',#13984,1.6);
#11746=CYLINDRICAL_SURFACE('',#13987,1.6);
#11747=CYLINDRICAL_SURFACE('',#13990,7.);
#11748=CYLINDRICAL_SURFACE('',#14046,80.);
#11749=CYLINDRICAL_SURFACE('',#14106,78.);
#11750=CYLINDRICAL_SURFACE('',#14119,74.);
#11751=CYLINDRICAL_SURFACE('',#14130,74.);
#11752=CYLINDRICAL_SURFACE('',#14131,74.);
#11753=CYLINDRICAL_SURFACE('',#14138,74.);
#11754=CYLINDRICAL_SURFACE('',#14153,74.);
#11755=CYLINDRICAL_SURFACE('',#14154,12.);
#11756=CYLINDRICAL_SURFACE('',#14155,12.);
#11757=CYLINDRICAL_SURFACE('',#14156,12.);
#11758=CYLINDRICAL_SURFACE('',#14157,12.);
#11759=CYLINDRICAL_SURFACE('',#14175,74.);
#11760=CYLINDRICAL_SURFACE('',#14176,74.);
#11761=CYLINDRICAL_SURFACE('',#14185,74.);
#11762=CYLINDRICAL_SURFACE('',#14205,5.5);
#11763=CYLINDRICAL_SURFACE('',#14212,5.);
#11764=CYLINDRICAL_SURFACE('',#14214,3.);
#11765=CYLINDRICAL_SURFACE('',#14216,12.7);
#11766=CYLINDRICAL_SURFACE('',#14227,2.5);
#11767=CYLINDRICAL_SURFACE('',#14229,3.);
#11768=CYLINDRICAL_SURFACE('',#14233,5.);
#11769=CYLINDRICAL_SURFACE('',#14236,13.);
#11770=CYLINDRICAL_SURFACE('',#14242,5.);
#11771=CYLINDRICAL_SURFACE('',#14245,13.);
#11772=CYLINDRICAL_SURFACE('',#14251,1.25);
#11773=CYLINDRICAL_SURFACE('',#14255,1.25);
#11774=CYLINDRICAL_SURFACE('',#14259,1.25);
#11775=CYLINDRICAL_SURFACE('',#14263,1.25);
#11776=CYLINDRICAL_SURFACE('',#14267,1.25);
#11777=CYLINDRICAL_SURFACE('',#14271,1.25);
#11778=CYLINDRICAL_SURFACE('',#14275,2.6);
#11779=CYLINDRICAL_SURFACE('',#14279,8.);
#11780=CYLINDRICAL_SURFACE('',#14283,21.);
#11781=CYLINDRICAL_SURFACE('',#14289,2.5);
#11782=CYLINDRICAL_SURFACE('',#14295,1.6);
#11783=CYLINDRICAL_SURFACE('',#14298,1.6);
#11784=CYLINDRICAL_SURFACE('',#14301,1.6);
#11785=CYLINDRICAL_SURFACE('',#14304,1.6);
#11786=CYLINDRICAL_SURFACE('',#14307,6.);
#11787=CYLINDRICAL_SURFACE('',#14317,1.6);
#11788=CYLINDRICAL_SURFACE('',#14320,1.6);
#11789=CYLINDRICAL_SURFACE('',#14323,1.6);
#11790=CYLINDRICAL_SURFACE('',#14326,1.6);
#11791=CYLINDRICAL_SURFACE('',#14329,6.);
#11792=CYLINDRICAL_SURFACE('',#14339,2.5);
#11793=CYLINDRICAL_SURFACE('',#14345,1.1);
#11794=CYLINDRICAL_SURFACE('',#14348,1.1);
#11795=CYLINDRICAL_SURFACE('',#14351,1.1);
#11796=CYLINDRICAL_SURFACE('',#14354,1.1);
#11797=CYLINDRICAL_SURFACE('',#14364,5.);
#11798=CYLINDRICAL_SURFACE('',#14367,9.);
#11799=CYLINDRICAL_SURFACE('',#14378,4.8);
#11800=CYLINDRICAL_SURFACE('',#14380,6.6);
#11801=CYLINDRICAL_SURFACE('',#14384,1.6);
#11802=CYLINDRICAL_SURFACE('',#14387,4.);
#11803=CYLINDRICAL_SURFACE('',#14393,1.6);
#11804=CYLINDRICAL_SURFACE('',#14396,4.);
#11805=CYLINDRICAL_SURFACE('',#14402,1.6);
#11806=CYLINDRICAL_SURFACE('',#14405,4.);
#11807=CYLINDRICAL_SURFACE('',#14411,1.6);
#11808=CYLINDRICAL_SURFACE('',#14414,4.);
#11809=CYLINDRICAL_SURFACE('',#14420,1.5);
#11810=CYLINDRICAL_SURFACE('',#14426,1.5);
#11811=CYLINDRICAL_SURFACE('',#14432,1.6);
#11812=CYLINDRICAL_SURFACE('',#14435,1.6);
#11813=CYLINDRICAL_SURFACE('',#14450,1.6);
#11814=CYLINDRICAL_SURFACE('',#14453,1.6);
#11815=CYLINDRICAL_SURFACE('',#14475,5.);
#11816=CYLINDRICAL_SURFACE('',#14478,6.);
#11817=CYLINDRICAL_SURFACE('',#14484,5.);
#11818=CYLINDRICAL_SURFACE('',#14487,9.);
#11819=CYLINDRICAL_SURFACE('',#14493,5.);
#11820=CYLINDRICAL_SURFACE('',#14496,9.);
#11821=CYLINDRICAL_SURFACE('',#14502,1.6);
#11822=CYLINDRICAL_SURFACE('',#14505,4.);
#11823=CYLINDRICAL_SURFACE('',#14511,1.6);
#11824=CYLINDRICAL_SURFACE('',#14514,4.);
#11825=CYLINDRICAL_SURFACE('',#14520,1.6);
#11826=CYLINDRICAL_SURFACE('',#14523,4.);
#11827=CYLINDRICAL_SURFACE('',#14529,1.6);
#11828=CYLINDRICAL_SURFACE('',#14532,4.);
#11829=CYLINDRICAL_SURFACE('',#14571,1.5);
#11830=CYLINDRICAL_SURFACE('',#14586,1.5);
#11831=CYLINDRICAL_SURFACE('',#14589,1.5);
#11832=CYLINDRICAL_SURFACE('',#14610,1.5);
#11833=CYLINDRICAL_SURFACE('',#14625,1.5);
#11834=CYLINDRICAL_SURFACE('',#14627,1.6);
#11835=CYLINDRICAL_SURFACE('',#14630,1.6);
#11836=CYLINDRICAL_SURFACE('',#14666,1.5);
#11837=CYLINDRICAL_SURFACE('',#14669,3.);
#11838=CYLINDRICAL_SURFACE('',#14675,1.5);
#11839=CYLINDRICAL_SURFACE('',#14678,3.);
#11840=CYLINDRICAL_SURFACE('',#14684,1.8);
#11841=CYLINDRICAL_SURFACE('',#14687,3.);
#11842=CYLINDRICAL_SURFACE('',#14693,1.8);
#11843=CYLINDRICAL_SURFACE('',#14696,3.);
#11844=CYLINDRICAL_SURFACE('',#14702,1.8);
#11845=CYLINDRICAL_SURFACE('',#14705,3.);
#11846=CYLINDRICAL_SURFACE('',#14711,1.8);
#11847=CYLINDRICAL_SURFACE('',#14714,3.);
#11848=ADVANCED_FACE('',(#1169),#11640,.F.);
#11849=ADVANCED_FACE('',(#1170),#11641,.F.);
#11850=ADVANCED_FACE('',(#1171),#11642,.F.);
#11851=ADVANCED_FACE('',(#1172),#11643,.F.);
#11852=ADVANCED_FACE('',(#1173),#11644,.F.);
#11853=ADVANCED_FACE('',(#1174),#11645,.F.);
#11854=ADVANCED_FACE('',(#1175),#11646,.F.);
#11855=ADVANCED_FACE('',(#1176),#11647,.T.);
#11856=ADVANCED_FACE('',(#1177,#441,#442,#443,#444,#445,#446,#447),#689,
 .F.);
#11857=ADVANCED_FACE('',(#1178,#448,#449,#450,#451,#452,#453,#454),#690,
 .T.);
#11858=ADVANCED_FACE('',(#1179),#691,.F.);
#11859=ADVANCED_FACE('',(#1180),#692,.F.);
#11860=ADVANCED_FACE('',(#1181),#693,.F.);
#11861=ADVANCED_FACE('',(#1182),#694,.F.);
#11862=ADVANCED_FACE('',(#1183),#11648,.F.);
#11863=ADVANCED_FACE('',(#1184),#11649,.F.);
#11864=ADVANCED_FACE('',(#1185),#11650,.F.);
#11865=ADVANCED_FACE('',(#1186),#11651,.F.);
#11866=ADVANCED_FACE('',(#1187),#11652,.F.);
#11867=ADVANCED_FACE('',(#1188),#11653,.F.);
#11868=ADVANCED_FACE('',(#1189),#11654,.F.);
#11869=ADVANCED_FACE('',(#1190),#11655,.F.);
#11870=ADVANCED_FACE('',(#1191),#11656,.F.);
#11871=ADVANCED_FACE('',(#1192,#455,#456,#457,#458,#459),#695,.F.);
#11872=ADVANCED_FACE('',(#1193),#11657,.T.);
#11873=ADVANCED_FACE('',(#1194,#460,#461,#462,#463,#464),#696,.F.);
#11874=ADVANCED_FACE('',(#1195,#465,#466,#467,#468,#469),#697,.T.);
#11875=ADVANCED_FACE('',(#1196),#11658,.T.);
#11876=ADVANCED_FACE('',(#1197),#11659,.T.);
#11877=ADVANCED_FACE('',(#1198),#11660,.T.);
#11878=ADVANCED_FACE('',(#1199,#470),#698,.F.);
#11879=ADVANCED_FACE('',(#1200,#471,#472,#473,#474,#475),#699,.T.);
#11880=ADVANCED_FACE('',(#1201),#11661,.F.);
#11881=ADVANCED_FACE('',(#1202),#11662,.F.);
#11882=ADVANCED_FACE('',(#1203),#11663,.F.);
#11883=ADVANCED_FACE('',(#1204),#11664,.F.);
#11884=ADVANCED_FACE('',(#1205),#11665,.F.);
#11885=ADVANCED_FACE('',(#1206),#11666,.F.);
#11886=ADVANCED_FACE('',(#1207),#11667,.F.);
#11887=ADVANCED_FACE('',(#1208),#11668,.F.);
#11888=ADVANCED_FACE('',(#1209),#11669,.F.);
#11889=ADVANCED_FACE('',(#1210),#11670,.F.);
#11890=ADVANCED_FACE('',(#1211),#11671,.F.);
#11891=ADVANCED_FACE('',(#1212),#11672,.T.);
#11892=ADVANCED_FACE('',(#1213),#11673,.T.);
#11893=ADVANCED_FACE('',(#1214),#11674,.T.);
#11894=ADVANCED_FACE('',(#1215),#11675,.T.);
#11895=ADVANCED_FACE('',(#1216),#700,.T.);
#11896=ADVANCED_FACE('',(#1217),#701,.T.);
#11897=ADVANCED_FACE('',(#1218),#702,.T.);
#11898=ADVANCED_FACE('',(#1219),#703,.T.);
#11899=ADVANCED_FACE('',(#1220),#704,.T.);
#11900=ADVANCED_FACE('',(#1221),#705,.T.);
#11901=ADVANCED_FACE('',(#1222),#706,.T.);
#11902=ADVANCED_FACE('',(#1223),#707,.T.);
#11903=ADVANCED_FACE('',(#1224),#708,.T.);
#11904=ADVANCED_FACE('',(#1225),#709,.T.);
#11905=ADVANCED_FACE('',(#1226),#710,.T.);
#11906=ADVANCED_FACE('',(#1227),#711,.T.);
#11907=ADVANCED_FACE('',(#1228),#712,.T.);
#11908=ADVANCED_FACE('',(#1229),#11676,.F.);
#11909=ADVANCED_FACE('',(#1230),#11677,.F.);
#11910=ADVANCED_FACE('',(#1231),#11678,.T.);
#11911=ADVANCED_FACE('',(#1232,#476,#477,#478,#479,#480,#481,#482,#483,
#484,#485,#486,#487,#488,#489,#490),#713,.F.);
#11912=ADVANCED_FACE('',(#1233),#11679,.F.);
#11913=ADVANCED_FACE('',(#1234),#11680,.T.);
#11914=ADVANCED_FACE('',(#1235),#11681,.T.);
#11915=ADVANCED_FACE('',(#1236),#714,.T.);
#11916=ADVANCED_FACE('',(#1237),#715,.T.);
#11917=ADVANCED_FACE('',(#1238),#716,.T.);
#11918=ADVANCED_FACE('',(#1239),#717,.T.);
#11919=ADVANCED_FACE('',(#1240),#718,.T.);
#11920=ADVANCED_FACE('',(#1241),#719,.T.);
#11921=ADVANCED_FACE('',(#1242),#720,.T.);
#11922=ADVANCED_FACE('',(#1243),#11682,.F.);
#11923=ADVANCED_FACE('',(#1244,#491,#492,#493,#494,#495,#496,#497,#498,
#499,#500,#501,#502,#503,#504,#505),#721,.T.);
#11924=ADVANCED_FACE('',(#1245),#11683,.T.);
#11925=ADVANCED_FACE('',(#1246),#11684,.F.);
#11926=ADVANCED_FACE('',(#1247),#722,.T.);
#11927=ADVANCED_FACE('',(#1248),#723,.F.);
#11928=ADVANCED_FACE('',(#1249),#724,.T.);
#11929=ADVANCED_FACE('',(#1250),#725,.F.);
#11930=ADVANCED_FACE('',(#1251),#726,.F.);
#11931=ADVANCED_FACE('',(#1252),#727,.F.);
#11932=ADVANCED_FACE('',(#1253),#11685,.T.);
#11933=ADVANCED_FACE('',(#1254,#506),#728,.T.);
#11934=ADVANCED_FACE('',(#1255,#507),#729,.F.);
#11935=ADVANCED_FACE('',(#1256),#11686,.T.);
#11936=ADVANCED_FACE('',(#1257,#508),#730,.F.);
#11937=ADVANCED_FACE('',(#1258,#509),#731,.T.);
#11938=ADVANCED_FACE('',(#1259),#11687,.T.);
#11939=ADVANCED_FACE('',(#1260,#510),#11688,.T.);
#11940=ADVANCED_FACE('',(#1261),#11689,.T.);
#11941=ADVANCED_FACE('',(#1262),#732,.F.);
#11942=ADVANCED_FACE('',(#1263,#511),#733,.T.);
#11943=ADVANCED_FACE('',(#1264),#11690,.F.);
#11944=ADVANCED_FACE('',(#1265),#11691,.F.);
#11945=ADVANCED_FACE('',(#1266),#11692,.F.);
#11946=ADVANCED_FACE('',(#1267),#11693,.F.);
#11947=ADVANCED_FACE('',(#1268),#11694,.F.);
#11948=ADVANCED_FACE('',(#1269,#512),#734,.T.);
#11949=ADVANCED_FACE('',(#1270),#11695,.F.);
#11950=ADVANCED_FACE('',(#1271,#513),#735,.F.);
#11951=ADVANCED_FACE('',(#1272),#11696,.F.);
#11952=ADVANCED_FACE('',(#1273),#736,.T.);
#11953=ADVANCED_FACE('',(#1274),#737,.T.);
#11954=ADVANCED_FACE('',(#1275),#738,.T.);
#11955=ADVANCED_FACE('',(#1276),#739,.T.);
#11956=ADVANCED_FACE('',(#1277,#514,#515,#516,#517,#518),#740,.T.);
#11957=ADVANCED_FACE('',(#1278,#519,#520,#521,#522,#523),#741,.F.);
#11958=ADVANCED_FACE('',(#1279),#11697,.F.);
#11959=ADVANCED_FACE('',(#1280),#11698,.F.);
#11960=ADVANCED_FACE('',(#1281),#11699,.F.);
#11961=ADVANCED_FACE('',(#1282),#11700,.F.);
#11962=ADVANCED_FACE('',(#1283),#11701,.F.);
#11963=ADVANCED_FACE('',(#1284),#11702,.F.);
#11964=ADVANCED_FACE('',(#1285),#11703,.F.);
#11965=ADVANCED_FACE('',(#1286),#11704,.F.);
#11966=ADVANCED_FACE('',(#1287),#11705,.F.);
#11967=ADVANCED_FACE('',(#1288),#11706,.F.);
#11968=ADVANCED_FACE('',(#1289),#11707,.F.);
#11969=ADVANCED_FACE('',(#1290),#742,.T.);
#11970=ADVANCED_FACE('',(#1291),#743,.T.);
#11971=ADVANCED_FACE('',(#1292),#744,.T.);
#11972=ADVANCED_FACE('',(#1293),#745,.T.);
#11973=ADVANCED_FACE('',(#1294,#524,#525,#526,#527,#528,#529,#530,#531,
#532,#533,#534),#746,.T.);
#11974=ADVANCED_FACE('',(#1295,#535,#536,#537,#538,#539,#540,#541,#542,
#543,#544,#545),#747,.F.);
#11975=ADVANCED_FACE('',(#1296),#11708,.F.);
#11976=ADVANCED_FACE('',(#1297),#11709,.F.);
#11977=ADVANCED_FACE('',(#1298),#11710,.F.);
#11978=ADVANCED_FACE('',(#1299,#546,#547,#548,#549,#550),#748,.T.);
#11979=ADVANCED_FACE('',(#1300),#11711,.F.);
#11980=ADVANCED_FACE('',(#1301),#11712,.F.);
#11981=ADVANCED_FACE('',(#1302),#11713,.F.);
#11982=ADVANCED_FACE('',(#1303),#11714,.F.);
#11983=ADVANCED_FACE('',(#1304,#551,#552,#553,#554,#555),#749,.F.);
#11984=ADVANCED_FACE('',(#1305),#11715,.F.);
#11985=ADVANCED_FACE('',(#1306),#11716,.T.);
#11986=ADVANCED_FACE('',(#1307),#11717,.T.);
#11987=ADVANCED_FACE('',(#1308),#11718,.T.);
#11988=ADVANCED_FACE('',(#1309),#11719,.T.);
#11989=ADVANCED_FACE('',(#1310),#750,.T.);
#11990=ADVANCED_FACE('',(#1311),#751,.T.);
#11991=ADVANCED_FACE('',(#1312),#752,.T.);
#11992=ADVANCED_FACE('',(#1313),#753,.T.);
#11993=ADVANCED_FACE('',(#1314),#754,.T.);
#11994=ADVANCED_FACE('',(#1315),#755,.T.);
#11995=ADVANCED_FACE('',(#1316),#756,.T.);
#11996=ADVANCED_FACE('',(#1317),#757,.T.);
#11997=ADVANCED_FACE('',(#1318),#758,.T.);
#11998=ADVANCED_FACE('',(#1319),#759,.T.);
#11999=ADVANCED_FACE('',(#1320),#760,.T.);
#12000=ADVANCED_FACE('',(#1321),#761,.T.);
#12001=ADVANCED_FACE('',(#1322),#762,.T.);
#12002=ADVANCED_FACE('',(#1323),#11720,.F.);
#12003=ADVANCED_FACE('',(#1324),#11721,.F.);
#12004=ADVANCED_FACE('',(#1325),#11722,.T.);
#12005=ADVANCED_FACE('',(#1326),#11723,.F.);
#12006=ADVANCED_FACE('',(#1327),#11724,.T.);
#12007=ADVANCED_FACE('',(#1328),#11725,.T.);
#12008=ADVANCED_FACE('',(#1329),#763,.T.);
#12009=ADVANCED_FACE('',(#1330),#764,.T.);
#12010=ADVANCED_FACE('',(#1331),#765,.T.);
#12011=ADVANCED_FACE('',(#1332),#766,.T.);
#12012=ADVANCED_FACE('',(#1333),#767,.T.);
#12013=ADVANCED_FACE('',(#1334),#768,.T.);
#12014=ADVANCED_FACE('',(#1335),#769,.T.);
#12015=ADVANCED_FACE('',(#1336),#11726,.F.);
#12016=ADVANCED_FACE('',(#1337),#11727,.T.);
#12017=ADVANCED_FACE('',(#1338),#770,.T.);
#12018=ADVANCED_FACE('',(#1339),#771,.T.);
#12019=ADVANCED_FACE('',(#1340),#772,.T.);
#12020=ADVANCED_FACE('',(#1341),#773,.T.);
#12021=ADVANCED_FACE('',(#1342),#774,.T.);
#12022=ADVANCED_FACE('',(#1343),#775,.F.);
#12023=ADVANCED_FACE('',(#1344),#776,.T.);
#12024=ADVANCED_FACE('',(#1345),#777,.T.);
#12025=ADVANCED_FACE('',(#1346),#778,.T.);
#12026=ADVANCED_FACE('',(#1347),#779,.T.);
#12027=ADVANCED_FACE('',(#1348),#780,.T.);
#12028=ADVANCED_FACE('',(#1349),#781,.F.);
#12029=ADVANCED_FACE('',(#1350),#11728,.F.);
#12030=ADVANCED_FACE('',(#1351),#782,.F.);
#12031=ADVANCED_FACE('',(#1352),#11729,.F.);
#12032=ADVANCED_FACE('',(#1353),#783,.F.);
#12033=ADVANCED_FACE('',(#1354),#11730,.F.);
#12034=ADVANCED_FACE('',(#1355),#11731,.F.);
#12035=ADVANCED_FACE('',(#1356),#784,.T.);
#12036=ADVANCED_FACE('',(#1357),#11732,.F.);
#12037=ADVANCED_FACE('',(#1358),#11733,.F.);
#12038=ADVANCED_FACE('',(#1359),#785,.T.);
#12039=ADVANCED_FACE('',(#1360,#556,#557),#786,.F.);
#12040=ADVANCED_FACE('',(#1361),#787,.T.);
#12041=ADVANCED_FACE('',(#1362,#558,#559),#788,.T.);
#12042=ADVANCED_FACE('',(#1363),#789,.T.);
#12043=ADVANCED_FACE('',(#1364),#790,.F.);
#12044=ADVANCED_FACE('',(#1365),#791,.T.);
#12045=ADVANCED_FACE('',(#1366,#560,#561),#792,.T.);
#12046=ADVANCED_FACE('',(#1367),#793,.T.);
#12047=ADVANCED_FACE('',(#1368),#794,.T.);
#12048=ADVANCED_FACE('',(#1369),#795,.T.);
#12049=ADVANCED_FACE('',(#1370),#796,.T.);
#12050=ADVANCED_FACE('',(#1371,#562,#563),#797,.F.);
#12051=ADVANCED_FACE('',(#1372),#11734,.F.);
#12052=ADVANCED_FACE('',(#1373),#11735,.F.);
#12053=ADVANCED_FACE('',(#1374),#11736,.F.);
#12054=ADVANCED_FACE('',(#1375),#11737,.F.);
#12055=ADVANCED_FACE('',(#1376),#11738,.F.);
#12056=ADVANCED_FACE('',(#1377),#798,.T.);
#12057=ADVANCED_FACE('',(#1378,#564),#799,.F.);
#12058=ADVANCED_FACE('',(#1379),#800,.T.);
#12059=ADVANCED_FACE('',(#1380,#565,#566,#567,#568,#569,#570),#801,.T.);
#12060=ADVANCED_FACE('',(#1381),#802,.T.);
#12061=ADVANCED_FACE('',(#1382),#803,.T.);
#12062=ADVANCED_FACE('',(#1383),#11739,.F.);
#12063=ADVANCED_FACE('',(#1384),#11740,.T.);
#12064=ADVANCED_FACE('',(#1385,#571,#572,#573,#574,#575),#804,.F.);
#12065=ADVANCED_FACE('',(#1386),#805,.T.);
#12066=ADVANCED_FACE('',(#1387),#806,.T.);
#12067=ADVANCED_FACE('',(#1388),#807,.T.);
#12068=ADVANCED_FACE('',(#1389),#808,.T.);
#12069=ADVANCED_FACE('',(#1390),#809,.T.);
#12070=ADVANCED_FACE('',(#1391),#810,.F.);
#12071=ADVANCED_FACE('',(#1392),#11741,.F.);
#12072=ADVANCED_FACE('',(#1393),#11742,.F.);
#12073=ADVANCED_FACE('',(#1394),#11743,.F.);
#12074=ADVANCED_FACE('',(#1395),#11744,.F.);
#12075=ADVANCED_FACE('',(#1396),#11745,.F.);
#12076=ADVANCED_FACE('',(#1397),#11746,.F.);
#12077=ADVANCED_FACE('',(#1398),#11747,.F.);
#12078=ADVANCED_FACE('',(#1399),#811,.T.);
#12079=ADVANCED_FACE('',(#1400),#812,.T.);
#12080=ADVANCED_FACE('',(#1401),#813,.T.);
#12081=ADVANCED_FACE('',(#1402),#814,.T.);
#12082=ADVANCED_FACE('',(#1403),#815,.T.);
#12083=ADVANCED_FACE('',(#1404),#816,.T.);
#12084=ADVANCED_FACE('',(#1405),#817,.T.);
#12085=ADVANCED_FACE('',(#1406,#576,#577,#578,#579,#580,#581,#582),#818,
 .T.);
#12086=ADVANCED_FACE('',(#1407),#819,.T.);
#12087=ADVANCED_FACE('',(#1408),#820,.T.);
#12088=ADVANCED_FACE('',(#1409),#821,.T.);
#12089=ADVANCED_FACE('',(#1410),#822,.T.);
#12090=ADVANCED_FACE('',(#1411),#823,.T.);
#12091=ADVANCED_FACE('',(#1412),#824,.T.);
#12092=ADVANCED_FACE('',(#1413),#825,.T.);
#12093=ADVANCED_FACE('',(#1414),#826,.T.);
#12094=ADVANCED_FACE('',(#1415),#827,.T.);
#12095=ADVANCED_FACE('',(#1416),#828,.T.);
#12096=ADVANCED_FACE('',(#1417),#829,.T.);
#12097=ADVANCED_FACE('',(#1418),#830,.T.);
#12098=ADVANCED_FACE('',(#1419),#831,.T.);
#12099=ADVANCED_FACE('',(#1420),#832,.T.);
#12100=ADVANCED_FACE('',(#1421),#833,.T.);
#12101=ADVANCED_FACE('',(#1422),#834,.T.);
#12102=ADVANCED_FACE('',(#1423),#835,.T.);
#12103=ADVANCED_FACE('',(#1424),#836,.T.);
#12104=ADVANCED_FACE('',(#1425),#837,.T.);
#12105=ADVANCED_FACE('',(#1426),#838,.T.);
#12106=ADVANCED_FACE('',(#1427),#839,.T.);
#12107=ADVANCED_FACE('',(#1428),#840,.T.);
#12108=ADVANCED_FACE('',(#1429),#841,.T.);
#12109=ADVANCED_FACE('',(#1430),#842,.T.);
#12110=ADVANCED_FACE('',(#1431),#843,.T.);
#12111=ADVANCED_FACE('',(#1432),#844,.T.);
#12112=ADVANCED_FACE('',(#1433),#845,.T.);
#12113=ADVANCED_FACE('',(#1434),#846,.T.);
#12114=ADVANCED_FACE('',(#1435),#847,.T.);
#12115=ADVANCED_FACE('',(#1436),#848,.T.);
#12116=ADVANCED_FACE('',(#1437),#849,.T.);
#12117=ADVANCED_FACE('',(#1438),#850,.T.);
#12118=ADVANCED_FACE('',(#1439),#851,.T.);
#12119=ADVANCED_FACE('',(#1440,#583,#584,#585,#586,#587,#588,#589),#852,
 .F.);
#12120=ADVANCED_FACE('',(#1441),#853,.T.);
#12121=ADVANCED_FACE('',(#1442),#854,.T.);
#12122=ADVANCED_FACE('',(#1443),#855,.T.);
#12123=ADVANCED_FACE('',(#1444),#856,.T.);
#12124=ADVANCED_FACE('',(#1445),#857,.T.);
#12125=ADVANCED_FACE('',(#1446),#858,.T.);
#12126=ADVANCED_FACE('',(#1447),#859,.T.);
#12127=ADVANCED_FACE('',(#1448),#860,.T.);
#12128=ADVANCED_FACE('',(#1449),#861,.T.);
#12129=ADVANCED_FACE('',(#1450),#862,.F.);
#12130=ADVANCED_FACE('',(#1451),#11748,.T.);
#12131=ADVANCED_FACE('',(#1452),#863,.F.);
#12132=ADVANCED_FACE('',(#1453),#864,.T.);
#12133=ADVANCED_FACE('',(#1454),#865,.F.);
#12134=ADVANCED_FACE('',(#1455),#866,.T.);
#12135=ADVANCED_FACE('',(#1456),#867,.T.);
#12136=ADVANCED_FACE('',(#1457),#868,.F.);
#12137=ADVANCED_FACE('',(#1458,#590),#869,.T.);
#12138=ADVANCED_FACE('',(#1459),#870,.F.);
#12139=ADVANCED_FACE('',(#1460),#871,.F.);
#12140=ADVANCED_FACE('',(#1461),#11749,.F.);
#12141=ADVANCED_FACE('',(#1462),#872,.T.);
#12142=ADVANCED_FACE('',(#1463),#873,.T.);
#12143=ADVANCED_FACE('',(#1464),#874,.F.);
#12144=ADVANCED_FACE('',(#1465),#875,.T.);
#12145=ADVANCED_FACE('',(#1466),#876,.F.);
#12146=ADVANCED_FACE('',(#1467),#877,.F.);
#12147=ADVANCED_FACE('',(#1468),#878,.F.);
#12148=ADVANCED_FACE('',(#1469),#879,.F.);
#12149=ADVANCED_FACE('',(#1470),#11750,.F.);
#12150=ADVANCED_FACE('',(#1471),#880,.T.);
#12151=ADVANCED_FACE('',(#1472),#881,.T.);
#12152=ADVANCED_FACE('',(#1473),#882,.T.);
#12153=ADVANCED_FACE('',(#1474),#883,.T.);
#12154=ADVANCED_FACE('',(#1475),#884,.T.);
#12155=ADVANCED_FACE('',(#1476),#885,.T.);
#12156=ADVANCED_FACE('',(#1477),#886,.T.);
#12157=ADVANCED_FACE('',(#1478),#887,.F.);
#12158=ADVANCED_FACE('',(#1479),#888,.F.);
#12159=ADVANCED_FACE('',(#1480),#11751,.F.);
#12160=ADVANCED_FACE('',(#1481),#11752,.F.);
#12161=ADVANCED_FACE('',(#1482),#889,.T.);
#12162=ADVANCED_FACE('',(#1483),#890,.T.);
#12163=ADVANCED_FACE('',(#1484),#891,.T.);
#12164=ADVANCED_FACE('',(#1485),#892,.T.);
#12165=ADVANCED_FACE('',(#1486),#893,.T.);
#12166=ADVANCED_FACE('',(#1487),#894,.T.);
#12167=ADVANCED_FACE('',(#1488),#11753,.F.);
#12168=ADVANCED_FACE('',(#1489),#895,.T.);
#12169=ADVANCED_FACE('',(#1490),#896,.T.);
#12170=ADVANCED_FACE('',(#1491),#897,.T.);
#12171=ADVANCED_FACE('',(#1492),#898,.T.);
#12172=ADVANCED_FACE('',(#1493),#899,.T.);
#12173=ADVANCED_FACE('',(#1494),#900,.T.);
#12174=ADVANCED_FACE('',(#1495),#901,.F.);
#12175=ADVANCED_FACE('',(#1496),#902,.T.);
#12176=ADVANCED_FACE('',(#1497),#903,.T.);
#12177=ADVANCED_FACE('',(#1498),#904,.T.);
#12178=ADVANCED_FACE('',(#1499),#905,.F.);
#12179=ADVANCED_FACE('',(#1500),#906,.T.);
#12180=ADVANCED_FACE('',(#1501),#907,.T.);
#12181=ADVANCED_FACE('',(#1502),#908,.T.);
#12182=ADVANCED_FACE('',(#1503),#11754,.F.);
#12183=ADVANCED_FACE('',(#1504),#11755,.F.);
#12184=ADVANCED_FACE('',(#1505),#11756,.F.);
#12185=ADVANCED_FACE('',(#1506),#11757,.F.);
#12186=ADVANCED_FACE('',(#1507),#11758,.F.);
#12187=ADVANCED_FACE('',(#1508),#909,.T.);
#12188=ADVANCED_FACE('',(#1509),#910,.T.);
#12189=ADVANCED_FACE('',(#1510),#911,.T.);
#12190=ADVANCED_FACE('',(#1511),#912,.T.);
#12191=ADVANCED_FACE('',(#1512),#913,.T.);
#12192=ADVANCED_FACE('',(#1513),#914,.T.);
#12193=ADVANCED_FACE('',(#1514),#915,.T.);
#12194=ADVANCED_FACE('',(#1515),#916,.T.);
#12195=ADVANCED_FACE('',(#1516),#917,.T.);
#12196=ADVANCED_FACE('',(#1517),#918,.T.);
#12197=ADVANCED_FACE('',(#1518),#919,.F.);
#12198=ADVANCED_FACE('',(#1519),#920,.F.);
#12199=ADVANCED_FACE('',(#1520),#921,.F.);
#12200=ADVANCED_FACE('',(#1521),#922,.F.);
#12201=ADVANCED_FACE('',(#1522),#923,.T.);
#12202=ADVANCED_FACE('',(#1523),#924,.T.);
#12203=ADVANCED_FACE('',(#1524),#925,.T.);
#12204=ADVANCED_FACE('',(#1525),#11759,.F.);
#12205=ADVANCED_FACE('',(#1526),#11760,.F.);
#12206=ADVANCED_FACE('',(#1527),#926,.T.);
#12207=ADVANCED_FACE('',(#1528),#927,.T.);
#12208=ADVANCED_FACE('',(#1529),#928,.T.);
#12209=ADVANCED_FACE('',(#1530),#929,.F.);
#12210=ADVANCED_FACE('',(#1531),#930,.F.);
#12211=ADVANCED_FACE('',(#1532),#931,.T.);
#12212=ADVANCED_FACE('',(#1533),#932,.T.);
#12213=ADVANCED_FACE('',(#1534),#933,.T.);
#12214=ADVANCED_FACE('',(#1535),#11761,.F.);
#12215=ADVANCED_FACE('',(#1536,#591),#934,.F.);
#12216=ADVANCED_FACE('',(#1537),#935,.T.);
#12217=ADVANCED_FACE('',(#1538),#936,.T.);
#12218=ADVANCED_FACE('',(#1539),#937,.T.);
#12219=ADVANCED_FACE('',(#1540),#938,.T.);
#12220=ADVANCED_FACE('',(#1541),#939,.F.);
#12221=ADVANCED_FACE('',(#1542),#940,.T.);
#12222=ADVANCED_FACE('',(#1543),#941,.T.);
#12223=ADVANCED_FACE('',(#1544),#942,.T.);
#12224=ADVANCED_FACE('',(#1545),#943,.T.);
#12225=ADVANCED_FACE('',(#1546),#944,.F.);
#12226=ADVANCED_FACE('',(#1547),#945,.T.);
#12227=ADVANCED_FACE('',(#1548),#946,.T.);
#12228=ADVANCED_FACE('',(#1549),#947,.T.);
#12229=ADVANCED_FACE('',(#1550),#948,.T.);
#12230=ADVANCED_FACE('',(#1551),#949,.T.);
#12231=ADVANCED_FACE('',(#1552),#950,.T.);
#12232=ADVANCED_FACE('',(#1553),#951,.F.);
#12233=ADVANCED_FACE('',(#1554),#11762,.F.);
#12234=ADVANCED_FACE('',(#1555,#592),#952,.T.);
#12235=ADVANCED_FACE('',(#1556,#593),#953,.F.);
#12236=ADVANCED_FACE('',(#1557),#11763,.F.);
#12237=ADVANCED_FACE('',(#1558),#11764,.F.);
#12238=ADVANCED_FACE('',(#1559),#11765,.T.);
#12239=ADVANCED_FACE('',(#1560,#594),#954,.F.);
#12240=ADVANCED_FACE('',(#1561,#595),#955,.T.);
#12241=ADVANCED_FACE('',(#1562),#956,.F.);
#12242=ADVANCED_FACE('',(#1563),#957,.F.);
#12243=ADVANCED_FACE('',(#1564),#958,.T.);
#12244=ADVANCED_FACE('',(#1565),#11766,.F.);
#12245=ADVANCED_FACE('',(#1566),#11767,.T.);
#12246=ADVANCED_FACE('',(#1567),#959,.F.);
#12247=ADVANCED_FACE('',(#1568),#11768,.F.);
#12248=ADVANCED_FACE('',(#1569),#11769,.T.);
#12249=ADVANCED_FACE('',(#1570,#596),#960,.F.);
#12250=ADVANCED_FACE('',(#1571,#597),#961,.T.);
#12251=ADVANCED_FACE('',(#1572),#11770,.F.);
#12252=ADVANCED_FACE('',(#1573),#11771,.T.);
#12253=ADVANCED_FACE('',(#1574,#598),#962,.F.);
#12254=ADVANCED_FACE('',(#1575,#599),#963,.T.);
#12255=ADVANCED_FACE('',(#1576),#11772,.F.);
#12256=ADVANCED_FACE('',(#1577),#964,.T.);
#12257=ADVANCED_FACE('',(#1578),#11773,.F.);
#12258=ADVANCED_FACE('',(#1579),#965,.T.);
#12259=ADVANCED_FACE('',(#1580),#11774,.F.);
#12260=ADVANCED_FACE('',(#1581),#966,.T.);
#12261=ADVANCED_FACE('',(#1582),#11775,.F.);
#12262=ADVANCED_FACE('',(#1583),#967,.T.);
#12263=ADVANCED_FACE('',(#1584),#11776,.F.);
#12264=ADVANCED_FACE('',(#1585),#968,.T.);
#12265=ADVANCED_FACE('',(#1586),#11777,.F.);
#12266=ADVANCED_FACE('',(#1587),#969,.T.);
#12267=ADVANCED_FACE('',(#1588),#11778,.F.);
#12268=ADVANCED_FACE('',(#1589),#970,.T.);
#12269=ADVANCED_FACE('',(#1590),#11779,.T.);
#12270=ADVANCED_FACE('',(#1591,#600),#971,.T.);
#12271=ADVANCED_FACE('',(#1592),#11780,.T.);
#12272=ADVANCED_FACE('',(#1593),#972,.F.);
#12273=ADVANCED_FACE('',(#1594,#601,#602,#603,#604,#605,#606,#607),#973,
 .T.);
#12274=ADVANCED_FACE('',(#1595),#11781,.T.);
#12275=ADVANCED_FACE('',(#1596),#974,.F.);
#12276=ADVANCED_FACE('',(#1597),#975,.T.);
#12277=ADVANCED_FACE('',(#1598),#11782,.F.);
#12278=ADVANCED_FACE('',(#1599),#11783,.F.);
#12279=ADVANCED_FACE('',(#1600),#11784,.F.);
#12280=ADVANCED_FACE('',(#1601),#11785,.F.);
#12281=ADVANCED_FACE('',(#1602),#11786,.F.);
#12282=ADVANCED_FACE('',(#1603),#976,.T.);
#12283=ADVANCED_FACE('',(#1604),#977,.T.);
#12284=ADVANCED_FACE('',(#1605),#978,.T.);
#12285=ADVANCED_FACE('',(#1606),#979,.T.);
#12286=ADVANCED_FACE('',(#1607,#608,#609,#610,#611,#612),#980,.T.);
#12287=ADVANCED_FACE('',(#1608,#613,#614,#615,#616,#617),#981,.F.);
#12288=ADVANCED_FACE('',(#1609),#11787,.F.);
#12289=ADVANCED_FACE('',(#1610),#11788,.F.);
#12290=ADVANCED_FACE('',(#1611),#11789,.F.);
#12291=ADVANCED_FACE('',(#1612),#11790,.F.);
#12292=ADVANCED_FACE('',(#1613),#11791,.F.);
#12293=ADVANCED_FACE('',(#1614),#982,.T.);
#12294=ADVANCED_FACE('',(#1615),#983,.T.);
#12295=ADVANCED_FACE('',(#1616),#984,.T.);
#12296=ADVANCED_FACE('',(#1617),#985,.T.);
#12297=ADVANCED_FACE('',(#1618,#618,#619,#620,#621,#622),#986,.T.);
#12298=ADVANCED_FACE('',(#1619,#623,#624,#625,#626,#627),#987,.F.);
#12299=ADVANCED_FACE('',(#1620),#11792,.T.);
#12300=ADVANCED_FACE('',(#1621),#988,.F.);
#12301=ADVANCED_FACE('',(#1622),#989,.T.);
#12302=ADVANCED_FACE('',(#1623),#11793,.F.);
#12303=ADVANCED_FACE('',(#1624),#11794,.F.);
#12304=ADVANCED_FACE('',(#1625),#11795,.F.);
#12305=ADVANCED_FACE('',(#1626),#11796,.F.);
#12306=ADVANCED_FACE('',(#1627),#990,.T.);
#12307=ADVANCED_FACE('',(#1628),#991,.T.);
#12308=ADVANCED_FACE('',(#1629),#992,.T.);
#12309=ADVANCED_FACE('',(#1630),#993,.T.);
#12310=ADVANCED_FACE('',(#1631,#628,#629,#630,#631),#994,.T.);
#12311=ADVANCED_FACE('',(#1632,#632,#633,#634,#635),#995,.F.);
#12312=ADVANCED_FACE('',(#1633),#11797,.F.);
#12313=ADVANCED_FACE('',(#1634),#11798,.T.);
#12314=ADVANCED_FACE('',(#1635,#636),#996,.F.);
#12315=ADVANCED_FACE('',(#1636,#637),#997,.T.);
#12316=ADVANCED_FACE('',(#1637),#998,.F.);
#12317=ADVANCED_FACE('',(#1638),#999,.F.);
#12318=ADVANCED_FACE('',(#1639),#1000,.T.);
#12319=ADVANCED_FACE('',(#1640),#11799,.F.);
#12320=ADVANCED_FACE('',(#1641),#11800,.T.);
#12321=ADVANCED_FACE('',(#1642),#1001,.F.);
#12322=ADVANCED_FACE('',(#1643),#11801,.F.);
#12323=ADVANCED_FACE('',(#1644),#11802,.T.);
#12324=ADVANCED_FACE('',(#1645,#638),#1002,.F.);
#12325=ADVANCED_FACE('',(#1646,#639),#1003,.T.);
#12326=ADVANCED_FACE('',(#1647),#11803,.F.);
#12327=ADVANCED_FACE('',(#1648),#11804,.T.);
#12328=ADVANCED_FACE('',(#1649,#640),#1004,.F.);
#12329=ADVANCED_FACE('',(#1650,#641),#1005,.T.);
#12330=ADVANCED_FACE('',(#1651),#11805,.F.);
#12331=ADVANCED_FACE('',(#1652),#11806,.T.);
#12332=ADVANCED_FACE('',(#1653,#642),#1006,.F.);
#12333=ADVANCED_FACE('',(#1654,#643),#1007,.T.);
#12334=ADVANCED_FACE('',(#1655),#11807,.F.);
#12335=ADVANCED_FACE('',(#1656),#11808,.T.);
#12336=ADVANCED_FACE('',(#1657,#644),#1008,.F.);
#12337=ADVANCED_FACE('',(#1658,#645),#1009,.T.);
#12338=ADVANCED_FACE('',(#1659),#11809,.T.);
#12339=ADVANCED_FACE('',(#1660),#1010,.F.);
#12340=ADVANCED_FACE('',(#1661),#1011,.T.);
#12341=ADVANCED_FACE('',(#1662),#11810,.T.);
#12342=ADVANCED_FACE('',(#1663),#1012,.F.);
#12343=ADVANCED_FACE('',(#1664),#1013,.T.);
#12344=ADVANCED_FACE('',(#1665),#11811,.F.);
#12345=ADVANCED_FACE('',(#1666),#11812,.F.);
#12346=ADVANCED_FACE('',(#1667),#1014,.T.);
#12347=ADVANCED_FACE('',(#1668),#1015,.T.);
#12348=ADVANCED_FACE('',(#1669),#1016,.F.);
#12349=ADVANCED_FACE('',(#1670),#1017,.F.);
#12350=ADVANCED_FACE('',(#1671),#1018,.F.);
#12351=ADVANCED_FACE('',(#1672,#646,#647),#1019,.T.);
#12352=ADVANCED_FACE('',(#1673),#1020,.T.);
#12353=ADVANCED_FACE('',(#1674),#1021,.T.);
#12354=ADVANCED_FACE('',(#1675),#1022,.T.);
#12355=ADVANCED_FACE('',(#1676),#1023,.T.);
#12356=ADVANCED_FACE('',(#1677,#648,#649),#1024,.F.);
#12357=ADVANCED_FACE('',(#1678),#11813,.F.);
#12358=ADVANCED_FACE('',(#1679),#11814,.F.);
#12359=ADVANCED_FACE('',(#1680),#1025,.T.);
#12360=ADVANCED_FACE('',(#1681),#1026,.T.);
#12361=ADVANCED_FACE('',(#1682),#1027,.F.);
#12362=ADVANCED_FACE('',(#1683),#1028,.F.);
#12363=ADVANCED_FACE('',(#1684),#1029,.F.);
#12364=ADVANCED_FACE('',(#1685,#650,#651),#1030,.T.);
#12365=ADVANCED_FACE('',(#1686),#1031,.T.);
#12366=ADVANCED_FACE('',(#1687),#1032,.T.);
#12367=ADVANCED_FACE('',(#1688),#1033,.T.);
#12368=ADVANCED_FACE('',(#1689),#1034,.T.);
#12369=ADVANCED_FACE('',(#1690,#652,#653),#1035,.F.);
#12370=ADVANCED_FACE('',(#1691),#1036,.T.);
#12371=ADVANCED_FACE('',(#1692),#1037,.T.);
#12372=ADVANCED_FACE('',(#1693),#1038,.T.);
#12373=ADVANCED_FACE('',(#1694),#1039,.T.);
#12374=ADVANCED_FACE('',(#1695),#1040,.T.);
#12375=ADVANCED_FACE('',(#1696),#1041,.F.);
#12376=ADVANCED_FACE('',(#1697),#11815,.F.);
#12377=ADVANCED_FACE('',(#1698),#11816,.T.);
#12378=ADVANCED_FACE('',(#1699,#654),#1042,.F.);
#12379=ADVANCED_FACE('',(#1700,#655),#1043,.T.);
#12380=ADVANCED_FACE('',(#1701),#11817,.F.);
#12381=ADVANCED_FACE('',(#1702),#11818,.T.);
#12382=ADVANCED_FACE('',(#1703,#656),#1044,.F.);
#12383=ADVANCED_FACE('',(#1704,#657),#1045,.T.);
#12384=ADVANCED_FACE('',(#1705),#11819,.F.);
#12385=ADVANCED_FACE('',(#1706),#11820,.T.);
#12386=ADVANCED_FACE('',(#1707,#658),#1046,.F.);
#12387=ADVANCED_FACE('',(#1708,#659),#1047,.T.);
#12388=ADVANCED_FACE('',(#1709),#11821,.F.);
#12389=ADVANCED_FACE('',(#1710),#11822,.T.);
#12390=ADVANCED_FACE('',(#1711,#660),#1048,.F.);
#12391=ADVANCED_FACE('',(#1712,#661),#1049,.T.);
#12392=ADVANCED_FACE('',(#1713),#11823,.F.);
#12393=ADVANCED_FACE('',(#1714),#11824,.T.);
#12394=ADVANCED_FACE('',(#1715,#662),#1050,.F.);
#12395=ADVANCED_FACE('',(#1716,#663),#1051,.T.);
#12396=ADVANCED_FACE('',(#1717),#11825,.F.);
#12397=ADVANCED_FACE('',(#1718),#11826,.T.);
#12398=ADVANCED_FACE('',(#1719,#664),#1052,.F.);
#12399=ADVANCED_FACE('',(#1720,#665),#1053,.T.);
#12400=ADVANCED_FACE('',(#1721),#11827,.F.);
#12401=ADVANCED_FACE('',(#1722),#11828,.T.);
#12402=ADVANCED_FACE('',(#1723,#666),#1054,.F.);
#12403=ADVANCED_FACE('',(#1724,#667),#1055,.T.);
#12404=ADVANCED_FACE('',(#1725),#1056,.T.);
#12405=ADVANCED_FACE('',(#1726),#1057,.T.);
#12406=ADVANCED_FACE('',(#1727),#1058,.F.);
#12407=ADVANCED_FACE('',(#1728),#1059,.T.);
#12408=ADVANCED_FACE('',(#1729),#1060,.T.);
#12409=ADVANCED_FACE('',(#1730),#1061,.F.);
#12410=ADVANCED_FACE('',(#1731),#1062,.F.);
#12411=ADVANCED_FACE('',(#1732),#1063,.F.);
#12412=ADVANCED_FACE('',(#1733),#1064,.F.);
#12413=ADVANCED_FACE('',(#1734),#1065,.F.);
#12414=ADVANCED_FACE('',(#1735),#1066,.F.);
#12415=ADVANCED_FACE('',(#1736),#1067,.T.);
#12416=ADVANCED_FACE('',(#1737),#1068,.T.);
#12417=ADVANCED_FACE('',(#1738),#1069,.T.);
#12418=ADVANCED_FACE('',(#1739),#1070,.T.);
#12419=ADVANCED_FACE('',(#1740),#1071,.T.);
#12420=ADVANCED_FACE('',(#1741),#1072,.T.);
#12421=ADVANCED_FACE('',(#1742),#1073,.T.);
#12422=ADVANCED_FACE('',(#1743),#1074,.F.);
#12423=ADVANCED_FACE('',(#1744),#1075,.T.);
#12424=ADVANCED_FACE('',(#1745),#1076,.F.);
#12425=ADVANCED_FACE('',(#1746),#1077,.T.);
#12426=ADVANCED_FACE('',(#1747),#1078,.T.);
#12427=ADVANCED_FACE('',(#1748),#1079,.T.);
#12428=ADVANCED_FACE('',(#1749),#1080,.T.);
#12429=ADVANCED_FACE('',(#1750),#1081,.T.);
#12430=ADVANCED_FACE('',(#1751),#1082,.T.);
#12431=ADVANCED_FACE('',(#1752),#1083,.T.);
#12432=ADVANCED_FACE('',(#1753),#1084,.T.);
#12433=ADVANCED_FACE('',(#1754),#1085,.T.);
#12434=ADVANCED_FACE('',(#1755),#1086,.T.);
#12435=ADVANCED_FACE('',(#1756),#1087,.F.);
#12436=ADVANCED_FACE('',(#1757),#11829,.F.);
#12437=ADVANCED_FACE('',(#1758),#1088,.T.);
#12438=ADVANCED_FACE('',(#1759),#1089,.T.);
#12439=ADVANCED_FACE('',(#1760),#1090,.T.);
#12440=ADVANCED_FACE('',(#1761,#668),#1091,.T.);
#12441=ADVANCED_FACE('',(#1762,#669),#1092,.F.);
#12442=ADVANCED_FACE('',(#1763),#1093,.T.);
#12443=ADVANCED_FACE('',(#1764),#1094,.T.);
#12444=ADVANCED_FACE('',(#1765),#1095,.T.);
#12445=ADVANCED_FACE('',(#1766,#670),#1096,.T.);
#12446=ADVANCED_FACE('',(#1767),#1097,.T.);
#12447=ADVANCED_FACE('',(#1768),#1098,.F.);
#12448=ADVANCED_FACE('',(#1769),#11830,.F.);
#12449=ADVANCED_FACE('',(#1770),#11831,.F.);
#12450=ADVANCED_FACE('',(#1771),#1099,.T.);
#12451=ADVANCED_FACE('',(#1772),#1100,.T.);
#12452=ADVANCED_FACE('',(#1773),#1101,.F.);
#12453=ADVANCED_FACE('',(#1774),#1102,.T.);
#12454=ADVANCED_FACE('',(#1775),#1103,.T.);
#12455=ADVANCED_FACE('',(#1776),#1104,.T.);
#12456=ADVANCED_FACE('',(#1777),#1105,.T.);
#12457=ADVANCED_FACE('',(#1778),#1106,.T.);
#12458=ADVANCED_FACE('',(#1779),#1107,.T.);
#12459=ADVANCED_FACE('',(#1780),#1108,.T.);
#12460=ADVANCED_FACE('',(#1781),#1109,.T.);
#12461=ADVANCED_FACE('',(#1782),#1110,.F.);
#12462=ADVANCED_FACE('',(#1783),#1111,.T.);
#12463=ADVANCED_FACE('',(#1784),#1112,.T.);
#12464=ADVANCED_FACE('',(#1785),#1113,.T.);
#12465=ADVANCED_FACE('',(#1786),#1114,.T.);
#12466=ADVANCED_FACE('',(#1787),#1115,.F.);
#12467=ADVANCED_FACE('',(#1788),#11832,.F.);
#12468=ADVANCED_FACE('',(#1789),#1116,.T.);
#12469=ADVANCED_FACE('',(#1790),#1117,.T.);
#12470=ADVANCED_FACE('',(#1791),#1118,.F.);
#12471=ADVANCED_FACE('',(#1792),#1119,.T.);
#12472=ADVANCED_FACE('',(#1793),#1120,.T.);
#12473=ADVANCED_FACE('',(#1794),#1121,.T.);
#12474=ADVANCED_FACE('',(#1795),#1122,.F.);
#12475=ADVANCED_FACE('',(#1796),#1123,.T.);
#12476=ADVANCED_FACE('',(#1797),#1124,.T.);
#12477=ADVANCED_FACE('',(#1798),#1125,.T.);
#12478=ADVANCED_FACE('',(#1799),#11833,.F.);
#12479=ADVANCED_FACE('',(#1800),#11834,.F.);
#12480=ADVANCED_FACE('',(#1801),#11835,.F.);
#12481=ADVANCED_FACE('',(#1802),#1126,.T.);
#12482=ADVANCED_FACE('',(#1803),#1127,.T.);
#12483=ADVANCED_FACE('',(#1804),#1128,.T.);
#12484=ADVANCED_FACE('',(#1805),#1129,.T.);
#12485=ADVANCED_FACE('',(#1806,#671),#1130,.F.);
#12486=ADVANCED_FACE('',(#1807),#1131,.T.);
#12487=ADVANCED_FACE('',(#1808),#1132,.T.);
#12488=ADVANCED_FACE('',(#1809),#1133,.T.);
#12489=ADVANCED_FACE('',(#1810),#1134,.T.);
#12490=ADVANCED_FACE('',(#1811,#672),#1135,.F.);
#12491=ADVANCED_FACE('',(#1812),#1136,.T.);
#12492=ADVANCED_FACE('',(#1813),#1137,.T.);
#12493=ADVANCED_FACE('',(#1814),#1138,.T.);
#12494=ADVANCED_FACE('',(#1815),#1139,.T.);
#12495=ADVANCED_FACE('',(#1816,#673,#674),#1140,.T.);
#12496=ADVANCED_FACE('',(#1817,#675,#676),#1141,.F.);
#12497=ADVANCED_FACE('',(#1818),#1142,.T.);
#12498=ADVANCED_FACE('',(#1819),#1143,.T.);
#12499=ADVANCED_FACE('',(#1820),#1144,.F.);
#12500=ADVANCED_FACE('',(#1821),#1145,.T.);
#12501=ADVANCED_FACE('',(#1822),#1146,.T.);
#12502=ADVANCED_FACE('',(#1823),#1147,.F.);
#12503=ADVANCED_FACE('',(#1824),#1148,.T.);
#12504=ADVANCED_FACE('',(#1825),#1149,.T.);
#12505=ADVANCED_FACE('',(#1826),#1150,.T.);
#12506=ADVANCED_FACE('',(#1827),#1151,.T.);
#12507=ADVANCED_FACE('',(#1828),#1152,.T.);
#12508=ADVANCED_FACE('',(#1829),#1153,.T.);
#12509=ADVANCED_FACE('',(#1830),#1154,.T.);
#12510=ADVANCED_FACE('',(#1831),#1155,.T.);
#12511=ADVANCED_FACE('',(#1832),#1156,.T.);
#12512=ADVANCED_FACE('',(#1833),#11836,.F.);
#12513=ADVANCED_FACE('',(#1834),#11837,.T.);
#12514=ADVANCED_FACE('',(#1835,#677),#1157,.F.);
#12515=ADVANCED_FACE('',(#1836,#678),#1158,.T.);
#12516=ADVANCED_FACE('',(#1837),#11838,.F.);
#12517=ADVANCED_FACE('',(#1838),#11839,.T.);
#12518=ADVANCED_FACE('',(#1839,#679),#1159,.F.);
#12519=ADVANCED_FACE('',(#1840,#680),#1160,.T.);
#12520=ADVANCED_FACE('',(#1841),#11840,.F.);
#12521=ADVANCED_FACE('',(#1842),#11841,.T.);
#12522=ADVANCED_FACE('',(#1843,#681),#1161,.F.);
#12523=ADVANCED_FACE('',(#1844,#682),#1162,.T.);
#12524=ADVANCED_FACE('',(#1845),#11842,.F.);
#12525=ADVANCED_FACE('',(#1846),#11843,.T.);
#12526=ADVANCED_FACE('',(#1847,#683),#1163,.F.);
#12527=ADVANCED_FACE('',(#1848,#684),#1164,.T.);
#12528=ADVANCED_FACE('',(#1849),#11844,.F.);
#12529=ADVANCED_FACE('',(#1850),#11845,.T.);
#12530=ADVANCED_FACE('',(#1851,#685),#1165,.F.);
#12531=ADVANCED_FACE('',(#1852,#686),#1166,.T.);
#12532=ADVANCED_FACE('',(#1853),#11846,.F.);
#12533=ADVANCED_FACE('',(#1854),#11847,.T.);
#12534=ADVANCED_FACE('',(#1855,#687),#1167,.F.);
#12535=ADVANCED_FACE('',(#1856,#688),#1168,.T.);
#12536=CLOSED_SHELL('',(#11848,#11849,#11850,#11851,#11852,#11853,#11854,
#11855,#11856,#11857));
#12537=CLOSED_SHELL('',(#11858,#11859,#11860,#11861,#11862,#11863,#11864,
#11865,#11866,#11867,#11868,#11869,#11870,#11871,#11872,#11873,#11874,#11875,
#11876,#11877,#11878,#11879));
#12538=CLOSED_SHELL('',(#11880,#11881,#11882,#11883,#11884,#11885,#11886,
#11887,#11888,#11889,#11890,#11891,#11892,#11893,#11894,#11895,#11896,#11897,
#11898,#11899,#11900,#11901,#11902,#11903,#11904,#11905,#11906,#11907,#11908,
#11909,#11910,#11911,#11912,#11913,#11914,#11915,#11916,#11917,#11918,#11919,
#11920,#11921,#11922,#11923,#11924));
#12539=CLOSED_SHELL('',(#11925,#11926,#11927,#11928,#11929,#11930,#11931,
#11932,#11933,#11934,#11935,#11936,#11937,#11938,#11939,#11940,#11941,#11942));
#12540=CLOSED_SHELL('',(#11943,#11944,#11945,#11946,#11947,#11948,#11949,
#11950,#11951,#11952,#11953,#11954,#11955,#11956,#11957));
#12541=CLOSED_SHELL('',(#11958,#11959,#11960,#11961,#11962,#11963,#11964,
#11965,#11966,#11967,#11968,#11969,#11970,#11971,#11972,#11973,#11974));
#12542=CLOSED_SHELL('',(#11975,#11976,#11977,#11978,#11979,#11980,#11981,
#11982,#11983,#11984,#11985,#11986,#11987,#11988,#11989,#11990,#11991,#11992,
#11993,#11994,#11995,#11996,#11997,#11998,#11999,#12000,#12001,#12002,#12003,
#12004,#12005,#12006,#12007,#12008,#12009,#12010,#12011,#12012,#12013,#12014,
#12015,#12016));
#12543=CLOSED_SHELL('',(#12017,#12018,#12019,#12020,#12021,#12022));
#12544=CLOSED_SHELL('',(#12023,#12024,#12025,#12026,#12027,#12028));
#12545=CLOSED_SHELL('',(#12029,#12030,#12031,#12032,#12033,#12034,#12035,
#12036,#12037,#12038,#12039,#12040,#12041,#12042,#12043,#12044,#12045,#12046,
#12047,#12048,#12049,#12050));
#12546=CLOSED_SHELL('',(#12051,#12052,#12053,#12054,#12055,#12056,#12057,
#12058,#12059,#12060,#12061,#12062,#12063,#12064));
#12547=CLOSED_SHELL('',(#12065,#12066,#12067,#12068,#12069,#12070));
#12548=CLOSED_SHELL('',(#12071,#12072,#12073,#12074,#12075,#12076,#12077,
#12078,#12079,#12080,#12081,#12082,#12083,#12084,#12085,#12086,#12087,#12088,
#12089,#12090,#12091,#12092,#12093,#12094,#12095,#12096,#12097,#12098,#12099,
#12100,#12101,#12102,#12103,#12104,#12105,#12106,#12107,#12108,#12109,#12110,
#12111,#12112,#12113,#12114,#12115,#12116,#12117,#12118,#12119,#12120,#12121,
#12122,#12123));
#12549=CLOSED_SHELL('',(#12124,#12125,#12126,#12127,#12128,#12129,#12130,
#12131,#12132,#12133,#12134,#12135,#12136,#12137,#12138,#12139,#12140,#12141,
#12142,#12143,#12144,#12145,#12146,#12147,#12148,#12149,#12150,#12151,#12152,
#12153,#12154,#12155,#12156,#12157,#12158,#12159,#12160,#12161,#12162,#12163,
#12164,#12165,#12166,#12167,#12168,#12169,#12170,#12171,#12172,#12173,#12174,
#12175,#12176,#12177,#12178,#12179,#12180,#12181,#12182,#12183,#12184,#12185,
#12186,#12187,#12188,#12189,#12190,#12191,#12192,#12193,#12194,#12195,#12196,
#12197,#12198,#12199,#12200,#12201,#12202,#12203,#12204,#12205,#12206,#12207,
#12208,#12209,#12210,#12211,#12212,#12213,#12214,#12215,#12216,#12217,#12218,
#12219,#12220,#12221,#12222,#12223,#12224,#12225,#12226,#12227,#12228,#12229,
#12230,#12231,#12232));
#12550=CLOSED_SHELL('',(#12233,#12234,#12235,#12236,#12237,#12238,#12239,
#12240));
#12551=CLOSED_SHELL('',(#12241,#12242,#12243,#12244,#12245,#12246));
#12552=CLOSED_SHELL('',(#12247,#12248,#12249,#12250));
#12553=CLOSED_SHELL('',(#12251,#12252,#12253,#12254));
#12554=CLOSED_SHELL('',(#12255,#12256,#12257,#12258,#12259,#12260,#12261,
#12262,#12263,#12264,#12265,#12266,#12267,#12268,#12269,#12270,#12271,#12272,
#12273));
#12555=CLOSED_SHELL('',(#12274,#12275,#12276));
#12556=CLOSED_SHELL('',(#12277,#12278,#12279,#12280,#12281,#12282,#12283,
#12284,#12285,#12286,#12287));
#12557=CLOSED_SHELL('',(#12288,#12289,#12290,#12291,#12292,#12293,#12294,
#12295,#12296,#12297,#12298));
#12558=CLOSED_SHELL('',(#12299,#12300,#12301));
#12559=CLOSED_SHELL('',(#12302,#12303,#12304,#12305,#12306,#12307,#12308,
#12309,#12310,#12311));
#12560=CLOSED_SHELL('',(#12312,#12313,#12314,#12315));
#12561=CLOSED_SHELL('',(#12316,#12317,#12318,#12319,#12320,#12321));
#12562=CLOSED_SHELL('',(#12322,#12323,#12324,#12325));
#12563=CLOSED_SHELL('',(#12326,#12327,#12328,#12329));
#12564=CLOSED_SHELL('',(#12330,#12331,#12332,#12333));
#12565=CLOSED_SHELL('',(#12334,#12335,#12336,#12337));
#12566=CLOSED_SHELL('',(#12338,#12339,#12340));
#12567=CLOSED_SHELL('',(#12341,#12342,#12343));
#12568=CLOSED_SHELL('',(#12344,#12345,#12346,#12347,#12348,#12349,#12350,
#12351,#12352,#12353,#12354,#12355,#12356));
#12569=CLOSED_SHELL('',(#12357,#12358,#12359,#12360,#12361,#12362,#12363,
#12364,#12365,#12366,#12367,#12368,#12369));
#12570=CLOSED_SHELL('',(#12370,#12371,#12372,#12373,#12374,#12375));
#12571=CLOSED_SHELL('',(#12376,#12377,#12378,#12379));
#12572=CLOSED_SHELL('',(#12380,#12381,#12382,#12383));
#12573=CLOSED_SHELL('',(#12384,#12385,#12386,#12387));
#12574=CLOSED_SHELL('',(#12388,#12389,#12390,#12391));
#12575=CLOSED_SHELL('',(#12392,#12393,#12394,#12395));
#12576=CLOSED_SHELL('',(#12396,#12397,#12398,#12399));
#12577=CLOSED_SHELL('',(#12400,#12401,#12402,#12403));
#12578=CLOSED_SHELL('',(#12404,#12405,#12406,#12407,#12408,#12409,#12410,
#12411,#12412,#12413,#12414,#12415,#12416,#12417,#12418,#12419,#12420,#12421,
#12422,#12423,#12424,#12425,#12426,#12427,#12428,#12429,#12430,#12431,#12432,
#12433,#12434,#12435));
#12579=CLOSED_SHELL('',(#12436,#12437,#12438,#12439,#12440,#12441,#12442,
#12443,#12444,#12445,#12446,#12447));
#12580=CLOSED_SHELL('',(#12448,#12449,#12450,#12451,#12452,#12453,#12454,
#12455,#12456));
#12581=CLOSED_SHELL('',(#12457,#12458,#12459,#12460,#12461,#12462,#12463,
#12464,#12465,#12466));
#12582=CLOSED_SHELL('',(#12467,#12468,#12469,#12470,#12471,#12472));
#12583=CLOSED_SHELL('',(#12473,#12474,#12475,#12476,#12477,#12478));
#12584=CLOSED_SHELL('',(#12479,#12480,#12481,#12482,#12483,#12484,#12485,
#12486,#12487,#12488,#12489,#12490,#12491,#12492,#12493,#12494,#12495,#12496));
#12585=CLOSED_SHELL('',(#12497,#12498,#12499,#12500,#12501,#12502,#12503,
#12504,#12505,#12506,#12507,#12508,#12509,#12510,#12511));
#12586=CLOSED_SHELL('',(#12512,#12513,#12514,#12515));
#12587=CLOSED_SHELL('',(#12516,#12517,#12518,#12519));
#12588=CLOSED_SHELL('',(#12520,#12521,#12522,#12523));
#12589=CLOSED_SHELL('',(#12524,#12525,#12526,#12527));
#12590=CLOSED_SHELL('',(#12528,#12529,#12530,#12531));
#12591=CLOSED_SHELL('',(#12532,#12533,#12534,#12535));
#12592=DERIVED_UNIT_ELEMENT(#12699,1.);
#12593=DERIVED_UNIT_ELEMENT(#22086,-3.);
#12594=DERIVED_UNIT_ELEMENT(#12699,1.);
#12595=DERIVED_UNIT_ELEMENT(#22086,-3.);
#12596=DERIVED_UNIT_ELEMENT(#12699,1.);
#12597=DERIVED_UNIT_ELEMENT(#22086,-3.);
#12598=DERIVED_UNIT_ELEMENT(#12699,1.);
#12599=DERIVED_UNIT_ELEMENT(#22086,-3.);
#12600=DERIVED_UNIT_ELEMENT(#12699,1.);
#12601=DERIVED_UNIT_ELEMENT(#22086,-3.);
#12602=DERIVED_UNIT_ELEMENT(#12699,1.);
#12603=DERIVED_UNIT_ELEMENT(#22086,-3.);
#12604=DERIVED_UNIT_ELEMENT(#12699,1.);
#12605=DERIVED_UNIT_ELEMENT(#22086,-3.);
#12606=DERIVED_UNIT_ELEMENT(#12699,1.);
#12607=DERIVED_UNIT_ELEMENT(#22086,-3.);
#12608=DERIVED_UNIT_ELEMENT(#12699,1.);
#12609=DERIVED_UNIT_ELEMENT(#22086,-3.);
#12610=DERIVED_UNIT_ELEMENT(#12699,1.);
#12611=DERIVED_UNIT_ELEMENT(#22086,-3.);
#12612=DERIVED_UNIT_ELEMENT(#12699,1.);
#12613=DERIVED_UNIT_ELEMENT(#22086,-3.);
#12614=DERIVED_UNIT_ELEMENT(#12699,1.);
#12615=DERIVED_UNIT_ELEMENT(#22086,-3.);
#12616=DERIVED_UNIT_ELEMENT(#12699,1.);
#12617=DERIVED_UNIT_ELEMENT(#22086,-3.);
#12618=DERIVED_UNIT_ELEMENT(#12699,1.);
#12619=DERIVED_UNIT_ELEMENT(#22086,-3.);
#12620=DERIVED_UNIT_ELEMENT(#12699,1.);
#12621=DERIVED_UNIT_ELEMENT(#22086,-3.);
#12622=DERIVED_UNIT_ELEMENT(#12699,1.);
#12623=DERIVED_UNIT_ELEMENT(#22086,-3.);
#12624=DERIVED_UNIT_ELEMENT(#12699,1.);
#12625=DERIVED_UNIT_ELEMENT(#22086,-3.);
#12626=DERIVED_UNIT_ELEMENT(#12699,1.);
#12627=DERIVED_UNIT_ELEMENT(#22086,-3.);
#12628=DERIVED_UNIT_ELEMENT(#12699,1.);
#12629=DERIVED_UNIT_ELEMENT(#22086,-3.);
#12630=DERIVED_UNIT_ELEMENT(#12699,1.);
#12631=DERIVED_UNIT_ELEMENT(#22086,-3.);
#12632=DERIVED_UNIT_ELEMENT(#12699,1.);
#12633=DERIVED_UNIT_ELEMENT(#22086,-3.);
#12634=DERIVED_UNIT_ELEMENT(#12699,1.);
#12635=DERIVED_UNIT_ELEMENT(#22086,-3.);
#12636=DERIVED_UNIT_ELEMENT(#12699,1.);
#12637=DERIVED_UNIT_ELEMENT(#22086,-3.);
#12638=DERIVED_UNIT_ELEMENT(#12699,1.);
#12639=DERIVED_UNIT_ELEMENT(#22086,-3.);
#12640=DERIVED_UNIT_ELEMENT(#12699,1.);
#12641=DERIVED_UNIT_ELEMENT(#22086,-3.);
#12642=DERIVED_UNIT_ELEMENT(#12699,1.);
#12643=DERIVED_UNIT_ELEMENT(#22086,-3.);
#12644=DERIVED_UNIT_ELEMENT(#12699,1.);
#12645=DERIVED_UNIT_ELEMENT(#22086,-3.);
#12646=DERIVED_UNIT_ELEMENT(#12699,1.);
#12647=DERIVED_UNIT_ELEMENT(#22086,-3.);
#12648=DERIVED_UNIT_ELEMENT(#12699,1.);
#12649=DERIVED_UNIT_ELEMENT(#22086,-3.);
#12650=DERIVED_UNIT_ELEMENT(#12699,1.);
#12651=DERIVED_UNIT_ELEMENT(#22086,-3.);
#12652=DERIVED_UNIT_ELEMENT(#12699,1.);
#12653=DERIVED_UNIT_ELEMENT(#22086,-3.);
#12654=DERIVED_UNIT_ELEMENT(#12699,1.);
#12655=DERIVED_UNIT_ELEMENT(#22086,-3.);
#12656=DERIVED_UNIT_ELEMENT(#12699,1.);
#12657=DERIVED_UNIT_ELEMENT(#22086,-3.);
#12658=DERIVED_UNIT_ELEMENT(#12699,1.);
#12659=DERIVED_UNIT_ELEMENT(#22086,-3.);
#12660=DERIVED_UNIT_ELEMENT(#12699,1.);
#12661=DERIVED_UNIT_ELEMENT(#22086,-3.);
#12662=DERIVED_UNIT_ELEMENT(#12699,1.);
#12663=DERIVED_UNIT_ELEMENT(#22086,-3.);
#12664=DERIVED_UNIT_ELEMENT(#12699,1.);
#12665=DERIVED_UNIT_ELEMENT(#22086,-3.);
#12666=DERIVED_UNIT_ELEMENT(#12699,1.);
#12667=DERIVED_UNIT_ELEMENT(#22086,-3.);
#12668=DERIVED_UNIT_ELEMENT(#12699,1.);
#12669=DERIVED_UNIT_ELEMENT(#22086,-3.);
#12670=DERIVED_UNIT_ELEMENT(#12699,1.);
#12671=DERIVED_UNIT_ELEMENT(#22086,-3.);
#12672=DERIVED_UNIT_ELEMENT(#12699,1.);
#12673=DERIVED_UNIT_ELEMENT(#22086,-3.);
#12674=DERIVED_UNIT_ELEMENT(#12699,1.);
#12675=DERIVED_UNIT_ELEMENT(#22086,-3.);
#12676=DERIVED_UNIT_ELEMENT(#12699,1.);
#12677=DERIVED_UNIT_ELEMENT(#22086,-3.);
#12678=DERIVED_UNIT_ELEMENT(#12699,1.);
#12679=DERIVED_UNIT_ELEMENT(#22086,-3.);
#12680=DERIVED_UNIT_ELEMENT(#12699,1.);
#12681=DERIVED_UNIT_ELEMENT(#22086,-3.);
#12682=DERIVED_UNIT_ELEMENT(#12699,1.);
#12683=DERIVED_UNIT_ELEMENT(#22086,-3.);
#12684=DERIVED_UNIT_ELEMENT(#12699,1.);
#12685=DERIVED_UNIT_ELEMENT(#22086,-3.);
#12686=DERIVED_UNIT_ELEMENT(#12699,1.);
#12687=DERIVED_UNIT_ELEMENT(#22086,-3.);
#12688=DERIVED_UNIT_ELEMENT(#12699,1.);
#12689=DERIVED_UNIT_ELEMENT(#22086,-3.);
#12690=DERIVED_UNIT_ELEMENT(#12699,1.);
#12691=DERIVED_UNIT_ELEMENT(#22086,-3.);
#12692=DERIVED_UNIT_ELEMENT(#12699,1.);
#12693=DERIVED_UNIT_ELEMENT(#22086,-3.);
#12694=DERIVED_UNIT_ELEMENT(#12699,1.);
#12695=DERIVED_UNIT_ELEMENT(#22086,-3.);
#12696=DERIVED_UNIT_ELEMENT(#12699,1.);
#12697=DERIVED_UNIT_ELEMENT(#22086,-3.);
#12698=DIMENSIONAL_EXPONENTS(0.,1.,0.,0.,0.,0.,0.);
#12699=(
CONVERSION_BASED_UNIT('gram',#12701)
MASS_UNIT()
NAMED_UNIT(#12698)
);
#12700=(
MASS_UNIT()
NAMED_UNIT(*)
SI_UNIT(.KILO.,.GRAM.)
);
#12701=MASS_MEASURE_WITH_UNIT(MASS_MEASURE(0.001),#12700);
#12702=DERIVED_UNIT((#12592,#12593));
#12703=DERIVED_UNIT((#12594,#12595));
#12704=DERIVED_UNIT((#12596,#12597));
#12705=DERIVED_UNIT((#12598,#12599));
#12706=DERIVED_UNIT((#12600,#12601));
#12707=DERIVED_UNIT((#12602,#12603));
#12708=DERIVED_UNIT((#12604,#12605));
#12709=DERIVED_UNIT((#12606,#12607));
#12710=DERIVED_UNIT((#12608,#12609));
#12711=DERIVED_UNIT((#12610,#12611));
#12712=DERIVED_UNIT((#12612,#12613));
#12713=DERIVED_UNIT((#12614,#12615));
#12714=DERIVED_UNIT((#12616,#12617));
#12715=DERIVED_UNIT((#12618,#12619));
#12716=DERIVED_UNIT((#12620,#12621));
#12717=DERIVED_UNIT((#12622,#12623));
#12718=DERIVED_UNIT((#12624,#12625));
#12719=DERIVED_UNIT((#12626,#12627));
#12720=DERIVED_UNIT((#12628,#12629));
#12721=DERIVED_UNIT((#12630,#12631));
#12722=DERIVED_UNIT((#12632,#12633));
#12723=DERIVED_UNIT((#12634,#12635));
#12724=DERIVED_UNIT((#12636,#12637));
#12725=DERIVED_UNIT((#12638,#12639));
#12726=DERIVED_UNIT((#12640,#12641));
#12727=DERIVED_UNIT((#12642,#12643));
#12728=DERIVED_UNIT((#12644,#12645));
#12729=DERIVED_UNIT((#12646,#12647));
#12730=DERIVED_UNIT((#12648,#12649));
#12731=DERIVED_UNIT((#12650,#12651));
#12732=DERIVED_UNIT((#12652,#12653));
#12733=DERIVED_UNIT((#12654,#12655));
#12734=DERIVED_UNIT((#12656,#12657));
#12735=DERIVED_UNIT((#12658,#12659));
#12736=DERIVED_UNIT((#12660,#12661));
#12737=DERIVED_UNIT((#12662,#12663));
#12738=DERIVED_UNIT((#12664,#12665));
#12739=DERIVED_UNIT((#12666,#12667));
#12740=DERIVED_UNIT((#12668,#12669));
#12741=DERIVED_UNIT((#12670,#12671));
#12742=DERIVED_UNIT((#12672,#12673));
#12743=DERIVED_UNIT((#12674,#12675));
#12744=DERIVED_UNIT((#12676,#12677));
#12745=DERIVED_UNIT((#12678,#12679));
#12746=DERIVED_UNIT((#12680,#12681));
#12747=DERIVED_UNIT((#12682,#12683));
#12748=DERIVED_UNIT((#12684,#12685));
#12749=DERIVED_UNIT((#12686,#12687));
#12750=DERIVED_UNIT((#12688,#12689));
#12751=DERIVED_UNIT((#12690,#12691));
#12752=DERIVED_UNIT((#12692,#12693));
#12753=DERIVED_UNIT((#12694,#12695));
#12754=DERIVED_UNIT((#12696,#12697));
#12755=MEASURE_REPRESENTATION_ITEM('density measure',
POSITIVE_RATIO_MEASURE(8.),#12702);
#12756=MEASURE_REPRESENTATION_ITEM('density measure',
POSITIVE_RATIO_MEASURE(2.7),#12703);
#12757=MEASURE_REPRESENTATION_ITEM('density measure',
POSITIVE_RATIO_MEASURE(2.7),#12704);
#12758=MEASURE_REPRESENTATION_ITEM('density measure',
POSITIVE_RATIO_MEASURE(7.73),#12705);
#12759=MEASURE_REPRESENTATION_ITEM('density measure',
POSITIVE_RATIO_MEASURE(2.7),#12706);
#12760=MEASURE_REPRESENTATION_ITEM('density measure',
POSITIVE_RATIO_MEASURE(2.7),#12707);
#12761=MEASURE_REPRESENTATION_ITEM('density measure',
POSITIVE_RATIO_MEASURE(8.),#12708);
#12762=MEASURE_REPRESENTATION_ITEM('density measure',
POSITIVE_RATIO_MEASURE(1.541),#12709);
#12763=MEASURE_REPRESENTATION_ITEM('density measure',
POSITIVE_RATIO_MEASURE(1.541),#12710);
#12764=MEASURE_REPRESENTATION_ITEM('density measure',
POSITIVE_RATIO_MEASURE(2.7),#12711);
#12765=MEASURE_REPRESENTATION_ITEM('density measure',
POSITIVE_RATIO_MEASURE(1.541),#12712);
#12766=MEASURE_REPRESENTATION_ITEM('density measure',
POSITIVE_RATIO_MEASURE(1.541),#12713);
#12767=MEASURE_REPRESENTATION_ITEM('density measure',
POSITIVE_RATIO_MEASURE(1.541),#12714);
#12768=MEASURE_REPRESENTATION_ITEM('density measure',
POSITIVE_RATIO_MEASURE(2.7),#12715);
#12769=MEASURE_REPRESENTATION_ITEM('density measure',
POSITIVE_RATIO_MEASURE(7.73),#12716);
#12770=MEASURE_REPRESENTATION_ITEM('density measure',
POSITIVE_RATIO_MEASURE(7.73),#12717);
#12771=MEASURE_REPRESENTATION_ITEM('density measure',
POSITIVE_RATIO_MEASURE(7.73),#12718);
#12772=MEASURE_REPRESENTATION_ITEM('density measure',
POSITIVE_RATIO_MEASURE(7.73),#12719);
#12773=MEASURE_REPRESENTATION_ITEM('density measure',
POSITIVE_RATIO_MEASURE(7.73),#12720);
#12774=MEASURE_REPRESENTATION_ITEM('density measure',
POSITIVE_RATIO_MEASURE(2.7),#12721);
#12775=MEASURE_REPRESENTATION_ITEM('density measure',
POSITIVE_RATIO_MEASURE(2.7),#12722);
#12776=MEASURE_REPRESENTATION_ITEM('density measure',
POSITIVE_RATIO_MEASURE(7.73),#12723);
#12777=MEASURE_REPRESENTATION_ITEM('density measure',
POSITIVE_RATIO_MEASURE(1.541),#12724);
#12778=MEASURE_REPRESENTATION_ITEM('density measure',
POSITIVE_RATIO_MEASURE(7.73),#12725);
#12779=MEASURE_REPRESENTATION_ITEM('density measure',
POSITIVE_RATIO_MEASURE(7.73),#12726);
#12780=MEASURE_REPRESENTATION_ITEM('density measure',
POSITIVE_RATIO_MEASURE(2.7),#12727);
#12781=MEASURE_REPRESENTATION_ITEM('density measure',
POSITIVE_RATIO_MEASURE(2.7),#12728);
#12782=MEASURE_REPRESENTATION_ITEM('density measure',
POSITIVE_RATIO_MEASURE(2.7),#12729);
#12783=MEASURE_REPRESENTATION_ITEM('density measure',
POSITIVE_RATIO_MEASURE(2.7),#12730);
#12784=MEASURE_REPRESENTATION_ITEM('density measure',
POSITIVE_RATIO_MEASURE(7.73),#12731);
#12785=MEASURE_REPRESENTATION_ITEM('density measure',
POSITIVE_RATIO_MEASURE(7.73),#12732);
#12786=MEASURE_REPRESENTATION_ITEM('density measure',
POSITIVE_RATIO_MEASURE(2.7),#12733);
#12787=MEASURE_REPRESENTATION_ITEM('density measure',
POSITIVE_RATIO_MEASURE(2.7),#12734);
#12788=MEASURE_REPRESENTATION_ITEM('density measure',
POSITIVE_RATIO_MEASURE(7.73),#12735);
#12789=MEASURE_REPRESENTATION_ITEM('density measure',
POSITIVE_RATIO_MEASURE(7.73),#12736);
#12790=MEASURE_REPRESENTATION_ITEM('density measure',
POSITIVE_RATIO_MEASURE(7.73),#12737);
#12791=MEASURE_REPRESENTATION_ITEM('density measure',
POSITIVE_RATIO_MEASURE(7.73),#12738);
#12792=MEASURE_REPRESENTATION_ITEM('density measure',
POSITIVE_RATIO_MEASURE(2.7),#12739);
#12793=MEASURE_REPRESENTATION_ITEM('density measure',
POSITIVE_RATIO_MEASURE(2.7),#12740);
#12794=MEASURE_REPRESENTATION_ITEM('density measure',
POSITIVE_RATIO_MEASURE(2.7),#12741);
#12795=MEASURE_REPRESENTATION_ITEM('density measure',
POSITIVE_RATIO_MEASURE(2.7),#12742);
#12796=MEASURE_REPRESENTATION_ITEM('density measure',
POSITIVE_RATIO_MEASURE(2.7),#12743);
#12797=MEASURE_REPRESENTATION_ITEM('density measure',
POSITIVE_RATIO_MEASURE(1.541),#12744);
#12798=MEASURE_REPRESENTATION_ITEM('density measure',
POSITIVE_RATIO_MEASURE(2.7),#12745);
#12799=MEASURE_REPRESENTATION_ITEM('density measure',
POSITIVE_RATIO_MEASURE(2.7),#12746);
#12800=MEASURE_REPRESENTATION_ITEM('density measure',
POSITIVE_RATIO_MEASURE(2.7),#12747);
#12801=MEASURE_REPRESENTATION_ITEM('density measure',
POSITIVE_RATIO_MEASURE(2.7),#12748);
#12802=MEASURE_REPRESENTATION_ITEM('density measure',
POSITIVE_RATIO_MEASURE(7.73),#12749);
#12803=MEASURE_REPRESENTATION_ITEM('density measure',
POSITIVE_RATIO_MEASURE(7.73),#12750);
#12804=MEASURE_REPRESENTATION_ITEM('density measure',
POSITIVE_RATIO_MEASURE(7.73),#12751);
#12805=MEASURE_REPRESENTATION_ITEM('density measure',
POSITIVE_RATIO_MEASURE(7.73),#12752);
#12806=MEASURE_REPRESENTATION_ITEM('density measure',
POSITIVE_RATIO_MEASURE(7.73),#12753);
#12807=MEASURE_REPRESENTATION_ITEM('density measure',
POSITIVE_RATIO_MEASURE(7.73),#12754);
#12808=PROPERTY_DEFINITION_REPRESENTATION(#13073,#12914);
#12809=PROPERTY_DEFINITION_REPRESENTATION(#13074,#12915);
#12810=PROPERTY_DEFINITION_REPRESENTATION(#13075,#12916);
#12811=PROPERTY_DEFINITION_REPRESENTATION(#13076,#12917);
#12812=PROPERTY_DEFINITION_REPRESENTATION(#13077,#12918);
#12813=PROPERTY_DEFINITION_REPRESENTATION(#13078,#12919);
#12814=PROPERTY_DEFINITION_REPRESENTATION(#13079,#12920);
#12815=PROPERTY_DEFINITION_REPRESENTATION(#13080,#12921);
#12816=PROPERTY_DEFINITION_REPRESENTATION(#13081,#12922);
#12817=PROPERTY_DEFINITION_REPRESENTATION(#13082,#12923);
#12818=PROPERTY_DEFINITION_REPRESENTATION(#13083,#12924);
#12819=PROPERTY_DEFINITION_REPRESENTATION(#13084,#12925);
#12820=PROPERTY_DEFINITION_REPRESENTATION(#13085,#12926);
#12821=PROPERTY_DEFINITION_REPRESENTATION(#13086,#12927);
#12822=PROPERTY_DEFINITION_REPRESENTATION(#13087,#12928);
#12823=PROPERTY_DEFINITION_REPRESENTATION(#13088,#12929);
#12824=PROPERTY_DEFINITION_REPRESENTATION(#13089,#12930);
#12825=PROPERTY_DEFINITION_REPRESENTATION(#13090,#12931);
#12826=PROPERTY_DEFINITION_REPRESENTATION(#13091,#12932);
#12827=PROPERTY_DEFINITION_REPRESENTATION(#13092,#12933);
#12828=PROPERTY_DEFINITION_REPRESENTATION(#13093,#12934);
#12829=PROPERTY_DEFINITION_REPRESENTATION(#13094,#12935);
#12830=PROPERTY_DEFINITION_REPRESENTATION(#13095,#12936);
#12831=PROPERTY_DEFINITION_REPRESENTATION(#13096,#12937);
#12832=PROPERTY_DEFINITION_REPRESENTATION(#13097,#12938);
#12833=PROPERTY_DEFINITION_REPRESENTATION(#13098,#12939);
#12834=PROPERTY_DEFINITION_REPRESENTATION(#13099,#12940);
#12835=PROPERTY_DEFINITION_REPRESENTATION(#13100,#12941);
#12836=PROPERTY_DEFINITION_REPRESENTATION(#13101,#12942);
#12837=PROPERTY_DEFINITION_REPRESENTATION(#13102,#12943);
#12838=PROPERTY_DEFINITION_REPRESENTATION(#13103,#12944);
#12839=PROPERTY_DEFINITION_REPRESENTATION(#13104,#12945);
#12840=PROPERTY_DEFINITION_REPRESENTATION(#13105,#12946);
#12841=PROPERTY_DEFINITION_REPRESENTATION(#13106,#12947);
#12842=PROPERTY_DEFINITION_REPRESENTATION(#13107,#12948);
#12843=PROPERTY_DEFINITION_REPRESENTATION(#13108,#12949);
#12844=PROPERTY_DEFINITION_REPRESENTATION(#13109,#12950);
#12845=PROPERTY_DEFINITION_REPRESENTATION(#13110,#12951);
#12846=PROPERTY_DEFINITION_REPRESENTATION(#13111,#12952);
#12847=PROPERTY_DEFINITION_REPRESENTATION(#13112,#12953);
#12848=PROPERTY_DEFINITION_REPRESENTATION(#13113,#12954);
#12849=PROPERTY_DEFINITION_REPRESENTATION(#13114,#12955);
#12850=PROPERTY_DEFINITION_REPRESENTATION(#13115,#12956);
#12851=PROPERTY_DEFINITION_REPRESENTATION(#13116,#12957);
#12852=PROPERTY_DEFINITION_REPRESENTATION(#13117,#12958);
#12853=PROPERTY_DEFINITION_REPRESENTATION(#13118,#12959);
#12854=PROPERTY_DEFINITION_REPRESENTATION(#13119,#12960);
#12855=PROPERTY_DEFINITION_REPRESENTATION(#13120,#12961);
#12856=PROPERTY_DEFINITION_REPRESENTATION(#13121,#12962);
#12857=PROPERTY_DEFINITION_REPRESENTATION(#13122,#12963);
#12858=PROPERTY_DEFINITION_REPRESENTATION(#13123,#12964);
#12859=PROPERTY_DEFINITION_REPRESENTATION(#13124,#12965);
#12860=PROPERTY_DEFINITION_REPRESENTATION(#13125,#12966);
#12861=PROPERTY_DEFINITION_REPRESENTATION(#13126,#12967);
#12862=PROPERTY_DEFINITION_REPRESENTATION(#13127,#12968);
#12863=PROPERTY_DEFINITION_REPRESENTATION(#13128,#12969);
#12864=PROPERTY_DEFINITION_REPRESENTATION(#13129,#12970);
#12865=PROPERTY_DEFINITION_REPRESENTATION(#13130,#12971);
#12866=PROPERTY_DEFINITION_REPRESENTATION(#13131,#12972);
#12867=PROPERTY_DEFINITION_REPRESENTATION(#13132,#12973);
#12868=PROPERTY_DEFINITION_REPRESENTATION(#13133,#12974);
#12869=PROPERTY_DEFINITION_REPRESENTATION(#13134,#12975);
#12870=PROPERTY_DEFINITION_REPRESENTATION(#13135,#12976);
#12871=PROPERTY_DEFINITION_REPRESENTATION(#13136,#12977);
#12872=PROPERTY_DEFINITION_REPRESENTATION(#13137,#12978);
#12873=PROPERTY_DEFINITION_REPRESENTATION(#13138,#12979);
#12874=PROPERTY_DEFINITION_REPRESENTATION(#13139,#12980);
#12875=PROPERTY_DEFINITION_REPRESENTATION(#13140,#12981);
#12876=PROPERTY_DEFINITION_REPRESENTATION(#13141,#12982);
#12877=PROPERTY_DEFINITION_REPRESENTATION(#13142,#12983);
#12878=PROPERTY_DEFINITION_REPRESENTATION(#13143,#12984);
#12879=PROPERTY_DEFINITION_REPRESENTATION(#13144,#12985);
#12880=PROPERTY_DEFINITION_REPRESENTATION(#13145,#12986);
#12881=PROPERTY_DEFINITION_REPRESENTATION(#13146,#12987);
#12882=PROPERTY_DEFINITION_REPRESENTATION(#13147,#12988);
#12883=PROPERTY_DEFINITION_REPRESENTATION(#13148,#12989);
#12884=PROPERTY_DEFINITION_REPRESENTATION(#13149,#12990);
#12885=PROPERTY_DEFINITION_REPRESENTATION(#13150,#12991);
#12886=PROPERTY_DEFINITION_REPRESENTATION(#13151,#12992);
#12887=PROPERTY_DEFINITION_REPRESENTATION(#13152,#12993);
#12888=PROPERTY_DEFINITION_REPRESENTATION(#13153,#12994);
#12889=PROPERTY_DEFINITION_REPRESENTATION(#13154,#12995);
#12890=PROPERTY_DEFINITION_REPRESENTATION(#13155,#12996);
#12891=PROPERTY_DEFINITION_REPRESENTATION(#13156,#12997);
#12892=PROPERTY_DEFINITION_REPRESENTATION(#13157,#12998);
#12893=PROPERTY_DEFINITION_REPRESENTATION(#13158,#12999);
#12894=PROPERTY_DEFINITION_REPRESENTATION(#13159,#13000);
#12895=PROPERTY_DEFINITION_REPRESENTATION(#13160,#13001);
#12896=PROPERTY_DEFINITION_REPRESENTATION(#13161,#13002);
#12897=PROPERTY_DEFINITION_REPRESENTATION(#13162,#13003);
#12898=PROPERTY_DEFINITION_REPRESENTATION(#13163,#13004);
#12899=PROPERTY_DEFINITION_REPRESENTATION(#13164,#13005);
#12900=PROPERTY_DEFINITION_REPRESENTATION(#13165,#13006);
#12901=PROPERTY_DEFINITION_REPRESENTATION(#13166,#13007);
#12902=PROPERTY_DEFINITION_REPRESENTATION(#13167,#13008);
#12903=PROPERTY_DEFINITION_REPRESENTATION(#13168,#13009);
#12904=PROPERTY_DEFINITION_REPRESENTATION(#13169,#13010);
#12905=PROPERTY_DEFINITION_REPRESENTATION(#13170,#13011);
#12906=PROPERTY_DEFINITION_REPRESENTATION(#13171,#13012);
#12907=PROPERTY_DEFINITION_REPRESENTATION(#13172,#13013);
#12908=PROPERTY_DEFINITION_REPRESENTATION(#13173,#13014);
#12909=PROPERTY_DEFINITION_REPRESENTATION(#13174,#13015);
#12910=PROPERTY_DEFINITION_REPRESENTATION(#13175,#13016);
#12911=PROPERTY_DEFINITION_REPRESENTATION(#13176,#13017);
#12912=PROPERTY_DEFINITION_REPRESENTATION(#13177,#13018);
#12913=PROPERTY_DEFINITION_REPRESENTATION(#13178,#13019);
#12914=REPRESENTATION('material name',(#13020),#22031);
#12915=REPRESENTATION('density',(#12755),#22031);
#12916=REPRESENTATION('material name',(#13021),#22032);
#12917=REPRESENTATION('density',(#12756),#22032);
#12918=REPRESENTATION('material name',(#13022),#22033);
#12919=REPRESENTATION('density',(#12757),#22033);
#12920=REPRESENTATION('material name',(#13023),#22034);
#12921=REPRESENTATION('density',(#12758),#22034);
#12922=REPRESENTATION('material name',(#13024),#22035);
#12923=REPRESENTATION('density',(#12759),#22035);
#12924=REPRESENTATION('material name',(#13025),#22036);
#12925=REPRESENTATION('density',(#12760),#22036);
#12926=REPRESENTATION('material name',(#13026),#22037);
#12927=REPRESENTATION('density',(#12761),#22037);
#12928=REPRESENTATION('material name',(#13027),#22038);
#12929=REPRESENTATION('density',(#12762),#22038);
#12930=REPRESENTATION('material name',(#13028),#22039);
#12931=REPRESENTATION('density',(#12763),#22039);
#12932=REPRESENTATION('material name',(#13029),#22040);
#12933=REPRESENTATION('density',(#12764),#22040);
#12934=REPRESENTATION('material name',(#13030),#22041);
#12935=REPRESENTATION('density',(#12765),#22041);
#12936=REPRESENTATION('material name',(#13031),#22042);
#12937=REPRESENTATION('density',(#12766),#22042);
#12938=REPRESENTATION('material name',(#13032),#22043);
#12939=REPRESENTATION('density',(#12767),#22043);
#12940=REPRESENTATION('material name',(#13033),#22044);
#12941=REPRESENTATION('density',(#12768),#22044);
#12942=REPRESENTATION('material name',(#13034),#22045);
#12943=REPRESENTATION('density',(#12769),#22045);
#12944=REPRESENTATION('material name',(#13035),#22046);
#12945=REPRESENTATION('density',(#12770),#22046);
#12946=REPRESENTATION('material name',(#13036),#22047);
#12947=REPRESENTATION('density',(#12771),#22047);
#12948=REPRESENTATION('material name',(#13037),#22048);
#12949=REPRESENTATION('density',(#12772),#22048);
#12950=REPRESENTATION('material name',(#13038),#22049);
#12951=REPRESENTATION('density',(#12773),#22049);
#12952=REPRESENTATION('material name',(#13039),#22050);
#12953=REPRESENTATION('density',(#12774),#22050);
#12954=REPRESENTATION('material name',(#13040),#22051);
#12955=REPRESENTATION('density',(#12775),#22051);
#12956=REPRESENTATION('material name',(#13041),#22052);
#12957=REPRESENTATION('density',(#12776),#22052);
#12958=REPRESENTATION('material name',(#13042),#22053);
#12959=REPRESENTATION('density',(#12777),#22053);
#12960=REPRESENTATION('material name',(#13043),#22054);
#12961=REPRESENTATION('density',(#12778),#22054);
#12962=REPRESENTATION('material name',(#13044),#22055);
#12963=REPRESENTATION('density',(#12779),#22055);
#12964=REPRESENTATION('material name',(#13045),#22056);
#12965=REPRESENTATION('density',(#12780),#22056);
#12966=REPRESENTATION('material name',(#13046),#22057);
#12967=REPRESENTATION('density',(#12781),#22057);
#12968=REPRESENTATION('material name',(#13047),#22058);
#12969=REPRESENTATION('density',(#12782),#22058);
#12970=REPRESENTATION('material name',(#13048),#22059);
#12971=REPRESENTATION('density',(#12783),#22059);
#12972=REPRESENTATION('material name',(#13049),#22060);
#12973=REPRESENTATION('density',(#12784),#22060);
#12974=REPRESENTATION('material name',(#13050),#22061);
#12975=REPRESENTATION('density',(#12785),#22061);
#12976=REPRESENTATION('material name',(#13051),#22062);
#12977=REPRESENTATION('density',(#12786),#22062);
#12978=REPRESENTATION('material name',(#13052),#22063);
#12979=REPRESENTATION('density',(#12787),#22063);
#12980=REPRESENTATION('material name',(#13053),#22064);
#12981=REPRESENTATION('density',(#12788),#22064);
#12982=REPRESENTATION('material name',(#13054),#22065);
#12983=REPRESENTATION('density',(#12789),#22065);
#12984=REPRESENTATION('material name',(#13055),#22066);
#12985=REPRESENTATION('density',(#12790),#22066);
#12986=REPRESENTATION('material name',(#13056),#22067);
#12987=REPRESENTATION('density',(#12791),#22067);
#12988=REPRESENTATION('material name',(#13057),#22068);
#12989=REPRESENTATION('density',(#12792),#22068);
#12990=REPRESENTATION('material name',(#13058),#22069);
#12991=REPRESENTATION('density',(#12793),#22069);
#12992=REPRESENTATION('material name',(#13059),#22070);
#12993=REPRESENTATION('density',(#12794),#22070);
#12994=REPRESENTATION('material name',(#13060),#22071);
#12995=REPRESENTATION('density',(#12795),#22071);
#12996=REPRESENTATION('material name',(#13061),#22072);
#12997=REPRESENTATION('density',(#12796),#22072);
#12998=REPRESENTATION('material name',(#13062),#22073);
#12999=REPRESENTATION('density',(#12797),#22073);
#13000=REPRESENTATION('material name',(#13063),#22074);
#13001=REPRESENTATION('density',(#12798),#22074);
#13002=REPRESENTATION('material name',(#13064),#22075);
#13003=REPRESENTATION('density',(#12799),#22075);
#13004=REPRESENTATION('material name',(#13065),#22076);
#13005=REPRESENTATION('density',(#12800),#22076);
#13006=REPRESENTATION('material name',(#13066),#22077);
#13007=REPRESENTATION('density',(#12801),#22077);
#13008=REPRESENTATION('material name',(#13067),#22078);
#13009=REPRESENTATION('density',(#12802),#22078);
#13010=REPRESENTATION('material name',(#13068),#22079);
#13011=REPRESENTATION('density',(#12803),#22079);
#13012=REPRESENTATION('material name',(#13069),#22080);
#13013=REPRESENTATION('density',(#12804),#22080);
#13014=REPRESENTATION('material name',(#13070),#22081);
#13015=REPRESENTATION('density',(#12805),#22081);
#13016=REPRESENTATION('material name',(#13071),#22082);
#13017=REPRESENTATION('density',(#12806),#22082);
#13018=REPRESENTATION('material name',(#13072),#22083);
#13019=REPRESENTATION('density',(#12807),#22083);
#13020=DESCRIPTIVE_REPRESENTATION_ITEM('\X2\30B930C630F330EC30B992FC\X0\',
'\X2\30B930C630F330EC30B992FC\X0\');
#13021=DESCRIPTIVE_REPRESENTATION_ITEM('\X2\30A230EB30DF30CB30A630E0\X0\ 
6061','\X2\30A230EB30DF30CB30A630E0\X0\ 6061');
#13022=DESCRIPTIVE_REPRESENTATION_ITEM('\X2\30A230EB30DF30CB30A630E0\X0\ 
6061','\X2\30A230EB30DF30CB30A630E0\X0\ 6061');
#13023=DESCRIPTIVE_REPRESENTATION_ITEM('\X2\92FC3001540891D192FC\X0\',
'\X2\92FC3001540891D192FC\X0\');
#13024=DESCRIPTIVE_REPRESENTATION_ITEM('\X2\30A230EB30DF30CB30A630E0\X0\ 
6061','\X2\30A230EB30DF30CB30A630E0\X0\ 6061');
#13025=DESCRIPTIVE_REPRESENTATION_ITEM('\X2\30A230EB30DF30CB30A630E0\X0\ 
6061','\X2\30A230EB30DF30CB30A630E0\X0\ 6061');
#13026=DESCRIPTIVE_REPRESENTATION_ITEM('\X2\30B930C630F330EC30B992FC\X0\',
'\X2\30B930C630F330EC30B992FC\X0\');
#13027=DESCRIPTIVE_REPRESENTATION_ITEM('PET \X2\30D730E930B930C130C330AF\X0\',
'PET \X2\30D730E930B930C130C330AF\X0\');
#13028=DESCRIPTIVE_REPRESENTATION_ITEM('PET \X2\30D730E930B930C130C330AF\X0\',
'PET \X2\30D730E930B930C130C330AF\X0\');
#13029=DESCRIPTIVE_REPRESENTATION_ITEM('\X2\30A230EB30DF30CB30A630E0\X0\ 
6061','\X2\30A230EB30DF30CB30A630E0\X0\ 6061');
#13030=DESCRIPTIVE_REPRESENTATION_ITEM('PET \X2\30D730E930B930C130C330AF\X0\',
'PET \X2\30D730E930B930C130C330AF\X0\');
#13031=DESCRIPTIVE_REPRESENTATION_ITEM('PET \X2\30D730E930B930C130C330AF\X0\',
'PET \X2\30D730E930B930C130C330AF\X0\');
#13032=DESCRIPTIVE_REPRESENTATION_ITEM('PET \X2\30D730E930B930C130C330AF\X0\',
'PET \X2\30D730E930B930C130C330AF\X0\');
#13033=DESCRIPTIVE_REPRESENTATION_ITEM('\X2\30A230EB30DF30CB30A630E0\X0\ 
6061','\X2\30A230EB30DF30CB30A630E0\X0\ 6061');
#13034=DESCRIPTIVE_REPRESENTATION_ITEM('\X2\92FC3001540891D192FC\X0\',
'\X2\92FC3001540891D192FC\X0\');
#13035=DESCRIPTIVE_REPRESENTATION_ITEM('\X2\92FC3001540891D192FC\X0\',
'\X2\92FC3001540891D192FC\X0\');
#13036=DESCRIPTIVE_REPRESENTATION_ITEM('\X2\92FC3001540891D192FC\X0\',
'\X2\92FC3001540891D192FC\X0\');
#13037=DESCRIPTIVE_REPRESENTATION_ITEM('\X2\92FC3001540891D192FC\X0\',
'\X2\92FC3001540891D192FC\X0\');
#13038=DESCRIPTIVE_REPRESENTATION_ITEM('\X2\92FC3001540891D192FC\X0\',
'\X2\92FC3001540891D192FC\X0\');
#13039=DESCRIPTIVE_REPRESENTATION_ITEM('\X2\30A230EB30DF30CB30A630E0\X0\ 
6061','\X2\30A230EB30DF30CB30A630E0\X0\ 6061');
#13040=DESCRIPTIVE_REPRESENTATION_ITEM('\X2\30A230EB30DF30CB30A630E0\X0\ 
6061','\X2\30A230EB30DF30CB30A630E0\X0\ 6061');
#13041=DESCRIPTIVE_REPRESENTATION_ITEM('\X2\92FC3001540891D192FC\X0\',
'\X2\92FC3001540891D192FC\X0\');
#13042=DESCRIPTIVE_REPRESENTATION_ITEM('PET \X2\30D730E930B930C130C330AF\X0\',
'PET \X2\30D730E930B930C130C330AF\X0\');
#13043=DESCRIPTIVE_REPRESENTATION_ITEM('\X2\92FC3001540891D192FC\X0\',
'\X2\92FC3001540891D192FC\X0\');
#13044=DESCRIPTIVE_REPRESENTATION_ITEM('\X2\92FC3001540891D192FC\X0\',
'\X2\92FC3001540891D192FC\X0\');
#13045=DESCRIPTIVE_REPRESENTATION_ITEM('\X2\30A230EB30DF30CB30A630E0\X0\ 
6061','\X2\30A230EB30DF30CB30A630E0\X0\ 6061');
#13046=DESCRIPTIVE_REPRESENTATION_ITEM('\X2\30A230EB30DF30CB30A630E0\X0\ 
6061','\X2\30A230EB30DF30CB30A630E0\X0\ 6061');
#13047=DESCRIPTIVE_REPRESENTATION_ITEM('\X2\30A230EB30DF30CB30A630E0\X0\ 
6061','\X2\30A230EB30DF30CB30A630E0\X0\ 6061');
#13048=DESCRIPTIVE_REPRESENTATION_ITEM('\X2\30A230EB30DF30CB30A630E0\X0\ 
6061','\X2\30A230EB30DF30CB30A630E0\X0\ 6061');
#13049=DESCRIPTIVE_REPRESENTATION_ITEM('\X2\92FC3001540891D192FC\X0\',
'\X2\92FC3001540891D192FC\X0\');
#13050=DESCRIPTIVE_REPRESENTATION_ITEM('\X2\92FC3001540891D192FC\X0\',
'\X2\92FC3001540891D192FC\X0\');
#13051=DESCRIPTIVE_REPRESENTATION_ITEM('\X2\30A230EB30DF30CB30A630E0\X0\ 
6061','\X2\30A230EB30DF30CB30A630E0\X0\ 6061');
#13052=DESCRIPTIVE_REPRESENTATION_ITEM('\X2\30A230EB30DF30CB30A630E0\X0\ 
6061','\X2\30A230EB30DF30CB30A630E0\X0\ 6061');
#13053=DESCRIPTIVE_REPRESENTATION_ITEM('\X2\92FC3001540891D192FC\X0\',
'\X2\92FC3001540891D192FC\X0\');
#13054=DESCRIPTIVE_REPRESENTATION_ITEM('\X2\92FC3001540891D192FC\X0\',
'\X2\92FC3001540891D192FC\X0\');
#13055=DESCRIPTIVE_REPRESENTATION_ITEM('\X2\92FC3001540891D192FC\X0\',
'\X2\92FC3001540891D192FC\X0\');
#13056=DESCRIPTIVE_REPRESENTATION_ITEM('\X2\92FC3001540891D192FC\X0\',
'\X2\92FC3001540891D192FC\X0\');
#13057=DESCRIPTIVE_REPRESENTATION_ITEM('\X2\30A230EB30DF30CB30A630E0\X0\ 
6061','\X2\30A230EB30DF30CB30A630E0\X0\ 6061');
#13058=DESCRIPTIVE_REPRESENTATION_ITEM('\X2\30A230EB30DF30CB30A630E0\X0\ 
6061','\X2\30A230EB30DF30CB30A630E0\X0\ 6061');
#13059=DESCRIPTIVE_REPRESENTATION_ITEM('\X2\30A230EB30DF30CB30A630E0\X0\ 
6061','\X2\30A230EB30DF30CB30A630E0\X0\ 6061');
#13060=DESCRIPTIVE_REPRESENTATION_ITEM('\X2\30A230EB30DF30CB30A630E0\X0\ 
6061','\X2\30A230EB30DF30CB30A630E0\X0\ 6061');
#13061=DESCRIPTIVE_REPRESENTATION_ITEM('\X2\30A230EB30DF30CB30A630E0\X0\ 
6061','\X2\30A230EB30DF30CB30A630E0\X0\ 6061');
#13062=DESCRIPTIVE_REPRESENTATION_ITEM('PET \X2\30D730E930B930C130C330AF\X0\',
'PET \X2\30D730E930B930C130C330AF\X0\');
#13063=DESCRIPTIVE_REPRESENTATION_ITEM('\X2\30A230EB30DF30CB30A630E0\X0\ 
6061','\X2\30A230EB30DF30CB30A630E0\X0\ 6061');
#13064=DESCRIPTIVE_REPRESENTATION_ITEM('\X2\30A230EB30DF30CB30A630E0\X0\ 
6061','\X2\30A230EB30DF30CB30A630E0\X0\ 6061');
#13065=DESCRIPTIVE_REPRESENTATION_ITEM('\X2\30A230EB30DF30CB30A630E0\X0\ 
6061','\X2\30A230EB30DF30CB30A630E0\X0\ 6061');
#13066=DESCRIPTIVE_REPRESENTATION_ITEM('\X2\30A230EB30DF30CB30A630E0\X0\ 
6061','\X2\30A230EB30DF30CB30A630E0\X0\ 6061');
#13067=DESCRIPTIVE_REPRESENTATION_ITEM('\X2\92FC3001540891D192FC\X0\',
'\X2\92FC3001540891D192FC\X0\');
#13068=DESCRIPTIVE_REPRESENTATION_ITEM('\X2\92FC3001540891D192FC\X0\',
'\X2\92FC3001540891D192FC\X0\');
#13069=DESCRIPTIVE_REPRESENTATION_ITEM('\X2\92FC3001540891D192FC\X0\',
'\X2\92FC3001540891D192FC\X0\');
#13070=DESCRIPTIVE_REPRESENTATION_ITEM('\X2\92FC3001540891D192FC\X0\',
'\X2\92FC3001540891D192FC\X0\');
#13071=DESCRIPTIVE_REPRESENTATION_ITEM('\X2\92FC3001540891D192FC\X0\',
'\X2\92FC3001540891D192FC\X0\');
#13072=DESCRIPTIVE_REPRESENTATION_ITEM('\X2\92FC3001540891D192FC\X0\',
'\X2\92FC3001540891D192FC\X0\');
#13073=PROPERTY_DEFINITION('material property','material name',#22306);
#13074=PROPERTY_DEFINITION('material property','density of part',#22306);
#13075=PROPERTY_DEFINITION('material property','material name',#22307);
#13076=PROPERTY_DEFINITION('material property','density of part',#22307);
#13077=PROPERTY_DEFINITION('material property','material name',#22308);
#13078=PROPERTY_DEFINITION('material property','density of part',#22308);
#13079=PROPERTY_DEFINITION('material property','material name',#22309);
#13080=PROPERTY_DEFINITION('material property','density of part',#22309);
#13081=PROPERTY_DEFINITION('material property','material name',#22310);
#13082=PROPERTY_DEFINITION('material property','density of part',#22310);
#13083=PROPERTY_DEFINITION('material property','material name',#22311);
#13084=PROPERTY_DEFINITION('material property','density of part',#22311);
#13085=PROPERTY_DEFINITION('material property','material name',#22312);
#13086=PROPERTY_DEFINITION('material property','density of part',#22312);
#13087=PROPERTY_DEFINITION('material property','material name',#22313);
#13088=PROPERTY_DEFINITION('material property','density of part',#22313);
#13089=PROPERTY_DEFINITION('material property','material name',#22314);
#13090=PROPERTY_DEFINITION('material property','density of part',#22314);
#13091=PROPERTY_DEFINITION('material property','material name',#22315);
#13092=PROPERTY_DEFINITION('material property','density of part',#22315);
#13093=PROPERTY_DEFINITION('material property','material name',#22316);
#13094=PROPERTY_DEFINITION('material property','density of part',#22316);
#13095=PROPERTY_DEFINITION('material property','material name',#22317);
#13096=PROPERTY_DEFINITION('material property','density of part',#22317);
#13097=PROPERTY_DEFINITION('material property','material name',#22318);
#13098=PROPERTY_DEFINITION('material property','density of part',#22318);
#13099=PROPERTY_DEFINITION('material property','material name',#22319);
#13100=PROPERTY_DEFINITION('material property','density of part',#22319);
#13101=PROPERTY_DEFINITION('material property','material name',#22320);
#13102=PROPERTY_DEFINITION('material property','density of part',#22320);
#13103=PROPERTY_DEFINITION('material property','material name',#22321);
#13104=PROPERTY_DEFINITION('material property','density of part',#22321);
#13105=PROPERTY_DEFINITION('material property','material name',#22322);
#13106=PROPERTY_DEFINITION('material property','density of part',#22322);
#13107=PROPERTY_DEFINITION('material property','material name',#22323);
#13108=PROPERTY_DEFINITION('material property','density of part',#22323);
#13109=PROPERTY_DEFINITION('material property','material name',#22324);
#13110=PROPERTY_DEFINITION('material property','density of part',#22324);
#13111=PROPERTY_DEFINITION('material property','material name',#22325);
#13112=PROPERTY_DEFINITION('material property','density of part',#22325);
#13113=PROPERTY_DEFINITION('material property','material name',#22326);
#13114=PROPERTY_DEFINITION('material property','density of part',#22326);
#13115=PROPERTY_DEFINITION('material property','material name',#22327);
#13116=PROPERTY_DEFINITION('material property','density of part',#22327);
#13117=PROPERTY_DEFINITION('material property','material name',#22328);
#13118=PROPERTY_DEFINITION('material property','density of part',#22328);
#13119=PROPERTY_DEFINITION('material property','material name',#22329);
#13120=PROPERTY_DEFINITION('material property','density of part',#22329);
#13121=PROPERTY_DEFINITION('material property','material name',#22330);
#13122=PROPERTY_DEFINITION('material property','density of part',#22330);
#13123=PROPERTY_DEFINITION('material property','material name',#22331);
#13124=PROPERTY_DEFINITION('material property','density of part',#22331);
#13125=PROPERTY_DEFINITION('material property','material name',#22332);
#13126=PROPERTY_DEFINITION('material property','density of part',#22332);
#13127=PROPERTY_DEFINITION('material property','material name',#22333);
#13128=PROPERTY_DEFINITION('material property','density of part',#22333);
#13129=PROPERTY_DEFINITION('material property','material name',#22334);
#13130=PROPERTY_DEFINITION('material property','density of part',#22334);
#13131=PROPERTY_DEFINITION('material property','material name',#22335);
#13132=PROPERTY_DEFINITION('material property','density of part',#22335);
#13133=PROPERTY_DEFINITION('material property','material name',#22336);
#13134=PROPERTY_DEFINITION('material property','density of part',#22336);
#13135=PROPERTY_DEFINITION('material property','material name',#22337);
#13136=PROPERTY_DEFINITION('material property','density of part',#22337);
#13137=PROPERTY_DEFINITION('material property','material name',#22338);
#13138=PROPERTY_DEFINITION('material property','density of part',#22338);
#13139=PROPERTY_DEFINITION('material property','material name',#22339);
#13140=PROPERTY_DEFINITION('material property','density of part',#22339);
#13141=PROPERTY_DEFINITION('material property','material name',#22340);
#13142=PROPERTY_DEFINITION('material property','density of part',#22340);
#13143=PROPERTY_DEFINITION('material property','material name',#22341);
#13144=PROPERTY_DEFINITION('material property','density of part',#22341);
#13145=PROPERTY_DEFINITION('material property','material name',#22342);
#13146=PROPERTY_DEFINITION('material property','density of part',#22342);
#13147=PROPERTY_DEFINITION('material property','material name',#22343);
#13148=PROPERTY_DEFINITION('material property','density of part',#22343);
#13149=PROPERTY_DEFINITION('material property','material name',#22344);
#13150=PROPERTY_DEFINITION('material property','density of part',#22344);
#13151=PROPERTY_DEFINITION('material property','material name',#22345);
#13152=PROPERTY_DEFINITION('material property','density of part',#22345);
#13153=PROPERTY_DEFINITION('material property','material name',#22346);
#13154=PROPERTY_DEFINITION('material property','density of part',#22346);
#13155=PROPERTY_DEFINITION('material property','material name',#22347);
#13156=PROPERTY_DEFINITION('material property','density of part',#22347);
#13157=PROPERTY_DEFINITION('material property','material name',#22348);
#13158=PROPERTY_DEFINITION('material property','density of part',#22348);
#13159=PROPERTY_DEFINITION('material property','material name',#22349);
#13160=PROPERTY_DEFINITION('material property','density of part',#22349);
#13161=PROPERTY_DEFINITION('material property','material name',#22350);
#13162=PROPERTY_DEFINITION('material property','density of part',#22350);
#13163=PROPERTY_DEFINITION('material property','material name',#22351);
#13164=PROPERTY_DEFINITION('material property','density of part',#22351);
#13165=PROPERTY_DEFINITION('material property','material name',#22352);
#13166=PROPERTY_DEFINITION('material property','density of part',#22352);
#13167=PROPERTY_DEFINITION('material property','material name',#22353);
#13168=PROPERTY_DEFINITION('material property','density of part',#22353);
#13169=PROPERTY_DEFINITION('material property','material name',#22354);
#13170=PROPERTY_DEFINITION('material property','density of part',#22354);
#13171=PROPERTY_DEFINITION('material property','material name',#22355);
#13172=PROPERTY_DEFINITION('material property','density of part',#22355);
#13173=PROPERTY_DEFINITION('material property','material name',#22356);
#13174=PROPERTY_DEFINITION('material property','density of part',#22356);
#13175=PROPERTY_DEFINITION('material property','material name',#22357);
#13176=PROPERTY_DEFINITION('material property','density of part',#22357);
#13177=PROPERTY_DEFINITION('material property','material name',#22358);
#13178=PROPERTY_DEFINITION('material property','density of part',#22358);
#13179=PRESENTATION_STYLE_ASSIGNMENT((#13182));
#13180=PRESENTATION_STYLE_ASSIGNMENT((#13183));
#13181=PRESENTATION_STYLE_ASSIGNMENT((#13184));
#13182=SURFACE_STYLE_USAGE(.BOTH.,#13191);
#13183=SURFACE_STYLE_USAGE(.BOTH.,#13192);
#13184=SURFACE_STYLE_USAGE(.BOTH.,#13193);
#13185=SURFACE_STYLE_RENDERING_WITH_PROPERTIES($,#13203,(#13188));
#13186=SURFACE_STYLE_RENDERING_WITH_PROPERTIES($,#13204,(#13189));
#13187=SURFACE_STYLE_RENDERING_WITH_PROPERTIES($,#13205,(#13190));
#13188=SURFACE_STYLE_TRANSPARENT(0.);
#13189=SURFACE_STYLE_TRANSPARENT(0.);
#13190=SURFACE_STYLE_TRANSPARENT(0.53999999165535);
#13191=SURFACE_SIDE_STYLE('',(#13194,#13185));
#13192=SURFACE_SIDE_STYLE('',(#13195,#13186));
#13193=SURFACE_SIDE_STYLE('',(#13196,#13187));
#13194=SURFACE_STYLE_FILL_AREA(#13197);
#13195=SURFACE_STYLE_FILL_AREA(#13198);
#13196=SURFACE_STYLE_FILL_AREA(#13199);
#13197=FILL_AREA_STYLE('',(#13200));
#13198=FILL_AREA_STYLE('',(#13201));
#13199=FILL_AREA_STYLE('',(#13202));
#13200=FILL_AREA_STYLE_COLOUR('',#13203);
#13201=FILL_AREA_STYLE_COLOUR('',#13204);
#13202=FILL_AREA_STYLE_COLOUR('',#13205);
#13203=COLOUR_RGB('',0.745098039215686,0.737254901960784,0.729411764705882);
#13204=COLOUR_RGB('',0.996078431372549,0.996078431372549,1.);
#13205=COLOUR_RGB('',0.8,0.8,0.8);
#13206=DATE_TIME_ROLE('creation_date');
#13207=DATE_TIME_ROLE('creation_date');
#13208=DATE_TIME_ROLE('creation_date');
#13209=DATE_TIME_ROLE('creation_date');
#13210=DATE_TIME_ROLE('creation_date');
#13211=DATE_TIME_ROLE('creation_date');
#13212=DATE_TIME_ROLE('creation_date');
#13213=DATE_TIME_ROLE('creation_date');
#13214=DATE_TIME_ROLE('creation_date');
#13215=DATE_TIME_ROLE('creation_date');
#13216=DATE_TIME_ROLE('creation_date');
#13217=DATE_TIME_ROLE('creation_date');
#13218=DATE_TIME_ROLE('creation_date');
#13219=DATE_TIME_ROLE('creation_date');
#13220=DATE_TIME_ROLE('creation_date');
#13221=DATE_TIME_ROLE('creation_date');
#13222=DATE_TIME_ROLE('creation_date');
#13223=DATE_TIME_ROLE('creation_date');
#13224=DATE_TIME_ROLE('creation_date');
#13225=DATE_TIME_ROLE('creation_date');
#13226=DATE_TIME_ROLE('creation_date');
#13227=DATE_TIME_ROLE('creation_date');
#13228=DATE_TIME_ROLE('creation_date');
#13229=DATE_TIME_ROLE('creation_date');
#13230=DATE_TIME_ROLE('creation_date');
#13231=DATE_TIME_ROLE('creation_date');
#13232=DATE_TIME_ROLE('creation_date');
#13233=DATE_TIME_ROLE('creation_date');
#13234=DATE_TIME_ROLE('creation_date');
#13235=DATE_TIME_ROLE('creation_date');
#13236=DATE_TIME_ROLE('creation_date');
#13237=DATE_TIME_ROLE('creation_date');
#13238=DATE_TIME_ROLE('creation_date');
#13239=DATE_TIME_ROLE('creation_date');
#13240=DATE_TIME_ROLE('creation_date');
#13241=DATE_TIME_ROLE('creation_date');
#13242=DATE_TIME_ROLE('creation_date');
#13243=DATE_TIME_ROLE('creation_date');
#13244=DATE_TIME_ROLE('creation_date');
#13245=DATE_TIME_ROLE('creation_date');
#13246=DATE_TIME_ROLE('creation_date');
#13247=DATE_TIME_ROLE('creation_date');
#13248=DATE_TIME_ROLE('creation_date');
#13249=DATE_TIME_ROLE('creation_date');
#13250=DATE_TIME_ROLE('creation_date');
#13251=DATE_TIME_ROLE('creation_date');
#13252=DATE_TIME_ROLE('creation_date');
#13253=DATE_TIME_ROLE('creation_date');
#13254=DATE_TIME_ROLE('creation_date');
#13255=DATE_TIME_ROLE('creation_date');
#13256=DATE_TIME_ROLE('creation_date');
#13257=DATE_TIME_ROLE('creation_date');
#13258=DATE_TIME_ROLE('creation_date');
#13259=DATE_TIME_ROLE('creation_date');
#13260=APPLIED_DATE_AND_TIME_ASSIGNMENT(#13314,#13206,(#22305));
#13261=APPLIED_DATE_AND_TIME_ASSIGNMENT(#13315,#13207,(#22306));
#13262=APPLIED_DATE_AND_TIME_ASSIGNMENT(#13316,#13208,(#22307));
#13263=APPLIED_DATE_AND_TIME_ASSIGNMENT(#13317,#13209,(#22308));
#13264=APPLIED_DATE_AND_TIME_ASSIGNMENT(#13318,#13210,(#22309));
#13265=APPLIED_DATE_AND_TIME_ASSIGNMENT(#13319,#13211,(#22310));
#13266=APPLIED_DATE_AND_TIME_ASSIGNMENT(#13320,#13212,(#22311));
#13267=APPLIED_DATE_AND_TIME_ASSIGNMENT(#13321,#13213,(#22312));
#13268=APPLIED_DATE_AND_TIME_ASSIGNMENT(#13322,#13214,(#22313));
#13269=APPLIED_DATE_AND_TIME_ASSIGNMENT(#13323,#13215,(#22314));
#13270=APPLIED_DATE_AND_TIME_ASSIGNMENT(#13324,#13216,(#22315));
#13271=APPLIED_DATE_AND_TIME_ASSIGNMENT(#13325,#13217,(#22316));
#13272=APPLIED_DATE_AND_TIME_ASSIGNMENT(#13326,#13218,(#22317));
#13273=APPLIED_DATE_AND_TIME_ASSIGNMENT(#13327,#13219,(#22318));
#13274=APPLIED_DATE_AND_TIME_ASSIGNMENT(#13328,#13220,(#22319));
#13275=APPLIED_DATE_AND_TIME_ASSIGNMENT(#13329,#13221,(#22320));
#13276=APPLIED_DATE_AND_TIME_ASSIGNMENT(#13330,#13222,(#22321));
#13277=APPLIED_DATE_AND_TIME_ASSIGNMENT(#13331,#13223,(#22322));
#13278=APPLIED_DATE_AND_TIME_ASSIGNMENT(#13332,#13224,(#22323));
#13279=APPLIED_DATE_AND_TIME_ASSIGNMENT(#13333,#13225,(#22324));
#13280=APPLIED_DATE_AND_TIME_ASSIGNMENT(#13334,#13226,(#22325));
#13281=APPLIED_DATE_AND_TIME_ASSIGNMENT(#13335,#13227,(#22326));
#13282=APPLIED_DATE_AND_TIME_ASSIGNMENT(#13336,#13228,(#22327));
#13283=APPLIED_DATE_AND_TIME_ASSIGNMENT(#13337,#13229,(#22328));
#13284=APPLIED_DATE_AND_TIME_ASSIGNMENT(#13338,#13230,(#22329));
#13285=APPLIED_DATE_AND_TIME_ASSIGNMENT(#13339,#13231,(#22330));
#13286=APPLIED_DATE_AND_TIME_ASSIGNMENT(#13340,#13232,(#22331));
#13287=APPLIED_DATE_AND_TIME_ASSIGNMENT(#13341,#13233,(#22332));
#13288=APPLIED_DATE_AND_TIME_ASSIGNMENT(#13342,#13234,(#22333));
#13289=APPLIED_DATE_AND_TIME_ASSIGNMENT(#13343,#13235,(#22334));
#13290=APPLIED_DATE_AND_TIME_ASSIGNMENT(#13344,#13236,(#22335));
#13291=APPLIED_DATE_AND_TIME_ASSIGNMENT(#13345,#13237,(#22336));
#13292=APPLIED_DATE_AND_TIME_ASSIGNMENT(#13346,#13238,(#22337));
#13293=APPLIED_DATE_AND_TIME_ASSIGNMENT(#13347,#13239,(#22338));
#13294=APPLIED_DATE_AND_TIME_ASSIGNMENT(#13348,#13240,(#22339));
#13295=APPLIED_DATE_AND_TIME_ASSIGNMENT(#13349,#13241,(#22340));
#13296=APPLIED_DATE_AND_TIME_ASSIGNMENT(#13350,#13242,(#22341));
#13297=APPLIED_DATE_AND_TIME_ASSIGNMENT(#13351,#13243,(#22342));
#13298=APPLIED_DATE_AND_TIME_ASSIGNMENT(#13352,#13244,(#22343));
#13299=APPLIED_DATE_AND_TIME_ASSIGNMENT(#13353,#13245,(#22344));
#13300=APPLIED_DATE_AND_TIME_ASSIGNMENT(#13354,#13246,(#22345));
#13301=APPLIED_DATE_AND_TIME_ASSIGNMENT(#13355,#13247,(#22346));
#13302=APPLIED_DATE_AND_TIME_ASSIGNMENT(#13356,#13248,(#22347));
#13303=APPLIED_DATE_AND_TIME_ASSIGNMENT(#13357,#13249,(#22348));
#13304=APPLIED_DATE_AND_TIME_ASSIGNMENT(#13358,#13250,(#22349));
#13305=APPLIED_DATE_AND_TIME_ASSIGNMENT(#13359,#13251,(#22350));
#13306=APPLIED_DATE_AND_TIME_ASSIGNMENT(#13360,#13252,(#22351));
#13307=APPLIED_DATE_AND_TIME_ASSIGNMENT(#13361,#13253,(#22352));
#13308=APPLIED_DATE_AND_TIME_ASSIGNMENT(#13362,#13254,(#22353));
#13309=APPLIED_DATE_AND_TIME_ASSIGNMENT(#13363,#13255,(#22354));
#13310=APPLIED_DATE_AND_TIME_ASSIGNMENT(#13364,#13256,(#22355));
#13311=APPLIED_DATE_AND_TIME_ASSIGNMENT(#13365,#13257,(#22356));
#13312=APPLIED_DATE_AND_TIME_ASSIGNMENT(#13366,#13258,(#22357));
#13313=APPLIED_DATE_AND_TIME_ASSIGNMENT(#13367,#13259,(#22358));
#13314=DATE_AND_TIME(#13368,#13422);
#13315=DATE_AND_TIME(#13369,#13423);
#13316=DATE_AND_TIME(#13370,#13424);
#13317=DATE_AND_TIME(#13371,#13425);
#13318=DATE_AND_TIME(#13372,#13426);
#13319=DATE_AND_TIME(#13373,#13427);
#13320=DATE_AND_TIME(#13374,#13428);
#13321=DATE_AND_TIME(#13375,#13429);
#13322=DATE_AND_TIME(#13376,#13430);
#13323=DATE_AND_TIME(#13377,#13431);
#13324=DATE_AND_TIME(#13378,#13432);
#13325=DATE_AND_TIME(#13379,#13433);
#13326=DATE_AND_TIME(#13380,#13434);
#13327=DATE_AND_TIME(#13381,#13435);
#13328=DATE_AND_TIME(#13382,#13436);
#13329=DATE_AND_TIME(#13383,#13437);
#13330=DATE_AND_TIME(#13384,#13438);
#13331=DATE_AND_TIME(#13385,#13439);
#13332=DATE_AND_TIME(#13386,#13440);
#13333=DATE_AND_TIME(#13387,#13441);
#13334=DATE_AND_TIME(#13388,#13442);
#13335=DATE_AND_TIME(#13389,#13443);
#13336=DATE_AND_TIME(#13390,#13444);
#13337=DATE_AND_TIME(#13391,#13445);
#13338=DATE_AND_TIME(#13392,#13446);
#13339=DATE_AND_TIME(#13393,#13447);
#13340=DATE_AND_TIME(#13394,#13448);
#13341=DATE_AND_TIME(#13395,#13449);
#13342=DATE_AND_TIME(#13396,#13450);
#13343=DATE_AND_TIME(#13397,#13451);
#13344=DATE_AND_TIME(#13398,#13452);
#13345=DATE_AND_TIME(#13399,#13453);
#13346=DATE_AND_TIME(#13400,#13454);
#13347=DATE_AND_TIME(#13401,#13455);
#13348=DATE_AND_TIME(#13402,#13456);
#13349=DATE_AND_TIME(#13403,#13457);
#13350=DATE_AND_TIME(#13404,#13458);
#13351=DATE_AND_TIME(#13405,#13459);
#13352=DATE_AND_TIME(#13406,#13460);
#13353=DATE_AND_TIME(#13407,#13461);
#13354=DATE_AND_TIME(#13408,#13462);
#13355=DATE_AND_TIME(#13409,#13463);
#13356=DATE_AND_TIME(#13410,#13464);
#13357=DATE_AND_TIME(#13411,#13465);
#13358=DATE_AND_TIME(#13412,#13466);
#13359=DATE_AND_TIME(#13413,#13467);
#13360=DATE_AND_TIME(#13414,#13468);
#13361=DATE_AND_TIME(#13415,#13469);
#13362=DATE_AND_TIME(#13416,#13470);
#13363=DATE_AND_TIME(#13417,#13471);
#13364=DATE_AND_TIME(#13418,#13472);
#13365=DATE_AND_TIME(#13419,#13473);
#13366=DATE_AND_TIME(#13420,#13474);
#13367=DATE_AND_TIME(#13421,#13475);
#13368=CALENDAR_DATE(2026,8,10);
#13369=CALENDAR_DATE(2026,8,10);
#13370=CALENDAR_DATE(2026,8,10);
#13371=CALENDAR_DATE(2026,8,10);
#13372=CALENDAR_DATE(2026,8,10);
#13373=CALENDAR_DATE(2026,8,10);
#13374=CALENDAR_DATE(2026,8,10);
#13375=CALENDAR_DATE(2026,8,10);
#13376=CALENDAR_DATE(2026,8,10);
#13377=CALENDAR_DATE(2026,8,10);
#13378=CALENDAR_DATE(2026,8,10);
#13379=CALENDAR_DATE(2026,8,10);
#13380=CALENDAR_DATE(2026,8,10);
#13381=CALENDAR_DATE(2026,8,10);
#13382=CALENDAR_DATE(2026,8,10);
#13383=CALENDAR_DATE(2026,8,10);
#13384=CALENDAR_DATE(2026,8,10);
#13385=CALENDAR_DATE(2026,8,10);
#13386=CALENDAR_DATE(2026,8,10);
#13387=CALENDAR_DATE(2026,8,10);
#13388=CALENDAR_DATE(2026,8,10);
#13389=CALENDAR_DATE(2026,8,10);
#13390=CALENDAR_DATE(2026,8,10);
#13391=CALENDAR_DATE(2026,8,10);
#13392=CALENDAR_DATE(2026,8,10);
#13393=CALENDAR_DATE(2026,8,10);
#13394=CALENDAR_DATE(2026,8,10);
#13395=CALENDAR_DATE(2026,8,10);
#13396=CALENDAR_DATE(2026,8,10);
#13397=CALENDAR_DATE(2026,8,10);
#13398=CALENDAR_DATE(2026,8,10);
#13399=CALENDAR_DATE(2026,8,10);
#13400=CALENDAR_DATE(2026,8,10);
#13401=CALENDAR_DATE(2026,8,10);
#13402=CALENDAR_DATE(2026,8,10);
#13403=CALENDAR_DATE(2026,8,10);
#13404=CALENDAR_DATE(2026,8,10);
#13405=CALENDAR_DATE(2026,8,10);
#13406=CALENDAR_DATE(2026,8,10);
#13407=CALENDAR_DATE(2026,8,10);
#13408=CALENDAR_DATE(2026,8,10);
#13409=CALENDAR_DATE(2026,8,10);
#13410=CALENDAR_DATE(2026,8,10);
#13411=CALENDAR_DATE(2026,8,10);
#13412=CALENDAR_DATE(2026,8,10);
#13413=CALENDAR_DATE(2026,8,10);
#13414=CALENDAR_DATE(2026,8,10);
#13415=CALENDAR_DATE(2026,8,10);
#13416=CALENDAR_DATE(2026,8,10);
#13417=CALENDAR_DATE(2026,8,10);
#13418=CALENDAR_DATE(2026,8,10);
#13419=CALENDAR_DATE(2026,8,10);
#13420=CALENDAR_DATE(2026,8,10);
#13421=CALENDAR_DATE(2026,8,10);
#13422=LOCAL_TIME(0,0,0.,#13476);
#13423=LOCAL_TIME(0,0,0.,#13477);
#13424=LOCAL_TIME(0,0,0.,#13478);
#13425=LOCAL_TIME(0,0,0.,#13479);
#13426=LOCAL_TIME(0,0,0.,#13480);
#13427=LOCAL_TIME(0,0,0.,#13481);
#13428=LOCAL_TIME(0,0,0.,#13482);
#13429=LOCAL_TIME(0,0,0.,#13483);
#13430=LOCAL_TIME(0,0,0.,#13484);
#13431=LOCAL_TIME(0,0,0.,#13485);
#13432=LOCAL_TIME(0,0,0.,#13486);
#13433=LOCAL_TIME(0,0,0.,#13487);
#13434=LOCAL_TIME(0,0,0.,#13488);
#13435=LOCAL_TIME(0,0,0.,#13489);
#13436=LOCAL_TIME(0,0,0.,#13490);
#13437=LOCAL_TIME(0,0,0.,#13491);
#13438=LOCAL_TIME(0,0,0.,#13492);
#13439=LOCAL_TIME(0,0,0.,#13493);
#13440=LOCAL_TIME(0,0,0.,#13494);
#13441=LOCAL_TIME(0,0,0.,#13495);
#13442=LOCAL_TIME(0,0,0.,#13496);
#13443=LOCAL_TIME(0,0,0.,#13497);
#13444=LOCAL_TIME(0,0,0.,#13498);
#13445=LOCAL_TIME(0,0,0.,#13499);
#13446=LOCAL_TIME(0,0,0.,#13500);
#13447=LOCAL_TIME(0,0,0.,#13501);
#13448=LOCAL_TIME(0,0,0.,#13502);
#13449=LOCAL_TIME(0,0,0.,#13503);
#13450=LOCAL_TIME(0,0,0.,#13504);
#13451=LOCAL_TIME(0,0,0.,#13505);
#13452=LOCAL_TIME(0,0,0.,#13506);
#13453=LOCAL_TIME(0,0,0.,#13507);
#13454=LOCAL_TIME(0,0,0.,#13508);
#13455=LOCAL_TIME(0,0,0.,#13509);
#13456=LOCAL_TIME(0,0,0.,#13510);
#13457=LOCAL_TIME(0,0,0.,#13511);
#13458=LOCAL_TIME(0,0,0.,#13512);
#13459=LOCAL_TIME(0,0,0.,#13513);
#13460=LOCAL_TIME(0,0,0.,#13514);
#13461=LOCAL_TIME(0,0,0.,#13515);
#13462=LOCAL_TIME(0,0,0.,#13516);
#13463=LOCAL_TIME(0,0,0.,#13517);
#13464=LOCAL_TIME(0,0,0.,#13518);
#13465=LOCAL_TIME(0,0,0.,#13519);
#13466=LOCAL_TIME(0,0,0.,#13520);
#13467=LOCAL_TIME(0,0,0.,#13521);
#13468=LOCAL_TIME(0,0,0.,#13522);
#13469=LOCAL_TIME(0,0,0.,#13523);
#13470=LOCAL_TIME(0,0,0.,#13524);
#13471=LOCAL_TIME(0,0,0.,#13525);
#13472=LOCAL_TIME(0,0,0.,#13526);
#13473=LOCAL_TIME(0,0,0.,#13527);
#13474=LOCAL_TIME(0,0,0.,#13528);
#13475=LOCAL_TIME(0,0,0.,#13529);
#13476=COORDINATED_UNIVERSAL_TIME_OFFSET(0,0,.BEHIND.);
#13477=COORDINATED_UNIVERSAL_TIME_OFFSET(0,0,.BEHIND.);
#13478=COORDINATED_UNIVERSAL_TIME_OFFSET(0,0,.BEHIND.);
#13479=COORDINATED_UNIVERSAL_TIME_OFFSET(0,0,.BEHIND.);
#13480=COORDINATED_UNIVERSAL_TIME_OFFSET(0,0,.BEHIND.);
#13481=COORDINATED_UNIVERSAL_TIME_OFFSET(0,0,.BEHIND.);
#13482=COORDINATED_UNIVERSAL_TIME_OFFSET(0,0,.BEHIND.);
#13483=COORDINATED_UNIVERSAL_TIME_OFFSET(0,0,.BEHIND.);
#13484=COORDINATED_UNIVERSAL_TIME_OFFSET(0,0,.BEHIND.);
#13485=COORDINATED_UNIVERSAL_TIME_OFFSET(0,0,.BEHIND.);
#13486=COORDINATED_UNIVERSAL_TIME_OFFSET(0,0,.BEHIND.);
#13487=COORDINATED_UNIVERSAL_TIME_OFFSET(0,0,.BEHIND.);
#13488=COORDINATED_UNIVERSAL_TIME_OFFSET(0,0,.BEHIND.);
#13489=COORDINATED_UNIVERSAL_TIME_OFFSET(0,0,.BEHIND.);
#13490=COORDINATED_UNIVERSAL_TIME_OFFSET(0,0,.BEHIND.);
#13491=COORDINATED_UNIVERSAL_TIME_OFFSET(0,0,.BEHIND.);
#13492=COORDINATED_UNIVERSAL_TIME_OFFSET(0,0,.BEHIND.);
#13493=COORDINATED_UNIVERSAL_TIME_OFFSET(0,0,.BEHIND.);
#13494=COORDINATED_UNIVERSAL_TIME_OFFSET(0,0,.BEHIND.);
#13495=COORDINATED_UNIVERSAL_TIME_OFFSET(0,0,.BEHIND.);
#13496=COORDINATED_UNIVERSAL_TIME_OFFSET(0,0,.BEHIND.);
#13497=COORDINATED_UNIVERSAL_TIME_OFFSET(0,0,.BEHIND.);
#13498=COORDINATED_UNIVERSAL_TIME_OFFSET(0,0,.BEHIND.);
#13499=COORDINATED_UNIVERSAL_TIME_OFFSET(0,0,.BEHIND.);
#13500=COORDINATED_UNIVERSAL_TIME_OFFSET(0,0,.BEHIND.);
#13501=COORDINATED_UNIVERSAL_TIME_OFFSET(0,0,.BEHIND.);
#13502=COORDINATED_UNIVERSAL_TIME_OFFSET(0,0,.BEHIND.);
#13503=COORDINATED_UNIVERSAL_TIME_OFFSET(0,0,.BEHIND.);
#13504=COORDINATED_UNIVERSAL_TIME_OFFSET(0,0,.BEHIND.);
#13505=COORDINATED_UNIVERSAL_TIME_OFFSET(0,0,.BEHIND.);
#13506=COORDINATED_UNIVERSAL_TIME_OFFSET(0,0,.BEHIND.);
#13507=COORDINATED_UNIVERSAL_TIME_OFFSET(0,0,.BEHIND.);
#13508=COORDINATED_UNIVERSAL_TIME_OFFSET(0,0,.BEHIND.);
#13509=COORDINATED_UNIVERSAL_TIME_OFFSET(0,0,.BEHIND.);
#13510=COORDINATED_UNIVERSAL_TIME_OFFSET(0,0,.BEHIND.);
#13511=COORDINATED_UNIVERSAL_TIME_OFFSET(0,0,.BEHIND.);
#13512=COORDINATED_UNIVERSAL_TIME_OFFSET(0,0,.BEHIND.);
#13513=COORDINATED_UNIVERSAL_TIME_OFFSET(0,0,.BEHIND.);
#13514=COORDINATED_UNIVERSAL_TIME_OFFSET(0,0,.BEHIND.);
#13515=COORDINATED_UNIVERSAL_TIME_OFFSET(0,0,.BEHIND.);
#13516=COORDINATED_UNIVERSAL_TIME_OFFSET(0,0,.BEHIND.);
#13517=COORDINATED_UNIVERSAL_TIME_OFFSET(0,0,.BEHIND.);
#13518=COORDINATED_UNIVERSAL_TIME_OFFSET(0,0,.BEHIND.);
#13519=COORDINATED_UNIVERSAL_TIME_OFFSET(0,0,.BEHIND.);
#13520=COORDINATED_UNIVERSAL_TIME_OFFSET(0,0,.BEHIND.);
#13521=COORDINATED_UNIVERSAL_TIME_OFFSET(0,0,.BEHIND.);
#13522=COORDINATED_UNIVERSAL_TIME_OFFSET(0,0,.BEHIND.);
#13523=COORDINATED_UNIVERSAL_TIME_OFFSET(0,0,.BEHIND.);
#13524=COORDINATED_UNIVERSAL_TIME_OFFSET(0,0,.BEHIND.);
#13525=COORDINATED_UNIVERSAL_TIME_OFFSET(0,0,.BEHIND.);
#13526=COORDINATED_UNIVERSAL_TIME_OFFSET(0,0,.BEHIND.);
#13527=COORDINATED_UNIVERSAL_TIME_OFFSET(0,0,.BEHIND.);
#13528=COORDINATED_UNIVERSAL_TIME_OFFSET(0,0,.BEHIND.);
#13529=COORDINATED_UNIVERSAL_TIME_OFFSET(0,0,.BEHIND.);
#13530=AXIS2_PLACEMENT_3D('',#18450,#14772,#14773);
#13531=AXIS2_PLACEMENT_3D('',#18451,#14774,#14775);
#13532=AXIS2_PLACEMENT_3D('',#18452,#14776,#14777);
#13533=AXIS2_PLACEMENT_3D('',#18454,#14778,#14779);
#13534=AXIS2_PLACEMENT_3D('',#18457,#14781,#14782);
#13535=AXIS2_PLACEMENT_3D('',#18458,#14783,#14784);
#13536=AXIS2_PLACEMENT_3D('',#18460,#14785,#14786);
#13537=AXIS2_PLACEMENT_3D('',#18463,#14788,#14789);
#13538=AXIS2_PLACEMENT_3D('',#18464,#14790,#14791);
#13539=AXIS2_PLACEMENT_3D('',#18466,#14792,#14793);
#13540=AXIS2_PLACEMENT_3D('',#18469,#14795,#14796);
#13541=AXIS2_PLACEMENT_3D('',#18470,#14797,#14798);
#13542=AXIS2_PLACEMENT_3D('',#18472,#14799,#14800);
#13543=AXIS2_PLACEMENT_3D('',#18475,#14802,#14803);
#13544=AXIS2_PLACEMENT_3D('',#18476,#14804,#14805);
#13545=AXIS2_PLACEMENT_3D('',#18478,#14806,#14807);
#13546=AXIS2_PLACEMENT_3D('',#18481,#14809,#14810);
#13547=AXIS2_PLACEMENT_3D('',#18482,#14811,#14812);
#13548=AXIS2_PLACEMENT_3D('',#18484,#14813,#14814);
#13549=AXIS2_PLACEMENT_3D('',#18487,#14816,#14817);
#13550=AXIS2_PLACEMENT_3D('',#18488,#14818,#14819);
#13551=AXIS2_PLACEMENT_3D('',#18490,#14820,#14821);
#13552=AXIS2_PLACEMENT_3D('',#18493,#14823,#14824);
#13553=AXIS2_PLACEMENT_3D('',#18494,#14825,#14826);
#13554=AXIS2_PLACEMENT_3D('',#18496,#14827,#14828);
#13555=AXIS2_PLACEMENT_3D('',#18499,#14830,#14831);
#13556=AXIS2_PLACEMENT_3D('',#18500,#14832,#14833);
#13557=AXIS2_PLACEMENT_3D('',#18501,#14834,#14835);
#13558=AXIS2_PLACEMENT_3D('',#18502,#14836,#14837);
#13559=AXIS2_PLACEMENT_3D('',#18503,#14838,#14839);
#13560=AXIS2_PLACEMENT_3D('',#18512,#14844,#14845);
#13561=AXIS2_PLACEMENT_3D('',#18514,#14846,#14847);
#13562=AXIS2_PLACEMENT_3D('',#18518,#14850,#14851);
#13563=AXIS2_PLACEMENT_3D('',#18522,#14854,#14855);
#13564=AXIS2_PLACEMENT_3D('',#18526,#14858,#14859);
#13565=AXIS2_PLACEMENT_3D('',#18528,#14860,#14861);
#13566=AXIS2_PLACEMENT_3D('',#18531,#14863,#14864);
#13567=AXIS2_PLACEMENT_3D('',#18532,#14865,#14866);
#13568=AXIS2_PLACEMENT_3D('',#18533,#14867,#14868);
#13569=AXIS2_PLACEMENT_3D('',#18535,#14869,#14870);
#13570=AXIS2_PLACEMENT_3D('',#18538,#14872,#14873);
#13571=AXIS2_PLACEMENT_3D('',#18539,#14874,#14875);
#13572=AXIS2_PLACEMENT_3D('',#18541,#14876,#14877);
#13573=AXIS2_PLACEMENT_3D('',#18544,#14879,#14880);
#13574=AXIS2_PLACEMENT_3D('',#18545,#14881,#14882);
#13575=AXIS2_PLACEMENT_3D('',#18547,#14883,#14884);
#13576=AXIS2_PLACEMENT_3D('',#18550,#14886,#14887);
#13577=AXIS2_PLACEMENT_3D('',#18551,#14888,#14889);
#13578=AXIS2_PLACEMENT_3D('',#18553,#14890,#14891);
#13579=AXIS2_PLACEMENT_3D('',#18556,#14893,#14894);
#13580=AXIS2_PLACEMENT_3D('',#18557,#14895,#14896);
#13581=AXIS2_PLACEMENT_3D('',#18559,#14897,#14898);
#13582=AXIS2_PLACEMENT_3D('',#18562,#14900,#14901);
#13583=AXIS2_PLACEMENT_3D('',#18563,#14902,#14903);
#13584=AXIS2_PLACEMENT_3D('',#18565,#14904,#14905);
#13585=AXIS2_PLACEMENT_3D('',#18568,#14907,#14908);
#13586=AXIS2_PLACEMENT_3D('',#18569,#14909,#14910);
#13587=AXIS2_PLACEMENT_3D('',#18571,#14911,#14912);
#13588=AXIS2_PLACEMENT_3D('',#18574,#14914,#14915);
#13589=AXIS2_PLACEMENT_3D('',#18575,#14916,#14917);
#13590=AXIS2_PLACEMENT_3D('',#18577,#14918,#14919);
#13591=AXIS2_PLACEMENT_3D('',#18580,#14921,#14922);
#13592=AXIS2_PLACEMENT_3D('',#18581,#14923,#14924);
#13593=AXIS2_PLACEMENT_3D('',#18583,#14925,#14926);
#13594=AXIS2_PLACEMENT_3D('',#18585,#14927,#14928);
#13595=AXIS2_PLACEMENT_3D('',#18586,#14929,#14930);
#13596=AXIS2_PLACEMENT_3D('',#18588,#14931,#14932);
#13597=AXIS2_PLACEMENT_3D('',#18590,#14934,#14935);
#13598=AXIS2_PLACEMENT_3D('',#18592,#14936,#14937);
#13599=AXIS2_PLACEMENT_3D('',#18594,#14938,#14939);
#13600=AXIS2_PLACEMENT_3D('',#18595,#14940,#14941);
#13601=AXIS2_PLACEMENT_3D('',#18597,#14942,#14943);
#13602=AXIS2_PLACEMENT_3D('',#18599,#14944,#14945);
#13603=AXIS2_PLACEMENT_3D('',#18600,#14946,#14947);
#13604=AXIS2_PLACEMENT_3D('',#18602,#14949,#14950);
#13605=AXIS2_PLACEMENT_3D('',#18604,#14952,#14953);
#13606=AXIS2_PLACEMENT_3D('',#18607,#14955,#14956);
#13607=AXIS2_PLACEMENT_3D('',#18608,#14957,#14958);
#13608=AXIS2_PLACEMENT_3D('',#18609,#14959,#14960);
#13609=AXIS2_PLACEMENT_3D('',#18610,#14961,#14962);
#13610=AXIS2_PLACEMENT_3D('',#18611,#14963,#14964);
#13611=AXIS2_PLACEMENT_3D('',#18613,#14965,#14966);
#13612=AXIS2_PLACEMENT_3D('',#18616,#14968,#14969);
#13613=AXIS2_PLACEMENT_3D('',#18617,#14970,#14971);
#13614=AXIS2_PLACEMENT_3D('',#18619,#14972,#14973);
#13615=AXIS2_PLACEMENT_3D('',#18622,#14975,#14976);
#13616=AXIS2_PLACEMENT_3D('',#18623,#14977,#14978);
#13617=AXIS2_PLACEMENT_3D('',#18625,#14979,#14980);
#13618=AXIS2_PLACEMENT_3D('',#18628,#14982,#14983);
#13619=AXIS2_PLACEMENT_3D('',#18629,#14984,#14985);
#13620=AXIS2_PLACEMENT_3D('',#18631,#14986,#14987);
#13621=AXIS2_PLACEMENT_3D('',#18634,#14989,#14990);
#13622=AXIS2_PLACEMENT_3D('',#18635,#14991,#14992);
#13623=AXIS2_PLACEMENT_3D('',#18637,#14993,#14994);
#13624=AXIS2_PLACEMENT_3D('',#18640,#14996,#14997);
#13625=AXIS2_PLACEMENT_3D('',#18641,#14998,#14999);
#13626=AXIS2_PLACEMENT_3D('',#18643,#15000,#15001);
#13627=AXIS2_PLACEMENT_3D('',#18646,#15003,#15004);
#13628=AXIS2_PLACEMENT_3D('',#18647,#15005,#15006);
#13629=AXIS2_PLACEMENT_3D('',#18649,#15007,#15008);
#13630=AXIS2_PLACEMENT_3D('',#18652,#15010,#15011);
#13631=AXIS2_PLACEMENT_3D('',#18653,#15012,#15013);
#13632=AXIS2_PLACEMENT_3D('',#18655,#15014,#15015);
#13633=AXIS2_PLACEMENT_3D('',#18658,#15017,#15018);
#13634=AXIS2_PLACEMENT_3D('',#18659,#15019,#15020);
#13635=AXIS2_PLACEMENT_3D('',#18661,#15021,#15022);
#13636=AXIS2_PLACEMENT_3D('',#18664,#15024,#15025);
#13637=AXIS2_PLACEMENT_3D('',#18665,#15026,#15027);
#13638=AXIS2_PLACEMENT_3D('',#18667,#15028,#15029);
#13639=AXIS2_PLACEMENT_3D('',#18670,#15031,#15032);
#13640=AXIS2_PLACEMENT_3D('',#18671,#15033,#15034);
#13641=AXIS2_PLACEMENT_3D('',#18673,#15035,#15036);
#13642=AXIS2_PLACEMENT_3D('',#18676,#15038,#15039);
#13643=AXIS2_PLACEMENT_3D('',#18677,#15040,#15041);
#13644=AXIS2_PLACEMENT_3D('',#18682,#15043,#15044);
#13645=AXIS2_PLACEMENT_3D('',#18685,#15046,#15047);
#13646=AXIS2_PLACEMENT_3D('',#18686,#15048,#15049);
#13647=AXIS2_PLACEMENT_3D('',#18691,#15051,#15052);
#13648=AXIS2_PLACEMENT_3D('',#18694,#15054,#15055);
#13649=AXIS2_PLACEMENT_3D('',#18695,#15056,#15057);
#13650=AXIS2_PLACEMENT_3D('',#18700,#15059,#15060);
#13651=AXIS2_PLACEMENT_3D('',#18703,#15062,#15063);
#13652=AXIS2_PLACEMENT_3D('',#18704,#15064,#15065);
#13653=AXIS2_PLACEMENT_3D('',#18709,#15067,#15068);
#13654=AXIS2_PLACEMENT_3D('',#18712,#15070,#15071);
#13655=AXIS2_PLACEMENT_3D('',#18713,#15072,#15073);
#13656=AXIS2_PLACEMENT_3D('',#18719,#15077,#15078);
#13657=AXIS2_PLACEMENT_3D('',#18725,#15082,#15083);
#13658=AXIS2_PLACEMENT_3D('',#18731,#15087,#15088);
#13659=AXIS2_PLACEMENT_3D('',#18737,#15092,#15093);
#13660=AXIS2_PLACEMENT_3D('',#18746,#15098,#15099);
#13661=AXIS2_PLACEMENT_3D('',#18755,#15104,#15105);
#13662=AXIS2_PLACEMENT_3D('',#18761,#15109,#15110);
#13663=AXIS2_PLACEMENT_3D('',#18767,#15114,#15115);
#13664=AXIS2_PLACEMENT_3D('',#18776,#15120,#15121);
#13665=AXIS2_PLACEMENT_3D('',#18782,#15125,#15126);
#13666=AXIS2_PLACEMENT_3D('',#18788,#15130,#15131);
#13667=AXIS2_PLACEMENT_3D('',#18791,#15134,#15135);
#13668=AXIS2_PLACEMENT_3D('',#18797,#15139,#15140);
#13669=AXIS2_PLACEMENT_3D('',#18798,#15141,#15142);
#13670=AXIS2_PLACEMENT_3D('',#18799,#15143,#15144);
#13671=AXIS2_PLACEMENT_3D('',#18800,#15145,#15146);
#13672=AXIS2_PLACEMENT_3D('',#18801,#15147,#15148);
#13673=AXIS2_PLACEMENT_3D('',#18802,#15149,#15150);
#13674=AXIS2_PLACEMENT_3D('',#18803,#15151,#15152);
#13675=AXIS2_PLACEMENT_3D('',#18805,#15153,#15154);
#13676=AXIS2_PLACEMENT_3D('',#18808,#15156,#15157);
#13677=AXIS2_PLACEMENT_3D('',#18809,#15158,#15159);
#13678=AXIS2_PLACEMENT_3D('',#18816,#15163,#15164);
#13679=AXIS2_PLACEMENT_3D('',#18818,#15165,#15166);
#13680=AXIS2_PLACEMENT_3D('',#18825,#15170,#15171);
#13681=AXIS2_PLACEMENT_3D('',#18826,#15172,#15173);
#13682=AXIS2_PLACEMENT_3D('',#18829,#15175,#15176);
#13683=AXIS2_PLACEMENT_3D('',#18830,#15177,#15178);
#13684=AXIS2_PLACEMENT_3D('',#18831,#15179,#15180);
#13685=AXIS2_PLACEMENT_3D('',#18832,#15181,#15182);
#13686=AXIS2_PLACEMENT_3D('',#18835,#15184,#15185);
#13687=AXIS2_PLACEMENT_3D('',#18836,#15186,#15187);
#13688=AXIS2_PLACEMENT_3D('',#18838,#15188,#15189);
#13689=AXIS2_PLACEMENT_3D('',#18840,#15191,#15192);
#13690=AXIS2_PLACEMENT_3D('',#18846,#15196,#15197);
#13691=AXIS2_PLACEMENT_3D('',#18852,#15201,#15202);
#13692=AXIS2_PLACEMENT_3D('',#18854,#15204,#15205);
#13693=AXIS2_PLACEMENT_3D('',#18858,#15208,#15209);
#13694=AXIS2_PLACEMENT_3D('',#18860,#15211,#15212);
#13695=AXIS2_PLACEMENT_3D('',#18862,#15214,#15215);
#13696=AXIS2_PLACEMENT_3D('',#18866,#15218,#15219);
#13697=AXIS2_PLACEMENT_3D('',#18867,#15220,#15221);
#13698=AXIS2_PLACEMENT_3D('',#18868,#15222,#15223);
#13699=AXIS2_PLACEMENT_3D('',#18869,#15224,#15225);
#13700=AXIS2_PLACEMENT_3D('',#18870,#15226,#15227);
#13701=AXIS2_PLACEMENT_3D('',#18871,#15228,#15229);
#13702=AXIS2_PLACEMENT_3D('',#18872,#15230,#15231);
#13703=AXIS2_PLACEMENT_3D('',#18874,#15232,#15233);
#13704=AXIS2_PLACEMENT_3D('',#18877,#15235,#15236);
#13705=AXIS2_PLACEMENT_3D('',#18878,#15237,#15238);
#13706=AXIS2_PLACEMENT_3D('',#18879,#15239,#15240);
#13707=AXIS2_PLACEMENT_3D('',#18888,#15245,#15246);
#13708=AXIS2_PLACEMENT_3D('',#18890,#15247,#15248);
#13709=AXIS2_PLACEMENT_3D('',#18894,#15251,#15252);
#13710=AXIS2_PLACEMENT_3D('',#18900,#15256,#15257);
#13711=AXIS2_PLACEMENT_3D('',#18902,#15259,#15260);
#13712=AXIS2_PLACEMENT_3D('',#18903,#15261,#15262);
#13713=AXIS2_PLACEMENT_3D('',#18904,#15263,#15264);
#13714=AXIS2_PLACEMENT_3D('',#18906,#15265,#15266);
#13715=AXIS2_PLACEMENT_3D('',#18909,#15268,#15269);
#13716=AXIS2_PLACEMENT_3D('',#18910,#15270,#15271);
#13717=AXIS2_PLACEMENT_3D('',#18912,#15272,#15273);
#13718=AXIS2_PLACEMENT_3D('',#18913,#15274,#15275);
#13719=AXIS2_PLACEMENT_3D('',#18915,#15276,#15277);
#13720=AXIS2_PLACEMENT_3D('',#18916,#15278,#15279);
#13721=AXIS2_PLACEMENT_3D('',#18918,#15280,#15281);
#13722=AXIS2_PLACEMENT_3D('',#18920,#15283,#15284);
#13723=AXIS2_PLACEMENT_3D('',#18922,#15285,#15286);
#13724=AXIS2_PLACEMENT_3D('',#18924,#15287,#15288);
#13725=AXIS2_PLACEMENT_3D('',#18925,#15289,#15290);
#13726=AXIS2_PLACEMENT_3D('',#18927,#15291,#15292);
#13727=AXIS2_PLACEMENT_3D('',#18929,#15293,#15294);
#13728=AXIS2_PLACEMENT_3D('',#18930,#15295,#15296);
#13729=AXIS2_PLACEMENT_3D('',#18932,#15298,#15299);
#13730=AXIS2_PLACEMENT_3D('',#18934,#15301,#15302);
#13731=AXIS2_PLACEMENT_3D('',#18937,#15304,#15305);
#13732=AXIS2_PLACEMENT_3D('',#18938,#15306,#15307);
#13733=AXIS2_PLACEMENT_3D('',#18939,#15308,#15309);
#13734=AXIS2_PLACEMENT_3D('',#18940,#15310,#15311);
#13735=AXIS2_PLACEMENT_3D('',#18941,#15312,#15313);
#13736=AXIS2_PLACEMENT_3D('',#18943,#15314,#15315);
#13737=AXIS2_PLACEMENT_3D('',#18946,#15317,#15318);
#13738=AXIS2_PLACEMENT_3D('',#18947,#15319,#15320);
#13739=AXIS2_PLACEMENT_3D('',#18949,#15321,#15322);
#13740=AXIS2_PLACEMENT_3D('',#18952,#15324,#15325);
#13741=AXIS2_PLACEMENT_3D('',#18953,#15326,#15327);
#13742=AXIS2_PLACEMENT_3D('',#18955,#15328,#15329);
#13743=AXIS2_PLACEMENT_3D('',#18958,#15331,#15332);
#13744=AXIS2_PLACEMENT_3D('',#18959,#15333,#15334);
#13745=AXIS2_PLACEMENT_3D('',#18961,#15335,#15336);
#13746=AXIS2_PLACEMENT_3D('',#18964,#15338,#15339);
#13747=AXIS2_PLACEMENT_3D('',#18965,#15340,#15341);
#13748=AXIS2_PLACEMENT_3D('',#18967,#15342,#15343);
#13749=AXIS2_PLACEMENT_3D('',#18970,#15345,#15346);
#13750=AXIS2_PLACEMENT_3D('',#18971,#15347,#15348);
#13751=AXIS2_PLACEMENT_3D('',#18973,#15349,#15350);
#13752=AXIS2_PLACEMENT_3D('',#18974,#15351,#15352);
#13753=AXIS2_PLACEMENT_3D('',#18976,#15353,#15354);
#13754=AXIS2_PLACEMENT_3D('',#18979,#15356,#15357);
#13755=AXIS2_PLACEMENT_3D('',#18980,#15358,#15359);
#13756=AXIS2_PLACEMENT_3D('',#18982,#15360,#15361);
#13757=AXIS2_PLACEMENT_3D('',#18983,#15362,#15363);
#13758=AXIS2_PLACEMENT_3D('',#18985,#15365,#15366);
#13759=AXIS2_PLACEMENT_3D('',#18994,#15371,#15372);
#13760=AXIS2_PLACEMENT_3D('',#19000,#15376,#15377);
#13761=AXIS2_PLACEMENT_3D('',#19006,#15381,#15382);
#13762=AXIS2_PLACEMENT_3D('',#19009,#15385,#15386);
#13763=AXIS2_PLACEMENT_3D('',#19010,#15387,#15388);
#13764=AXIS2_PLACEMENT_3D('',#19011,#15389,#15390);
#13765=AXIS2_PLACEMENT_3D('',#19012,#15391,#15392);
#13766=AXIS2_PLACEMENT_3D('',#19014,#15393,#15394);
#13767=AXIS2_PLACEMENT_3D('',#19017,#15396,#15397);
#13768=AXIS2_PLACEMENT_3D('',#19018,#15398,#15399);
#13769=AXIS2_PLACEMENT_3D('',#19020,#15400,#15401);
#13770=AXIS2_PLACEMENT_3D('',#19023,#15403,#15404);
#13771=AXIS2_PLACEMENT_3D('',#19024,#15405,#15406);
#13772=AXIS2_PLACEMENT_3D('',#19026,#15407,#15408);
#13773=AXIS2_PLACEMENT_3D('',#19029,#15410,#15411);
#13774=AXIS2_PLACEMENT_3D('',#19030,#15412,#15413);
#13775=AXIS2_PLACEMENT_3D('',#19032,#15414,#15415);
#13776=AXIS2_PLACEMENT_3D('',#19035,#15417,#15418);
#13777=AXIS2_PLACEMENT_3D('',#19036,#15419,#15420);
#13778=AXIS2_PLACEMENT_3D('',#19038,#15421,#15422);
#13779=AXIS2_PLACEMENT_3D('',#19041,#15424,#15425);
#13780=AXIS2_PLACEMENT_3D('',#19042,#15426,#15427);
#13781=AXIS2_PLACEMENT_3D('',#19044,#15428,#15429);
#13782=AXIS2_PLACEMENT_3D('',#19047,#15431,#15432);
#13783=AXIS2_PLACEMENT_3D('',#19048,#15433,#15434);
#13784=AXIS2_PLACEMENT_3D('',#19050,#15435,#15436);
#13785=AXIS2_PLACEMENT_3D('',#19053,#15438,#15439);
#13786=AXIS2_PLACEMENT_3D('',#19054,#15440,#15441);
#13787=AXIS2_PLACEMENT_3D('',#19056,#15442,#15443);
#13788=AXIS2_PLACEMENT_3D('',#19059,#15445,#15446);
#13789=AXIS2_PLACEMENT_3D('',#19060,#15447,#15448);
#13790=AXIS2_PLACEMENT_3D('',#19062,#15449,#15450);
#13791=AXIS2_PLACEMENT_3D('',#19065,#15452,#15453);
#13792=AXIS2_PLACEMENT_3D('',#19066,#15454,#15455);
#13793=AXIS2_PLACEMENT_3D('',#19068,#15456,#15457);
#13794=AXIS2_PLACEMENT_3D('',#19071,#15459,#15460);
#13795=AXIS2_PLACEMENT_3D('',#19072,#15461,#15462);
#13796=AXIS2_PLACEMENT_3D('',#19074,#15463,#15464);
#13797=AXIS2_PLACEMENT_3D('',#19077,#15466,#15467);
#13798=AXIS2_PLACEMENT_3D('',#19078,#15468,#15469);
#13799=AXIS2_PLACEMENT_3D('',#19087,#15474,#15475);
#13800=AXIS2_PLACEMENT_3D('',#19093,#15479,#15480);
#13801=AXIS2_PLACEMENT_3D('',#19099,#15484,#15485);
#13802=AXIS2_PLACEMENT_3D('',#19102,#15488,#15489);
#13803=AXIS2_PLACEMENT_3D('',#19103,#15490,#15491);
#13804=AXIS2_PLACEMENT_3D('',#19104,#15492,#15493);
#13805=AXIS2_PLACEMENT_3D('',#19105,#15494,#15495);
#13806=AXIS2_PLACEMENT_3D('',#19110,#15497,#15498);
#13807=AXIS2_PLACEMENT_3D('',#19113,#15500,#15501);
#13808=AXIS2_PLACEMENT_3D('',#19114,#15502,#15503);
#13809=AXIS2_PLACEMENT_3D('',#19116,#15504,#15505);
#13810=AXIS2_PLACEMENT_3D('',#19119,#15507,#15508);
#13811=AXIS2_PLACEMENT_3D('',#19120,#15509,#15510);
#13812=AXIS2_PLACEMENT_3D('',#19122,#15511,#15512);
#13813=AXIS2_PLACEMENT_3D('',#19125,#15514,#15515);
#13814=AXIS2_PLACEMENT_3D('',#19126,#15516,#15517);
#13815=AXIS2_PLACEMENT_3D('',#19129,#15518,#15519);
#13816=AXIS2_PLACEMENT_3D('',#19137,#15523,#15524);
#13817=AXIS2_PLACEMENT_3D('',#19145,#15528,#15529);
#13818=AXIS2_PLACEMENT_3D('',#19153,#15533,#15534);
#13819=AXIS2_PLACEMENT_3D('',#19160,#15538,#15539);
#13820=AXIS2_PLACEMENT_3D('',#19162,#15540,#15541);
#13821=AXIS2_PLACEMENT_3D('',#19164,#15542,#15543);
#13822=AXIS2_PLACEMENT_3D('',#19166,#15544,#15545);
#13823=AXIS2_PLACEMENT_3D('',#19167,#15546,#15547);
#13824=AXIS2_PLACEMENT_3D('',#19172,#15549,#15550);
#13825=AXIS2_PLACEMENT_3D('',#19175,#15552,#15553);
#13826=AXIS2_PLACEMENT_3D('',#19180,#15555,#15556);
#13827=AXIS2_PLACEMENT_3D('',#19183,#15558,#15559);
#13828=AXIS2_PLACEMENT_3D('',#19186,#15560,#15561);
#13829=AXIS2_PLACEMENT_3D('',#19190,#15563,#15564);
#13830=AXIS2_PLACEMENT_3D('',#19194,#15566,#15567);
#13831=AXIS2_PLACEMENT_3D('',#19198,#15569,#15570);
#13832=AXIS2_PLACEMENT_3D('',#19200,#15572,#15573);
#13833=AXIS2_PLACEMENT_3D('',#19202,#15574,#15575);
#13834=AXIS2_PLACEMENT_3D('',#19204,#15577,#15578);
#13835=AXIS2_PLACEMENT_3D('',#19206,#15579,#15580);
#13836=AXIS2_PLACEMENT_3D('',#19208,#15582,#15583);
#13837=AXIS2_PLACEMENT_3D('',#19211,#15585,#15586);
#13838=AXIS2_PLACEMENT_3D('',#19212,#15587,#15588);
#13839=AXIS2_PLACEMENT_3D('',#19214,#15589,#15590);
#13840=AXIS2_PLACEMENT_3D('',#19216,#15592,#15593);
#13841=AXIS2_PLACEMENT_3D('',#19223,#15596,#15597);
#13842=AXIS2_PLACEMENT_3D('',#19231,#15601,#15602);
#13843=AXIS2_PLACEMENT_3D('',#19239,#15606,#15607);
#13844=AXIS2_PLACEMENT_3D('',#19247,#15611,#15612);
#13845=AXIS2_PLACEMENT_3D('',#19249,#15614,#15615);
#13846=AXIS2_PLACEMENT_3D('',#19254,#15617,#15618);
#13847=AXIS2_PLACEMENT_3D('',#19257,#15620,#15621);
#13848=AXIS2_PLACEMENT_3D('',#19262,#15623,#15624);
#13849=AXIS2_PLACEMENT_3D('',#19265,#15626,#15627);
#13850=AXIS2_PLACEMENT_3D('',#19268,#15628,#15629);
#13851=AXIS2_PLACEMENT_3D('',#19272,#15631,#15632);
#13852=AXIS2_PLACEMENT_3D('',#19276,#15634,#15635);
#13853=AXIS2_PLACEMENT_3D('',#19280,#15637,#15638);
#13854=AXIS2_PLACEMENT_3D('',#19282,#15640,#15641);
#13855=AXIS2_PLACEMENT_3D('',#19283,#15642,#15643);
#13856=AXIS2_PLACEMENT_3D('',#19286,#15646,#15647);
#13857=AXIS2_PLACEMENT_3D('',#19289,#15650,#15651);
#13858=AXIS2_PLACEMENT_3D('',#19292,#15654,#15655);
#13859=AXIS2_PLACEMENT_3D('',#19295,#15658,#15659);
#13860=AXIS2_PLACEMENT_3D('',#19297,#15661,#15662);
#13861=AXIS2_PLACEMENT_3D('',#19299,#15664,#15665);
#13862=AXIS2_PLACEMENT_3D('',#19301,#15667,#15668);
#13863=AXIS2_PLACEMENT_3D('',#19303,#15670,#15671);
#13864=AXIS2_PLACEMENT_3D('',#19306,#15674,#15675);
#13865=AXIS2_PLACEMENT_3D('',#19309,#15678,#15679);
#13866=AXIS2_PLACEMENT_3D('',#19311,#15681,#15682);
#13867=AXIS2_PLACEMENT_3D('',#19313,#15684,#15685);
#13868=AXIS2_PLACEMENT_3D('',#19316,#15688,#15689);
#13869=AXIS2_PLACEMENT_3D('',#19318,#15691,#15692);
#13870=AXIS2_PLACEMENT_3D('',#19320,#15694,#15695);
#13871=AXIS2_PLACEMENT_3D('',#19321,#15696,#15697);
#13872=AXIS2_PLACEMENT_3D('',#19323,#15699,#15700);
#13873=AXIS2_PLACEMENT_3D('',#19324,#15701,#15702);
#13874=AXIS2_PLACEMENT_3D('',#19325,#15703,#15704);
#13875=AXIS2_PLACEMENT_3D('',#19327,#15706,#15707);
#13876=AXIS2_PLACEMENT_3D('',#19328,#15708,#15709);
#13877=AXIS2_PLACEMENT_3D('',#19330,#15711,#15712);
#13878=AXIS2_PLACEMENT_3D('',#19332,#15714,#15715);
#13879=AXIS2_PLACEMENT_3D('',#19335,#15718,#15719);
#13880=AXIS2_PLACEMENT_3D('',#19338,#15722,#15723);
#13881=AXIS2_PLACEMENT_3D('',#19339,#15724,#15725);
#13882=AXIS2_PLACEMENT_3D('',#19341,#15727,#15728);
#13883=AXIS2_PLACEMENT_3D('',#19342,#15729,#15730);
#13884=AXIS2_PLACEMENT_3D('',#19343,#15731,#15732);
#13885=AXIS2_PLACEMENT_3D('',#19345,#15734,#15735);
#13886=AXIS2_PLACEMENT_3D('',#19346,#15736,#15737);
#13887=AXIS2_PLACEMENT_3D('',#19347,#15738,#15739);
#13888=AXIS2_PLACEMENT_3D('',#19348,#15740,#15741);
#13889=AXIS2_PLACEMENT_3D('',#19357,#15746,#15747);
#13890=AXIS2_PLACEMENT_3D('',#19363,#15751,#15752);
#13891=AXIS2_PLACEMENT_3D('',#19369,#15756,#15757);
#13892=AXIS2_PLACEMENT_3D('',#19372,#15760,#15761);
#13893=AXIS2_PLACEMENT_3D('',#19373,#15762,#15763);
#13894=AXIS2_PLACEMENT_3D('',#19374,#15764,#15765);
#13895=AXIS2_PLACEMENT_3D('',#19375,#15766,#15767);
#13896=AXIS2_PLACEMENT_3D('',#19384,#15772,#15773);
#13897=AXIS2_PLACEMENT_3D('',#19390,#15777,#15778);
#13898=AXIS2_PLACEMENT_3D('',#19396,#15782,#15783);
#13899=AXIS2_PLACEMENT_3D('',#19399,#15786,#15787);
#13900=AXIS2_PLACEMENT_3D('',#19400,#15788,#15789);
#13901=AXIS2_PLACEMENT_3D('',#19401,#15790,#15791);
#13902=AXIS2_PLACEMENT_3D('',#19402,#15792,#15793);
#13903=AXIS2_PLACEMENT_3D('',#19404,#15794,#15795);
#13904=AXIS2_PLACEMENT_3D('',#19407,#15797,#15798);
#13905=AXIS2_PLACEMENT_3D('',#19408,#15799,#15800);
#13906=AXIS2_PLACEMENT_3D('',#19409,#15801,#15802);
#13907=AXIS2_PLACEMENT_3D('',#19411,#15803,#15804);
#13908=AXIS2_PLACEMENT_3D('',#19414,#15806,#15807);
#13909=AXIS2_PLACEMENT_3D('',#19415,#15808,#15809);
#13910=AXIS2_PLACEMENT_3D('',#19416,#15810,#15811);
#13911=AXIS2_PLACEMENT_3D('',#19418,#15812,#15813);
#13912=AXIS2_PLACEMENT_3D('',#19421,#15815,#15816);
#13913=AXIS2_PLACEMENT_3D('',#19422,#15817,#15818);
#13914=AXIS2_PLACEMENT_3D('',#19424,#15819,#15820);
#13915=AXIS2_PLACEMENT_3D('',#19427,#15822,#15823);
#13916=AXIS2_PLACEMENT_3D('',#19428,#15824,#15825);
#13917=AXIS2_PLACEMENT_3D('',#19429,#15826,#15827);
#13918=AXIS2_PLACEMENT_3D('',#19431,#15828,#15829);
#13919=AXIS2_PLACEMENT_3D('',#19434,#15831,#15832);
#13920=AXIS2_PLACEMENT_3D('',#19435,#15833,#15834);
#13921=AXIS2_PLACEMENT_3D('',#19437,#15835,#15836);
#13922=AXIS2_PLACEMENT_3D('',#19440,#15838,#15839);
#13923=AXIS2_PLACEMENT_3D('',#19441,#15840,#15841);
#13924=AXIS2_PLACEMENT_3D('',#19442,#15842,#15843);
#13925=AXIS2_PLACEMENT_3D('',#19451,#15848,#15849);
#13926=AXIS2_PLACEMENT_3D('',#19457,#15853,#15854);
#13927=AXIS2_PLACEMENT_3D('',#19463,#15858,#15859);
#13928=AXIS2_PLACEMENT_3D('',#19477,#15867,#15868);
#13929=AXIS2_PLACEMENT_3D('',#19483,#15872,#15873);
#13930=AXIS2_PLACEMENT_3D('',#19487,#15876,#15877);
#13931=AXIS2_PLACEMENT_3D('',#19491,#15880,#15881);
#13932=AXIS2_PLACEMENT_3D('',#19498,#15886,#15887);
#13933=AXIS2_PLACEMENT_3D('',#19499,#15888,#15889);
#13934=AXIS2_PLACEMENT_3D('',#19501,#15891,#15892);
#13935=AXIS2_PLACEMENT_3D('',#19503,#15894,#15895);
#13936=AXIS2_PLACEMENT_3D('',#19504,#15896,#15897);
#13937=AXIS2_PLACEMENT_3D('',#19505,#15898,#15899);
#13938=AXIS2_PLACEMENT_3D('',#19507,#15900,#15901);
#13939=AXIS2_PLACEMENT_3D('',#19510,#15903,#15904);
#13940=AXIS2_PLACEMENT_3D('',#19511,#15905,#15906);
#13941=AXIS2_PLACEMENT_3D('',#19513,#15907,#15908);
#13942=AXIS2_PLACEMENT_3D('',#19516,#15910,#15911);
#13943=AXIS2_PLACEMENT_3D('',#19517,#15912,#15913);
#13944=AXIS2_PLACEMENT_3D('',#19519,#15914,#15915);
#13945=AXIS2_PLACEMENT_3D('',#19522,#15917,#15918);
#13946=AXIS2_PLACEMENT_3D('',#19523,#15919,#15920);
#13947=AXIS2_PLACEMENT_3D('',#19525,#15921,#15922);
#13948=AXIS2_PLACEMENT_3D('',#19528,#15924,#15925);
#13949=AXIS2_PLACEMENT_3D('',#19529,#15926,#15927);
#13950=AXIS2_PLACEMENT_3D('',#19531,#15928,#15929);
#13951=AXIS2_PLACEMENT_3D('',#19534,#15931,#15932);
#13952=AXIS2_PLACEMENT_3D('',#19535,#15933,#15934);
#13953=AXIS2_PLACEMENT_3D('',#19544,#15939,#15940);
#13954=AXIS2_PLACEMENT_3D('',#19550,#15944,#15945);
#13955=AXIS2_PLACEMENT_3D('',#19558,#15950,#15951);
#13956=AXIS2_PLACEMENT_3D('',#19562,#15953,#15954);
#13957=AXIS2_PLACEMENT_3D('',#19565,#15956,#15957);
#13958=AXIS2_PLACEMENT_3D('',#19566,#15958,#15959);
#13959=AXIS2_PLACEMENT_3D('',#19571,#15963,#15964);
#13960=AXIS2_PLACEMENT_3D('',#19572,#15965,#15966);
#13961=AXIS2_PLACEMENT_3D('',#19574,#15967,#15968);
#13962=AXIS2_PLACEMENT_3D('',#19576,#15970,#15971);
#13963=AXIS2_PLACEMENT_3D('',#19577,#15972,#15973);
#13964=AXIS2_PLACEMENT_3D('',#19578,#15974,#15975);
#13965=AXIS2_PLACEMENT_3D('',#19579,#15976,#15977);
#13966=AXIS2_PLACEMENT_3D('',#19580,#15978,#15979);
#13967=AXIS2_PLACEMENT_3D('',#19589,#15984,#15985);
#13968=AXIS2_PLACEMENT_3D('',#19595,#15989,#15990);
#13969=AXIS2_PLACEMENT_3D('',#19601,#15994,#15995);
#13970=AXIS2_PLACEMENT_3D('',#19604,#15998,#15999);
#13971=AXIS2_PLACEMENT_3D('',#19605,#16000,#16001);
#13972=AXIS2_PLACEMENT_3D('',#19606,#16002,#16003);
#13973=AXIS2_PLACEMENT_3D('',#19608,#16004,#16005);
#13974=AXIS2_PLACEMENT_3D('',#19611,#16007,#16008);
#13975=AXIS2_PLACEMENT_3D('',#19612,#16009,#16010);
#13976=AXIS2_PLACEMENT_3D('',#19614,#16011,#16012);
#13977=AXIS2_PLACEMENT_3D('',#19617,#16014,#16015);
#13978=AXIS2_PLACEMENT_3D('',#19618,#16016,#16017);
#13979=AXIS2_PLACEMENT_3D('',#19620,#16018,#16019);
#13980=AXIS2_PLACEMENT_3D('',#19623,#16021,#16022);
#13981=AXIS2_PLACEMENT_3D('',#19624,#16023,#16024);
#13982=AXIS2_PLACEMENT_3D('',#19626,#16025,#16026);
#13983=AXIS2_PLACEMENT_3D('',#19629,#16028,#16029);
#13984=AXIS2_PLACEMENT_3D('',#19630,#16030,#16031);
#13985=AXIS2_PLACEMENT_3D('',#19632,#16032,#16033);
#13986=AXIS2_PLACEMENT_3D('',#19635,#16035,#16036);
#13987=AXIS2_PLACEMENT_3D('',#19636,#16037,#16038);
#13988=AXIS2_PLACEMENT_3D('',#19638,#16039,#16040);
#13989=AXIS2_PLACEMENT_3D('',#19641,#16042,#16043);
#13990=AXIS2_PLACEMENT_3D('',#19642,#16044,#16045);
#13991=AXIS2_PLACEMENT_3D('',#19644,#16046,#16047);
#13992=AXIS2_PLACEMENT_3D('',#19647,#16049,#16050);
#13993=AXIS2_PLACEMENT_3D('',#19648,#16051,#16052);
#13994=AXIS2_PLACEMENT_3D('',#19657,#16057,#16058);
#13995=AXIS2_PLACEMENT_3D('',#19666,#16063,#16064);
#13996=AXIS2_PLACEMENT_3D('',#19675,#16069,#16070);
#13997=AXIS2_PLACEMENT_3D('',#19678,#16073,#16074);
#13998=AXIS2_PLACEMENT_3D('',#19687,#16079,#16080);
#13999=AXIS2_PLACEMENT_3D('',#19690,#16083,#16084);
#14000=AXIS2_PLACEMENT_3D('',#19696,#16088,#16089);
#14001=AXIS2_PLACEMENT_3D('',#19769,#16127,#16128);
#14002=AXIS2_PLACEMENT_3D('',#19773,#16131,#16132);
#14003=AXIS2_PLACEMENT_3D('',#19779,#16136,#16137);
#14004=AXIS2_PLACEMENT_3D('',#19785,#16141,#16142);
#14005=AXIS2_PLACEMENT_3D('',#19791,#16146,#16147);
#14006=AXIS2_PLACEMENT_3D('',#19795,#16150,#16151);
#14007=AXIS2_PLACEMENT_3D('',#19799,#16154,#16155);
#14008=AXIS2_PLACEMENT_3D('',#19801,#16157,#16158);
#14009=AXIS2_PLACEMENT_3D('',#19805,#16161,#16162);
#14010=AXIS2_PLACEMENT_3D('',#19809,#16165,#16166);
#14011=AXIS2_PLACEMENT_3D('',#19813,#16169,#16170);
#14012=AXIS2_PLACEMENT_3D('',#19819,#16174,#16175);
#14013=AXIS2_PLACEMENT_3D('',#19825,#16179,#16180);
#14014=AXIS2_PLACEMENT_3D('',#19831,#16184,#16185);
#14015=AXIS2_PLACEMENT_3D('',#19835,#16188,#16189);
#14016=AXIS2_PLACEMENT_3D('',#19839,#16192,#16193);
#14017=AXIS2_PLACEMENT_3D('',#19841,#16195,#16196);
#14018=AXIS2_PLACEMENT_3D('',#19845,#16199,#16200);
#14019=AXIS2_PLACEMENT_3D('',#19849,#16203,#16204);
#14020=AXIS2_PLACEMENT_3D('',#19853,#16207,#16208);
#14021=AXIS2_PLACEMENT_3D('',#19857,#16211,#16212);
#14022=AXIS2_PLACEMENT_3D('',#19861,#16215,#16216);
#14023=AXIS2_PLACEMENT_3D('',#19867,#16220,#16221);
#14024=AXIS2_PLACEMENT_3D('',#19873,#16225,#16226);
#14025=AXIS2_PLACEMENT_3D('',#19877,#16229,#16230);
#14026=AXIS2_PLACEMENT_3D('',#19881,#16233,#16234);
#14027=AXIS2_PLACEMENT_3D('',#19885,#16237,#16238);
#14028=AXIS2_PLACEMENT_3D('',#19887,#16240,#16241);
#14029=AXIS2_PLACEMENT_3D('',#19891,#16244,#16245);
#14030=AXIS2_PLACEMENT_3D('',#19893,#16247,#16248);
#14031=AXIS2_PLACEMENT_3D('',#19895,#16250,#16251);
#14032=AXIS2_PLACEMENT_3D('',#19899,#16254,#16255);
#14033=AXIS2_PLACEMENT_3D('',#19901,#16257,#16258);
#14034=AXIS2_PLACEMENT_3D('',#19903,#16260,#16261);
#14035=AXIS2_PLACEMENT_3D('',#19909,#16266,#16267);
#14036=AXIS2_PLACEMENT_3D('',#19910,#16268,#16269);
#14037=AXIS2_PLACEMENT_3D('',#19912,#16271,#16272);
#14038=AXIS2_PLACEMENT_3D('',#19913,#16273,#16274);
#14039=AXIS2_PLACEMENT_3D('',#19914,#16275,#16276);
#14040=AXIS2_PLACEMENT_3D('',#19915,#16277,#16278);
#14041=AXIS2_PLACEMENT_3D('',#19930,#16286,#16287);
#14042=AXIS2_PLACEMENT_3D('',#19942,#16294,#16295);
#14043=AXIS2_PLACEMENT_3D('',#19948,#16299,#16300);
#14044=AXIS2_PLACEMENT_3D('',#19951,#16303,#16304);
#14045=AXIS2_PLACEMENT_3D('',#19955,#16307,#16308);
#14046=AXIS2_PLACEMENT_3D('',#19956,#16309,#16310);
#14047=AXIS2_PLACEMENT_3D('',#19958,#16311,#16312);
#14048=AXIS2_PLACEMENT_3D('',#19962,#16314,#16315);
#14049=AXIS2_PLACEMENT_3D('',#19966,#16317,#16318);
#14050=AXIS2_PLACEMENT_3D('',#19968,#16319,#16320);
#14051=AXIS2_PLACEMENT_3D('',#19972,#16322,#16323);
#14052=AXIS2_PLACEMENT_3D('',#19976,#16325,#16326);
#14053=AXIS2_PLACEMENT_3D('',#19980,#16328,#16329);
#14054=AXIS2_PLACEMENT_3D('',#19984,#16331,#16332);
#14055=AXIS2_PLACEMENT_3D('',#19988,#16334,#16335);
#14056=AXIS2_PLACEMENT_3D('',#19992,#16337,#16338);
#14057=AXIS2_PLACEMENT_3D('',#19996,#16340,#16341);
#14058=AXIS2_PLACEMENT_3D('',#20000,#16343,#16344);
#14059=AXIS2_PLACEMENT_3D('',#20004,#16346,#16347);
#14060=AXIS2_PLACEMENT_3D('',#20008,#16349,#16350);
#14061=AXIS2_PLACEMENT_3D('',#20010,#16351,#16352);
#14062=AXIS2_PLACEMENT_3D('',#20014,#16354,#16355);
#14063=AXIS2_PLACEMENT_3D('',#20018,#16357,#16358);
#14064=AXIS2_PLACEMENT_3D('',#20022,#16360,#16361);
#14065=AXIS2_PLACEMENT_3D('',#20026,#16363,#16364);
#14066=AXIS2_PLACEMENT_3D('',#20028,#16365,#16366);
#14067=AXIS2_PLACEMENT_3D('',#20032,#16368,#16369);
#14068=AXIS2_PLACEMENT_3D('',#20036,#16371,#16372);
#14069=AXIS2_PLACEMENT_3D('',#20040,#16374,#16375);
#14070=AXIS2_PLACEMENT_3D('',#20043,#16377,#16378);
#14071=AXIS2_PLACEMENT_3D('',#20044,#16379,#16380);
#14072=AXIS2_PLACEMENT_3D('',#20045,#16381,#16382);
#14073=AXIS2_PLACEMENT_3D('',#20047,#16384,#16385);
#14074=AXIS2_PLACEMENT_3D('',#20053,#16389,#16390);
#14075=AXIS2_PLACEMENT_3D('',#20055,#16392,#16393);
#14076=AXIS2_PLACEMENT_3D('',#20059,#16396,#16397);
#14077=AXIS2_PLACEMENT_3D('',#20061,#16399,#16400);
#14078=AXIS2_PLACEMENT_3D('',#20064,#16401,#16402);
#14079=AXIS2_PLACEMENT_3D('',#20068,#16404,#16405);
#14080=AXIS2_PLACEMENT_3D('',#20074,#16408,#16409);
#14081=AXIS2_PLACEMENT_3D('',#20078,#16411,#16412);
#14082=AXIS2_PLACEMENT_3D('',#20082,#16414,#16415);
#14083=AXIS2_PLACEMENT_3D('',#20088,#16418,#16419);
#14084=AXIS2_PLACEMENT_3D('',#20092,#16421,#16422);
#14085=AXIS2_PLACEMENT_3D('',#20096,#16424,#16425);
#14086=AXIS2_PLACEMENT_3D('',#20102,#16428,#16429);
#14087=AXIS2_PLACEMENT_3D('',#20106,#16431,#16432);
#14088=AXIS2_PLACEMENT_3D('',#20110,#16434,#16435);
#14089=AXIS2_PLACEMENT_3D('',#20116,#16438,#16439);
#14090=AXIS2_PLACEMENT_3D('',#20120,#16441,#16442);
#14091=AXIS2_PLACEMENT_3D('',#20124,#16445,#16446);
#14092=AXIS2_PLACEMENT_3D('',#20207,#16491,#16492);
#14093=AXIS2_PLACEMENT_3D('',#20211,#16494,#16495);
#14094=AXIS2_PLACEMENT_3D('',#20215,#16497,#16498);
#14095=AXIS2_PLACEMENT_3D('',#20221,#16501,#16502);
#14096=AXIS2_PLACEMENT_3D('',#20225,#16504,#16505);
#14097=AXIS2_PLACEMENT_3D('',#20229,#16507,#16508);
#14098=AXIS2_PLACEMENT_3D('',#20235,#16511,#16512);
#14099=AXIS2_PLACEMENT_3D('',#20239,#16514,#16515);
#14100=AXIS2_PLACEMENT_3D('',#20243,#16517,#16518);
#14101=AXIS2_PLACEMENT_3D('',#20249,#16521,#16522);
#14102=AXIS2_PLACEMENT_3D('',#20253,#16524,#16525);
#14103=AXIS2_PLACEMENT_3D('',#20257,#16527,#16528);
#14104=AXIS2_PLACEMENT_3D('',#20261,#16531,#16532);
#14105=AXIS2_PLACEMENT_3D('',#20267,#16536,#16537);
#14106=AXIS2_PLACEMENT_3D('',#20271,#16540,#16541);
#14107=AXIS2_PLACEMENT_3D('',#20275,#16543,#16544);
#14108=AXIS2_PLACEMENT_3D('',#20277,#16546,#16547);
#14109=AXIS2_PLACEMENT_3D('',#20278,#16548,#16549);
#14110=AXIS2_PLACEMENT_3D('',#20284,#16553,#16554);
#14111=AXIS2_PLACEMENT_3D('',#20288,#16557,#16558);
#14112=AXIS2_PLACEMENT_3D('',#20299,#16565,#16566);
#14113=AXIS2_PLACEMENT_3D('',#20302,#16569,#16570);
#14114=AXIS2_PLACEMENT_3D('',#20306,#16573,#16574);
#14115=AXIS2_PLACEMENT_3D('',#20315,#16578,#16579);
#14116=AXIS2_PLACEMENT_3D('',#20322,#16584,#16585);
#14117=AXIS2_PLACEMENT_3D('',#20323,#16586,#16587);
#14118=AXIS2_PLACEMENT_3D('',#20329,#16591,#16592);
#14119=AXIS2_PLACEMENT_3D('',#20331,#16594,#16595);
#14120=AXIS2_PLACEMENT_3D('',#20334,#16598,#16599);
#14121=AXIS2_PLACEMENT_3D('',#20336,#16601,#16602);
#14122=AXIS2_PLACEMENT_3D('',#20342,#16606,#16607);
#14123=AXIS2_PLACEMENT_3D('',#20346,#16610,#16611);
#14124=AXIS2_PLACEMENT_3D('',#20348,#16613,#16614);
#14125=AXIS2_PLACEMENT_3D('',#20351,#16617,#16618);
#14126=AXIS2_PLACEMENT_3D('',#20353,#16620,#16621);
#14127=AXIS2_PLACEMENT_3D('',#20357,#16624,#16625);
#14128=AXIS2_PLACEMENT_3D('',#20361,#16628,#16629);
#14129=AXIS2_PLACEMENT_3D('',#20365,#16631,#16632);
#14130=AXIS2_PLACEMENT_3D('',#20367,#16634,#16635);
#14131=AXIS2_PLACEMENT_3D('',#20369,#16637,#16638);
#14132=AXIS2_PLACEMENT_3D('',#20371,#16640,#16641);
#14133=AXIS2_PLACEMENT_3D('',#20374,#16644,#16645);
#14134=AXIS2_PLACEMENT_3D('',#20375,#16646,#16647);
#14135=AXIS2_PLACEMENT_3D('',#20378,#16650,#16651);
#14136=AXIS2_PLACEMENT_3D('',#20380,#16653,#16654);
#14137=AXIS2_PLACEMENT_3D('',#20382,#16656,#16657);
#14138=AXIS2_PLACEMENT_3D('',#20383,#16658,#16659);
#14139=AXIS2_PLACEMENT_3D('',#20385,#16661,#16662);
#14140=AXIS2_PLACEMENT_3D('',#20391,#16666,#16667);
#14141=AXIS2_PLACEMENT_3D('',#20393,#16669,#16670);
#14142=AXIS2_PLACEMENT_3D('',#20396,#16673,#16674);
#14143=AXIS2_PLACEMENT_3D('',#20400,#16677,#16678);
#14144=AXIS2_PLACEMENT_3D('',#20404,#16681,#16682);
#14145=AXIS2_PLACEMENT_3D('',#20405,#16683,#16684);
#14146=AXIS2_PLACEMENT_3D('',#20409,#16687,#16688);
#14147=AXIS2_PLACEMENT_3D('',#20415,#16692,#16693);
#14148=AXIS2_PLACEMENT_3D('',#20417,#16695,#16696);
#14149=AXIS2_PLACEMENT_3D('',#20420,#16699,#16700);
#14150=AXIS2_PLACEMENT_3D('',#20428,#16705,#16706);
#14151=AXIS2_PLACEMENT_3D('',#20430,#16708,#16709);
#14152=AXIS2_PLACEMENT_3D('',#20432,#16711,#16712);
#14153=AXIS2_PLACEMENT_3D('',#20434,#16714,#16715);
#14154=AXIS2_PLACEMENT_3D('',#20436,#16717,#16718);
#14155=AXIS2_PLACEMENT_3D('',#20439,#16721,#16722);
#14156=AXIS2_PLACEMENT_3D('',#20442,#16725,#16726);
#14157=AXIS2_PLACEMENT_3D('',#20445,#16729,#16730);
#14158=AXIS2_PLACEMENT_3D('',#20448,#16733,#16734);
#14159=AXIS2_PLACEMENT_3D('',#20449,#16735,#16736);
#14160=AXIS2_PLACEMENT_3D('',#20450,#16737,#16738);
#14161=AXIS2_PLACEMENT_3D('',#20451,#16739,#16740);
#14162=AXIS2_PLACEMENT_3D('',#20452,#16741,#16742);
#14163=AXIS2_PLACEMENT_3D('',#20456,#16745,#16746);
#14164=AXIS2_PLACEMENT_3D('',#20460,#16749,#16750);
#14165=AXIS2_PLACEMENT_3D('',#20462,#16752,#16753);
#14166=AXIS2_PLACEMENT_3D('',#20466,#16756,#16757);
#14167=AXIS2_PLACEMENT_3D('',#20470,#16760,#16761);
#14168=AXIS2_PLACEMENT_3D('',#20472,#16763,#16764);
#14169=AXIS2_PLACEMENT_3D('',#20474,#16766,#16767);
#14170=AXIS2_PLACEMENT_3D('',#20476,#16769,#16770);
#14171=AXIS2_PLACEMENT_3D('',#20478,#16772,#16773);
#14172=AXIS2_PLACEMENT_3D('',#20480,#16775,#16776);
#14173=AXIS2_PLACEMENT_3D('',#20481,#16777,#16778);
#14174=AXIS2_PLACEMENT_3D('',#20482,#16779,#16780);
#14175=AXIS2_PLACEMENT_3D('',#20483,#16781,#16782);
#14176=AXIS2_PLACEMENT_3D('',#20484,#16783,#16784);
#14177=AXIS2_PLACEMENT_3D('',#20485,#16785,#16786);
#14178=AXIS2_PLACEMENT_3D('',#20487,#16788,#16789);
#14179=AXIS2_PLACEMENT_3D('',#20494,#16794,#16795);
#14180=AXIS2_PLACEMENT_3D('',#20496,#16797,#16798);
#14181=AXIS2_PLACEMENT_3D('',#20498,#16800,#16801);
#14182=AXIS2_PLACEMENT_3D('',#20499,#16802,#16803);
#14183=AXIS2_PLACEMENT_3D('',#20500,#16804,#16805);
#14184=AXIS2_PLACEMENT_3D('',#20502,#16807,#16808);
#14185=AXIS2_PLACEMENT_3D('',#20503,#16809,#16810);
#14186=AXIS2_PLACEMENT_3D('',#20504,#16811,#16812);
#14187=AXIS2_PLACEMENT_3D('',#20505,#16813,#16814);
#14188=AXIS2_PLACEMENT_3D('',#20511,#16818,#16819);
#14189=AXIS2_PLACEMENT_3D('',#20517,#16823,#16824);
#14190=AXIS2_PLACEMENT_3D('',#20519,#16826,#16827);
#14191=AXIS2_PLACEMENT_3D('',#20521,#16829,#16830);
#14192=AXIS2_PLACEMENT_3D('',#20522,#16831,#16832);
#14193=AXIS2_PLACEMENT_3D('',#20528,#16836,#16837);
#14194=AXIS2_PLACEMENT_3D('',#20532,#16840,#16841);
#14195=AXIS2_PLACEMENT_3D('',#20536,#16844,#16845);
#14196=AXIS2_PLACEMENT_3D('',#20538,#16847,#16848);
#14197=AXIS2_PLACEMENT_3D('',#20539,#16849,#16850);
#14198=AXIS2_PLACEMENT_3D('',#20541,#16852,#16853);
#14199=AXIS2_PLACEMENT_3D('',#20542,#16854,#16855);
#14200=AXIS2_PLACEMENT_3D('',#20548,#16859,#16860);
#14201=AXIS2_PLACEMENT_3D('',#20552,#16863,#16864);
#14202=AXIS2_PLACEMENT_3D('',#20556,#16867,#16868);
#14203=AXIS2_PLACEMENT_3D('',#20558,#16870,#16871);
#14204=AXIS2_PLACEMENT_3D('',#20559,#16872,#16873);
#14205=AXIS2_PLACEMENT_3D('',#20560,#16874,#16875);
#14206=AXIS2_PLACEMENT_3D('',#20562,#16876,#16877);
#14207=AXIS2_PLACEMENT_3D('',#20565,#16879,#16880);
#14208=AXIS2_PLACEMENT_3D('',#20566,#16881,#16882);
#14209=AXIS2_PLACEMENT_3D('',#20568,#16883,#16884);
#14210=AXIS2_PLACEMENT_3D('',#20569,#16885,#16886);
#14211=AXIS2_PLACEMENT_3D('',#20571,#16887,#16888);
#14212=AXIS2_PLACEMENT_3D('',#20572,#16889,#16890);
#14213=AXIS2_PLACEMENT_3D('',#20575,#16892,#16893);
#14214=AXIS2_PLACEMENT_3D('',#20576,#16894,#16895);
#14215=AXIS2_PLACEMENT_3D('',#20578,#16896,#16897);
#14216=AXIS2_PLACEMENT_3D('',#20580,#16899,#16900);
#14217=AXIS2_PLACEMENT_3D('',#20582,#16901,#16902);
#14218=AXIS2_PLACEMENT_3D('',#20585,#16904,#16905);
#14219=AXIS2_PLACEMENT_3D('',#20586,#16906,#16907);
#14220=AXIS2_PLACEMENT_3D('',#20587,#16908,#16909);
#14221=AXIS2_PLACEMENT_3D('',#20588,#16910,#16911);
#14222=AXIS2_PLACEMENT_3D('',#20589,#16912,#16913);
#14223=AXIS2_PLACEMENT_3D('',#20598,#16918,#16919);
#14224=AXIS2_PLACEMENT_3D('',#20607,#16924,#16925);
#14225=AXIS2_PLACEMENT_3D('',#20608,#16926,#16927);
#14226=AXIS2_PLACEMENT_3D('',#20609,#16928,#16929);
#14227=AXIS2_PLACEMENT_3D('',#20610,#16930,#16931);
#14228=AXIS2_PLACEMENT_3D('',#20611,#16932,#16933);
#14229=AXIS2_PLACEMENT_3D('',#20612,#16934,#16935);
#14230=AXIS2_PLACEMENT_3D('',#20613,#16936,#16937);
#14231=AXIS2_PLACEMENT_3D('',#20614,#16938,#16939);
#14232=AXIS2_PLACEMENT_3D('',#20615,#16940,#16941);
#14233=AXIS2_PLACEMENT_3D('',#20616,#16942,#16943);
#14234=AXIS2_PLACEMENT_3D('',#20618,#16944,#16945);
#14235=AXIS2_PLACEMENT_3D('',#20621,#16947,#16948);
#14236=AXIS2_PLACEMENT_3D('',#20622,#16949,#16950);
#14237=AXIS2_PLACEMENT_3D('',#20624,#16951,#16952);
#14238=AXIS2_PLACEMENT_3D('',#20627,#16954,#16955);
#14239=AXIS2_PLACEMENT_3D('',#20628,#16956,#16957);
#14240=AXIS2_PLACEMENT_3D('',#20629,#16958,#16959);
#14241=AXIS2_PLACEMENT_3D('',#20630,#16960,#16961);
#14242=AXIS2_PLACEMENT_3D('',#20631,#16962,#16963);
#14243=AXIS2_PLACEMENT_3D('',#20633,#16964,#16965);
#14244=AXIS2_PLACEMENT_3D('',#20636,#16967,#16968);
#14245=AXIS2_PLACEMENT_3D('',#20637,#16969,#16970);
#14246=AXIS2_PLACEMENT_3D('',#20639,#16971,#16972);
#14247=AXIS2_PLACEMENT_3D('',#20642,#16974,#16975);
#14248=AXIS2_PLACEMENT_3D('',#20643,#16976,#16977);
#14249=AXIS2_PLACEMENT_3D('',#20644,#16978,#16979);
#14250=AXIS2_PLACEMENT_3D('',#20645,#16980,#16981);
#14251=AXIS2_PLACEMENT_3D('',#20646,#16982,#16983);
#14252=AXIS2_PLACEMENT_3D('',#20648,#16984,#16985);
#14253=AXIS2_PLACEMENT_3D('',#20651,#16987,#16988);
#14254=AXIS2_PLACEMENT_3D('',#20652,#16989,#16990);
#14255=AXIS2_PLACEMENT_3D('',#20653,#16991,#16992);
#14256=AXIS2_PLACEMENT_3D('',#20655,#16993,#16994);
#14257=AXIS2_PLACEMENT_3D('',#20658,#16996,#16997);
#14258=AXIS2_PLACEMENT_3D('',#20659,#16998,#16999);
#14259=AXIS2_PLACEMENT_3D('',#20660,#17000,#17001);
#14260=AXIS2_PLACEMENT_3D('',#20662,#17002,#17003);
#14261=AXIS2_PLACEMENT_3D('',#20665,#17005,#17006);
#14262=AXIS2_PLACEMENT_3D('',#20666,#17007,#17008);
#14263=AXIS2_PLACEMENT_3D('',#20667,#17009,#17010);
#14264=AXIS2_PLACEMENT_3D('',#20669,#17011,#17012);
#14265=AXIS2_PLACEMENT_3D('',#20672,#17014,#17015);
#14266=AXIS2_PLACEMENT_3D('',#20673,#17016,#17017);
#14267=AXIS2_PLACEMENT_3D('',#20674,#17018,#17019);
#14268=AXIS2_PLACEMENT_3D('',#20676,#17020,#17021);
#14269=AXIS2_PLACEMENT_3D('',#20679,#17023,#17024);
#14270=AXIS2_PLACEMENT_3D('',#20680,#17025,#17026);
#14271=AXIS2_PLACEMENT_3D('',#20681,#17027,#17028);
#14272=AXIS2_PLACEMENT_3D('',#20683,#17029,#17030);
#14273=AXIS2_PLACEMENT_3D('',#20686,#17032,#17033);
#14274=AXIS2_PLACEMENT_3D('',#20687,#17034,#17035);
#14275=AXIS2_PLACEMENT_3D('',#20688,#17036,#17037);
#14276=AXIS2_PLACEMENT_3D('',#20690,#17038,#17039);
#14277=AXIS2_PLACEMENT_3D('',#20693,#17041,#17042);
#14278=AXIS2_PLACEMENT_3D('',#20694,#17043,#17044);
#14279=AXIS2_PLACEMENT_3D('',#20695,#17045,#17046);
#14280=AXIS2_PLACEMENT_3D('',#20697,#17047,#17048);
#14281=AXIS2_PLACEMENT_3D('',#20700,#17050,#17051);
#14282=AXIS2_PLACEMENT_3D('',#20701,#17052,#17053);
#14283=AXIS2_PLACEMENT_3D('',#20702,#17054,#17055);
#14284=AXIS2_PLACEMENT_3D('',#20704,#17056,#17057);
#14285=AXIS2_PLACEMENT_3D('',#20707,#17059,#17060);
#14286=AXIS2_PLACEMENT_3D('',#20708,#17061,#17062);
#14287=AXIS2_PLACEMENT_3D('',#20709,#17063,#17064);
#14288=AXIS2_PLACEMENT_3D('',#20710,#17065,#17066);
#14289=AXIS2_PLACEMENT_3D('',#20711,#17067,#17068);
#14290=AXIS2_PLACEMENT_3D('',#20713,#17069,#17070);
#14291=AXIS2_PLACEMENT_3D('',#20716,#17072,#17073);
#14292=AXIS2_PLACEMENT_3D('',#20717,#17074,#17075);
#14293=AXIS2_PLACEMENT_3D('',#20718,#17076,#17077);
#14294=AXIS2_PLACEMENT_3D('',#20719,#17078,#17079);
#14295=AXIS2_PLACEMENT_3D('',#20720,#17080,#17081);
#14296=AXIS2_PLACEMENT_3D('',#20722,#17082,#17083);
#14297=AXIS2_PLACEMENT_3D('',#20725,#17085,#17086);
#14298=AXIS2_PLACEMENT_3D('',#20726,#17087,#17088);
#14299=AXIS2_PLACEMENT_3D('',#20728,#17089,#17090);
#14300=AXIS2_PLACEMENT_3D('',#20731,#17092,#17093);
#14301=AXIS2_PLACEMENT_3D('',#20732,#17094,#17095);
#14302=AXIS2_PLACEMENT_3D('',#20734,#17096,#17097);
#14303=AXIS2_PLACEMENT_3D('',#20737,#17099,#17100);
#14304=AXIS2_PLACEMENT_3D('',#20738,#17101,#17102);
#14305=AXIS2_PLACEMENT_3D('',#20740,#17103,#17104);
#14306=AXIS2_PLACEMENT_3D('',#20743,#17106,#17107);
#14307=AXIS2_PLACEMENT_3D('',#20744,#17108,#17109);
#14308=AXIS2_PLACEMENT_3D('',#20746,#17110,#17111);
#14309=AXIS2_PLACEMENT_3D('',#20749,#17113,#17114);
#14310=AXIS2_PLACEMENT_3D('',#20750,#17115,#17116);
#14311=AXIS2_PLACEMENT_3D('',#20759,#17121,#17122);
#14312=AXIS2_PLACEMENT_3D('',#20765,#17126,#17127);
#14313=AXIS2_PLACEMENT_3D('',#20771,#17131,#17132);
#14314=AXIS2_PLACEMENT_3D('',#20774,#17135,#17136);
#14315=AXIS2_PLACEMENT_3D('',#20775,#17137,#17138);
#14316=AXIS2_PLACEMENT_3D('',#20776,#17139,#17140);
#14317=AXIS2_PLACEMENT_3D('',#20777,#17141,#17142);
#14318=AXIS2_PLACEMENT_3D('',#20779,#17143,#17144);
#14319=AXIS2_PLACEMENT_3D('',#20782,#17146,#17147);
#14320=AXIS2_PLACEMENT_3D('',#20783,#17148,#17149);
#14321=AXIS2_PLACEMENT_3D('',#20785,#17150,#17151);
#14322=AXIS2_PLACEMENT_3D('',#20788,#17153,#17154);
#14323=AXIS2_PLACEMENT_3D('',#20789,#17155,#17156);
#14324=AXIS2_PLACEMENT_3D('',#20791,#17157,#17158);
#14325=AXIS2_PLACEMENT_3D('',#20794,#17160,#17161);
#14326=AXIS2_PLACEMENT_3D('',#20795,#17162,#17163);
#14327=AXIS2_PLACEMENT_3D('',#20797,#17164,#17165);
#14328=AXIS2_PLACEMENT_3D('',#20800,#17167,#17168);
#14329=AXIS2_PLACEMENT_3D('',#20801,#17169,#17170);
#14330=AXIS2_PLACEMENT_3D('',#20803,#17171,#17172);
#14331=AXIS2_PLACEMENT_3D('',#20806,#17174,#17175);
#14332=AXIS2_PLACEMENT_3D('',#20807,#17176,#17177);
#14333=AXIS2_PLACEMENT_3D('',#20816,#17182,#17183);
#14334=AXIS2_PLACEMENT_3D('',#20822,#17187,#17188);
#14335=AXIS2_PLACEMENT_3D('',#20828,#17192,#17193);
#14336=AXIS2_PLACEMENT_3D('',#20831,#17196,#17197);
#14337=AXIS2_PLACEMENT_3D('',#20832,#17198,#17199);
#14338=AXIS2_PLACEMENT_3D('',#20833,#17200,#17201);
#14339=AXIS2_PLACEMENT_3D('',#20834,#17202,#17203);
#14340=AXIS2_PLACEMENT_3D('',#20836,#17204,#17205);
#14341=AXIS2_PLACEMENT_3D('',#20839,#17207,#17208);
#14342=AXIS2_PLACEMENT_3D('',#20840,#17209,#17210);
#14343=AXIS2_PLACEMENT_3D('',#20841,#17211,#17212);
#14344=AXIS2_PLACEMENT_3D('',#20842,#17213,#17214);
#14345=AXIS2_PLACEMENT_3D('',#20843,#17215,#17216);
#14346=AXIS2_PLACEMENT_3D('',#20845,#17217,#17218);
#14347=AXIS2_PLACEMENT_3D('',#20848,#17220,#17221);
#14348=AXIS2_PLACEMENT_3D('',#20849,#17222,#17223);
#14349=AXIS2_PLACEMENT_3D('',#20851,#17224,#17225);
#14350=AXIS2_PLACEMENT_3D('',#20854,#17227,#17228);
#14351=AXIS2_PLACEMENT_3D('',#20855,#17229,#17230);
#14352=AXIS2_PLACEMENT_3D('',#20857,#17231,#17232);
#14353=AXIS2_PLACEMENT_3D('',#20860,#17234,#17235);
#14354=AXIS2_PLACEMENT_3D('',#20861,#17236,#17237);
#14355=AXIS2_PLACEMENT_3D('',#20863,#17238,#17239);
#14356=AXIS2_PLACEMENT_3D('',#20866,#17241,#17242);
#14357=AXIS2_PLACEMENT_3D('',#20867,#17243,#17244);
#14358=AXIS2_PLACEMENT_3D('',#20876,#17249,#17250);
#14359=AXIS2_PLACEMENT_3D('',#20882,#17254,#17255);
#14360=AXIS2_PLACEMENT_3D('',#20888,#17259,#17260);
#14361=AXIS2_PLACEMENT_3D('',#20891,#17263,#17264);
#14362=AXIS2_PLACEMENT_3D('',#20892,#17265,#17266);
#14363=AXIS2_PLACEMENT_3D('',#20893,#17267,#17268);
#14364=AXIS2_PLACEMENT_3D('',#20894,#17269,#17270);
#14365=AXIS2_PLACEMENT_3D('',#20896,#17271,#17272);
#14366=AXIS2_PLACEMENT_3D('',#20899,#17274,#17275);
#14367=AXIS2_PLACEMENT_3D('',#20900,#17276,#17277);
#14368=AXIS2_PLACEMENT_3D('',#20902,#17278,#17279);
#14369=AXIS2_PLACEMENT_3D('',#20905,#17281,#17282);
#14370=AXIS2_PLACEMENT_3D('',#20906,#17283,#17284);
#14371=AXIS2_PLACEMENT_3D('',#20907,#17285,#17286);
#14372=AXIS2_PLACEMENT_3D('',#20908,#17287,#17288);
#14373=AXIS2_PLACEMENT_3D('',#20909,#17289,#17290);
#14374=AXIS2_PLACEMENT_3D('',#20918,#17295,#17296);
#14375=AXIS2_PLACEMENT_3D('',#20927,#17301,#17302);
#14376=AXIS2_PLACEMENT_3D('',#20928,#17303,#17304);
#14377=AXIS2_PLACEMENT_3D('',#20929,#17305,#17306);
#14378=AXIS2_PLACEMENT_3D('',#20930,#17307,#17308);
#14379=AXIS2_PLACEMENT_3D('',#20931,#17309,#17310);
#14380=AXIS2_PLACEMENT_3D('',#20932,#17311,#17312);
#14381=AXIS2_PLACEMENT_3D('',#20933,#17313,#17314);
#14382=AXIS2_PLACEMENT_3D('',#20934,#17315,#17316);
#14383=AXIS2_PLACEMENT_3D('',#20935,#17317,#17318);
#14384=AXIS2_PLACEMENT_3D('',#20936,#17319,#17320);
#14385=AXIS2_PLACEMENT_3D('',#20938,#17321,#17322);
#14386=AXIS2_PLACEMENT_3D('',#20941,#17324,#17325);
#14387=AXIS2_PLACEMENT_3D('',#20942,#17326,#17327);
#14388=AXIS2_PLACEMENT_3D('',#20944,#17328,#17329);
#14389=AXIS2_PLACEMENT_3D('',#20947,#17331,#17332);
#14390=AXIS2_PLACEMENT_3D('',#20948,#17333,#17334);
#14391=AXIS2_PLACEMENT_3D('',#20949,#17335,#17336);
#14392=AXIS2_PLACEMENT_3D('',#20950,#17337,#17338);
#14393=AXIS2_PLACEMENT_3D('',#20951,#17339,#17340);
#14394=AXIS2_PLACEMENT_3D('',#20953,#17341,#17342);
#14395=AXIS2_PLACEMENT_3D('',#20956,#17344,#17345);
#14396=AXIS2_PLACEMENT_3D('',#20957,#17346,#17347);
#14397=AXIS2_PLACEMENT_3D('',#20959,#17348,#17349);
#14398=AXIS2_PLACEMENT_3D('',#20962,#17351,#17352);
#14399=AXIS2_PLACEMENT_3D('',#20963,#17353,#17354);
#14400=AXIS2_PLACEMENT_3D('',#20964,#17355,#17356);
#14401=AXIS2_PLACEMENT_3D('',#20965,#17357,#17358);
#14402=AXIS2_PLACEMENT_3D('',#20966,#17359,#17360);
#14403=AXIS2_PLACEMENT_3D('',#20968,#17361,#17362);
#14404=AXIS2_PLACEMENT_3D('',#20971,#17364,#17365);
#14405=AXIS2_PLACEMENT_3D('',#20972,#17366,#17367);
#14406=AXIS2_PLACEMENT_3D('',#20974,#17368,#17369);
#14407=AXIS2_PLACEMENT_3D('',#20977,#17371,#17372);
#14408=AXIS2_PLACEMENT_3D('',#20978,#17373,#17374);
#14409=AXIS2_PLACEMENT_3D('',#20979,#17375,#17376);
#14410=AXIS2_PLACEMENT_3D('',#20980,#17377,#17378);
#14411=AXIS2_PLACEMENT_3D('',#20981,#17379,#17380);
#14412=AXIS2_PLACEMENT_3D('',#20983,#17381,#17382);
#14413=AXIS2_PLACEMENT_3D('',#20986,#17384,#17385);
#14414=AXIS2_PLACEMENT_3D('',#20987,#17386,#17387);
#14415=AXIS2_PLACEMENT_3D('',#20989,#17388,#17389);
#14416=AXIS2_PLACEMENT_3D('',#20992,#17391,#17392);
#14417=AXIS2_PLACEMENT_3D('',#20993,#17393,#17394);
#14418=AXIS2_PLACEMENT_3D('',#20994,#17395,#17396);
#14419=AXIS2_PLACEMENT_3D('',#20995,#17397,#17398);
#14420=AXIS2_PLACEMENT_3D('',#20996,#17399,#17400);
#14421=AXIS2_PLACEMENT_3D('',#20998,#17401,#17402);
#14422=AXIS2_PLACEMENT_3D('',#21001,#17404,#17405);
#14423=AXIS2_PLACEMENT_3D('',#21002,#17406,#17407);
#14424=AXIS2_PLACEMENT_3D('',#21003,#17408,#17409);
#14425=AXIS2_PLACEMENT_3D('',#21004,#17410,#17411);
#14426=AXIS2_PLACEMENT_3D('',#21005,#17412,#17413);
#14427=AXIS2_PLACEMENT_3D('',#21007,#17414,#17415);
#14428=AXIS2_PLACEMENT_3D('',#21010,#17417,#17418);
#14429=AXIS2_PLACEMENT_3D('',#21011,#17419,#17420);
#14430=AXIS2_PLACEMENT_3D('',#21012,#17421,#17422);
#14431=AXIS2_PLACEMENT_3D('',#21013,#17423,#17424);
#14432=AXIS2_PLACEMENT_3D('',#21014,#17425,#17426);
#14433=AXIS2_PLACEMENT_3D('',#21016,#17427,#17428);
#14434=AXIS2_PLACEMENT_3D('',#21019,#17430,#17431);
#14435=AXIS2_PLACEMENT_3D('',#21020,#17432,#17433);
#14436=AXIS2_PLACEMENT_3D('',#21022,#17434,#17435);
#14437=AXIS2_PLACEMENT_3D('',#21025,#17437,#17438);
#14438=AXIS2_PLACEMENT_3D('',#21026,#17439,#17440);
#14439=AXIS2_PLACEMENT_3D('',#21035,#17445,#17446);
#14440=AXIS2_PLACEMENT_3D('',#21043,#17451,#17452);
#14441=AXIS2_PLACEMENT_3D('',#21045,#17454,#17455);
#14442=AXIS2_PLACEMENT_3D('',#21049,#17458,#17459);
#14443=AXIS2_PLACEMENT_3D('',#21053,#17462,#17463);
#14444=AXIS2_PLACEMENT_3D('',#21062,#17468,#17469);
#14445=AXIS2_PLACEMENT_3D('',#21069,#17474,#17475);
#14446=AXIS2_PLACEMENT_3D('',#21075,#17479,#17480);
#14447=AXIS2_PLACEMENT_3D('',#21077,#17482,#17483);
#14448=AXIS2_PLACEMENT_3D('',#21079,#17485,#17486);
#14449=AXIS2_PLACEMENT_3D('',#21080,#17487,#17488);
#14450=AXIS2_PLACEMENT_3D('',#21081,#17489,#17490);
#14451=AXIS2_PLACEMENT_3D('',#21083,#17491,#17492);
#14452=AXIS2_PLACEMENT_3D('',#21086,#17494,#17495);
#14453=AXIS2_PLACEMENT_3D('',#21087,#17496,#17497);
#14454=AXIS2_PLACEMENT_3D('',#21089,#17498,#17499);
#14455=AXIS2_PLACEMENT_3D('',#21092,#17501,#17502);
#14456=AXIS2_PLACEMENT_3D('',#21093,#17503,#17504);
#14457=AXIS2_PLACEMENT_3D('',#21102,#17509,#17510);
#14458=AXIS2_PLACEMENT_3D('',#21110,#17515,#17516);
#14459=AXIS2_PLACEMENT_3D('',#21112,#17518,#17519);
#14460=AXIS2_PLACEMENT_3D('',#21118,#17523,#17524);
#14461=AXIS2_PLACEMENT_3D('',#21120,#17526,#17527);
#14462=AXIS2_PLACEMENT_3D('',#21130,#17533,#17534);
#14463=AXIS2_PLACEMENT_3D('',#21136,#17538,#17539);
#14464=AXIS2_PLACEMENT_3D('',#21140,#17542,#17543);
#14465=AXIS2_PLACEMENT_3D('',#21144,#17546,#17547);
#14466=AXIS2_PLACEMENT_3D('',#21146,#17549,#17550);
#14467=AXIS2_PLACEMENT_3D('',#21147,#17551,#17552);
#14468=AXIS2_PLACEMENT_3D('',#21148,#17553,#17554);
#14469=AXIS2_PLACEMENT_3D('',#21157,#17559,#17560);
#14470=AXIS2_PLACEMENT_3D('',#21163,#17564,#17565);
#14471=AXIS2_PLACEMENT_3D('',#21169,#17569,#17570);
#14472=AXIS2_PLACEMENT_3D('',#21172,#17573,#17574);
#14473=AXIS2_PLACEMENT_3D('',#21173,#17575,#17576);
#14474=AXIS2_PLACEMENT_3D('',#21174,#17577,#17578);
#14475=AXIS2_PLACEMENT_3D('',#21175,#17579,#17580);
#14476=AXIS2_PLACEMENT_3D('',#21177,#17581,#17582);
#14477=AXIS2_PLACEMENT_3D('',#21180,#17584,#17585);
#14478=AXIS2_PLACEMENT_3D('',#21181,#17586,#17587);
#14479=AXIS2_PLACEMENT_3D('',#21183,#17588,#17589);
#14480=AXIS2_PLACEMENT_3D('',#21186,#17591,#17592);
#14481=AXIS2_PLACEMENT_3D('',#21187,#17593,#17594);
#14482=AXIS2_PLACEMENT_3D('',#21188,#17595,#17596);
#14483=AXIS2_PLACEMENT_3D('',#21189,#17597,#17598);
#14484=AXIS2_PLACEMENT_3D('',#21190,#17599,#17600);
#14485=AXIS2_PLACEMENT_3D('',#21192,#17601,#17602);
#14486=AXIS2_PLACEMENT_3D('',#21195,#17604,#17605);
#14487=AXIS2_PLACEMENT_3D('',#21196,#17606,#17607);
#14488=AXIS2_PLACEMENT_3D('',#21198,#17608,#17609);
#14489=AXIS2_PLACEMENT_3D('',#21201,#17611,#17612);
#14490=AXIS2_PLACEMENT_3D('',#21202,#17613,#17614);
#14491=AXIS2_PLACEMENT_3D('',#21203,#17615,#17616);
#14492=AXIS2_PLACEMENT_3D('',#21204,#17617,#17618);
#14493=AXIS2_PLACEMENT_3D('',#21205,#17619,#17620);
#14494=AXIS2_PLACEMENT_3D('',#21207,#17621,#17622);
#14495=AXIS2_PLACEMENT_3D('',#21210,#17624,#17625);
#14496=AXIS2_PLACEMENT_3D('',#21211,#17626,#17627);
#14497=AXIS2_PLACEMENT_3D('',#21213,#17628,#17629);
#14498=AXIS2_PLACEMENT_3D('',#21216,#17631,#17632);
#14499=AXIS2_PLACEMENT_3D('',#21217,#17633,#17634);
#14500=AXIS2_PLACEMENT_3D('',#21218,#17635,#17636);
#14501=AXIS2_PLACEMENT_3D('',#21219,#17637,#17638);
#14502=AXIS2_PLACEMENT_3D('',#21220,#17639,#17640);
#14503=AXIS2_PLACEMENT_3D('',#21222,#17641,#17642);
#14504=AXIS2_PLACEMENT_3D('',#21225,#17644,#17645);
#14505=AXIS2_PLACEMENT_3D('',#21226,#17646,#17647);
#14506=AXIS2_PLACEMENT_3D('',#21228,#17648,#17649);
#14507=AXIS2_PLACEMENT_3D('',#21231,#17651,#17652);
#14508=AXIS2_PLACEMENT_3D('',#21232,#17653,#17654);
#14509=AXIS2_PLACEMENT_3D('',#21233,#17655,#17656);
#14510=AXIS2_PLACEMENT_3D('',#21234,#17657,#17658);
#14511=AXIS2_PLACEMENT_3D('',#21235,#17659,#17660);
#14512=AXIS2_PLACEMENT_3D('',#21237,#17661,#17662);
#14513=AXIS2_PLACEMENT_3D('',#21240,#17664,#17665);
#14514=AXIS2_PLACEMENT_3D('',#21241,#17666,#17667);
#14515=AXIS2_PLACEMENT_3D('',#21243,#17668,#17669);
#14516=AXIS2_PLACEMENT_3D('',#21246,#17671,#17672);
#14517=AXIS2_PLACEMENT_3D('',#21247,#17673,#17674);
#14518=AXIS2_PLACEMENT_3D('',#21248,#17675,#17676);
#14519=AXIS2_PLACEMENT_3D('',#21249,#17677,#17678);
#14520=AXIS2_PLACEMENT_3D('',#21250,#17679,#17680);
#14521=AXIS2_PLACEMENT_3D('',#21252,#17681,#17682);
#14522=AXIS2_PLACEMENT_3D('',#21255,#17684,#17685);
#14523=AXIS2_PLACEMENT_3D('',#21256,#17686,#17687);
#14524=AXIS2_PLACEMENT_3D('',#21258,#17688,#17689);
#14525=AXIS2_PLACEMENT_3D('',#21261,#17691,#17692);
#14526=AXIS2_PLACEMENT_3D('',#21262,#17693,#17694);
#14527=AXIS2_PLACEMENT_3D('',#21263,#17695,#17696);
#14528=AXIS2_PLACEMENT_3D('',#21264,#17697,#17698);
#14529=AXIS2_PLACEMENT_3D('',#21265,#17699,#17700);
#14530=AXIS2_PLACEMENT_3D('',#21267,#17701,#17702);
#14531=AXIS2_PLACEMENT_3D('',#21270,#17704,#17705);
#14532=AXIS2_PLACEMENT_3D('',#21271,#17706,#17707);
#14533=AXIS2_PLACEMENT_3D('',#21273,#17708,#17709);
#14534=AXIS2_PLACEMENT_3D('',#21276,#17711,#17712);
#14535=AXIS2_PLACEMENT_3D('',#21277,#17713,#17714);
#14536=AXIS2_PLACEMENT_3D('',#21278,#17715,#17716);
#14537=AXIS2_PLACEMENT_3D('',#21279,#17717,#17718);
#14538=AXIS2_PLACEMENT_3D('',#21280,#17719,#17720);
#14539=AXIS2_PLACEMENT_3D('',#21289,#17725,#17726);
#14540=AXIS2_PLACEMENT_3D('',#21295,#17730,#17731);
#14541=AXIS2_PLACEMENT_3D('',#21301,#17735,#17736);
#14542=AXIS2_PLACEMENT_3D('',#21318,#17745,#17746);
#14543=AXIS2_PLACEMENT_3D('',#21328,#17752,#17753);
#14544=AXIS2_PLACEMENT_3D('',#21337,#17758,#17759);
#14545=AXIS2_PLACEMENT_3D('',#21346,#17764,#17765);
#14546=AXIS2_PLACEMENT_3D('',#21355,#17770,#17771);
#14547=AXIS2_PLACEMENT_3D('',#21358,#17774,#17775);
#14548=AXIS2_PLACEMENT_3D('',#21367,#17780,#17781);
#14549=AXIS2_PLACEMENT_3D('',#21370,#17784,#17785);
#14550=AXIS2_PLACEMENT_3D('',#21380,#17791,#17792);
#14551=AXIS2_PLACEMENT_3D('',#21384,#17795,#17796);
#14552=AXIS2_PLACEMENT_3D('',#21388,#17799,#17800);
#14553=AXIS2_PLACEMENT_3D('',#21400,#17808,#17809);
#14554=AXIS2_PLACEMENT_3D('',#21404,#17812,#17813);
#14555=AXIS2_PLACEMENT_3D('',#21411,#17818,#17819);
#14556=AXIS2_PLACEMENT_3D('',#21415,#17822,#17823);
#14557=AXIS2_PLACEMENT_3D('',#21417,#17825,#17826);
#14558=AXIS2_PLACEMENT_3D('',#21423,#17830,#17831);
#14559=AXIS2_PLACEMENT_3D('',#21427,#17834,#17835);
#14560=AXIS2_PLACEMENT_3D('',#21430,#17838,#17839);
#14561=AXIS2_PLACEMENT_3D('',#21434,#17842,#17843);
#14562=AXIS2_PLACEMENT_3D('',#21438,#17846,#17847);
#14563=AXIS2_PLACEMENT_3D('',#21440,#17849,#17850);
#14564=AXIS2_PLACEMENT_3D('',#21442,#17852,#17853);
#14565=AXIS2_PLACEMENT_3D('',#21443,#17854,#17855);
#14566=AXIS2_PLACEMENT_3D('',#21449,#17859,#17860);
#14567=AXIS2_PLACEMENT_3D('',#21454,#17864,#17865);
#14568=AXIS2_PLACEMENT_3D('',#21456,#17867,#17868);
#14569=AXIS2_PLACEMENT_3D('',#21457,#17869,#17870);
#14570=AXIS2_PLACEMENT_3D('',#21458,#17871,#17872);
#14571=AXIS2_PLACEMENT_3D('',#21459,#17873,#17874);
#14572=AXIS2_PLACEMENT_3D('',#21461,#17875,#17876);
#14573=AXIS2_PLACEMENT_3D('',#21464,#17878,#17879);
#14574=AXIS2_PLACEMENT_3D('',#21465,#17880,#17881);
#14575=AXIS2_PLACEMENT_3D('',#21474,#17886,#17887);
#14576=AXIS2_PLACEMENT_3D('',#21483,#17892,#17893);
#14577=AXIS2_PLACEMENT_3D('',#21486,#17896,#17897);
#14578=AXIS2_PLACEMENT_3D('',#21488,#17899,#17900);
#14579=AXIS2_PLACEMENT_3D('',#21490,#17902,#17903);
#14580=AXIS2_PLACEMENT_3D('',#21499,#17908,#17909);
#14581=AXIS2_PLACEMENT_3D('',#21505,#17913,#17914);
#14582=AXIS2_PLACEMENT_3D('',#21511,#17918,#17919);
#14583=AXIS2_PLACEMENT_3D('',#21514,#17922,#17923);
#14584=AXIS2_PLACEMENT_3D('',#21515,#17924,#17925);
#14585=AXIS2_PLACEMENT_3D('',#21516,#17926,#17927);
#14586=AXIS2_PLACEMENT_3D('',#21517,#17928,#17929);
#14587=AXIS2_PLACEMENT_3D('',#21522,#17931,#17932);
#14588=AXIS2_PLACEMENT_3D('',#21525,#17934,#17935);
#14589=AXIS2_PLACEMENT_3D('',#21526,#17936,#17937);
#14590=AXIS2_PLACEMENT_3D('',#21527,#17938,#17939);
#14591=AXIS2_PLACEMENT_3D('',#21529,#17941,#17942);
#14592=AXIS2_PLACEMENT_3D('',#21530,#17943,#17944);
#14593=AXIS2_PLACEMENT_3D('',#21540,#17950,#17951);
#14594=AXIS2_PLACEMENT_3D('',#21544,#17954,#17955);
#14595=AXIS2_PLACEMENT_3D('',#21552,#17960,#17961);
#14596=AXIS2_PLACEMENT_3D('',#21554,#17963,#17964);
#14597=AXIS2_PLACEMENT_3D('',#21556,#17966,#17967);
#14598=AXIS2_PLACEMENT_3D('',#21558,#17969,#17970);
#14599=AXIS2_PLACEMENT_3D('',#21559,#17971,#17972);
#14600=AXIS2_PLACEMENT_3D('',#21560,#17973,#17974);
#14601=AXIS2_PLACEMENT_3D('',#21569,#17979,#17980);
#14602=AXIS2_PLACEMENT_3D('',#21578,#17985,#17986);
#14603=AXIS2_PLACEMENT_3D('',#21587,#17991,#17992);
#14604=AXIS2_PLACEMENT_3D('',#21596,#17997,#17998);
#14605=AXIS2_PLACEMENT_3D('',#21599,#18001,#18002);
#14606=AXIS2_PLACEMENT_3D('',#21602,#18005,#18006);
#14607=AXIS2_PLACEMENT_3D('',#21605,#18009,#18010);
#14608=AXIS2_PLACEMENT_3D('',#21608,#18013,#18014);
#14609=AXIS2_PLACEMENT_3D('',#21609,#18015,#18016);
#14610=AXIS2_PLACEMENT_3D('',#21610,#18017,#18018);
#14611=AXIS2_PLACEMENT_3D('',#21615,#18020,#18021);
#14612=AXIS2_PLACEMENT_3D('',#21618,#18023,#18024);
#14613=AXIS2_PLACEMENT_3D('',#21619,#18025,#18026);
#14614=AXIS2_PLACEMENT_3D('',#21625,#18030,#18031);
#14615=AXIS2_PLACEMENT_3D('',#21629,#18034,#18035);
#14616=AXIS2_PLACEMENT_3D('',#21633,#18038,#18039);
#14617=AXIS2_PLACEMENT_3D('',#21635,#18041,#18042);
#14618=AXIS2_PLACEMENT_3D('',#21636,#18043,#18044);
#14619=AXIS2_PLACEMENT_3D('',#21645,#18049,#18050);
#14620=AXIS2_PLACEMENT_3D('',#21647,#18051,#18052);
#14621=AXIS2_PLACEMENT_3D('',#21651,#18055,#18056);
#14622=AXIS2_PLACEMENT_3D('',#21655,#18059,#18060);
#14623=AXIS2_PLACEMENT_3D('',#21659,#18063,#18064);
#14624=AXIS2_PLACEMENT_3D('',#21660,#18065,#18066);
#14625=AXIS2_PLACEMENT_3D('',#21661,#18067,#18068);
#14626=AXIS2_PLACEMENT_3D('',#21662,#18069,#18070);
#14627=AXIS2_PLACEMENT_3D('',#21663,#18071,#18072);
#14628=AXIS2_PLACEMENT_3D('',#21665,#18073,#18074);
#14629=AXIS2_PLACEMENT_3D('',#21668,#18076,#18077);
#14630=AXIS2_PLACEMENT_3D('',#21669,#18078,#18079);
#14631=AXIS2_PLACEMENT_3D('',#21671,#18080,#18081);
#14632=AXIS2_PLACEMENT_3D('',#21674,#18083,#18084);
#14633=AXIS2_PLACEMENT_3D('',#21675,#18085,#18086);
#14634=AXIS2_PLACEMENT_3D('',#21684,#18091,#18092);
#14635=AXIS2_PLACEMENT_3D('',#21690,#18096,#18097);
#14636=AXIS2_PLACEMENT_3D('',#21696,#18101,#18102);
#14637=AXIS2_PLACEMENT_3D('',#21699,#18105,#18106);
#14638=AXIS2_PLACEMENT_3D('',#21700,#18107,#18108);
#14639=AXIS2_PLACEMENT_3D('',#21709,#18113,#18114);
#14640=AXIS2_PLACEMENT_3D('',#21715,#18118,#18119);
#14641=AXIS2_PLACEMENT_3D('',#21721,#18123,#18124);
#14642=AXIS2_PLACEMENT_3D('',#21724,#18127,#18128);
#14643=AXIS2_PLACEMENT_3D('',#21725,#18129,#18130);
#14644=AXIS2_PLACEMENT_3D('',#21734,#18135,#18136);
#14645=AXIS2_PLACEMENT_3D('',#21740,#18140,#18141);
#14646=AXIS2_PLACEMENT_3D('',#21746,#18145,#18146);
#14647=AXIS2_PLACEMENT_3D('',#21749,#18149,#18150);
#14648=AXIS2_PLACEMENT_3D('',#21750,#18151,#18152);
#14649=AXIS2_PLACEMENT_3D('',#21751,#18153,#18154);
#14650=AXIS2_PLACEMENT_3D('',#21752,#18155,#18156);
#14651=AXIS2_PLACEMENT_3D('',#21761,#18161,#18162);
#14652=AXIS2_PLACEMENT_3D('',#21767,#18166,#18167);
#14653=AXIS2_PLACEMENT_3D('',#21771,#18170,#18171);
#14654=AXIS2_PLACEMENT_3D('',#21779,#18176,#18177);
#14655=AXIS2_PLACEMENT_3D('',#21793,#18185,#18186);
#14656=AXIS2_PLACEMENT_3D('',#21799,#18190,#18191);
#14657=AXIS2_PLACEMENT_3D('',#21805,#18195,#18196);
#14658=AXIS2_PLACEMENT_3D('',#21809,#18199,#18200);
#14659=AXIS2_PLACEMENT_3D('',#21813,#18203,#18204);
#14660=AXIS2_PLACEMENT_3D('',#21815,#18206,#18207);
#14661=AXIS2_PLACEMENT_3D('',#21821,#18211,#18212);
#14662=AXIS2_PLACEMENT_3D('',#21825,#18215,#18216);
#14663=AXIS2_PLACEMENT_3D('',#21829,#18219,#18220);
#14664=AXIS2_PLACEMENT_3D('',#21831,#18222,#18223);
#14665=AXIS2_PLACEMENT_3D('',#21832,#18224,#18225);
#14666=AXIS2_PLACEMENT_3D('',#21833,#18226,#18227);
#14667=AXIS2_PLACEMENT_3D('',#21835,#18228,#18229);
#14668=AXIS2_PLACEMENT_3D('',#21838,#18231,#18232);
#14669=AXIS2_PLACEMENT_3D('',#21839,#18233,#18234);
#14670=AXIS2_PLACEMENT_3D('',#21841,#18235,#18236);
#14671=AXIS2_PLACEMENT_3D('',#21844,#18238,#18239);
#14672=AXIS2_PLACEMENT_3D('',#21845,#18240,#18241);
#14673=AXIS2_PLACEMENT_3D('',#21846,#18242,#18243);
#14674=AXIS2_PLACEMENT_3D('',#21847,#18244,#18245);
#14675=AXIS2_PLACEMENT_3D('',#21848,#18246,#18247);
#14676=AXIS2_PLACEMENT_3D('',#21850,#18248,#18249);
#14677=AXIS2_PLACEMENT_3D('',#21853,#18251,#18252);
#14678=AXIS2_PLACEMENT_3D('',#21854,#18253,#18254);
#14679=AXIS2_PLACEMENT_3D('',#21856,#18255,#18256);
#14680=AXIS2_PLACEMENT_3D('',#21859,#18258,#18259);
#14681=AXIS2_PLACEMENT_3D('',#21860,#18260,#18261);
#14682=AXIS2_PLACEMENT_3D('',#21861,#18262,#18263);
#14683=AXIS2_PLACEMENT_3D('',#21862,#18264,#18265);
#14684=AXIS2_PLACEMENT_3D('',#21863,#18266,#18267);
#14685=AXIS2_PLACEMENT_3D('',#21865,#18268,#18269);
#14686=AXIS2_PLACEMENT_3D('',#21868,#18271,#18272);
#14687=AXIS2_PLACEMENT_3D('',#21869,#18273,#18274);
#14688=AXIS2_PLACEMENT_3D('',#21871,#18275,#18276);
#14689=AXIS2_PLACEMENT_3D('',#21874,#18278,#18279);
#14690=AXIS2_PLACEMENT_3D('',#21875,#18280,#18281);
#14691=AXIS2_PLACEMENT_3D('',#21876,#18282,#18283);
#14692=AXIS2_PLACEMENT_3D('',#21877,#18284,#18285);
#14693=AXIS2_PLACEMENT_3D('',#21878,#18286,#18287);
#14694=AXIS2_PLACEMENT_3D('',#21880,#18288,#18289);
#14695=AXIS2_PLACEMENT_3D('',#21883,#18291,#18292);
#14696=AXIS2_PLACEMENT_3D('',#21884,#18293,#18294);
#14697=AXIS2_PLACEMENT_3D('',#21886,#18295,#18296);
#14698=AXIS2_PLACEMENT_3D('',#21889,#18298,#18299);
#14699=AXIS2_PLACEMENT_3D('',#21890,#18300,#18301);
#14700=AXIS2_PLACEMENT_3D('',#21891,#18302,#18303);
#14701=AXIS2_PLACEMENT_3D('',#21892,#18304,#18305);
#14702=AXIS2_PLACEMENT_3D('',#21893,#18306,#18307);
#14703=AXIS2_PLACEMENT_3D('',#21895,#18308,#18309);
#14704=AXIS2_PLACEMENT_3D('',#21898,#18311,#18312);
#14705=AXIS2_PLACEMENT_3D('',#21899,#18313,#18314);
#14706=AXIS2_PLACEMENT_3D('',#21901,#18315,#18316);
#14707=AXIS2_PLACEMENT_3D('',#21904,#18318,#18319);
#14708=AXIS2_PLACEMENT_3D('',#21905,#18320,#18321);
#14709=AXIS2_PLACEMENT_3D('',#21906,#18322,#18323);
#14710=AXIS2_PLACEMENT_3D('',#21907,#18324,#18325);
#14711=AXIS2_PLACEMENT_3D('',#21908,#18326,#18327);
#14712=AXIS2_PLACEMENT_3D('',#21910,#18328,#18329);
#14713=AXIS2_PLACEMENT_3D('',#21913,#18331,#18332);
#14714=AXIS2_PLACEMENT_3D('',#21914,#18333,#18334);
#14715=AXIS2_PLACEMENT_3D('',#21916,#18335,#18336);
#14716=AXIS2_PLACEMENT_3D('',#21919,#18338,#18339);
#14717=AXIS2_PLACEMENT_3D('',#21920,#18340,#18341);
#14718=AXIS2_PLACEMENT_3D('',#21921,#18342,#18343);
#14719=AXIS2_PLACEMENT_3D('',#21922,#18344,#18345);
#14720=AXIS2_PLACEMENT_3D('',#21923,#18346,#18347);
#14721=AXIS2_PLACEMENT_3D('',#21924,#18348,#18349);
#14722=AXIS2_PLACEMENT_3D('',#21925,#18350,#18351);
#14723=AXIS2_PLACEMENT_3D('',#21926,#18352,#18353);
#14724=AXIS2_PLACEMENT_3D('',#21927,#18354,#18355);
#14725=AXIS2_PLACEMENT_3D('',#21928,#18356,#18357);
#14726=AXIS2_PLACEMENT_3D('',#21929,#18358,#18359);
#14727=AXIS2_PLACEMENT_3D('',#21930,#18360,#18361);
#14728=AXIS2_PLACEMENT_3D('',#21931,#18362,#18363);
#14729=AXIS2_PLACEMENT_3D('',#21932,#18364,#18365);
#14730=AXIS2_PLACEMENT_3D('',#21933,#18366,#18367);
#14731=AXIS2_PLACEMENT_3D('',#21934,#18368,#18369);
#14732=AXIS2_PLACEMENT_3D('',#21935,#18370,#18371);
#14733=AXIS2_PLACEMENT_3D('',#21936,#18372,#18373);
#14734=AXIS2_PLACEMENT_3D('',#21937,#18374,#18375);
#14735=AXIS2_PLACEMENT_3D('',#21938,#18376,#18377);
#14736=AXIS2_PLACEMENT_3D('',#21939,#18378,#18379);
#14737=AXIS2_PLACEMENT_3D('',#21940,#18380,#18381);
#14738=AXIS2_PLACEMENT_3D('',#21941,#18382,#18383);
#14739=AXIS2_PLACEMENT_3D('',#21942,#18384,#18385);
#14740=AXIS2_PLACEMENT_3D('',#21943,#18386,#18387);
#14741=AXIS2_PLACEMENT_3D('',#21944,#18388,#18389);
#14742=AXIS2_PLACEMENT_3D('',#21945,#18390,#18391);
#14743=AXIS2_PLACEMENT_3D('',#21946,#18392,#18393);
#14744=AXIS2_PLACEMENT_3D('',#21947,#18394,#18395);
#14745=AXIS2_PLACEMENT_3D('',#21948,#18396,#18397);
#14746=AXIS2_PLACEMENT_3D('',#21949,#18398,#18399);
#14747=AXIS2_PLACEMENT_3D('',#21950,#18400,#18401);
#14748=AXIS2_PLACEMENT_3D('',#21951,#18402,#18403);
#14749=AXIS2_PLACEMENT_3D('',#21952,#18404,#18405);
#14750=AXIS2_PLACEMENT_3D('',#21953,#18406,#18407);
#14751=AXIS2_PLACEMENT_3D('',#21954,#18408,#18409);
#14752=AXIS2_PLACEMENT_3D('',#21955,#18410,#18411);
#14753=AXIS2_PLACEMENT_3D('',#21956,#18412,#18413);
#14754=AXIS2_PLACEMENT_3D('',#21957,#18414,#18415);
#14755=AXIS2_PLACEMENT_3D('',#21958,#18416,#18417);
#14756=AXIS2_PLACEMENT_3D('',#21959,#18418,#18419);
#14757=AXIS2_PLACEMENT_3D('',#21960,#18420,#18421);
#14758=AXIS2_PLACEMENT_3D('',#21961,#18422,#18423);
#14759=AXIS2_PLACEMENT_3D('',#21962,#18424,#18425);
#14760=AXIS2_PLACEMENT_3D('',#21963,#18426,#18427);
#14761=AXIS2_PLACEMENT_3D('',#21964,#18428,#18429);
#14762=AXIS2_PLACEMENT_3D('',#21965,#18430,#18431);
#14763=AXIS2_PLACEMENT_3D('',#21966,#18432,#18433);
#14764=AXIS2_PLACEMENT_3D('',#21967,#18434,#18435);
#14765=AXIS2_PLACEMENT_3D('',#21968,#18436,#18437);
#14766=AXIS2_PLACEMENT_3D('',#21969,#18438,#18439);
#14767=AXIS2_PLACEMENT_3D('',#21970,#18440,#18441);
#14768=AXIS2_PLACEMENT_3D('',#21971,#18442,#18443);
#14769=AXIS2_PLACEMENT_3D('',#21972,#18444,#18445);
#14770=AXIS2_PLACEMENT_3D('',#21973,#18446,#18447);
#14771=AXIS2_PLACEMENT_3D('',#21974,#18448,#18449);
#14772=DIRECTION('axis',(0.,0.,1.));
#14773=DIRECTION('refdir',(1.,0.,0.));
#14774=DIRECTION('axis',(0.,0.,1.));
#14775=DIRECTION('refdir',(1.,0.,0.));
#14776=DIRECTION('center_axis',(0.,0.,1.));
#14777=DIRECTION('ref_axis',(-1.,0.,0.));
#14778=DIRECTION('center_axis',(0.,0.,1.));
#14779=DIRECTION('ref_axis',(-1.,0.,0.));
#14780=DIRECTION('',(0.,0.,1.));
#14781=DIRECTION('center_axis',(0.,0.,-1.));
#14782=DIRECTION('ref_axis',(-1.,0.,0.));
#14783=DIRECTION('center_axis',(0.,0.,1.));
#14784=DIRECTION('ref_axis',(-1.,0.,0.));
#14785=DIRECTION('center_axis',(0.,0.,1.));
#14786=DIRECTION('ref_axis',(-1.,0.,0.));
#14787=DIRECTION('',(0.,0.,1.));
#14788=DIRECTION('center_axis',(0.,0.,-1.));
#14789=DIRECTION('ref_axis',(-1.,0.,0.));
#14790=DIRECTION('center_axis',(0.,0.,1.));
#14791=DIRECTION('ref_axis',(-1.,0.,0.));
#14792=DIRECTION('center_axis',(0.,0.,1.));
#14793=DIRECTION('ref_axis',(-1.,0.,0.));
#14794=DIRECTION('',(0.,0.,1.));
#14795=DIRECTION('center_axis',(0.,0.,-1.));
#14796=DIRECTION('ref_axis',(-1.,0.,0.));
#14797=DIRECTION('center_axis',(0.,0.,1.));
#14798=DIRECTION('ref_axis',(-1.,0.,0.));
#14799=DIRECTION('center_axis',(0.,0.,1.));
#14800=DIRECTION('ref_axis',(-1.,0.,0.));
#14801=DIRECTION('',(0.,0.,1.));
#14802=DIRECTION('center_axis',(0.,0.,-1.));
#14803=DIRECTION('ref_axis',(-1.,0.,0.));
#14804=DIRECTION('center_axis',(0.,0.,1.));
#14805=DIRECTION('ref_axis',(-1.,0.,0.));
#14806=DIRECTION('center_axis',(0.,0.,1.));
#14807=DIRECTION('ref_axis',(-1.,0.,0.));
#14808=DIRECTION('',(0.,0.,1.));
#14809=DIRECTION('center_axis',(0.,0.,-1.));
#14810=DIRECTION('ref_axis',(-1.,0.,0.));
#14811=DIRECTION('center_axis',(0.,0.,1.));
#14812=DIRECTION('ref_axis',(-1.,0.,0.));
#14813=DIRECTION('center_axis',(0.,0.,1.));
#14814=DIRECTION('ref_axis',(-1.,0.,0.));
#14815=DIRECTION('',(0.,0.,1.));
#14816=DIRECTION('center_axis',(0.,0.,-1.));
#14817=DIRECTION('ref_axis',(-1.,0.,0.));
#14818=DIRECTION('center_axis',(0.,0.,1.));
#14819=DIRECTION('ref_axis',(-1.,0.,0.));
#14820=DIRECTION('center_axis',(0.,0.,1.));
#14821=DIRECTION('ref_axis',(-1.,0.,0.));
#14822=DIRECTION('',(0.,0.,1.));
#14823=DIRECTION('center_axis',(0.,0.,-1.));
#14824=DIRECTION('ref_axis',(-1.,0.,0.));
#14825=DIRECTION('center_axis',(0.,0.,1.));
#14826=DIRECTION('ref_axis',(-1.,0.,0.));
#14827=DIRECTION('center_axis',(0.,0.,1.));
#14828=DIRECTION('ref_axis',(-1.,0.,0.));
#14829=DIRECTION('',(0.,0.,-1.));
#14830=DIRECTION('center_axis',(0.,0.,-1.));
#14831=DIRECTION('ref_axis',(-1.,0.,0.));
#14832=DIRECTION('center_axis',(0.,0.,1.));
#14833=DIRECTION('ref_axis',(1.,0.,0.));
#14834=DIRECTION('center_axis',(0.,0.,1.));
#14835=DIRECTION('ref_axis',(1.,0.,0.));
#14836=DIRECTION('axis',(0.,0.,1.));
#14837=DIRECTION('refdir',(1.,0.,0.));
#14838=DIRECTION('center_axis',(-1.,0.,0.));
#14839=DIRECTION('ref_axis',(0.,-1.,0.));
#14840=DIRECTION('',(0.,0.,1.));
#14841=DIRECTION('',(0.,-1.,0.));
#14842=DIRECTION('',(0.,0.,1.));
#14843=DIRECTION('',(0.,-1.,0.));
#14844=DIRECTION('center_axis',(0.,0.,1.));
#14845=DIRECTION('ref_axis',(1.,0.,0.));
#14846=DIRECTION('center_axis',(0.,0.,-1.));
#14847=DIRECTION('ref_axis',(-1.,0.,0.));
#14848=DIRECTION('',(-1.,0.,0.));
#14849=DIRECTION('',(0.,1.,0.));
#14850=DIRECTION('center_axis',(0.,1.,0.));
#14851=DIRECTION('ref_axis',(-1.,0.,0.));
#14852=DIRECTION('',(-1.,0.,0.));
#14853=DIRECTION('',(0.,0.,1.));
#14854=DIRECTION('center_axis',(1.,0.,0.));
#14855=DIRECTION('ref_axis',(0.,1.,0.));
#14856=DIRECTION('',(0.,0.,-1.));
#14857=DIRECTION('',(0.,1.,0.));
#14858=DIRECTION('center_axis',(0.,0.,1.));
#14859=DIRECTION('ref_axis',(-1.,0.,0.));
#14860=DIRECTION('center_axis',(0.,0.,1.));
#14861=DIRECTION('ref_axis',(-1.,0.,0.));
#14862=DIRECTION('',(0.,0.,1.));
#14863=DIRECTION('center_axis',(0.,0.,-1.));
#14864=DIRECTION('ref_axis',(-1.,0.,0.));
#14865=DIRECTION('center_axis',(0.,0.,1.));
#14866=DIRECTION('ref_axis',(-1.,0.,0.));
#14867=DIRECTION('center_axis',(0.,0.,1.));
#14868=DIRECTION('ref_axis',(-1.,0.,0.));
#14869=DIRECTION('center_axis',(0.,0.,1.));
#14870=DIRECTION('ref_axis',(-1.,0.,0.));
#14871=DIRECTION('',(0.,0.,1.));
#14872=DIRECTION('center_axis',(0.,0.,-1.));
#14873=DIRECTION('ref_axis',(-1.,0.,0.));
#14874=DIRECTION('center_axis',(0.,0.,1.));
#14875=DIRECTION('ref_axis',(-1.,0.,0.));
#14876=DIRECTION('center_axis',(0.,0.,1.));
#14877=DIRECTION('ref_axis',(-1.,0.,0.));
#14878=DIRECTION('',(0.,0.,1.));
#14879=DIRECTION('center_axis',(0.,0.,-1.));
#14880=DIRECTION('ref_axis',(-1.,0.,0.));
#14881=DIRECTION('center_axis',(0.,0.,1.));
#14882=DIRECTION('ref_axis',(-1.,0.,0.));
#14883=DIRECTION('center_axis',(0.,0.,1.));
#14884=DIRECTION('ref_axis',(-1.,0.,0.));
#14885=DIRECTION('',(0.,0.,1.));
#14886=DIRECTION('center_axis',(0.,0.,-1.));
#14887=DIRECTION('ref_axis',(-1.,0.,0.));
#14888=DIRECTION('center_axis',(0.,0.,1.));
#14889=DIRECTION('ref_axis',(-1.,0.,0.));
#14890=DIRECTION('center_axis',(0.,0.,1.));
#14891=DIRECTION('ref_axis',(-1.,0.,0.));
#14892=DIRECTION('',(0.,0.,1.));
#14893=DIRECTION('center_axis',(0.,0.,-1.));
#14894=DIRECTION('ref_axis',(-1.,0.,0.));
#14895=DIRECTION('center_axis',(0.,0.,1.));
#14896=DIRECTION('ref_axis',(-1.,0.,0.));
#14897=DIRECTION('center_axis',(0.,0.,1.));
#14898=DIRECTION('ref_axis',(-1.,0.,0.));
#14899=DIRECTION('',(0.,0.,1.));
#14900=DIRECTION('center_axis',(0.,0.,-1.));
#14901=DIRECTION('ref_axis',(-1.,0.,0.));
#14902=DIRECTION('center_axis',(0.,0.,1.));
#14903=DIRECTION('ref_axis',(-1.,0.,0.));
#14904=DIRECTION('center_axis',(0.,0.,1.));
#14905=DIRECTION('ref_axis',(-1.,0.,0.));
#14906=DIRECTION('',(0.,0.,1.));
#14907=DIRECTION('center_axis',(0.,0.,-1.));
#14908=DIRECTION('ref_axis',(-1.,0.,0.));
#14909=DIRECTION('center_axis',(0.,0.,1.));
#14910=DIRECTION('ref_axis',(-1.,0.,0.));
#14911=DIRECTION('center_axis',(0.,0.,1.));
#14912=DIRECTION('ref_axis',(-1.,0.,0.));
#14913=DIRECTION('',(0.,0.,1.));
#14914=DIRECTION('center_axis',(0.,0.,-1.));
#14915=DIRECTION('ref_axis',(-1.,0.,0.));
#14916=DIRECTION('center_axis',(0.,0.,1.));
#14917=DIRECTION('ref_axis',(-1.,0.,0.));
#14918=DIRECTION('center_axis',(0.,0.,1.));
#14919=DIRECTION('ref_axis',(-1.,0.,0.));
#14920=DIRECTION('',(0.,0.,1.));
#14921=DIRECTION('center_axis',(0.,0.,-1.));
#14922=DIRECTION('ref_axis',(-1.,0.,0.));
#14923=DIRECTION('center_axis',(0.,0.,1.));
#14924=DIRECTION('ref_axis',(1.,0.,0.));
#14925=DIRECTION('center_axis',(0.,0.,-1.));
#14926=DIRECTION('ref_axis',(-1.,0.,0.));
#14927=DIRECTION('center_axis',(0.,0.,-1.));
#14928=DIRECTION('ref_axis',(-1.,0.,0.));
#14929=DIRECTION('center_axis',(0.,0.,1.));
#14930=DIRECTION('ref_axis',(-1.,0.,0.));
#14931=DIRECTION('center_axis',(0.,0.,1.));
#14932=DIRECTION('ref_axis',(-1.,0.,0.));
#14933=DIRECTION('',(0.,0.,-1.));
#14934=DIRECTION('center_axis',(0.,0.,1.));
#14935=DIRECTION('ref_axis',(1.,0.,0.));
#14936=DIRECTION('center_axis',(0.,0.,-1.));
#14937=DIRECTION('ref_axis',(-1.,0.,0.));
#14938=DIRECTION('center_axis',(0.,0.,-1.));
#14939=DIRECTION('ref_axis',(-1.,0.,0.));
#14940=DIRECTION('center_axis',(0.,0.,1.));
#14941=DIRECTION('ref_axis',(1.,0.,0.));
#14942=DIRECTION('center_axis',(0.,0.,1.));
#14943=DIRECTION('ref_axis',(-1.,0.,0.));
#14944=DIRECTION('center_axis',(0.,0.,1.));
#14945=DIRECTION('ref_axis',(-1.,0.,0.));
#14946=DIRECTION('center_axis',(0.,0.,1.));
#14947=DIRECTION('ref_axis',(-1.,0.,0.));
#14948=DIRECTION('',(0.,0.,-1.));
#14949=DIRECTION('center_axis',(0.,0.,1.));
#14950=DIRECTION('ref_axis',(-1.,0.,0.));
#14951=DIRECTION('',(0.,0.,-1.));
#14952=DIRECTION('center_axis',(0.,0.,1.));
#14953=DIRECTION('ref_axis',(-1.,0.,0.));
#14954=DIRECTION('',(0.,0.,-1.));
#14955=DIRECTION('center_axis',(0.,0.,-1.));
#14956=DIRECTION('ref_axis',(-1.,0.,0.));
#14957=DIRECTION('center_axis',(0.,0.,1.));
#14958=DIRECTION('ref_axis',(1.,0.,0.));
#14959=DIRECTION('center_axis',(0.,0.,1.));
#14960=DIRECTION('ref_axis',(1.,0.,0.));
#14961=DIRECTION('axis',(0.,0.,1.));
#14962=DIRECTION('refdir',(1.,0.,0.));
#14963=DIRECTION('center_axis',(0.,0.,1.));
#14964=DIRECTION('ref_axis',(-1.,0.,0.));
#14965=DIRECTION('center_axis',(0.,0.,1.));
#14966=DIRECTION('ref_axis',(-1.,0.,0.));
#14967=DIRECTION('',(0.,0.,1.));
#14968=DIRECTION('center_axis',(0.,0.,-1.));
#14969=DIRECTION('ref_axis',(-1.,0.,0.));
#14970=DIRECTION('center_axis',(0.,0.,1.));
#14971=DIRECTION('ref_axis',(-1.,0.,0.));
#14972=DIRECTION('center_axis',(0.,0.,1.));
#14973=DIRECTION('ref_axis',(-1.,0.,0.));
#14974=DIRECTION('',(0.,0.,1.));
#14975=DIRECTION('center_axis',(0.,0.,-1.));
#14976=DIRECTION('ref_axis',(-1.,0.,0.));
#14977=DIRECTION('center_axis',(0.,0.,1.));
#14978=DIRECTION('ref_axis',(-1.,0.,0.));
#14979=DIRECTION('center_axis',(0.,0.,1.));
#14980=DIRECTION('ref_axis',(-1.,0.,0.));
#14981=DIRECTION('',(0.,0.,1.));
#14982=DIRECTION('center_axis',(0.,0.,-1.));
#14983=DIRECTION('ref_axis',(-1.,0.,0.));
#14984=DIRECTION('center_axis',(0.,0.,1.));
#14985=DIRECTION('ref_axis',(-1.,0.,0.));
#14986=DIRECTION('center_axis',(0.,0.,1.));
#14987=DIRECTION('ref_axis',(-1.,0.,0.));
#14988=DIRECTION('',(0.,0.,1.));
#14989=DIRECTION('center_axis',(0.,0.,-1.));
#14990=DIRECTION('ref_axis',(-1.,0.,0.));
#14991=DIRECTION('center_axis',(0.,0.,1.));
#14992=DIRECTION('ref_axis',(-1.,0.,0.));
#14993=DIRECTION('center_axis',(0.,0.,1.));
#14994=DIRECTION('ref_axis',(-1.,0.,0.));
#14995=DIRECTION('',(0.,0.,1.));
#14996=DIRECTION('center_axis',(0.,0.,-1.));
#14997=DIRECTION('ref_axis',(-1.,0.,0.));
#14998=DIRECTION('center_axis',(0.,0.,1.));
#14999=DIRECTION('ref_axis',(-1.,0.,0.));
#15000=DIRECTION('center_axis',(0.,0.,1.));
#15001=DIRECTION('ref_axis',(-1.,0.,0.));
#15002=DIRECTION('',(0.,0.,1.));
#15003=DIRECTION('center_axis',(0.,0.,-1.));
#15004=DIRECTION('ref_axis',(-1.,0.,0.));
#15005=DIRECTION('center_axis',(0.,0.,1.));
#15006=DIRECTION('ref_axis',(-1.,0.,0.));
#15007=DIRECTION('center_axis',(0.,0.,1.));
#15008=DIRECTION('ref_axis',(-1.,0.,0.));
#15009=DIRECTION('',(0.,0.,1.));
#15010=DIRECTION('center_axis',(0.,0.,-1.));
#15011=DIRECTION('ref_axis',(-1.,0.,0.));
#15012=DIRECTION('center_axis',(0.,0.,1.));
#15013=DIRECTION('ref_axis',(-1.,0.,0.));
#15014=DIRECTION('center_axis',(0.,0.,1.));
#15015=DIRECTION('ref_axis',(-1.,0.,0.));
#15016=DIRECTION('',(0.,0.,1.));
#15017=DIRECTION('center_axis',(0.,0.,-1.));
#15018=DIRECTION('ref_axis',(-1.,0.,0.));
#15019=DIRECTION('center_axis',(0.,0.,1.));
#15020=DIRECTION('ref_axis',(-1.,0.,0.));
#15021=DIRECTION('center_axis',(0.,0.,1.));
#15022=DIRECTION('ref_axis',(-1.,0.,0.));
#15023=DIRECTION('',(0.,0.,1.));
#15024=DIRECTION('center_axis',(0.,0.,-1.));
#15025=DIRECTION('ref_axis',(-1.,0.,0.));
#15026=DIRECTION('center_axis',(0.,0.,1.));
#15027=DIRECTION('ref_axis',(-1.,0.,0.));
#15028=DIRECTION('center_axis',(0.,0.,1.));
#15029=DIRECTION('ref_axis',(-1.,0.,0.));
#15030=DIRECTION('',(0.,0.,1.));
#15031=DIRECTION('center_axis',(0.,0.,-1.));
#15032=DIRECTION('ref_axis',(-1.,0.,0.));
#15033=DIRECTION('center_axis',(0.,0.,1.));
#15034=DIRECTION('ref_axis',(-1.,0.,0.));
#15035=DIRECTION('center_axis',(0.,0.,1.));
#15036=DIRECTION('ref_axis',(-1.,0.,0.));
#15037=DIRECTION('',(0.,0.,1.));
#15038=DIRECTION('center_axis',(0.,0.,-1.));
#15039=DIRECTION('ref_axis',(-1.,0.,0.));
#15040=DIRECTION('center_axis',(0.,0.,1.));
#15041=DIRECTION('ref_axis',(-1.,0.,0.));
#15042=DIRECTION('',(0.,0.,1.));
#15043=DIRECTION('center_axis',(0.,0.,-1.));
#15044=DIRECTION('ref_axis',(-1.,0.,0.));
#15045=DIRECTION('',(0.,0.,-1.));
#15046=DIRECTION('center_axis',(0.,0.,1.));
#15047=DIRECTION('ref_axis',(-1.,0.,0.));
#15048=DIRECTION('center_axis',(0.,0.,1.));
#15049=DIRECTION('ref_axis',(-1.,0.,0.));
#15050=DIRECTION('',(0.,0.,-1.));
#15051=DIRECTION('center_axis',(0.,0.,1.));
#15052=DIRECTION('ref_axis',(-1.,0.,0.));
#15053=DIRECTION('',(0.,0.,1.));
#15054=DIRECTION('center_axis',(0.,0.,-1.));
#15055=DIRECTION('ref_axis',(-1.,0.,0.));
#15056=DIRECTION('center_axis',(0.,0.,1.));
#15057=DIRECTION('ref_axis',(-1.,0.,0.));
#15058=DIRECTION('',(0.,0.,1.));
#15059=DIRECTION('center_axis',(0.,0.,-1.));
#15060=DIRECTION('ref_axis',(-1.,0.,0.));
#15061=DIRECTION('',(0.,0.,-1.));
#15062=DIRECTION('center_axis',(0.,0.,1.));
#15063=DIRECTION('ref_axis',(-1.,0.,0.));
#15064=DIRECTION('center_axis',(0.,0.,1.));
#15065=DIRECTION('ref_axis',(-1.,0.,0.));
#15066=DIRECTION('',(0.,0.,-1.));
#15067=DIRECTION('center_axis',(0.,0.,1.));
#15068=DIRECTION('ref_axis',(-1.,0.,0.));
#15069=DIRECTION('',(0.,0.,1.));
#15070=DIRECTION('center_axis',(0.,0.,-1.));
#15071=DIRECTION('ref_axis',(-1.,0.,0.));
#15072=DIRECTION('center_axis',(0.,-1.,0.));
#15073=DIRECTION('ref_axis',(1.,0.,0.));
#15074=DIRECTION('',(1.,0.,0.));
#15075=DIRECTION('',(0.,0.,-1.));
#15076=DIRECTION('',(1.,0.,0.));
#15077=DIRECTION('center_axis',(1.,0.,0.));
#15078=DIRECTION('ref_axis',(0.,1.,0.));
#15079=DIRECTION('',(0.,1.,0.));
#15080=DIRECTION('',(0.,0.,-1.));
#15081=DIRECTION('',(0.,1.,0.));
#15082=DIRECTION('center_axis',(-1.,0.,0.));
#15083=DIRECTION('ref_axis',(0.,-1.,0.));
#15084=DIRECTION('',(0.,-1.,0.));
#15085=DIRECTION('',(0.,0.,-1.));
#15086=DIRECTION('',(0.,-1.,0.));
#15087=DIRECTION('center_axis',(0.,1.,0.));
#15088=DIRECTION('ref_axis',(-1.,0.,0.));
#15089=DIRECTION('',(-1.,0.,0.));
#15090=DIRECTION('',(0.,0.,-1.));
#15091=DIRECTION('',(-1.,0.,0.));
#15092=DIRECTION('center_axis',(0.,1.,0.));
#15093=DIRECTION('ref_axis',(-1.,0.,0.));
#15094=DIRECTION('',(-1.,0.,0.));
#15095=DIRECTION('',(0.,0.,1.));
#15096=DIRECTION('',(-1.,0.,0.));
#15097=DIRECTION('',(0.,0.,1.));
#15098=DIRECTION('center_axis',(-1.,0.,0.));
#15099=DIRECTION('ref_axis',(0.,-1.,0.));
#15100=DIRECTION('',(0.,0.,1.));
#15101=DIRECTION('',(0.,-1.,0.));
#15102=DIRECTION('',(0.,0.,1.));
#15103=DIRECTION('',(0.,-1.,0.));
#15104=DIRECTION('center_axis',(-1.,0.,0.));
#15105=DIRECTION('ref_axis',(0.,-1.,0.));
#15106=DIRECTION('',(0.,0.,-1.));
#15107=DIRECTION('',(0.,-1.,0.));
#15108=DIRECTION('',(0.,-1.,0.));
#15109=DIRECTION('center_axis',(-1.,0.,0.));
#15110=DIRECTION('ref_axis',(0.,-1.,0.));
#15111=DIRECTION('',(0.,-1.,0.));
#15112=DIRECTION('',(0.,0.,1.));
#15113=DIRECTION('',(0.,-1.,0.));
#15114=DIRECTION('center_axis',(1.,0.,0.));
#15115=DIRECTION('ref_axis',(0.,1.,0.));
#15116=DIRECTION('',(0.,0.,-1.));
#15117=DIRECTION('',(0.,1.,0.));
#15118=DIRECTION('',(0.,0.,1.));
#15119=DIRECTION('',(0.,1.,0.));
#15120=DIRECTION('center_axis',(1.,0.,0.));
#15121=DIRECTION('ref_axis',(0.,1.,0.));
#15122=DIRECTION('',(0.,1.,0.));
#15123=DIRECTION('',(0.,0.,1.));
#15124=DIRECTION('',(0.,1.,0.));
#15125=DIRECTION('center_axis',(1.,0.,0.));
#15126=DIRECTION('ref_axis',(0.,1.,0.));
#15127=DIRECTION('',(0.,0.,1.));
#15128=DIRECTION('',(0.,1.,0.));
#15129=DIRECTION('',(0.,1.,0.));
#15130=DIRECTION('center_axis',(0.,-1.,0.));
#15131=DIRECTION('ref_axis',(1.,0.,0.));
#15132=DIRECTION('',(1.,0.,0.));
#15133=DIRECTION('',(1.,0.,0.));
#15134=DIRECTION('center_axis',(0.,1.,0.));
#15135=DIRECTION('ref_axis',(-1.,0.,0.));
#15136=DIRECTION('',(-1.,0.,0.));
#15137=DIRECTION('',(0.,0.,1.));
#15138=DIRECTION('',(-1.,0.,0.));
#15139=DIRECTION('center_axis',(0.,0.,1.));
#15140=DIRECTION('ref_axis',(-1.,0.,0.));
#15141=DIRECTION('center_axis',(0.,0.,1.));
#15142=DIRECTION('ref_axis',(-1.,0.,0.));
#15143=DIRECTION('center_axis',(0.,0.,-1.));
#15144=DIRECTION('ref_axis',(-1.,0.,0.));
#15145=DIRECTION('center_axis',(0.,0.,1.));
#15146=DIRECTION('ref_axis',(-1.,0.,0.));
#15147=DIRECTION('center_axis',(0.,0.,-1.));
#15148=DIRECTION('ref_axis',(-1.,0.,0.));
#15149=DIRECTION('center_axis',(0.,0.,1.));
#15150=DIRECTION('ref_axis',(-1.,0.,0.));
#15151=DIRECTION('center_axis',(0.,0.,1.));
#15152=DIRECTION('ref_axis',(-1.,0.,0.));
#15153=DIRECTION('center_axis',(0.,0.,1.));
#15154=DIRECTION('ref_axis',(-1.,0.,0.));
#15155=DIRECTION('',(0.,0.,-1.));
#15156=DIRECTION('center_axis',(0.,0.,-1.));
#15157=DIRECTION('ref_axis',(-1.,0.,0.));
#15158=DIRECTION('center_axis',(0.,0.,1.));
#15159=DIRECTION('ref_axis',(1.,0.,0.));
#15160=DIRECTION('',(-1.,0.,0.));
#15161=DIRECTION('',(0.,1.,0.));
#15162=DIRECTION('',(1.,0.,0.));
#15163=DIRECTION('center_axis',(0.,0.,-1.));
#15164=DIRECTION('ref_axis',(-1.,0.,0.));
#15165=DIRECTION('center_axis',(0.,0.,-1.));
#15166=DIRECTION('ref_axis',(-1.,0.,0.));
#15167=DIRECTION('',(1.,0.,0.));
#15168=DIRECTION('',(0.,-1.,0.));
#15169=DIRECTION('',(-1.,0.,0.));
#15170=DIRECTION('center_axis',(0.,0.,-1.));
#15171=DIRECTION('ref_axis',(-1.,0.,0.));
#15172=DIRECTION('center_axis',(0.,0.,1.));
#15173=DIRECTION('ref_axis',(-1.,0.,0.));
#15174=DIRECTION('',(1.,0.,0.));
#15175=DIRECTION('center_axis',(0.,0.,1.));
#15176=DIRECTION('ref_axis',(-1.,0.,0.));
#15177=DIRECTION('center_axis',(0.,0.,1.));
#15178=DIRECTION('ref_axis',(-1.,0.,0.));
#15179=DIRECTION('center_axis',(0.,0.,-1.));
#15180=DIRECTION('ref_axis',(-1.,0.,0.));
#15181=DIRECTION('center_axis',(0.,0.,1.));
#15182=DIRECTION('ref_axis',(-1.,0.,0.));
#15183=DIRECTION('',(0.,0.,1.));
#15184=DIRECTION('center_axis',(0.,0.,1.));
#15185=DIRECTION('ref_axis',(-1.,0.,0.));
#15186=DIRECTION('center_axis',(0.,0.,1.));
#15187=DIRECTION('ref_axis',(-1.,0.,0.));
#15188=DIRECTION('center_axis',(0.,0.,1.));
#15189=DIRECTION('ref_axis',(-1.,0.,0.));
#15190=DIRECTION('',(0.,0.,-1.));
#15191=DIRECTION('center_axis',(1.,0.,0.));
#15192=DIRECTION('ref_axis',(0.,1.,0.));
#15193=DIRECTION('',(0.,1.,0.));
#15194=DIRECTION('',(0.,0.,1.));
#15195=DIRECTION('',(0.,0.,1.));
#15196=DIRECTION('center_axis',(0.,1.,0.));
#15197=DIRECTION('ref_axis',(-1.,0.,0.));
#15198=DIRECTION('',(0.,0.,1.));
#15199=DIRECTION('',(0.,0.,1.));
#15200=DIRECTION('',(-1.,0.,0.));
#15201=DIRECTION('center_axis',(0.,1.,0.));
#15202=DIRECTION('ref_axis',(-1.,0.,0.));
#15203=DIRECTION('',(-1.,0.,0.));
#15204=DIRECTION('center_axis',(0.,-1.,0.));
#15205=DIRECTION('ref_axis',(1.,0.,0.));
#15206=DIRECTION('',(1.,0.,0.));
#15207=DIRECTION('',(0.,0.,1.));
#15208=DIRECTION('center_axis',(0.,-1.,0.));
#15209=DIRECTION('ref_axis',(1.,0.,0.));
#15210=DIRECTION('',(1.,0.,0.));
#15211=DIRECTION('center_axis',(-1.,0.,0.));
#15212=DIRECTION('ref_axis',(0.,-1.,0.));
#15213=DIRECTION('',(0.,-1.,0.));
#15214=DIRECTION('center_axis',(0.,-1.,0.));
#15215=DIRECTION('ref_axis',(1.,0.,0.));
#15216=DIRECTION('',(1.,0.,0.));
#15217=DIRECTION('',(0.,0.,1.));
#15218=DIRECTION('center_axis',(0.,0.,1.));
#15219=DIRECTION('ref_axis',(-1.,0.,0.));
#15220=DIRECTION('center_axis',(0.,0.,-1.));
#15221=DIRECTION('ref_axis',(-1.,0.,0.));
#15222=DIRECTION('center_axis',(0.,0.,1.));
#15223=DIRECTION('ref_axis',(1.,0.,0.));
#15224=DIRECTION('center_axis',(0.,0.,1.));
#15225=DIRECTION('ref_axis',(-1.,0.,0.));
#15226=DIRECTION('center_axis',(0.,0.,1.));
#15227=DIRECTION('ref_axis',(-1.,0.,0.));
#15228=DIRECTION('axis',(0.,0.,1.));
#15229=DIRECTION('refdir',(1.,0.,0.));
#15230=DIRECTION('center_axis',(0.,0.,1.));
#15231=DIRECTION('ref_axis',(-1.,0.,0.));
#15232=DIRECTION('center_axis',(0.,0.,-1.));
#15233=DIRECTION('ref_axis',(-1.,0.,0.));
#15234=DIRECTION('',(0.,0.,1.));
#15235=DIRECTION('center_axis',(0.,0.,-1.));
#15236=DIRECTION('ref_axis',(-1.,0.,0.));
#15237=DIRECTION('center_axis',(0.,0.,1.));
#15238=DIRECTION('ref_axis',(1.,0.,0.));
#15239=DIRECTION('center_axis',(-1.,0.,0.));
#15240=DIRECTION('ref_axis',(0.,-1.,0.));
#15241=DIRECTION('',(0.,0.,-1.));
#15242=DIRECTION('',(0.,-1.,0.));
#15243=DIRECTION('',(0.,0.,1.));
#15244=DIRECTION('',(0.,-1.,0.));
#15245=DIRECTION('center_axis',(0.,0.,1.));
#15246=DIRECTION('ref_axis',(1.,0.,0.));
#15247=DIRECTION('center_axis',(0.,0.,-1.));
#15248=DIRECTION('ref_axis',(-1.,0.,0.));
#15249=DIRECTION('',(1.,0.,0.));
#15250=DIRECTION('',(0.,1.,0.));
#15251=DIRECTION('center_axis',(1.,0.,0.));
#15252=DIRECTION('ref_axis',(0.,1.,0.));
#15253=DIRECTION('',(0.,0.,1.));
#15254=DIRECTION('',(0.,0.,1.));
#15255=DIRECTION('',(0.,1.,0.));
#15256=DIRECTION('center_axis',(0.,-1.,0.));
#15257=DIRECTION('ref_axis',(1.,0.,0.));
#15258=DIRECTION('',(1.,0.,0.));
#15259=DIRECTION('center_axis',(0.,0.,1.));
#15260=DIRECTION('ref_axis',(1.,0.,0.));
#15261=DIRECTION('center_axis',(0.,0.,1.));
#15262=DIRECTION('ref_axis',(-1.,0.,0.));
#15263=DIRECTION('center_axis',(0.,0.,1.));
#15264=DIRECTION('ref_axis',(-1.,0.,0.));
#15265=DIRECTION('center_axis',(0.,0.,-1.));
#15266=DIRECTION('ref_axis',(-1.,0.,0.));
#15267=DIRECTION('',(0.,0.,-1.));
#15268=DIRECTION('center_axis',(0.,0.,1.));
#15269=DIRECTION('ref_axis',(-1.,0.,0.));
#15270=DIRECTION('center_axis',(0.,0.,1.));
#15271=DIRECTION('ref_axis',(1.,0.,0.));
#15272=DIRECTION('center_axis',(0.,0.,-1.));
#15273=DIRECTION('ref_axis',(-1.,0.,0.));
#15274=DIRECTION('center_axis',(0.,0.,1.));
#15275=DIRECTION('ref_axis',(1.,0.,0.));
#15276=DIRECTION('center_axis',(0.,0.,1.));
#15277=DIRECTION('ref_axis',(-1.,0.,0.));
#15278=DIRECTION('center_axis',(0.,0.,1.));
#15279=DIRECTION('ref_axis',(-1.,0.,0.));
#15280=DIRECTION('center_axis',(0.,0.,1.));
#15281=DIRECTION('ref_axis',(-1.,0.,0.));
#15282=DIRECTION('',(0.,0.,-1.));
#15283=DIRECTION('center_axis',(0.,0.,1.));
#15284=DIRECTION('ref_axis',(1.,0.,0.));
#15285=DIRECTION('center_axis',(0.,0.,-1.));
#15286=DIRECTION('ref_axis',(-1.,0.,0.));
#15287=DIRECTION('center_axis',(0.,0.,-1.));
#15288=DIRECTION('ref_axis',(-1.,0.,0.));
#15289=DIRECTION('center_axis',(0.,0.,1.));
#15290=DIRECTION('ref_axis',(1.,0.,0.));
#15291=DIRECTION('center_axis',(0.,0.,1.));
#15292=DIRECTION('ref_axis',(-1.,0.,0.));
#15293=DIRECTION('center_axis',(0.,0.,1.));
#15294=DIRECTION('ref_axis',(-1.,0.,0.));
#15295=DIRECTION('center_axis',(0.,0.,1.));
#15296=DIRECTION('ref_axis',(-1.,0.,0.));
#15297=DIRECTION('',(0.,0.,-1.));
#15298=DIRECTION('center_axis',(0.,0.,1.));
#15299=DIRECTION('ref_axis',(-1.,0.,0.));
#15300=DIRECTION('',(0.,0.,-1.));
#15301=DIRECTION('center_axis',(0.,0.,1.));
#15302=DIRECTION('ref_axis',(-1.,0.,0.));
#15303=DIRECTION('',(0.,0.,-1.));
#15304=DIRECTION('center_axis',(0.,0.,-1.));
#15305=DIRECTION('ref_axis',(-1.,0.,0.));
#15306=DIRECTION('center_axis',(0.,0.,1.));
#15307=DIRECTION('ref_axis',(1.,0.,0.));
#15308=DIRECTION('center_axis',(0.,0.,1.));
#15309=DIRECTION('ref_axis',(1.,0.,0.));
#15310=DIRECTION('axis',(0.,0.,1.));
#15311=DIRECTION('refdir',(1.,0.,0.));
#15312=DIRECTION('center_axis',(0.,0.,1.));
#15313=DIRECTION('ref_axis',(-1.,0.,0.));
#15314=DIRECTION('center_axis',(0.,0.,1.));
#15315=DIRECTION('ref_axis',(-1.,0.,0.));
#15316=DIRECTION('',(0.,0.,1.));
#15317=DIRECTION('center_axis',(0.,0.,-1.));
#15318=DIRECTION('ref_axis',(-1.,0.,0.));
#15319=DIRECTION('center_axis',(0.,0.,1.));
#15320=DIRECTION('ref_axis',(-1.,0.,0.));
#15321=DIRECTION('center_axis',(0.,0.,1.));
#15322=DIRECTION('ref_axis',(-1.,0.,0.));
#15323=DIRECTION('',(0.,0.,1.));
#15324=DIRECTION('center_axis',(0.,0.,-1.));
#15325=DIRECTION('ref_axis',(-1.,0.,0.));
#15326=DIRECTION('center_axis',(0.,0.,1.));
#15327=DIRECTION('ref_axis',(-1.,0.,0.));
#15328=DIRECTION('center_axis',(0.,0.,1.));
#15329=DIRECTION('ref_axis',(-1.,0.,0.));
#15330=DIRECTION('',(0.,0.,1.));
#15331=DIRECTION('center_axis',(0.,0.,-1.));
#15332=DIRECTION('ref_axis',(-1.,0.,0.));
#15333=DIRECTION('center_axis',(0.,0.,1.));
#15334=DIRECTION('ref_axis',(-1.,0.,0.));
#15335=DIRECTION('center_axis',(0.,0.,1.));
#15336=DIRECTION('ref_axis',(-1.,0.,0.));
#15337=DIRECTION('',(0.,0.,1.));
#15338=DIRECTION('center_axis',(0.,0.,-1.));
#15339=DIRECTION('ref_axis',(-1.,0.,0.));
#15340=DIRECTION('center_axis',(0.,0.,1.));
#15341=DIRECTION('ref_axis',(-1.,0.,0.));
#15342=DIRECTION('center_axis',(0.,0.,-1.));
#15343=DIRECTION('ref_axis',(-1.,0.,0.));
#15344=DIRECTION('',(0.,0.,1.));
#15345=DIRECTION('center_axis',(0.,0.,-1.));
#15346=DIRECTION('ref_axis',(-1.,0.,0.));
#15347=DIRECTION('center_axis',(0.,0.,1.));
#15348=DIRECTION('ref_axis',(1.,0.,0.));
#15349=DIRECTION('center_axis',(0.,0.,1.));
#15350=DIRECTION('ref_axis',(-1.,0.,0.));
#15351=DIRECTION('center_axis',(0.,0.,1.));
#15352=DIRECTION('ref_axis',(-1.,0.,0.));
#15353=DIRECTION('center_axis',(0.,0.,1.));
#15354=DIRECTION('ref_axis',(-1.,0.,0.));
#15355=DIRECTION('',(0.,0.,1.));
#15356=DIRECTION('center_axis',(0.,0.,1.));
#15357=DIRECTION('ref_axis',(-1.,0.,0.));
#15358=DIRECTION('center_axis',(0.,0.,1.));
#15359=DIRECTION('ref_axis',(1.,0.,0.));
#15360=DIRECTION('center_axis',(0.,0.,-1.));
#15361=DIRECTION('ref_axis',(-1.,0.,0.));
#15362=DIRECTION('center_axis',(0.,0.,1.));
#15363=DIRECTION('ref_axis',(-1.,0.,0.));
#15364=DIRECTION('',(0.,0.,1.));
#15365=DIRECTION('center_axis',(-1.,0.,0.));
#15366=DIRECTION('ref_axis',(0.,-1.,0.));
#15367=DIRECTION('',(0.,-1.,0.));
#15368=DIRECTION('',(0.,0.,1.));
#15369=DIRECTION('',(0.,-1.,0.));
#15370=DIRECTION('',(0.,0.,1.));
#15371=DIRECTION('center_axis',(0.,1.,0.));
#15372=DIRECTION('ref_axis',(-1.,0.,0.));
#15373=DIRECTION('',(-1.,0.,0.));
#15374=DIRECTION('',(-1.,0.,0.));
#15375=DIRECTION('',(0.,0.,1.));
#15376=DIRECTION('center_axis',(1.,0.,0.));
#15377=DIRECTION('ref_axis',(0.,1.,0.));
#15378=DIRECTION('',(0.,1.,0.));
#15379=DIRECTION('',(0.,1.,0.));
#15380=DIRECTION('',(0.,0.,1.));
#15381=DIRECTION('center_axis',(0.,-1.,0.));
#15382=DIRECTION('ref_axis',(1.,0.,0.));
#15383=DIRECTION('',(1.,0.,0.));
#15384=DIRECTION('',(1.,0.,0.));
#15385=DIRECTION('center_axis',(0.,0.,1.));
#15386=DIRECTION('ref_axis',(1.,0.,0.));
#15387=DIRECTION('center_axis',(0.,0.,1.));
#15388=DIRECTION('ref_axis',(1.,0.,0.));
#15389=DIRECTION('axis',(0.,0.,1.));
#15390=DIRECTION('refdir',(1.,0.,0.));
#15391=DIRECTION('center_axis',(0.,0.,1.));
#15392=DIRECTION('ref_axis',(-1.,0.,0.));
#15393=DIRECTION('center_axis',(0.,0.,1.));
#15394=DIRECTION('ref_axis',(-1.,0.,0.));
#15395=DIRECTION('',(0.,0.,1.));
#15396=DIRECTION('center_axis',(0.,0.,-1.));
#15397=DIRECTION('ref_axis',(-1.,0.,0.));
#15398=DIRECTION('center_axis',(0.,0.,1.));
#15399=DIRECTION('ref_axis',(-1.,0.,0.));
#15400=DIRECTION('center_axis',(0.,0.,1.));
#15401=DIRECTION('ref_axis',(-1.,0.,0.));
#15402=DIRECTION('',(0.,0.,1.));
#15403=DIRECTION('center_axis',(0.,0.,-1.));
#15404=DIRECTION('ref_axis',(-1.,0.,0.));
#15405=DIRECTION('center_axis',(0.,0.,1.));
#15406=DIRECTION('ref_axis',(-1.,0.,0.));
#15407=DIRECTION('center_axis',(0.,0.,1.));
#15408=DIRECTION('ref_axis',(-1.,0.,0.));
#15409=DIRECTION('',(0.,0.,1.));
#15410=DIRECTION('center_axis',(0.,0.,-1.));
#15411=DIRECTION('ref_axis',(-1.,0.,0.));
#15412=DIRECTION('center_axis',(0.,0.,1.));
#15413=DIRECTION('ref_axis',(-1.,0.,0.));
#15414=DIRECTION('center_axis',(0.,0.,1.));
#15415=DIRECTION('ref_axis',(-1.,0.,0.));
#15416=DIRECTION('',(0.,0.,1.));
#15417=DIRECTION('center_axis',(0.,0.,-1.));
#15418=DIRECTION('ref_axis',(-1.,0.,0.));
#15419=DIRECTION('center_axis',(0.,0.,1.));
#15420=DIRECTION('ref_axis',(-1.,0.,0.));
#15421=DIRECTION('center_axis',(0.,0.,1.));
#15422=DIRECTION('ref_axis',(-1.,0.,0.));
#15423=DIRECTION('',(0.,0.,1.));
#15424=DIRECTION('center_axis',(0.,0.,-1.));
#15425=DIRECTION('ref_axis',(-1.,0.,0.));
#15426=DIRECTION('center_axis',(0.,0.,1.));
#15427=DIRECTION('ref_axis',(-1.,0.,0.));
#15428=DIRECTION('center_axis',(0.,0.,1.));
#15429=DIRECTION('ref_axis',(-1.,0.,0.));
#15430=DIRECTION('',(0.,0.,1.));
#15431=DIRECTION('center_axis',(0.,0.,-1.));
#15432=DIRECTION('ref_axis',(-1.,0.,0.));
#15433=DIRECTION('center_axis',(0.,0.,1.));
#15434=DIRECTION('ref_axis',(-1.,0.,0.));
#15435=DIRECTION('center_axis',(0.,0.,1.));
#15436=DIRECTION('ref_axis',(-1.,0.,0.));
#15437=DIRECTION('',(0.,0.,1.));
#15438=DIRECTION('center_axis',(0.,0.,-1.));
#15439=DIRECTION('ref_axis',(-1.,0.,0.));
#15440=DIRECTION('center_axis',(0.,0.,1.));
#15441=DIRECTION('ref_axis',(-1.,0.,0.));
#15442=DIRECTION('center_axis',(0.,0.,1.));
#15443=DIRECTION('ref_axis',(-1.,0.,0.));
#15444=DIRECTION('',(0.,0.,1.));
#15445=DIRECTION('center_axis',(0.,0.,-1.));
#15446=DIRECTION('ref_axis',(-1.,0.,0.));
#15447=DIRECTION('center_axis',(0.,0.,1.));
#15448=DIRECTION('ref_axis',(-1.,0.,0.));
#15449=DIRECTION('center_axis',(0.,0.,1.));
#15450=DIRECTION('ref_axis',(-1.,0.,0.));
#15451=DIRECTION('',(0.,0.,1.));
#15452=DIRECTION('center_axis',(0.,0.,-1.));
#15453=DIRECTION('ref_axis',(-1.,0.,0.));
#15454=DIRECTION('center_axis',(0.,0.,1.));
#15455=DIRECTION('ref_axis',(-1.,0.,0.));
#15456=DIRECTION('center_axis',(0.,0.,1.));
#15457=DIRECTION('ref_axis',(-1.,0.,0.));
#15458=DIRECTION('',(0.,0.,1.));
#15459=DIRECTION('center_axis',(0.,0.,-1.));
#15460=DIRECTION('ref_axis',(-1.,0.,0.));
#15461=DIRECTION('center_axis',(0.,0.,1.));
#15462=DIRECTION('ref_axis',(-1.,0.,0.));
#15463=DIRECTION('center_axis',(0.,0.,1.));
#15464=DIRECTION('ref_axis',(-1.,0.,0.));
#15465=DIRECTION('',(0.,0.,1.));
#15466=DIRECTION('center_axis',(0.,0.,-1.));
#15467=DIRECTION('ref_axis',(-1.,0.,0.));
#15468=DIRECTION('center_axis',(-1.,0.,0.));
#15469=DIRECTION('ref_axis',(0.,-1.,0.));
#15470=DIRECTION('',(0.,-1.,0.));
#15471=DIRECTION('',(0.,0.,1.));
#15472=DIRECTION('',(0.,-1.,0.));
#15473=DIRECTION('',(0.,0.,1.));
#15474=DIRECTION('center_axis',(0.,1.,0.));
#15475=DIRECTION('ref_axis',(-1.,0.,0.));
#15476=DIRECTION('',(-1.,0.,0.));
#15477=DIRECTION('',(-1.,0.,0.));
#15478=DIRECTION('',(0.,0.,1.));
#15479=DIRECTION('center_axis',(1.,0.,0.));
#15480=DIRECTION('ref_axis',(0.,1.,0.));
#15481=DIRECTION('',(0.,1.,0.));
#15482=DIRECTION('',(0.,1.,0.));
#15483=DIRECTION('',(0.,0.,1.));
#15484=DIRECTION('center_axis',(0.,-1.,0.));
#15485=DIRECTION('ref_axis',(1.,0.,0.));
#15486=DIRECTION('',(1.,0.,0.));
#15487=DIRECTION('',(1.,0.,0.));
#15488=DIRECTION('center_axis',(0.,0.,1.));
#15489=DIRECTION('ref_axis',(1.,0.,0.));
#15490=DIRECTION('center_axis',(0.,0.,1.));
#15491=DIRECTION('ref_axis',(1.,0.,0.));
#15492=DIRECTION('axis',(0.,0.,1.));
#15493=DIRECTION('refdir',(1.,0.,0.));
#15494=DIRECTION('center_axis',(0.,0.,1.));
#15495=DIRECTION('ref_axis',(-7.04481399828022E-16,-1.,0.));
#15496=DIRECTION('',(0.,0.,1.));
#15497=DIRECTION('center_axis',(0.,0.,1.));
#15498=DIRECTION('ref_axis',(-1.,0.,0.));
#15499=DIRECTION('',(0.,0.,-1.));
#15500=DIRECTION('center_axis',(0.,0.,-1.));
#15501=DIRECTION('ref_axis',(-1.,0.,0.));
#15502=DIRECTION('center_axis',(0.,0.,1.));
#15503=DIRECTION('ref_axis',(-1.,0.,0.));
#15504=DIRECTION('center_axis',(0.,0.,1.));
#15505=DIRECTION('ref_axis',(-1.,0.,0.));
#15506=DIRECTION('',(0.,0.,1.));
#15507=DIRECTION('center_axis',(0.,0.,-1.));
#15508=DIRECTION('ref_axis',(-1.,0.,0.));
#15509=DIRECTION('center_axis',(0.,0.,1.));
#15510=DIRECTION('ref_axis',(-1.,0.,0.));
#15511=DIRECTION('center_axis',(0.,0.,-1.));
#15512=DIRECTION('ref_axis',(-1.,0.,0.));
#15513=DIRECTION('',(0.,0.,-1.));
#15514=DIRECTION('center_axis',(0.,0.,1.));
#15515=DIRECTION('ref_axis',(-1.,0.,0.));
#15516=DIRECTION('center_axis',(0.,0.,1.));
#15517=DIRECTION('ref_axis',(1.,0.,0.));
#15518=DIRECTION('center_axis',(0.,0.,1.));
#15519=DIRECTION('ref_axis',(-1.,0.,0.));
#15520=DIRECTION('',(-1.,0.,0.));
#15521=DIRECTION('',(0.,-1.,0.));
#15522=DIRECTION('',(1.,0.,0.));
#15523=DIRECTION('center_axis',(0.,0.,1.));
#15524=DIRECTION('ref_axis',(-1.,0.,0.));
#15525=DIRECTION('',(0.,-1.,0.));
#15526=DIRECTION('',(1.,0.,0.));
#15527=DIRECTION('',(0.,1.,0.));
#15528=DIRECTION('center_axis',(0.,0.,1.));
#15529=DIRECTION('ref_axis',(-1.,0.,0.));
#15530=DIRECTION('',(1.,0.,0.));
#15531=DIRECTION('',(0.,1.,0.));
#15532=DIRECTION('',(-1.,0.,0.));
#15533=DIRECTION('center_axis',(0.,0.,1.));
#15534=DIRECTION('ref_axis',(-1.,0.,0.));
#15535=DIRECTION('',(0.,1.,0.));
#15536=DIRECTION('',(-1.,0.,0.));
#15537=DIRECTION('',(0.,-1.,0.));
#15538=DIRECTION('center_axis',(0.,0.,-1.));
#15539=DIRECTION('ref_axis',(-1.,0.,0.));
#15540=DIRECTION('center_axis',(0.,0.,-1.));
#15541=DIRECTION('ref_axis',(-1.,0.,0.));
#15542=DIRECTION('center_axis',(0.,0.,-1.));
#15543=DIRECTION('ref_axis',(-1.,0.,0.));
#15544=DIRECTION('center_axis',(0.,0.,-1.));
#15545=DIRECTION('ref_axis',(-1.,0.,0.));
#15546=DIRECTION('center_axis',(0.,0.,-1.));
#15547=DIRECTION('ref_axis',(-1.,0.,0.));
#15548=DIRECTION('',(1.,0.,0.));
#15549=DIRECTION('center_axis',(0.,0.,-1.));
#15550=DIRECTION('ref_axis',(-1.,0.,0.));
#15551=DIRECTION('',(0.,1.,0.));
#15552=DIRECTION('center_axis',(0.,0.,1.));
#15553=DIRECTION('ref_axis',(-1.,0.,0.));
#15554=DIRECTION('',(0.,-1.,0.));
#15555=DIRECTION('center_axis',(0.,0.,-1.));
#15556=DIRECTION('ref_axis',(-1.,0.,0.));
#15557=DIRECTION('',(1.,0.,0.));
#15558=DIRECTION('center_axis',(0.,0.,1.));
#15559=DIRECTION('ref_axis',(-1.,0.,0.));
#15560=DIRECTION('center_axis',(0.,0.,1.));
#15561=DIRECTION('ref_axis',(-1.,0.,0.));
#15562=DIRECTION('',(0.,1.,0.));
#15563=DIRECTION('center_axis',(0.,0.,-1.));
#15564=DIRECTION('ref_axis',(-1.,0.,0.));
#15565=DIRECTION('',(-1.,0.,0.));
#15566=DIRECTION('center_axis',(0.,0.,1.));
#15567=DIRECTION('ref_axis',(-1.,0.,0.));
#15568=DIRECTION('',(-1.,0.,0.));
#15569=DIRECTION('center_axis',(0.,0.,-1.));
#15570=DIRECTION('ref_axis',(-1.,0.,0.));
#15571=DIRECTION('',(0.,-1.,0.));
#15572=DIRECTION('center_axis',(0.,0.,1.));
#15573=DIRECTION('ref_axis',(-1.,0.,0.));
#15574=DIRECTION('center_axis',(0.,0.,1.));
#15575=DIRECTION('ref_axis',(-1.,0.,0.));
#15576=DIRECTION('',(0.,0.,-1.));
#15577=DIRECTION('center_axis',(0.,0.,1.));
#15578=DIRECTION('ref_axis',(-1.,0.,0.));
#15579=DIRECTION('center_axis',(0.,0.,1.));
#15580=DIRECTION('ref_axis',(-1.,0.,0.));
#15581=DIRECTION('',(0.,0.,1.));
#15582=DIRECTION('center_axis',(0.,0.,1.));
#15583=DIRECTION('ref_axis',(-7.04481399828022E-16,1.,0.));
#15584=DIRECTION('',(0.,0.,-1.));
#15585=DIRECTION('center_axis',(0.,0.,1.));
#15586=DIRECTION('ref_axis',(-1.,0.,0.));
#15587=DIRECTION('center_axis',(0.,0.,1.));
#15588=DIRECTION('ref_axis',(-1.,0.,0.));
#15589=DIRECTION('center_axis',(0.,0.,1.));
#15590=DIRECTION('ref_axis',(-1.,0.,0.));
#15591=DIRECTION('',(0.,0.,1.));
#15592=DIRECTION('center_axis',(0.,0.,1.));
#15593=DIRECTION('ref_axis',(1.,0.,0.));
#15594=DIRECTION('',(-1.,0.,0.));
#15595=DIRECTION('',(0.,1.,0.));
#15596=DIRECTION('center_axis',(0.,0.,-1.));
#15597=DIRECTION('ref_axis',(-1.,0.,0.));
#15598=DIRECTION('',(-1.,0.,0.));
#15599=DIRECTION('',(0.,1.,0.));
#15600=DIRECTION('',(1.,0.,0.));
#15601=DIRECTION('center_axis',(0.,0.,-1.));
#15602=DIRECTION('ref_axis',(-1.,0.,0.));
#15603=DIRECTION('',(0.,1.,0.));
#15604=DIRECTION('',(1.,0.,0.));
#15605=DIRECTION('',(0.,-1.,0.));
#15606=DIRECTION('center_axis',(0.,0.,-1.));
#15607=DIRECTION('ref_axis',(-1.,0.,0.));
#15608=DIRECTION('',(1.,0.,0.));
#15609=DIRECTION('',(0.,-1.,0.));
#15610=DIRECTION('',(-1.,0.,0.));
#15611=DIRECTION('center_axis',(0.,0.,-1.));
#15612=DIRECTION('ref_axis',(-1.,0.,0.));
#15613=DIRECTION('',(0.,-1.,0.));
#15614=DIRECTION('center_axis',(0.,0.,1.));
#15615=DIRECTION('ref_axis',(-1.,0.,0.));
#15616=DIRECTION('',(-1.,0.,0.));
#15617=DIRECTION('center_axis',(0.,0.,1.));
#15618=DIRECTION('ref_axis',(-1.,0.,0.));
#15619=DIRECTION('',(0.,1.,0.));
#15620=DIRECTION('center_axis',(0.,0.,-1.));
#15621=DIRECTION('ref_axis',(-1.,0.,0.));
#15622=DIRECTION('',(0.,-1.,0.));
#15623=DIRECTION('center_axis',(0.,0.,1.));
#15624=DIRECTION('ref_axis',(-1.,0.,0.));
#15625=DIRECTION('',(-1.,0.,0.));
#15626=DIRECTION('center_axis',(0.,0.,-1.));
#15627=DIRECTION('ref_axis',(-1.,0.,0.));
#15628=DIRECTION('center_axis',(0.,0.,-1.));
#15629=DIRECTION('ref_axis',(-1.,0.,0.));
#15630=DIRECTION('',(0.,1.,0.));
#15631=DIRECTION('center_axis',(0.,0.,1.));
#15632=DIRECTION('ref_axis',(-1.,0.,0.));
#15633=DIRECTION('',(1.,0.,0.));
#15634=DIRECTION('center_axis',(0.,0.,-1.));
#15635=DIRECTION('ref_axis',(-1.,0.,0.));
#15636=DIRECTION('',(1.,0.,0.));
#15637=DIRECTION('center_axis',(0.,0.,1.));
#15638=DIRECTION('ref_axis',(-1.,0.,0.));
#15639=DIRECTION('',(0.,-1.,0.));
#15640=DIRECTION('center_axis',(0.,0.,1.));
#15641=DIRECTION('ref_axis',(1.,-1.22464679914735E-16,0.));
#15642=DIRECTION('center_axis',(0.,0.,1.));
#15643=DIRECTION('ref_axis',(-1.,0.,0.));
#15644=DIRECTION('',(0.,0.,1.));
#15645=DIRECTION('',(0.,0.,-1.));
#15646=DIRECTION('center_axis',(0.,0.,1.));
#15647=DIRECTION('ref_axis',(-1.,0.,0.));
#15648=DIRECTION('',(0.,0.,-1.));
#15649=DIRECTION('',(0.,0.,1.));
#15650=DIRECTION('center_axis',(0.,0.,1.));
#15651=DIRECTION('ref_axis',(-1.,0.,0.));
#15652=DIRECTION('',(0.,0.,1.));
#15653=DIRECTION('',(0.,0.,-1.));
#15654=DIRECTION('center_axis',(0.,0.,1.));
#15655=DIRECTION('ref_axis',(-1.,0.,0.));
#15656=DIRECTION('',(0.,0.,-1.));
#15657=DIRECTION('',(0.,0.,1.));
#15658=DIRECTION('center_axis',(0.,-1.,0.));
#15659=DIRECTION('ref_axis',(1.,0.,0.));
#15660=DIRECTION('',(0.,0.,-1.));
#15661=DIRECTION('center_axis',(1.,0.,0.));
#15662=DIRECTION('ref_axis',(0.,1.,0.));
#15663=DIRECTION('',(0.,0.,-1.));
#15664=DIRECTION('center_axis',(-1.,0.,0.));
#15665=DIRECTION('ref_axis',(0.,-1.,0.));
#15666=DIRECTION('',(0.,0.,-1.));
#15667=DIRECTION('center_axis',(0.,1.,0.));
#15668=DIRECTION('ref_axis',(-1.,0.,0.));
#15669=DIRECTION('',(0.,0.,-1.));
#15670=DIRECTION('center_axis',(0.,1.,0.));
#15671=DIRECTION('ref_axis',(-1.,0.,0.));
#15672=DIRECTION('',(0.,0.,1.));
#15673=DIRECTION('',(0.,0.,1.));
#15674=DIRECTION('center_axis',(-1.,0.,0.));
#15675=DIRECTION('ref_axis',(0.,-1.,0.));
#15676=DIRECTION('',(0.,0.,1.));
#15677=DIRECTION('',(0.,0.,1.));
#15678=DIRECTION('center_axis',(-1.,0.,0.));
#15679=DIRECTION('ref_axis',(0.,-1.,0.));
#15680=DIRECTION('',(0.,0.,-1.));
#15681=DIRECTION('center_axis',(-1.,0.,0.));
#15682=DIRECTION('ref_axis',(0.,-1.,0.));
#15683=DIRECTION('',(0.,0.,1.));
#15684=DIRECTION('center_axis',(1.,0.,0.));
#15685=DIRECTION('ref_axis',(0.,1.,0.));
#15686=DIRECTION('',(0.,0.,-1.));
#15687=DIRECTION('',(0.,0.,1.));
#15688=DIRECTION('center_axis',(1.,0.,0.));
#15689=DIRECTION('ref_axis',(0.,1.,0.));
#15690=DIRECTION('',(0.,0.,1.));
#15691=DIRECTION('center_axis',(1.,0.,0.));
#15692=DIRECTION('ref_axis',(0.,1.,0.));
#15693=DIRECTION('',(0.,0.,1.));
#15694=DIRECTION('center_axis',(0.,-1.,0.));
#15695=DIRECTION('ref_axis',(1.,0.,0.));
#15696=DIRECTION('center_axis',(0.,1.,0.));
#15697=DIRECTION('ref_axis',(-1.,0.,0.));
#15698=DIRECTION('',(0.,0.,1.));
#15699=DIRECTION('center_axis',(0.,0.,1.));
#15700=DIRECTION('ref_axis',(-1.,0.,0.));
#15701=DIRECTION('center_axis',(0.,0.,1.));
#15702=DIRECTION('ref_axis',(-1.,0.,0.));
#15703=DIRECTION('center_axis',(0.,0.,1.));
#15704=DIRECTION('ref_axis',(-1.,0.,0.));
#15705=DIRECTION('',(0.,0.,-1.));
#15706=DIRECTION('center_axis',(0.,0.,1.));
#15707=DIRECTION('ref_axis',(-1.,0.,0.));
#15708=DIRECTION('center_axis',(0.,0.,1.));
#15709=DIRECTION('ref_axis',(-1.,0.,0.));
#15710=DIRECTION('',(0.,0.,1.));
#15711=DIRECTION('center_axis',(0.,0.,1.));
#15712=DIRECTION('ref_axis',(-1.,0.,0.));
#15713=DIRECTION('',(0.,0.,-1.));
#15714=DIRECTION('center_axis',(1.,0.,0.));
#15715=DIRECTION('ref_axis',(0.,1.,0.));
#15716=DIRECTION('',(0.,0.,1.));
#15717=DIRECTION('',(0.,0.,1.));
#15718=DIRECTION('center_axis',(0.,1.,0.));
#15719=DIRECTION('ref_axis',(-1.,0.,0.));
#15720=DIRECTION('',(0.,0.,1.));
#15721=DIRECTION('',(0.,0.,1.));
#15722=DIRECTION('center_axis',(0.,1.,0.));
#15723=DIRECTION('ref_axis',(-1.,0.,0.));
#15724=DIRECTION('center_axis',(0.,-1.,0.));
#15725=DIRECTION('ref_axis',(1.,0.,0.));
#15726=DIRECTION('',(0.,0.,1.));
#15727=DIRECTION('center_axis',(0.,-1.,0.));
#15728=DIRECTION('ref_axis',(1.,0.,0.));
#15729=DIRECTION('center_axis',(-1.,0.,0.));
#15730=DIRECTION('ref_axis',(0.,-1.,0.));
#15731=DIRECTION('center_axis',(0.,-1.,0.));
#15732=DIRECTION('ref_axis',(1.,0.,0.));
#15733=DIRECTION('',(0.,0.,1.));
#15734=DIRECTION('center_axis',(0.,0.,1.));
#15735=DIRECTION('ref_axis',(-1.,0.,0.));
#15736=DIRECTION('center_axis',(0.,0.,1.));
#15737=DIRECTION('ref_axis',(-1.,0.,0.));
#15738=DIRECTION('axis',(0.,0.,1.));
#15739=DIRECTION('refdir',(1.,0.,0.));
#15740=DIRECTION('center_axis',(-1.,0.,0.));
#15741=DIRECTION('ref_axis',(0.,-1.,0.));
#15742=DIRECTION('',(0.,-1.,0.));
#15743=DIRECTION('',(0.,0.,1.));
#15744=DIRECTION('',(0.,-1.,0.));
#15745=DIRECTION('',(0.,0.,1.));
#15746=DIRECTION('center_axis',(0.,1.,0.));
#15747=DIRECTION('ref_axis',(-1.,0.,0.));
#15748=DIRECTION('',(-1.,0.,0.));
#15749=DIRECTION('',(-1.,0.,0.));
#15750=DIRECTION('',(0.,0.,1.));
#15751=DIRECTION('center_axis',(1.,0.,0.));
#15752=DIRECTION('ref_axis',(0.,1.,0.));
#15753=DIRECTION('',(0.,1.,0.));
#15754=DIRECTION('',(0.,1.,0.));
#15755=DIRECTION('',(0.,0.,1.));
#15756=DIRECTION('center_axis',(0.,-1.,0.));
#15757=DIRECTION('ref_axis',(1.,0.,0.));
#15758=DIRECTION('',(1.,0.,0.));
#15759=DIRECTION('',(1.,0.,0.));
#15760=DIRECTION('center_axis',(0.,0.,1.));
#15761=DIRECTION('ref_axis',(1.,0.,0.));
#15762=DIRECTION('center_axis',(0.,0.,1.));
#15763=DIRECTION('ref_axis',(1.,0.,0.));
#15764=DIRECTION('axis',(0.,0.,1.));
#15765=DIRECTION('refdir',(1.,0.,0.));
#15766=DIRECTION('center_axis',(-1.,0.,0.));
#15767=DIRECTION('ref_axis',(0.,-1.,0.));
#15768=DIRECTION('',(0.,-1.,0.));
#15769=DIRECTION('',(0.,0.,1.));
#15770=DIRECTION('',(0.,-1.,0.));
#15771=DIRECTION('',(0.,0.,1.));
#15772=DIRECTION('center_axis',(0.,1.,0.));
#15773=DIRECTION('ref_axis',(-1.,0.,0.));
#15774=DIRECTION('',(-1.,0.,0.));
#15775=DIRECTION('',(-1.,0.,0.));
#15776=DIRECTION('',(0.,0.,1.));
#15777=DIRECTION('center_axis',(1.,0.,0.));
#15778=DIRECTION('ref_axis',(0.,1.,0.));
#15779=DIRECTION('',(0.,1.,0.));
#15780=DIRECTION('',(0.,1.,0.));
#15781=DIRECTION('',(0.,0.,1.));
#15782=DIRECTION('center_axis',(0.,-1.,0.));
#15783=DIRECTION('ref_axis',(1.,0.,0.));
#15784=DIRECTION('',(1.,0.,0.));
#15785=DIRECTION('',(1.,0.,0.));
#15786=DIRECTION('center_axis',(0.,0.,1.));
#15787=DIRECTION('ref_axis',(1.,0.,0.));
#15788=DIRECTION('center_axis',(0.,0.,1.));
#15789=DIRECTION('ref_axis',(1.,0.,0.));
#15790=DIRECTION('axis',(0.,0.,1.));
#15791=DIRECTION('refdir',(1.,0.,0.));
#15792=DIRECTION('center_axis',(0.,0.,1.));
#15793=DIRECTION('ref_axis',(-1.,0.,0.));
#15794=DIRECTION('center_axis',(0.,0.,1.));
#15795=DIRECTION('ref_axis',(-1.,0.,0.));
#15796=DIRECTION('',(0.,0.,1.));
#15797=DIRECTION('center_axis',(0.,0.,1.));
#15798=DIRECTION('ref_axis',(-1.,0.,0.));
#15799=DIRECTION('center_axis',(0.,0.,1.));
#15800=DIRECTION('ref_axis',(1.,0.,0.));
#15801=DIRECTION('center_axis',(0.,0.,1.));
#15802=DIRECTION('ref_axis',(-1.,0.,0.));
#15803=DIRECTION('center_axis',(0.,0.,1.));
#15804=DIRECTION('ref_axis',(-1.,0.,0.));
#15805=DIRECTION('',(0.,0.,1.));
#15806=DIRECTION('center_axis',(0.,0.,1.));
#15807=DIRECTION('ref_axis',(-1.,0.,0.));
#15808=DIRECTION('center_axis',(0.,0.,1.));
#15809=DIRECTION('ref_axis',(1.,0.,0.));
#15810=DIRECTION('center_axis',(0.,0.,1.));
#15811=DIRECTION('ref_axis',(-1.,0.,0.));
#15812=DIRECTION('center_axis',(0.,0.,-1.));
#15813=DIRECTION('ref_axis',(-1.,0.,0.));
#15814=DIRECTION('',(0.,0.,1.));
#15815=DIRECTION('center_axis',(0.,0.,-1.));
#15816=DIRECTION('ref_axis',(-1.,0.,0.));
#15817=DIRECTION('center_axis',(0.,0.,1.));
#15818=DIRECTION('ref_axis',(-1.,0.,0.));
#15819=DIRECTION('center_axis',(0.,0.,1.));
#15820=DIRECTION('ref_axis',(-1.,0.,0.));
#15821=DIRECTION('',(0.,0.,1.));
#15822=DIRECTION('center_axis',(0.,0.,-1.));
#15823=DIRECTION('ref_axis',(-1.,0.,0.));
#15824=DIRECTION('center_axis',(0.,0.,1.));
#15825=DIRECTION('ref_axis',(1.,0.,0.));
#15826=DIRECTION('center_axis',(0.,0.,1.));
#15827=DIRECTION('ref_axis',(-1.,0.,0.));
#15828=DIRECTION('center_axis',(0.,0.,-1.));
#15829=DIRECTION('ref_axis',(-1.,0.,0.));
#15830=DIRECTION('',(0.,0.,1.));
#15831=DIRECTION('center_axis',(0.,0.,-1.));
#15832=DIRECTION('ref_axis',(-1.,0.,0.));
#15833=DIRECTION('center_axis',(0.,0.,1.));
#15834=DIRECTION('ref_axis',(-1.,0.,0.));
#15835=DIRECTION('center_axis',(0.,0.,1.));
#15836=DIRECTION('ref_axis',(-1.,0.,0.));
#15837=DIRECTION('',(0.,0.,1.));
#15838=DIRECTION('center_axis',(0.,0.,-1.));
#15839=DIRECTION('ref_axis',(-1.,0.,0.));
#15840=DIRECTION('center_axis',(0.,0.,1.));
#15841=DIRECTION('ref_axis',(1.,0.,0.));
#15842=DIRECTION('center_axis',(0.,0.,1.));
#15843=DIRECTION('ref_axis',(1.,0.,0.));
#15844=DIRECTION('',(0.,1.,0.));
#15845=DIRECTION('',(1.,0.,0.));
#15846=DIRECTION('',(0.,-1.,0.));
#15847=DIRECTION('',(-1.,0.,0.));
#15848=DIRECTION('center_axis',(-1.,0.,0.));
#15849=DIRECTION('ref_axis',(0.,-1.,0.));
#15850=DIRECTION('',(0.,0.,1.));
#15851=DIRECTION('',(0.,-1.,0.));
#15852=DIRECTION('',(0.,0.,1.));
#15853=DIRECTION('center_axis',(0.,0.,1.));
#15854=DIRECTION('ref_axis',(1.,0.,0.));
#15855=DIRECTION('',(1.,0.,0.));
#15856=DIRECTION('',(0.,1.,0.));
#15857=DIRECTION('',(-1.,0.,0.));
#15858=DIRECTION('center_axis',(0.,-1.,0.));
#15859=DIRECTION('ref_axis',(1.,0.,0.));
#15860=DIRECTION('',(0.,0.,1.));
#15861=DIRECTION('',(1.,0.,0.));
#15862=DIRECTION('',(0.,0.,1.));
#15863=DIRECTION('',(1.,0.,0.));
#15864=DIRECTION('',(0.,0.,1.));
#15865=DIRECTION('',(1.,0.,0.));
#15866=DIRECTION('',(0.,0.,1.));
#15867=DIRECTION('center_axis',(0.,0.,1.));
#15868=DIRECTION('ref_axis',(1.,0.,0.));
#15869=DIRECTION('',(0.,1.,0.));
#15870=DIRECTION('',(0.,-1.,0.));
#15871=DIRECTION('',(-1.,0.,0.));
#15872=DIRECTION('center_axis',(-1.,0.,0.));
#15873=DIRECTION('ref_axis',(0.,-1.,0.));
#15874=DIRECTION('',(0.,-1.,0.));
#15875=DIRECTION('',(0.,0.,1.));
#15876=DIRECTION('center_axis',(0.,0.,1.));
#15877=DIRECTION('ref_axis',(1.,0.,0.));
#15878=DIRECTION('',(0.,-1.,0.));
#15879=DIRECTION('',(-1.,0.,0.));
#15880=DIRECTION('center_axis',(0.,1.,0.));
#15881=DIRECTION('ref_axis',(-1.,0.,0.));
#15882=DIRECTION('',(0.,0.,1.));
#15883=DIRECTION('',(-1.,0.,0.));
#15884=DIRECTION('',(0.,0.,1.));
#15885=DIRECTION('',(0.,0.,1.));
#15886=DIRECTION('center_axis',(-1.,0.,0.));
#15887=DIRECTION('ref_axis',(0.,-1.,0.));
#15888=DIRECTION('center_axis',(-1.,0.,0.));
#15889=DIRECTION('ref_axis',(0.,-1.,0.));
#15890=DIRECTION('',(0.,-1.,0.));
#15891=DIRECTION('center_axis',(1.,0.,0.));
#15892=DIRECTION('ref_axis',(0.,1.,0.));
#15893=DIRECTION('',(0.,1.,0.));
#15894=DIRECTION('center_axis',(0.,0.,1.));
#15895=DIRECTION('ref_axis',(1.,0.,0.));
#15896=DIRECTION('axis',(0.,0.,1.));
#15897=DIRECTION('refdir',(1.,0.,0.));
#15898=DIRECTION('center_axis',(0.,0.,1.));
#15899=DIRECTION('ref_axis',(-1.,0.,0.));
#15900=DIRECTION('center_axis',(0.,0.,1.));
#15901=DIRECTION('ref_axis',(-1.,0.,0.));
#15902=DIRECTION('',(0.,0.,1.));
#15903=DIRECTION('center_axis',(0.,0.,-1.));
#15904=DIRECTION('ref_axis',(-1.,0.,0.));
#15905=DIRECTION('center_axis',(0.,0.,1.));
#15906=DIRECTION('ref_axis',(-1.,0.,0.));
#15907=DIRECTION('center_axis',(0.,0.,1.));
#15908=DIRECTION('ref_axis',(-1.,0.,0.));
#15909=DIRECTION('',(0.,0.,1.));
#15910=DIRECTION('center_axis',(0.,0.,-1.));
#15911=DIRECTION('ref_axis',(-1.,0.,0.));
#15912=DIRECTION('center_axis',(0.,0.,1.));
#15913=DIRECTION('ref_axis',(-1.,0.,0.));
#15914=DIRECTION('center_axis',(0.,0.,1.));
#15915=DIRECTION('ref_axis',(-1.,0.,0.));
#15916=DIRECTION('',(0.,0.,1.));
#15917=DIRECTION('center_axis',(0.,0.,-1.));
#15918=DIRECTION('ref_axis',(-1.,0.,0.));
#15919=DIRECTION('center_axis',(0.,0.,1.));
#15920=DIRECTION('ref_axis',(-1.,0.,0.));
#15921=DIRECTION('center_axis',(0.,0.,1.));
#15922=DIRECTION('ref_axis',(-1.,0.,0.));
#15923=DIRECTION('',(0.,0.,1.));
#15924=DIRECTION('center_axis',(0.,0.,-1.));
#15925=DIRECTION('ref_axis',(-1.,0.,0.));
#15926=DIRECTION('center_axis',(0.,0.,1.));
#15927=DIRECTION('ref_axis',(-1.,0.,0.));
#15928=DIRECTION('center_axis',(0.,0.,1.));
#15929=DIRECTION('ref_axis',(-1.,0.,0.));
#15930=DIRECTION('',(0.,0.,1.));
#15931=DIRECTION('center_axis',(0.,0.,-1.));
#15932=DIRECTION('ref_axis',(-1.,0.,0.));
#15933=DIRECTION('center_axis',(1.,0.,0.));
#15934=DIRECTION('ref_axis',(0.,1.,0.));
#15935=DIRECTION('',(0.,1.,0.));
#15936=DIRECTION('',(0.,0.,1.));
#15937=DIRECTION('',(0.,1.,0.));
#15938=DIRECTION('',(0.,0.,1.));
#15939=DIRECTION('center_axis',(0.,0.,1.));
#15940=DIRECTION('ref_axis',(1.,0.,0.));
#15941=DIRECTION('',(1.,0.,0.));
#15942=DIRECTION('',(0.,-1.,0.));
#15943=DIRECTION('',(-1.,0.,0.));
#15944=DIRECTION('center_axis',(0.,1.,0.));
#15945=DIRECTION('ref_axis',(-1.,0.,0.));
#15946=DIRECTION('',(-1.,0.,0.));
#15947=DIRECTION('',(0.,0.,1.));
#15948=DIRECTION('',(-1.,0.,0.));
#15949=DIRECTION('',(0.,0.,1.));
#15950=DIRECTION('center_axis',(0.,0.,1.));
#15951=DIRECTION('ref_axis',(1.,0.,0.));
#15952=DIRECTION('',(1.,0.,0.));
#15953=DIRECTION('center_axis',(0.,0.,1.));
#15954=DIRECTION('ref_axis',(-1.,0.,0.));
#15955=DIRECTION('',(0.,-1.,0.));
#15956=DIRECTION('center_axis',(0.,0.,-1.));
#15957=DIRECTION('ref_axis',(-1.,0.,0.));
#15958=DIRECTION('center_axis',(0.,-1.,0.));
#15959=DIRECTION('ref_axis',(1.,0.,0.));
#15960=DIRECTION('',(1.,0.,0.));
#15961=DIRECTION('',(0.,0.,-1.));
#15962=DIRECTION('',(0.,0.,1.));
#15963=DIRECTION('center_axis',(-1.,0.,0.));
#15964=DIRECTION('ref_axis',(0.,-1.,0.));
#15965=DIRECTION('center_axis',(0.,0.,1.));
#15966=DIRECTION('ref_axis',(-1.,0.,0.));
#15967=DIRECTION('center_axis',(0.,0.,1.));
#15968=DIRECTION('ref_axis',(-1.,0.,0.));
#15969=DIRECTION('',(0.,0.,1.));
#15970=DIRECTION('center_axis',(0.,0.,1.));
#15971=DIRECTION('ref_axis',(1.,1.22464679914735E-16,0.));
#15972=DIRECTION('center_axis',(0.,0.,-1.));
#15973=DIRECTION('ref_axis',(-1.,0.,0.));
#15974=DIRECTION('center_axis',(0.,0.,1.));
#15975=DIRECTION('ref_axis',(1.,0.,0.));
#15976=DIRECTION('axis',(0.,0.,1.));
#15977=DIRECTION('refdir',(1.,0.,0.));
#15978=DIRECTION('center_axis',(-1.,0.,0.));
#15979=DIRECTION('ref_axis',(0.,-1.,0.));
#15980=DIRECTION('',(0.,-1.,0.));
#15981=DIRECTION('',(0.,0.,1.));
#15982=DIRECTION('',(0.,-1.,0.));
#15983=DIRECTION('',(0.,0.,1.));
#15984=DIRECTION('center_axis',(0.,1.,0.));
#15985=DIRECTION('ref_axis',(-1.,0.,0.));
#15986=DIRECTION('',(-1.,0.,0.));
#15987=DIRECTION('',(-1.,0.,0.));
#15988=DIRECTION('',(0.,0.,1.));
#15989=DIRECTION('center_axis',(1.,0.,0.));
#15990=DIRECTION('ref_axis',(0.,1.,0.));
#15991=DIRECTION('',(0.,1.,0.));
#15992=DIRECTION('',(0.,1.,0.));
#15993=DIRECTION('',(0.,0.,1.));
#15994=DIRECTION('center_axis',(0.,-1.,0.));
#15995=DIRECTION('ref_axis',(1.,0.,0.));
#15996=DIRECTION('',(1.,0.,0.));
#15997=DIRECTION('',(1.,0.,0.));
#15998=DIRECTION('center_axis',(0.,0.,1.));
#15999=DIRECTION('ref_axis',(1.,0.,0.));
#16000=DIRECTION('center_axis',(0.,0.,1.));
#16001=DIRECTION('ref_axis',(1.,0.,0.));
#16002=DIRECTION('center_axis',(0.,0.,1.));
#16003=DIRECTION('ref_axis',(-1.,0.,0.));
#16004=DIRECTION('center_axis',(0.,0.,1.));
#16005=DIRECTION('ref_axis',(-1.,0.,0.));
#16006=DIRECTION('',(0.,0.,1.));
#16007=DIRECTION('center_axis',(0.,0.,-1.));
#16008=DIRECTION('ref_axis',(-1.,0.,0.));
#16009=DIRECTION('center_axis',(0.,0.,1.));
#16010=DIRECTION('ref_axis',(-1.,0.,0.));
#16011=DIRECTION('center_axis',(0.,0.,1.));
#16012=DIRECTION('ref_axis',(-1.,0.,0.));
#16013=DIRECTION('',(0.,0.,1.));
#16014=DIRECTION('center_axis',(0.,0.,-1.));
#16015=DIRECTION('ref_axis',(-1.,0.,0.));
#16016=DIRECTION('center_axis',(0.,0.,1.));
#16017=DIRECTION('ref_axis',(-1.,0.,0.));
#16018=DIRECTION('center_axis',(0.,0.,1.));
#16019=DIRECTION('ref_axis',(-1.,0.,0.));
#16020=DIRECTION('',(0.,0.,1.));
#16021=DIRECTION('center_axis',(0.,0.,-1.));
#16022=DIRECTION('ref_axis',(-1.,0.,0.));
#16023=DIRECTION('center_axis',(0.,0.,1.));
#16024=DIRECTION('ref_axis',(-1.,0.,0.));
#16025=DIRECTION('center_axis',(0.,0.,1.));
#16026=DIRECTION('ref_axis',(-1.,0.,0.));
#16027=DIRECTION('',(0.,0.,1.));
#16028=DIRECTION('center_axis',(0.,0.,-1.));
#16029=DIRECTION('ref_axis',(-1.,0.,0.));
#16030=DIRECTION('center_axis',(0.,0.,1.));
#16031=DIRECTION('ref_axis',(-1.,0.,0.));
#16032=DIRECTION('center_axis',(0.,0.,1.));
#16033=DIRECTION('ref_axis',(-1.,0.,0.));
#16034=DIRECTION('',(0.,0.,1.));
#16035=DIRECTION('center_axis',(0.,0.,-1.));
#16036=DIRECTION('ref_axis',(-1.,0.,0.));
#16037=DIRECTION('center_axis',(0.,0.,1.));
#16038=DIRECTION('ref_axis',(-1.,0.,0.));
#16039=DIRECTION('center_axis',(0.,0.,1.));
#16040=DIRECTION('ref_axis',(-1.,0.,0.));
#16041=DIRECTION('',(0.,0.,1.));
#16042=DIRECTION('center_axis',(0.,0.,-1.));
#16043=DIRECTION('ref_axis',(-1.,0.,0.));
#16044=DIRECTION('center_axis',(0.,0.,1.));
#16045=DIRECTION('ref_axis',(-1.,0.,0.));
#16046=DIRECTION('center_axis',(0.,0.,1.));
#16047=DIRECTION('ref_axis',(-1.,0.,0.));
#16048=DIRECTION('',(0.,0.,1.));
#16049=DIRECTION('center_axis',(0.,0.,-1.));
#16050=DIRECTION('ref_axis',(-1.,0.,0.));
#16051=DIRECTION('center_axis',(-1.,0.,0.));
#16052=DIRECTION('ref_axis',(0.,-1.,0.));
#16053=DIRECTION('',(0.,0.,-1.));
#16054=DIRECTION('',(0.,-1.,0.));
#16055=DIRECTION('',(0.,0.,1.));
#16056=DIRECTION('',(0.,-1.,0.));
#16057=DIRECTION('center_axis',(-1.,0.,0.));
#16058=DIRECTION('ref_axis',(0.,-1.,0.));
#16059=DIRECTION('',(0.,0.,1.));
#16060=DIRECTION('',(0.,-1.,0.));
#16061=DIRECTION('',(0.,0.,1.));
#16062=DIRECTION('',(0.,-1.,0.));
#16063=DIRECTION('center_axis',(1.,0.,0.));
#16064=DIRECTION('ref_axis',(0.,1.,0.));
#16065=DIRECTION('',(0.,0.,1.));
#16066=DIRECTION('',(0.,1.,0.));
#16067=DIRECTION('',(0.,0.,1.));
#16068=DIRECTION('',(0.,1.,0.));
#16069=DIRECTION('center_axis',(0.,1.,0.));
#16070=DIRECTION('ref_axis',(-1.,0.,0.));
#16071=DIRECTION('',(-1.,0.,0.));
#16072=DIRECTION('',(-1.,0.,0.));
#16073=DIRECTION('center_axis',(1.,0.,0.));
#16074=DIRECTION('ref_axis',(0.,1.,0.));
#16075=DIRECTION('',(0.,0.,-1.));
#16076=DIRECTION('',(0.,1.,0.));
#16077=DIRECTION('',(0.,0.,1.));
#16078=DIRECTION('',(0.,1.,0.));
#16079=DIRECTION('center_axis',(0.,-1.,0.));
#16080=DIRECTION('ref_axis',(1.,0.,0.));
#16081=DIRECTION('',(1.,0.,0.));
#16082=DIRECTION('',(1.,0.,0.));
#16083=DIRECTION('center_axis',(0.,-1.,0.));
#16084=DIRECTION('ref_axis',(1.,0.,0.));
#16085=DIRECTION('',(1.,0.,0.));
#16086=DIRECTION('',(0.,0.,1.));
#16087=DIRECTION('',(1.,0.,0.));
#16088=DIRECTION('center_axis',(0.,0.,1.));
#16089=DIRECTION('ref_axis',(1.,0.,0.));
#16090=DIRECTION('',(-1.,0.,0.));
#16091=DIRECTION('',(0.,1.,0.));
#16092=DIRECTION('',(-1.,0.,0.));
#16093=DIRECTION('',(0.,1.,0.));
#16094=DIRECTION('',(1.,0.,0.));
#16095=DIRECTION('',(0.,1.,0.));
#16096=DIRECTION('',(-1.,0.,0.));
#16097=DIRECTION('',(0.,1.,0.));
#16098=DIRECTION('',(-1.,0.,0.));
#16099=DIRECTION('',(0.,-1.,0.));
#16100=DIRECTION('',(-1.,0.,0.));
#16101=DIRECTION('',(0.,-1.,0.));
#16102=DIRECTION('',(1.,0.,0.));
#16103=DIRECTION('',(0.,-1.,0.));
#16104=DIRECTION('',(-1.,0.,0.));
#16105=DIRECTION('',(0.,-1.,0.));
#16106=DIRECTION('',(-1.,0.,0.));
#16107=DIRECTION('',(0.,-1.,0.));
#16108=DIRECTION('',(1.,0.,0.));
#16109=DIRECTION('',(0.,-1.,0.));
#16110=DIRECTION('',(1.,0.,0.));
#16111=DIRECTION('',(0.,-1.,0.));
#16112=DIRECTION('',(-1.,0.,0.));
#16113=DIRECTION('',(0.,-1.,0.));
#16114=DIRECTION('',(1.,0.,0.));
#16115=DIRECTION('',(0.,-1.,0.));
#16116=DIRECTION('',(1.,0.,0.));
#16117=DIRECTION('',(0.,1.,0.));
#16118=DIRECTION('',(1.,0.,0.));
#16119=DIRECTION('',(0.,1.,0.));
#16120=DIRECTION('',(-1.,0.,0.));
#16121=DIRECTION('',(0.,1.,0.));
#16122=DIRECTION('',(1.,0.,0.));
#16123=DIRECTION('',(0.,1.,0.));
#16124=DIRECTION('',(1.,0.,0.));
#16125=DIRECTION('',(0.,1.,0.));
#16126=DIRECTION('',(-1.,0.,0.));
#16127=DIRECTION('center_axis',(0.,1.,0.));
#16128=DIRECTION('ref_axis',(-1.,0.,0.));
#16129=DIRECTION('',(0.,0.,1.));
#16130=DIRECTION('',(-1.,0.,0.));
#16131=DIRECTION('center_axis',(0.,1.,0.));
#16132=DIRECTION('ref_axis',(-1.,0.,0.));
#16133=DIRECTION('',(0.,0.,-1.));
#16134=DIRECTION('',(0.,0.,1.));
#16135=DIRECTION('',(-1.,0.,0.));
#16136=DIRECTION('center_axis',(0.,-1.,0.));
#16137=DIRECTION('ref_axis',(1.,0.,0.));
#16138=DIRECTION('',(0.,0.,1.));
#16139=DIRECTION('',(1.,0.,0.));
#16140=DIRECTION('',(0.,0.,1.));
#16141=DIRECTION('center_axis',(0.,-1.,0.));
#16142=DIRECTION('ref_axis',(1.,0.,0.));
#16143=DIRECTION('',(0.,0.,-1.));
#16144=DIRECTION('',(0.,0.,1.));
#16145=DIRECTION('',(1.,0.,0.));
#16146=DIRECTION('center_axis',(-1.,0.,0.));
#16147=DIRECTION('ref_axis',(0.,-1.,0.));
#16148=DIRECTION('',(0.,-1.,0.));
#16149=DIRECTION('',(0.,0.,1.));
#16150=DIRECTION('center_axis',(0.,1.,0.));
#16151=DIRECTION('ref_axis',(-1.,0.,0.));
#16152=DIRECTION('',(0.,0.,1.));
#16153=DIRECTION('',(-1.,0.,0.));
#16154=DIRECTION('center_axis',(1.,0.,0.));
#16155=DIRECTION('ref_axis',(0.,1.,0.));
#16156=DIRECTION('',(0.,1.,0.));
#16157=DIRECTION('center_axis',(-1.,0.,0.));
#16158=DIRECTION('ref_axis',(0.,-1.,0.));
#16159=DIRECTION('',(0.,-1.,0.));
#16160=DIRECTION('',(0.,0.,1.));
#16161=DIRECTION('center_axis',(-1.,0.,0.));
#16162=DIRECTION('ref_axis',(0.,-1.,0.));
#16163=DIRECTION('',(0.,0.,1.));
#16164=DIRECTION('',(0.,-1.,0.));
#16165=DIRECTION('center_axis',(1.,0.,0.));
#16166=DIRECTION('ref_axis',(0.,1.,0.));
#16167=DIRECTION('',(0.,0.,-1.));
#16168=DIRECTION('',(0.,1.,0.));
#16169=DIRECTION('center_axis',(0.,1.,0.));
#16170=DIRECTION('ref_axis',(-1.,0.,0.));
#16171=DIRECTION('',(0.,0.,-1.));
#16172=DIRECTION('',(0.,0.,1.));
#16173=DIRECTION('',(-1.,0.,0.));
#16174=DIRECTION('center_axis',(0.,-1.,0.));
#16175=DIRECTION('ref_axis',(1.,0.,0.));
#16176=DIRECTION('',(0.,0.,1.));
#16177=DIRECTION('',(1.,0.,0.));
#16178=DIRECTION('',(0.,0.,1.));
#16179=DIRECTION('center_axis',(0.,-1.,0.));
#16180=DIRECTION('ref_axis',(1.,0.,0.));
#16181=DIRECTION('',(0.,0.,-1.));
#16182=DIRECTION('',(0.,0.,1.));
#16183=DIRECTION('',(1.,0.,0.));
#16184=DIRECTION('center_axis',(-1.,0.,0.));
#16185=DIRECTION('ref_axis',(0.,-1.,0.));
#16186=DIRECTION('',(0.,-1.,0.));
#16187=DIRECTION('',(0.,0.,1.));
#16188=DIRECTION('center_axis',(0.,1.,0.));
#16189=DIRECTION('ref_axis',(-1.,0.,0.));
#16190=DIRECTION('',(0.,0.,1.));
#16191=DIRECTION('',(-1.,0.,0.));
#16192=DIRECTION('center_axis',(1.,0.,0.));
#16193=DIRECTION('ref_axis',(0.,1.,0.));
#16194=DIRECTION('',(0.,1.,0.));
#16195=DIRECTION('center_axis',(-1.,0.,0.));
#16196=DIRECTION('ref_axis',(0.,-1.,0.));
#16197=DIRECTION('',(0.,-1.,0.));
#16198=DIRECTION('',(0.,0.,1.));
#16199=DIRECTION('center_axis',(-1.,0.,0.));
#16200=DIRECTION('ref_axis',(0.,-1.,0.));
#16201=DIRECTION('',(0.,0.,-1.));
#16202=DIRECTION('',(0.,-1.,0.));
#16203=DIRECTION('center_axis',(1.,0.,0.));
#16204=DIRECTION('ref_axis',(0.,1.,0.));
#16205=DIRECTION('',(0.,0.,1.));
#16206=DIRECTION('',(0.,1.,0.));
#16207=DIRECTION('center_axis',(0.,1.,0.));
#16208=DIRECTION('ref_axis',(-1.,0.,0.));
#16209=DIRECTION('',(0.,0.,1.));
#16210=DIRECTION('',(-1.,0.,0.));
#16211=DIRECTION('center_axis',(0.,1.,0.));
#16212=DIRECTION('ref_axis',(-1.,0.,0.));
#16213=DIRECTION('',(-1.,0.,0.));
#16214=DIRECTION('',(0.,0.,1.));
#16215=DIRECTION('center_axis',(-1.,0.,0.));
#16216=DIRECTION('ref_axis',(0.,-1.,0.));
#16217=DIRECTION('',(0.,0.,1.));
#16218=DIRECTION('',(0.,-1.,0.));
#16219=DIRECTION('',(0.,0.,1.));
#16220=DIRECTION('center_axis',(1.,0.,0.));
#16221=DIRECTION('ref_axis',(0.,1.,0.));
#16222=DIRECTION('',(0.,0.,-1.));
#16223=DIRECTION('',(0.,0.,1.));
#16224=DIRECTION('',(0.,1.,0.));
#16225=DIRECTION('center_axis',(0.,-1.,0.));
#16226=DIRECTION('ref_axis',(1.,0.,0.));
#16227=DIRECTION('',(0.,0.,1.));
#16228=DIRECTION('',(1.,0.,0.));
#16229=DIRECTION('center_axis',(-1.,0.,0.));
#16230=DIRECTION('ref_axis',(0.,-1.,0.));
#16231=DIRECTION('',(0.,0.,-1.));
#16232=DIRECTION('',(0.,-1.,0.));
#16233=DIRECTION('center_axis',(1.,0.,0.));
#16234=DIRECTION('ref_axis',(0.,1.,0.));
#16235=DIRECTION('',(0.,0.,1.));
#16236=DIRECTION('',(0.,1.,0.));
#16237=DIRECTION('center_axis',(0.,-1.,0.));
#16238=DIRECTION('ref_axis',(1.,0.,0.));
#16239=DIRECTION('',(1.,0.,0.));
#16240=DIRECTION('center_axis',(0.,1.,0.));
#16241=DIRECTION('ref_axis',(-1.,0.,0.));
#16242=DIRECTION('',(-1.,0.,0.));
#16243=DIRECTION('',(0.,0.,1.));
#16244=DIRECTION('center_axis',(0.,1.,0.));
#16245=DIRECTION('ref_axis',(-1.,0.,0.));
#16246=DIRECTION('',(-1.,0.,0.));
#16247=DIRECTION('center_axis',(1.,0.,0.));
#16248=DIRECTION('ref_axis',(0.,1.,0.));
#16249=DIRECTION('',(0.,1.,0.));
#16250=DIRECTION('center_axis',(0.,1.,0.));
#16251=DIRECTION('ref_axis',(-1.,0.,0.));
#16252=DIRECTION('',(-1.,0.,0.));
#16253=DIRECTION('',(0.,0.,1.));
#16254=DIRECTION('center_axis',(1.,0.,0.));
#16255=DIRECTION('ref_axis',(0.,1.,0.));
#16256=DIRECTION('',(0.,1.,0.));
#16257=DIRECTION('center_axis',(0.,-1.,0.));
#16258=DIRECTION('ref_axis',(1.,0.,0.));
#16259=DIRECTION('',(1.,0.,0.));
#16260=DIRECTION('center_axis',(0.,0.,1.));
#16261=DIRECTION('ref_axis',(1.,0.,0.));
#16262=DIRECTION('',(1.,0.,0.));
#16263=DIRECTION('',(1.,0.,0.));
#16264=DIRECTION('',(0.,-1.,0.));
#16265=DIRECTION('',(0.,1.,0.));
#16266=DIRECTION('center_axis',(0.,-1.,0.));
#16267=DIRECTION('ref_axis',(1.,0.,0.));
#16268=DIRECTION('center_axis',(-1.,0.,0.));
#16269=DIRECTION('ref_axis',(0.,-1.,0.));
#16270=DIRECTION('',(0.,0.,1.));
#16271=DIRECTION('center_axis',(1.,0.,0.));
#16272=DIRECTION('ref_axis',(0.,1.,0.));
#16273=DIRECTION('center_axis',(0.,-1.,0.));
#16274=DIRECTION('ref_axis',(1.,0.,0.));
#16275=DIRECTION('axis',(0.,0.,1.));
#16276=DIRECTION('refdir',(1.,0.,0.));
#16277=DIRECTION('center_axis',(0.,1.,0.));
#16278=DIRECTION('ref_axis',(-1.,0.,0.));
#16279=DIRECTION('',(-1.,0.,0.));
#16280=DIRECTION('',(0.,0.,-1.));
#16281=DIRECTION('',(-1.,0.,0.));
#16282=DIRECTION('',(-1.,0.,0.));
#16283=DIRECTION('',(0.,0.,1.));
#16284=DIRECTION('',(-1.,0.,0.));
#16285=DIRECTION('',(0.,0.,1.));
#16286=DIRECTION('center_axis',(-1.,0.,0.));
#16287=DIRECTION('ref_axis',(0.,-1.,0.));
#16288=DIRECTION('',(0.,-1.,0.));
#16289=DIRECTION('',(0.,-1.,0.));
#16290=DIRECTION('',(0.,0.,1.));
#16291=DIRECTION('',(0.,-1.,0.));
#16292=DIRECTION('',(0.,-1.,0.));
#16293=DIRECTION('',(0.,0.,1.));
#16294=DIRECTION('center_axis',(1.,0.,0.));
#16295=DIRECTION('ref_axis',(0.,1.,0.));
#16296=DIRECTION('',(0.,1.,0.));
#16297=DIRECTION('',(0.,1.,0.));
#16298=DIRECTION('',(0.,0.,1.));
#16299=DIRECTION('center_axis',(0.,-1.,0.));
#16300=DIRECTION('ref_axis',(1.,0.,0.));
#16301=DIRECTION('',(1.,0.,0.));
#16302=DIRECTION('',(1.,0.,0.));
#16303=DIRECTION('center_axis',(0.,0.,1.));
#16304=DIRECTION('ref_axis',(1.,0.,0.));
#16305=DIRECTION('',(1.,0.,0.));
#16306=DIRECTION('',(0.,1.,0.));
#16307=DIRECTION('center_axis',(0.,0.,1.));
#16308=DIRECTION('ref_axis',(1.,0.,0.));
#16309=DIRECTION('center_axis',(0.,0.,1.));
#16310=DIRECTION('ref_axis',(-0.533995998731022,0.845487003648938,0.));
#16311=DIRECTION('center_axis',(0.,0.,-1.));
#16312=DIRECTION('ref_axis',(-1.,0.,0.));
#16313=DIRECTION('',(0.,0.,1.));
#16314=DIRECTION('center_axis',(0.,0.,1.));
#16315=DIRECTION('ref_axis',(-1.,0.,0.));
#16316=DIRECTION('',(0.,0.,-1.));
#16317=DIRECTION('center_axis',(0.,0.,-1.));
#16318=DIRECTION('ref_axis',(-1.,0.,0.));
#16319=DIRECTION('center_axis',(0.,0.,-1.));
#16320=DIRECTION('ref_axis',(-1.,0.,0.));
#16321=DIRECTION('',(0.,0.,1.));
#16322=DIRECTION('center_axis',(0.,0.,1.));
#16323=DIRECTION('ref_axis',(-1.,0.,0.));
#16324=DIRECTION('',(0.,0.,-1.));
#16325=DIRECTION('center_axis',(0.,0.,-1.));
#16326=DIRECTION('ref_axis',(-1.,0.,0.));
#16327=DIRECTION('',(0.,0.,1.));
#16328=DIRECTION('center_axis',(0.,0.,1.));
#16329=DIRECTION('ref_axis',(-1.,0.,0.));
#16330=DIRECTION('',(0.,0.,-1.));
#16331=DIRECTION('center_axis',(0.,0.,1.));
#16332=DIRECTION('ref_axis',(-1.,0.,0.));
#16333=DIRECTION('',(0.,0.,-1.));
#16334=DIRECTION('center_axis',(0.,0.,-1.));
#16335=DIRECTION('ref_axis',(-1.,0.,0.));
#16336=DIRECTION('',(0.,0.,1.));
#16337=DIRECTION('center_axis',(0.,0.,1.));
#16338=DIRECTION('ref_axis',(-1.,0.,0.));
#16339=DIRECTION('',(0.,0.,1.));
#16340=DIRECTION('center_axis',(0.,0.,1.));
#16341=DIRECTION('ref_axis',(-1.,0.,0.));
#16342=DIRECTION('',(0.,0.,-1.));
#16343=DIRECTION('center_axis',(0.,0.,-1.));
#16344=DIRECTION('ref_axis',(-1.,0.,0.));
#16345=DIRECTION('',(0.,0.,1.));
#16346=DIRECTION('center_axis',(0.,0.,1.));
#16347=DIRECTION('ref_axis',(-1.,0.,0.));
#16348=DIRECTION('',(0.,0.,-1.));
#16349=DIRECTION('center_axis',(0.,0.,-1.));
#16350=DIRECTION('ref_axis',(-1.,0.,0.));
#16351=DIRECTION('center_axis',(0.,0.,-1.));
#16352=DIRECTION('ref_axis',(-1.,0.,0.));
#16353=DIRECTION('',(0.,0.,1.));
#16354=DIRECTION('center_axis',(0.,0.,1.));
#16355=DIRECTION('ref_axis',(-1.,0.,0.));
#16356=DIRECTION('',(0.,0.,-1.));
#16357=DIRECTION('center_axis',(0.,0.,-1.));
#16358=DIRECTION('ref_axis',(-1.,0.,0.));
#16359=DIRECTION('',(0.,0.,1.));
#16360=DIRECTION('center_axis',(0.,0.,1.));
#16361=DIRECTION('ref_axis',(-1.,0.,0.));
#16362=DIRECTION('',(0.,0.,-1.));
#16363=DIRECTION('center_axis',(0.,0.,-1.));
#16364=DIRECTION('ref_axis',(-1.,0.,0.));
#16365=DIRECTION('center_axis',(0.,0.,-1.));
#16366=DIRECTION('ref_axis',(-1.,0.,0.));
#16367=DIRECTION('',(0.,0.,1.));
#16368=DIRECTION('center_axis',(0.,0.,1.));
#16369=DIRECTION('ref_axis',(-1.,0.,0.));
#16370=DIRECTION('',(0.,0.,-1.));
#16371=DIRECTION('center_axis',(0.,0.,-1.));
#16372=DIRECTION('ref_axis',(-1.,0.,0.));
#16373=DIRECTION('',(0.,0.,1.));
#16374=DIRECTION('center_axis',(0.,0.,1.));
#16375=DIRECTION('ref_axis',(-1.,0.,0.));
#16376=DIRECTION('',(0.,0.,-1.));
#16377=DIRECTION('center_axis',(0.,0.,-1.));
#16378=DIRECTION('ref_axis',(-1.,0.,0.));
#16379=DIRECTION('center_axis',(0.,0.,-1.));
#16380=DIRECTION('ref_axis',(-1.,0.,0.));
#16381=DIRECTION('center_axis',(0.,0.,1.));
#16382=DIRECTION('ref_axis',(1.,0.,0.));
#16383=DIRECTION('',(0.,1.,0.));
#16384=DIRECTION('center_axis',(-1.,0.,0.));
#16385=DIRECTION('ref_axis',(0.,-1.,0.));
#16386=DIRECTION('',(0.,-1.,0.));
#16387=DIRECTION('',(0.,0.,1.));
#16388=DIRECTION('',(0.,-1.,0.));
#16389=DIRECTION('center_axis',(0.,0.,1.));
#16390=DIRECTION('ref_axis',(1.,0.,0.));
#16391=DIRECTION('',(1.,0.,0.));
#16392=DIRECTION('center_axis',(1.,0.,0.));
#16393=DIRECTION('ref_axis',(0.,1.,0.));
#16394=DIRECTION('',(0.,1.,0.));
#16395=DIRECTION('',(0.,0.,1.));
#16396=DIRECTION('center_axis',(0.,-1.,0.));
#16397=DIRECTION('ref_axis',(1.,0.,0.));
#16398=DIRECTION('',(1.,0.,0.));
#16399=DIRECTION('center_axis',(0.,0.,1.));
#16400=DIRECTION('ref_axis',(1.,0.,0.));
#16401=DIRECTION('center_axis',(0.,0.,-1.));
#16402=DIRECTION('ref_axis',(-1.,0.,0.));
#16403=DIRECTION('',(1.,0.,0.));
#16404=DIRECTION('center_axis',(0.,0.,1.));
#16405=DIRECTION('ref_axis',(-1.,0.,0.));
#16406=DIRECTION('',(-1.,0.,0.));
#16407=DIRECTION('',(0.,1.,0.));
#16408=DIRECTION('center_axis',(0.,0.,1.));
#16409=DIRECTION('ref_axis',(-1.,0.,0.));
#16410=DIRECTION('',(0.,-1.,0.));
#16411=DIRECTION('center_axis',(0.,0.,1.));
#16412=DIRECTION('ref_axis',(-1.,0.,0.));
#16413=DIRECTION('',(0.,1.,0.));
#16414=DIRECTION('center_axis',(0.,0.,1.));
#16415=DIRECTION('ref_axis',(-1.,0.,0.));
#16416=DIRECTION('',(0.,-1.,0.));
#16417=DIRECTION('',(-1.,0.,0.));
#16418=DIRECTION('center_axis',(0.,0.,1.));
#16419=DIRECTION('ref_axis',(-1.,0.,0.));
#16420=DIRECTION('',(1.,0.,0.));
#16421=DIRECTION('center_axis',(0.,0.,1.));
#16422=DIRECTION('ref_axis',(-1.,0.,0.));
#16423=DIRECTION('',(-1.,0.,0.));
#16424=DIRECTION('center_axis',(0.,0.,1.));
#16425=DIRECTION('ref_axis',(-1.,0.,0.));
#16426=DIRECTION('',(1.,0.,0.));
#16427=DIRECTION('',(0.,-1.,0.));
#16428=DIRECTION('center_axis',(0.,0.,1.));
#16429=DIRECTION('ref_axis',(-1.,0.,0.));
#16430=DIRECTION('',(0.,1.,0.));
#16431=DIRECTION('center_axis',(0.,0.,1.));
#16432=DIRECTION('ref_axis',(-1.,0.,0.));
#16433=DIRECTION('',(0.,-1.,0.));
#16434=DIRECTION('center_axis',(0.,0.,1.));
#16435=DIRECTION('ref_axis',(-1.,0.,0.));
#16436=DIRECTION('',(0.,1.,0.));
#16437=DIRECTION('',(1.,0.,0.));
#16438=DIRECTION('center_axis',(0.,0.,1.));
#16439=DIRECTION('ref_axis',(-1.,0.,0.));
#16440=DIRECTION('',(-1.,0.,0.));
#16441=DIRECTION('center_axis',(0.,0.,-1.));
#16442=DIRECTION('ref_axis',(-1.,0.,0.));
#16443=DIRECTION('',(0.,1.,0.));
#16444=DIRECTION('',(1.,0.,0.));
#16445=DIRECTION('center_axis',(0.,0.,1.));
#16446=DIRECTION('ref_axis',(1.,0.,0.));
#16447=DIRECTION('',(0.,-1.,0.));
#16448=DIRECTION('',(1.,0.,0.));
#16449=DIRECTION('',(0.,-1.,0.));
#16450=DIRECTION('',(1.,0.,0.));
#16451=DIRECTION('',(0.,1.,0.));
#16452=DIRECTION('',(-1.,0.,0.));
#16453=DIRECTION('',(0.,1.,0.));
#16454=DIRECTION('',(-1.,0.,0.));
#16455=DIRECTION('',(1.,0.,0.));
#16456=DIRECTION('',(0.,1.,0.));
#16457=DIRECTION('',(-1.,0.,0.));
#16458=DIRECTION('',(1.,0.,0.));
#16459=DIRECTION('',(0.,1.,0.));
#16460=DIRECTION('',(1.,0.,0.));
#16461=DIRECTION('',(0.,1.,0.));
#16462=DIRECTION('',(-1.,0.,0.));
#16463=DIRECTION('',(0.,-1.,0.));
#16464=DIRECTION('',(-1.,0.,0.));
#16465=DIRECTION('',(0.,-1.,0.));
#16466=DIRECTION('',(0.,1.,0.));
#16467=DIRECTION('',(-1.,0.,0.));
#16468=DIRECTION('',(0.,-1.,0.));
#16469=DIRECTION('',(0.,1.,0.));
#16470=DIRECTION('',(-1.,0.,0.));
#16471=DIRECTION('',(0.,1.,0.));
#16472=DIRECTION('',(-1.,0.,0.));
#16473=DIRECTION('',(0.,-1.,0.));
#16474=DIRECTION('',(1.,0.,0.));
#16475=DIRECTION('',(0.,-1.,0.));
#16476=DIRECTION('',(1.,0.,0.));
#16477=DIRECTION('',(-1.,0.,0.));
#16478=DIRECTION('',(0.,-1.,0.));
#16479=DIRECTION('',(1.,0.,0.));
#16480=DIRECTION('',(-1.,0.,0.));
#16481=DIRECTION('',(0.,-1.,0.));
#16482=DIRECTION('',(-1.,0.,0.));
#16483=DIRECTION('',(0.,-1.,0.));
#16484=DIRECTION('',(1.,0.,0.));
#16485=DIRECTION('',(0.,1.,0.));
#16486=DIRECTION('',(1.,0.,0.));
#16487=DIRECTION('',(0.,1.,0.));
#16488=DIRECTION('',(0.,-1.,0.));
#16489=DIRECTION('',(1.,0.,0.));
#16490=DIRECTION('',(0.,1.,0.));
#16491=DIRECTION('center_axis',(0.,0.,-1.));
#16492=DIRECTION('ref_axis',(-1.,0.,0.));
#16493=DIRECTION('',(-1.,0.,0.));
#16494=DIRECTION('center_axis',(0.,0.,-1.));
#16495=DIRECTION('ref_axis',(-1.,0.,0.));
#16496=DIRECTION('',(1.,0.,0.));
#16497=DIRECTION('center_axis',(0.,0.,-1.));
#16498=DIRECTION('ref_axis',(-1.,0.,0.));
#16499=DIRECTION('',(-1.,0.,0.));
#16500=DIRECTION('',(0.,-1.,0.));
#16501=DIRECTION('center_axis',(0.,0.,-1.));
#16502=DIRECTION('ref_axis',(-1.,0.,0.));
#16503=DIRECTION('',(0.,1.,0.));
#16504=DIRECTION('center_axis',(0.,0.,-1.));
#16505=DIRECTION('ref_axis',(-1.,0.,0.));
#16506=DIRECTION('',(0.,-1.,0.));
#16507=DIRECTION('center_axis',(0.,0.,-1.));
#16508=DIRECTION('ref_axis',(-1.,0.,0.));
#16509=DIRECTION('',(0.,1.,0.));
#16510=DIRECTION('',(-1.,0.,0.));
#16511=DIRECTION('center_axis',(0.,0.,-1.));
#16512=DIRECTION('ref_axis',(-1.,0.,0.));
#16513=DIRECTION('',(1.,0.,0.));
#16514=DIRECTION('center_axis',(0.,0.,-1.));
#16515=DIRECTION('ref_axis',(-1.,0.,0.));
#16516=DIRECTION('',(-1.,0.,0.));
#16517=DIRECTION('center_axis',(0.,0.,-1.));
#16518=DIRECTION('ref_axis',(-1.,0.,0.));
#16519=DIRECTION('',(1.,0.,0.));
#16520=DIRECTION('',(0.,1.,0.));
#16521=DIRECTION('center_axis',(0.,0.,-1.));
#16522=DIRECTION('ref_axis',(-1.,0.,0.));
#16523=DIRECTION('',(0.,-1.,0.));
#16524=DIRECTION('center_axis',(0.,0.,-1.));
#16525=DIRECTION('ref_axis',(-1.,0.,0.));
#16526=DIRECTION('',(0.,1.,0.));
#16527=DIRECTION('center_axis',(0.,0.,-1.));
#16528=DIRECTION('ref_axis',(-1.,0.,0.));
#16529=DIRECTION('',(0.,-1.,0.));
#16530=DIRECTION('',(1.,0.,0.));
#16531=DIRECTION('center_axis',(1.,0.,0.));
#16532=DIRECTION('ref_axis',(0.,1.,0.));
#16533=DIRECTION('',(0.,1.,0.));
#16534=DIRECTION('',(0.,0.,1.));
#16535=DIRECTION('',(0.,0.,1.));
#16536=DIRECTION('center_axis',(0.,-1.,0.));
#16537=DIRECTION('ref_axis',(1.,0.,0.));
#16538=DIRECTION('',(1.,0.,0.));
#16539=DIRECTION('',(0.,0.,-1.));
#16540=DIRECTION('center_axis',(0.,0.,1.));
#16541=DIRECTION('ref_axis',(-0.603538970658281,0.797333500422968,0.));
#16542=DIRECTION('',(0.,0.,-1.));
#16543=DIRECTION('center_axis',(0.,0.,1.));
#16544=DIRECTION('ref_axis',(-1.,0.,0.));
#16545=DIRECTION('',(0.,0.,1.));
#16546=DIRECTION('center_axis',(0.,0.,1.));
#16547=DIRECTION('ref_axis',(-1.,0.,0.));
#16548=DIRECTION('center_axis',(1.,0.,0.));
#16549=DIRECTION('ref_axis',(0.,1.,0.));
#16550=DIRECTION('',(0.,1.,0.));
#16551=DIRECTION('',(0.,0.,1.));
#16552=DIRECTION('',(0.,0.,1.));
#16553=DIRECTION('center_axis',(0.,1.,0.));
#16554=DIRECTION('ref_axis',(-1.,0.,0.));
#16555=DIRECTION('',(-1.,0.,0.));
#16556=DIRECTION('',(0.,0.,1.));
#16557=DIRECTION('center_axis',(0.,0.,1.));
#16558=DIRECTION('ref_axis',(1.,0.,0.));
#16559=DIRECTION('',(0.,1.,0.));
#16560=DIRECTION('',(1.,0.,0.));
#16561=DIRECTION('',(0.,-1.,0.));
#16562=DIRECTION('',(1.,0.,0.));
#16563=DIRECTION('',(0.,-1.,0.));
#16564=DIRECTION('',(-1.,0.,0.));
#16565=DIRECTION('center_axis',(0.,0.,1.));
#16566=DIRECTION('ref_axis',(1.,0.,0.));
#16567=DIRECTION('',(-1.,0.,0.));
#16568=DIRECTION('',(1.,0.,0.));
#16569=DIRECTION('center_axis',(0.,1.,0.));
#16570=DIRECTION('ref_axis',(-1.,0.,0.));
#16571=DIRECTION('',(0.,0.,-1.));
#16572=DIRECTION('',(-1.,0.,0.));
#16573=DIRECTION('center_axis',(0.,0.,1.));
#16574=DIRECTION('ref_axis',(1.,0.,0.));
#16575=DIRECTION('',(-1.,0.,0.));
#16576=DIRECTION('',(0.,1.,0.));
#16577=DIRECTION('',(1.,0.,0.));
#16578=DIRECTION('center_axis',(0.,0.,-1.));
#16579=DIRECTION('ref_axis',(-1.,0.,0.));
#16580=DIRECTION('',(1.,0.,0.));
#16581=DIRECTION('',(1.,0.,0.));
#16582=DIRECTION('',(0.,-1.,0.));
#16583=DIRECTION('',(-1.,0.,0.));
#16584=DIRECTION('center_axis',(0.,0.,-1.));
#16585=DIRECTION('ref_axis',(-1.,0.,0.));
#16586=DIRECTION('center_axis',(1.,0.,0.));
#16587=DIRECTION('ref_axis',(0.,1.,0.));
#16588=DIRECTION('',(0.,0.,1.));
#16589=DIRECTION('',(0.,1.,0.));
#16590=DIRECTION('',(0.,0.,-1.));
#16591=DIRECTION('center_axis',(0.,-1.,0.));
#16592=DIRECTION('ref_axis',(1.,0.,0.));
#16593=DIRECTION('',(0.,0.,1.));
#16594=DIRECTION('center_axis',(0.,0.,1.));
#16595=DIRECTION('ref_axis',(-1.,0.,0.));
#16596=DIRECTION('',(0.,0.,1.));
#16597=DIRECTION('',(0.,0.,-1.));
#16598=DIRECTION('center_axis',(0.,1.,0.));
#16599=DIRECTION('ref_axis',(-1.,0.,0.));
#16600=DIRECTION('',(0.,0.,1.));
#16601=DIRECTION('center_axis',(1.,0.,0.));
#16602=DIRECTION('ref_axis',(0.,1.,0.));
#16603=DIRECTION('',(0.,0.,-1.));
#16604=DIRECTION('',(0.,0.,1.));
#16605=DIRECTION('',(0.,1.,0.));
#16606=DIRECTION('center_axis',(-1.,0.,0.));
#16607=DIRECTION('ref_axis',(0.,-1.,0.));
#16608=DIRECTION('',(0.,0.,1.));
#16609=DIRECTION('',(0.,-1.,0.));
#16610=DIRECTION('center_axis',(0.,-1.,0.));
#16611=DIRECTION('ref_axis',(1.,0.,0.));
#16612=DIRECTION('',(1.,0.,0.));
#16613=DIRECTION('center_axis',(0.,-1.,0.));
#16614=DIRECTION('ref_axis',(1.,0.,0.));
#16615=DIRECTION('',(0.,0.,-1.));
#16616=DIRECTION('',(0.,0.,1.));
#16617=DIRECTION('center_axis',(-1.,0.,0.));
#16618=DIRECTION('ref_axis',(0.,-1.,0.));
#16619=DIRECTION('',(0.,0.,1.));
#16620=DIRECTION('center_axis',(0.,1.,0.));
#16621=DIRECTION('ref_axis',(-1.,0.,0.));
#16622=DIRECTION('',(0.,0.,1.));
#16623=DIRECTION('',(-1.,0.,0.));
#16624=DIRECTION('center_axis',(0.,0.,1.));
#16625=DIRECTION('ref_axis',(1.,0.,0.));
#16626=DIRECTION('',(-1.,0.,0.));
#16627=DIRECTION('',(0.,1.,0.));
#16628=DIRECTION('center_axis',(0.,0.,1.));
#16629=DIRECTION('ref_axis',(1.,0.,0.));
#16630=DIRECTION('',(-1.,0.,0.));
#16631=DIRECTION('center_axis',(0.,0.,1.));
#16632=DIRECTION('ref_axis',(-1.,0.,0.));
#16633=DIRECTION('',(1.,0.,0.));
#16634=DIRECTION('center_axis',(0.,0.,1.));
#16635=DIRECTION('ref_axis',(-1.,0.,0.));
#16636=DIRECTION('',(0.,0.,1.));
#16637=DIRECTION('center_axis',(0.,0.,1.));
#16638=DIRECTION('ref_axis',(-1.,0.,0.));
#16639=DIRECTION('',(0.,0.,-1.));
#16640=DIRECTION('center_axis',(0.,-1.,0.));
#16641=DIRECTION('ref_axis',(1.,0.,0.));
#16642=DIRECTION('',(0.,0.,-1.));
#16643=DIRECTION('',(0.,0.,1.));
#16644=DIRECTION('center_axis',(-1.,0.,0.));
#16645=DIRECTION('ref_axis',(0.,-1.,0.));
#16646=DIRECTION('center_axis',(-1.,0.,0.));
#16647=DIRECTION('ref_axis',(0.,-1.,0.));
#16648=DIRECTION('',(0.,0.,-1.));
#16649=DIRECTION('',(0.,0.,1.));
#16650=DIRECTION('center_axis',(0.,1.,0.));
#16651=DIRECTION('ref_axis',(-1.,0.,0.));
#16652=DIRECTION('',(0.,0.,1.));
#16653=DIRECTION('center_axis',(0.,1.,0.));
#16654=DIRECTION('ref_axis',(-1.,0.,0.));
#16655=DIRECTION('',(0.,0.,1.));
#16656=DIRECTION('center_axis',(1.,0.,0.));
#16657=DIRECTION('ref_axis',(0.,1.,0.));
#16658=DIRECTION('center_axis',(0.,0.,1.));
#16659=DIRECTION('ref_axis',(-1.,0.,0.));
#16660=DIRECTION('',(0.,0.,-1.));
#16661=DIRECTION('center_axis',(0.,1.,0.));
#16662=DIRECTION('ref_axis',(-1.,0.,0.));
#16663=DIRECTION('',(0.,0.,-1.));
#16664=DIRECTION('',(0.,0.,1.));
#16665=DIRECTION('',(-1.,0.,0.));
#16666=DIRECTION('center_axis',(1.,0.,0.));
#16667=DIRECTION('ref_axis',(0.,1.,0.));
#16668=DIRECTION('',(0.,1.,0.));
#16669=DIRECTION('center_axis',(1.,0.,0.));
#16670=DIRECTION('ref_axis',(0.,1.,0.));
#16671=DIRECTION('',(0.,0.,-1.));
#16672=DIRECTION('',(0.,0.,1.));
#16673=DIRECTION('center_axis',(0.,-1.,0.));
#16674=DIRECTION('ref_axis',(1.,0.,0.));
#16675=DIRECTION('',(0.,0.,1.));
#16676=DIRECTION('',(1.,0.,0.));
#16677=DIRECTION('center_axis',(-1.,0.,0.));
#16678=DIRECTION('ref_axis',(0.,-1.,0.));
#16679=DIRECTION('',(0.,0.,1.));
#16680=DIRECTION('',(0.,-1.,0.));
#16681=DIRECTION('center_axis',(0.,-1.,0.));
#16682=DIRECTION('ref_axis',(1.,0.,0.));
#16683=DIRECTION('center_axis',(0.,0.,1.));
#16684=DIRECTION('ref_axis',(1.,0.,0.));
#16685=DIRECTION('',(0.,-1.,0.));
#16686=DIRECTION('',(-1.,0.,0.));
#16687=DIRECTION('center_axis',(-1.,0.,0.));
#16688=DIRECTION('ref_axis',(0.,-1.,0.));
#16689=DIRECTION('',(0.,0.,-1.));
#16690=DIRECTION('',(0.,0.,1.));
#16691=DIRECTION('',(0.,-1.,0.));
#16692=DIRECTION('center_axis',(0.,1.,0.));
#16693=DIRECTION('ref_axis',(-1.,0.,0.));
#16694=DIRECTION('',(-1.,0.,0.));
#16695=DIRECTION('center_axis',(0.,1.,0.));
#16696=DIRECTION('ref_axis',(-1.,0.,0.));
#16697=DIRECTION('',(0.,0.,-1.));
#16698=DIRECTION('',(0.,0.,1.));
#16699=DIRECTION('center_axis',(0.,0.,1.));
#16700=DIRECTION('ref_axis',(1.,0.,0.));
#16701=DIRECTION('',(0.,-1.,0.));
#16702=DIRECTION('',(1.,0.,0.));
#16703=DIRECTION('',(0.,1.,0.));
#16704=DIRECTION('',(1.,0.,0.));
#16705=DIRECTION('center_axis',(1.,0.,0.));
#16706=DIRECTION('ref_axis',(0.,1.,0.));
#16707=DIRECTION('',(0.,0.,1.));
#16708=DIRECTION('center_axis',(1.,0.,0.));
#16709=DIRECTION('ref_axis',(0.,1.,0.));
#16710=DIRECTION('',(0.,0.,1.));
#16711=DIRECTION('center_axis',(0.,-1.,0.));
#16712=DIRECTION('ref_axis',(1.,0.,0.));
#16713=DIRECTION('',(0.,0.,1.));
#16714=DIRECTION('center_axis',(0.,0.,1.));
#16715=DIRECTION('ref_axis',(-1.,0.,0.));
#16716=DIRECTION('',(0.,0.,-1.));
#16717=DIRECTION('center_axis',(0.,0.,1.));
#16718=DIRECTION('ref_axis',(-1.,0.,0.));
#16719=DIRECTION('',(0.,0.,1.));
#16720=DIRECTION('',(0.,0.,-1.));
#16721=DIRECTION('center_axis',(0.,0.,1.));
#16722=DIRECTION('ref_axis',(-1.,0.,0.));
#16723=DIRECTION('',(0.,0.,-1.));
#16724=DIRECTION('',(0.,0.,1.));
#16725=DIRECTION('center_axis',(0.,0.,1.));
#16726=DIRECTION('ref_axis',(-1.,0.,0.));
#16727=DIRECTION('',(0.,0.,1.));
#16728=DIRECTION('',(0.,0.,-1.));
#16729=DIRECTION('center_axis',(0.,0.,1.));
#16730=DIRECTION('ref_axis',(1.,-1.22464679914735E-16,0.));
#16731=DIRECTION('',(0.,0.,-1.));
#16732=DIRECTION('',(0.,0.,1.));
#16733=DIRECTION('center_axis',(0.,-1.,0.));
#16734=DIRECTION('ref_axis',(1.,0.,0.));
#16735=DIRECTION('center_axis',(1.,0.,0.));
#16736=DIRECTION('ref_axis',(0.,1.,0.));
#16737=DIRECTION('center_axis',(-1.,0.,0.));
#16738=DIRECTION('ref_axis',(0.,-1.,0.));
#16739=DIRECTION('center_axis',(0.,1.,0.));
#16740=DIRECTION('ref_axis',(-1.,0.,0.));
#16741=DIRECTION('center_axis',(-1.,0.,0.));
#16742=DIRECTION('ref_axis',(0.,-1.,0.));
#16743=DIRECTION('',(0.,-1.,0.));
#16744=DIRECTION('',(0.,0.,1.));
#16745=DIRECTION('center_axis',(-1.,0.,0.));
#16746=DIRECTION('ref_axis',(0.,-1.,0.));
#16747=DIRECTION('',(0.,0.,1.));
#16748=DIRECTION('',(0.,-1.,0.));
#16749=DIRECTION('center_axis',(-1.,0.,0.));
#16750=DIRECTION('ref_axis',(0.,-1.,0.));
#16751=DIRECTION('',(0.,0.,1.));
#16752=DIRECTION('center_axis',(1.,0.,0.));
#16753=DIRECTION('ref_axis',(0.,1.,0.));
#16754=DIRECTION('',(0.,0.,1.));
#16755=DIRECTION('',(0.,1.,0.));
#16756=DIRECTION('center_axis',(1.,0.,0.));
#16757=DIRECTION('ref_axis',(0.,1.,0.));
#16758=DIRECTION('',(0.,1.,0.));
#16759=DIRECTION('',(0.,0.,1.));
#16760=DIRECTION('center_axis',(1.,0.,0.));
#16761=DIRECTION('ref_axis',(0.,1.,0.));
#16762=DIRECTION('',(0.,0.,1.));
#16763=DIRECTION('center_axis',(0.,0.,1.));
#16764=DIRECTION('ref_axis',(1.,0.,0.));
#16765=DIRECTION('',(1.,0.,0.));
#16766=DIRECTION('center_axis',(0.,0.,1.));
#16767=DIRECTION('ref_axis',(1.,0.,0.));
#16768=DIRECTION('',(1.,0.,0.));
#16769=DIRECTION('center_axis',(0.,0.,1.));
#16770=DIRECTION('ref_axis',(1.,0.,0.));
#16771=DIRECTION('',(-1.,0.,0.));
#16772=DIRECTION('center_axis',(0.,0.,1.));
#16773=DIRECTION('ref_axis',(1.,0.,0.));
#16774=DIRECTION('',(-1.,0.,0.));
#16775=DIRECTION('center_axis',(0.,1.,0.));
#16776=DIRECTION('ref_axis',(-1.,0.,0.));
#16777=DIRECTION('center_axis',(0.,-1.,0.));
#16778=DIRECTION('ref_axis',(1.,0.,0.));
#16779=DIRECTION('center_axis',(0.,1.,0.));
#16780=DIRECTION('ref_axis',(-1.,0.,0.));
#16781=DIRECTION('center_axis',(0.,0.,1.));
#16782=DIRECTION('ref_axis',(-1.,0.,0.));
#16783=DIRECTION('center_axis',(0.,0.,1.));
#16784=DIRECTION('ref_axis',(-1.,0.,0.));
#16785=DIRECTION('center_axis',(-1.,0.,0.));
#16786=DIRECTION('ref_axis',(0.,-1.,0.));
#16787=DIRECTION('',(0.,0.,1.));
#16788=DIRECTION('center_axis',(1.,0.,0.));
#16789=DIRECTION('ref_axis',(0.,1.,0.));
#16790=DIRECTION('',(0.,0.,1.));
#16791=DIRECTION('',(0.,1.,0.));
#16792=DIRECTION('',(0.,1.,0.));
#16793=DIRECTION('',(0.,0.,1.));
#16794=DIRECTION('center_axis',(0.,1.,0.));
#16795=DIRECTION('ref_axis',(-1.,0.,0.));
#16796=DIRECTION('',(-1.,0.,0.));
#16797=DIRECTION('center_axis',(0.,0.,1.));
#16798=DIRECTION('ref_axis',(1.,0.,0.));
#16799=DIRECTION('',(1.,0.,0.));
#16800=DIRECTION('center_axis',(0.,0.,1.));
#16801=DIRECTION('ref_axis',(1.,0.,0.));
#16802=DIRECTION('center_axis',(0.,-1.,0.));
#16803=DIRECTION('ref_axis',(1.,0.,0.));
#16804=DIRECTION('center_axis',(0.,-1.,0.));
#16805=DIRECTION('ref_axis',(1.,0.,0.));
#16806=DIRECTION('',(0.,0.,1.));
#16807=DIRECTION('center_axis',(0.,-1.,0.));
#16808=DIRECTION('ref_axis',(1.,0.,0.));
#16809=DIRECTION('center_axis',(0.,0.,1.));
#16810=DIRECTION('ref_axis',(-1.,0.,0.));
#16811=DIRECTION('center_axis',(0.,0.,1.));
#16812=DIRECTION('ref_axis',(1.,0.,0.));
#16813=DIRECTION('center_axis',(1.,0.,0.));
#16814=DIRECTION('ref_axis',(0.,1.,0.));
#16815=DIRECTION('',(0.,0.,1.));
#16816=DIRECTION('',(0.,1.,0.));
#16817=DIRECTION('',(0.,0.,1.));
#16818=DIRECTION('center_axis',(-1.,0.,0.));
#16819=DIRECTION('ref_axis',(0.,-1.,0.));
#16820=DIRECTION('',(0.,-1.,0.));
#16821=DIRECTION('',(0.,0.,1.));
#16822=DIRECTION('',(0.,0.,1.));
#16823=DIRECTION('center_axis',(0.,1.,0.));
#16824=DIRECTION('ref_axis',(-1.,0.,0.));
#16825=DIRECTION('',(-1.,0.,0.));
#16826=DIRECTION('center_axis',(0.,-1.,0.));
#16827=DIRECTION('ref_axis',(1.,0.,0.));
#16828=DIRECTION('',(1.,0.,0.));
#16829=DIRECTION('center_axis',(0.,0.,1.));
#16830=DIRECTION('ref_axis',(1.,0.,0.));
#16831=DIRECTION('center_axis',(0.,-1.,0.));
#16832=DIRECTION('ref_axis',(1.,0.,0.));
#16833=DIRECTION('',(0.,0.,1.));
#16834=DIRECTION('',(1.,0.,0.));
#16835=DIRECTION('',(0.,0.,1.));
#16836=DIRECTION('center_axis',(-1.,0.,0.));
#16837=DIRECTION('ref_axis',(0.,-1.,0.));
#16838=DIRECTION('',(0.,-1.,0.));
#16839=DIRECTION('',(0.,0.,1.));
#16840=DIRECTION('center_axis',(0.,1.,0.));
#16841=DIRECTION('ref_axis',(-1.,0.,0.));
#16842=DIRECTION('',(-1.,0.,0.));
#16843=DIRECTION('',(0.,0.,1.));
#16844=DIRECTION('center_axis',(1.,0.,0.));
#16845=DIRECTION('ref_axis',(0.,1.,0.));
#16846=DIRECTION('',(0.,1.,0.));
#16847=DIRECTION('center_axis',(0.,0.,1.));
#16848=DIRECTION('ref_axis',(1.,0.,0.));
#16849=DIRECTION('center_axis',(-1.,0.,0.));
#16850=DIRECTION('ref_axis',(0.,-1.,0.));
#16851=DIRECTION('',(0.,0.,1.));
#16852=DIRECTION('center_axis',(0.,-1.,0.));
#16853=DIRECTION('ref_axis',(1.,0.,0.));
#16854=DIRECTION('center_axis',(-1.,0.,0.));
#16855=DIRECTION('ref_axis',(0.,-1.,0.));
#16856=DIRECTION('',(0.,0.,1.));
#16857=DIRECTION('',(0.,-1.,0.));
#16858=DIRECTION('',(0.,0.,1.));
#16859=DIRECTION('center_axis',(0.,1.,0.));
#16860=DIRECTION('ref_axis',(-1.,0.,0.));
#16861=DIRECTION('',(-1.,0.,0.));
#16862=DIRECTION('',(0.,0.,1.));
#16863=DIRECTION('center_axis',(1.,0.,0.));
#16864=DIRECTION('ref_axis',(0.,1.,0.));
#16865=DIRECTION('',(0.,1.,0.));
#16866=DIRECTION('',(0.,0.,1.));
#16867=DIRECTION('center_axis',(0.,-1.,0.));
#16868=DIRECTION('ref_axis',(1.,0.,0.));
#16869=DIRECTION('',(1.,0.,0.));
#16870=DIRECTION('center_axis',(0.,0.,1.));
#16871=DIRECTION('ref_axis',(1.,0.,0.));
#16872=DIRECTION('axis',(0.,0.,1.));
#16873=DIRECTION('refdir',(1.,0.,0.));
#16874=DIRECTION('center_axis',(0.,0.,1.));
#16875=DIRECTION('ref_axis',(-1.,0.,0.));
#16876=DIRECTION('center_axis',(0.,0.,-1.));
#16877=DIRECTION('ref_axis',(-1.,0.,0.));
#16878=DIRECTION('',(0.,0.,1.));
#16879=DIRECTION('center_axis',(0.,0.,1.));
#16880=DIRECTION('ref_axis',(-1.,0.,0.));
#16881=DIRECTION('center_axis',(0.,0.,1.));
#16882=DIRECTION('ref_axis',(1.,0.,0.));
#16883=DIRECTION('center_axis',(0.,0.,1.));
#16884=DIRECTION('ref_axis',(-1.,0.,0.));
#16885=DIRECTION('center_axis',(0.,0.,1.));
#16886=DIRECTION('ref_axis',(1.,0.,0.));
#16887=DIRECTION('center_axis',(0.,0.,-1.));
#16888=DIRECTION('ref_axis',(-1.,0.,0.));
#16889=DIRECTION('center_axis',(0.,0.,1.));
#16890=DIRECTION('ref_axis',(-1.,0.,0.));
#16891=DIRECTION('',(0.,0.,1.));
#16892=DIRECTION('center_axis',(0.,0.,-1.));
#16893=DIRECTION('ref_axis',(-1.,0.,0.));
#16894=DIRECTION('center_axis',(0.,0.,1.));
#16895=DIRECTION('ref_axis',(-1.,0.,0.));
#16896=DIRECTION('center_axis',(0.,0.,1.));
#16897=DIRECTION('ref_axis',(-1.,0.,0.));
#16898=DIRECTION('',(0.,0.,1.));
#16899=DIRECTION('center_axis',(0.,0.,1.));
#16900=DIRECTION('ref_axis',(-1.,0.,0.));
#16901=DIRECTION('center_axis',(0.,0.,1.));
#16902=DIRECTION('ref_axis',(-1.,0.,0.));
#16903=DIRECTION('',(0.,0.,-1.));
#16904=DIRECTION('center_axis',(0.,0.,-1.));
#16905=DIRECTION('ref_axis',(-1.,0.,0.));
#16906=DIRECTION('center_axis',(0.,0.,1.));
#16907=DIRECTION('ref_axis',(1.,0.,0.));
#16908=DIRECTION('center_axis',(0.,0.,1.));
#16909=DIRECTION('ref_axis',(1.,0.,0.));
#16910=DIRECTION('axis',(0.,0.,1.));
#16911=DIRECTION('refdir',(1.,0.,0.));
#16912=DIRECTION('center_axis',(1.,0.,0.));
#16913=DIRECTION('ref_axis',(0.,1.,0.));
#16914=DIRECTION('',(0.,0.,-1.));
#16915=DIRECTION('',(0.,-1.,0.));
#16916=DIRECTION('',(0.,0.,1.));
#16917=DIRECTION('',(0.,1.,0.));
#16918=DIRECTION('center_axis',(-1.,0.,0.));
#16919=DIRECTION('ref_axis',(0.,-1.,0.));
#16920=DIRECTION('',(0.,0.,1.));
#16921=DIRECTION('',(0.,-1.,0.));
#16922=DIRECTION('',(0.,0.,-1.));
#16923=DIRECTION('',(0.,1.,0.));
#16924=DIRECTION('center_axis',(0.,0.,1.));
#16925=DIRECTION('ref_axis',(1.,0.,0.));
#16926=DIRECTION('center_axis',(0.,0.,1.));
#16927=DIRECTION('ref_axis',(-1.,0.,0.));
#16928=DIRECTION('center_axis',(0.,0.,-1.));
#16929=DIRECTION('ref_axis',(-1.,0.,0.));
#16930=DIRECTION('center_axis',(0.,0.,1.));
#16931=DIRECTION('ref_axis',(-5.0532154980743E-16,-1.,0.));
#16932=DIRECTION('center_axis',(0.,0.,1.));
#16933=DIRECTION('ref_axis',(-1.,0.,0.));
#16934=DIRECTION('center_axis',(0.,0.,1.));
#16935=DIRECTION('ref_axis',(-5.0532154980743E-16,-1.,0.));
#16936=DIRECTION('center_axis',(0.,0.,-1.));
#16937=DIRECTION('ref_axis',(-1.,0.,0.));
#16938=DIRECTION('center_axis',(0.,0.,1.));
#16939=DIRECTION('ref_axis',(1.,0.,0.));
#16940=DIRECTION('axis',(0.,0.,1.));
#16941=DIRECTION('refdir',(1.,0.,0.));
#16942=DIRECTION('center_axis',(0.,0.,1.));
#16943=DIRECTION('ref_axis',(-1.,0.,0.));
#16944=DIRECTION('center_axis',(0.,0.,1.));
#16945=DIRECTION('ref_axis',(-1.,0.,0.));
#16946=DIRECTION('',(0.,0.,1.));
#16947=DIRECTION('center_axis',(0.,0.,-1.));
#16948=DIRECTION('ref_axis',(-1.,0.,0.));
#16949=DIRECTION('center_axis',(0.,0.,1.));
#16950=DIRECTION('ref_axis',(-1.,0.,0.));
#16951=DIRECTION('center_axis',(0.,0.,1.));
#16952=DIRECTION('ref_axis',(-1.,0.,0.));
#16953=DIRECTION('',(0.,0.,-1.));
#16954=DIRECTION('center_axis',(0.,0.,-1.));
#16955=DIRECTION('ref_axis',(-1.,0.,0.));
#16956=DIRECTION('center_axis',(0.,0.,1.));
#16957=DIRECTION('ref_axis',(1.,0.,0.));
#16958=DIRECTION('center_axis',(0.,0.,1.));
#16959=DIRECTION('ref_axis',(1.,0.,0.));
#16960=DIRECTION('axis',(0.,0.,1.));
#16961=DIRECTION('refdir',(1.,0.,0.));
#16962=DIRECTION('center_axis',(0.,0.,1.));
#16963=DIRECTION('ref_axis',(-1.,0.,0.));
#16964=DIRECTION('center_axis',(0.,0.,1.));
#16965=DIRECTION('ref_axis',(-1.,0.,0.));
#16966=DIRECTION('',(0.,0.,1.));
#16967=DIRECTION('center_axis',(0.,0.,-1.));
#16968=DIRECTION('ref_axis',(-1.,0.,0.));
#16969=DIRECTION('center_axis',(0.,0.,1.));
#16970=DIRECTION('ref_axis',(-1.,0.,0.));
#16971=DIRECTION('center_axis',(0.,0.,1.));
#16972=DIRECTION('ref_axis',(-1.,0.,0.));
#16973=DIRECTION('',(0.,0.,-1.));
#16974=DIRECTION('center_axis',(0.,0.,-1.));
#16975=DIRECTION('ref_axis',(-1.,0.,0.));
#16976=DIRECTION('center_axis',(0.,0.,1.));
#16977=DIRECTION('ref_axis',(1.,0.,0.));
#16978=DIRECTION('center_axis',(0.,0.,1.));
#16979=DIRECTION('ref_axis',(1.,0.,0.));
#16980=DIRECTION('axis',(0.,0.,1.));
#16981=DIRECTION('refdir',(1.,0.,0.));
#16982=DIRECTION('center_axis',(0.,0.,1.));
#16983=DIRECTION('ref_axis',(-1.,0.,0.));
#16984=DIRECTION('center_axis',(0.,0.,-1.));
#16985=DIRECTION('ref_axis',(-1.,0.,0.));
#16986=DIRECTION('',(0.,0.,1.));
#16987=DIRECTION('center_axis',(0.,0.,-1.));
#16988=DIRECTION('ref_axis',(-1.,0.,0.));
#16989=DIRECTION('center_axis',(0.,0.,1.));
#16990=DIRECTION('ref_axis',(1.,0.,0.));
#16991=DIRECTION('center_axis',(0.,0.,1.));
#16992=DIRECTION('ref_axis',(-1.,0.,0.));
#16993=DIRECTION('center_axis',(0.,0.,-1.));
#16994=DIRECTION('ref_axis',(-1.,0.,0.));
#16995=DIRECTION('',(0.,0.,1.));
#16996=DIRECTION('center_axis',(0.,0.,-1.));
#16997=DIRECTION('ref_axis',(-1.,0.,0.));
#16998=DIRECTION('center_axis',(0.,0.,1.));
#16999=DIRECTION('ref_axis',(1.,0.,0.));
#17000=DIRECTION('center_axis',(0.,0.,1.));
#17001=DIRECTION('ref_axis',(-1.,0.,0.));
#17002=DIRECTION('center_axis',(0.,0.,-1.));
#17003=DIRECTION('ref_axis',(-1.,0.,0.));
#17004=DIRECTION('',(0.,0.,1.));
#17005=DIRECTION('center_axis',(0.,0.,-1.));
#17006=DIRECTION('ref_axis',(-1.,0.,0.));
#17007=DIRECTION('center_axis',(0.,0.,1.));
#17008=DIRECTION('ref_axis',(1.,0.,0.));
#17009=DIRECTION('center_axis',(0.,0.,1.));
#17010=DIRECTION('ref_axis',(-1.,0.,0.));
#17011=DIRECTION('center_axis',(0.,0.,-1.));
#17012=DIRECTION('ref_axis',(-1.,0.,0.));
#17013=DIRECTION('',(0.,0.,1.));
#17014=DIRECTION('center_axis',(0.,0.,-1.));
#17015=DIRECTION('ref_axis',(-1.,0.,0.));
#17016=DIRECTION('center_axis',(0.,0.,1.));
#17017=DIRECTION('ref_axis',(1.,0.,0.));
#17018=DIRECTION('center_axis',(0.,0.,1.));
#17019=DIRECTION('ref_axis',(-1.,0.,0.));
#17020=DIRECTION('center_axis',(0.,0.,-1.));
#17021=DIRECTION('ref_axis',(-1.,0.,0.));
#17022=DIRECTION('',(0.,0.,1.));
#17023=DIRECTION('center_axis',(0.,0.,-1.));
#17024=DIRECTION('ref_axis',(-1.,0.,0.));
#17025=DIRECTION('center_axis',(0.,0.,1.));
#17026=DIRECTION('ref_axis',(1.,0.,0.));
#17027=DIRECTION('center_axis',(0.,0.,1.));
#17028=DIRECTION('ref_axis',(-1.,0.,0.));
#17029=DIRECTION('center_axis',(0.,0.,-1.));
#17030=DIRECTION('ref_axis',(-1.,0.,0.));
#17031=DIRECTION('',(0.,0.,1.));
#17032=DIRECTION('center_axis',(0.,0.,-1.));
#17033=DIRECTION('ref_axis',(-1.,0.,0.));
#17034=DIRECTION('center_axis',(0.,0.,1.));
#17035=DIRECTION('ref_axis',(1.,0.,0.));
#17036=DIRECTION('center_axis',(0.,0.,1.));
#17037=DIRECTION('ref_axis',(-1.,0.,0.));
#17038=DIRECTION('center_axis',(0.,0.,-1.));
#17039=DIRECTION('ref_axis',(-1.,0.,0.));
#17040=DIRECTION('',(0.,0.,1.));
#17041=DIRECTION('center_axis',(0.,0.,-1.));
#17042=DIRECTION('ref_axis',(-1.,0.,0.));
#17043=DIRECTION('center_axis',(0.,0.,1.));
#17044=DIRECTION('ref_axis',(1.,0.,0.));
#17045=DIRECTION('center_axis',(0.,0.,1.));
#17046=DIRECTION('ref_axis',(-1.,0.,0.));
#17047=DIRECTION('center_axis',(0.,0.,1.));
#17048=DIRECTION('ref_axis',(-1.,0.,0.));
#17049=DIRECTION('',(0.,0.,-1.));
#17050=DIRECTION('center_axis',(0.,0.,-1.));
#17051=DIRECTION('ref_axis',(-1.,0.,0.));
#17052=DIRECTION('center_axis',(0.,0.,1.));
#17053=DIRECTION('ref_axis',(1.,0.,0.));
#17054=DIRECTION('center_axis',(0.,0.,1.));
#17055=DIRECTION('ref_axis',(-1.,0.,0.));
#17056=DIRECTION('center_axis',(0.,0.,1.));
#17057=DIRECTION('ref_axis',(-1.,0.,0.));
#17058=DIRECTION('',(0.,0.,-1.));
#17059=DIRECTION('center_axis',(0.,0.,-1.));
#17060=DIRECTION('ref_axis',(-1.,0.,0.));
#17061=DIRECTION('center_axis',(0.,0.,1.));
#17062=DIRECTION('ref_axis',(1.,0.,0.));
#17063=DIRECTION('center_axis',(0.,0.,1.));
#17064=DIRECTION('ref_axis',(1.,0.,0.));
#17065=DIRECTION('axis',(0.,0.,1.));
#17066=DIRECTION('refdir',(1.,0.,0.));
#17067=DIRECTION('center_axis',(0.,0.,1.));
#17068=DIRECTION('ref_axis',(-1.,0.,0.));
#17069=DIRECTION('center_axis',(0.,0.,1.));
#17070=DIRECTION('ref_axis',(-1.,0.,0.));
#17071=DIRECTION('',(0.,0.,-1.));
#17072=DIRECTION('center_axis',(0.,0.,-1.));
#17073=DIRECTION('ref_axis',(-1.,0.,0.));
#17074=DIRECTION('center_axis',(0.,0.,1.));
#17075=DIRECTION('ref_axis',(1.,0.,0.));
#17076=DIRECTION('center_axis',(0.,0.,1.));
#17077=DIRECTION('ref_axis',(1.,0.,0.));
#17078=DIRECTION('axis',(0.,0.,1.));
#17079=DIRECTION('refdir',(1.,0.,0.));
#17080=DIRECTION('center_axis',(0.,0.,1.));
#17081=DIRECTION('ref_axis',(-1.,0.,0.));
#17082=DIRECTION('center_axis',(0.,0.,1.));
#17083=DIRECTION('ref_axis',(-1.,0.,0.));
#17084=DIRECTION('',(0.,0.,1.));
#17085=DIRECTION('center_axis',(0.,0.,-1.));
#17086=DIRECTION('ref_axis',(-1.,0.,0.));
#17087=DIRECTION('center_axis',(0.,0.,1.));
#17088=DIRECTION('ref_axis',(-1.,0.,0.));
#17089=DIRECTION('center_axis',(0.,0.,1.));
#17090=DIRECTION('ref_axis',(-1.,0.,0.));
#17091=DIRECTION('',(0.,0.,1.));
#17092=DIRECTION('center_axis',(0.,0.,-1.));
#17093=DIRECTION('ref_axis',(-1.,0.,0.));
#17094=DIRECTION('center_axis',(0.,0.,1.));
#17095=DIRECTION('ref_axis',(-1.,0.,0.));
#17096=DIRECTION('center_axis',(0.,0.,1.));
#17097=DIRECTION('ref_axis',(-1.,0.,0.));
#17098=DIRECTION('',(0.,0.,1.));
#17099=DIRECTION('center_axis',(0.,0.,-1.));
#17100=DIRECTION('ref_axis',(-1.,0.,0.));
#17101=DIRECTION('center_axis',(0.,0.,1.));
#17102=DIRECTION('ref_axis',(-1.,0.,0.));
#17103=DIRECTION('center_axis',(0.,0.,1.));
#17104=DIRECTION('ref_axis',(-1.,0.,0.));
#17105=DIRECTION('',(0.,0.,1.));
#17106=DIRECTION('center_axis',(0.,0.,-1.));
#17107=DIRECTION('ref_axis',(-1.,0.,0.));
#17108=DIRECTION('center_axis',(0.,0.,1.));
#17109=DIRECTION('ref_axis',(-1.,0.,0.));
#17110=DIRECTION('center_axis',(0.,0.,1.));
#17111=DIRECTION('ref_axis',(-1.,0.,0.));
#17112=DIRECTION('',(0.,0.,1.));
#17113=DIRECTION('center_axis',(0.,0.,-1.));
#17114=DIRECTION('ref_axis',(-1.,0.,0.));
#17115=DIRECTION('center_axis',(-1.,0.,0.));
#17116=DIRECTION('ref_axis',(0.,-1.,0.));
#17117=DIRECTION('',(0.,-1.,0.));
#17118=DIRECTION('',(0.,0.,1.));
#17119=DIRECTION('',(0.,-1.,0.));
#17120=DIRECTION('',(0.,0.,1.));
#17121=DIRECTION('center_axis',(0.,1.,0.));
#17122=DIRECTION('ref_axis',(-1.,0.,0.));
#17123=DIRECTION('',(-1.,0.,0.));
#17124=DIRECTION('',(-1.,0.,0.));
#17125=DIRECTION('',(0.,0.,1.));
#17126=DIRECTION('center_axis',(1.,0.,0.));
#17127=DIRECTION('ref_axis',(0.,1.,0.));
#17128=DIRECTION('',(0.,1.,0.));
#17129=DIRECTION('',(0.,1.,0.));
#17130=DIRECTION('',(0.,0.,1.));
#17131=DIRECTION('center_axis',(0.,-1.,0.));
#17132=DIRECTION('ref_axis',(1.,0.,0.));
#17133=DIRECTION('',(1.,0.,0.));
#17134=DIRECTION('',(1.,0.,0.));
#17135=DIRECTION('center_axis',(0.,0.,1.));
#17136=DIRECTION('ref_axis',(1.,0.,0.));
#17137=DIRECTION('center_axis',(0.,0.,1.));
#17138=DIRECTION('ref_axis',(1.,0.,0.));
#17139=DIRECTION('axis',(0.,0.,1.));
#17140=DIRECTION('refdir',(1.,0.,0.));
#17141=DIRECTION('center_axis',(0.,0.,1.));
#17142=DIRECTION('ref_axis',(-1.,0.,0.));
#17143=DIRECTION('center_axis',(0.,0.,1.));
#17144=DIRECTION('ref_axis',(-1.,0.,0.));
#17145=DIRECTION('',(0.,0.,1.));
#17146=DIRECTION('center_axis',(0.,0.,-1.));
#17147=DIRECTION('ref_axis',(-1.,0.,0.));
#17148=DIRECTION('center_axis',(0.,0.,1.));
#17149=DIRECTION('ref_axis',(-1.,0.,0.));
#17150=DIRECTION('center_axis',(0.,0.,1.));
#17151=DIRECTION('ref_axis',(-1.,0.,0.));
#17152=DIRECTION('',(0.,0.,1.));
#17153=DIRECTION('center_axis',(0.,0.,-1.));
#17154=DIRECTION('ref_axis',(-1.,0.,0.));
#17155=DIRECTION('center_axis',(0.,0.,1.));
#17156=DIRECTION('ref_axis',(-1.,0.,0.));
#17157=DIRECTION('center_axis',(0.,0.,1.));
#17158=DIRECTION('ref_axis',(-1.,0.,0.));
#17159=DIRECTION('',(0.,0.,1.));
#17160=DIRECTION('center_axis',(0.,0.,-1.));
#17161=DIRECTION('ref_axis',(-1.,0.,0.));
#17162=DIRECTION('center_axis',(0.,0.,1.));
#17163=DIRECTION('ref_axis',(-1.,0.,0.));
#17164=DIRECTION('center_axis',(0.,0.,1.));
#17165=DIRECTION('ref_axis',(-1.,0.,0.));
#17166=DIRECTION('',(0.,0.,1.));
#17167=DIRECTION('center_axis',(0.,0.,-1.));
#17168=DIRECTION('ref_axis',(-1.,0.,0.));
#17169=DIRECTION('center_axis',(0.,0.,1.));
#17170=DIRECTION('ref_axis',(-1.,0.,0.));
#17171=DIRECTION('center_axis',(0.,0.,1.));
#17172=DIRECTION('ref_axis',(-1.,0.,0.));
#17173=DIRECTION('',(0.,0.,1.));
#17174=DIRECTION('center_axis',(0.,0.,-1.));
#17175=DIRECTION('ref_axis',(-1.,0.,0.));
#17176=DIRECTION('center_axis',(-1.,0.,0.));
#17177=DIRECTION('ref_axis',(0.,-1.,0.));
#17178=DIRECTION('',(0.,-1.,0.));
#17179=DIRECTION('',(0.,0.,1.));
#17180=DIRECTION('',(0.,-1.,0.));
#17181=DIRECTION('',(0.,0.,1.));
#17182=DIRECTION('center_axis',(0.,1.,0.));
#17183=DIRECTION('ref_axis',(-1.,0.,0.));
#17184=DIRECTION('',(-1.,0.,0.));
#17185=DIRECTION('',(-1.,0.,0.));
#17186=DIRECTION('',(0.,0.,1.));
#17187=DIRECTION('center_axis',(1.,0.,0.));
#17188=DIRECTION('ref_axis',(0.,1.,0.));
#17189=DIRECTION('',(0.,1.,0.));
#17190=DIRECTION('',(0.,1.,0.));
#17191=DIRECTION('',(0.,0.,1.));
#17192=DIRECTION('center_axis',(0.,-1.,0.));
#17193=DIRECTION('ref_axis',(1.,0.,0.));
#17194=DIRECTION('',(1.,0.,0.));
#17195=DIRECTION('',(1.,0.,0.));
#17196=DIRECTION('center_axis',(0.,0.,1.));
#17197=DIRECTION('ref_axis',(1.,0.,0.));
#17198=DIRECTION('center_axis',(0.,0.,1.));
#17199=DIRECTION('ref_axis',(1.,0.,0.));
#17200=DIRECTION('axis',(0.,0.,1.));
#17201=DIRECTION('refdir',(1.,0.,0.));
#17202=DIRECTION('center_axis',(0.,0.,1.));
#17203=DIRECTION('ref_axis',(-1.,0.,0.));
#17204=DIRECTION('center_axis',(0.,0.,1.));
#17205=DIRECTION('ref_axis',(-1.,0.,0.));
#17206=DIRECTION('',(0.,0.,-1.));
#17207=DIRECTION('center_axis',(0.,0.,-1.));
#17208=DIRECTION('ref_axis',(-1.,0.,0.));
#17209=DIRECTION('center_axis',(0.,0.,1.));
#17210=DIRECTION('ref_axis',(1.,0.,0.));
#17211=DIRECTION('center_axis',(0.,0.,1.));
#17212=DIRECTION('ref_axis',(1.,0.,0.));
#17213=DIRECTION('axis',(0.,0.,1.));
#17214=DIRECTION('refdir',(1.,0.,0.));
#17215=DIRECTION('center_axis',(0.,0.,1.));
#17216=DIRECTION('ref_axis',(-1.,0.,0.));
#17217=DIRECTION('center_axis',(0.,0.,1.));
#17218=DIRECTION('ref_axis',(-1.,0.,0.));
#17219=DIRECTION('',(0.,0.,1.));
#17220=DIRECTION('center_axis',(0.,0.,-1.));
#17221=DIRECTION('ref_axis',(-1.,0.,0.));
#17222=DIRECTION('center_axis',(0.,0.,1.));
#17223=DIRECTION('ref_axis',(-1.,0.,0.));
#17224=DIRECTION('center_axis',(0.,0.,1.));
#17225=DIRECTION('ref_axis',(-1.,0.,0.));
#17226=DIRECTION('',(0.,0.,1.));
#17227=DIRECTION('center_axis',(0.,0.,-1.));
#17228=DIRECTION('ref_axis',(-1.,0.,0.));
#17229=DIRECTION('center_axis',(0.,0.,1.));
#17230=DIRECTION('ref_axis',(-1.,0.,0.));
#17231=DIRECTION('center_axis',(0.,0.,1.));
#17232=DIRECTION('ref_axis',(-1.,0.,0.));
#17233=DIRECTION('',(0.,0.,1.));
#17234=DIRECTION('center_axis',(0.,0.,-1.));
#17235=DIRECTION('ref_axis',(-1.,0.,0.));
#17236=DIRECTION('center_axis',(0.,0.,1.));
#17237=DIRECTION('ref_axis',(-1.,0.,0.));
#17238=DIRECTION('center_axis',(0.,0.,1.));
#17239=DIRECTION('ref_axis',(-1.,0.,0.));
#17240=DIRECTION('',(0.,0.,1.));
#17241=DIRECTION('center_axis',(0.,0.,-1.));
#17242=DIRECTION('ref_axis',(-1.,0.,0.));
#17243=DIRECTION('center_axis',(-1.,0.,0.));
#17244=DIRECTION('ref_axis',(0.,-1.,0.));
#17245=DIRECTION('',(0.,-1.,0.));
#17246=DIRECTION('',(0.,0.,1.));
#17247=DIRECTION('',(0.,-1.,0.));
#17248=DIRECTION('',(0.,0.,1.));
#17249=DIRECTION('center_axis',(0.,1.,0.));
#17250=DIRECTION('ref_axis',(-1.,0.,0.));
#17251=DIRECTION('',(-1.,0.,0.));
#17252=DIRECTION('',(-1.,0.,0.));
#17253=DIRECTION('',(0.,0.,1.));
#17254=DIRECTION('center_axis',(1.,0.,0.));
#17255=DIRECTION('ref_axis',(0.,1.,0.));
#17256=DIRECTION('',(0.,1.,0.));
#17257=DIRECTION('',(0.,1.,0.));
#17258=DIRECTION('',(0.,0.,1.));
#17259=DIRECTION('center_axis',(0.,-1.,0.));
#17260=DIRECTION('ref_axis',(1.,0.,0.));
#17261=DIRECTION('',(1.,0.,0.));
#17262=DIRECTION('',(1.,0.,0.));
#17263=DIRECTION('center_axis',(0.,0.,1.));
#17264=DIRECTION('ref_axis',(1.,0.,0.));
#17265=DIRECTION('center_axis',(0.,0.,1.));
#17266=DIRECTION('ref_axis',(1.,0.,0.));
#17267=DIRECTION('axis',(0.,0.,1.));
#17268=DIRECTION('refdir',(1.,0.,0.));
#17269=DIRECTION('center_axis',(0.,0.,1.));
#17270=DIRECTION('ref_axis',(-1.,0.,0.));
#17271=DIRECTION('center_axis',(0.,0.,1.));
#17272=DIRECTION('ref_axis',(-1.,0.,0.));
#17273=DIRECTION('',(0.,0.,1.));
#17274=DIRECTION('center_axis',(0.,0.,-1.));
#17275=DIRECTION('ref_axis',(-1.,0.,0.));
#17276=DIRECTION('center_axis',(0.,0.,1.));
#17277=DIRECTION('ref_axis',(-1.,0.,0.));
#17278=DIRECTION('center_axis',(0.,0.,1.));
#17279=DIRECTION('ref_axis',(-1.,0.,0.));
#17280=DIRECTION('',(0.,0.,-1.));
#17281=DIRECTION('center_axis',(0.,0.,-1.));
#17282=DIRECTION('ref_axis',(-1.,0.,0.));
#17283=DIRECTION('center_axis',(0.,0.,1.));
#17284=DIRECTION('ref_axis',(1.,0.,0.));
#17285=DIRECTION('center_axis',(0.,0.,1.));
#17286=DIRECTION('ref_axis',(1.,0.,0.));
#17287=DIRECTION('axis',(0.,0.,1.));
#17288=DIRECTION('refdir',(1.,0.,0.));
#17289=DIRECTION('center_axis',(1.,0.,0.));
#17290=DIRECTION('ref_axis',(0.,1.,0.));
#17291=DIRECTION('',(0.,0.,-1.));
#17292=DIRECTION('',(0.,-1.,0.));
#17293=DIRECTION('',(0.,0.,1.));
#17294=DIRECTION('',(0.,1.,0.));
#17295=DIRECTION('center_axis',(-1.,0.,0.));
#17296=DIRECTION('ref_axis',(0.,-1.,0.));
#17297=DIRECTION('',(0.,0.,1.));
#17298=DIRECTION('',(0.,-1.,0.));
#17299=DIRECTION('',(0.,0.,-1.));
#17300=DIRECTION('',(0.,1.,0.));
#17301=DIRECTION('center_axis',(0.,0.,1.));
#17302=DIRECTION('ref_axis',(1.,0.,0.));
#17303=DIRECTION('center_axis',(0.,0.,1.));
#17304=DIRECTION('ref_axis',(-1.,0.,0.));
#17305=DIRECTION('center_axis',(0.,0.,-1.));
#17306=DIRECTION('ref_axis',(-1.,0.,0.));
#17307=DIRECTION('center_axis',(0.,0.,1.));
#17308=DIRECTION('ref_axis',(-5.0532154980743E-16,-1.,0.));
#17309=DIRECTION('center_axis',(0.,0.,1.));
#17310=DIRECTION('ref_axis',(-1.,0.,0.));
#17311=DIRECTION('center_axis',(0.,0.,1.));
#17312=DIRECTION('ref_axis',(-5.0532154980743E-16,-1.,0.));
#17313=DIRECTION('center_axis',(0.,0.,-1.));
#17314=DIRECTION('ref_axis',(-1.,0.,0.));
#17315=DIRECTION('center_axis',(0.,0.,1.));
#17316=DIRECTION('ref_axis',(1.,0.,0.));
#17317=DIRECTION('axis',(0.,0.,1.));
#17318=DIRECTION('refdir',(1.,0.,0.));
#17319=DIRECTION('center_axis',(0.,0.,1.));
#17320=DIRECTION('ref_axis',(-1.,0.,0.));
#17321=DIRECTION('center_axis',(0.,0.,1.));
#17322=DIRECTION('ref_axis',(-1.,0.,0.));
#17323=DIRECTION('',(0.,0.,1.));
#17324=DIRECTION('center_axis',(0.,0.,-1.));
#17325=DIRECTION('ref_axis',(-1.,0.,0.));
#17326=DIRECTION('center_axis',(0.,0.,1.));
#17327=DIRECTION('ref_axis',(-1.,0.,0.));
#17328=DIRECTION('center_axis',(0.,0.,1.));
#17329=DIRECTION('ref_axis',(-1.,0.,0.));
#17330=DIRECTION('',(0.,0.,-1.));
#17331=DIRECTION('center_axis',(0.,0.,-1.));
#17332=DIRECTION('ref_axis',(-1.,0.,0.));
#17333=DIRECTION('center_axis',(0.,0.,1.));
#17334=DIRECTION('ref_axis',(1.,0.,0.));
#17335=DIRECTION('center_axis',(0.,0.,1.));
#17336=DIRECTION('ref_axis',(1.,0.,0.));
#17337=DIRECTION('axis',(0.,0.,1.));
#17338=DIRECTION('refdir',(1.,0.,0.));
#17339=DIRECTION('center_axis',(0.,0.,1.));
#17340=DIRECTION('ref_axis',(-1.,0.,0.));
#17341=DIRECTION('center_axis',(0.,0.,1.));
#17342=DIRECTION('ref_axis',(-1.,0.,0.));
#17343=DIRECTION('',(0.,0.,1.));
#17344=DIRECTION('center_axis',(0.,0.,-1.));
#17345=DIRECTION('ref_axis',(-1.,0.,0.));
#17346=DIRECTION('center_axis',(0.,0.,1.));
#17347=DIRECTION('ref_axis',(-1.,0.,0.));
#17348=DIRECTION('center_axis',(0.,0.,1.));
#17349=DIRECTION('ref_axis',(-1.,0.,0.));
#17350=DIRECTION('',(0.,0.,-1.));
#17351=DIRECTION('center_axis',(0.,0.,-1.));
#17352=DIRECTION('ref_axis',(-1.,0.,0.));
#17353=DIRECTION('center_axis',(0.,0.,1.));
#17354=DIRECTION('ref_axis',(1.,0.,0.));
#17355=DIRECTION('center_axis',(0.,0.,1.));
#17356=DIRECTION('ref_axis',(1.,0.,0.));
#17357=DIRECTION('axis',(0.,0.,1.));
#17358=DIRECTION('refdir',(1.,0.,0.));
#17359=DIRECTION('center_axis',(0.,0.,1.));
#17360=DIRECTION('ref_axis',(-1.,0.,0.));
#17361=DIRECTION('center_axis',(0.,0.,1.));
#17362=DIRECTION('ref_axis',(-1.,0.,0.));
#17363=DIRECTION('',(0.,0.,1.));
#17364=DIRECTION('center_axis',(0.,0.,-1.));
#17365=DIRECTION('ref_axis',(-1.,0.,0.));
#17366=DIRECTION('center_axis',(0.,0.,1.));
#17367=DIRECTION('ref_axis',(-1.,0.,0.));
#17368=DIRECTION('center_axis',(0.,0.,1.));
#17369=DIRECTION('ref_axis',(-1.,0.,0.));
#17370=DIRECTION('',(0.,0.,-1.));
#17371=DIRECTION('center_axis',(0.,0.,-1.));
#17372=DIRECTION('ref_axis',(-1.,0.,0.));
#17373=DIRECTION('center_axis',(0.,0.,1.));
#17374=DIRECTION('ref_axis',(1.,0.,0.));
#17375=DIRECTION('center_axis',(0.,0.,1.));
#17376=DIRECTION('ref_axis',(1.,0.,0.));
#17377=DIRECTION('axis',(0.,0.,1.));
#17378=DIRECTION('refdir',(1.,0.,0.));
#17379=DIRECTION('center_axis',(0.,0.,1.));
#17380=DIRECTION('ref_axis',(-1.,0.,0.));
#17381=DIRECTION('center_axis',(0.,0.,1.));
#17382=DIRECTION('ref_axis',(-1.,0.,0.));
#17383=DIRECTION('',(0.,0.,1.));
#17384=DIRECTION('center_axis',(0.,0.,-1.));
#17385=DIRECTION('ref_axis',(-1.,0.,0.));
#17386=DIRECTION('center_axis',(0.,0.,1.));
#17387=DIRECTION('ref_axis',(-1.,0.,0.));
#17388=DIRECTION('center_axis',(0.,0.,1.));
#17389=DIRECTION('ref_axis',(-1.,0.,0.));
#17390=DIRECTION('',(0.,0.,-1.));
#17391=DIRECTION('center_axis',(0.,0.,-1.));
#17392=DIRECTION('ref_axis',(-1.,0.,0.));
#17393=DIRECTION('center_axis',(0.,0.,1.));
#17394=DIRECTION('ref_axis',(1.,0.,0.));
#17395=DIRECTION('center_axis',(0.,0.,1.));
#17396=DIRECTION('ref_axis',(1.,0.,0.));
#17397=DIRECTION('axis',(0.,0.,1.));
#17398=DIRECTION('refdir',(1.,0.,0.));
#17399=DIRECTION('center_axis',(0.,0.,1.));
#17400=DIRECTION('ref_axis',(-1.,0.,0.));
#17401=DIRECTION('center_axis',(0.,0.,1.));
#17402=DIRECTION('ref_axis',(-1.,0.,0.));
#17403=DIRECTION('',(0.,0.,-1.));
#17404=DIRECTION('center_axis',(0.,0.,-1.));
#17405=DIRECTION('ref_axis',(-1.,0.,0.));
#17406=DIRECTION('center_axis',(0.,0.,1.));
#17407=DIRECTION('ref_axis',(1.,0.,0.));
#17408=DIRECTION('center_axis',(0.,0.,1.));
#17409=DIRECTION('ref_axis',(1.,0.,0.));
#17410=DIRECTION('axis',(0.,0.,1.));
#17411=DIRECTION('refdir',(1.,0.,0.));
#17412=DIRECTION('center_axis',(0.,0.,1.));
#17413=DIRECTION('ref_axis',(-1.,0.,0.));
#17414=DIRECTION('center_axis',(0.,0.,1.));
#17415=DIRECTION('ref_axis',(-1.,0.,0.));
#17416=DIRECTION('',(0.,0.,-1.));
#17417=DIRECTION('center_axis',(0.,0.,-1.));
#17418=DIRECTION('ref_axis',(-1.,0.,0.));
#17419=DIRECTION('center_axis',(0.,0.,1.));
#17420=DIRECTION('ref_axis',(1.,0.,0.));
#17421=DIRECTION('center_axis',(0.,0.,1.));
#17422=DIRECTION('ref_axis',(1.,0.,0.));
#17423=DIRECTION('axis',(0.,0.,1.));
#17424=DIRECTION('refdir',(1.,0.,0.));
#17425=DIRECTION('center_axis',(0.,0.,1.));
#17426=DIRECTION('ref_axis',(-1.,0.,0.));
#17427=DIRECTION('center_axis',(0.,0.,1.));
#17428=DIRECTION('ref_axis',(-1.,0.,0.));
#17429=DIRECTION('',(0.,0.,1.));
#17430=DIRECTION('center_axis',(0.,0.,-1.));
#17431=DIRECTION('ref_axis',(-1.,0.,0.));
#17432=DIRECTION('center_axis',(0.,0.,1.));
#17433=DIRECTION('ref_axis',(-1.,0.,0.));
#17434=DIRECTION('center_axis',(0.,0.,1.));
#17435=DIRECTION('ref_axis',(-1.,0.,0.));
#17436=DIRECTION('',(0.,0.,1.));
#17437=DIRECTION('center_axis',(0.,0.,-1.));
#17438=DIRECTION('ref_axis',(-1.,0.,0.));
#17439=DIRECTION('center_axis',(0.,1.,0.));
#17440=DIRECTION('ref_axis',(0.,0.,1.));
#17441=DIRECTION('',(-1.,0.,0.));
#17442=DIRECTION('',(0.,0.,1.));
#17443=DIRECTION('',(1.,0.,0.));
#17444=DIRECTION('',(0.,0.,1.));
#17445=DIRECTION('center_axis',(0.,-0.0648631210826804,-0.997894170502771));
#17446=DIRECTION('ref_axis',(0.,0.997894170502771,-0.0648631210826804));
#17447=DIRECTION('',(0.,-0.997894170502771,0.0648631210826804));
#17448=DIRECTION('',(0.,0.997894170502771,-0.0648631210826804));
#17449=DIRECTION('',(0.,0.997894170502771,-0.0648631210826804));
#17450=DIRECTION('',(1.,0.,0.));
#17451=DIRECTION('center_axis',(1.,0.,0.));
#17452=DIRECTION('ref_axis',(0.,0.,-1.));
#17453=DIRECTION('',(0.,-1.,0.));
#17454=DIRECTION('center_axis',(-1.,0.,0.));
#17455=DIRECTION('ref_axis',(0.,-1.,0.));
#17456=DIRECTION('',(0.,0.,1.));
#17457=DIRECTION('',(0.,-1.,0.));
#17458=DIRECTION('center_axis',(0.,-1.,0.));
#17459=DIRECTION('ref_axis',(1.,0.,0.));
#17460=DIRECTION('',(0.,0.,1.));
#17461=DIRECTION('',(1.,0.,0.));
#17462=DIRECTION('center_axis',(0.,0.,1.));
#17463=DIRECTION('ref_axis',(1.,0.,0.));
#17464=DIRECTION('',(0.,1.,0.));
#17465=DIRECTION('',(-1.,0.,0.));
#17466=DIRECTION('',(0.,-1.,0.));
#17467=DIRECTION('',(1.,0.,0.));
#17468=DIRECTION('center_axis',(1.,0.,0.));
#17469=DIRECTION('ref_axis',(0.,1.,0.));
#17470=DIRECTION('',(0.,1.,0.));
#17471=DIRECTION('',(0.,0.,1.));
#17472=DIRECTION('',(0.,0.,1.));
#17473=DIRECTION('',(0.,1.,0.));
#17474=DIRECTION('center_axis',(-1.,0.,0.));
#17475=DIRECTION('ref_axis',(0.,-1.,0.));
#17476=DIRECTION('',(0.,-1.,0.));
#17477=DIRECTION('',(0.,0.,1.));
#17478=DIRECTION('',(0.,0.,1.));
#17479=DIRECTION('center_axis',(0.,1.,0.));
#17480=DIRECTION('ref_axis',(-1.,0.,0.));
#17481=DIRECTION('',(-1.,0.,0.));
#17482=DIRECTION('center_axis',(0.,-1.,0.));
#17483=DIRECTION('ref_axis',(1.,0.,0.));
#17484=DIRECTION('',(1.,0.,0.));
#17485=DIRECTION('center_axis',(0.,0.,1.));
#17486=DIRECTION('ref_axis',(1.,0.,0.));
#17487=DIRECTION('axis',(0.,0.,1.));
#17488=DIRECTION('refdir',(1.,0.,0.));
#17489=DIRECTION('center_axis',(0.,0.,1.));
#17490=DIRECTION('ref_axis',(-1.,0.,0.));
#17491=DIRECTION('center_axis',(0.,0.,1.));
#17492=DIRECTION('ref_axis',(-1.,0.,0.));
#17493=DIRECTION('',(0.,0.,1.));
#17494=DIRECTION('center_axis',(0.,0.,-1.));
#17495=DIRECTION('ref_axis',(-1.,0.,0.));
#17496=DIRECTION('center_axis',(0.,0.,1.));
#17497=DIRECTION('ref_axis',(-1.,0.,0.));
#17498=DIRECTION('center_axis',(0.,0.,1.));
#17499=DIRECTION('ref_axis',(-1.,0.,0.));
#17500=DIRECTION('',(0.,0.,1.));
#17501=DIRECTION('center_axis',(0.,0.,-1.));
#17502=DIRECTION('ref_axis',(-1.,0.,0.));
#17503=DIRECTION('center_axis',(0.,1.,0.));
#17504=DIRECTION('ref_axis',(0.,0.,1.));
#17505=DIRECTION('',(1.,0.,0.));
#17506=DIRECTION('',(0.,0.,1.));
#17507=DIRECTION('',(1.,0.,0.));
#17508=DIRECTION('',(0.,0.,1.));
#17509=DIRECTION('center_axis',(0.,-0.0349785821756185,0.999388062160532));
#17510=DIRECTION('ref_axis',(0.,-0.999388062160532,-0.0349785821756185));
#17511=DIRECTION('',(0.,-0.999388062160532,-0.0349785821756185));
#17512=DIRECTION('',(0.,0.999388062160532,0.0349785821756185));
#17513=DIRECTION('',(-1.,0.,0.));
#17514=DIRECTION('',(0.,-0.999388062160532,-0.0349785821756185));
#17515=DIRECTION('center_axis',(1.,0.,0.));
#17516=DIRECTION('ref_axis',(0.,0.,-1.));
#17517=DIRECTION('',(0.,1.,0.));
#17518=DIRECTION('center_axis',(0.,-1.,0.));
#17519=DIRECTION('ref_axis',(1.,0.,0.));
#17520=DIRECTION('',(0.,0.,1.));
#17521=DIRECTION('',(-1.,0.,0.));
#17522=DIRECTION('',(0.,0.,1.));
#17523=DIRECTION('center_axis',(-1.,0.,0.));
#17524=DIRECTION('ref_axis',(0.,-1.,0.));
#17525=DIRECTION('',(0.,1.,0.));
#17526=DIRECTION('center_axis',(0.,0.,1.));
#17527=DIRECTION('ref_axis',(1.,0.,0.));
#17528=DIRECTION('',(0.,1.,0.));
#17529=DIRECTION('',(-1.,0.,0.));
#17530=DIRECTION('',(0.,-1.,0.));
#17531=DIRECTION('',(1.,0.,0.));
#17532=DIRECTION('',(0.,1.,0.));
#17533=DIRECTION('center_axis',(-1.,0.,0.));
#17534=DIRECTION('ref_axis',(0.,-1.,0.));
#17535=DIRECTION('',(0.,-1.,0.));
#17536=DIRECTION('',(0.,0.,1.));
#17537=DIRECTION('',(0.,0.,1.));
#17538=DIRECTION('center_axis',(0.,1.,0.));
#17539=DIRECTION('ref_axis',(-1.,0.,0.));
#17540=DIRECTION('',(-1.,0.,0.));
#17541=DIRECTION('',(0.,0.,1.));
#17542=DIRECTION('center_axis',(1.,0.,0.));
#17543=DIRECTION('ref_axis',(0.,1.,0.));
#17544=DIRECTION('',(0.,0.,1.));
#17545=DIRECTION('',(0.,1.,0.));
#17546=DIRECTION('center_axis',(0.,-1.,0.));
#17547=DIRECTION('ref_axis',(1.,0.,0.));
#17548=DIRECTION('',(1.,0.,0.));
#17549=DIRECTION('center_axis',(0.,0.,1.));
#17550=DIRECTION('ref_axis',(1.,0.,0.));
#17551=DIRECTION('axis',(0.,0.,1.));
#17552=DIRECTION('refdir',(1.,0.,0.));
#17553=DIRECTION('center_axis',(-1.,0.,0.));
#17554=DIRECTION('ref_axis',(0.,-1.,0.));
#17555=DIRECTION('',(0.,-1.,0.));
#17556=DIRECTION('',(0.,0.,1.));
#17557=DIRECTION('',(0.,-1.,0.));
#17558=DIRECTION('',(0.,0.,1.));
#17559=DIRECTION('center_axis',(0.,1.,0.));
#17560=DIRECTION('ref_axis',(-1.,0.,0.));
#17561=DIRECTION('',(-1.,0.,0.));
#17562=DIRECTION('',(-1.,0.,0.));
#17563=DIRECTION('',(0.,0.,1.));
#17564=DIRECTION('center_axis',(1.,0.,0.));
#17565=DIRECTION('ref_axis',(0.,1.,0.));
#17566=DIRECTION('',(0.,1.,0.));
#17567=DIRECTION('',(0.,1.,0.));
#17568=DIRECTION('',(0.,0.,1.));
#17569=DIRECTION('center_axis',(0.,-1.,0.));
#17570=DIRECTION('ref_axis',(1.,0.,0.));
#17571=DIRECTION('',(1.,0.,0.));
#17572=DIRECTION('',(1.,0.,0.));
#17573=DIRECTION('center_axis',(0.,0.,1.));
#17574=DIRECTION('ref_axis',(1.,0.,0.));
#17575=DIRECTION('center_axis',(0.,0.,1.));
#17576=DIRECTION('ref_axis',(1.,0.,0.));
#17577=DIRECTION('axis',(0.,0.,1.));
#17578=DIRECTION('refdir',(1.,0.,0.));
#17579=DIRECTION('center_axis',(0.,0.,1.));
#17580=DIRECTION('ref_axis',(-1.,0.,0.));
#17581=DIRECTION('center_axis',(0.,0.,1.));
#17582=DIRECTION('ref_axis',(-1.,0.,0.));
#17583=DIRECTION('',(0.,0.,1.));
#17584=DIRECTION('center_axis',(0.,0.,-1.));
#17585=DIRECTION('ref_axis',(-1.,0.,0.));
#17586=DIRECTION('center_axis',(0.,0.,1.));
#17587=DIRECTION('ref_axis',(-1.,0.,0.));
#17588=DIRECTION('center_axis',(0.,0.,1.));
#17589=DIRECTION('ref_axis',(-1.,0.,0.));
#17590=DIRECTION('',(0.,0.,-1.));
#17591=DIRECTION('center_axis',(0.,0.,-1.));
#17592=DIRECTION('ref_axis',(-1.,0.,0.));
#17593=DIRECTION('center_axis',(0.,0.,1.));
#17594=DIRECTION('ref_axis',(1.,0.,0.));
#17595=DIRECTION('center_axis',(0.,0.,1.));
#17596=DIRECTION('ref_axis',(1.,0.,0.));
#17597=DIRECTION('axis',(0.,0.,1.));
#17598=DIRECTION('refdir',(1.,0.,0.));
#17599=DIRECTION('center_axis',(0.,0.,1.));
#17600=DIRECTION('ref_axis',(-1.,0.,0.));
#17601=DIRECTION('center_axis',(0.,0.,1.));
#17602=DIRECTION('ref_axis',(-1.,0.,0.));
#17603=DIRECTION('',(0.,0.,1.));
#17604=DIRECTION('center_axis',(0.,0.,-1.));
#17605=DIRECTION('ref_axis',(-1.,0.,0.));
#17606=DIRECTION('center_axis',(0.,0.,1.));
#17607=DIRECTION('ref_axis',(-1.,0.,0.));
#17608=DIRECTION('center_axis',(0.,0.,1.));
#17609=DIRECTION('ref_axis',(-1.,0.,0.));
#17610=DIRECTION('',(0.,0.,-1.));
#17611=DIRECTION('center_axis',(0.,0.,-1.));
#17612=DIRECTION('ref_axis',(-1.,0.,0.));
#17613=DIRECTION('center_axis',(0.,0.,1.));
#17614=DIRECTION('ref_axis',(1.,0.,0.));
#17615=DIRECTION('center_axis',(0.,0.,1.));
#17616=DIRECTION('ref_axis',(1.,0.,0.));
#17617=DIRECTION('axis',(0.,0.,1.));
#17618=DIRECTION('refdir',(1.,0.,0.));
#17619=DIRECTION('center_axis',(0.,0.,1.));
#17620=DIRECTION('ref_axis',(-1.,0.,0.));
#17621=DIRECTION('center_axis',(0.,0.,1.));
#17622=DIRECTION('ref_axis',(-1.,0.,0.));
#17623=DIRECTION('',(0.,0.,1.));
#17624=DIRECTION('center_axis',(0.,0.,-1.));
#17625=DIRECTION('ref_axis',(-1.,0.,0.));
#17626=DIRECTION('center_axis',(0.,0.,1.));
#17627=DIRECTION('ref_axis',(-1.,0.,0.));
#17628=DIRECTION('center_axis',(0.,0.,1.));
#17629=DIRECTION('ref_axis',(-1.,0.,0.));
#17630=DIRECTION('',(0.,0.,-1.));
#17631=DIRECTION('center_axis',(0.,0.,-1.));
#17632=DIRECTION('ref_axis',(-1.,0.,0.));
#17633=DIRECTION('center_axis',(0.,0.,1.));
#17634=DIRECTION('ref_axis',(1.,0.,0.));
#17635=DIRECTION('center_axis',(0.,0.,1.));
#17636=DIRECTION('ref_axis',(1.,0.,0.));
#17637=DIRECTION('axis',(0.,0.,1.));
#17638=DIRECTION('refdir',(1.,0.,0.));
#17639=DIRECTION('center_axis',(0.,0.,1.));
#17640=DIRECTION('ref_axis',(-1.,0.,0.));
#17641=DIRECTION('center_axis',(0.,0.,1.));
#17642=DIRECTION('ref_axis',(-1.,0.,0.));
#17643=DIRECTION('',(0.,0.,1.));
#17644=DIRECTION('center_axis',(0.,0.,-1.));
#17645=DIRECTION('ref_axis',(-1.,0.,0.));
#17646=DIRECTION('center_axis',(0.,0.,1.));
#17647=DIRECTION('ref_axis',(-1.,0.,0.));
#17648=DIRECTION('center_axis',(0.,0.,1.));
#17649=DIRECTION('ref_axis',(-1.,0.,0.));
#17650=DIRECTION('',(0.,0.,-1.));
#17651=DIRECTION('center_axis',(0.,0.,-1.));
#17652=DIRECTION('ref_axis',(-1.,0.,0.));
#17653=DIRECTION('center_axis',(0.,0.,1.));
#17654=DIRECTION('ref_axis',(1.,0.,0.));
#17655=DIRECTION('center_axis',(0.,0.,1.));
#17656=DIRECTION('ref_axis',(1.,0.,0.));
#17657=DIRECTION('axis',(0.,0.,1.));
#17658=DIRECTION('refdir',(1.,0.,0.));
#17659=DIRECTION('center_axis',(0.,0.,1.));
#17660=DIRECTION('ref_axis',(-1.,0.,0.));
#17661=DIRECTION('center_axis',(0.,0.,1.));
#17662=DIRECTION('ref_axis',(-1.,0.,0.));
#17663=DIRECTION('',(0.,0.,1.));
#17664=DIRECTION('center_axis',(0.,0.,-1.));
#17665=DIRECTION('ref_axis',(-1.,0.,0.));
#17666=DIRECTION('center_axis',(0.,0.,1.));
#17667=DIRECTION('ref_axis',(-1.,0.,0.));
#17668=DIRECTION('center_axis',(0.,0.,1.));
#17669=DIRECTION('ref_axis',(-1.,0.,0.));
#17670=DIRECTION('',(0.,0.,-1.));
#17671=DIRECTION('center_axis',(0.,0.,-1.));
#17672=DIRECTION('ref_axis',(-1.,0.,0.));
#17673=DIRECTION('center_axis',(0.,0.,1.));
#17674=DIRECTION('ref_axis',(1.,0.,0.));
#17675=DIRECTION('center_axis',(0.,0.,1.));
#17676=DIRECTION('ref_axis',(1.,0.,0.));
#17677=DIRECTION('axis',(0.,0.,1.));
#17678=DIRECTION('refdir',(1.,0.,0.));
#17679=DIRECTION('center_axis',(0.,0.,1.));
#17680=DIRECTION('ref_axis',(-1.,0.,0.));
#17681=DIRECTION('center_axis',(0.,0.,1.));
#17682=DIRECTION('ref_axis',(-1.,0.,0.));
#17683=DIRECTION('',(0.,0.,1.));
#17684=DIRECTION('center_axis',(0.,0.,-1.));
#17685=DIRECTION('ref_axis',(-1.,0.,0.));
#17686=DIRECTION('center_axis',(0.,0.,1.));
#17687=DIRECTION('ref_axis',(-1.,0.,0.));
#17688=DIRECTION('center_axis',(0.,0.,1.));
#17689=DIRECTION('ref_axis',(-1.,0.,0.));
#17690=DIRECTION('',(0.,0.,-1.));
#17691=DIRECTION('center_axis',(0.,0.,-1.));
#17692=DIRECTION('ref_axis',(-1.,0.,0.));
#17693=DIRECTION('center_axis',(0.,0.,1.));
#17694=DIRECTION('ref_axis',(1.,0.,0.));
#17695=DIRECTION('center_axis',(0.,0.,1.));
#17696=DIRECTION('ref_axis',(1.,0.,0.));
#17697=DIRECTION('axis',(0.,0.,1.));
#17698=DIRECTION('refdir',(1.,0.,0.));
#17699=DIRECTION('center_axis',(0.,0.,1.));
#17700=DIRECTION('ref_axis',(-1.,0.,0.));
#17701=DIRECTION('center_axis',(0.,0.,1.));
#17702=DIRECTION('ref_axis',(-1.,0.,0.));
#17703=DIRECTION('',(0.,0.,1.));
#17704=DIRECTION('center_axis',(0.,0.,-1.));
#17705=DIRECTION('ref_axis',(-1.,0.,0.));
#17706=DIRECTION('center_axis',(0.,0.,1.));
#17707=DIRECTION('ref_axis',(-1.,0.,0.));
#17708=DIRECTION('center_axis',(0.,0.,1.));
#17709=DIRECTION('ref_axis',(-1.,0.,0.));
#17710=DIRECTION('',(0.,0.,-1.));
#17711=DIRECTION('center_axis',(0.,0.,-1.));
#17712=DIRECTION('ref_axis',(-1.,0.,0.));
#17713=DIRECTION('center_axis',(0.,0.,1.));
#17714=DIRECTION('ref_axis',(1.,0.,0.));
#17715=DIRECTION('center_axis',(0.,0.,1.));
#17716=DIRECTION('ref_axis',(1.,0.,0.));
#17717=DIRECTION('axis',(0.,0.,1.));
#17718=DIRECTION('refdir',(1.,0.,0.));
#17719=DIRECTION('center_axis',(0.,0.,1.));
#17720=DIRECTION('ref_axis',(1.,0.,0.));
#17721=DIRECTION('',(0.,1.,0.));
#17722=DIRECTION('',(1.,0.,0.));
#17723=DIRECTION('',(0.,1.,0.));
#17724=DIRECTION('',(-1.,0.,0.));
#17725=DIRECTION('center_axis',(1.,0.,0.));
#17726=DIRECTION('ref_axis',(0.,1.,0.));
#17727=DIRECTION('',(0.,1.,0.));
#17728=DIRECTION('',(0.,0.,1.));
#17729=DIRECTION('',(0.,0.,1.));
#17730=DIRECTION('center_axis',(0.,0.,1.));
#17731=DIRECTION('ref_axis',(1.,0.,0.));
#17732=DIRECTION('',(0.,-1.,0.));
#17733=DIRECTION('',(-1.,0.,0.));
#17734=DIRECTION('',(1.,0.,0.));
#17735=DIRECTION('center_axis',(-1.,0.,0.));
#17736=DIRECTION('ref_axis',(0.,-1.,0.));
#17737=DIRECTION('',(0.,0.,1.));
#17738=DIRECTION('',(0.,-1.,0.));
#17739=DIRECTION('',(0.,0.,1.));
#17740=DIRECTION('',(0.,-1.,0.));
#17741=DIRECTION('',(0.,0.,1.));
#17742=DIRECTION('',(0.,-1.,0.));
#17743=DIRECTION('',(0.,0.,1.));
#17744=DIRECTION('',(0.,-1.,0.));
#17745=DIRECTION('center_axis',(1.,0.,0.));
#17746=DIRECTION('ref_axis',(0.,1.,0.));
#17747=DIRECTION('',(0.,0.,1.));
#17748=DIRECTION('',(0.,1.,0.));
#17749=DIRECTION('',(0.,0.,1.));
#17750=DIRECTION('',(0.,1.,0.));
#17751=DIRECTION('',(0.,0.,1.));
#17752=DIRECTION('center_axis',(-1.,0.,0.));
#17753=DIRECTION('ref_axis',(0.,-1.,0.));
#17754=DIRECTION('',(0.,-1.,0.));
#17755=DIRECTION('',(0.,0.,-1.));
#17756=DIRECTION('',(0.,0.997894170502771,-0.0648631210826804));
#17757=DIRECTION('',(0.,0.,1.));
#17758=DIRECTION('center_axis',(-1.,0.,0.));
#17759=DIRECTION('ref_axis',(0.,-1.,0.));
#17760=DIRECTION('',(0.,1.,0.));
#17761=DIRECTION('',(0.,0.,1.));
#17762=DIRECTION('',(0.,-0.999388062160532,-0.0349785821756185));
#17763=DIRECTION('',(0.,0.,-1.));
#17764=DIRECTION('center_axis',(1.,0.,0.));
#17765=DIRECTION('ref_axis',(0.,1.,0.));
#17766=DIRECTION('',(0.,1.,0.));
#17767=DIRECTION('',(0.,0.,1.));
#17768=DIRECTION('',(0.,-0.997894170502771,0.0648631210826804));
#17769=DIRECTION('',(0.,0.,1.));
#17770=DIRECTION('center_axis',(0.,-1.,0.));
#17771=DIRECTION('ref_axis',(1.,0.,0.));
#17772=DIRECTION('',(1.,0.,0.));
#17773=DIRECTION('',(-1.,0.,0.));
#17774=DIRECTION('center_axis',(1.,0.,0.));
#17775=DIRECTION('ref_axis',(0.,1.,0.));
#17776=DIRECTION('',(0.,-1.,0.));
#17777=DIRECTION('',(0.,0.,1.));
#17778=DIRECTION('',(0.,0.999388062160532,0.0349785821756185));
#17779=DIRECTION('',(0.,0.,1.));
#17780=DIRECTION('center_axis',(0.,-1.,0.));
#17781=DIRECTION('ref_axis',(1.,0.,0.));
#17782=DIRECTION('',(-1.,0.,0.));
#17783=DIRECTION('',(1.,0.,0.));
#17784=DIRECTION('center_axis',(0.,0.0349785821756185,-0.999388062160532));
#17785=DIRECTION('ref_axis',(0.,0.999388062160532,0.0349785821756185));
#17786=DIRECTION('',(1.,0.,0.));
#17787=DIRECTION('',(0.,0.999388062160532,0.0349785821756185));
#17788=DIRECTION('',(1.,0.,0.));
#17789=DIRECTION('',(0.,0.999388062160532,0.0349785821756185));
#17790=DIRECTION('',(1.,0.,0.));
#17791=DIRECTION('center_axis',(0.,1.,0.));
#17792=DIRECTION('ref_axis',(0.,0.,1.));
#17793=DIRECTION('',(1.,0.,0.));
#17794=DIRECTION('',(0.,0.,1.));
#17795=DIRECTION('center_axis',(0.,1.,0.));
#17796=DIRECTION('ref_axis',(0.,0.,1.));
#17797=DIRECTION('',(0.,0.,1.));
#17798=DIRECTION('',(1.,0.,0.));
#17799=DIRECTION('center_axis',(0.,0.,-1.));
#17800=DIRECTION('ref_axis',(0.,1.,0.));
#17801=DIRECTION('',(1.,0.,0.));
#17802=DIRECTION('',(0.,1.,0.));
#17803=DIRECTION('',(-1.,0.,0.));
#17804=DIRECTION('',(1.,0.,0.));
#17805=DIRECTION('',(1.,0.,0.));
#17806=DIRECTION('',(0.,1.,0.));
#17807=DIRECTION('',(1.,0.,0.));
#17808=DIRECTION('center_axis',(0.,1.,0.));
#17809=DIRECTION('ref_axis',(0.,0.,1.));
#17810=DIRECTION('',(1.,0.,0.));
#17811=DIRECTION('',(0.,0.,1.));
#17812=DIRECTION('center_axis',(0.,-1.,0.));
#17813=DIRECTION('ref_axis',(0.,0.,-1.));
#17814=DIRECTION('',(1.,0.,0.));
#17815=DIRECTION('',(0.,0.,-1.));
#17816=DIRECTION('',(0.,0.,-1.));
#17817=DIRECTION('',(-1.,0.,0.));
#17818=DIRECTION('center_axis',(1.,0.,0.));
#17819=DIRECTION('ref_axis',(0.,0.,-1.));
#17820=DIRECTION('',(0.,-1.,0.));
#17821=DIRECTION('',(0.,0.,1.));
#17822=DIRECTION('center_axis',(1.,0.,0.));
#17823=DIRECTION('ref_axis',(0.,0.,-1.));
#17824=DIRECTION('',(0.,-1.,0.));
#17825=DIRECTION('center_axis',(0.,1.,0.));
#17826=DIRECTION('ref_axis',(-1.,0.,0.));
#17827=DIRECTION('',(-1.,0.,0.));
#17828=DIRECTION('',(0.,0.,1.));
#17829=DIRECTION('',(-1.,0.,0.));
#17830=DIRECTION('center_axis',(0.,0.,1.));
#17831=DIRECTION('ref_axis',(1.,0.,0.));
#17832=DIRECTION('',(1.,0.,0.));
#17833=DIRECTION('',(0.,1.,0.));
#17834=DIRECTION('center_axis',(0.,1.,0.));
#17835=DIRECTION('ref_axis',(-1.,0.,0.));
#17836=DIRECTION('',(0.,0.,1.));
#17837=DIRECTION('',(1.,0.,0.));
#17838=DIRECTION('center_axis',(0.,0.,1.));
#17839=DIRECTION('ref_axis',(1.,0.,0.));
#17840=DIRECTION('',(1.,0.,0.));
#17841=DIRECTION('',(0.,1.,0.));
#17842=DIRECTION('center_axis',(0.,0.,1.));
#17843=DIRECTION('ref_axis',(1.,0.,0.));
#17844=DIRECTION('',(-1.,0.,0.));
#17845=DIRECTION('',(1.,0.,0.));
#17846=DIRECTION('center_axis',(1.,0.,0.));
#17847=DIRECTION('ref_axis',(0.,1.,0.));
#17848=DIRECTION('',(0.,0.,1.));
#17849=DIRECTION('center_axis',(0.,1.,0.));
#17850=DIRECTION('ref_axis',(-1.,0.,0.));
#17851=DIRECTION('',(0.,0.,-1.));
#17852=DIRECTION('center_axis',(0.,-1.,0.));
#17853=DIRECTION('ref_axis',(1.,0.,0.));
#17854=DIRECTION('center_axis',(0.,-1.,0.));
#17855=DIRECTION('ref_axis',(0.,0.,-1.));
#17856=DIRECTION('',(0.,0.,-1.));
#17857=DIRECTION('',(1.,0.,0.));
#17858=DIRECTION('',(0.,0.,-1.));
#17859=DIRECTION('center_axis',(0.,0.0648631210826804,0.997894170502771));
#17860=DIRECTION('ref_axis',(0.,-0.997894170502771,0.0648631210826804));
#17861=DIRECTION('',(1.,0.,0.));
#17862=DIRECTION('',(0.,-0.997894170502771,0.0648631210826804));
#17863=DIRECTION('',(0.,-0.997894170502771,0.0648631210826804));
#17864=DIRECTION('center_axis',(0.,1.,0.));
#17865=DIRECTION('ref_axis',(0.,0.,1.));
#17866=DIRECTION('',(0.,0.,1.));
#17867=DIRECTION('center_axis',(1.,0.,0.));
#17868=DIRECTION('ref_axis',(0.,0.,-1.));
#17869=DIRECTION('center_axis',(1.,0.,0.));
#17870=DIRECTION('ref_axis',(0.,0.,-1.));
#17871=DIRECTION('axis',(0.,0.,1.));
#17872=DIRECTION('refdir',(1.,0.,0.));
#17873=DIRECTION('center_axis',(0.,0.,1.));
#17874=DIRECTION('ref_axis',(-1.,0.,0.));
#17875=DIRECTION('center_axis',(0.,0.,1.));
#17876=DIRECTION('ref_axis',(-1.,0.,0.));
#17877=DIRECTION('',(0.,0.,1.));
#17878=DIRECTION('center_axis',(0.,0.,-1.));
#17879=DIRECTION('ref_axis',(-1.,0.,0.));
#17880=DIRECTION('center_axis',(-1.,0.,0.));
#17881=DIRECTION('ref_axis',(0.,-1.,0.));
#17882=DIRECTION('',(0.,-1.,0.));
#17883=DIRECTION('',(0.,0.,1.));
#17884=DIRECTION('',(0.,-1.,0.));
#17885=DIRECTION('',(0.,0.,1.));
#17886=DIRECTION('center_axis',(1.,0.,0.));
#17887=DIRECTION('ref_axis',(0.,1.,0.));
#17888=DIRECTION('',(0.,1.,0.));
#17889=DIRECTION('',(0.,0.,-1.));
#17890=DIRECTION('',(0.,1.,0.));
#17891=DIRECTION('',(0.,0.,1.));
#17892=DIRECTION('center_axis',(0.,-1.,0.));
#17893=DIRECTION('ref_axis',(1.,0.,0.));
#17894=DIRECTION('',(1.,0.,0.));
#17895=DIRECTION('',(1.,0.,0.));
#17896=DIRECTION('center_axis',(0.,0.,1.));
#17897=DIRECTION('ref_axis',(1.,0.,0.));
#17898=DIRECTION('',(1.,0.,0.));
#17899=DIRECTION('center_axis',(0.,0.,1.));
#17900=DIRECTION('ref_axis',(1.,0.,0.));
#17901=DIRECTION('',(-1.,0.,0.));
#17902=DIRECTION('center_axis',(-1.,0.,0.));
#17903=DIRECTION('ref_axis',(0.,-1.,0.));
#17904=DIRECTION('',(0.,-1.,0.));
#17905=DIRECTION('',(0.,0.,1.));
#17906=DIRECTION('',(0.,-1.,0.));
#17907=DIRECTION('',(0.,0.,1.));
#17908=DIRECTION('center_axis',(0.,1.,0.));
#17909=DIRECTION('ref_axis',(-1.,0.,0.));
#17910=DIRECTION('',(-1.,0.,0.));
#17911=DIRECTION('',(-1.,0.,0.));
#17912=DIRECTION('',(0.,0.,1.));
#17913=DIRECTION('center_axis',(1.,0.,0.));
#17914=DIRECTION('ref_axis',(0.,1.,0.));
#17915=DIRECTION('',(0.,1.,0.));
#17916=DIRECTION('',(0.,1.,0.));
#17917=DIRECTION('',(0.,0.,1.));
#17918=DIRECTION('center_axis',(0.,-1.,0.));
#17919=DIRECTION('ref_axis',(1.,0.,0.));
#17920=DIRECTION('',(1.,0.,0.));
#17921=DIRECTION('',(1.,0.,0.));
#17922=DIRECTION('center_axis',(0.,0.,1.));
#17923=DIRECTION('ref_axis',(1.,0.,0.));
#17924=DIRECTION('center_axis',(0.,0.,1.));
#17925=DIRECTION('ref_axis',(1.,0.,0.));
#17926=DIRECTION('axis',(0.,0.,1.));
#17927=DIRECTION('refdir',(1.,0.,0.));
#17928=DIRECTION('center_axis',(0.,0.,1.));
#17929=DIRECTION('ref_axis',(-1.,0.,0.));
#17930=DIRECTION('',(0.,0.,1.));
#17931=DIRECTION('center_axis',(0.,0.,1.));
#17932=DIRECTION('ref_axis',(-1.,0.,0.));
#17933=DIRECTION('',(0.,0.,1.));
#17934=DIRECTION('center_axis',(0.,0.,-1.));
#17935=DIRECTION('ref_axis',(-1.,0.,0.));
#17936=DIRECTION('center_axis',(0.,0.,1.));
#17937=DIRECTION('ref_axis',(-1.,0.,0.));
#17938=DIRECTION('center_axis',(0.,0.,-1.));
#17939=DIRECTION('ref_axis',(-1.,0.,0.));
#17940=DIRECTION('',(0.,0.,1.));
#17941=DIRECTION('center_axis',(0.,0.,1.));
#17942=DIRECTION('ref_axis',(-1.,0.,0.));
#17943=DIRECTION('center_axis',(0.,0.,1.));
#17944=DIRECTION('ref_axis',(1.,0.,0.));
#17945=DIRECTION('',(1.,0.,0.));
#17946=DIRECTION('',(0.,1.,0.));
#17947=DIRECTION('',(-1.,0.,0.));
#17948=DIRECTION('',(-1.,0.,0.));
#17949=DIRECTION('',(0.,-1.,0.));
#17950=DIRECTION('center_axis',(0.,1.,0.));
#17951=DIRECTION('ref_axis',(-1.,0.,0.));
#17952=DIRECTION('',(-1.,0.,0.));
#17953=DIRECTION('',(0.,0.,1.));
#17954=DIRECTION('center_axis',(0.,0.,1.));
#17955=DIRECTION('ref_axis',(1.,0.,0.));
#17956=DIRECTION('',(1.,0.,0.));
#17957=DIRECTION('',(0.,-1.,0.));
#17958=DIRECTION('',(-1.,0.,0.));
#17959=DIRECTION('',(0.,1.,0.));
#17960=DIRECTION('center_axis',(-1.,0.,0.));
#17961=DIRECTION('ref_axis',(0.,-1.,0.));
#17962=DIRECTION('',(0.,0.,1.));
#17963=DIRECTION('center_axis',(0.,1.,0.));
#17964=DIRECTION('ref_axis',(-1.,0.,0.));
#17965=DIRECTION('',(0.,0.,1.));
#17966=DIRECTION('center_axis',(1.,0.,0.));
#17967=DIRECTION('ref_axis',(0.,1.,0.));
#17968=DIRECTION('',(0.,0.,1.));
#17969=DIRECTION('center_axis',(0.,-1.,0.));
#17970=DIRECTION('ref_axis',(1.,0.,0.));
#17971=DIRECTION('axis',(0.,0.,1.));
#17972=DIRECTION('refdir',(1.,0.,0.));
#17973=DIRECTION('center_axis',(-1.,0.,0.));
#17974=DIRECTION('ref_axis',(0.,-1.,0.));
#17975=DIRECTION('',(0.,-1.,0.));
#17976=DIRECTION('',(0.,0.,1.));
#17977=DIRECTION('',(0.,-1.,0.));
#17978=DIRECTION('',(0.,0.,1.));
#17979=DIRECTION('center_axis',(-1.,0.,0.));
#17980=DIRECTION('ref_axis',(0.,-1.,0.));
#17981=DIRECTION('',(0.,1.,0.));
#17982=DIRECTION('',(0.,0.,1.));
#17983=DIRECTION('',(0.,-1.,0.));
#17984=DIRECTION('',(0.,0.,1.));
#17985=DIRECTION('center_axis',(-1.,0.,0.));
#17986=DIRECTION('ref_axis',(0.,-1.,0.));
#17987=DIRECTION('',(0.,-1.,0.));
#17988=DIRECTION('',(0.,0.,1.));
#17989=DIRECTION('',(0.,-1.,0.));
#17990=DIRECTION('',(0.,0.,1.));
#17991=DIRECTION('center_axis',(1.,0.,0.));
#17992=DIRECTION('ref_axis',(0.,1.,0.));
#17993=DIRECTION('',(0.,1.,0.));
#17994=DIRECTION('',(0.,0.,1.));
#17995=DIRECTION('',(0.,1.,0.));
#17996=DIRECTION('',(0.,0.,1.));
#17997=DIRECTION('center_axis',(0.,0.,1.));
#17998=DIRECTION('ref_axis',(1.,0.,0.));
#17999=DIRECTION('',(-1.,0.,0.));
#18000=DIRECTION('',(1.,0.,0.));
#18001=DIRECTION('center_axis',(0.,0.,1.));
#18002=DIRECTION('ref_axis',(1.,0.,0.));
#18003=DIRECTION('',(-1.,0.,0.));
#18004=DIRECTION('',(1.,0.,0.));
#18005=DIRECTION('center_axis',(0.,-1.,0.));
#18006=DIRECTION('ref_axis',(1.,0.,0.));
#18007=DIRECTION('',(1.,0.,0.));
#18008=DIRECTION('',(1.,0.,0.));
#18009=DIRECTION('center_axis',(0.,1.,0.));
#18010=DIRECTION('ref_axis',(-1.,0.,0.));
#18011=DIRECTION('',(-1.,0.,0.));
#18012=DIRECTION('',(-1.,0.,0.));
#18013=DIRECTION('center_axis',(0.,0.,1.));
#18014=DIRECTION('ref_axis',(1.,0.,0.));
#18015=DIRECTION('center_axis',(0.,0.,1.));
#18016=DIRECTION('ref_axis',(1.,0.,0.));
#18017=DIRECTION('center_axis',(0.,0.,1.));
#18018=DIRECTION('ref_axis',(-1.,0.,0.));
#18019=DIRECTION('',(0.,0.,-1.));
#18020=DIRECTION('center_axis',(0.,0.,-1.));
#18021=DIRECTION('ref_axis',(-1.,0.,0.));
#18022=DIRECTION('',(0.,0.,1.));
#18023=DIRECTION('center_axis',(0.,0.,1.));
#18024=DIRECTION('ref_axis',(-1.,0.,0.));
#18025=DIRECTION('center_axis',(0.,0.,1.));
#18026=DIRECTION('ref_axis',(1.,0.,0.));
#18027=DIRECTION('',(-1.,0.,0.));
#18028=DIRECTION('',(0.,-1.,0.));
#18029=DIRECTION('',(1.,0.,0.));
#18030=DIRECTION('center_axis',(0.,1.,0.));
#18031=DIRECTION('ref_axis',(-1.,0.,0.));
#18032=DIRECTION('',(-1.,0.,0.));
#18033=DIRECTION('',(0.,0.,1.));
#18034=DIRECTION('center_axis',(0.,0.,1.));
#18035=DIRECTION('ref_axis',(1.,0.,0.));
#18036=DIRECTION('',(1.,0.,0.));
#18037=DIRECTION('',(0.,-1.,0.));
#18038=DIRECTION('center_axis',(0.,-1.,0.));
#18039=DIRECTION('ref_axis',(1.,0.,0.));
#18040=DIRECTION('',(0.,0.,1.));
#18041=DIRECTION('center_axis',(-1.,0.,0.));
#18042=DIRECTION('ref_axis',(0.,-1.,0.));
#18043=DIRECTION('center_axis',(0.,1.,0.));
#18044=DIRECTION('ref_axis',(-1.,0.,0.));
#18045=DIRECTION('',(0.,0.,-1.));
#18046=DIRECTION('',(-1.,0.,0.));
#18047=DIRECTION('',(0.,0.,1.));
#18048=DIRECTION('',(-1.,0.,0.));
#18049=DIRECTION('center_axis',(0.,0.,1.));
#18050=DIRECTION('ref_axis',(1.,0.,0.));
#18051=DIRECTION('center_axis',(0.,0.,1.));
#18052=DIRECTION('ref_axis',(-1.,0.,0.));
#18053=DIRECTION('',(1.,0.,0.));
#18054=DIRECTION('',(0.,-1.,0.));
#18055=DIRECTION('center_axis',(-1.,0.,0.));
#18056=DIRECTION('ref_axis',(0.,-1.,0.));
#18057=DIRECTION('',(0.,0.,1.));
#18058=DIRECTION('',(0.,-1.,0.));
#18059=DIRECTION('center_axis',(0.,-1.,0.));
#18060=DIRECTION('ref_axis',(1.,0.,0.));
#18061=DIRECTION('',(0.,0.,1.));
#18062=DIRECTION('',(1.,0.,0.));
#18063=DIRECTION('center_axis',(0.,0.,1.));
#18064=DIRECTION('ref_axis',(1.,0.,0.));
#18065=DIRECTION('center_axis',(0.,0.,-1.));
#18066=DIRECTION('ref_axis',(-1.,0.,0.));
#18067=DIRECTION('center_axis',(0.,0.,1.));
#18068=DIRECTION('ref_axis',(-1.,0.,0.));
#18069=DIRECTION('axis',(0.,0.,1.));
#18070=DIRECTION('refdir',(1.,0.,0.));
#18071=DIRECTION('center_axis',(0.,0.,1.));
#18072=DIRECTION('ref_axis',(-1.,0.,0.));
#18073=DIRECTION('center_axis',(0.,0.,1.));
#18074=DIRECTION('ref_axis',(-1.,0.,0.));
#18075=DIRECTION('',(0.,0.,1.));
#18076=DIRECTION('center_axis',(0.,0.,-1.));
#18077=DIRECTION('ref_axis',(-1.,0.,0.));
#18078=DIRECTION('center_axis',(0.,0.,1.));
#18079=DIRECTION('ref_axis',(-1.,0.,0.));
#18080=DIRECTION('center_axis',(0.,0.,1.));
#18081=DIRECTION('ref_axis',(-1.,0.,0.));
#18082=DIRECTION('',(0.,0.,1.));
#18083=DIRECTION('center_axis',(0.,0.,-1.));
#18084=DIRECTION('ref_axis',(-1.,0.,0.));
#18085=DIRECTION('center_axis',(-1.,0.,0.));
#18086=DIRECTION('ref_axis',(0.,-1.,0.));
#18087=DIRECTION('',(0.,-1.,0.));
#18088=DIRECTION('',(0.,0.,1.));
#18089=DIRECTION('',(0.,-1.,0.));
#18090=DIRECTION('',(0.,0.,1.));
#18091=DIRECTION('center_axis',(0.,1.,0.));
#18092=DIRECTION('ref_axis',(-1.,0.,0.));
#18093=DIRECTION('',(-1.,0.,0.));
#18094=DIRECTION('',(-1.,0.,0.));
#18095=DIRECTION('',(0.,0.,1.));
#18096=DIRECTION('center_axis',(1.,0.,0.));
#18097=DIRECTION('ref_axis',(0.,1.,0.));
#18098=DIRECTION('',(0.,1.,0.));
#18099=DIRECTION('',(0.,1.,0.));
#18100=DIRECTION('',(0.,0.,1.));
#18101=DIRECTION('center_axis',(0.,-1.,0.));
#18102=DIRECTION('ref_axis',(1.,0.,0.));
#18103=DIRECTION('',(1.,0.,0.));
#18104=DIRECTION('',(1.,0.,0.));
#18105=DIRECTION('center_axis',(0.,0.,1.));
#18106=DIRECTION('ref_axis',(1.,0.,0.));
#18107=DIRECTION('center_axis',(-1.,0.,0.));
#18108=DIRECTION('ref_axis',(0.,-1.,0.));
#18109=DIRECTION('',(0.,-1.,0.));
#18110=DIRECTION('',(0.,0.,1.));
#18111=DIRECTION('',(0.,-1.,0.));
#18112=DIRECTION('',(0.,0.,1.));
#18113=DIRECTION('center_axis',(0.,1.,0.));
#18114=DIRECTION('ref_axis',(-1.,0.,0.));
#18115=DIRECTION('',(-1.,0.,0.));
#18116=DIRECTION('',(-1.,0.,0.));
#18117=DIRECTION('',(0.,0.,1.));
#18118=DIRECTION('center_axis',(1.,0.,0.));
#18119=DIRECTION('ref_axis',(0.,1.,0.));
#18120=DIRECTION('',(0.,1.,0.));
#18121=DIRECTION('',(0.,1.,0.));
#18122=DIRECTION('',(0.,0.,1.));
#18123=DIRECTION('center_axis',(0.,-1.,0.));
#18124=DIRECTION('ref_axis',(1.,0.,0.));
#18125=DIRECTION('',(1.,0.,0.));
#18126=DIRECTION('',(1.,0.,0.));
#18127=DIRECTION('center_axis',(0.,0.,1.));
#18128=DIRECTION('ref_axis',(1.,0.,0.));
#18129=DIRECTION('center_axis',(-1.,0.,0.));
#18130=DIRECTION('ref_axis',(0.,-1.,0.));
#18131=DIRECTION('',(0.,-1.,0.));
#18132=DIRECTION('',(0.,0.,1.));
#18133=DIRECTION('',(0.,-1.,0.));
#18134=DIRECTION('',(0.,0.,1.));
#18135=DIRECTION('center_axis',(0.,1.,0.));
#18136=DIRECTION('ref_axis',(-1.,0.,0.));
#18137=DIRECTION('',(-1.,0.,0.));
#18138=DIRECTION('',(-1.,0.,0.));
#18139=DIRECTION('',(0.,0.,1.));
#18140=DIRECTION('center_axis',(1.,0.,0.));
#18141=DIRECTION('ref_axis',(0.,1.,0.));
#18142=DIRECTION('',(0.,1.,0.));
#18143=DIRECTION('',(0.,1.,0.));
#18144=DIRECTION('',(0.,0.,1.));
#18145=DIRECTION('center_axis',(0.,-1.,0.));
#18146=DIRECTION('ref_axis',(1.,0.,0.));
#18147=DIRECTION('',(1.,0.,0.));
#18148=DIRECTION('',(1.,0.,0.));
#18149=DIRECTION('center_axis',(0.,0.,1.));
#18150=DIRECTION('ref_axis',(1.,0.,0.));
#18151=DIRECTION('center_axis',(0.,0.,1.));
#18152=DIRECTION('ref_axis',(1.,0.,0.));
#18153=DIRECTION('axis',(0.,0.,1.));
#18154=DIRECTION('refdir',(1.,0.,0.));
#18155=DIRECTION('center_axis',(-1.,0.,0.));
#18156=DIRECTION('ref_axis',(0.,-1.,0.));
#18157=DIRECTION('',(0.,-1.,0.));
#18158=DIRECTION('',(0.,0.,1.));
#18159=DIRECTION('',(0.,-1.,0.));
#18160=DIRECTION('',(0.,0.,1.));
#18161=DIRECTION('center_axis',(0.,-1.,0.));
#18162=DIRECTION('ref_axis',(1.,0.,0.));
#18163=DIRECTION('',(1.,0.,0.));
#18164=DIRECTION('',(0.,0.,1.));
#18165=DIRECTION('',(1.,0.,0.));
#18166=DIRECTION('center_axis',(0.,0.,1.));
#18167=DIRECTION('ref_axis',(1.,0.,0.));
#18168=DIRECTION('',(-1.,0.,0.));
#18169=DIRECTION('',(0.,1.,0.));
#18170=DIRECTION('center_axis',(1.,0.,0.));
#18171=DIRECTION('ref_axis',(0.,1.,0.));
#18172=DIRECTION('',(0.,1.,0.));
#18173=DIRECTION('',(0.,0.,1.));
#18174=DIRECTION('',(0.,1.,0.));
#18175=DIRECTION('',(0.,0.,1.));
#18176=DIRECTION('center_axis',(0.,0.,1.));
#18177=DIRECTION('ref_axis',(1.,0.,0.));
#18178=DIRECTION('',(0.,1.,0.));
#18179=DIRECTION('',(1.,0.,0.));
#18180=DIRECTION('',(-1.,0.,0.));
#18181=DIRECTION('',(0.,1.,0.));
#18182=DIRECTION('',(1.,0.,0.));
#18183=DIRECTION('',(0.,-1.,0.));
#18184=DIRECTION('',(-1.,0.,0.));
#18185=DIRECTION('center_axis',(0.,0.,1.));
#18186=DIRECTION('ref_axis',(1.,0.,0.));
#18187=DIRECTION('',(1.,0.,0.));
#18188=DIRECTION('',(0.,-1.,0.));
#18189=DIRECTION('',(-1.,0.,0.));
#18190=DIRECTION('center_axis',(0.,1.,0.));
#18191=DIRECTION('ref_axis',(-1.,0.,0.));
#18192=DIRECTION('',(0.,0.,1.));
#18193=DIRECTION('',(-1.,0.,0.));
#18194=DIRECTION('',(0.,0.,1.));
#18195=DIRECTION('center_axis',(1.,0.,0.));
#18196=DIRECTION('ref_axis',(0.,1.,0.));
#18197=DIRECTION('',(0.,1.,0.));
#18198=DIRECTION('',(0.,0.,1.));
#18199=DIRECTION('center_axis',(0.,-1.,0.));
#18200=DIRECTION('ref_axis',(1.,0.,0.));
#18201=DIRECTION('',(1.,0.,0.));
#18202=DIRECTION('',(0.,0.,1.));
#18203=DIRECTION('center_axis',(0.,0.,1.));
#18204=DIRECTION('ref_axis',(1.,0.,0.));
#18205=DIRECTION('',(0.,-1.,0.));
#18206=DIRECTION('center_axis',(-1.,0.,0.));
#18207=DIRECTION('ref_axis',(0.,-1.,0.));
#18208=DIRECTION('',(0.,0.,1.));
#18209=DIRECTION('',(0.,-1.,0.));
#18210=DIRECTION('',(0.,0.,1.));
#18211=DIRECTION('center_axis',(0.,1.,0.));
#18212=DIRECTION('ref_axis',(-1.,0.,0.));
#18213=DIRECTION('',(-1.,0.,0.));
#18214=DIRECTION('',(0.,0.,1.));
#18215=DIRECTION('center_axis',(1.,0.,0.));
#18216=DIRECTION('ref_axis',(0.,1.,0.));
#18217=DIRECTION('',(0.,1.,0.));
#18218=DIRECTION('',(0.,0.,1.));
#18219=DIRECTION('center_axis',(0.,-1.,0.));
#18220=DIRECTION('ref_axis',(1.,0.,0.));
#18221=DIRECTION('',(1.,0.,0.));
#18222=DIRECTION('center_axis',(0.,0.,1.));
#18223=DIRECTION('ref_axis',(1.,0.,0.));
#18224=DIRECTION('axis',(0.,0.,1.));
#18225=DIRECTION('refdir',(1.,0.,0.));
#18226=DIRECTION('center_axis',(0.,0.,1.));
#18227=DIRECTION('ref_axis',(-1.,0.,0.));
#18228=DIRECTION('center_axis',(0.,0.,1.));
#18229=DIRECTION('ref_axis',(-1.,0.,0.));
#18230=DIRECTION('',(0.,0.,1.));
#18231=DIRECTION('center_axis',(0.,0.,-1.));
#18232=DIRECTION('ref_axis',(-1.,0.,0.));
#18233=DIRECTION('center_axis',(0.,0.,1.));
#18234=DIRECTION('ref_axis',(-1.,0.,0.));
#18235=DIRECTION('center_axis',(0.,0.,1.));
#18236=DIRECTION('ref_axis',(-1.,0.,0.));
#18237=DIRECTION('',(0.,0.,-1.));
#18238=DIRECTION('center_axis',(0.,0.,-1.));
#18239=DIRECTION('ref_axis',(-1.,0.,0.));
#18240=DIRECTION('center_axis',(0.,0.,1.));
#18241=DIRECTION('ref_axis',(1.,0.,0.));
#18242=DIRECTION('center_axis',(0.,0.,1.));
#18243=DIRECTION('ref_axis',(1.,0.,0.));
#18244=DIRECTION('axis',(0.,0.,1.));
#18245=DIRECTION('refdir',(1.,0.,0.));
#18246=DIRECTION('center_axis',(0.,0.,1.));
#18247=DIRECTION('ref_axis',(-1.,0.,0.));
#18248=DIRECTION('center_axis',(0.,0.,1.));
#18249=DIRECTION('ref_axis',(-1.,0.,0.));
#18250=DIRECTION('',(0.,0.,1.));
#18251=DIRECTION('center_axis',(0.,0.,-1.));
#18252=DIRECTION('ref_axis',(-1.,0.,0.));
#18253=DIRECTION('center_axis',(0.,0.,1.));
#18254=DIRECTION('ref_axis',(-1.,0.,0.));
#18255=DIRECTION('center_axis',(0.,0.,1.));
#18256=DIRECTION('ref_axis',(-1.,0.,0.));
#18257=DIRECTION('',(0.,0.,-1.));
#18258=DIRECTION('center_axis',(0.,0.,-1.));
#18259=DIRECTION('ref_axis',(-1.,0.,0.));
#18260=DIRECTION('center_axis',(0.,0.,1.));
#18261=DIRECTION('ref_axis',(1.,0.,0.));
#18262=DIRECTION('center_axis',(0.,0.,1.));
#18263=DIRECTION('ref_axis',(1.,0.,0.));
#18264=DIRECTION('axis',(0.,0.,1.));
#18265=DIRECTION('refdir',(1.,0.,0.));
#18266=DIRECTION('center_axis',(0.,0.,1.));
#18267=DIRECTION('ref_axis',(-1.,0.,0.));
#18268=DIRECTION('center_axis',(0.,0.,1.));
#18269=DIRECTION('ref_axis',(-1.,0.,0.));
#18270=DIRECTION('',(0.,0.,1.));
#18271=DIRECTION('center_axis',(0.,0.,-1.));
#18272=DIRECTION('ref_axis',(-1.,0.,0.));
#18273=DIRECTION('center_axis',(0.,0.,1.));
#18274=DIRECTION('ref_axis',(-1.,0.,0.));
#18275=DIRECTION('center_axis',(0.,0.,1.));
#18276=DIRECTION('ref_axis',(-1.,0.,0.));
#18277=DIRECTION('',(0.,0.,-1.));
#18278=DIRECTION('center_axis',(0.,0.,-1.));
#18279=DIRECTION('ref_axis',(-1.,0.,0.));
#18280=DIRECTION('center_axis',(0.,0.,1.));
#18281=DIRECTION('ref_axis',(1.,0.,0.));
#18282=DIRECTION('center_axis',(0.,0.,1.));
#18283=DIRECTION('ref_axis',(1.,0.,0.));
#18284=DIRECTION('axis',(0.,0.,1.));
#18285=DIRECTION('refdir',(1.,0.,0.));
#18286=DIRECTION('center_axis',(0.,0.,1.));
#18287=DIRECTION('ref_axis',(-1.,0.,0.));
#18288=DIRECTION('center_axis',(0.,0.,1.));
#18289=DIRECTION('ref_axis',(-1.,0.,0.));
#18290=DIRECTION('',(0.,0.,1.));
#18291=DIRECTION('center_axis',(0.,0.,-1.));
#18292=DIRECTION('ref_axis',(-1.,0.,0.));
#18293=DIRECTION('center_axis',(0.,0.,1.));
#18294=DIRECTION('ref_axis',(-1.,0.,0.));
#18295=DIRECTION('center_axis',(0.,0.,1.));
#18296=DIRECTION('ref_axis',(-1.,0.,0.));
#18297=DIRECTION('',(0.,0.,-1.));
#18298=DIRECTION('center_axis',(0.,0.,-1.));
#18299=DIRECTION('ref_axis',(-1.,0.,0.));
#18300=DIRECTION('center_axis',(0.,0.,1.));
#18301=DIRECTION('ref_axis',(1.,0.,0.));
#18302=DIRECTION('center_axis',(0.,0.,1.));
#18303=DIRECTION('ref_axis',(1.,0.,0.));
#18304=DIRECTION('axis',(0.,0.,1.));
#18305=DIRECTION('refdir',(1.,0.,0.));
#18306=DIRECTION('center_axis',(0.,0.,1.));
#18307=DIRECTION('ref_axis',(-1.,0.,0.));
#18308=DIRECTION('center_axis',(0.,0.,1.));
#18309=DIRECTION('ref_axis',(-1.,0.,0.));
#18310=DIRECTION('',(0.,0.,1.));
#18311=DIRECTION('center_axis',(0.,0.,-1.));
#18312=DIRECTION('ref_axis',(-1.,0.,0.));
#18313=DIRECTION('center_axis',(0.,0.,1.));
#18314=DIRECTION('ref_axis',(-1.,0.,0.));
#18315=DIRECTION('center_axis',(0.,0.,1.));
#18316=DIRECTION('ref_axis',(-1.,0.,0.));
#18317=DIRECTION('',(0.,0.,-1.));
#18318=DIRECTION('center_axis',(0.,0.,-1.));
#18319=DIRECTION('ref_axis',(-1.,0.,0.));
#18320=DIRECTION('center_axis',(0.,0.,1.));
#18321=DIRECTION('ref_axis',(1.,0.,0.));
#18322=DIRECTION('center_axis',(0.,0.,1.));
#18323=DIRECTION('ref_axis',(1.,0.,0.));
#18324=DIRECTION('axis',(0.,0.,1.));
#18325=DIRECTION('refdir',(1.,0.,0.));
#18326=DIRECTION('center_axis',(0.,0.,1.));
#18327=DIRECTION('ref_axis',(-1.,0.,0.));
#18328=DIRECTION('center_axis',(0.,0.,1.));
#18329=DIRECTION('ref_axis',(-1.,0.,0.));
#18330=DIRECTION('',(0.,0.,1.));
#18331=DIRECTION('center_axis',(0.,0.,-1.));
#18332=DIRECTION('ref_axis',(-1.,0.,0.));
#18333=DIRECTION('center_axis',(0.,0.,1.));
#18334=DIRECTION('ref_axis',(-1.,0.,0.));
#18335=DIRECTION('center_axis',(0.,0.,1.));
#18336=DIRECTION('ref_axis',(-1.,0.,0.));
#18337=DIRECTION('',(0.,0.,-1.));
#18338=DIRECTION('center_axis',(0.,0.,-1.));
#18339=DIRECTION('ref_axis',(-1.,0.,0.));
#18340=DIRECTION('center_axis',(0.,0.,1.));
#18341=DIRECTION('ref_axis',(1.,0.,0.));
#18342=DIRECTION('center_axis',(0.,0.,1.));
#18343=DIRECTION('ref_axis',(1.,0.,0.));
#18344=DIRECTION('',(0.,0.,1.));
#18345=DIRECTION('',(1.,0.,0.));
#18346=DIRECTION('',(0.,0.,1.));
#18347=DIRECTION('',(1.,0.,0.));
#18348=DIRECTION('',(0.,0.,1.));
#18349=DIRECTION('',(1.,0.,0.));
#18350=DIRECTION('',(0.,0.,1.));
#18351=DIRECTION('',(1.,0.,0.));
#18352=DIRECTION('',(0.,0.,1.));
#18353=DIRECTION('',(1.,0.,0.));
#18354=DIRECTION('',(0.,0.,1.));
#18355=DIRECTION('',(1.,0.,0.));
#18356=DIRECTION('',(0.,0.,1.));
#18357=DIRECTION('',(1.,0.,0.));
#18358=DIRECTION('',(0.,0.,1.));
#18359=DIRECTION('',(1.,0.,0.));
#18360=DIRECTION('',(0.,0.,1.));
#18361=DIRECTION('',(1.,0.,0.));
#18362=DIRECTION('',(0.,0.,1.));
#18363=DIRECTION('',(1.,0.,0.));
#18364=DIRECTION('',(0.,0.,1.));
#18365=DIRECTION('',(1.,0.,0.));
#18366=DIRECTION('',(0.,0.,1.));
#18367=DIRECTION('',(1.,0.,0.));
#18368=DIRECTION('',(0.,0.,1.));
#18369=DIRECTION('',(1.,0.,0.));
#18370=DIRECTION('',(0.,0.,1.));
#18371=DIRECTION('',(1.,0.,0.));
#18372=DIRECTION('',(0.,0.,1.));
#18373=DIRECTION('',(1.,0.,0.));
#18374=DIRECTION('',(0.,0.,1.));
#18375=DIRECTION('',(1.,0.,0.));
#18376=DIRECTION('',(0.,0.,1.));
#18377=DIRECTION('',(1.,0.,0.));
#18378=DIRECTION('',(0.,0.,1.));
#18379=DIRECTION('',(1.,0.,0.));
#18380=DIRECTION('',(0.,0.,1.));
#18381=DIRECTION('',(1.,0.,0.));
#18382=DIRECTION('',(0.,0.,1.));
#18383=DIRECTION('',(1.,0.,0.));
#18384=DIRECTION('',(0.,0.,1.));
#18385=DIRECTION('',(1.,0.,0.));
#18386=DIRECTION('',(0.,0.,1.));
#18387=DIRECTION('',(1.,0.,0.));
#18388=DIRECTION('',(0.,0.,1.));
#18389=DIRECTION('',(1.,0.,0.));
#18390=DIRECTION('',(0.,0.,1.));
#18391=DIRECTION('',(1.,0.,0.));
#18392=DIRECTION('',(0.,0.,1.));
#18393=DIRECTION('',(1.,0.,0.));
#18394=DIRECTION('',(0.,0.,1.));
#18395=DIRECTION('',(1.,0.,0.));
#18396=DIRECTION('',(0.,0.,1.));
#18397=DIRECTION('',(1.,0.,0.));
#18398=DIRECTION('',(0.,0.,1.));
#18399=DIRECTION('',(1.,0.,0.));
#18400=DIRECTION('',(0.,0.,1.));
#18401=DIRECTION('',(1.,0.,0.));
#18402=DIRECTION('',(0.,0.,1.));
#18403=DIRECTION('',(1.,0.,0.));
#18404=DIRECTION('',(0.,0.,1.));
#18405=DIRECTION('',(1.,0.,0.));
#18406=DIRECTION('',(0.,0.,1.));
#18407=DIRECTION('',(1.,0.,0.));
#18408=DIRECTION('',(0.,0.,1.));
#18409=DIRECTION('',(1.,0.,0.));
#18410=DIRECTION('',(0.,0.,1.));
#18411=DIRECTION('',(1.,0.,0.));
#18412=DIRECTION('',(0.,0.,1.));
#18413=DIRECTION('',(1.,0.,0.));
#18414=DIRECTION('',(0.,0.,1.));
#18415=DIRECTION('',(1.,0.,0.));
#18416=DIRECTION('',(0.,0.,1.));
#18417=DIRECTION('',(1.,0.,0.));
#18418=DIRECTION('',(0.,0.,1.));
#18419=DIRECTION('',(1.,0.,0.));
#18420=DIRECTION('',(0.,0.,1.));
#18421=DIRECTION('',(1.,0.,0.));
#18422=DIRECTION('',(0.,0.,1.));
#18423=DIRECTION('',(1.,0.,0.));
#18424=DIRECTION('',(0.,0.,1.));
#18425=DIRECTION('',(1.,0.,0.));
#18426=DIRECTION('',(0.,0.,1.));
#18427=DIRECTION('',(1.,0.,0.));
#18428=DIRECTION('',(0.,0.,1.));
#18429=DIRECTION('',(1.,0.,0.));
#18430=DIRECTION('',(0.,0.,1.));
#18431=DIRECTION('',(1.,0.,0.));
#18432=DIRECTION('',(0.,0.,1.));
#18433=DIRECTION('',(1.,0.,0.));
#18434=DIRECTION('',(0.,0.,1.));
#18435=DIRECTION('',(1.,0.,0.));
#18436=DIRECTION('',(0.,0.,1.));
#18437=DIRECTION('',(1.,0.,0.));
#18438=DIRECTION('',(0.,0.,1.));
#18439=DIRECTION('',(1.,0.,0.));
#18440=DIRECTION('',(0.,0.,1.));
#18441=DIRECTION('',(1.,0.,0.));
#18442=DIRECTION('',(0.,0.,1.));
#18443=DIRECTION('',(1.,0.,0.));
#18444=DIRECTION('',(0.,0.,1.));
#18445=DIRECTION('',(1.,0.,0.));
#18446=DIRECTION('',(0.,0.,1.));
#18447=DIRECTION('',(1.,0.,0.));
#18448=DIRECTION('',(0.,0.,1.));
#18449=DIRECTION('',(1.,0.,0.));
#18450=CARTESIAN_POINT('',(0.,0.,0.));
#18451=CARTESIAN_POINT('',(0.,0.,0.));
#18452=CARTESIAN_POINT('Origin',(62.7868417743718,-36.25,52.));
#18453=CARTESIAN_POINT('',(64.1368417743718,-36.25,52.));
#18454=CARTESIAN_POINT('Origin',(62.7868417743718,-36.25,52.));
#18455=CARTESIAN_POINT('',(64.1368417743718,-36.25,57.5));
#18456=CARTESIAN_POINT('',(64.1368417743718,-36.25,52.));
#18457=CARTESIAN_POINT('Origin',(62.7868417743718,-36.25,57.5));
#18458=CARTESIAN_POINT('Origin',(-1.33180339407275E-14,-72.5,52.));
#18459=CARTESIAN_POINT('',(1.34999999999999,-72.5,52.));
#18460=CARTESIAN_POINT('Origin',(-1.33180339407275E-14,-72.5,52.));
#18461=CARTESIAN_POINT('',(1.34999999999999,-72.5,57.5));
#18462=CARTESIAN_POINT('',(1.34999999999999,-72.5,52.));
#18463=CARTESIAN_POINT('Origin',(-1.33180339407275E-14,-72.5,57.5));
#18464=CARTESIAN_POINT('Origin',(-62.7868417743718,-36.25,52.));
#18465=CARTESIAN_POINT('',(-61.4368417743718,-36.25,52.));
#18466=CARTESIAN_POINT('Origin',(-62.7868417743718,-36.25,52.));
#18467=CARTESIAN_POINT('',(-61.4368417743718,-36.25,57.5));
#18468=CARTESIAN_POINT('',(-61.4368417743718,-36.25,52.));
#18469=CARTESIAN_POINT('Origin',(-62.7868417743718,-36.25,57.5));
#18470=CARTESIAN_POINT('Origin',(-62.7868417743718,36.25,52.));
#18471=CARTESIAN_POINT('',(-61.4368417743718,36.25,52.));
#18472=CARTESIAN_POINT('Origin',(-62.7868417743718,36.25,52.));
#18473=CARTESIAN_POINT('',(-61.4368417743718,36.25,57.5));
#18474=CARTESIAN_POINT('',(-61.4368417743718,36.25,52.));
#18475=CARTESIAN_POINT('Origin',(-62.7868417743718,36.25,57.5));
#18476=CARTESIAN_POINT('Origin',(4.43934464690916E-15,72.5,52.));
#18477=CARTESIAN_POINT('',(1.35,72.5,52.));
#18478=CARTESIAN_POINT('Origin',(4.43934464690916E-15,72.5,52.));
#18479=CARTESIAN_POINT('',(1.35,72.5,57.5));
#18480=CARTESIAN_POINT('',(1.35,72.5,52.));
#18481=CARTESIAN_POINT('Origin',(4.43934464690916E-15,72.5,57.5));
#18482=CARTESIAN_POINT('Origin',(62.7868417743718,36.25,52.));
#18483=CARTESIAN_POINT('',(64.1368417743718,36.25,52.));
#18484=CARTESIAN_POINT('Origin',(62.7868417743718,36.25,52.));
#18485=CARTESIAN_POINT('',(64.1368417743718,36.25,57.5));
#18486=CARTESIAN_POINT('',(64.1368417743718,36.25,52.));
#18487=CARTESIAN_POINT('Origin',(62.7868417743718,36.25,57.5));
#18488=CARTESIAN_POINT('Origin',(0.,0.,52.));
#18489=CARTESIAN_POINT('',(70.,8.57252759403147E-15,52.));
#18490=CARTESIAN_POINT('Origin',(0.,0.,52.));
#18491=CARTESIAN_POINT('',(70.,8.57252759403147E-15,57.5));
#18492=CARTESIAN_POINT('',(70.,8.57252759403147E-15,52.));
#18493=CARTESIAN_POINT('Origin',(0.,0.,57.5));
#18494=CARTESIAN_POINT('Origin',(0.,0.,52.));
#18495=CARTESIAN_POINT('',(75.,9.18485099360515E-15,57.5));
#18496=CARTESIAN_POINT('Origin',(0.,0.,57.5));
#18497=CARTESIAN_POINT('',(75.,9.18485099360515E-15,52.));
#18498=CARTESIAN_POINT('',(75.,9.18485099360515E-15,52.));
#18499=CARTESIAN_POINT('Origin',(0.,0.,52.));
#18500=CARTESIAN_POINT('Origin',(-7.08133967844577E-15,-1.57898385724467E-15,
52.));
#18501=CARTESIAN_POINT('Origin',(-7.08133967844577E-15,-1.57898385724467E-15,
57.5));
#18502=CARTESIAN_POINT('',(0.,0.,0.));
#18503=CARTESIAN_POINT('Origin',(-1.5,7.,36.5));
#18504=CARTESIAN_POINT('',(-1.5,4.76969600708473,36.5));
#18505=CARTESIAN_POINT('',(-1.5,4.76969600708473,49.5));
#18506=CARTESIAN_POINT('',(-1.5,4.76969600708473,36.5));
#18507=CARTESIAN_POINT('',(-1.5,7.,36.5));
#18508=CARTESIAN_POINT('',(-1.5,3.5,36.5));
#18509=CARTESIAN_POINT('',(-1.5,7.,49.5));
#18510=CARTESIAN_POINT('',(-1.5,7.,36.5));
#18511=CARTESIAN_POINT('',(-1.5,7.,49.5));
#18512=CARTESIAN_POINT('Origin',(0.,5.5,49.5));
#18513=CARTESIAN_POINT('',(1.5,4.76969600708473,49.5));
#18514=CARTESIAN_POINT('Origin',(0.,0.,49.5));
#18515=CARTESIAN_POINT('',(1.5,7.,49.5));
#18516=CARTESIAN_POINT('',(1.5,7.,49.5));
#18517=CARTESIAN_POINT('',(1.5,4.,49.5));
#18518=CARTESIAN_POINT('Origin',(1.5,7.,36.5));
#18519=CARTESIAN_POINT('',(1.5,7.,36.5));
#18520=CARTESIAN_POINT('',(0.75,7.,36.5));
#18521=CARTESIAN_POINT('',(1.5,7.,36.5));
#18522=CARTESIAN_POINT('Origin',(1.5,4.,36.5));
#18523=CARTESIAN_POINT('',(1.5,4.76969600708473,36.5));
#18524=CARTESIAN_POINT('',(1.5,4.76969600708473,36.5));
#18525=CARTESIAN_POINT('',(1.5,2.,36.5));
#18526=CARTESIAN_POINT('Origin',(0.,0.,36.5));
#18527=CARTESIAN_POINT('',(5.,6.12323399573677E-16,36.5));
#18528=CARTESIAN_POINT('Origin',(0.,0.,36.5));
#18529=CARTESIAN_POINT('',(5.,6.12323399573677E-16,50.5));
#18530=CARTESIAN_POINT('',(5.,6.12323399573677E-16,36.5));
#18531=CARTESIAN_POINT('Origin',(0.,0.,50.5));
#18532=CARTESIAN_POINT('Origin',(0.,0.,36.5));
#18533=CARTESIAN_POINT('Origin',(-2.57175827820944E-15,-14.,47.5));
#18534=CARTESIAN_POINT('',(1.25,-14.,47.5));
#18535=CARTESIAN_POINT('Origin',(-2.57175827820944E-15,-14.,47.5));
#18536=CARTESIAN_POINT('',(1.25,-14.,50.5));
#18537=CARTESIAN_POINT('',(1.25,-14.,47.5));
#18538=CARTESIAN_POINT('Origin',(-2.57175827820944E-15,-14.,50.5));
#18539=CARTESIAN_POINT('Origin',(-14.,1.71450551880629E-15,47.5));
#18540=CARTESIAN_POINT('',(-12.75,1.86758636869971E-15,47.5));
#18541=CARTESIAN_POINT('Origin',(-14.,1.71450551880629E-15,47.5));
#18542=CARTESIAN_POINT('',(-12.75,1.86758636869971E-15,50.5));
#18543=CARTESIAN_POINT('',(-12.75,1.86758636869971E-15,47.5));
#18544=CARTESIAN_POINT('Origin',(-14.,1.71450551880629E-15,50.5));
#18545=CARTESIAN_POINT('Origin',(8.57252759403147E-16,14.,47.5));
#18546=CARTESIAN_POINT('',(1.25,14.,47.5));
#18547=CARTESIAN_POINT('Origin',(8.57252759403147E-16,14.,47.5));
#18548=CARTESIAN_POINT('',(1.25,14.,50.5));
#18549=CARTESIAN_POINT('',(1.25,14.,47.5));
#18550=CARTESIAN_POINT('Origin',(8.57252759403147E-16,14.,50.5));
#18551=CARTESIAN_POINT('Origin',(14.,0.,47.5));
#18552=CARTESIAN_POINT('',(15.25,1.53080849893419E-16,47.5));
#18553=CARTESIAN_POINT('Origin',(14.,0.,47.5));
#18554=CARTESIAN_POINT('',(15.25,1.53080849893419E-16,50.5));
#18555=CARTESIAN_POINT('',(15.25,1.53080849893419E-16,47.5));
#18556=CARTESIAN_POINT('Origin',(14.,0.,50.5));
#18557=CARTESIAN_POINT('Origin',(-2.93915231795365E-15,-16.,39.));
#18558=CARTESIAN_POINT('',(1.25,-16.,39.));
#18559=CARTESIAN_POINT('Origin',(-2.93915231795365E-15,-16.,39.));
#18560=CARTESIAN_POINT('',(1.25,-16.,41.));
#18561=CARTESIAN_POINT('',(1.25,-16.,39.));
#18562=CARTESIAN_POINT('Origin',(-2.93915231795365E-15,-16.,41.));
#18563=CARTESIAN_POINT('Origin',(-16.,1.95943487863577E-15,39.));
#18564=CARTESIAN_POINT('',(-14.75,2.11251572852918E-15,39.));
#18565=CARTESIAN_POINT('Origin',(-16.,1.95943487863577E-15,39.));
#18566=CARTESIAN_POINT('',(-14.75,2.11251572852918E-15,41.));
#18567=CARTESIAN_POINT('',(-14.75,2.11251572852918E-15,39.));
#18568=CARTESIAN_POINT('Origin',(-16.,1.95943487863577E-15,41.));
#18569=CARTESIAN_POINT('Origin',(9.79717439317883E-16,16.,39.));
#18570=CARTESIAN_POINT('',(1.25,16.,39.));
#18571=CARTESIAN_POINT('Origin',(9.79717439317883E-16,16.,39.));
#18572=CARTESIAN_POINT('',(1.25,16.,41.));
#18573=CARTESIAN_POINT('',(1.25,16.,39.));
#18574=CARTESIAN_POINT('Origin',(9.79717439317883E-16,16.,41.));
#18575=CARTESIAN_POINT('Origin',(16.,0.,39.));
#18576=CARTESIAN_POINT('',(17.25,1.53080849893419E-16,39.));
#18577=CARTESIAN_POINT('Origin',(16.,0.,39.));
#18578=CARTESIAN_POINT('',(17.25,1.53080849893419E-16,41.));
#18579=CARTESIAN_POINT('',(17.25,1.53080849893419E-16,39.));
#18580=CARTESIAN_POINT('Origin',(16.,0.,41.));
#18581=CARTESIAN_POINT('Origin',(-1.00608444552037E-15,0.,47.5));
#18582=CARTESIAN_POINT('',(18.,2.20436423846524E-15,47.5));
#18583=CARTESIAN_POINT('Origin',(0.,0.,47.5));
#18584=CARTESIAN_POINT('',(9.,-1.10218211923262E-15,47.5));
#18585=CARTESIAN_POINT('Origin',(0.,0.,47.5));
#18586=CARTESIAN_POINT('Origin',(0.,0.,47.5));
#18587=CARTESIAN_POINT('',(18.,2.20436423846524E-15,50.5));
#18588=CARTESIAN_POINT('Origin',(0.,0.,50.5));
#18589=CARTESIAN_POINT('',(18.,2.20436423846524E-15,47.5));
#18590=CARTESIAN_POINT('Origin',(-1.00608444552037E-15,0.,39.));
#18591=CARTESIAN_POINT('',(18.,2.20436423846524E-15,39.));
#18592=CARTESIAN_POINT('Origin',(0.,0.,39.));
#18593=CARTESIAN_POINT('',(9.,-1.10218211923262E-15,39.));
#18594=CARTESIAN_POINT('Origin',(0.,0.,39.));
#18595=CARTESIAN_POINT('Origin',(-1.00608444552037E-15,0.,41.));
#18596=CARTESIAN_POINT('',(18.,2.20436423846524E-15,41.));
#18597=CARTESIAN_POINT('Origin',(0.,0.,41.));
#18598=CARTESIAN_POINT('',(9.,1.10218211923262E-15,41.));
#18599=CARTESIAN_POINT('Origin',(0.,0.,41.));
#18600=CARTESIAN_POINT('Origin',(0.,0.,39.));
#18601=CARTESIAN_POINT('',(18.,2.20436423846524E-15,39.));
#18602=CARTESIAN_POINT('Origin',(0.,0.,36.5));
#18603=CARTESIAN_POINT('',(9.,1.10218211923262E-15,36.5));
#18604=CARTESIAN_POINT('Origin',(0.,0.,36.5));
#18605=CARTESIAN_POINT('',(9.,1.10218211923262E-15,36.5));
#18606=CARTESIAN_POINT('',(9.,1.10218211923262E-15,36.5));
#18607=CARTESIAN_POINT('Origin',(0.,0.,36.5));
#18608=CARTESIAN_POINT('Origin',(-5.03042222760184E-16,0.,36.5));
#18609=CARTESIAN_POINT('Origin',(-5.03042222760184E-16,0.,50.5));
#18610=CARTESIAN_POINT('',(0.,0.,0.));
#18611=CARTESIAN_POINT('Origin',(-2.57175827820944E-15,-14.,50.5));
#18612=CARTESIAN_POINT('',(1.6,-14.,50.5));
#18613=CARTESIAN_POINT('Origin',(-2.57175827820944E-15,-14.,50.5));
#18614=CARTESIAN_POINT('',(1.6,-14.,52.));
#18615=CARTESIAN_POINT('',(1.6,-14.,50.5));
#18616=CARTESIAN_POINT('Origin',(-2.57175827820944E-15,-14.,52.));
#18617=CARTESIAN_POINT('Origin',(-14.,1.71450551880629E-15,50.5));
#18618=CARTESIAN_POINT('',(-12.4,1.91044900666987E-15,50.5));
#18619=CARTESIAN_POINT('Origin',(-14.,1.71450551880629E-15,50.5));
#18620=CARTESIAN_POINT('',(-12.4,1.91044900666987E-15,52.));
#18621=CARTESIAN_POINT('',(-12.4,1.91044900666987E-15,50.5));
#18622=CARTESIAN_POINT('Origin',(-14.,1.71450551880629E-15,52.));
#18623=CARTESIAN_POINT('Origin',(8.57252759403147E-16,14.,50.5));
#18624=CARTESIAN_POINT('',(1.6,14.,50.5));
#18625=CARTESIAN_POINT('Origin',(8.57252759403147E-16,14.,50.5));
#18626=CARTESIAN_POINT('',(1.6,14.,52.));
#18627=CARTESIAN_POINT('',(1.6,14.,50.5));
#18628=CARTESIAN_POINT('Origin',(8.57252759403147E-16,14.,52.));
#18629=CARTESIAN_POINT('Origin',(14.,0.,50.5));
#18630=CARTESIAN_POINT('',(15.6,1.95943487863576E-16,50.5));
#18631=CARTESIAN_POINT('Origin',(14.,0.,50.5));
#18632=CARTESIAN_POINT('',(15.6,1.95943487863576E-16,52.));
#18633=CARTESIAN_POINT('',(15.6,1.95943487863576E-16,50.5));
#18634=CARTESIAN_POINT('Origin',(14.,0.,52.));
#18635=CARTESIAN_POINT('Origin',(62.7868417743718,-36.25,50.5));
#18636=CARTESIAN_POINT('',(64.1368417743718,-36.25,50.5));
#18637=CARTESIAN_POINT('Origin',(62.7868417743718,-36.25,50.5));
#18638=CARTESIAN_POINT('',(64.1368417743718,-36.25,52.));
#18639=CARTESIAN_POINT('',(64.1368417743718,-36.25,50.5));
#18640=CARTESIAN_POINT('Origin',(62.7868417743718,-36.25,52.));
#18641=CARTESIAN_POINT('Origin',(-1.33180339407275E-14,-72.5,50.5));
#18642=CARTESIAN_POINT('',(1.34999999999999,-72.5,50.5));
#18643=CARTESIAN_POINT('Origin',(-1.33180339407275E-14,-72.5,50.5));
#18644=CARTESIAN_POINT('',(1.34999999999999,-72.5,52.));
#18645=CARTESIAN_POINT('',(1.34999999999999,-72.5,50.5));
#18646=CARTESIAN_POINT('Origin',(-1.33180339407275E-14,-72.5,52.));
#18647=CARTESIAN_POINT('Origin',(-62.7868417743718,-36.25,50.5));
#18648=CARTESIAN_POINT('',(-61.4368417743718,-36.25,50.5));
#18649=CARTESIAN_POINT('Origin',(-62.7868417743718,-36.25,50.5));
#18650=CARTESIAN_POINT('',(-61.4368417743718,-36.25,52.));
#18651=CARTESIAN_POINT('',(-61.4368417743718,-36.25,50.5));
#18652=CARTESIAN_POINT('Origin',(-62.7868417743718,-36.25,52.));
#18653=CARTESIAN_POINT('Origin',(-62.7868417743718,36.25,50.5));
#18654=CARTESIAN_POINT('',(-61.4368417743718,36.25,50.5));
#18655=CARTESIAN_POINT('Origin',(-62.7868417743718,36.25,50.5));
#18656=CARTESIAN_POINT('',(-61.4368417743718,36.25,52.));
#18657=CARTESIAN_POINT('',(-61.4368417743718,36.25,50.5));
#18658=CARTESIAN_POINT('Origin',(-62.7868417743718,36.25,52.));
#18659=CARTESIAN_POINT('Origin',(4.43934464690916E-15,72.5,50.5));
#18660=CARTESIAN_POINT('',(1.35,72.5,50.5));
#18661=CARTESIAN_POINT('Origin',(4.43934464690916E-15,72.5,50.5));
#18662=CARTESIAN_POINT('',(1.35,72.5,52.));
#18663=CARTESIAN_POINT('',(1.35,72.5,50.5));
#18664=CARTESIAN_POINT('Origin',(4.43934464690916E-15,72.5,52.));
#18665=CARTESIAN_POINT('Origin',(62.7868417743718,36.25,50.5));
#18666=CARTESIAN_POINT('',(64.1368417743718,36.25,50.5));
#18667=CARTESIAN_POINT('Origin',(62.7868417743718,36.25,50.5));
#18668=CARTESIAN_POINT('',(64.1368417743718,36.25,52.));
#18669=CARTESIAN_POINT('',(64.1368417743718,36.25,50.5));
#18670=CARTESIAN_POINT('Origin',(62.7868417743718,36.25,52.));
#18671=CARTESIAN_POINT('Origin',(0.,0.,50.5));
#18672=CARTESIAN_POINT('',(5.,6.12323399573677E-16,50.5));
#18673=CARTESIAN_POINT('Origin',(0.,0.,50.5));
#18674=CARTESIAN_POINT('',(5.,6.12323399573677E-16,52.));
#18675=CARTESIAN_POINT('',(5.,6.12323399573677E-16,50.5));
#18676=CARTESIAN_POINT('Origin',(0.,0.,52.));
#18677=CARTESIAN_POINT('Origin',(0.,0.,50.5));
#18678=CARTESIAN_POINT('',(-2.,17.8885438199983,50.5));
#18679=CARTESIAN_POINT('',(-2.,17.8885438199983,52.));
#18680=CARTESIAN_POINT('',(-2.,17.8885438199983,50.5));
#18681=CARTESIAN_POINT('',(-17.8885438199983,2.,50.5));
#18682=CARTESIAN_POINT('Origin',(0.,0.,50.5));
#18683=CARTESIAN_POINT('',(-17.8885438199983,2.,52.));
#18684=CARTESIAN_POINT('',(-17.8885438199983,2.,50.5));
#18685=CARTESIAN_POINT('Origin',(0.,0.,52.));
#18686=CARTESIAN_POINT('Origin',(0.,0.,50.5));
#18687=CARTESIAN_POINT('',(-2.,-17.8885438199983,52.));
#18688=CARTESIAN_POINT('',(-2.,-17.8885438199983,50.5));
#18689=CARTESIAN_POINT('',(-2.,-17.8885438199983,50.5));
#18690=CARTESIAN_POINT('',(-17.8885438199983,-2.,52.));
#18691=CARTESIAN_POINT('Origin',(0.,0.,52.));
#18692=CARTESIAN_POINT('',(-17.8885438199983,-2.,50.5));
#18693=CARTESIAN_POINT('',(-17.8885438199983,-2.,50.5));
#18694=CARTESIAN_POINT('Origin',(0.,0.,50.5));
#18695=CARTESIAN_POINT('Origin',(0.,0.,50.5));
#18696=CARTESIAN_POINT('',(17.8885438199983,2.,50.5));
#18697=CARTESIAN_POINT('',(17.8885438199983,2.,52.));
#18698=CARTESIAN_POINT('',(17.8885438199983,2.,50.5));
#18699=CARTESIAN_POINT('',(2.,17.8885438199983,50.5));
#18700=CARTESIAN_POINT('Origin',(0.,0.,50.5));
#18701=CARTESIAN_POINT('',(2.,17.8885438199983,52.));
#18702=CARTESIAN_POINT('',(2.,17.8885438199983,50.5));
#18703=CARTESIAN_POINT('Origin',(0.,0.,52.));
#18704=CARTESIAN_POINT('Origin',(0.,0.,50.5));
#18705=CARTESIAN_POINT('',(17.8885438199983,-2.,52.));
#18706=CARTESIAN_POINT('',(17.8885438199983,-2.,50.5));
#18707=CARTESIAN_POINT('',(17.8885438199983,-2.,50.5));
#18708=CARTESIAN_POINT('',(2.,-17.8885438199983,52.));
#18709=CARTESIAN_POINT('Origin',(0.,0.,52.));
#18710=CARTESIAN_POINT('',(2.,-17.8885438199983,50.5));
#18711=CARTESIAN_POINT('',(2.,-17.8885438199983,50.5));
#18712=CARTESIAN_POINT('Origin',(0.,0.,50.5));
#18713=CARTESIAN_POINT('Origin',(-74.5,-2.,50.5));
#18714=CARTESIAN_POINT('',(68.9710084020815,-2.,50.5));
#18715=CARTESIAN_POINT('',(-74.5,-2.,50.5));
#18716=CARTESIAN_POINT('',(68.9710084020815,-2.,52.));
#18717=CARTESIAN_POINT('',(68.9710084020815,-2.,50.5));
#18718=CARTESIAN_POINT('',(-74.5,-2.,52.));
#18719=CARTESIAN_POINT('Origin',(2.,-74.5,50.5));
#18720=CARTESIAN_POINT('',(2.,68.9710084020815,50.5));
#18721=CARTESIAN_POINT('',(2.,-74.5,50.5));
#18722=CARTESIAN_POINT('',(2.,68.9710084020815,52.));
#18723=CARTESIAN_POINT('',(2.,68.9710084020815,50.5));
#18724=CARTESIAN_POINT('',(2.,-74.5,52.));
#18725=CARTESIAN_POINT('Origin',(-2.,74.5,50.5));
#18726=CARTESIAN_POINT('',(-2.,-68.9710084020815,50.5));
#18727=CARTESIAN_POINT('',(-2.,74.5,50.5));
#18728=CARTESIAN_POINT('',(-2.,-68.9710084020815,52.));
#18729=CARTESIAN_POINT('',(-2.,-68.9710084020815,50.5));
#18730=CARTESIAN_POINT('',(-2.,74.5,52.));
#18731=CARTESIAN_POINT('Origin',(74.5,2.,50.5));
#18732=CARTESIAN_POINT('',(-68.9710084020815,2.,50.5));
#18733=CARTESIAN_POINT('',(74.5,2.,50.5));
#18734=CARTESIAN_POINT('',(-68.9710084020815,2.,52.));
#18735=CARTESIAN_POINT('',(-68.9710084020815,2.,50.5));
#18736=CARTESIAN_POINT('',(74.5,2.,52.));
#18737=CARTESIAN_POINT('Origin',(2.,74.5,50.5));
#18738=CARTESIAN_POINT('',(2.,74.5,52.));
#18739=CARTESIAN_POINT('',(-2.,74.5,52.));
#18740=CARTESIAN_POINT('',(2.,74.5,52.));
#18741=CARTESIAN_POINT('',(2.,74.5,50.5));
#18742=CARTESIAN_POINT('',(2.,74.5,50.5));
#18743=CARTESIAN_POINT('',(-2.,74.5,50.5));
#18744=CARTESIAN_POINT('',(2.,74.5,50.5));
#18745=CARTESIAN_POINT('',(-2.,74.5,50.5));
#18746=CARTESIAN_POINT('Origin',(-2.,74.5,50.5));
#18747=CARTESIAN_POINT('',(-2.,-74.4731495238385,50.5));
#18748=CARTESIAN_POINT('',(-2.,-74.4731495238385,52.));
#18749=CARTESIAN_POINT('',(-2.,-74.4731495238385,50.5));
#18750=CARTESIAN_POINT('',(-2.,-74.5,50.5));
#18751=CARTESIAN_POINT('',(-2.,74.5,50.5));
#18752=CARTESIAN_POINT('',(-2.,-74.5,52.));
#18753=CARTESIAN_POINT('',(-2.,-74.5,50.5));
#18754=CARTESIAN_POINT('',(-2.,74.5,52.));
#18755=CARTESIAN_POINT('Origin',(-2.,74.5,50.5));
#18756=CARTESIAN_POINT('',(-2.,74.4731495238385,52.));
#18757=CARTESIAN_POINT('',(-2.,74.4731495238385,50.5));
#18758=CARTESIAN_POINT('',(-2.,74.4731495238385,50.5));
#18759=CARTESIAN_POINT('',(-2.,74.5,52.));
#18760=CARTESIAN_POINT('',(-2.,74.5,50.5));
#18761=CARTESIAN_POINT('Origin',(-2.,74.5,50.5));
#18762=CARTESIAN_POINT('',(-2.,68.9710084020815,52.));
#18763=CARTESIAN_POINT('',(-2.,74.5,52.));
#18764=CARTESIAN_POINT('',(-2.,68.9710084020815,50.5));
#18765=CARTESIAN_POINT('',(-2.,68.9710084020815,50.5));
#18766=CARTESIAN_POINT('',(-2.,74.5,50.5));
#18767=CARTESIAN_POINT('Origin',(2.,-74.5,50.5));
#18768=CARTESIAN_POINT('',(2.,-74.4731495238385,52.));
#18769=CARTESIAN_POINT('',(2.,-74.4731495238385,50.5));
#18770=CARTESIAN_POINT('',(2.,-74.4731495238385,50.5));
#18771=CARTESIAN_POINT('',(2.,-74.5,52.));
#18772=CARTESIAN_POINT('',(2.,-74.5,52.));
#18773=CARTESIAN_POINT('',(2.,-74.5,50.5));
#18774=CARTESIAN_POINT('',(2.,-74.5,50.5));
#18775=CARTESIAN_POINT('',(2.,-74.5,50.5));
#18776=CARTESIAN_POINT('Origin',(2.,-74.5,50.5));
#18777=CARTESIAN_POINT('',(2.,-68.9710084020815,52.));
#18778=CARTESIAN_POINT('',(2.,-74.5,52.));
#18779=CARTESIAN_POINT('',(2.,-68.9710084020815,50.5));
#18780=CARTESIAN_POINT('',(2.,-68.9710084020815,50.5));
#18781=CARTESIAN_POINT('',(2.,-74.5,50.5));
#18782=CARTESIAN_POINT('Origin',(2.,-74.5,50.5));
#18783=CARTESIAN_POINT('',(2.,74.4731495238385,50.5));
#18784=CARTESIAN_POINT('',(2.,74.4731495238385,52.));
#18785=CARTESIAN_POINT('',(2.,74.4731495238385,50.5));
#18786=CARTESIAN_POINT('',(2.,-74.5,50.5));
#18787=CARTESIAN_POINT('',(2.,-74.5,52.));
#18788=CARTESIAN_POINT('Origin',(-2.,-74.5,50.5));
#18789=CARTESIAN_POINT('',(-2.,-74.5,52.));
#18790=CARTESIAN_POINT('',(-2.,-74.5,50.5));
#18791=CARTESIAN_POINT('Origin',(74.5,2.,50.5));
#18792=CARTESIAN_POINT('',(68.9710084020815,2.,52.));
#18793=CARTESIAN_POINT('',(74.5,2.,52.));
#18794=CARTESIAN_POINT('',(68.9710084020815,2.,50.5));
#18795=CARTESIAN_POINT('',(68.9710084020815,2.,50.5));
#18796=CARTESIAN_POINT('',(74.5,2.,50.5));
#18797=CARTESIAN_POINT('Origin',(0.,0.,50.5));
#18798=CARTESIAN_POINT('Origin',(0.,0.,50.5));
#18799=CARTESIAN_POINT('Origin',(0.,0.,52.));
#18800=CARTESIAN_POINT('Origin',(0.,0.,50.5));
#18801=CARTESIAN_POINT('Origin',(0.,0.,52.));
#18802=CARTESIAN_POINT('Origin',(0.,0.,50.5));
#18803=CARTESIAN_POINT('Origin',(0.,0.,50.5));
#18804=CARTESIAN_POINT('',(74.4731495238385,2.,52.));
#18805=CARTESIAN_POINT('Origin',(0.,0.,52.));
#18806=CARTESIAN_POINT('',(74.4731495238385,2.,50.5));
#18807=CARTESIAN_POINT('',(74.4731495238385,2.,50.5));
#18808=CARTESIAN_POINT('Origin',(0.,0.,50.5));
#18809=CARTESIAN_POINT('Origin',(-3.93946368315119E-15,0.,50.5));
#18810=CARTESIAN_POINT('',(74.5,2.,50.5));
#18811=CARTESIAN_POINT('',(74.5,2.,50.5));
#18812=CARTESIAN_POINT('',(74.5,-2.,50.5));
#18813=CARTESIAN_POINT('',(74.5,-2.,50.5));
#18814=CARTESIAN_POINT('',(74.4731495238385,-2.,50.5));
#18815=CARTESIAN_POINT('',(-74.5,-2.,50.5));
#18816=CARTESIAN_POINT('Origin',(0.,0.,50.5));
#18817=CARTESIAN_POINT('',(-74.4731495238385,-2.,50.5));
#18818=CARTESIAN_POINT('Origin',(0.,0.,50.5));
#18819=CARTESIAN_POINT('',(-74.5,-2.,50.5));
#18820=CARTESIAN_POINT('',(-74.5,-2.,50.5));
#18821=CARTESIAN_POINT('',(-74.5,2.,50.5));
#18822=CARTESIAN_POINT('',(-74.5,2.,50.5));
#18823=CARTESIAN_POINT('',(-74.4731495238385,2.,50.5));
#18824=CARTESIAN_POINT('',(74.5,2.,50.5));
#18825=CARTESIAN_POINT('Origin',(0.,0.,50.5));
#18826=CARTESIAN_POINT('Origin',(0.,0.,50.5));
#18827=CARTESIAN_POINT('',(-68.9710084020815,-2.,50.5));
#18828=CARTESIAN_POINT('',(-74.5,-2.,50.5));
#18829=CARTESIAN_POINT('Origin',(0.,0.,50.5));
#18830=CARTESIAN_POINT('Origin',(0.,0.,50.5));
#18831=CARTESIAN_POINT('Origin',(0.,0.,52.));
#18832=CARTESIAN_POINT('Origin',(0.,0.,50.5));
#18833=CARTESIAN_POINT('',(74.4731495238385,-2.,52.));
#18834=CARTESIAN_POINT('',(74.4731495238385,-2.,50.5));
#18835=CARTESIAN_POINT('Origin',(0.,0.,52.));
#18836=CARTESIAN_POINT('Origin',(0.,0.,50.5));
#18837=CARTESIAN_POINT('',(-74.4731495238385,-2.,52.));
#18838=CARTESIAN_POINT('Origin',(0.,0.,52.));
#18839=CARTESIAN_POINT('',(-74.4731495238385,-2.,50.5));
#18840=CARTESIAN_POINT('Origin',(74.5,-2.,50.5));
#18841=CARTESIAN_POINT('',(74.5,-2.,52.));
#18842=CARTESIAN_POINT('',(74.5,2.,52.));
#18843=CARTESIAN_POINT('',(74.5,-2.,52.));
#18844=CARTESIAN_POINT('',(74.5,-2.,50.5));
#18845=CARTESIAN_POINT('',(74.5,2.,50.5));
#18846=CARTESIAN_POINT('Origin',(74.5,2.,50.5));
#18847=CARTESIAN_POINT('',(-74.4731495238385,2.,52.));
#18848=CARTESIAN_POINT('',(-74.4731495238385,2.,50.5));
#18849=CARTESIAN_POINT('',(-74.5,2.,52.));
#18850=CARTESIAN_POINT('',(-74.5,2.,50.5));
#18851=CARTESIAN_POINT('',(74.5,2.,52.));
#18852=CARTESIAN_POINT('Origin',(74.5,2.,50.5));
#18853=CARTESIAN_POINT('',(74.5,2.,52.));
#18854=CARTESIAN_POINT('Origin',(-74.5,-2.,50.5));
#18855=CARTESIAN_POINT('',(-74.5,-2.,52.));
#18856=CARTESIAN_POINT('',(-74.5,-2.,52.));
#18857=CARTESIAN_POINT('',(-74.5,-2.,50.5));
#18858=CARTESIAN_POINT('Origin',(-74.5,-2.,50.5));
#18859=CARTESIAN_POINT('',(-74.5,-2.,52.));
#18860=CARTESIAN_POINT('Origin',(-74.5,2.,50.5));
#18861=CARTESIAN_POINT('',(-74.5,2.,52.));
#18862=CARTESIAN_POINT('Origin',(-74.5,-2.,50.5));
#18863=CARTESIAN_POINT('',(-68.9710084020815,-2.,52.));
#18864=CARTESIAN_POINT('',(-74.5,-2.,52.));
#18865=CARTESIAN_POINT('',(-68.9710084020815,-2.,50.5));
#18866=CARTESIAN_POINT('Origin',(0.,0.,50.5));
#18867=CARTESIAN_POINT('Origin',(0.,0.,52.));
#18868=CARTESIAN_POINT('Origin',(-3.93946368315119E-15,0.,52.));
#18869=CARTESIAN_POINT('Origin',(0.,0.,52.));
#18870=CARTESIAN_POINT('Origin',(0.,0.,50.5));
#18871=CARTESIAN_POINT('',(0.,0.,0.));
#18872=CARTESIAN_POINT('Origin',(0.,0.,52.));
#18873=CARTESIAN_POINT('',(1.25,1.53080849893419E-16,52.));
#18874=CARTESIAN_POINT('Origin',(0.,0.,52.));
#18875=CARTESIAN_POINT('',(1.25,1.53080849893419E-16,57.));
#18876=CARTESIAN_POINT('',(1.25,1.53080849893419E-16,52.));
#18877=CARTESIAN_POINT('Origin',(0.,0.,57.));
#18878=CARTESIAN_POINT('Origin',(-5.90160301838331E-17,0.,52.));
#18879=CARTESIAN_POINT('Origin',(-1.5,7.,36.5));
#18880=CARTESIAN_POINT('',(-1.5,4.76969600708473,49.5));
#18881=CARTESIAN_POINT('',(-1.5,4.76969600708473,36.5));
#18882=CARTESIAN_POINT('',(-1.5,4.76969600708473,-17.55));
#18883=CARTESIAN_POINT('',(-1.5,4.,49.5));
#18884=CARTESIAN_POINT('',(-1.5,7.,49.5));
#18885=CARTESIAN_POINT('',(-1.5,4.,36.5));
#18886=CARTESIAN_POINT('',(-1.5,4.,36.5));
#18887=CARTESIAN_POINT('',(-1.5,7.,36.5));
#18888=CARTESIAN_POINT('Origin',(0.,5.5,36.5));
#18889=CARTESIAN_POINT('',(1.5,4.76969600708473,36.5));
#18890=CARTESIAN_POINT('Origin',(0.,0.,36.5));
#18891=CARTESIAN_POINT('',(1.5,4.,36.5));
#18892=CARTESIAN_POINT('',(-1.5,4.,36.5));
#18893=CARTESIAN_POINT('',(1.5,4.,36.5));
#18894=CARTESIAN_POINT('Origin',(1.5,4.,36.5));
#18895=CARTESIAN_POINT('',(1.5,4.76969600708473,49.5));
#18896=CARTESIAN_POINT('',(1.5,4.76969600708473,-17.55));
#18897=CARTESIAN_POINT('',(1.5,4.,49.5));
#18898=CARTESIAN_POINT('',(1.5,4.,36.5));
#18899=CARTESIAN_POINT('',(1.5,4.,49.5));
#18900=CARTESIAN_POINT('Origin',(-1.5,4.,36.5));
#18901=CARTESIAN_POINT('',(-1.5,4.,49.5));
#18902=CARTESIAN_POINT('Origin',(0.,5.5,49.5));
#18903=CARTESIAN_POINT('Origin',(0.,0.,49.5));
#18904=CARTESIAN_POINT('Origin',(0.,0.,54.));
#18905=CARTESIAN_POINT('',(4.8,5.87830463590729E-16,55.1));
#18906=CARTESIAN_POINT('Origin',(0.,0.,55.1));
#18907=CARTESIAN_POINT('',(4.8,5.87830463590729E-16,54.));
#18908=CARTESIAN_POINT('',(4.8,5.87830463590729E-16,54.));
#18909=CARTESIAN_POINT('Origin',(0.,0.,54.));
#18910=CARTESIAN_POINT('Origin',(-2.36064120735332E-16,0.,54.));
#18911=CARTESIAN_POINT('',(5.,6.12323399573677E-16,54.));
#18912=CARTESIAN_POINT('Origin',(0.,0.,54.));
#18913=CARTESIAN_POINT('Origin',(-2.36064120735332E-16,0.,55.1));
#18914=CARTESIAN_POINT('',(5.,6.12323399573677E-16,55.1));
#18915=CARTESIAN_POINT('Origin',(0.,0.,55.1));
#18916=CARTESIAN_POINT('Origin',(0.,0.,-17.55));
#18917=CARTESIAN_POINT('',(5.,6.12323399573677E-16,57.));
#18918=CARTESIAN_POINT('Origin',(0.,0.,57.));
#18919=CARTESIAN_POINT('',(5.,6.12323399573677E-16,-17.55));
#18920=CARTESIAN_POINT('Origin',(-3.69627624575467E-16,0.,14.));
#18921=CARTESIAN_POINT('',(6.,7.34788079488412E-16,14.));
#18922=CARTESIAN_POINT('Origin',(0.,0.,14.));
#18923=CARTESIAN_POINT('',(5.,-6.12323399573677E-16,14.));
#18924=CARTESIAN_POINT('Origin',(0.,0.,14.));
#18925=CARTESIAN_POINT('Origin',(-3.69627624575467E-16,0.,26.));
#18926=CARTESIAN_POINT('',(6.,7.34788079488412E-16,26.));
#18927=CARTESIAN_POINT('Origin',(0.,0.,26.));
#18928=CARTESIAN_POINT('',(5.,6.12323399573677E-16,26.));
#18929=CARTESIAN_POINT('Origin',(0.,0.,26.));
#18930=CARTESIAN_POINT('Origin',(0.,0.,14.));
#18931=CARTESIAN_POINT('',(6.,7.34788079488412E-16,14.));
#18932=CARTESIAN_POINT('Origin',(0.,0.,-17.55));
#18933=CARTESIAN_POINT('',(5.,6.12323399573677E-16,-17.55));
#18934=CARTESIAN_POINT('Origin',(0.,0.,-17.55));
#18935=CARTESIAN_POINT('',(5.,6.12323399573677E-16,-17.55));
#18936=CARTESIAN_POINT('',(5.,6.12323399573677E-16,-17.55));
#18937=CARTESIAN_POINT('Origin',(0.,0.,-17.55));
#18938=CARTESIAN_POINT('Origin',(-2.36064120735332E-16,0.,-17.55));
#18939=CARTESIAN_POINT('Origin',(-2.36064120735332E-16,0.,57.));
#18940=CARTESIAN_POINT('',(0.,0.,0.));
#18941=CARTESIAN_POINT('Origin',(15.,15.,6.));
#18942=CARTESIAN_POINT('',(16.6,15.,6.));
#18943=CARTESIAN_POINT('Origin',(15.,15.,6.));
#18944=CARTESIAN_POINT('',(16.6,15.,34.));
#18945=CARTESIAN_POINT('',(16.6,15.,6.));
#18946=CARTESIAN_POINT('Origin',(15.,15.,34.));
#18947=CARTESIAN_POINT('Origin',(15.,-15.,6.));
#18948=CARTESIAN_POINT('',(16.6,-15.,6.));
#18949=CARTESIAN_POINT('Origin',(15.,-15.,6.));
#18950=CARTESIAN_POINT('',(16.6,-15.,34.));
#18951=CARTESIAN_POINT('',(16.6,-15.,6.));
#18952=CARTESIAN_POINT('Origin',(15.,-15.,34.));
#18953=CARTESIAN_POINT('Origin',(-15.,15.,6.));
#18954=CARTESIAN_POINT('',(-13.4,15.,6.));
#18955=CARTESIAN_POINT('Origin',(-15.,15.,6.));
#18956=CARTESIAN_POINT('',(-13.4,15.,34.));
#18957=CARTESIAN_POINT('',(-13.4,15.,6.));
#18958=CARTESIAN_POINT('Origin',(-15.,15.,34.));
#18959=CARTESIAN_POINT('Origin',(-15.,-15.,6.));
#18960=CARTESIAN_POINT('',(-13.4,-15.,6.));
#18961=CARTESIAN_POINT('Origin',(-15.,-15.,6.));
#18962=CARTESIAN_POINT('',(-13.4,-15.,34.));
#18963=CARTESIAN_POINT('',(-13.4,-15.,6.));
#18964=CARTESIAN_POINT('Origin',(-15.,-15.,34.));
#18965=CARTESIAN_POINT('Origin',(0.,0.,26.));
#18966=CARTESIAN_POINT('',(13.,1.59204083889156E-15,26.));
#18967=CARTESIAN_POINT('Origin',(0.,0.,26.));
#18968=CARTESIAN_POINT('',(13.,1.59204083889156E-15,34.));
#18969=CARTESIAN_POINT('',(13.,1.59204083889156E-15,26.));
#18970=CARTESIAN_POINT('Origin',(0.,0.,34.));
#18971=CARTESIAN_POINT('Origin',(-1.3267006990763E-16,0.,26.));
#18972=CARTESIAN_POINT('',(11.,1.34711147906209E-15,26.));
#18973=CARTESIAN_POINT('Origin',(0.,0.,26.));
#18974=CARTESIAN_POINT('Origin',(0.,0.,6.));
#18975=CARTESIAN_POINT('',(13.,1.59204083889156E-15,6.));
#18976=CARTESIAN_POINT('Origin',(0.,0.,6.));
#18977=CARTESIAN_POINT('',(13.,1.59204083889156E-15,14.));
#18978=CARTESIAN_POINT('',(13.,1.59204083889156E-15,6.));
#18979=CARTESIAN_POINT('Origin',(0.,0.,14.));
#18980=CARTESIAN_POINT('Origin',(-1.3267006990763E-16,0.,14.));
#18981=CARTESIAN_POINT('',(11.,-1.34711147906209E-15,14.));
#18982=CARTESIAN_POINT('Origin',(0.,0.,14.));
#18983=CARTESIAN_POINT('Origin',(0.,0.,6.));
#18984=CARTESIAN_POINT('',(11.,1.34711147906209E-15,6.));
#18985=CARTESIAN_POINT('Origin',(-18.,18.,6.));
#18986=CARTESIAN_POINT('',(-18.,18.,6.));
#18987=CARTESIAN_POINT('',(-18.,-18.,6.));
#18988=CARTESIAN_POINT('',(-18.,18.,6.));
#18989=CARTESIAN_POINT('',(-18.,-18.,34.));
#18990=CARTESIAN_POINT('',(-18.,-18.,6.));
#18991=CARTESIAN_POINT('',(-18.,18.,34.));
#18992=CARTESIAN_POINT('',(-18.,18.,34.));
#18993=CARTESIAN_POINT('',(-18.,18.,6.));
#18994=CARTESIAN_POINT('Origin',(18.,18.,6.));
#18995=CARTESIAN_POINT('',(18.,18.,6.));
#18996=CARTESIAN_POINT('',(18.,18.,6.));
#18997=CARTESIAN_POINT('',(18.,18.,34.));
#18998=CARTESIAN_POINT('',(18.,18.,34.));
#18999=CARTESIAN_POINT('',(18.,18.,6.));
#19000=CARTESIAN_POINT('Origin',(18.,-18.,6.));
#19001=CARTESIAN_POINT('',(18.,-18.,6.));
#19002=CARTESIAN_POINT('',(18.,-18.,6.));
#19003=CARTESIAN_POINT('',(18.,-18.,34.));
#19004=CARTESIAN_POINT('',(18.,-18.,34.));
#19005=CARTESIAN_POINT('',(18.,-18.,6.));
#19006=CARTESIAN_POINT('Origin',(-18.,-18.,6.));
#19007=CARTESIAN_POINT('',(-18.,-18.,6.));
#19008=CARTESIAN_POINT('',(-18.,-18.,34.));
#19009=CARTESIAN_POINT('Origin',(0.,0.,34.));
#19010=CARTESIAN_POINT('Origin',(0.,0.,6.));
#19011=CARTESIAN_POINT('',(0.,0.,0.));
#19012=CARTESIAN_POINT('Origin',(15.,15.,-43.3));
#19013=CARTESIAN_POINT('',(16.6,15.,-43.3));
#19014=CARTESIAN_POINT('Origin',(15.,15.,-43.3));
#19015=CARTESIAN_POINT('',(16.6,15.,-41.3));
#19016=CARTESIAN_POINT('',(16.6,15.,-43.3));
#19017=CARTESIAN_POINT('Origin',(15.,15.,-41.3));
#19018=CARTESIAN_POINT('Origin',(15.,-15.,-43.3));
#19019=CARTESIAN_POINT('',(16.6,-15.,-43.3));
#19020=CARTESIAN_POINT('Origin',(15.,-15.,-43.3));
#19021=CARTESIAN_POINT('',(16.6,-15.,-41.3));
#19022=CARTESIAN_POINT('',(16.6,-15.,-43.3));
#19023=CARTESIAN_POINT('Origin',(15.,-15.,-41.3));
#19024=CARTESIAN_POINT('Origin',(-15.,15.,-43.3));
#19025=CARTESIAN_POINT('',(-13.4,15.,-43.3));
#19026=CARTESIAN_POINT('Origin',(-15.,15.,-43.3));
#19027=CARTESIAN_POINT('',(-13.4,15.,-41.3));
#19028=CARTESIAN_POINT('',(-13.4,15.,-43.3));
#19029=CARTESIAN_POINT('Origin',(-15.,15.,-41.3));
#19030=CARTESIAN_POINT('Origin',(-15.,-15.,-43.3));
#19031=CARTESIAN_POINT('',(-13.4,-15.,-43.3));
#19032=CARTESIAN_POINT('Origin',(-15.,-15.,-43.3));
#19033=CARTESIAN_POINT('',(-13.4,-15.,-41.3));
#19034=CARTESIAN_POINT('',(-13.4,-15.,-43.3));
#19035=CARTESIAN_POINT('Origin',(-15.,-15.,-41.3));
#19036=CARTESIAN_POINT('Origin',(9.52627944162883,5.49999999999999,-43.3));
#19037=CARTESIAN_POINT('',(11.1262794416288,5.49999999999999,-43.3));
#19038=CARTESIAN_POINT('Origin',(9.52627944162883,5.49999999999999,-43.3));
#19039=CARTESIAN_POINT('',(11.1262794416288,5.49999999999999,-41.3));
#19040=CARTESIAN_POINT('',(11.1262794416288,5.49999999999999,-43.3));
#19041=CARTESIAN_POINT('Origin',(9.52627944162883,5.49999999999999,-41.3));
#19042=CARTESIAN_POINT('Origin',(9.52627944162882,-5.50000000000001,-43.3));
#19043=CARTESIAN_POINT('',(11.1262794416288,-5.50000000000001,-43.3));
#19044=CARTESIAN_POINT('Origin',(9.52627944162882,-5.50000000000001,-43.3));
#19045=CARTESIAN_POINT('',(11.1262794416288,-5.50000000000001,-41.3));
#19046=CARTESIAN_POINT('',(11.1262794416288,-5.50000000000001,-43.3));
#19047=CARTESIAN_POINT('Origin',(9.52627944162882,-5.50000000000001,-41.3));
#19048=CARTESIAN_POINT('Origin',(-2.02066721859313E-15,-11.,-43.3));
#19049=CARTESIAN_POINT('',(1.6,-11.,-43.3));
#19050=CARTESIAN_POINT('Origin',(-2.02066721859313E-15,-11.,-43.3));
#19051=CARTESIAN_POINT('',(1.6,-11.,-41.3));
#19052=CARTESIAN_POINT('',(1.6,-11.,-43.3));
#19053=CARTESIAN_POINT('Origin',(-2.02066721859313E-15,-11.,-41.3));
#19054=CARTESIAN_POINT('Origin',(-9.52627944162882,-5.5,-43.3));
#19055=CARTESIAN_POINT('',(-7.92627944162882,-5.5,-43.3));
#19056=CARTESIAN_POINT('Origin',(-9.52627944162882,-5.5,-43.3));
#19057=CARTESIAN_POINT('',(-7.92627944162882,-5.5,-41.3));
#19058=CARTESIAN_POINT('',(-7.92627944162882,-5.5,-43.3));
#19059=CARTESIAN_POINT('Origin',(-9.52627944162882,-5.5,-41.3));
#19060=CARTESIAN_POINT('Origin',(-9.52627944162883,5.5,-43.3));
#19061=CARTESIAN_POINT('',(-7.92627944162883,5.5,-43.3));
#19062=CARTESIAN_POINT('Origin',(-9.52627944162883,5.5,-43.3));
#19063=CARTESIAN_POINT('',(-7.92627944162883,5.5,-41.3));
#19064=CARTESIAN_POINT('',(-7.92627944162883,5.5,-43.3));
#19065=CARTESIAN_POINT('Origin',(-9.52627944162883,5.5,-41.3));
#19066=CARTESIAN_POINT('Origin',(6.73555739531044E-16,11.,-43.3));
#19067=CARTESIAN_POINT('',(1.6,11.,-43.3));
#19068=CARTESIAN_POINT('Origin',(6.73555739531044E-16,11.,-43.3));
#19069=CARTESIAN_POINT('',(1.6,11.,-41.3));
#19070=CARTESIAN_POINT('',(1.6,11.,-43.3));
#19071=CARTESIAN_POINT('Origin',(6.73555739531044E-16,11.,-41.3));
#19072=CARTESIAN_POINT('Origin',(0.,0.,-43.3));
#19073=CARTESIAN_POINT('',(8.05,9.85840673313619E-16,-43.3));
#19074=CARTESIAN_POINT('Origin',(0.,0.,-43.3));
#19075=CARTESIAN_POINT('',(8.05,9.85840673313619E-16,-41.3));
#19076=CARTESIAN_POINT('',(8.05,9.85840673313619E-16,-43.3));
#19077=CARTESIAN_POINT('Origin',(0.,0.,-41.3));
#19078=CARTESIAN_POINT('Origin',(-20.,20.,-43.3));
#19079=CARTESIAN_POINT('',(-20.,20.,-43.3));
#19080=CARTESIAN_POINT('',(-20.,-20.,-43.3));
#19081=CARTESIAN_POINT('',(-20.,20.,-43.3));
#19082=CARTESIAN_POINT('',(-20.,-20.,-41.3));
#19083=CARTESIAN_POINT('',(-20.,-20.,-43.3));
#19084=CARTESIAN_POINT('',(-20.,20.,-41.3));
#19085=CARTESIAN_POINT('',(-20.,20.,-41.3));
#19086=CARTESIAN_POINT('',(-20.,20.,-43.3));
#19087=CARTESIAN_POINT('Origin',(20.,20.,-43.3));
#19088=CARTESIAN_POINT('',(20.,20.,-43.3));
#19089=CARTESIAN_POINT('',(20.,20.,-43.3));
#19090=CARTESIAN_POINT('',(20.,20.,-41.3));
#19091=CARTESIAN_POINT('',(20.,20.,-41.3));
#19092=CARTESIAN_POINT('',(20.,20.,-43.3));
#19093=CARTESIAN_POINT('Origin',(20.,-20.,-43.3));
#19094=CARTESIAN_POINT('',(20.,-20.,-43.3));
#19095=CARTESIAN_POINT('',(20.,-20.,-43.3));
#19096=CARTESIAN_POINT('',(20.,-20.,-41.3));
#19097=CARTESIAN_POINT('',(20.,-20.,-41.3));
#19098=CARTESIAN_POINT('',(20.,-20.,-43.3));
#19099=CARTESIAN_POINT('Origin',(-20.,-20.,-43.3));
#19100=CARTESIAN_POINT('',(-20.,-20.,-43.3));
#19101=CARTESIAN_POINT('',(-20.,-20.,-41.3));
#19102=CARTESIAN_POINT('Origin',(0.,0.,-41.3));
#19103=CARTESIAN_POINT('Origin',(0.,0.,-43.3));
#19104=CARTESIAN_POINT('',(0.,0.,0.));
#19105=CARTESIAN_POINT('Origin',(-2.93915231795365E-15,-16.,37.8));
#19106=CARTESIAN_POINT('',(1.20835567508081,-14.95125,37.8));
#19107=CARTESIAN_POINT('',(1.2083556750808,-14.95125,39.));
#19108=CARTESIAN_POINT('',(1.20835567508081,-14.95125,37.8));
#19109=CARTESIAN_POINT('',(-1.20835567508081,-14.95125,37.8));
#19110=CARTESIAN_POINT('Origin',(-2.93915231795365E-15,-16.,37.8));
#19111=CARTESIAN_POINT('',(-1.2083556750808,-14.95125,39.));
#19112=CARTESIAN_POINT('',(-1.20835567508081,-14.95125,37.8));
#19113=CARTESIAN_POINT('Origin',(-2.93915231795365E-15,-16.,39.));
#19114=CARTESIAN_POINT('Origin',(0.,0.,37.8));
#19115=CARTESIAN_POINT('',(-14.95125,-1.20835567508081,37.8));
#19116=CARTESIAN_POINT('Origin',(0.,0.,37.8));
#19117=CARTESIAN_POINT('',(-14.95125,-1.20835567508081,39.));
#19118=CARTESIAN_POINT('',(-14.95125,-1.20835567508081,37.8));
#19119=CARTESIAN_POINT('Origin',(0.,0.,39.));
#19120=CARTESIAN_POINT('Origin',(0.,0.,37.8));
#19121=CARTESIAN_POINT('',(14.95125,-1.20835567508081,39.));
#19122=CARTESIAN_POINT('Origin',(0.,0.,39.));
#19123=CARTESIAN_POINT('',(14.95125,-1.20835567508081,37.8));
#19124=CARTESIAN_POINT('',(14.95125,-1.20835567508081,37.8));
#19125=CARTESIAN_POINT('Origin',(0.,0.,37.8));
#19126=CARTESIAN_POINT('Origin',(-4.86761606027648E-15,0.,39.));
#19127=CARTESIAN_POINT('',(-1.5,54.9795416495991,39.));
#19128=CARTESIAN_POINT('',(-54.9795416495991,1.5,39.));
#19129=CARTESIAN_POINT('Origin',(0.,0.,39.));
#19130=CARTESIAN_POINT('',(-55.,1.5,39.));
#19131=CARTESIAN_POINT('',(55.,1.5,39.));
#19132=CARTESIAN_POINT('',(-55.,-1.5,39.));
#19133=CARTESIAN_POINT('',(-55.,1.5,39.));
#19134=CARTESIAN_POINT('',(-54.9795416495991,-1.5,39.));
#19135=CARTESIAN_POINT('',(-55.,-1.5,39.));
#19136=CARTESIAN_POINT('',(-1.5,-54.9795416495991,39.));
#19137=CARTESIAN_POINT('Origin',(0.,0.,39.));
#19138=CARTESIAN_POINT('',(-1.5,-55.,39.));
#19139=CARTESIAN_POINT('',(-1.5,55.,39.));
#19140=CARTESIAN_POINT('',(1.5,-55.,39.));
#19141=CARTESIAN_POINT('',(-1.5,-55.,39.));
#19142=CARTESIAN_POINT('',(1.5,-54.9795416495991,39.));
#19143=CARTESIAN_POINT('',(1.5,-55.,39.));
#19144=CARTESIAN_POINT('',(54.9795416495991,-1.5,39.));
#19145=CARTESIAN_POINT('Origin',(0.,0.,39.));
#19146=CARTESIAN_POINT('',(55.,-1.5,39.));
#19147=CARTESIAN_POINT('',(-55.,-1.5,39.));
#19148=CARTESIAN_POINT('',(55.,1.5,39.));
#19149=CARTESIAN_POINT('',(55.,-1.5,39.));
#19150=CARTESIAN_POINT('',(54.9795416495991,1.5,39.));
#19151=CARTESIAN_POINT('',(55.,1.5,39.));
#19152=CARTESIAN_POINT('',(1.5,54.9795416495991,39.));
#19153=CARTESIAN_POINT('Origin',(0.,0.,39.));
#19154=CARTESIAN_POINT('',(1.5,55.,39.));
#19155=CARTESIAN_POINT('',(1.5,-55.,39.));
#19156=CARTESIAN_POINT('',(-1.5,55.,39.));
#19157=CARTESIAN_POINT('',(1.5,55.,39.));
#19158=CARTESIAN_POINT('',(-1.5,55.,39.));
#19159=CARTESIAN_POINT('',(-14.95125,1.20835567508081,39.));
#19160=CARTESIAN_POINT('Origin',(-16.,1.95943487863577E-15,39.));
#19161=CARTESIAN_POINT('',(-1.20835567508081,14.95125,39.));
#19162=CARTESIAN_POINT('Origin',(0.,0.,39.));
#19163=CARTESIAN_POINT('',(1.20835567508081,14.95125,39.));
#19164=CARTESIAN_POINT('Origin',(9.79717439317883E-16,16.,39.));
#19165=CARTESIAN_POINT('',(14.95125,1.20835567508081,39.));
#19166=CARTESIAN_POINT('Origin',(0.,0.,39.));
#19167=CARTESIAN_POINT('Origin',(16.,0.,39.));
#19168=CARTESIAN_POINT('',(19.9436706751791,-1.5,39.));
#19169=CARTESIAN_POINT('',(48.9770354349873,-1.5,39.));
#19170=CARTESIAN_POINT('',(-55.,-1.5,39.));
#19171=CARTESIAN_POINT('',(1.5,-48.9770354349873,39.));
#19172=CARTESIAN_POINT('Origin',(0.,0.,39.));
#19173=CARTESIAN_POINT('',(1.5,-19.9436706751791,39.));
#19174=CARTESIAN_POINT('',(1.5,-55.,39.));
#19175=CARTESIAN_POINT('Origin',(0.,0.,39.));
#19176=CARTESIAN_POINT('',(-1.5,-19.9436706751791,39.));
#19177=CARTESIAN_POINT('',(-1.5,-48.9770354349873,39.));
#19178=CARTESIAN_POINT('',(-1.5,55.,39.));
#19179=CARTESIAN_POINT('',(-48.9770354349873,-1.5,39.));
#19180=CARTESIAN_POINT('Origin',(0.,0.,39.));
#19181=CARTESIAN_POINT('',(-19.9436706751791,-1.5,39.));
#19182=CARTESIAN_POINT('',(-55.,-1.5,39.));
#19183=CARTESIAN_POINT('Origin',(0.,0.,39.));
#19184=CARTESIAN_POINT('',(19.9436706751791,1.5,39.));
#19185=CARTESIAN_POINT('',(1.5,19.9436706751791,39.));
#19186=CARTESIAN_POINT('Origin',(0.,0.,39.));
#19187=CARTESIAN_POINT('',(1.5,48.9770354349873,39.));
#19188=CARTESIAN_POINT('',(1.5,-55.,39.));
#19189=CARTESIAN_POINT('',(48.9770354349873,1.5,39.));
#19190=CARTESIAN_POINT('Origin',(0.,0.,39.));
#19191=CARTESIAN_POINT('',(55.,1.5,39.));
#19192=CARTESIAN_POINT('',(-1.5,19.9436706751791,39.));
#19193=CARTESIAN_POINT('',(-19.9436706751791,1.5,39.));
#19194=CARTESIAN_POINT('Origin',(0.,0.,39.));
#19195=CARTESIAN_POINT('',(-48.9770354349873,1.5,39.));
#19196=CARTESIAN_POINT('',(55.,1.5,39.));
#19197=CARTESIAN_POINT('',(-1.5,48.9770354349873,39.));
#19198=CARTESIAN_POINT('Origin',(0.,0.,39.));
#19199=CARTESIAN_POINT('',(-1.5,55.,39.));
#19200=CARTESIAN_POINT('Origin',(-16.,1.95943487863577E-15,37.8));
#19201=CARTESIAN_POINT('',(-14.95125,1.20835567508081,37.8));
#19202=CARTESIAN_POINT('Origin',(-16.,1.95943487863577E-15,37.8));
#19203=CARTESIAN_POINT('',(-14.95125,1.20835567508081,37.8));
#19204=CARTESIAN_POINT('Origin',(0.,0.,37.8));
#19205=CARTESIAN_POINT('',(-1.2083556750808,14.95125,37.8));
#19206=CARTESIAN_POINT('Origin',(0.,0.,37.8));
#19207=CARTESIAN_POINT('',(-1.20835567508081,14.95125,37.8));
#19208=CARTESIAN_POINT('Origin',(9.79717439317883E-16,16.,37.8));
#19209=CARTESIAN_POINT('',(1.2083556750808,14.95125,37.8));
#19210=CARTESIAN_POINT('',(1.20835567508081,14.95125,37.8));
#19211=CARTESIAN_POINT('Origin',(9.79717439317883E-16,16.,37.8));
#19212=CARTESIAN_POINT('Origin',(0.,0.,37.8));
#19213=CARTESIAN_POINT('',(14.95125,1.20835567508081,37.8));
#19214=CARTESIAN_POINT('Origin',(0.,0.,37.8));
#19215=CARTESIAN_POINT('',(14.95125,1.20835567508081,37.8));
#19216=CARTESIAN_POINT('Origin',(-4.86761606027648E-15,0.,37.8));
#19217=CARTESIAN_POINT('',(1.5,55.,37.8));
#19218=CARTESIAN_POINT('',(-1.5,55.,37.8));
#19219=CARTESIAN_POINT('',(1.5,55.,37.8));
#19220=CARTESIAN_POINT('',(1.5,54.9795416495991,37.8));
#19221=CARTESIAN_POINT('',(1.5,-55.,37.8));
#19222=CARTESIAN_POINT('',(54.9795416495991,1.5,37.8));
#19223=CARTESIAN_POINT('Origin',(0.,0.,37.8));
#19224=CARTESIAN_POINT('',(55.,1.5,37.8));
#19225=CARTESIAN_POINT('',(55.,1.5,37.8));
#19226=CARTESIAN_POINT('',(55.,-1.5,37.8));
#19227=CARTESIAN_POINT('',(55.,-1.5,37.8));
#19228=CARTESIAN_POINT('',(54.9795416495991,-1.5,37.8));
#19229=CARTESIAN_POINT('',(-55.,-1.5,37.8));
#19230=CARTESIAN_POINT('',(1.5,-54.9795416495991,37.8));
#19231=CARTESIAN_POINT('Origin',(0.,0.,37.8));
#19232=CARTESIAN_POINT('',(1.5,-55.,37.8));
#19233=CARTESIAN_POINT('',(1.5,-55.,37.8));
#19234=CARTESIAN_POINT('',(-1.5,-55.,37.8));
#19235=CARTESIAN_POINT('',(-1.5,-55.,37.8));
#19236=CARTESIAN_POINT('',(-1.5,-54.9795416495991,37.8));
#19237=CARTESIAN_POINT('',(-1.5,55.,37.8));
#19238=CARTESIAN_POINT('',(-54.9795416495991,-1.5,37.8));
#19239=CARTESIAN_POINT('Origin',(0.,0.,37.8));
#19240=CARTESIAN_POINT('',(-55.,-1.5,37.8));
#19241=CARTESIAN_POINT('',(-55.,-1.5,37.8));
#19242=CARTESIAN_POINT('',(-55.,1.5,37.8));
#19243=CARTESIAN_POINT('',(-55.,1.5,37.8));
#19244=CARTESIAN_POINT('',(-54.9795416495991,1.5,37.8));
#19245=CARTESIAN_POINT('',(55.,1.5,37.8));
#19246=CARTESIAN_POINT('',(-1.5,54.9795416495991,37.8));
#19247=CARTESIAN_POINT('Origin',(0.,0.,37.8));
#19248=CARTESIAN_POINT('',(-1.5,55.,37.8));
#19249=CARTESIAN_POINT('Origin',(16.,0.,37.8));
#19250=CARTESIAN_POINT('',(48.9770354349873,1.5,37.8));
#19251=CARTESIAN_POINT('',(19.9436706751791,1.5,37.8));
#19252=CARTESIAN_POINT('',(55.,1.5,37.8));
#19253=CARTESIAN_POINT('',(1.5,48.9770354349873,37.8));
#19254=CARTESIAN_POINT('Origin',(0.,0.,37.8));
#19255=CARTESIAN_POINT('',(1.5,19.9436706751791,37.8));
#19256=CARTESIAN_POINT('',(1.5,-55.,37.8));
#19257=CARTESIAN_POINT('Origin',(0.,0.,37.8));
#19258=CARTESIAN_POINT('',(-1.5,48.9770354349873,37.8));
#19259=CARTESIAN_POINT('',(-1.5,19.9436706751791,37.8));
#19260=CARTESIAN_POINT('',(-1.5,55.,37.8));
#19261=CARTESIAN_POINT('',(-48.9770354349873,1.5,37.8));
#19262=CARTESIAN_POINT('Origin',(0.,0.,37.8));
#19263=CARTESIAN_POINT('',(-19.9436706751791,1.5,37.8));
#19264=CARTESIAN_POINT('',(55.,1.5,37.8));
#19265=CARTESIAN_POINT('Origin',(0.,0.,37.8));
#19266=CARTESIAN_POINT('',(19.9436706751791,-1.5,37.8));
#19267=CARTESIAN_POINT('',(1.5,-19.9436706751791,37.8));
#19268=CARTESIAN_POINT('Origin',(0.,0.,37.8));
#19269=CARTESIAN_POINT('',(1.5,-48.9770354349873,37.8));
#19270=CARTESIAN_POINT('',(1.5,-55.,37.8));
#19271=CARTESIAN_POINT('',(48.9770354349873,-1.5,37.8));
#19272=CARTESIAN_POINT('Origin',(0.,0.,37.8));
#19273=CARTESIAN_POINT('',(-55.,-1.5,37.8));
#19274=CARTESIAN_POINT('',(-1.5,-19.9436706751791,37.8));
#19275=CARTESIAN_POINT('',(-19.9436706751791,-1.5,37.8));
#19276=CARTESIAN_POINT('Origin',(0.,0.,37.8));
#19277=CARTESIAN_POINT('',(-48.9770354349873,-1.5,37.8));
#19278=CARTESIAN_POINT('',(-55.,-1.5,37.8));
#19279=CARTESIAN_POINT('',(-1.5,-48.9770354349873,37.8));
#19280=CARTESIAN_POINT('Origin',(0.,0.,37.8));
#19281=CARTESIAN_POINT('',(-1.5,55.,37.8));
#19282=CARTESIAN_POINT('Origin',(16.,0.,37.8));
#19283=CARTESIAN_POINT('Origin',(0.,0.,37.8));
#19284=CARTESIAN_POINT('',(-1.5,19.9436706751791,37.8));
#19285=CARTESIAN_POINT('',(-19.9436706751791,1.5,37.8));
#19286=CARTESIAN_POINT('Origin',(0.,0.,37.8));
#19287=CARTESIAN_POINT('',(-1.5,-19.9436706751791,37.8));
#19288=CARTESIAN_POINT('',(-19.9436706751791,-1.5,37.8));
#19289=CARTESIAN_POINT('Origin',(0.,0.,37.8));
#19290=CARTESIAN_POINT('',(19.9436706751791,1.5,37.8));
#19291=CARTESIAN_POINT('',(1.5,19.9436706751791,37.8));
#19292=CARTESIAN_POINT('Origin',(0.,0.,37.8));
#19293=CARTESIAN_POINT('',(19.9436706751791,-1.5,37.8));
#19294=CARTESIAN_POINT('',(1.5,-19.9436706751791,37.8));
#19295=CARTESIAN_POINT('Origin',(-55.,-1.5,37.8));
#19296=CARTESIAN_POINT('',(48.9770354349873,-1.5,37.8));
#19297=CARTESIAN_POINT('Origin',(1.5,-55.,37.8));
#19298=CARTESIAN_POINT('',(1.5,48.9770354349873,37.8));
#19299=CARTESIAN_POINT('Origin',(-1.5,55.,37.8));
#19300=CARTESIAN_POINT('',(-1.5,-48.9770354349873,37.8));
#19301=CARTESIAN_POINT('Origin',(55.,1.5,37.8));
#19302=CARTESIAN_POINT('',(-48.9770354349873,1.5,37.8));
#19303=CARTESIAN_POINT('Origin',(1.5,55.,37.8));
#19304=CARTESIAN_POINT('',(1.5,55.,37.8));
#19305=CARTESIAN_POINT('',(-1.5,55.,37.8));
#19306=CARTESIAN_POINT('Origin',(-1.5,55.,37.8));
#19307=CARTESIAN_POINT('',(-1.5,-54.9795416495991,37.8));
#19308=CARTESIAN_POINT('',(-1.5,-55.,37.8));
#19309=CARTESIAN_POINT('Origin',(-1.5,55.,37.8));
#19310=CARTESIAN_POINT('',(-1.5,54.9795416495991,37.8));
#19311=CARTESIAN_POINT('Origin',(-1.5,55.,37.8));
#19312=CARTESIAN_POINT('',(-1.5,48.9770354349873,37.8));
#19313=CARTESIAN_POINT('Origin',(1.5,-55.,37.8));
#19314=CARTESIAN_POINT('',(1.5,-54.9795416495991,37.8));
#19315=CARTESIAN_POINT('',(1.5,-55.,37.8));
#19316=CARTESIAN_POINT('Origin',(1.5,-55.,37.8));
#19317=CARTESIAN_POINT('',(1.5,-48.9770354349873,37.8));
#19318=CARTESIAN_POINT('Origin',(1.5,-55.,37.8));
#19319=CARTESIAN_POINT('',(1.5,54.9795416495991,37.8));
#19320=CARTESIAN_POINT('Origin',(-1.5,-55.,37.8));
#19321=CARTESIAN_POINT('Origin',(55.,1.5,37.8));
#19322=CARTESIAN_POINT('',(48.9770354349873,1.5,37.8));
#19323=CARTESIAN_POINT('Origin',(0.,0.,37.8));
#19324=CARTESIAN_POINT('Origin',(0.,0.,37.8));
#19325=CARTESIAN_POINT('Origin',(0.,0.,37.8));
#19326=CARTESIAN_POINT('',(54.9795416495991,1.5,37.8));
#19327=CARTESIAN_POINT('Origin',(0.,0.,37.8));
#19328=CARTESIAN_POINT('Origin',(0.,0.,37.8));
#19329=CARTESIAN_POINT('',(54.9795416495991,-1.5,37.8));
#19330=CARTESIAN_POINT('Origin',(0.,0.,37.8));
#19331=CARTESIAN_POINT('',(-54.9795416495991,-1.5,37.8));
#19332=CARTESIAN_POINT('Origin',(55.,-1.5,37.8));
#19333=CARTESIAN_POINT('',(55.,-1.5,37.8));
#19334=CARTESIAN_POINT('',(55.,1.5,37.8));
#19335=CARTESIAN_POINT('Origin',(55.,1.5,37.8));
#19336=CARTESIAN_POINT('',(-54.9795416495991,1.5,37.8));
#19337=CARTESIAN_POINT('',(-55.,1.5,37.8));
#19338=CARTESIAN_POINT('Origin',(55.,1.5,37.8));
#19339=CARTESIAN_POINT('Origin',(-55.,-1.5,37.8));
#19340=CARTESIAN_POINT('',(-55.,-1.5,37.8));
#19341=CARTESIAN_POINT('Origin',(-55.,-1.5,37.8));
#19342=CARTESIAN_POINT('Origin',(-55.,1.5,37.8));
#19343=CARTESIAN_POINT('Origin',(-55.,-1.5,37.8));
#19344=CARTESIAN_POINT('',(-48.9770354349873,-1.5,37.8));
#19345=CARTESIAN_POINT('Origin',(0.,0.,37.8));
#19346=CARTESIAN_POINT('Origin',(0.,0.,37.8));
#19347=CARTESIAN_POINT('',(0.,0.,0.));
#19348=CARTESIAN_POINT('Origin',(49.1,4.,35.15));
#19349=CARTESIAN_POINT('',(49.1,4.,35.15));
#19350=CARTESIAN_POINT('',(49.1,-4.,35.15));
#19351=CARTESIAN_POINT('',(49.1,4.,35.15));
#19352=CARTESIAN_POINT('',(49.1,-4.,37.15));
#19353=CARTESIAN_POINT('',(49.1,-4.,35.15));
#19354=CARTESIAN_POINT('',(49.1,4.,37.15));
#19355=CARTESIAN_POINT('',(49.1,4.,37.15));
#19356=CARTESIAN_POINT('',(49.1,4.,35.15));
#19357=CARTESIAN_POINT('Origin',(54.7,4.,35.15));
#19358=CARTESIAN_POINT('',(54.7,4.,35.15));
#19359=CARTESIAN_POINT('',(54.7,4.,35.15));
#19360=CARTESIAN_POINT('',(54.7,4.,37.15));
#19361=CARTESIAN_POINT('',(54.7,4.,37.15));
#19362=CARTESIAN_POINT('',(54.7,4.,35.15));
#19363=CARTESIAN_POINT('Origin',(54.7,-4.,35.15));
#19364=CARTESIAN_POINT('',(54.7,-4.,35.15));
#19365=CARTESIAN_POINT('',(54.7,-4.,35.15));
#19366=CARTESIAN_POINT('',(54.7,-4.,37.15));
#19367=CARTESIAN_POINT('',(54.7,-4.,37.15));
#19368=CARTESIAN_POINT('',(54.7,-4.,35.15));
#19369=CARTESIAN_POINT('Origin',(49.1,-4.,35.15));
#19370=CARTESIAN_POINT('',(49.1,-4.,35.15));
#19371=CARTESIAN_POINT('',(49.1,-4.,37.15));
#19372=CARTESIAN_POINT('Origin',(51.9,0.,37.15));
#19373=CARTESIAN_POINT('Origin',(51.9,0.,35.15));
#19374=CARTESIAN_POINT('',(0.,0.,0.));
#19375=CARTESIAN_POINT('Origin',(49.1,4.,39.35));
#19376=CARTESIAN_POINT('',(49.1,4.,39.35));
#19377=CARTESIAN_POINT('',(49.1,-4.,39.35));
#19378=CARTESIAN_POINT('',(49.1,4.,39.35));
#19379=CARTESIAN_POINT('',(49.1,-4.,41.35));
#19380=CARTESIAN_POINT('',(49.1,-4.,39.35));
#19381=CARTESIAN_POINT('',(49.1,4.,41.35));
#19382=CARTESIAN_POINT('',(49.1,4.,41.35));
#19383=CARTESIAN_POINT('',(49.1,4.,39.35));
#19384=CARTESIAN_POINT('Origin',(54.7,4.,39.35));
#19385=CARTESIAN_POINT('',(54.7,4.,39.35));
#19386=CARTESIAN_POINT('',(54.7,4.,39.35));
#19387=CARTESIAN_POINT('',(54.7,4.,41.35));
#19388=CARTESIAN_POINT('',(54.7,4.,41.35));
#19389=CARTESIAN_POINT('',(54.7,4.,39.35));
#19390=CARTESIAN_POINT('Origin',(54.7,-4.,39.35));
#19391=CARTESIAN_POINT('',(54.7,-4.,39.35));
#19392=CARTESIAN_POINT('',(54.7,-4.,39.35));
#19393=CARTESIAN_POINT('',(54.7,-4.,41.35));
#19394=CARTESIAN_POINT('',(54.7,-4.,41.35));
#19395=CARTESIAN_POINT('',(54.7,-4.,39.35));
#19396=CARTESIAN_POINT('Origin',(49.1,-4.,39.35));
#19397=CARTESIAN_POINT('',(49.1,-4.,39.35));
#19398=CARTESIAN_POINT('',(49.1,-4.,41.35));
#19399=CARTESIAN_POINT('Origin',(51.9,0.,41.35));
#19400=CARTESIAN_POINT('Origin',(51.9,0.,39.35));
#19401=CARTESIAN_POINT('',(0.,0.,0.));
#19402=CARTESIAN_POINT('Origin',(70.,8.,4.));
#19403=CARTESIAN_POINT('',(71.25,8.,4.));
#19404=CARTESIAN_POINT('Origin',(70.,8.,4.));
#19405=CARTESIAN_POINT('',(71.25,8.,29.));
#19406=CARTESIAN_POINT('',(71.25,8.,4.));
#19407=CARTESIAN_POINT('Origin',(70.,8.,29.));
#19408=CARTESIAN_POINT('Origin',(70.,8.,29.));
#19409=CARTESIAN_POINT('Origin',(70.,-8.,4.));
#19410=CARTESIAN_POINT('',(71.25,-8.,4.));
#19411=CARTESIAN_POINT('Origin',(70.,-8.,4.));
#19412=CARTESIAN_POINT('',(71.25,-8.,29.));
#19413=CARTESIAN_POINT('',(71.25,-8.,4.));
#19414=CARTESIAN_POINT('Origin',(70.,-8.,29.));
#19415=CARTESIAN_POINT('Origin',(70.,-8.,29.));
#19416=CARTESIAN_POINT('Origin',(60.,10.,29.));
#19417=CARTESIAN_POINT('',(61.5,10.,29.));
#19418=CARTESIAN_POINT('Origin',(60.,10.,29.));
#19419=CARTESIAN_POINT('',(61.5,10.,32.));
#19420=CARTESIAN_POINT('',(61.5,10.,29.));
#19421=CARTESIAN_POINT('Origin',(60.,10.,32.));
#19422=CARTESIAN_POINT('Origin',(60.,10.,29.));
#19423=CARTESIAN_POINT('',(61.5,10.,45.));
#19424=CARTESIAN_POINT('Origin',(60.,10.,45.));
#19425=CARTESIAN_POINT('',(61.5,10.,49.));
#19426=CARTESIAN_POINT('',(61.5,10.,29.));
#19427=CARTESIAN_POINT('Origin',(60.,10.,49.));
#19428=CARTESIAN_POINT('Origin',(60.,10.,29.));
#19429=CARTESIAN_POINT('Origin',(60.,-10.,29.));
#19430=CARTESIAN_POINT('',(61.5,-10.,29.));
#19431=CARTESIAN_POINT('Origin',(60.,-10.,29.));
#19432=CARTESIAN_POINT('',(61.5,-10.,32.));
#19433=CARTESIAN_POINT('',(61.5,-10.,29.));
#19434=CARTESIAN_POINT('Origin',(60.,-10.,32.));
#19435=CARTESIAN_POINT('Origin',(60.,-10.,29.));
#19436=CARTESIAN_POINT('',(61.5,-10.,45.));
#19437=CARTESIAN_POINT('Origin',(60.,-10.,45.));
#19438=CARTESIAN_POINT('',(61.5,-10.,49.));
#19439=CARTESIAN_POINT('',(61.5,-10.,29.));
#19440=CARTESIAN_POINT('Origin',(60.,-10.,49.));
#19441=CARTESIAN_POINT('Origin',(60.,-10.,29.));
#19442=CARTESIAN_POINT('Origin',(59.,0.,45.));
#19443=CARTESIAN_POINT('',(67.,-14.,45.));
#19444=CARTESIAN_POINT('',(67.,14.,45.));
#19445=CARTESIAN_POINT('',(67.,7.,45.));
#19446=CARTESIAN_POINT('',(50.,-14.,45.));
#19447=CARTESIAN_POINT('',(50.,-14.,45.));
#19448=CARTESIAN_POINT('',(50.,14.,45.));
#19449=CARTESIAN_POINT('',(50.,14.,45.));
#19450=CARTESIAN_POINT('',(68.,14.,45.));
#19451=CARTESIAN_POINT('Origin',(50.,14.,45.));
#19452=CARTESIAN_POINT('',(50.,-14.,49.));
#19453=CARTESIAN_POINT('',(50.,-14.,45.));
#19454=CARTESIAN_POINT('',(50.,14.,49.));
#19455=CARTESIAN_POINT('',(50.,14.,49.));
#19456=CARTESIAN_POINT('',(50.,14.,45.));
#19457=CARTESIAN_POINT('Origin',(70.,0.,49.));
#19458=CARTESIAN_POINT('',(73.,-14.,49.));
#19459=CARTESIAN_POINT('',(50.,-14.,49.));
#19460=CARTESIAN_POINT('',(73.,14.,49.));
#19461=CARTESIAN_POINT('',(73.,-14.,49.));
#19462=CARTESIAN_POINT('',(73.,14.,49.));
#19463=CARTESIAN_POINT('Origin',(67.,-14.,4.));
#19464=CARTESIAN_POINT('',(67.,-14.,32.));
#19465=CARTESIAN_POINT('',(67.,-14.,4.));
#19466=CARTESIAN_POINT('',(50.,-14.,32.));
#19467=CARTESIAN_POINT('',(50.,-14.,32.));
#19468=CARTESIAN_POINT('',(50.,-14.,28.));
#19469=CARTESIAN_POINT('',(50.,-14.,28.));
#19470=CARTESIAN_POINT('',(67.,-14.,28.));
#19471=CARTESIAN_POINT('',(50.,-14.,28.));
#19472=CARTESIAN_POINT('',(67.,-14.,4.));
#19473=CARTESIAN_POINT('',(67.,-14.,4.));
#19474=CARTESIAN_POINT('',(73.,-14.,4.));
#19475=CARTESIAN_POINT('',(67.,-14.,4.));
#19476=CARTESIAN_POINT('',(73.,-14.,4.));
#19477=CARTESIAN_POINT('Origin',(59.,0.,28.));
#19478=CARTESIAN_POINT('',(67.,14.,28.));
#19479=CARTESIAN_POINT('',(67.,7.,28.));
#19480=CARTESIAN_POINT('',(50.,14.,28.));
#19481=CARTESIAN_POINT('',(50.,14.,28.));
#19482=CARTESIAN_POINT('',(68.,14.,28.));
#19483=CARTESIAN_POINT('Origin',(50.,14.,28.));
#19484=CARTESIAN_POINT('',(50.,14.,32.));
#19485=CARTESIAN_POINT('',(50.,14.,32.));
#19486=CARTESIAN_POINT('',(50.,14.,28.));
#19487=CARTESIAN_POINT('Origin',(59.,0.,32.));
#19488=CARTESIAN_POINT('',(67.,14.,32.));
#19489=CARTESIAN_POINT('',(67.,7.,32.));
#19490=CARTESIAN_POINT('',(68.,14.,32.));
#19491=CARTESIAN_POINT('Origin',(73.,14.,4.));
#19492=CARTESIAN_POINT('',(73.,14.,4.));
#19493=CARTESIAN_POINT('',(73.,14.,4.));
#19494=CARTESIAN_POINT('',(67.,14.,4.));
#19495=CARTESIAN_POINT('',(73.,14.,4.));
#19496=CARTESIAN_POINT('',(67.,14.,4.));
#19497=CARTESIAN_POINT('',(67.,14.,4.));
#19498=CARTESIAN_POINT('Origin',(67.,14.,4.));
#19499=CARTESIAN_POINT('Origin',(67.,14.,4.));
#19500=CARTESIAN_POINT('',(67.,14.,4.));
#19501=CARTESIAN_POINT('Origin',(73.,-14.,4.));
#19502=CARTESIAN_POINT('',(73.,-14.,4.));
#19503=CARTESIAN_POINT('Origin',(70.,0.,4.));
#19504=CARTESIAN_POINT('',(0.,0.,0.));
#19505=CARTESIAN_POINT('Origin',(-86.,0.,3.));
#19506=CARTESIAN_POINT('',(-83.9,2.57175827820945E-16,3.));
#19507=CARTESIAN_POINT('Origin',(-86.,0.,3.));
#19508=CARTESIAN_POINT('',(-83.9,2.57175827820945E-16,65.));
#19509=CARTESIAN_POINT('',(-83.9,2.57175827820945E-16,3.));
#19510=CARTESIAN_POINT('Origin',(-86.,0.,65.));
#19511=CARTESIAN_POINT('Origin',(7.5,7.5,63.));
#19512=CARTESIAN_POINT('',(8.6,7.5,63.));
#19513=CARTESIAN_POINT('Origin',(7.5,7.5,63.));
#19514=CARTESIAN_POINT('',(8.6,7.5,65.));
#19515=CARTESIAN_POINT('',(8.6,7.5,63.));
#19516=CARTESIAN_POINT('Origin',(7.5,7.5,65.));
#19517=CARTESIAN_POINT('Origin',(7.5,-7.5,63.));
#19518=CARTESIAN_POINT('',(8.6,-7.5,63.));
#19519=CARTESIAN_POINT('Origin',(7.5,-7.5,63.));
#19520=CARTESIAN_POINT('',(8.6,-7.5,65.));
#19521=CARTESIAN_POINT('',(8.6,-7.5,63.));
#19522=CARTESIAN_POINT('Origin',(7.5,-7.5,65.));
#19523=CARTESIAN_POINT('Origin',(-7.5,7.5,63.));
#19524=CARTESIAN_POINT('',(-6.4,7.5,63.));
#19525=CARTESIAN_POINT('Origin',(-7.5,7.5,63.));
#19526=CARTESIAN_POINT('',(-6.4,7.5,65.));
#19527=CARTESIAN_POINT('',(-6.4,7.5,63.));
#19528=CARTESIAN_POINT('Origin',(-7.5,7.5,65.));
#19529=CARTESIAN_POINT('Origin',(-7.5,-7.5,63.));
#19530=CARTESIAN_POINT('',(-6.4,-7.5,63.));
#19531=CARTESIAN_POINT('Origin',(-7.5,-7.5,63.));
#19532=CARTESIAN_POINT('',(-6.4,-7.5,65.));
#19533=CARTESIAN_POINT('',(-6.4,-7.5,63.));
#19534=CARTESIAN_POINT('Origin',(-7.5,-7.5,65.));
#19535=CARTESIAN_POINT('Origin',(-83.,-5.,3.));
#19536=CARTESIAN_POINT('',(-83.,-5.,63.));
#19537=CARTESIAN_POINT('',(-83.,5.,63.));
#19538=CARTESIAN_POINT('',(-83.,-2.5,63.));
#19539=CARTESIAN_POINT('',(-83.,-5.,3.));
#19540=CARTESIAN_POINT('',(-83.,-5.,3.));
#19541=CARTESIAN_POINT('',(-83.,5.,3.));
#19542=CARTESIAN_POINT('',(-83.,-5.,3.));
#19543=CARTESIAN_POINT('',(-83.,5.,3.));
#19544=CARTESIAN_POINT('Origin',(-86.,0.,3.));
#19545=CARTESIAN_POINT('',(-89.,-5.,3.));
#19546=CARTESIAN_POINT('',(-89.,-5.,3.));
#19547=CARTESIAN_POINT('',(-89.,5.,3.));
#19548=CARTESIAN_POINT('',(-89.,5.,3.));
#19549=CARTESIAN_POINT('',(-83.,5.,3.));
#19550=CARTESIAN_POINT('Origin',(-13.,5.,63.));
#19551=CARTESIAN_POINT('',(-14.142135623731,5.,65.));
#19552=CARTESIAN_POINT('',(-89.,5.,65.));
#19553=CARTESIAN_POINT('',(-13.,5.,65.));
#19554=CARTESIAN_POINT('',(-14.142135623731,5.,63.));
#19555=CARTESIAN_POINT('',(-14.142135623731,5.,63.));
#19556=CARTESIAN_POINT('',(-13.,5.,63.));
#19557=CARTESIAN_POINT('',(-89.,5.,63.));
#19558=CARTESIAN_POINT('Origin',(-1.13994576067134E-15,-2.46716227694479E-16,
65.));
#19559=CARTESIAN_POINT('',(-89.,-5.,65.));
#19560=CARTESIAN_POINT('',(-14.142135623731,-5.,65.));
#19561=CARTESIAN_POINT('',(-89.,-5.,65.));
#19562=CARTESIAN_POINT('Origin',(0.,0.,65.));
#19563=CARTESIAN_POINT('',(-89.,5.,65.));
#19564=CARTESIAN_POINT('',(8.,9.79717439317883E-16,65.));
#19565=CARTESIAN_POINT('Origin',(0.,0.,65.));
#19566=CARTESIAN_POINT('Origin',(-89.,-5.,63.));
#19567=CARTESIAN_POINT('',(-14.142135623731,-5.,63.));
#19568=CARTESIAN_POINT('',(-89.,-5.,63.));
#19569=CARTESIAN_POINT('',(-14.142135623731,-5.,63.));
#19570=CARTESIAN_POINT('',(-89.,-5.,3.));
#19571=CARTESIAN_POINT('Origin',(-89.,5.,63.));
#19572=CARTESIAN_POINT('Origin',(0.,0.,63.));
#19573=CARTESIAN_POINT('',(8.,9.79717439317883E-16,63.));
#19574=CARTESIAN_POINT('Origin',(0.,0.,63.));
#19575=CARTESIAN_POINT('',(8.,9.79717439317883E-16,63.));
#19576=CARTESIAN_POINT('Origin',(0.,0.,63.));
#19577=CARTESIAN_POINT('Origin',(0.,0.,63.));
#19578=CARTESIAN_POINT('Origin',(-1.13994576067134E-15,-2.46716227694479E-16,
63.));
#19579=CARTESIAN_POINT('',(0.,0.,0.));
#19580=CARTESIAN_POINT('Origin',(75.,-40.,0.));
#19581=CARTESIAN_POINT('',(75.,-40.,0.));
#19582=CARTESIAN_POINT('',(75.,-85.,0.));
#19583=CARTESIAN_POINT('',(75.,-40.,0.));
#19584=CARTESIAN_POINT('',(75.,-85.,3.));
#19585=CARTESIAN_POINT('',(75.,-85.,0.));
#19586=CARTESIAN_POINT('',(75.,-40.,3.));
#19587=CARTESIAN_POINT('',(75.,-40.,3.));
#19588=CARTESIAN_POINT('',(75.,-40.,0.));
#19589=CARTESIAN_POINT('Origin',(81.,-40.,0.));
#19590=CARTESIAN_POINT('',(81.,-40.,0.));
#19591=CARTESIAN_POINT('',(81.,-40.,0.));
#19592=CARTESIAN_POINT('',(81.,-40.,3.));
#19593=CARTESIAN_POINT('',(81.,-40.,3.));
#19594=CARTESIAN_POINT('',(81.,-40.,0.));
#19595=CARTESIAN_POINT('Origin',(81.,-85.,0.));
#19596=CARTESIAN_POINT('',(81.,-85.,0.));
#19597=CARTESIAN_POINT('',(81.,-85.,0.));
#19598=CARTESIAN_POINT('',(81.,-85.,3.));
#19599=CARTESIAN_POINT('',(81.,-85.,3.));
#19600=CARTESIAN_POINT('',(81.,-85.,0.));
#19601=CARTESIAN_POINT('Origin',(75.,-85.,0.));
#19602=CARTESIAN_POINT('',(75.,-85.,0.));
#19603=CARTESIAN_POINT('',(75.,-85.,3.));
#19604=CARTESIAN_POINT('Origin',(78.,-62.5,3.));
#19605=CARTESIAN_POINT('Origin',(78.,-62.5,0.));
#19606=CARTESIAN_POINT('Origin',(70.,8.,0.));
#19607=CARTESIAN_POINT('',(71.6,8.,0.));
#19608=CARTESIAN_POINT('Origin',(70.,8.,0.));
#19609=CARTESIAN_POINT('',(71.6,8.,3.));
#19610=CARTESIAN_POINT('',(71.6,8.,0.));
#19611=CARTESIAN_POINT('Origin',(70.,8.,3.));
#19612=CARTESIAN_POINT('Origin',(70.,-8.,0.));
#19613=CARTESIAN_POINT('',(71.6,-8.,0.));
#19614=CARTESIAN_POINT('Origin',(70.,-8.,0.));
#19615=CARTESIAN_POINT('',(71.6,-8.,3.));
#19616=CARTESIAN_POINT('',(71.6,-8.,0.));
#19617=CARTESIAN_POINT('Origin',(70.,-8.,3.));
#19618=CARTESIAN_POINT('Origin',(15.,15.,0.));
#19619=CARTESIAN_POINT('',(16.6,15.,0.));
#19620=CARTESIAN_POINT('Origin',(15.,15.,0.));
#19621=CARTESIAN_POINT('',(16.6,15.,3.));
#19622=CARTESIAN_POINT('',(16.6,15.,0.));
#19623=CARTESIAN_POINT('Origin',(15.,15.,3.));
#19624=CARTESIAN_POINT('Origin',(15.,-15.,0.));
#19625=CARTESIAN_POINT('',(16.6,-15.,0.));
#19626=CARTESIAN_POINT('Origin',(15.,-15.,0.));
#19627=CARTESIAN_POINT('',(16.6,-15.,3.));
#19628=CARTESIAN_POINT('',(16.6,-15.,0.));
#19629=CARTESIAN_POINT('Origin',(15.,-15.,3.));
#19630=CARTESIAN_POINT('Origin',(-15.,15.,0.));
#19631=CARTESIAN_POINT('',(-13.4,15.,0.));
#19632=CARTESIAN_POINT('Origin',(-15.,15.,0.));
#19633=CARTESIAN_POINT('',(-13.4,15.,3.));
#19634=CARTESIAN_POINT('',(-13.4,15.,0.));
#19635=CARTESIAN_POINT('Origin',(-15.,15.,3.));
#19636=CARTESIAN_POINT('Origin',(-15.,-15.,0.));
#19637=CARTESIAN_POINT('',(-13.4,-15.,0.));
#19638=CARTESIAN_POINT('Origin',(-15.,-15.,0.));
#19639=CARTESIAN_POINT('',(-13.4,-15.,3.));
#19640=CARTESIAN_POINT('',(-13.4,-15.,0.));
#19641=CARTESIAN_POINT('Origin',(-15.,-15.,3.));
#19642=CARTESIAN_POINT('Origin',(0.,0.,0.));
#19643=CARTESIAN_POINT('',(7.,8.57252759403147E-16,0.));
#19644=CARTESIAN_POINT('Origin',(0.,0.,0.));
#19645=CARTESIAN_POINT('',(7.,8.57252759403147E-16,3.));
#19646=CARTESIAN_POINT('',(7.,8.57252759403147E-16,0.));
#19647=CARTESIAN_POINT('Origin',(0.,0.,3.));
#19648=CARTESIAN_POINT('Origin',(62.,14.,0.));
#19649=CARTESIAN_POINT('',(62.,3.,3.));
#19650=CARTESIAN_POINT('',(62.,3.,0.));
#19651=CARTESIAN_POINT('',(62.,3.,0.));
#19652=CARTESIAN_POINT('',(62.,14.,3.));
#19653=CARTESIAN_POINT('',(62.,14.,3.));
#19654=CARTESIAN_POINT('',(62.,14.,0.));
#19655=CARTESIAN_POINT('',(62.,14.,0.));
#19656=CARTESIAN_POINT('',(62.,14.,0.));
#19657=CARTESIAN_POINT('Origin',(62.,14.,0.));
#19658=CARTESIAN_POINT('',(62.,-3.,0.));
#19659=CARTESIAN_POINT('',(62.,-3.,3.));
#19660=CARTESIAN_POINT('',(62.,-3.,0.));
#19661=CARTESIAN_POINT('',(62.,-28.,0.));
#19662=CARTESIAN_POINT('',(62.,14.,0.));
#19663=CARTESIAN_POINT('',(62.,-28.,3.));
#19664=CARTESIAN_POINT('',(62.,-28.,0.));
#19665=CARTESIAN_POINT('',(62.,14.,3.));
#19666=CARTESIAN_POINT('Origin',(78.,-28.,0.));
#19667=CARTESIAN_POINT('',(78.,3.,0.));
#19668=CARTESIAN_POINT('',(78.,3.,3.));
#19669=CARTESIAN_POINT('',(78.,3.,0.));
#19670=CARTESIAN_POINT('',(78.,14.,0.));
#19671=CARTESIAN_POINT('',(78.,-28.,0.));
#19672=CARTESIAN_POINT('',(78.,14.,3.));
#19673=CARTESIAN_POINT('',(78.,14.,0.));
#19674=CARTESIAN_POINT('',(78.,-28.,3.));
#19675=CARTESIAN_POINT('Origin',(78.,14.,0.));
#19676=CARTESIAN_POINT('',(78.,14.,0.));
#19677=CARTESIAN_POINT('',(78.,14.,3.));
#19678=CARTESIAN_POINT('Origin',(78.,-28.,0.));
#19679=CARTESIAN_POINT('',(78.,-3.,3.));
#19680=CARTESIAN_POINT('',(78.,-3.,0.));
#19681=CARTESIAN_POINT('',(78.,-3.,0.));
#19682=CARTESIAN_POINT('',(78.,-28.,3.));
#19683=CARTESIAN_POINT('',(78.,-28.,3.));
#19684=CARTESIAN_POINT('',(78.,-28.,0.));
#19685=CARTESIAN_POINT('',(78.,-28.,0.));
#19686=CARTESIAN_POINT('',(78.,-28.,0.));
#19687=CARTESIAN_POINT('Origin',(62.,-28.,0.));
#19688=CARTESIAN_POINT('',(62.,-28.,0.));
#19689=CARTESIAN_POINT('',(62.,-28.,3.));
#19690=CARTESIAN_POINT('Origin',(-90.,-3.,0.));
#19691=CARTESIAN_POINT('',(90.,-3.,0.));
#19692=CARTESIAN_POINT('',(-90.,-3.,0.));
#19693=CARTESIAN_POINT('',(90.,-3.,3.));
#19694=CARTESIAN_POINT('',(90.,-3.,0.));
#19695=CARTESIAN_POINT('',(-90.,-3.,3.));
#19696=CARTESIAN_POINT('Origin',(0.,0.,3.));
#19697=CARTESIAN_POINT('',(20.,3.,3.));
#19698=CARTESIAN_POINT('',(90.,3.,3.));
#19699=CARTESIAN_POINT('',(20.,20.,3.));
#19700=CARTESIAN_POINT('',(20.,-20.,3.));
#19701=CARTESIAN_POINT('',(3.,20.,3.));
#19702=CARTESIAN_POINT('',(20.,20.,3.));
#19703=CARTESIAN_POINT('',(3.,58.,3.));
#19704=CARTESIAN_POINT('',(3.,-90.,3.));
#19705=CARTESIAN_POINT('',(62.5,58.,3.));
#19706=CARTESIAN_POINT('',(-62.5,58.,3.));
#19707=CARTESIAN_POINT('',(62.5,62.,3.));
#19708=CARTESIAN_POINT('',(62.5,58.,3.));
#19709=CARTESIAN_POINT('',(3.,62.,3.));
#19710=CARTESIAN_POINT('',(62.5,62.,3.));
#19711=CARTESIAN_POINT('',(3.,90.,3.));
#19712=CARTESIAN_POINT('',(3.,-90.,3.));
#19713=CARTESIAN_POINT('',(-3.,90.,3.));
#19714=CARTESIAN_POINT('',(3.,90.,3.));
#19715=CARTESIAN_POINT('',(-3.,62.,3.));
#19716=CARTESIAN_POINT('',(-3.,90.,3.));
#19717=CARTESIAN_POINT('',(-62.5,62.,3.));
#19718=CARTESIAN_POINT('',(62.5,62.,3.));
#19719=CARTESIAN_POINT('',(-62.5,58.,3.));
#19720=CARTESIAN_POINT('',(-62.5,62.,3.));
#19721=CARTESIAN_POINT('',(-3.,58.,3.));
#19722=CARTESIAN_POINT('',(-62.5,58.,3.));
#19723=CARTESIAN_POINT('',(-3.,20.,3.));
#19724=CARTESIAN_POINT('',(-3.,90.,3.));
#19725=CARTESIAN_POINT('',(-20.,20.,3.));
#19726=CARTESIAN_POINT('',(20.,20.,3.));
#19727=CARTESIAN_POINT('',(-20.,3.,3.));
#19728=CARTESIAN_POINT('',(-20.,20.,3.));
#19729=CARTESIAN_POINT('',(-90.,3.,3.));
#19730=CARTESIAN_POINT('',(90.,3.,3.));
#19731=CARTESIAN_POINT('',(-90.,-3.,3.));
#19732=CARTESIAN_POINT('',(-90.,3.,3.));
#19733=CARTESIAN_POINT('',(-20.,-3.,3.));
#19734=CARTESIAN_POINT('',(-90.,-3.,3.));
#19735=CARTESIAN_POINT('',(-20.,-20.,3.));
#19736=CARTESIAN_POINT('',(-20.,20.,3.));
#19737=CARTESIAN_POINT('',(-3.,-20.,3.));
#19738=CARTESIAN_POINT('',(-20.,-20.,3.));
#19739=CARTESIAN_POINT('',(-3.,-58.,3.));
#19740=CARTESIAN_POINT('',(-3.,90.,3.));
#19741=CARTESIAN_POINT('',(-62.5,-58.,3.));
#19742=CARTESIAN_POINT('',(62.5,-58.,3.));
#19743=CARTESIAN_POINT('',(-62.5,-62.,3.));
#19744=CARTESIAN_POINT('',(-62.5,-58.,3.));
#19745=CARTESIAN_POINT('',(-3.,-62.,3.));
#19746=CARTESIAN_POINT('',(-62.5,-62.,3.));
#19747=CARTESIAN_POINT('',(-3.,-90.,3.));
#19748=CARTESIAN_POINT('',(-3.,90.,3.));
#19749=CARTESIAN_POINT('',(3.,-90.,3.));
#19750=CARTESIAN_POINT('',(-3.,-90.,3.));
#19751=CARTESIAN_POINT('',(3.,-62.,3.));
#19752=CARTESIAN_POINT('',(3.,-90.,3.));
#19753=CARTESIAN_POINT('',(62.5,-62.,3.));
#19754=CARTESIAN_POINT('',(-62.5,-62.,3.));
#19755=CARTESIAN_POINT('',(62.5,-58.,3.));
#19756=CARTESIAN_POINT('',(62.5,-62.,3.));
#19757=CARTESIAN_POINT('',(3.,-58.,3.));
#19758=CARTESIAN_POINT('',(62.5,-58.,3.));
#19759=CARTESIAN_POINT('',(3.,-20.,3.));
#19760=CARTESIAN_POINT('',(3.,-90.,3.));
#19761=CARTESIAN_POINT('',(20.,-20.,3.));
#19762=CARTESIAN_POINT('',(-20.,-20.,3.));
#19763=CARTESIAN_POINT('',(20.,-3.,3.));
#19764=CARTESIAN_POINT('',(20.,-20.,3.));
#19765=CARTESIAN_POINT('',(-90.,-3.,3.));
#19766=CARTESIAN_POINT('',(90.,3.,3.));
#19767=CARTESIAN_POINT('',(90.,-3.,3.));
#19768=CARTESIAN_POINT('',(90.,3.,3.));
#19769=CARTESIAN_POINT('Origin',(90.,3.,0.));
#19770=CARTESIAN_POINT('',(90.,3.,0.));
#19771=CARTESIAN_POINT('',(90.,3.,0.));
#19772=CARTESIAN_POINT('',(90.,3.,0.));
#19773=CARTESIAN_POINT('Origin',(62.5,62.,0.));
#19774=CARTESIAN_POINT('',(3.,62.,0.));
#19775=CARTESIAN_POINT('',(3.,62.,0.));
#19776=CARTESIAN_POINT('',(62.5,62.,0.));
#19777=CARTESIAN_POINT('',(62.5,62.,0.));
#19778=CARTESIAN_POINT('',(62.5,62.,0.));
#19779=CARTESIAN_POINT('Origin',(-62.5,58.,0.));
#19780=CARTESIAN_POINT('',(3.,58.,0.));
#19781=CARTESIAN_POINT('',(3.,58.,0.));
#19782=CARTESIAN_POINT('',(62.5,58.,0.));
#19783=CARTESIAN_POINT('',(-62.5,58.,0.));
#19784=CARTESIAN_POINT('',(62.5,58.,0.));
#19785=CARTESIAN_POINT('Origin',(-62.5,58.,0.));
#19786=CARTESIAN_POINT('',(-3.,58.,0.));
#19787=CARTESIAN_POINT('',(-3.,58.,0.));
#19788=CARTESIAN_POINT('',(-62.5,58.,0.));
#19789=CARTESIAN_POINT('',(-62.5,58.,0.));
#19790=CARTESIAN_POINT('',(-62.5,58.,0.));
#19791=CARTESIAN_POINT('Origin',(-62.5,62.,0.));
#19792=CARTESIAN_POINT('',(-62.5,62.,0.));
#19793=CARTESIAN_POINT('',(-62.5,62.,0.));
#19794=CARTESIAN_POINT('',(-62.5,62.,0.));
#19795=CARTESIAN_POINT('Origin',(62.5,62.,0.));
#19796=CARTESIAN_POINT('',(-3.,62.,0.));
#19797=CARTESIAN_POINT('',(-3.,62.,0.));
#19798=CARTESIAN_POINT('',(62.5,62.,0.));
#19799=CARTESIAN_POINT('Origin',(62.5,58.,0.));
#19800=CARTESIAN_POINT('',(62.5,58.,0.));
#19801=CARTESIAN_POINT('Origin',(-3.,90.,0.));
#19802=CARTESIAN_POINT('',(-3.,20.,0.));
#19803=CARTESIAN_POINT('',(-3.,90.,0.));
#19804=CARTESIAN_POINT('',(-3.,20.,0.));
#19805=CARTESIAN_POINT('Origin',(-3.,90.,0.));
#19806=CARTESIAN_POINT('',(-3.,90.,0.));
#19807=CARTESIAN_POINT('',(-3.,90.,0.));
#19808=CARTESIAN_POINT('',(-3.,90.,0.));
#19809=CARTESIAN_POINT('Origin',(3.,-90.,0.));
#19810=CARTESIAN_POINT('',(3.,20.,0.));
#19811=CARTESIAN_POINT('',(3.,20.,0.));
#19812=CARTESIAN_POINT('',(3.,-90.,0.));
#19813=CARTESIAN_POINT('Origin',(62.5,-58.,0.));
#19814=CARTESIAN_POINT('',(3.,-58.,0.));
#19815=CARTESIAN_POINT('',(3.,-58.,0.));
#19816=CARTESIAN_POINT('',(62.5,-58.,0.));
#19817=CARTESIAN_POINT('',(62.5,-58.,0.));
#19818=CARTESIAN_POINT('',(62.5,-58.,0.));
#19819=CARTESIAN_POINT('Origin',(-62.5,-62.,0.));
#19820=CARTESIAN_POINT('',(3.,-62.,0.));
#19821=CARTESIAN_POINT('',(3.,-62.,0.));
#19822=CARTESIAN_POINT('',(62.5,-62.,0.));
#19823=CARTESIAN_POINT('',(-62.5,-62.,0.));
#19824=CARTESIAN_POINT('',(62.5,-62.,0.));
#19825=CARTESIAN_POINT('Origin',(-62.5,-62.,0.));
#19826=CARTESIAN_POINT('',(-3.,-62.,0.));
#19827=CARTESIAN_POINT('',(-3.,-62.,0.));
#19828=CARTESIAN_POINT('',(-62.5,-62.,0.));
#19829=CARTESIAN_POINT('',(-62.5,-62.,0.));
#19830=CARTESIAN_POINT('',(-62.5,-62.,0.));
#19831=CARTESIAN_POINT('Origin',(-62.5,-58.,0.));
#19832=CARTESIAN_POINT('',(-62.5,-58.,0.));
#19833=CARTESIAN_POINT('',(-62.5,-58.,0.));
#19834=CARTESIAN_POINT('',(-62.5,-58.,0.));
#19835=CARTESIAN_POINT('Origin',(62.5,-58.,0.));
#19836=CARTESIAN_POINT('',(-3.,-58.,0.));
#19837=CARTESIAN_POINT('',(-3.,-58.,0.));
#19838=CARTESIAN_POINT('',(62.5,-58.,0.));
#19839=CARTESIAN_POINT('Origin',(62.5,-62.,0.));
#19840=CARTESIAN_POINT('',(62.5,-62.,0.));
#19841=CARTESIAN_POINT('Origin',(-3.,90.,0.));
#19842=CARTESIAN_POINT('',(-3.,-90.,0.));
#19843=CARTESIAN_POINT('',(-3.,90.,0.));
#19844=CARTESIAN_POINT('',(-3.,-90.,0.));
#19845=CARTESIAN_POINT('Origin',(-3.,90.,0.));
#19846=CARTESIAN_POINT('',(-3.,-20.,0.));
#19847=CARTESIAN_POINT('',(-3.,-20.,0.));
#19848=CARTESIAN_POINT('',(-3.,90.,0.));
#19849=CARTESIAN_POINT('Origin',(3.,-90.,0.));
#19850=CARTESIAN_POINT('',(3.,-90.,0.));
#19851=CARTESIAN_POINT('',(3.,-90.,0.));
#19852=CARTESIAN_POINT('',(3.,-90.,0.));
#19853=CARTESIAN_POINT('Origin',(20.,20.,0.));
#19854=CARTESIAN_POINT('',(20.,20.,0.));
#19855=CARTESIAN_POINT('',(20.,20.,0.));
#19856=CARTESIAN_POINT('',(20.,20.,0.));
#19857=CARTESIAN_POINT('Origin',(20.,20.,0.));
#19858=CARTESIAN_POINT('',(-20.,20.,0.));
#19859=CARTESIAN_POINT('',(20.,20.,0.));
#19860=CARTESIAN_POINT('',(-20.,20.,0.));
#19861=CARTESIAN_POINT('Origin',(-20.,20.,0.));
#19862=CARTESIAN_POINT('',(-20.,-3.,0.));
#19863=CARTESIAN_POINT('',(-20.,-3.,0.));
#19864=CARTESIAN_POINT('',(-20.,-20.,0.));
#19865=CARTESIAN_POINT('',(-20.,20.,0.));
#19866=CARTESIAN_POINT('',(-20.,-20.,0.));
#19867=CARTESIAN_POINT('Origin',(20.,-20.,0.));
#19868=CARTESIAN_POINT('',(20.,-3.,0.));
#19869=CARTESIAN_POINT('',(20.,-3.,0.));
#19870=CARTESIAN_POINT('',(20.,-20.,0.));
#19871=CARTESIAN_POINT('',(20.,-20.,0.));
#19872=CARTESIAN_POINT('',(20.,-20.,0.));
#19873=CARTESIAN_POINT('Origin',(-20.,-20.,0.));
#19874=CARTESIAN_POINT('',(3.,-20.,0.));
#19875=CARTESIAN_POINT('',(3.,-20.,0.));
#19876=CARTESIAN_POINT('',(-20.,-20.,0.));
#19877=CARTESIAN_POINT('Origin',(-20.,20.,0.));
#19878=CARTESIAN_POINT('',(-20.,3.,0.));
#19879=CARTESIAN_POINT('',(-20.,3.,0.));
#19880=CARTESIAN_POINT('',(-20.,20.,0.));
#19881=CARTESIAN_POINT('Origin',(20.,-20.,0.));
#19882=CARTESIAN_POINT('',(20.,3.,0.));
#19883=CARTESIAN_POINT('',(20.,3.,0.));
#19884=CARTESIAN_POINT('',(20.,-20.,0.));
#19885=CARTESIAN_POINT('Origin',(-20.,-20.,0.));
#19886=CARTESIAN_POINT('',(-20.,-20.,0.));
#19887=CARTESIAN_POINT('Origin',(90.,3.,0.));
#19888=CARTESIAN_POINT('',(-90.,3.,0.));
#19889=CARTESIAN_POINT('',(90.,3.,0.));
#19890=CARTESIAN_POINT('',(-90.,3.,0.));
#19891=CARTESIAN_POINT('Origin',(90.,3.,0.));
#19892=CARTESIAN_POINT('',(90.,3.,0.));
#19893=CARTESIAN_POINT('Origin',(3.,-90.,0.));
#19894=CARTESIAN_POINT('',(3.,-90.,0.));
#19895=CARTESIAN_POINT('Origin',(3.,90.,0.));
#19896=CARTESIAN_POINT('',(3.,90.,0.));
#19897=CARTESIAN_POINT('',(3.,90.,0.));
#19898=CARTESIAN_POINT('',(3.,90.,0.));
#19899=CARTESIAN_POINT('Origin',(3.,-90.,0.));
#19900=CARTESIAN_POINT('',(3.,-90.,0.));
#19901=CARTESIAN_POINT('Origin',(-3.,-90.,0.));
#19902=CARTESIAN_POINT('',(-3.,-90.,0.));
#19903=CARTESIAN_POINT('Origin',(0.,0.,0.));
#19904=CARTESIAN_POINT('',(-90.,-3.,0.));
#19905=CARTESIAN_POINT('',(-90.,-3.,0.));
#19906=CARTESIAN_POINT('',(-90.,-3.,0.));
#19907=CARTESIAN_POINT('',(-90.,3.,0.));
#19908=CARTESIAN_POINT('',(90.,-3.,0.));
#19909=CARTESIAN_POINT('Origin',(-90.,-3.,0.));
#19910=CARTESIAN_POINT('Origin',(-90.,3.,0.));
#19911=CARTESIAN_POINT('',(-90.,-3.,0.));
#19912=CARTESIAN_POINT('Origin',(90.,-3.,0.));
#19913=CARTESIAN_POINT('Origin',(-90.,-3.,0.));
#19914=CARTESIAN_POINT('',(0.,0.,0.));
#19915=CARTESIAN_POINT('Origin',(47.5,-67.5,3.));
#19916=CARTESIAN_POINT('',(42.9389100932942,-67.5,49.));
#19917=CARTESIAN_POINT('',(42.5,-67.5,49.));
#19918=CARTESIAN_POINT('',(23.75,-67.5,49.));
#19919=CARTESIAN_POINT('',(42.9389100932942,-67.5,66.));
#19920=CARTESIAN_POINT('',(42.9389100932942,-67.5,49.));
#19921=CARTESIAN_POINT('',(46.,-67.5,66.));
#19922=CARTESIAN_POINT('',(45.25,-67.5,66.));
#19923=CARTESIAN_POINT('',(47.5,-67.5,66.));
#19924=CARTESIAN_POINT('',(47.5,-67.5,66.));
#19925=CARTESIAN_POINT('',(47.5,-67.5,3.));
#19926=CARTESIAN_POINT('',(47.5,-67.5,3.));
#19927=CARTESIAN_POINT('',(42.5,-67.5,3.));
#19928=CARTESIAN_POINT('',(47.5,-67.5,3.));
#19929=CARTESIAN_POINT('',(42.5,-67.5,3.));
#19930=CARTESIAN_POINT('Origin',(42.5,-67.5,3.));
#19931=CARTESIAN_POINT('',(42.5,-67.7772085586298,49.));
#19932=CARTESIAN_POINT('',(42.5,-33.75,49.));
#19933=CARTESIAN_POINT('',(42.5,-72.5,3.));
#19934=CARTESIAN_POINT('',(42.5,-67.5,3.));
#19935=CARTESIAN_POINT('',(42.5,-72.5,66.));
#19936=CARTESIAN_POINT('',(42.5,-72.5,3.));
#19937=CARTESIAN_POINT('',(42.5,-71.,66.));
#19938=CARTESIAN_POINT('',(42.5,-67.5,66.));
#19939=CARTESIAN_POINT('',(42.5,-67.7772085586298,66.));
#19940=CARTESIAN_POINT('',(42.5,-67.25,66.));
#19941=CARTESIAN_POINT('',(42.5,-67.7772085586298,49.));
#19942=CARTESIAN_POINT('Origin',(47.5,-72.5,3.));
#19943=CARTESIAN_POINT('',(47.5,-72.5,3.));
#19944=CARTESIAN_POINT('',(47.5,-72.5,3.));
#19945=CARTESIAN_POINT('',(47.5,-72.5,66.));
#19946=CARTESIAN_POINT('',(47.5,-72.5,66.));
#19947=CARTESIAN_POINT('',(47.5,-72.5,3.));
#19948=CARTESIAN_POINT('Origin',(42.5,-72.5,3.));
#19949=CARTESIAN_POINT('',(42.5,-72.5,3.));
#19950=CARTESIAN_POINT('',(42.5,-72.5,66.));
#19951=CARTESIAN_POINT('Origin',(45.,-70.,66.));
#19952=CARTESIAN_POINT('',(46.,-71.,66.));
#19953=CARTESIAN_POINT('',(40.,-71.,66.));
#19954=CARTESIAN_POINT('',(46.,-71.,66.));
#19955=CARTESIAN_POINT('Origin',(45.,-70.,3.));
#19956=CARTESIAN_POINT('Origin',(0.,0.,49.));
#19957=CARTESIAN_POINT('',(40.,-69.2820323027551,66.));
#19958=CARTESIAN_POINT('Origin',(0.,0.,66.));
#19959=CARTESIAN_POINT('',(40.,-69.2820323027551,67.5));
#19960=CARTESIAN_POINT('',(40.,-69.2820323027551,49.));
#19961=CARTESIAN_POINT('',(3.,-79.9437302106926,67.5));
#19962=CARTESIAN_POINT('Origin',(0.,0.,67.5));
#19963=CARTESIAN_POINT('',(3.,-79.9437302106926,66.));
#19964=CARTESIAN_POINT('',(3.,-79.9437302106926,49.));
#19965=CARTESIAN_POINT('',(0.,-80.,66.));
#19966=CARTESIAN_POINT('Origin',(0.,0.,66.));
#19967=CARTESIAN_POINT('',(-3.,-79.9437302106926,66.));
#19968=CARTESIAN_POINT('Origin',(0.,0.,66.));
#19969=CARTESIAN_POINT('',(-3.,-79.9437302106926,67.5));
#19970=CARTESIAN_POINT('',(-3.,-79.9437302106926,49.));
#19971=CARTESIAN_POINT('',(-52.,-60.7947366142827,67.5));
#19972=CARTESIAN_POINT('Origin',(0.,0.,67.5));
#19973=CARTESIAN_POINT('',(-52.,-60.7947366142827,66.));
#19974=CARTESIAN_POINT('',(-52.,-60.7947366142827,49.));
#19975=CARTESIAN_POINT('',(-60.7947366142827,-52.,66.));
#19976=CARTESIAN_POINT('Origin',(0.,0.,66.));
#19977=CARTESIAN_POINT('',(-60.7947366142827,-52.,67.5));
#19978=CARTESIAN_POINT('',(-60.7947366142827,-52.,49.));
#19979=CARTESIAN_POINT('',(-79.9437302106926,-3.,67.5));
#19980=CARTESIAN_POINT('Origin',(0.,0.,67.5));
#19981=CARTESIAN_POINT('',(-79.9437302106926,-3.,66.5));
#19982=CARTESIAN_POINT('',(-79.9437302106926,-3.,49.));
#19983=CARTESIAN_POINT('',(-79.7746827007165,-6.,66.5));
#19984=CARTESIAN_POINT('Origin',(0.,0.,66.5));
#19985=CARTESIAN_POINT('',(-79.7746827007165,-6.,62.));
#19986=CARTESIAN_POINT('',(-79.7746827007165,-6.,49.));
#19987=CARTESIAN_POINT('',(-79.7746827007165,6.,62.));
#19988=CARTESIAN_POINT('Origin',(0.,0.,62.));
#19989=CARTESIAN_POINT('',(-79.7746827007165,6.,66.5));
#19990=CARTESIAN_POINT('',(-79.7746827007165,6.,49.));
#19991=CARTESIAN_POINT('',(-79.9437302106926,3.,66.5));
#19992=CARTESIAN_POINT('Origin',(0.,0.,66.5));
#19993=CARTESIAN_POINT('',(-79.9437302106926,3.,67.5));
#19994=CARTESIAN_POINT('',(-79.9437302106926,3.,49.));
#19995=CARTESIAN_POINT('',(-60.7947366142827,52.,67.5));
#19996=CARTESIAN_POINT('Origin',(0.,0.,67.5));
#19997=CARTESIAN_POINT('',(-60.7947366142827,52.,66.));
#19998=CARTESIAN_POINT('',(-60.7947366142827,52.,49.));
#19999=CARTESIAN_POINT('',(-52.,60.7947366142827,66.));
#20000=CARTESIAN_POINT('Origin',(0.,0.,66.));
#20001=CARTESIAN_POINT('',(-52.,60.7947366142827,67.5));
#20002=CARTESIAN_POINT('',(-52.,60.7947366142827,49.));
#20003=CARTESIAN_POINT('',(-3.,79.9437302106926,67.5));
#20004=CARTESIAN_POINT('Origin',(0.,0.,67.5));
#20005=CARTESIAN_POINT('',(-3.,79.9437302106926,66.));
#20006=CARTESIAN_POINT('',(-3.,79.9437302106926,49.));
#20007=CARTESIAN_POINT('',(0.,80.,66.));
#20008=CARTESIAN_POINT('Origin',(0.,0.,66.));
#20009=CARTESIAN_POINT('',(3.,79.9437302106926,66.));
#20010=CARTESIAN_POINT('Origin',(0.,0.,66.));
#20011=CARTESIAN_POINT('',(3.,79.9437302106926,67.5));
#20012=CARTESIAN_POINT('',(3.,79.9437302106926,49.));
#20013=CARTESIAN_POINT('',(52.,60.7947366142827,67.5));
#20014=CARTESIAN_POINT('Origin',(0.,0.,67.5));
#20015=CARTESIAN_POINT('',(52.,60.7947366142827,66.));
#20016=CARTESIAN_POINT('',(52.,60.7947366142827,49.));
#20017=CARTESIAN_POINT('',(60.7947366142827,52.,66.));
#20018=CARTESIAN_POINT('Origin',(0.,0.,66.));
#20019=CARTESIAN_POINT('',(60.7947366142827,52.,67.5));
#20020=CARTESIAN_POINT('',(60.7947366142827,52.,49.));
#20021=CARTESIAN_POINT('',(79.9437302106926,3.,67.5));
#20022=CARTESIAN_POINT('Origin',(0.,0.,67.5));
#20023=CARTESIAN_POINT('',(79.9437302106926,3.,66.));
#20024=CARTESIAN_POINT('',(79.9437302106926,3.,49.));
#20025=CARTESIAN_POINT('',(80.,0.,66.));
#20026=CARTESIAN_POINT('Origin',(0.,0.,66.));
#20027=CARTESIAN_POINT('',(79.9437302106926,-3.,66.));
#20028=CARTESIAN_POINT('Origin',(0.,0.,66.));
#20029=CARTESIAN_POINT('',(79.9437302106926,-3.,67.5));
#20030=CARTESIAN_POINT('',(79.9437302106926,-3.,49.));
#20031=CARTESIAN_POINT('',(60.7947366142827,-52.,67.5));
#20032=CARTESIAN_POINT('Origin',(0.,0.,67.5));
#20033=CARTESIAN_POINT('',(60.7947366142827,-52.,66.));
#20034=CARTESIAN_POINT('',(60.7947366142827,-52.,49.));
#20035=CARTESIAN_POINT('',(52.,-60.7947366142827,66.));
#20036=CARTESIAN_POINT('Origin',(0.,0.,66.));
#20037=CARTESIAN_POINT('',(52.,-60.7947366142827,67.5));
#20038=CARTESIAN_POINT('',(52.,-60.7947366142827,49.));
#20039=CARTESIAN_POINT('',(46.,-65.4522726878143,67.5));
#20040=CARTESIAN_POINT('Origin',(0.,0.,67.5));
#20041=CARTESIAN_POINT('',(46.,-65.4522726878143,66.));
#20042=CARTESIAN_POINT('',(46.,-65.4522726878143,49.));
#20043=CARTESIAN_POINT('Origin',(0.,0.,66.));
#20044=CARTESIAN_POINT('Origin',(0.,0.,49.));
#20045=CARTESIAN_POINT('Origin',(43.,-67.,66.));
#20046=CARTESIAN_POINT('',(46.,-71.,66.));
#20047=CARTESIAN_POINT('Origin',(40.,-63.,66.));
#20048=CARTESIAN_POINT('',(40.,-71.,66.));
#20049=CARTESIAN_POINT('',(40.,-63.,66.));
#20050=CARTESIAN_POINT('',(40.,-71.,67.5));
#20051=CARTESIAN_POINT('',(40.,-71.,66.));
#20052=CARTESIAN_POINT('',(40.,-63.,67.5));
#20053=CARTESIAN_POINT('Origin',(43.,-67.,66.));
#20054=CARTESIAN_POINT('',(40.,-71.,66.));
#20055=CARTESIAN_POINT('Origin',(46.,-71.,66.));
#20056=CARTESIAN_POINT('',(46.,-71.,67.5));
#20057=CARTESIAN_POINT('',(46.,-71.,67.5));
#20058=CARTESIAN_POINT('',(46.,-71.,66.));
#20059=CARTESIAN_POINT('Origin',(40.,-71.,66.));
#20060=CARTESIAN_POINT('',(40.,-71.,67.5));
#20061=CARTESIAN_POINT('Origin',(-3.77702593176532E-15,0.,66.));
#20062=CARTESIAN_POINT('',(46.5993293943164,-62.55,66.));
#20063=CARTESIAN_POINT('',(-77.7688883808943,-6.,66.));
#20064=CARTESIAN_POINT('Origin',(0.,0.,66.));
#20065=CARTESIAN_POINT('',(-73.7563556583431,-6.,66.));
#20066=CARTESIAN_POINT('',(-41.5,-6.,66.));
#20067=CARTESIAN_POINT('',(-52.6497863243527,-52.,66.));
#20068=CARTESIAN_POINT('Origin',(0.,0.,66.));
#20069=CARTESIAN_POINT('',(-52.,-52.,66.));
#20070=CARTESIAN_POINT('',(-52.,-52.,66.));
#20071=CARTESIAN_POINT('',(-52.,-52.6497863243527,66.));
#20072=CARTESIAN_POINT('',(-52.,-62.,66.));
#20073=CARTESIAN_POINT('',(-3.,-73.9391641824548,66.));
#20074=CARTESIAN_POINT('Origin',(0.,0.,66.));
#20075=CARTESIAN_POINT('',(-3.,-11.6189500386223,66.));
#20076=CARTESIAN_POINT('',(-3.,80.,66.));
#20077=CARTESIAN_POINT('',(3.,-11.6189500386223,66.));
#20078=CARTESIAN_POINT('Origin',(0.,0.,66.));
#20079=CARTESIAN_POINT('',(3.,-73.9391641824548,66.));
#20080=CARTESIAN_POINT('',(3.,-80.,66.));
#20081=CARTESIAN_POINT('',(52.,-52.6497863243527,66.));
#20082=CARTESIAN_POINT('Origin',(0.,0.,66.));
#20083=CARTESIAN_POINT('',(52.,-52.,66.));
#20084=CARTESIAN_POINT('',(52.,-52.,66.));
#20085=CARTESIAN_POINT('',(52.6497863243527,-52.,66.));
#20086=CARTESIAN_POINT('',(62.,-52.,66.));
#20087=CARTESIAN_POINT('',(73.9391641824548,-3.,66.));
#20088=CARTESIAN_POINT('Origin',(0.,0.,66.));
#20089=CARTESIAN_POINT('',(11.6189500386223,-3.,66.));
#20090=CARTESIAN_POINT('',(-80.,-3.,66.));
#20091=CARTESIAN_POINT('',(11.6189500386223,3.,66.));
#20092=CARTESIAN_POINT('Origin',(0.,0.,66.));
#20093=CARTESIAN_POINT('',(73.9391641824548,3.,66.));
#20094=CARTESIAN_POINT('',(80.,3.,66.));
#20095=CARTESIAN_POINT('',(52.6497863243527,52.,66.));
#20096=CARTESIAN_POINT('Origin',(0.,0.,66.));
#20097=CARTESIAN_POINT('',(52.,52.,66.));
#20098=CARTESIAN_POINT('',(52.,52.,66.));
#20099=CARTESIAN_POINT('',(52.,52.6497863243527,66.));
#20100=CARTESIAN_POINT('',(52.,62.,66.));
#20101=CARTESIAN_POINT('',(3.,73.9391641824548,66.));
#20102=CARTESIAN_POINT('Origin',(0.,0.,66.));
#20103=CARTESIAN_POINT('',(3.,11.6189500386223,66.));
#20104=CARTESIAN_POINT('',(3.,-80.,66.));
#20105=CARTESIAN_POINT('',(-3.,11.6189500386223,66.));
#20106=CARTESIAN_POINT('Origin',(0.,0.,66.));
#20107=CARTESIAN_POINT('',(-3.,73.9391641824548,66.));
#20108=CARTESIAN_POINT('',(-3.,80.,66.));
#20109=CARTESIAN_POINT('',(-52.,52.6497863243527,66.));
#20110=CARTESIAN_POINT('Origin',(0.,0.,66.));
#20111=CARTESIAN_POINT('',(-52.,52.,66.));
#20112=CARTESIAN_POINT('',(-52.,52.,66.));
#20113=CARTESIAN_POINT('',(-52.6497863243527,52.,66.));
#20114=CARTESIAN_POINT('',(-62.,52.,66.));
#20115=CARTESIAN_POINT('',(-73.7563556583431,6.,66.));
#20116=CARTESIAN_POINT('Origin',(0.,0.,66.));
#20117=CARTESIAN_POINT('',(-77.7688883808943,6.,66.));
#20118=CARTESIAN_POINT('',(-36.5,6.,66.));
#20119=CARTESIAN_POINT('',(47.55,-61.8303930118514,66.));
#20120=CARTESIAN_POINT('Origin',(0.,0.,66.));
#20121=CARTESIAN_POINT('',(47.55,-62.55,66.));
#20122=CARTESIAN_POINT('',(47.55,-62.55,66.));
#20123=CARTESIAN_POINT('',(42.45,-62.55,66.));
#20124=CARTESIAN_POINT('Origin',(60.,60.,67.5));
#20125=CARTESIAN_POINT('',(52.,-62.,67.5));
#20126=CARTESIAN_POINT('',(52.,-52.,67.5));
#20127=CARTESIAN_POINT('',(57.5,-62.,67.5));
#20128=CARTESIAN_POINT('',(52.,-62.,67.5));
#20129=CARTESIAN_POINT('',(57.5,-62.5,67.5));
#20130=CARTESIAN_POINT('',(57.5,-57.5,67.5));
#20131=CARTESIAN_POINT('',(62.5,-62.5,67.5));
#20132=CARTESIAN_POINT('',(57.5,-62.5,67.5));
#20133=CARTESIAN_POINT('',(62.5,-57.5,67.5));
#20134=CARTESIAN_POINT('',(62.5,-62.5,67.5));
#20135=CARTESIAN_POINT('',(62.,-57.5,67.5));
#20136=CARTESIAN_POINT('',(62.5,-57.5,67.5));
#20137=CARTESIAN_POINT('',(62.,-52.,67.5));
#20138=CARTESIAN_POINT('',(62.,-62.,67.5));
#20139=CARTESIAN_POINT('',(62.,-52.,67.5));
#20140=CARTESIAN_POINT('',(80.,-3.,67.5));
#20141=CARTESIAN_POINT('',(-80.,-3.,67.5));
#20142=CARTESIAN_POINT('',(80.,3.,67.5));
#20143=CARTESIAN_POINT('',(80.,-3.,67.5));
#20144=CARTESIAN_POINT('',(80.,3.,67.5));
#20145=CARTESIAN_POINT('',(62.,52.,67.5));
#20146=CARTESIAN_POINT('',(52.,52.,67.5));
#20147=CARTESIAN_POINT('',(62.,57.5,67.5));
#20148=CARTESIAN_POINT('',(62.,52.,67.5));
#20149=CARTESIAN_POINT('',(62.5,57.5,67.5));
#20150=CARTESIAN_POINT('',(57.5,57.5,67.5));
#20151=CARTESIAN_POINT('',(62.5,62.5,67.5));
#20152=CARTESIAN_POINT('',(62.5,57.5,67.5));
#20153=CARTESIAN_POINT('',(57.5,62.5,67.5));
#20154=CARTESIAN_POINT('',(62.5,62.5,67.5));
#20155=CARTESIAN_POINT('',(57.5,62.,67.5));
#20156=CARTESIAN_POINT('',(57.5,62.5,67.5));
#20157=CARTESIAN_POINT('',(52.,62.,67.5));
#20158=CARTESIAN_POINT('',(62.,62.,67.5));
#20159=CARTESIAN_POINT('',(52.,62.,67.5));
#20160=CARTESIAN_POINT('',(3.,80.,67.5));
#20161=CARTESIAN_POINT('',(3.,-80.,67.5));
#20162=CARTESIAN_POINT('',(-3.,80.,67.5));
#20163=CARTESIAN_POINT('',(3.,80.,67.5));
#20164=CARTESIAN_POINT('',(-3.,80.,67.5));
#20165=CARTESIAN_POINT('',(-52.,62.,67.5));
#20166=CARTESIAN_POINT('',(-52.,52.,67.5));
#20167=CARTESIAN_POINT('',(-57.5,62.,67.5));
#20168=CARTESIAN_POINT('',(-52.,62.,67.5));
#20169=CARTESIAN_POINT('',(-57.5,62.5,67.5));
#20170=CARTESIAN_POINT('',(-57.5,57.5,67.5));
#20171=CARTESIAN_POINT('',(-62.5,62.5,67.5));
#20172=CARTESIAN_POINT('',(-57.5,62.5,67.5));
#20173=CARTESIAN_POINT('',(-62.5,57.5,67.5));
#20174=CARTESIAN_POINT('',(-62.5,62.5,67.5));
#20175=CARTESIAN_POINT('',(-62.,57.5,67.5));
#20176=CARTESIAN_POINT('',(-62.5,57.5,67.5));
#20177=CARTESIAN_POINT('',(-62.,52.,67.5));
#20178=CARTESIAN_POINT('',(-62.,62.,67.5));
#20179=CARTESIAN_POINT('',(-62.,52.,67.5));
#20180=CARTESIAN_POINT('',(-80.,3.,67.5));
#20181=CARTESIAN_POINT('',(80.,3.,67.5));
#20182=CARTESIAN_POINT('',(-80.,-3.,67.5));
#20183=CARTESIAN_POINT('',(-80.,3.,67.5));
#20184=CARTESIAN_POINT('',(-80.,-3.,67.5));
#20185=CARTESIAN_POINT('',(-62.,-52.,67.5));
#20186=CARTESIAN_POINT('',(-52.,-52.,67.5));
#20187=CARTESIAN_POINT('',(-62.,-57.5,67.5));
#20188=CARTESIAN_POINT('',(-62.,-52.,67.5));
#20189=CARTESIAN_POINT('',(-62.5,-57.5,67.5));
#20190=CARTESIAN_POINT('',(-57.5,-57.5,67.5));
#20191=CARTESIAN_POINT('',(-62.5,-62.5,67.5));
#20192=CARTESIAN_POINT('',(-62.5,-57.5,67.5));
#20193=CARTESIAN_POINT('',(-57.5,-62.5,67.5));
#20194=CARTESIAN_POINT('',(-62.5,-62.5,67.5));
#20195=CARTESIAN_POINT('',(-57.5,-62.,67.5));
#20196=CARTESIAN_POINT('',(-57.5,-62.5,67.5));
#20197=CARTESIAN_POINT('',(-52.,-62.,67.5));
#20198=CARTESIAN_POINT('',(-62.,-62.,67.5));
#20199=CARTESIAN_POINT('',(-52.,-62.,67.5));
#20200=CARTESIAN_POINT('',(-3.,-80.,67.5));
#20201=CARTESIAN_POINT('',(-3.,80.,67.5));
#20202=CARTESIAN_POINT('',(3.,-80.,67.5));
#20203=CARTESIAN_POINT('',(-3.,-80.,67.5));
#20204=CARTESIAN_POINT('',(3.,-80.,67.5));
#20205=CARTESIAN_POINT('',(52.6497863243527,52.,67.5));
#20206=CARTESIAN_POINT('',(73.9391641824548,3.,67.5));
#20207=CARTESIAN_POINT('Origin',(0.,0.,67.5));
#20208=CARTESIAN_POINT('',(11.6189500386223,3.,67.5));
#20209=CARTESIAN_POINT('',(80.,3.,67.5));
#20210=CARTESIAN_POINT('',(11.6189500386223,-3.,67.5));
#20211=CARTESIAN_POINT('Origin',(0.,0.,67.5));
#20212=CARTESIAN_POINT('',(73.9391641824548,-3.,67.5));
#20213=CARTESIAN_POINT('',(-80.,-3.,67.5));
#20214=CARTESIAN_POINT('',(52.6497863243527,-52.,67.5));
#20215=CARTESIAN_POINT('Origin',(0.,0.,67.5));
#20216=CARTESIAN_POINT('',(52.,-52.,67.5));
#20217=CARTESIAN_POINT('',(62.,-52.,67.5));
#20218=CARTESIAN_POINT('',(52.,-52.6497863243527,67.5));
#20219=CARTESIAN_POINT('',(52.,-52.,67.5));
#20220=CARTESIAN_POINT('',(3.,-73.9391641824548,67.5));
#20221=CARTESIAN_POINT('Origin',(0.,0.,67.5));
#20222=CARTESIAN_POINT('',(3.,-11.6189500386223,67.5));
#20223=CARTESIAN_POINT('',(3.,-80.,67.5));
#20224=CARTESIAN_POINT('',(-3.,-11.6189500386223,67.5));
#20225=CARTESIAN_POINT('Origin',(0.,0.,67.5));
#20226=CARTESIAN_POINT('',(-3.,-73.9391641824548,67.5));
#20227=CARTESIAN_POINT('',(-3.,80.,67.5));
#20228=CARTESIAN_POINT('',(-52.,-52.6497863243527,67.5));
#20229=CARTESIAN_POINT('Origin',(0.,0.,67.5));
#20230=CARTESIAN_POINT('',(-52.,-52.,67.5));
#20231=CARTESIAN_POINT('',(-52.,-62.,67.5));
#20232=CARTESIAN_POINT('',(-52.6497863243527,-52.,67.5));
#20233=CARTESIAN_POINT('',(-52.,-52.,67.5));
#20234=CARTESIAN_POINT('',(-73.9391641824548,-3.,67.5));
#20235=CARTESIAN_POINT('Origin',(0.,0.,67.5));
#20236=CARTESIAN_POINT('',(-11.6189500386223,-3.,67.5));
#20237=CARTESIAN_POINT('',(-80.,-3.,67.5));
#20238=CARTESIAN_POINT('',(-11.6189500386223,3.,67.5));
#20239=CARTESIAN_POINT('Origin',(0.,0.,67.5));
#20240=CARTESIAN_POINT('',(-73.9391641824548,3.,67.5));
#20241=CARTESIAN_POINT('',(80.,3.,67.5));
#20242=CARTESIAN_POINT('',(-52.6497863243527,52.,67.5));
#20243=CARTESIAN_POINT('Origin',(0.,0.,67.5));
#20244=CARTESIAN_POINT('',(-52.,52.,67.5));
#20245=CARTESIAN_POINT('',(-62.,52.,67.5));
#20246=CARTESIAN_POINT('',(-52.,52.6497863243527,67.5));
#20247=CARTESIAN_POINT('',(-52.,52.,67.5));
#20248=CARTESIAN_POINT('',(-3.,73.9391641824548,67.5));
#20249=CARTESIAN_POINT('Origin',(0.,0.,67.5));
#20250=CARTESIAN_POINT('',(-3.,11.6189500386223,67.5));
#20251=CARTESIAN_POINT('',(-3.,80.,67.5));
#20252=CARTESIAN_POINT('',(3.,11.6189500386223,67.5));
#20253=CARTESIAN_POINT('Origin',(0.,0.,67.5));
#20254=CARTESIAN_POINT('',(3.,73.9391641824548,67.5));
#20255=CARTESIAN_POINT('',(3.,-80.,67.5));
#20256=CARTESIAN_POINT('',(52.,52.6497863243527,67.5));
#20257=CARTESIAN_POINT('Origin',(0.,0.,67.5));
#20258=CARTESIAN_POINT('',(52.,52.,67.5));
#20259=CARTESIAN_POINT('',(52.,62.,67.5));
#20260=CARTESIAN_POINT('',(52.,52.,67.5));
#20261=CARTESIAN_POINT('Origin',(47.55,-62.55,3.));
#20262=CARTESIAN_POINT('',(47.55,-62.55,49.));
#20263=CARTESIAN_POINT('',(47.55,-61.8303930118514,49.));
#20264=CARTESIAN_POINT('',(47.55,-31.275,49.));
#20265=CARTESIAN_POINT('',(47.55,-62.55,3.));
#20266=CARTESIAN_POINT('',(47.55,-61.8303930118514,49.));
#20267=CARTESIAN_POINT('Origin',(42.45,-62.55,3.));
#20268=CARTESIAN_POINT('',(46.5993293943164,-62.55,49.));
#20269=CARTESIAN_POINT('',(21.225,-62.55,49.));
#20270=CARTESIAN_POINT('',(46.5993293943164,-62.55,49.));
#20271=CARTESIAN_POINT('Origin',(0.,0.,49.));
#20272=CARTESIAN_POINT('',(-77.7688883808943,6.,62.));
#20273=CARTESIAN_POINT('',(-77.7688883808943,6.,49.));
#20274=CARTESIAN_POINT('',(-77.7688883808943,-6.,62.));
#20275=CARTESIAN_POINT('Origin',(0.,0.,62.));
#20276=CARTESIAN_POINT('',(-77.7688883808943,-6.,49.));
#20277=CARTESIAN_POINT('Origin',(0.,0.,49.));
#20278=CARTESIAN_POINT('Origin',(62.5,-62.5,3.));
#20279=CARTESIAN_POINT('',(62.5,-62.5,66.));
#20280=CARTESIAN_POINT('',(62.5,-57.5,66.));
#20281=CARTESIAN_POINT('',(62.5,-61.25,66.));
#20282=CARTESIAN_POINT('',(62.5,-57.5,3.));
#20283=CARTESIAN_POINT('',(62.5,-62.5,3.));
#20284=CARTESIAN_POINT('Origin',(62.5,-57.5,3.));
#20285=CARTESIAN_POINT('',(62.,-57.5,66.));
#20286=CARTESIAN_POINT('',(61.25,-57.5,66.));
#20287=CARTESIAN_POINT('',(62.,-57.5,34.5));
#20288=CARTESIAN_POINT('Origin',(57.,-57.,66.));
#20289=CARTESIAN_POINT('',(62.,-52.,66.));
#20290=CARTESIAN_POINT('',(62.,-62.,66.));
#20291=CARTESIAN_POINT('',(57.5,-62.5,66.));
#20292=CARTESIAN_POINT('',(58.75,-62.5,66.));
#20293=CARTESIAN_POINT('',(57.5,-62.,66.));
#20294=CARTESIAN_POINT('',(57.5,-58.75,66.));
#20295=CARTESIAN_POINT('',(52.,-62.,66.));
#20296=CARTESIAN_POINT('',(52.,-62.,66.));
#20297=CARTESIAN_POINT('',(52.,-52.,66.));
#20298=CARTESIAN_POINT('',(62.,-52.,66.));
#20299=CARTESIAN_POINT('Origin',(-78.,0.,62.));
#20300=CARTESIAN_POINT('',(-73.,6.,62.));
#20301=CARTESIAN_POINT('',(-83.,-6.,62.));
#20302=CARTESIAN_POINT('Origin',(-73.,6.,62.));
#20303=CARTESIAN_POINT('',(-73.7563556583431,6.,66.5));
#20304=CARTESIAN_POINT('',(-73.7563556583431,6.,66.));
#20305=CARTESIAN_POINT('',(-73.,6.,66.5));
#20306=CARTESIAN_POINT('Origin',(-78.,0.,66.5));
#20307=CARTESIAN_POINT('',(-73.,3.,66.5));
#20308=CARTESIAN_POINT('',(-73.9391641824548,3.,66.5));
#20309=CARTESIAN_POINT('',(0.999999999999992,3.,66.5));
#20310=CARTESIAN_POINT('',(-73.,-3.,66.5));
#20311=CARTESIAN_POINT('',(-73.,-6.,66.5));
#20312=CARTESIAN_POINT('',(-73.9391641824548,-3.,66.5));
#20313=CARTESIAN_POINT('',(-79.,-3.,66.5));
#20314=CARTESIAN_POINT('',(-73.7563556583431,-6.,66.5));
#20315=CARTESIAN_POINT('Origin',(0.,0.,66.5));
#20316=CARTESIAN_POINT('',(-83.,-6.,66.5));
#20317=CARTESIAN_POINT('',(-80.,-3.,66.5));
#20318=CARTESIAN_POINT('',(-79.,-3.,66.5));
#20319=CARTESIAN_POINT('',(-80.,3.,66.5));
#20320=CARTESIAN_POINT('',(-80.,1.5,66.5));
#20321=CARTESIAN_POINT('',(0.999999999999992,3.,66.5));
#20322=CARTESIAN_POINT('Origin',(0.,0.,66.5));
#20323=CARTESIAN_POINT('Origin',(-73.,-6.,62.));
#20324=CARTESIAN_POINT('',(-73.,3.,66.));
#20325=CARTESIAN_POINT('',(-73.,3.,64.));
#20326=CARTESIAN_POINT('',(-73.,-3.,66.));
#20327=CARTESIAN_POINT('',(-73.,-3.,66.));
#20328=CARTESIAN_POINT('',(-73.,-3.,64.));
#20329=CARTESIAN_POINT('Origin',(-83.,-6.,62.));
#20330=CARTESIAN_POINT('',(-73.7563556583431,-6.,66.));
#20331=CARTESIAN_POINT('Origin',(0.,0.,66.));
#20332=CARTESIAN_POINT('',(-52.6497863243527,52.,66.));
#20333=CARTESIAN_POINT('',(-73.9391641824548,3.,66.));
#20334=CARTESIAN_POINT('Origin',(80.,3.,66.));
#20335=CARTESIAN_POINT('',(-80.,3.,66.));
#20336=CARTESIAN_POINT('Origin',(62.,52.,66.));
#20337=CARTESIAN_POINT('',(62.,57.5,66.));
#20338=CARTESIAN_POINT('',(62.,57.5,34.5));
#20339=CARTESIAN_POINT('',(62.,52.,66.));
#20340=CARTESIAN_POINT('',(62.,52.,66.));
#20341=CARTESIAN_POINT('',(62.,52.,66.));
#20342=CARTESIAN_POINT('Origin',(52.,62.,66.));
#20343=CARTESIAN_POINT('',(52.,62.,66.));
#20344=CARTESIAN_POINT('',(52.,62.,66.));
#20345=CARTESIAN_POINT('',(52.,62.,66.));
#20346=CARTESIAN_POINT('Origin',(52.,52.,66.));
#20347=CARTESIAN_POINT('',(52.,52.,66.));
#20348=CARTESIAN_POINT('Origin',(52.,52.,66.));
#20349=CARTESIAN_POINT('',(52.6497863243527,52.,66.));
#20350=CARTESIAN_POINT('',(52.,52.,66.));
#20351=CARTESIAN_POINT('Origin',(52.,62.,66.));
#20352=CARTESIAN_POINT('',(52.,52.6497863243527,66.));
#20353=CARTESIAN_POINT('Origin',(62.,62.,66.));
#20354=CARTESIAN_POINT('',(57.5,62.,66.));
#20355=CARTESIAN_POINT('',(57.5,62.,34.5));
#20356=CARTESIAN_POINT('',(62.,62.,66.));
#20357=CARTESIAN_POINT('Origin',(57.,57.,66.));
#20358=CARTESIAN_POINT('',(57.5,57.5,66.));
#20359=CARTESIAN_POINT('',(57.25,57.5,66.));
#20360=CARTESIAN_POINT('',(57.5,59.75,66.));
#20361=CARTESIAN_POINT('Origin',(-3.77702593176532E-15,0.,66.));
#20362=CARTESIAN_POINT('',(-11.6189500386223,3.,66.));
#20363=CARTESIAN_POINT('',(80.,3.,66.));
#20364=CARTESIAN_POINT('',(-11.6189500386223,-3.,66.));
#20365=CARTESIAN_POINT('Origin',(0.,0.,66.));
#20366=CARTESIAN_POINT('',(-80.,-3.,66.));
#20367=CARTESIAN_POINT('Origin',(0.,0.,66.));
#20368=CARTESIAN_POINT('',(73.9391641824548,3.,66.));
#20369=CARTESIAN_POINT('Origin',(0.,0.,66.));
#20370=CARTESIAN_POINT('',(3.,73.9391641824548,66.));
#20371=CARTESIAN_POINT('Origin',(52.,-62.,66.));
#20372=CARTESIAN_POINT('',(57.5,-62.,34.5));
#20373=CARTESIAN_POINT('',(52.,-62.,66.));
#20374=CARTESIAN_POINT('Origin',(52.,-52.,66.));
#20375=CARTESIAN_POINT('Origin',(52.,-52.,66.));
#20376=CARTESIAN_POINT('',(52.,-52.6497863243527,66.));
#20377=CARTESIAN_POINT('',(52.,-52.,66.));
#20378=CARTESIAN_POINT('Origin',(62.,-52.,66.));
#20379=CARTESIAN_POINT('',(62.,-52.,66.));
#20380=CARTESIAN_POINT('Origin',(62.,-52.,66.));
#20381=CARTESIAN_POINT('',(52.6497863243527,-52.,66.));
#20382=CARTESIAN_POINT('Origin',(62.,-62.,66.));
#20383=CARTESIAN_POINT('Origin',(0.,0.,66.));
#20384=CARTESIAN_POINT('',(73.9391641824548,-3.,66.));
#20385=CARTESIAN_POINT('Origin',(-52.,62.,66.));
#20386=CARTESIAN_POINT('',(-57.5,62.,66.));
#20387=CARTESIAN_POINT('',(-57.5,62.,34.5));
#20388=CARTESIAN_POINT('',(-52.,62.,66.));
#20389=CARTESIAN_POINT('',(-52.,62.,66.));
#20390=CARTESIAN_POINT('',(-52.,62.,66.));
#20391=CARTESIAN_POINT('Origin',(-52.,52.,66.));
#20392=CARTESIAN_POINT('',(-52.,52.,66.));
#20393=CARTESIAN_POINT('Origin',(-52.,52.,66.));
#20394=CARTESIAN_POINT('',(-52.,52.6497863243527,66.));
#20395=CARTESIAN_POINT('',(-52.,52.,66.));
#20396=CARTESIAN_POINT('Origin',(-62.,52.,66.));
#20397=CARTESIAN_POINT('',(-62.,52.,66.));
#20398=CARTESIAN_POINT('',(-62.,52.,66.));
#20399=CARTESIAN_POINT('',(-62.,52.,66.));
#20400=CARTESIAN_POINT('Origin',(-62.,62.,66.));
#20401=CARTESIAN_POINT('',(-62.,57.5,66.));
#20402=CARTESIAN_POINT('',(-62.,57.5,34.5));
#20403=CARTESIAN_POINT('',(-62.,62.,66.));
#20404=CARTESIAN_POINT('Origin',(-62.,52.,66.));
#20405=CARTESIAN_POINT('Origin',(-57.,57.,66.));
#20406=CARTESIAN_POINT('',(-57.5,57.5,66.));
#20407=CARTESIAN_POINT('',(-57.5,57.25,66.));
#20408=CARTESIAN_POINT('',(-59.75,57.5,66.));
#20409=CARTESIAN_POINT('Origin',(-62.,-52.,66.));
#20410=CARTESIAN_POINT('',(-62.,-57.5,66.));
#20411=CARTESIAN_POINT('',(-62.,-57.5,34.5));
#20412=CARTESIAN_POINT('',(-62.,-52.,66.));
#20413=CARTESIAN_POINT('',(-62.,-52.,66.));
#20414=CARTESIAN_POINT('',(-62.,-52.,66.));
#20415=CARTESIAN_POINT('Origin',(-52.,-52.,66.));
#20416=CARTESIAN_POINT('',(-52.,-52.,66.));
#20417=CARTESIAN_POINT('Origin',(-52.,-52.,66.));
#20418=CARTESIAN_POINT('',(-52.6497863243527,-52.,66.));
#20419=CARTESIAN_POINT('',(-52.,-52.,66.));
#20420=CARTESIAN_POINT('Origin',(-57.,-57.,66.));
#20421=CARTESIAN_POINT('',(-57.5,-57.5,66.));
#20422=CARTESIAN_POINT('',(-57.5,-62.,66.));
#20423=CARTESIAN_POINT('',(-57.5,-59.75,66.));
#20424=CARTESIAN_POINT('',(-57.25,-57.5,66.));
#20425=CARTESIAN_POINT('',(-52.,-62.,66.));
#20426=CARTESIAN_POINT('',(-52.,-62.,66.));
#20427=CARTESIAN_POINT('',(-62.,-62.,66.));
#20428=CARTESIAN_POINT('Origin',(-52.,-62.,66.));
#20429=CARTESIAN_POINT('',(-52.,-62.,66.));
#20430=CARTESIAN_POINT('Origin',(-52.,-62.,66.));
#20431=CARTESIAN_POINT('',(-52.,-52.6497863243527,66.));
#20432=CARTESIAN_POINT('Origin',(-62.,-62.,66.));
#20433=CARTESIAN_POINT('',(-57.5,-62.,34.5));
#20434=CARTESIAN_POINT('Origin',(0.,0.,66.));
#20435=CARTESIAN_POINT('',(-3.,-73.9391641824548,66.));
#20436=CARTESIAN_POINT('Origin',(0.,0.,66.));
#20437=CARTESIAN_POINT('',(-11.6189500386223,-3.,66.));
#20438=CARTESIAN_POINT('',(-11.6189500386223,3.,66.));
#20439=CARTESIAN_POINT('Origin',(0.,0.,66.));
#20440=CARTESIAN_POINT('',(3.,11.6189500386223,66.));
#20441=CARTESIAN_POINT('',(-3.,11.6189500386223,66.));
#20442=CARTESIAN_POINT('Origin',(0.,0.,66.));
#20443=CARTESIAN_POINT('',(3.,-11.6189500386223,66.));
#20444=CARTESIAN_POINT('',(-3.,-11.6189500386223,66.));
#20445=CARTESIAN_POINT('Origin',(0.,0.,66.));
#20446=CARTESIAN_POINT('',(11.6189500386223,-3.,66.));
#20447=CARTESIAN_POINT('',(11.6189500386223,3.,66.));
#20448=CARTESIAN_POINT('Origin',(-80.,-3.,66.));
#20449=CARTESIAN_POINT('Origin',(3.,-80.,66.));
#20450=CARTESIAN_POINT('Origin',(-3.,80.,66.));
#20451=CARTESIAN_POINT('Origin',(80.,3.,66.));
#20452=CARTESIAN_POINT('Origin',(-3.,80.,66.));
#20453=CARTESIAN_POINT('',(-3.,-80.,66.));
#20454=CARTESIAN_POINT('',(-3.,80.,66.));
#20455=CARTESIAN_POINT('',(-3.,-80.,66.));
#20456=CARTESIAN_POINT('Origin',(-3.,80.,66.));
#20457=CARTESIAN_POINT('',(-3.,80.,66.));
#20458=CARTESIAN_POINT('',(-3.,80.,66.));
#20459=CARTESIAN_POINT('',(-3.,80.,66.));
#20460=CARTESIAN_POINT('Origin',(-3.,80.,66.));
#20461=CARTESIAN_POINT('',(-3.,73.9391641824548,66.));
#20462=CARTESIAN_POINT('Origin',(3.,-80.,66.));
#20463=CARTESIAN_POINT('',(3.,-80.,66.));
#20464=CARTESIAN_POINT('',(3.,-80.,66.));
#20465=CARTESIAN_POINT('',(3.,-80.,66.));
#20466=CARTESIAN_POINT('Origin',(3.,-80.,66.));
#20467=CARTESIAN_POINT('',(3.,80.,66.));
#20468=CARTESIAN_POINT('',(3.,-80.,66.));
#20469=CARTESIAN_POINT('',(3.,80.,66.));
#20470=CARTESIAN_POINT('Origin',(3.,-80.,66.));
#20471=CARTESIAN_POINT('',(3.,-73.9391641824548,66.));
#20472=CARTESIAN_POINT('Origin',(0.,0.,66.));
#20473=CARTESIAN_POINT('',(-3.,-80.,66.));
#20474=CARTESIAN_POINT('Origin',(0.,0.,66.));
#20475=CARTESIAN_POINT('',(-3.,-80.,66.));
#20476=CARTESIAN_POINT('Origin',(0.,0.,66.));
#20477=CARTESIAN_POINT('',(3.,80.,66.));
#20478=CARTESIAN_POINT('Origin',(0.,0.,66.));
#20479=CARTESIAN_POINT('',(3.,80.,66.));
#20480=CARTESIAN_POINT('Origin',(3.,80.,66.));
#20481=CARTESIAN_POINT('Origin',(-3.,-80.,66.));
#20482=CARTESIAN_POINT('Origin',(80.,3.,66.));
#20483=CARTESIAN_POINT('Origin',(0.,0.,66.));
#20484=CARTESIAN_POINT('Origin',(0.,0.,66.));
#20485=CARTESIAN_POINT('Origin',(-80.,3.,66.));
#20486=CARTESIAN_POINT('',(-80.,-3.,66.));
#20487=CARTESIAN_POINT('Origin',(80.,-3.,66.));
#20488=CARTESIAN_POINT('',(80.,-3.,66.));
#20489=CARTESIAN_POINT('',(80.,-3.,66.));
#20490=CARTESIAN_POINT('',(80.,-3.,66.));
#20491=CARTESIAN_POINT('',(80.,3.,66.));
#20492=CARTESIAN_POINT('',(80.,-3.,66.));
#20493=CARTESIAN_POINT('',(80.,3.,66.));
#20494=CARTESIAN_POINT('Origin',(80.,3.,66.));
#20495=CARTESIAN_POINT('',(80.,3.,66.));
#20496=CARTESIAN_POINT('Origin',(0.,0.,66.));
#20497=CARTESIAN_POINT('',(-80.,-3.,66.));
#20498=CARTESIAN_POINT('Origin',(0.,0.,66.));
#20499=CARTESIAN_POINT('Origin',(-80.,-3.,66.));
#20500=CARTESIAN_POINT('Origin',(-80.,-3.,66.));
#20501=CARTESIAN_POINT('',(-73.9391641824548,-3.,66.));
#20502=CARTESIAN_POINT('Origin',(-80.,-3.,66.));
#20503=CARTESIAN_POINT('Origin',(0.,0.,66.));
#20504=CARTESIAN_POINT('Origin',(-3.77702593176532E-15,0.,49.));
#20505=CARTESIAN_POINT('Origin',(-57.5,-62.5,3.));
#20506=CARTESIAN_POINT('',(-57.5,-62.5,3.));
#20507=CARTESIAN_POINT('',(-57.5,-62.5,3.));
#20508=CARTESIAN_POINT('',(-57.5,-57.5,3.));
#20509=CARTESIAN_POINT('',(-57.5,-62.5,3.));
#20510=CARTESIAN_POINT('',(-57.5,-57.5,3.));
#20511=CARTESIAN_POINT('Origin',(-62.5,-57.5,3.));
#20512=CARTESIAN_POINT('',(-62.5,-57.5,3.));
#20513=CARTESIAN_POINT('',(-62.5,-62.5,3.));
#20514=CARTESIAN_POINT('',(-62.5,-57.5,3.));
#20515=CARTESIAN_POINT('',(-62.5,-62.5,3.));
#20516=CARTESIAN_POINT('',(-62.5,-57.5,3.));
#20517=CARTESIAN_POINT('Origin',(-57.5,-57.5,3.));
#20518=CARTESIAN_POINT('',(-57.5,-57.5,3.));
#20519=CARTESIAN_POINT('Origin',(-62.5,-62.5,3.));
#20520=CARTESIAN_POINT('',(-62.5,-62.5,3.));
#20521=CARTESIAN_POINT('Origin',(-60.,-60.,3.));
#20522=CARTESIAN_POINT('Origin',(-62.5,57.5,3.));
#20523=CARTESIAN_POINT('',(-62.5,57.5,3.));
#20524=CARTESIAN_POINT('',(-62.5,57.5,3.));
#20525=CARTESIAN_POINT('',(-57.5,57.5,3.));
#20526=CARTESIAN_POINT('',(-62.5,57.5,3.));
#20527=CARTESIAN_POINT('',(-57.5,57.5,3.));
#20528=CARTESIAN_POINT('Origin',(-62.5,62.5,3.));
#20529=CARTESIAN_POINT('',(-62.5,62.5,3.));
#20530=CARTESIAN_POINT('',(-62.5,62.5,3.));
#20531=CARTESIAN_POINT('',(-62.5,62.5,3.));
#20532=CARTESIAN_POINT('Origin',(-57.5,62.5,3.));
#20533=CARTESIAN_POINT('',(-57.5,62.5,3.));
#20534=CARTESIAN_POINT('',(-57.5,62.5,3.));
#20535=CARTESIAN_POINT('',(-57.5,62.5,3.));
#20536=CARTESIAN_POINT('Origin',(-57.5,57.5,3.));
#20537=CARTESIAN_POINT('',(-57.5,57.5,3.));
#20538=CARTESIAN_POINT('Origin',(-60.,60.,3.));
#20539=CARTESIAN_POINT('Origin',(57.5,-57.5,3.));
#20540=CARTESIAN_POINT('',(57.5,-62.5,3.));
#20541=CARTESIAN_POINT('Origin',(57.5,-62.5,3.));
#20542=CARTESIAN_POINT('Origin',(57.5,62.5,3.));
#20543=CARTESIAN_POINT('',(57.5,62.5,3.));
#20544=CARTESIAN_POINT('',(57.5,62.5,3.));
#20545=CARTESIAN_POINT('',(57.5,57.5,3.));
#20546=CARTESIAN_POINT('',(57.5,62.5,3.));
#20547=CARTESIAN_POINT('',(57.5,57.5,3.));
#20548=CARTESIAN_POINT('Origin',(62.5,62.5,3.));
#20549=CARTESIAN_POINT('',(62.5,62.5,3.));
#20550=CARTESIAN_POINT('',(62.5,62.5,3.));
#20551=CARTESIAN_POINT('',(62.5,62.5,3.));
#20552=CARTESIAN_POINT('Origin',(62.5,57.5,3.));
#20553=CARTESIAN_POINT('',(62.5,57.5,3.));
#20554=CARTESIAN_POINT('',(62.5,57.5,3.));
#20555=CARTESIAN_POINT('',(62.5,57.5,3.));
#20556=CARTESIAN_POINT('Origin',(57.5,57.5,3.));
#20557=CARTESIAN_POINT('',(57.5,57.5,3.));
#20558=CARTESIAN_POINT('Origin',(60.,60.,3.));
#20559=CARTESIAN_POINT('',(0.,0.,0.));
#20560=CARTESIAN_POINT('Origin',(0.,0.,-29.15));
#20561=CARTESIAN_POINT('',(5.5,6.73555739531044E-16,-29.15));
#20562=CARTESIAN_POINT('Origin',(0.,0.,-29.15));
#20563=CARTESIAN_POINT('',(5.5,6.73555739531044E-16,-17.55));
#20564=CARTESIAN_POINT('',(5.5,6.73555739531044E-16,-29.15));
#20565=CARTESIAN_POINT('Origin',(0.,0.,-17.55));
#20566=CARTESIAN_POINT('Origin',(-2.24345254752611E-16,0.,-29.15));
#20567=CARTESIAN_POINT('',(3.,3.67394039744206E-16,-29.15));
#20568=CARTESIAN_POINT('Origin',(0.,0.,-29.15));
#20569=CARTESIAN_POINT('Origin',(-2.24345254752611E-16,0.,-17.55));
#20570=CARTESIAN_POINT('',(5.,6.12323399573677E-16,-17.55));
#20571=CARTESIAN_POINT('Origin',(0.,0.,-17.55));
#20572=CARTESIAN_POINT('Origin',(0.,0.,-17.55));
#20573=CARTESIAN_POINT('',(5.,6.12323399573677E-16,-5.7));
#20574=CARTESIAN_POINT('',(5.,6.12323399573677E-16,-17.55));
#20575=CARTESIAN_POINT('Origin',(0.,0.,-5.70000000000001));
#20576=CARTESIAN_POINT('Origin',(0.,0.,-41.));
#20577=CARTESIAN_POINT('',(3.,3.67394039744206E-16,-41.));
#20578=CARTESIAN_POINT('Origin',(0.,0.,-41.));
#20579=CARTESIAN_POINT('',(3.,3.67394039744206E-16,-41.));
#20580=CARTESIAN_POINT('Origin',(0.,0.,-41.));
#20581=CARTESIAN_POINT('',(12.7,1.55530143491714E-15,-5.70000000000001));
#20582=CARTESIAN_POINT('Origin',(0.,0.,-5.70000000000001));
#20583=CARTESIAN_POINT('',(12.7,1.55530143491714E-15,-41.));
#20584=CARTESIAN_POINT('',(12.7,1.55530143491714E-15,-41.));
#20585=CARTESIAN_POINT('Origin',(0.,0.,-41.));
#20586=CARTESIAN_POINT('Origin',(-1.29519693020651E-15,2.91397119324188E-16,
-41.));
#20587=CARTESIAN_POINT('Origin',(-1.29519693020651E-15,2.91397119324188E-16,
-5.70000000000001));
#20588=CARTESIAN_POINT('',(0.,0.,0.));
#20589=CARTESIAN_POINT('Origin',(0.15,1.5,-41.));
#20590=CARTESIAN_POINT('',(0.15,2.49549594269356,-30.3));
#20591=CARTESIAN_POINT('',(0.15,2.49549594269356,-41.));
#20592=CARTESIAN_POINT('',(0.15,2.49549594269356,-41.));
#20593=CARTESIAN_POINT('',(0.15,2.99624765331573,-30.3));
#20594=CARTESIAN_POINT('',(0.15,0.75,-30.3));
#20595=CARTESIAN_POINT('',(0.15,2.99624765331573,-41.));
#20596=CARTESIAN_POINT('',(0.15,2.99624765331573,-41.));
#20597=CARTESIAN_POINT('',(0.15,0.75,-41.));
#20598=CARTESIAN_POINT('Origin',(-0.15,4.5,-41.));
#20599=CARTESIAN_POINT('',(-0.15,2.49549594269356,-41.));
#20600=CARTESIAN_POINT('',(-0.15,2.49549594269356,-30.3));
#20601=CARTESIAN_POINT('',(-0.15,2.49549594269356,-41.));
#20602=CARTESIAN_POINT('',(-0.15,2.99624765331573,-41.));
#20603=CARTESIAN_POINT('',(-0.15,2.25,-41.));
#20604=CARTESIAN_POINT('',(-0.15,2.99624765331573,-30.3));
#20605=CARTESIAN_POINT('',(-0.15,2.99624765331573,-41.));
#20606=CARTESIAN_POINT('',(-0.15,2.25,-30.3));
#20607=CARTESIAN_POINT('Origin',(-1.84813812287733E-16,0.,-30.3));
#20608=CARTESIAN_POINT('Origin',(0.,0.,-30.3));
#20609=CARTESIAN_POINT('Origin',(0.,0.,-30.3));
#20610=CARTESIAN_POINT('Origin',(0.,0.,-41.));
#20611=CARTESIAN_POINT('Origin',(0.,0.,-41.));
#20612=CARTESIAN_POINT('Origin',(0.,0.,-41.));
#20613=CARTESIAN_POINT('Origin',(0.,0.,-41.));
#20614=CARTESIAN_POINT('Origin',(-1.84813812287733E-16,0.,-41.));
#20615=CARTESIAN_POINT('',(0.,0.,0.));
#20616=CARTESIAN_POINT('Origin',(0.,0.,6.));
#20617=CARTESIAN_POINT('',(5.,6.12323399573677E-16,6.));
#20618=CARTESIAN_POINT('Origin',(0.,0.,6.));
#20619=CARTESIAN_POINT('',(5.,6.12323399573677E-16,14.));
#20620=CARTESIAN_POINT('',(5.,6.12323399573677E-16,6.));
#20621=CARTESIAN_POINT('Origin',(0.,0.,14.));
#20622=CARTESIAN_POINT('Origin',(0.,0.,6.));
#20623=CARTESIAN_POINT('',(13.,1.59204083889156E-15,14.));
#20624=CARTESIAN_POINT('Origin',(0.,0.,14.));
#20625=CARTESIAN_POINT('',(13.,1.59204083889156E-15,6.));
#20626=CARTESIAN_POINT('',(13.,1.59204083889156E-15,6.));
#20627=CARTESIAN_POINT('Origin',(0.,0.,6.));
#20628=CARTESIAN_POINT('Origin',(-1.3267006990763E-16,0.,6.));
#20629=CARTESIAN_POINT('Origin',(-1.3267006990763E-16,0.,14.));
#20630=CARTESIAN_POINT('',(0.,0.,0.));
#20631=CARTESIAN_POINT('Origin',(0.,0.,26.));
#20632=CARTESIAN_POINT('',(5.,6.12323399573677E-16,26.));
#20633=CARTESIAN_POINT('Origin',(0.,0.,26.));
#20634=CARTESIAN_POINT('',(5.,6.12323399573677E-16,34.));
#20635=CARTESIAN_POINT('',(5.,6.12323399573677E-16,26.));
#20636=CARTESIAN_POINT('Origin',(0.,0.,34.));
#20637=CARTESIAN_POINT('Origin',(0.,0.,26.));
#20638=CARTESIAN_POINT('',(13.,1.59204083889156E-15,34.));
#20639=CARTESIAN_POINT('Origin',(0.,0.,34.));
#20640=CARTESIAN_POINT('',(13.,1.59204083889156E-15,26.));
#20641=CARTESIAN_POINT('',(13.,1.59204083889156E-15,26.));
#20642=CARTESIAN_POINT('Origin',(0.,0.,26.));
#20643=CARTESIAN_POINT('Origin',(-1.3267006990763E-16,0.,26.));
#20644=CARTESIAN_POINT('Origin',(-1.3267006990763E-16,0.,34.));
#20645=CARTESIAN_POINT('',(0.,0.,0.));
#20646=CARTESIAN_POINT('Origin',(9.52627944162883,5.49999999999999,-46.3));
#20647=CARTESIAN_POINT('',(10.7762794416288,5.49999999999999,-46.3));
#20648=CARTESIAN_POINT('Origin',(9.52627944162883,5.49999999999999,-46.3));
#20649=CARTESIAN_POINT('',(10.7762794416288,5.49999999999999,-43.3));
#20650=CARTESIAN_POINT('',(10.7762794416288,5.49999999999999,-46.3));
#20651=CARTESIAN_POINT('Origin',(9.52627944162883,5.49999999999999,-43.3));
#20652=CARTESIAN_POINT('Origin',(9.52627944162883,5.49999999999999,-46.3));
#20653=CARTESIAN_POINT('Origin',(9.52627944162882,-5.50000000000001,-46.3));
#20654=CARTESIAN_POINT('',(10.7762794416288,-5.50000000000001,-46.3));
#20655=CARTESIAN_POINT('Origin',(9.52627944162882,-5.50000000000001,-46.3));
#20656=CARTESIAN_POINT('',(10.7762794416288,-5.50000000000001,-43.3));
#20657=CARTESIAN_POINT('',(10.7762794416288,-5.50000000000001,-46.3));
#20658=CARTESIAN_POINT('Origin',(9.52627944162882,-5.50000000000001,-43.3));
#20659=CARTESIAN_POINT('Origin',(9.52627944162882,-5.50000000000001,-46.3));
#20660=CARTESIAN_POINT('Origin',(-2.02066721859313E-15,-11.,-46.3));
#20661=CARTESIAN_POINT('',(1.25,-11.,-46.3));
#20662=CARTESIAN_POINT('Origin',(-2.02066721859313E-15,-11.,-46.3));
#20663=CARTESIAN_POINT('',(1.25,-11.,-43.3));
#20664=CARTESIAN_POINT('',(1.25,-11.,-46.3));
#20665=CARTESIAN_POINT('Origin',(-2.02066721859313E-15,-11.,-43.3));
#20666=CARTESIAN_POINT('Origin',(-2.1222428551459E-15,-11.,-46.3));
#20667=CARTESIAN_POINT('Origin',(-9.52627944162882,-5.5,-46.3));
#20668=CARTESIAN_POINT('',(-8.27627944162882,-5.5,-46.3));
#20669=CARTESIAN_POINT('Origin',(-9.52627944162882,-5.5,-46.3));
#20670=CARTESIAN_POINT('',(-8.27627944162882,-5.5,-43.3));
#20671=CARTESIAN_POINT('',(-8.27627944162882,-5.5,-46.3));
#20672=CARTESIAN_POINT('Origin',(-9.52627944162882,-5.5,-43.3));
#20673=CARTESIAN_POINT('Origin',(-9.52627944162882,-5.5,-46.3));
#20674=CARTESIAN_POINT('Origin',(-9.52627944162883,5.5,-46.3));
#20675=CARTESIAN_POINT('',(-8.27627944162883,5.5,-46.3));
#20676=CARTESIAN_POINT('Origin',(-9.52627944162883,5.5,-46.3));
#20677=CARTESIAN_POINT('',(-8.27627944162883,5.5,-43.3));
#20678=CARTESIAN_POINT('',(-8.27627944162883,5.5,-46.3));
#20679=CARTESIAN_POINT('Origin',(-9.52627944162883,5.5,-43.3));
#20680=CARTESIAN_POINT('Origin',(-9.52627944162883,5.5,-46.3));
#20681=CARTESIAN_POINT('Origin',(6.73555739531044E-16,11.,-46.3));
#20682=CARTESIAN_POINT('',(1.25,11.,-46.3));
#20683=CARTESIAN_POINT('Origin',(6.73555739531044E-16,11.,-46.3));
#20684=CARTESIAN_POINT('',(1.25,11.,-43.3));
#20685=CARTESIAN_POINT('',(1.25,11.,-46.3));
#20686=CARTESIAN_POINT('Origin',(6.73555739531044E-16,11.,-43.3));
#20687=CARTESIAN_POINT('Origin',(6.18909718008881E-16,11.,-46.3));
#20688=CARTESIAN_POINT('Origin',(0.,0.,-43.3));
#20689=CARTESIAN_POINT('',(2.6,3.18408167778312E-16,-43.3));
#20690=CARTESIAN_POINT('Origin',(0.,0.,-43.3));
#20691=CARTESIAN_POINT('',(2.6,3.18408167778312E-16,-41.8));
#20692=CARTESIAN_POINT('',(2.6,3.18408167778312E-16,-43.3));
#20693=CARTESIAN_POINT('Origin',(0.,0.,-41.8));
#20694=CARTESIAN_POINT('Origin',(-1.15494192236747E-16,0.,-43.3));
#20695=CARTESIAN_POINT('Origin',(0.,0.,-43.3));
#20696=CARTESIAN_POINT('',(8.,9.79717439317883E-16,-41.8));
#20697=CARTESIAN_POINT('Origin',(0.,0.,-41.8));
#20698=CARTESIAN_POINT('',(8.,9.79717439317883E-16,-43.3));
#20699=CARTESIAN_POINT('',(8.,9.79717439317883E-16,-43.3));
#20700=CARTESIAN_POINT('Origin',(0.,0.,-43.3));
#20701=CARTESIAN_POINT('Origin',(-7.7553251033388E-16,-1.15648231731787E-16,
-41.8));
#20702=CARTESIAN_POINT('Origin',(0.,0.,-65.3));
#20703=CARTESIAN_POINT('',(21.,2.57175827820944E-15,-43.3));
#20704=CARTESIAN_POINT('Origin',(0.,0.,-43.3));
#20705=CARTESIAN_POINT('',(21.,2.57175827820944E-15,-65.3));
#20706=CARTESIAN_POINT('',(21.,2.57175827820944E-15,-65.3));
#20707=CARTESIAN_POINT('Origin',(0.,0.,-65.3));
#20708=CARTESIAN_POINT('Origin',(-9.19216697549299E-16,0.,-65.3));
#20709=CARTESIAN_POINT('Origin',(-9.19216697549299E-16,0.,-43.3));
#20710=CARTESIAN_POINT('',(0.,0.,0.));
#20711=CARTESIAN_POINT('Origin',(0.,0.,-43.3));
#20712=CARTESIAN_POINT('',(2.5,3.06161699786838E-16,-30.3));
#20713=CARTESIAN_POINT('Origin',(0.,0.,-30.3));
#20714=CARTESIAN_POINT('',(2.5,3.06161699786838E-16,-43.3));
#20715=CARTESIAN_POINT('',(2.5,3.06161699786838E-16,-43.3));
#20716=CARTESIAN_POINT('Origin',(0.,0.,-43.3));
#20717=CARTESIAN_POINT('Origin',(-1.18032060367666E-16,0.,-43.3));
#20718=CARTESIAN_POINT('Origin',(-1.18032060367666E-16,0.,-30.3));
#20719=CARTESIAN_POINT('',(0.,0.,0.));
#20720=CARTESIAN_POINT('Origin',(15.,15.,4.));
#20721=CARTESIAN_POINT('',(16.6,15.,4.));
#20722=CARTESIAN_POINT('Origin',(15.,15.,4.));
#20723=CARTESIAN_POINT('',(16.6,15.,6.));
#20724=CARTESIAN_POINT('',(16.6,15.,4.));
#20725=CARTESIAN_POINT('Origin',(15.,15.,6.));
#20726=CARTESIAN_POINT('Origin',(15.,-15.,4.));
#20727=CARTESIAN_POINT('',(16.6,-15.,4.));
#20728=CARTESIAN_POINT('Origin',(15.,-15.,4.));
#20729=CARTESIAN_POINT('',(16.6,-15.,6.));
#20730=CARTESIAN_POINT('',(16.6,-15.,4.));
#20731=CARTESIAN_POINT('Origin',(15.,-15.,6.));
#20732=CARTESIAN_POINT('Origin',(-15.,15.,4.));
#20733=CARTESIAN_POINT('',(-13.4,15.,4.));
#20734=CARTESIAN_POINT('Origin',(-15.,15.,4.));
#20735=CARTESIAN_POINT('',(-13.4,15.,6.));
#20736=CARTESIAN_POINT('',(-13.4,15.,4.));
#20737=CARTESIAN_POINT('Origin',(-15.,15.,6.));
#20738=CARTESIAN_POINT('Origin',(-15.,-15.,4.));
#20739=CARTESIAN_POINT('',(-13.4,-15.,4.));
#20740=CARTESIAN_POINT('Origin',(-15.,-15.,4.));
#20741=CARTESIAN_POINT('',(-13.4,-15.,6.));
#20742=CARTESIAN_POINT('',(-13.4,-15.,4.));
#20743=CARTESIAN_POINT('Origin',(-15.,-15.,6.));
#20744=CARTESIAN_POINT('Origin',(0.,0.,4.));
#20745=CARTESIAN_POINT('',(6.,7.34788079488412E-16,4.));
#20746=CARTESIAN_POINT('Origin',(0.,0.,4.));
#20747=CARTESIAN_POINT('',(6.,7.34788079488412E-16,6.));
#20748=CARTESIAN_POINT('',(6.,7.34788079488412E-16,4.));
#20749=CARTESIAN_POINT('Origin',(0.,0.,6.));
#20750=CARTESIAN_POINT('Origin',(-20.,20.,4.));
#20751=CARTESIAN_POINT('',(-20.,20.,4.));
#20752=CARTESIAN_POINT('',(-20.,-20.,4.));
#20753=CARTESIAN_POINT('',(-20.,20.,4.));
#20754=CARTESIAN_POINT('',(-20.,-20.,6.));
#20755=CARTESIAN_POINT('',(-20.,-20.,4.));
#20756=CARTESIAN_POINT('',(-20.,20.,6.));
#20757=CARTESIAN_POINT('',(-20.,20.,6.));
#20758=CARTESIAN_POINT('',(-20.,20.,4.));
#20759=CARTESIAN_POINT('Origin',(20.,20.,4.));
#20760=CARTESIAN_POINT('',(20.,20.,4.));
#20761=CARTESIAN_POINT('',(20.,20.,4.));
#20762=CARTESIAN_POINT('',(20.,20.,6.));
#20763=CARTESIAN_POINT('',(20.,20.,6.));
#20764=CARTESIAN_POINT('',(20.,20.,4.));
#20765=CARTESIAN_POINT('Origin',(20.,-20.,4.));
#20766=CARTESIAN_POINT('',(20.,-20.,4.));
#20767=CARTESIAN_POINT('',(20.,-20.,4.));
#20768=CARTESIAN_POINT('',(20.,-20.,6.));
#20769=CARTESIAN_POINT('',(20.,-20.,6.));
#20770=CARTESIAN_POINT('',(20.,-20.,4.));
#20771=CARTESIAN_POINT('Origin',(-20.,-20.,4.));
#20772=CARTESIAN_POINT('',(-20.,-20.,4.));
#20773=CARTESIAN_POINT('',(-20.,-20.,6.));
#20774=CARTESIAN_POINT('Origin',(0.,0.,6.));
#20775=CARTESIAN_POINT('Origin',(0.,0.,4.));
#20776=CARTESIAN_POINT('',(0.,0.,0.));
#20777=CARTESIAN_POINT('Origin',(15.,15.,34.));
#20778=CARTESIAN_POINT('',(16.6,15.,34.));
#20779=CARTESIAN_POINT('Origin',(15.,15.,34.));
#20780=CARTESIAN_POINT('',(16.6,15.,36.));
#20781=CARTESIAN_POINT('',(16.6,15.,34.));
#20782=CARTESIAN_POINT('Origin',(15.,15.,36.));
#20783=CARTESIAN_POINT('Origin',(15.,-15.,34.));
#20784=CARTESIAN_POINT('',(16.6,-15.,34.));
#20785=CARTESIAN_POINT('Origin',(15.,-15.,34.));
#20786=CARTESIAN_POINT('',(16.6,-15.,36.));
#20787=CARTESIAN_POINT('',(16.6,-15.,34.));
#20788=CARTESIAN_POINT('Origin',(15.,-15.,36.));
#20789=CARTESIAN_POINT('Origin',(-15.,15.,34.));
#20790=CARTESIAN_POINT('',(-13.4,15.,34.));
#20791=CARTESIAN_POINT('Origin',(-15.,15.,34.));
#20792=CARTESIAN_POINT('',(-13.4,15.,36.));
#20793=CARTESIAN_POINT('',(-13.4,15.,34.));
#20794=CARTESIAN_POINT('Origin',(-15.,15.,36.));
#20795=CARTESIAN_POINT('Origin',(-15.,-15.,34.));
#20796=CARTESIAN_POINT('',(-13.4,-15.,34.));
#20797=CARTESIAN_POINT('Origin',(-15.,-15.,34.));
#20798=CARTESIAN_POINT('',(-13.4,-15.,36.));
#20799=CARTESIAN_POINT('',(-13.4,-15.,34.));
#20800=CARTESIAN_POINT('Origin',(-15.,-15.,36.));
#20801=CARTESIAN_POINT('Origin',(0.,0.,34.));
#20802=CARTESIAN_POINT('',(6.,7.34788079488412E-16,34.));
#20803=CARTESIAN_POINT('Origin',(0.,0.,34.));
#20804=CARTESIAN_POINT('',(6.,7.34788079488412E-16,36.));
#20805=CARTESIAN_POINT('',(6.,7.34788079488412E-16,34.));
#20806=CARTESIAN_POINT('Origin',(0.,0.,36.));
#20807=CARTESIAN_POINT('Origin',(-20.,20.,34.));
#20808=CARTESIAN_POINT('',(-20.,20.,34.));
#20809=CARTESIAN_POINT('',(-20.,-20.,34.));
#20810=CARTESIAN_POINT('',(-20.,20.,34.));
#20811=CARTESIAN_POINT('',(-20.,-20.,36.));
#20812=CARTESIAN_POINT('',(-20.,-20.,34.));
#20813=CARTESIAN_POINT('',(-20.,20.,36.));
#20814=CARTESIAN_POINT('',(-20.,20.,36.));
#20815=CARTESIAN_POINT('',(-20.,20.,34.));
#20816=CARTESIAN_POINT('Origin',(20.,20.,34.));
#20817=CARTESIAN_POINT('',(20.,20.,34.));
#20818=CARTESIAN_POINT('',(20.,20.,34.));
#20819=CARTESIAN_POINT('',(20.,20.,36.));
#20820=CARTESIAN_POINT('',(20.,20.,36.));
#20821=CARTESIAN_POINT('',(20.,20.,34.));
#20822=CARTESIAN_POINT('Origin',(20.,-20.,34.));
#20823=CARTESIAN_POINT('',(20.,-20.,34.));
#20824=CARTESIAN_POINT('',(20.,-20.,34.));
#20825=CARTESIAN_POINT('',(20.,-20.,36.));
#20826=CARTESIAN_POINT('',(20.,-20.,36.));
#20827=CARTESIAN_POINT('',(20.,-20.,34.));
#20828=CARTESIAN_POINT('Origin',(-20.,-20.,34.));
#20829=CARTESIAN_POINT('',(-20.,-20.,34.));
#20830=CARTESIAN_POINT('',(-20.,-20.,36.));
#20831=CARTESIAN_POINT('Origin',(0.,0.,36.));
#20832=CARTESIAN_POINT('Origin',(0.,0.,34.));
#20833=CARTESIAN_POINT('',(0.,0.,0.));
#20834=CARTESIAN_POINT('Origin',(0.,0.,57.));
#20835=CARTESIAN_POINT('',(2.5,3.06161699786838E-16,59.));
#20836=CARTESIAN_POINT('Origin',(0.,0.,59.));
#20837=CARTESIAN_POINT('',(2.5,3.06161699786838E-16,57.));
#20838=CARTESIAN_POINT('',(2.5,3.06161699786838E-16,57.));
#20839=CARTESIAN_POINT('Origin',(0.,0.,57.));
#20840=CARTESIAN_POINT('Origin',(-1.18032060367666E-16,0.,57.));
#20841=CARTESIAN_POINT('Origin',(-1.18032060367666E-16,0.,59.));
#20842=CARTESIAN_POINT('',(0.,0.,0.));
#20843=CARTESIAN_POINT('Origin',(7.5,7.5,60.5));
#20844=CARTESIAN_POINT('',(8.6,7.5,60.5));
#20845=CARTESIAN_POINT('Origin',(7.5,7.5,60.5));
#20846=CARTESIAN_POINT('',(8.6,7.5,62.1));
#20847=CARTESIAN_POINT('',(8.6,7.5,60.5));
#20848=CARTESIAN_POINT('Origin',(7.5,7.5,62.1));
#20849=CARTESIAN_POINT('Origin',(7.5,-7.5,60.5));
#20850=CARTESIAN_POINT('',(8.6,-7.5,60.5));
#20851=CARTESIAN_POINT('Origin',(7.5,-7.5,60.5));
#20852=CARTESIAN_POINT('',(8.6,-7.5,62.1));
#20853=CARTESIAN_POINT('',(8.6,-7.5,60.5));
#20854=CARTESIAN_POINT('Origin',(7.5,-7.5,62.1));
#20855=CARTESIAN_POINT('Origin',(-7.5,7.5,60.5));
#20856=CARTESIAN_POINT('',(-6.4,7.5,60.5));
#20857=CARTESIAN_POINT('Origin',(-7.5,7.5,60.5));
#20858=CARTESIAN_POINT('',(-6.4,7.5,62.1));
#20859=CARTESIAN_POINT('',(-6.4,7.5,60.5));
#20860=CARTESIAN_POINT('Origin',(-7.5,7.5,62.1));
#20861=CARTESIAN_POINT('Origin',(-7.5,-7.5,60.5));
#20862=CARTESIAN_POINT('',(-6.4,-7.5,60.5));
#20863=CARTESIAN_POINT('Origin',(-7.5,-7.5,60.5));
#20864=CARTESIAN_POINT('',(-6.4,-7.5,62.1));
#20865=CARTESIAN_POINT('',(-6.4,-7.5,60.5));
#20866=CARTESIAN_POINT('Origin',(-7.5,-7.5,62.1));
#20867=CARTESIAN_POINT('Origin',(-10.,10.,60.5));
#20868=CARTESIAN_POINT('',(-10.,10.,60.5));
#20869=CARTESIAN_POINT('',(-10.,-10.,60.5));
#20870=CARTESIAN_POINT('',(-10.,10.,60.5));
#20871=CARTESIAN_POINT('',(-10.,-10.,62.1));
#20872=CARTESIAN_POINT('',(-10.,-10.,60.5));
#20873=CARTESIAN_POINT('',(-10.,10.,62.1));
#20874=CARTESIAN_POINT('',(-10.,10.,62.1));
#20875=CARTESIAN_POINT('',(-10.,10.,60.5));
#20876=CARTESIAN_POINT('Origin',(10.,10.,60.5));
#20877=CARTESIAN_POINT('',(10.,10.,60.5));
#20878=CARTESIAN_POINT('',(10.,10.,60.5));
#20879=CARTESIAN_POINT('',(10.,10.,62.1));
#20880=CARTESIAN_POINT('',(10.,10.,62.1));
#20881=CARTESIAN_POINT('',(10.,10.,60.5));
#20882=CARTESIAN_POINT('Origin',(10.,-10.,60.5));
#20883=CARTESIAN_POINT('',(10.,-10.,60.5));
#20884=CARTESIAN_POINT('',(10.,-10.,60.5));
#20885=CARTESIAN_POINT('',(10.,-10.,62.1));
#20886=CARTESIAN_POINT('',(10.,-10.,62.1));
#20887=CARTESIAN_POINT('',(10.,-10.,60.5));
#20888=CARTESIAN_POINT('Origin',(-10.,-10.,60.5));
#20889=CARTESIAN_POINT('',(-10.,-10.,60.5));
#20890=CARTESIAN_POINT('',(-10.,-10.,62.1));
#20891=CARTESIAN_POINT('Origin',(0.,0.,62.1));
#20892=CARTESIAN_POINT('Origin',(0.,0.,60.5));
#20893=CARTESIAN_POINT('',(0.,0.,0.));
#20894=CARTESIAN_POINT('Origin',(0.,0.,52.5));
#20895=CARTESIAN_POINT('',(5.,6.12323399573677E-16,52.5));
#20896=CARTESIAN_POINT('Origin',(0.,0.,52.5));
#20897=CARTESIAN_POINT('',(5.,6.12323399573677E-16,53.5));
#20898=CARTESIAN_POINT('',(5.,6.12323399573677E-16,52.5));
#20899=CARTESIAN_POINT('Origin',(0.,0.,53.5));
#20900=CARTESIAN_POINT('Origin',(0.,0.,52.5));
#20901=CARTESIAN_POINT('',(9.,1.10218211923262E-15,53.5));
#20902=CARTESIAN_POINT('Origin',(0.,0.,53.5));
#20903=CARTESIAN_POINT('',(9.,1.10218211923262E-15,52.5));
#20904=CARTESIAN_POINT('',(9.,1.10218211923262E-15,52.5));
#20905=CARTESIAN_POINT('Origin',(0.,0.,52.5));
#20906=CARTESIAN_POINT('Origin',(-5.03042222760184E-16,0.,52.5));
#20907=CARTESIAN_POINT('Origin',(-5.03042222760184E-16,0.,53.5));
#20908=CARTESIAN_POINT('',(0.,0.,0.));
#20909=CARTESIAN_POINT('Origin',(1.5,3.5,54.));
#20910=CARTESIAN_POINT('',(1.5,4.5596052460712,55.));
#20911=CARTESIAN_POINT('',(1.5,4.5596052460712,54.));
#20912=CARTESIAN_POINT('',(1.5,4.5596052460712,54.));
#20913=CARTESIAN_POINT('',(1.5,6.42728558568856,55.));
#20914=CARTESIAN_POINT('',(1.5,1.75,55.));
#20915=CARTESIAN_POINT('',(1.5,6.42728558568856,54.));
#20916=CARTESIAN_POINT('',(1.5,6.42728558568856,54.));
#20917=CARTESIAN_POINT('',(1.5,1.75,54.));
#20918=CARTESIAN_POINT('Origin',(-1.5,9.5,54.));
#20919=CARTESIAN_POINT('',(-1.5,4.5596052460712,54.));
#20920=CARTESIAN_POINT('',(-1.5,4.5596052460712,55.));
#20921=CARTESIAN_POINT('',(-1.5,4.5596052460712,54.));
#20922=CARTESIAN_POINT('',(-1.5,6.42728558568856,54.));
#20923=CARTESIAN_POINT('',(-1.5,4.75,54.));
#20924=CARTESIAN_POINT('',(-1.5,6.42728558568856,55.));
#20925=CARTESIAN_POINT('',(-1.5,6.42728558568856,54.));
#20926=CARTESIAN_POINT('',(-1.5,4.75,55.));
#20927=CARTESIAN_POINT('Origin',(-3.47714923605922E-16,0.,55.));
#20928=CARTESIAN_POINT('Origin',(0.,0.,55.));
#20929=CARTESIAN_POINT('Origin',(0.,0.,55.));
#20930=CARTESIAN_POINT('Origin',(0.,0.,54.));
#20931=CARTESIAN_POINT('Origin',(0.,0.,54.));
#20932=CARTESIAN_POINT('Origin',(0.,0.,54.));
#20933=CARTESIAN_POINT('Origin',(0.,0.,54.));
#20934=CARTESIAN_POINT('Origin',(-3.47714923605922E-16,0.,54.));
#20935=CARTESIAN_POINT('',(0.,0.,0.));
#20936=CARTESIAN_POINT('Origin',(-15.,-15.,-41.3));
#20937=CARTESIAN_POINT('',(-13.4,-15.,-41.3));
#20938=CARTESIAN_POINT('Origin',(-15.,-15.,-41.3));
#20939=CARTESIAN_POINT('',(-13.4,-15.,0.));
#20940=CARTESIAN_POINT('',(-13.4,-15.,-41.3));
#20941=CARTESIAN_POINT('Origin',(-15.,-15.,0.));
#20942=CARTESIAN_POINT('Origin',(-15.,-15.,-41.3));
#20943=CARTESIAN_POINT('',(-11.,-15.,0.));
#20944=CARTESIAN_POINT('Origin',(-15.,-15.,0.));
#20945=CARTESIAN_POINT('',(-11.,-15.,-41.3));
#20946=CARTESIAN_POINT('',(-11.,-15.,-41.3));
#20947=CARTESIAN_POINT('Origin',(-15.,-15.,-41.3));
#20948=CARTESIAN_POINT('Origin',(-15.,-15.,-41.3));
#20949=CARTESIAN_POINT('Origin',(-15.,-15.,0.));
#20950=CARTESIAN_POINT('',(0.,0.,0.));
#20951=CARTESIAN_POINT('Origin',(-15.,15.,-41.3));
#20952=CARTESIAN_POINT('',(-13.4,15.,-41.3));
#20953=CARTESIAN_POINT('Origin',(-15.,15.,-41.3));
#20954=CARTESIAN_POINT('',(-13.4,15.,0.));
#20955=CARTESIAN_POINT('',(-13.4,15.,-41.3));
#20956=CARTESIAN_POINT('Origin',(-15.,15.,0.));
#20957=CARTESIAN_POINT('Origin',(-15.,15.,-41.3));
#20958=CARTESIAN_POINT('',(-11.,15.,0.));
#20959=CARTESIAN_POINT('Origin',(-15.,15.,0.));
#20960=CARTESIAN_POINT('',(-11.,15.,-41.3));
#20961=CARTESIAN_POINT('',(-11.,15.,-41.3));
#20962=CARTESIAN_POINT('Origin',(-15.,15.,-41.3));
#20963=CARTESIAN_POINT('Origin',(-15.,15.,-41.3));
#20964=CARTESIAN_POINT('Origin',(-15.,15.,0.));
#20965=CARTESIAN_POINT('',(0.,0.,0.));
#20966=CARTESIAN_POINT('Origin',(15.,-15.,-41.3));
#20967=CARTESIAN_POINT('',(16.6,-15.,-41.3));
#20968=CARTESIAN_POINT('Origin',(15.,-15.,-41.3));
#20969=CARTESIAN_POINT('',(16.6,-15.,0.));
#20970=CARTESIAN_POINT('',(16.6,-15.,-41.3));
#20971=CARTESIAN_POINT('Origin',(15.,-15.,0.));
#20972=CARTESIAN_POINT('Origin',(15.,-15.,-41.3));
#20973=CARTESIAN_POINT('',(19.,-15.,0.));
#20974=CARTESIAN_POINT('Origin',(15.,-15.,0.));
#20975=CARTESIAN_POINT('',(19.,-15.,-41.3));
#20976=CARTESIAN_POINT('',(19.,-15.,-41.3));
#20977=CARTESIAN_POINT('Origin',(15.,-15.,-41.3));
#20978=CARTESIAN_POINT('Origin',(15.,-15.,-41.3));
#20979=CARTESIAN_POINT('Origin',(15.,-15.,0.));
#20980=CARTESIAN_POINT('',(0.,0.,0.));
#20981=CARTESIAN_POINT('Origin',(15.,15.,-41.3));
#20982=CARTESIAN_POINT('',(16.6,15.,-41.3));
#20983=CARTESIAN_POINT('Origin',(15.,15.,-41.3));
#20984=CARTESIAN_POINT('',(16.6,15.,0.));
#20985=CARTESIAN_POINT('',(16.6,15.,-41.3));
#20986=CARTESIAN_POINT('Origin',(15.,15.,0.));
#20987=CARTESIAN_POINT('Origin',(15.,15.,-41.3));
#20988=CARTESIAN_POINT('',(19.,15.,0.));
#20989=CARTESIAN_POINT('Origin',(15.,15.,0.));
#20990=CARTESIAN_POINT('',(19.,15.,-41.3));
#20991=CARTESIAN_POINT('',(19.,15.,-41.3));
#20992=CARTESIAN_POINT('Origin',(15.,15.,-41.3));
#20993=CARTESIAN_POINT('Origin',(15.,15.,-41.3));
#20994=CARTESIAN_POINT('Origin',(15.,15.,0.));
#20995=CARTESIAN_POINT('',(0.,0.,0.));
#20996=CARTESIAN_POINT('Origin',(60.,-10.,32.));
#20997=CARTESIAN_POINT('',(61.5,-10.,45.));
#20998=CARTESIAN_POINT('Origin',(60.,-10.,45.));
#20999=CARTESIAN_POINT('',(61.5,-10.,32.));
#21000=CARTESIAN_POINT('',(61.5,-10.,32.));
#21001=CARTESIAN_POINT('Origin',(60.,-10.,32.));
#21002=CARTESIAN_POINT('Origin',(60.,-10.,32.));
#21003=CARTESIAN_POINT('Origin',(60.,-10.,45.));
#21004=CARTESIAN_POINT('',(0.,0.,0.));
#21005=CARTESIAN_POINT('Origin',(60.,10.,32.));
#21006=CARTESIAN_POINT('',(61.5,10.,45.));
#21007=CARTESIAN_POINT('Origin',(60.,10.,45.));
#21008=CARTESIAN_POINT('',(61.5,10.,32.));
#21009=CARTESIAN_POINT('',(61.5,10.,32.));
#21010=CARTESIAN_POINT('Origin',(60.,10.,32.));
#21011=CARTESIAN_POINT('Origin',(60.,10.,32.));
#21012=CARTESIAN_POINT('Origin',(60.,10.,45.));
#21013=CARTESIAN_POINT('',(0.,0.,0.));
#21014=CARTESIAN_POINT('Origin',(60.,10.,33.5));
#21015=CARTESIAN_POINT('',(61.6,10.,33.5));
#21016=CARTESIAN_POINT('Origin',(60.,10.,33.5));
#21017=CARTESIAN_POINT('',(61.6,10.,35.15));
#21018=CARTESIAN_POINT('',(61.6,10.,33.5));
#21019=CARTESIAN_POINT('Origin',(60.,10.,35.15));
#21020=CARTESIAN_POINT('Origin',(60.,-10.,33.5));
#21021=CARTESIAN_POINT('',(61.6,-10.,33.5));
#21022=CARTESIAN_POINT('Origin',(60.,-10.,33.5));
#21023=CARTESIAN_POINT('',(61.6,-10.,35.15));
#21024=CARTESIAN_POINT('',(61.6,-10.,33.5));
#21025=CARTESIAN_POINT('Origin',(60.,-10.,35.15));
#21026=CARTESIAN_POINT('Origin',(55.,6.,33.11));
#21027=CARTESIAN_POINT('',(65.,6.,33.5));
#21028=CARTESIAN_POINT('',(55.,6.,33.5));
#21029=CARTESIAN_POINT('',(60.,6.,33.5));
#21030=CARTESIAN_POINT('',(65.,6.,33.11));
#21031=CARTESIAN_POINT('',(65.,6.,33.11));
#21032=CARTESIAN_POINT('',(55.,6.,33.11));
#21033=CARTESIAN_POINT('',(55.,6.,33.11));
#21034=CARTESIAN_POINT('',(55.,6.,33.11));
#21035=CARTESIAN_POINT('Origin',(55.,-6.,33.89));
#21036=CARTESIAN_POINT('',(55.,1.66533453693773E-15,33.5));
#21037=CARTESIAN_POINT('',(55.,-6.,33.89));
#21038=CARTESIAN_POINT('',(55.,0.0197415917747517,33.4987167965346));
#21039=CARTESIAN_POINT('',(55.,-6.,33.89));
#21040=CARTESIAN_POINT('',(65.,-6.,33.89));
#21041=CARTESIAN_POINT('',(65.,-6.,33.89));
#21042=CARTESIAN_POINT('',(55.,-6.,33.89));
#21043=CARTESIAN_POINT('Origin',(55.,0.171269702903884,34.3186691798806));
#21044=CARTESIAN_POINT('',(55.,3.,33.5));
#21045=CARTESIAN_POINT('Origin',(55.,6.,32.5));
#21046=CARTESIAN_POINT('',(55.,-6.,33.5));
#21047=CARTESIAN_POINT('',(55.,-6.,32.5));
#21048=CARTESIAN_POINT('',(55.,3.,33.5));
#21049=CARTESIAN_POINT('Origin',(55.,-6.,32.5));
#21050=CARTESIAN_POINT('',(65.,-6.,33.5));
#21051=CARTESIAN_POINT('',(65.,-6.,33.));
#21052=CARTESIAN_POINT('',(55.,-6.,33.5));
#21053=CARTESIAN_POINT('Origin',(55.,0.,35.15));
#21054=CARTESIAN_POINT('',(65.,-14.,35.15));
#21055=CARTESIAN_POINT('',(65.,14.,35.15));
#21056=CARTESIAN_POINT('',(65.,-14.,35.15));
#21057=CARTESIAN_POINT('',(45.,14.,35.15));
#21058=CARTESIAN_POINT('',(65.,14.,35.15));
#21059=CARTESIAN_POINT('',(45.,-14.,35.15));
#21060=CARTESIAN_POINT('',(45.,14.,35.15));
#21061=CARTESIAN_POINT('',(45.,-14.,35.15));
#21062=CARTESIAN_POINT('Origin',(65.,-14.,33.5));
#21063=CARTESIAN_POINT('',(65.,14.,33.5));
#21064=CARTESIAN_POINT('',(65.,-14.,33.5));
#21065=CARTESIAN_POINT('',(65.,14.,33.5));
#21066=CARTESIAN_POINT('',(65.,-14.,33.5));
#21067=CARTESIAN_POINT('',(65.,-14.,33.5));
#21068=CARTESIAN_POINT('',(65.,-14.,33.5));
#21069=CARTESIAN_POINT('Origin',(45.,14.,33.5));
#21070=CARTESIAN_POINT('',(45.,14.,33.5));
#21071=CARTESIAN_POINT('',(45.,-14.,33.5));
#21072=CARTESIAN_POINT('',(45.,14.,33.5));
#21073=CARTESIAN_POINT('',(45.,-14.,33.5));
#21074=CARTESIAN_POINT('',(45.,14.,33.5));
#21075=CARTESIAN_POINT('Origin',(65.,14.,33.5));
#21076=CARTESIAN_POINT('',(65.,14.,33.5));
#21077=CARTESIAN_POINT('Origin',(45.,-14.,33.5));
#21078=CARTESIAN_POINT('',(45.,-14.,33.5));
#21079=CARTESIAN_POINT('Origin',(55.,0.,33.5));
#21080=CARTESIAN_POINT('',(0.,0.,0.));
#21081=CARTESIAN_POINT('Origin',(60.,10.,41.35));
#21082=CARTESIAN_POINT('',(61.6,10.,41.35));
#21083=CARTESIAN_POINT('Origin',(60.,10.,41.35));
#21084=CARTESIAN_POINT('',(61.6,10.,43.));
#21085=CARTESIAN_POINT('',(61.6,10.,41.35));
#21086=CARTESIAN_POINT('Origin',(60.,10.,43.));
#21087=CARTESIAN_POINT('Origin',(60.,-10.,41.35));
#21088=CARTESIAN_POINT('',(61.6,-10.,41.35));
#21089=CARTESIAN_POINT('Origin',(60.,-10.,41.35));
#21090=CARTESIAN_POINT('',(61.6,-10.,43.));
#21091=CARTESIAN_POINT('',(61.6,-10.,41.35));
#21092=CARTESIAN_POINT('Origin',(60.,-10.,43.));
#21093=CARTESIAN_POINT('Origin',(55.,6.,41.35));
#21094=CARTESIAN_POINT('',(55.,6.,43.));
#21095=CARTESIAN_POINT('',(65.,6.,43.));
#21096=CARTESIAN_POINT('',(60.,6.,43.));
#21097=CARTESIAN_POINT('',(55.,6.,43.21));
#21098=CARTESIAN_POINT('',(55.,6.,41.35));
#21099=CARTESIAN_POINT('',(65.,6.,43.21));
#21100=CARTESIAN_POINT('',(55.,6.,43.21));
#21101=CARTESIAN_POINT('',(65.,6.,41.35));
#21102=CARTESIAN_POINT('Origin',(55.,6.,43.21));
#21103=CARTESIAN_POINT('',(55.,2.54796184151473E-13,43.));
#21104=CARTESIAN_POINT('',(55.,6.,43.21));
#21105=CARTESIAN_POINT('',(55.,-6.,42.79));
#21106=CARTESIAN_POINT('',(55.,5.9648680366551,43.2087703812829));
#21107=CARTESIAN_POINT('',(65.,-6.,42.79));
#21108=CARTESIAN_POINT('',(55.,-6.,42.79));
#21109=CARTESIAN_POINT('',(65.,6.,43.21));
#21110=CARTESIAN_POINT('Origin',(55.,0.092282854528022,42.17683693761));
#21111=CARTESIAN_POINT('',(55.,3.,43.));
#21112=CARTESIAN_POINT('Origin',(55.,-6.,41.2));
#21113=CARTESIAN_POINT('',(55.,-6.,43.));
#21114=CARTESIAN_POINT('',(55.,-6.,41.2));
#21115=CARTESIAN_POINT('',(65.,-6.,43.));
#21116=CARTESIAN_POINT('',(55.,-6.,43.));
#21117=CARTESIAN_POINT('',(65.,-6.,41.275));
#21118=CARTESIAN_POINT('Origin',(55.,6.,41.2));
#21119=CARTESIAN_POINT('',(55.,3.,43.));
#21120=CARTESIAN_POINT('Origin',(55.,0.,43.));
#21121=CARTESIAN_POINT('',(65.,14.,43.));
#21122=CARTESIAN_POINT('',(65.,-14.,43.));
#21123=CARTESIAN_POINT('',(45.,14.,43.));
#21124=CARTESIAN_POINT('',(65.,14.,43.));
#21125=CARTESIAN_POINT('',(45.,-14.,43.));
#21126=CARTESIAN_POINT('',(45.,14.,43.));
#21127=CARTESIAN_POINT('',(65.,-14.,43.));
#21128=CARTESIAN_POINT('',(45.,-14.,43.));
#21129=CARTESIAN_POINT('',(65.,-14.,43.));
#21130=CARTESIAN_POINT('Origin',(45.,14.,41.35));
#21131=CARTESIAN_POINT('',(45.,14.,41.35));
#21132=CARTESIAN_POINT('',(45.,-14.,41.35));
#21133=CARTESIAN_POINT('',(45.,14.,41.35));
#21134=CARTESIAN_POINT('',(45.,-14.,41.35));
#21135=CARTESIAN_POINT('',(45.,14.,41.35));
#21136=CARTESIAN_POINT('Origin',(65.,14.,41.35));
#21137=CARTESIAN_POINT('',(65.,14.,41.35));
#21138=CARTESIAN_POINT('',(65.,14.,41.35));
#21139=CARTESIAN_POINT('',(65.,14.,41.35));
#21140=CARTESIAN_POINT('Origin',(65.,-14.,41.35));
#21141=CARTESIAN_POINT('',(65.,-14.,41.35));
#21142=CARTESIAN_POINT('',(65.,-14.,41.35));
#21143=CARTESIAN_POINT('',(65.,-14.,41.35));
#21144=CARTESIAN_POINT('Origin',(45.,-14.,41.35));
#21145=CARTESIAN_POINT('',(45.,-14.,41.35));
#21146=CARTESIAN_POINT('Origin',(55.,0.,41.35));
#21147=CARTESIAN_POINT('',(0.,0.,0.));
#21148=CARTESIAN_POINT('Origin',(-1.5,7.,37.));
#21149=CARTESIAN_POINT('',(-1.5,7.,37.));
#21150=CARTESIAN_POINT('',(-1.5,4.,37.));
#21151=CARTESIAN_POINT('',(-1.5,7.,37.));
#21152=CARTESIAN_POINT('',(-1.5,4.,49.));
#21153=CARTESIAN_POINT('',(-1.5,4.,37.));
#21154=CARTESIAN_POINT('',(-1.5,7.,49.));
#21155=CARTESIAN_POINT('',(-1.5,7.,49.));
#21156=CARTESIAN_POINT('',(-1.5,7.,37.));
#21157=CARTESIAN_POINT('Origin',(1.5,7.,37.));
#21158=CARTESIAN_POINT('',(1.5,7.,37.));
#21159=CARTESIAN_POINT('',(1.5,7.,37.));
#21160=CARTESIAN_POINT('',(1.5,7.,49.));
#21161=CARTESIAN_POINT('',(1.5,7.,49.));
#21162=CARTESIAN_POINT('',(1.5,7.,37.));
#21163=CARTESIAN_POINT('Origin',(1.5,4.,37.));
#21164=CARTESIAN_POINT('',(1.5,4.,37.));
#21165=CARTESIAN_POINT('',(1.5,4.,37.));
#21166=CARTESIAN_POINT('',(1.5,4.,49.));
#21167=CARTESIAN_POINT('',(1.5,4.,49.));
#21168=CARTESIAN_POINT('',(1.5,4.,37.));
#21169=CARTESIAN_POINT('Origin',(-1.5,4.,37.));
#21170=CARTESIAN_POINT('',(-1.5,4.,37.));
#21171=CARTESIAN_POINT('',(-1.5,4.,49.));
#21172=CARTESIAN_POINT('Origin',(0.,5.5,49.));
#21173=CARTESIAN_POINT('Origin',(0.,5.5,37.));
#21174=CARTESIAN_POINT('',(0.,0.,0.));
#21175=CARTESIAN_POINT('Origin',(0.,0.,34.));
#21176=CARTESIAN_POINT('',(5.,6.12323399573677E-16,34.));
#21177=CARTESIAN_POINT('Origin',(0.,0.,34.));
#21178=CARTESIAN_POINT('',(5.,6.12323399573677E-16,36.5));
#21179=CARTESIAN_POINT('',(5.,6.12323399573677E-16,34.));
#21180=CARTESIAN_POINT('Origin',(0.,0.,36.5));
#21181=CARTESIAN_POINT('Origin',(0.,0.,34.));
#21182=CARTESIAN_POINT('',(6.,7.34788079488412E-16,36.5));
#21183=CARTESIAN_POINT('Origin',(0.,0.,36.5));
#21184=CARTESIAN_POINT('',(6.,7.34788079488412E-16,34.));
#21185=CARTESIAN_POINT('',(6.,7.34788079488412E-16,34.));
#21186=CARTESIAN_POINT('Origin',(0.,0.,34.));
#21187=CARTESIAN_POINT('Origin',(-3.69627624575467E-16,0.,34.));
#21188=CARTESIAN_POINT('Origin',(-3.69627624575467E-16,0.,36.5));
#21189=CARTESIAN_POINT('',(0.,0.,0.));
#21190=CARTESIAN_POINT('Origin',(0.,0.,52.));
#21191=CARTESIAN_POINT('',(5.,6.12323399573677E-16,52.));
#21192=CARTESIAN_POINT('Origin',(0.,0.,52.));
#21193=CARTESIAN_POINT('',(5.,6.12323399573677E-16,52.5));
#21194=CARTESIAN_POINT('',(5.,6.12323399573677E-16,52.));
#21195=CARTESIAN_POINT('Origin',(0.,0.,52.5));
#21196=CARTESIAN_POINT('Origin',(0.,0.,52.));
#21197=CARTESIAN_POINT('',(9.,1.10218211923262E-15,52.5));
#21198=CARTESIAN_POINT('Origin',(0.,0.,52.5));
#21199=CARTESIAN_POINT('',(9.,1.10218211923262E-15,52.));
#21200=CARTESIAN_POINT('',(9.,1.10218211923262E-15,52.));
#21201=CARTESIAN_POINT('Origin',(0.,0.,52.));
#21202=CARTESIAN_POINT('Origin',(-5.03042222760184E-16,0.,52.));
#21203=CARTESIAN_POINT('Origin',(-5.03042222760184E-16,0.,52.5));
#21204=CARTESIAN_POINT('',(0.,0.,0.));
#21205=CARTESIAN_POINT('Origin',(0.,0.,53.5));
#21206=CARTESIAN_POINT('',(5.,6.12323399573677E-16,53.5));
#21207=CARTESIAN_POINT('Origin',(0.,0.,53.5));
#21208=CARTESIAN_POINT('',(5.,6.12323399573677E-16,54.));
#21209=CARTESIAN_POINT('',(5.,6.12323399573677E-16,53.5));
#21210=CARTESIAN_POINT('Origin',(0.,0.,54.));
#21211=CARTESIAN_POINT('Origin',(0.,0.,53.5));
#21212=CARTESIAN_POINT('',(9.,1.10218211923262E-15,54.));
#21213=CARTESIAN_POINT('Origin',(0.,0.,54.));
#21214=CARTESIAN_POINT('',(9.,1.10218211923262E-15,53.5));
#21215=CARTESIAN_POINT('',(9.,1.10218211923262E-15,53.5));
#21216=CARTESIAN_POINT('Origin',(0.,0.,53.5));
#21217=CARTESIAN_POINT('Origin',(-5.03042222760184E-16,0.,53.5));
#21218=CARTESIAN_POINT('Origin',(-5.03042222760184E-16,0.,54.));
#21219=CARTESIAN_POINT('',(0.,0.,0.));
#21220=CARTESIAN_POINT('Origin',(-15.,-15.,3.));
#21221=CARTESIAN_POINT('',(-13.4,-15.,3.));
#21222=CARTESIAN_POINT('Origin',(-15.,-15.,3.));
#21223=CARTESIAN_POINT('',(-13.4,-15.,4.));
#21224=CARTESIAN_POINT('',(-13.4,-15.,3.));
#21225=CARTESIAN_POINT('Origin',(-15.,-15.,4.));
#21226=CARTESIAN_POINT('Origin',(-15.,-15.,3.));
#21227=CARTESIAN_POINT('',(-11.,-15.,4.));
#21228=CARTESIAN_POINT('Origin',(-15.,-15.,4.));
#21229=CARTESIAN_POINT('',(-11.,-15.,3.));
#21230=CARTESIAN_POINT('',(-11.,-15.,3.));
#21231=CARTESIAN_POINT('Origin',(-15.,-15.,3.));
#21232=CARTESIAN_POINT('Origin',(-15.,-15.,3.));
#21233=CARTESIAN_POINT('Origin',(-15.,-15.,4.));
#21234=CARTESIAN_POINT('',(0.,0.,0.));
#21235=CARTESIAN_POINT('Origin',(-15.,15.,3.));
#21236=CARTESIAN_POINT('',(-13.4,15.,3.));
#21237=CARTESIAN_POINT('Origin',(-15.,15.,3.));
#21238=CARTESIAN_POINT('',(-13.4,15.,4.));
#21239=CARTESIAN_POINT('',(-13.4,15.,3.));
#21240=CARTESIAN_POINT('Origin',(-15.,15.,4.));
#21241=CARTESIAN_POINT('Origin',(-15.,15.,3.));
#21242=CARTESIAN_POINT('',(-11.,15.,4.));
#21243=CARTESIAN_POINT('Origin',(-15.,15.,4.));
#21244=CARTESIAN_POINT('',(-11.,15.,3.));
#21245=CARTESIAN_POINT('',(-11.,15.,3.));
#21246=CARTESIAN_POINT('Origin',(-15.,15.,3.));
#21247=CARTESIAN_POINT('Origin',(-15.,15.,3.));
#21248=CARTESIAN_POINT('Origin',(-15.,15.,4.));
#21249=CARTESIAN_POINT('',(0.,0.,0.));
#21250=CARTESIAN_POINT('Origin',(15.,-15.,3.));
#21251=CARTESIAN_POINT('',(16.6,-15.,3.));
#21252=CARTESIAN_POINT('Origin',(15.,-15.,3.));
#21253=CARTESIAN_POINT('',(16.6,-15.,4.));
#21254=CARTESIAN_POINT('',(16.6,-15.,3.));
#21255=CARTESIAN_POINT('Origin',(15.,-15.,4.));
#21256=CARTESIAN_POINT('Origin',(15.,-15.,3.));
#21257=CARTESIAN_POINT('',(19.,-15.,4.));
#21258=CARTESIAN_POINT('Origin',(15.,-15.,4.));
#21259=CARTESIAN_POINT('',(19.,-15.,3.));
#21260=CARTESIAN_POINT('',(19.,-15.,3.));
#21261=CARTESIAN_POINT('Origin',(15.,-15.,3.));
#21262=CARTESIAN_POINT('Origin',(15.,-15.,3.));
#21263=CARTESIAN_POINT('Origin',(15.,-15.,4.));
#21264=CARTESIAN_POINT('',(0.,0.,0.));
#21265=CARTESIAN_POINT('Origin',(15.,15.,3.));
#21266=CARTESIAN_POINT('',(16.6,15.,3.));
#21267=CARTESIAN_POINT('Origin',(15.,15.,3.));
#21268=CARTESIAN_POINT('',(16.6,15.,4.));
#21269=CARTESIAN_POINT('',(16.6,15.,3.));
#21270=CARTESIAN_POINT('Origin',(15.,15.,4.));
#21271=CARTESIAN_POINT('Origin',(15.,15.,3.));
#21272=CARTESIAN_POINT('',(19.,15.,4.));
#21273=CARTESIAN_POINT('Origin',(15.,15.,4.));
#21274=CARTESIAN_POINT('',(19.,15.,3.));
#21275=CARTESIAN_POINT('',(19.,15.,3.));
#21276=CARTESIAN_POINT('Origin',(15.,15.,3.));
#21277=CARTESIAN_POINT('Origin',(15.,15.,3.));
#21278=CARTESIAN_POINT('Origin',(15.,15.,4.));
#21279=CARTESIAN_POINT('',(0.,0.,0.));
#21280=CARTESIAN_POINT('Origin',(68.,-29.,42.));
#21281=CARTESIAN_POINT('',(66.,-30.,42.));
#21282=CARTESIAN_POINT('',(66.,-28.,42.));
#21283=CARTESIAN_POINT('',(66.,-29.5,42.));
#21284=CARTESIAN_POINT('',(72.,-30.,42.));
#21285=CARTESIAN_POINT('',(64.,-30.,42.));
#21286=CARTESIAN_POINT('',(72.,-28.,42.));
#21287=CARTESIAN_POINT('',(72.,-30.,42.));
#21288=CARTESIAN_POINT('',(72.,-28.,42.));
#21289=CARTESIAN_POINT('Origin',(72.,-30.,40.));
#21290=CARTESIAN_POINT('',(72.,-30.,40.));
#21291=CARTESIAN_POINT('',(72.,-28.,40.));
#21292=CARTESIAN_POINT('',(72.,-30.,40.));
#21293=CARTESIAN_POINT('',(72.,-28.,40.));
#21294=CARTESIAN_POINT('',(72.,-30.,40.));
#21295=CARTESIAN_POINT('Origin',(68.,-29.,40.));
#21296=CARTESIAN_POINT('',(66.,-28.,40.));
#21297=CARTESIAN_POINT('',(66.,-30.,40.));
#21298=CARTESIAN_POINT('',(66.,-29.5,40.));
#21299=CARTESIAN_POINT('',(72.,-28.,40.));
#21300=CARTESIAN_POINT('',(64.,-30.,40.));
#21301=CARTESIAN_POINT('Origin',(64.,-6.,32.));
#21302=CARTESIAN_POINT('',(64.,-28.,32.5));
#21303=CARTESIAN_POINT('',(64.,-28.,44.5));
#21304=CARTESIAN_POINT('',(64.,-28.,32.));
#21305=CARTESIAN_POINT('',(64.,-6.,32.5));
#21306=CARTESIAN_POINT('',(64.,-6.,32.5));
#21307=CARTESIAN_POINT('',(64.,-6.,32.));
#21308=CARTESIAN_POINT('',(64.,-6.,32.945));
#21309=CARTESIAN_POINT('',(64.,-30.,32.));
#21310=CARTESIAN_POINT('',(64.,-6.,32.));
#21311=CARTESIAN_POINT('',(64.,-30.,45.));
#21312=CARTESIAN_POINT('',(64.,-30.,32.));
#21313=CARTESIAN_POINT('',(64.,-6.,45.));
#21314=CARTESIAN_POINT('',(64.,-6.,45.));
#21315=CARTESIAN_POINT('',(64.,-6.,44.5));
#21316=CARTESIAN_POINT('',(64.,-6.,44.5));
#21317=CARTESIAN_POINT('',(64.,-6.,44.5));
#21318=CARTESIAN_POINT('Origin',(66.,-30.,32.));
#21319=CARTESIAN_POINT('',(66.,-30.,32.));
#21320=CARTESIAN_POINT('',(66.,-30.,32.));
#21321=CARTESIAN_POINT('',(66.,-6.,32.));
#21322=CARTESIAN_POINT('',(66.,-30.,32.));
#21323=CARTESIAN_POINT('',(66.,-6.,32.5));
#21324=CARTESIAN_POINT('',(66.,-6.,32.));
#21325=CARTESIAN_POINT('',(66.,-28.,32.5));
#21326=CARTESIAN_POINT('',(66.,-30.,32.5));
#21327=CARTESIAN_POINT('',(66.,-28.,32.));
#21328=CARTESIAN_POINT('Origin',(58.3,11.9,31.));
#21329=CARTESIAN_POINT('',(58.3,6.,32.));
#21330=CARTESIAN_POINT('',(58.3,-1.7,32.));
#21331=CARTESIAN_POINT('',(58.3,2.95,32.));
#21332=CARTESIAN_POINT('',(58.3,6.,33.11));
#21333=CARTESIAN_POINT('',(58.3,6.,31.5));
#21334=CARTESIAN_POINT('',(58.3,-1.7,33.6105));
#21335=CARTESIAN_POINT('',(58.3,9.00587517737559,32.9146181134706));
#21336=CARTESIAN_POINT('',(58.3,-1.7,31.));
#21337=CARTESIAN_POINT('Origin',(58.3,11.9,31.));
#21338=CARTESIAN_POINT('',(58.3,-1.7,45.));
#21339=CARTESIAN_POINT('',(58.3,6.,45.));
#21340=CARTESIAN_POINT('',(58.3,-8.55,45.));
#21341=CARTESIAN_POINT('',(58.3,-1.7,42.9405));
#21342=CARTESIAN_POINT('',(58.3,-1.7,31.));
#21343=CARTESIAN_POINT('',(58.3,6.,43.21));
#21344=CARTESIAN_POINT('',(58.3,2.73297710304877,43.0956541986067));
#21345=CARTESIAN_POINT('',(58.3,6.,37.105));
#21346=CARTESIAN_POINT('Origin',(61.7,-1.7,31.));
#21347=CARTESIAN_POINT('',(61.7,-1.7,32.));
#21348=CARTESIAN_POINT('',(61.7,6.,32.));
#21349=CARTESIAN_POINT('',(61.7,-3.85,32.));
#21350=CARTESIAN_POINT('',(61.7,-1.7,33.6105));
#21351=CARTESIAN_POINT('',(61.7,-1.7,31.));
#21352=CARTESIAN_POINT('',(61.7,6.,33.11));
#21353=CARTESIAN_POINT('',(61.7,2.23448430381638,33.3547585202519));
#21354=CARTESIAN_POINT('',(61.7,6.,31.5));
#21355=CARTESIAN_POINT('Origin',(58.3,-1.7,31.));
#21356=CARTESIAN_POINT('',(56.65,-1.7,32.));
#21357=CARTESIAN_POINT('',(56.65,-1.7,33.6105));
#21358=CARTESIAN_POINT('Origin',(61.7,-1.7,31.));
#21359=CARTESIAN_POINT('',(61.7,6.,45.));
#21360=CARTESIAN_POINT('',(61.7,-1.7,45.));
#21361=CARTESIAN_POINT('',(61.7,-15.35,45.));
#21362=CARTESIAN_POINT('',(61.7,6.,43.21));
#21363=CARTESIAN_POINT('',(61.7,6.,37.105));
#21364=CARTESIAN_POINT('',(61.7,-1.7,42.9405));
#21365=CARTESIAN_POINT('',(61.7,-4.05870308871632,42.8579453918949));
#21366=CARTESIAN_POINT('',(61.7,-1.7,31.));
#21367=CARTESIAN_POINT('Origin',(58.3,-1.7,31.));
#21368=CARTESIAN_POINT('',(61.65,-1.7,45.));
#21369=CARTESIAN_POINT('',(56.65,-1.7,42.9405));
#21370=CARTESIAN_POINT('Origin',(55.,-6.,42.79));
#21371=CARTESIAN_POINT('',(65.,6.,43.21));
#21372=CARTESIAN_POINT('',(55.,6.,43.21));
#21373=CARTESIAN_POINT('',(65.,-6.,42.79));
#21374=CARTESIAN_POINT('',(65.,-6.,42.79));
#21375=CARTESIAN_POINT('',(55.,-6.,42.79));
#21376=CARTESIAN_POINT('',(55.,-6.,42.79));
#21377=CARTESIAN_POINT('',(55.,6.,43.21));
#21378=CARTESIAN_POINT('',(55.,-6.,42.79));
#21379=CARTESIAN_POINT('',(55.,6.,43.21));
#21380=CARTESIAN_POINT('Origin',(55.,6.,43.21));
#21381=CARTESIAN_POINT('',(65.,6.,45.));
#21382=CARTESIAN_POINT('',(55.,6.,45.));
#21383=CARTESIAN_POINT('',(65.,6.,43.21));
#21384=CARTESIAN_POINT('Origin',(55.,6.,43.21));
#21385=CARTESIAN_POINT('',(55.,6.,45.));
#21386=CARTESIAN_POINT('',(55.,6.,43.21));
#21387=CARTESIAN_POINT('',(55.,6.,45.));
#21388=CARTESIAN_POINT('Origin',(55.,-6.,32.));
#21389=CARTESIAN_POINT('',(65.,6.,32.));
#21390=CARTESIAN_POINT('',(55.,6.,32.));
#21391=CARTESIAN_POINT('',(65.,-6.,32.));
#21392=CARTESIAN_POINT('',(65.,-6.,32.));
#21393=CARTESIAN_POINT('',(66.,-6.,32.));
#21394=CARTESIAN_POINT('',(64.,-30.,32.));
#21395=CARTESIAN_POINT('',(55.,-6.,32.));
#21396=CARTESIAN_POINT('',(55.,-6.,32.));
#21397=CARTESIAN_POINT('',(55.,6.,32.));
#21398=CARTESIAN_POINT('',(55.,-6.,32.));
#21399=CARTESIAN_POINT('',(55.,6.,32.));
#21400=CARTESIAN_POINT('Origin',(55.,6.,32.));
#21401=CARTESIAN_POINT('',(65.,6.,33.11));
#21402=CARTESIAN_POINT('',(55.,6.,33.11));
#21403=CARTESIAN_POINT('',(65.,6.,32.));
#21404=CARTESIAN_POINT('Origin',(55.,-6.,45.));
#21405=CARTESIAN_POINT('',(55.,-6.,45.));
#21406=CARTESIAN_POINT('',(55.,-6.,45.));
#21407=CARTESIAN_POINT('',(55.,-6.,45.));
#21408=CARTESIAN_POINT('',(65.,-6.,44.5));
#21409=CARTESIAN_POINT('',(65.,-6.,45.));
#21410=CARTESIAN_POINT('',(66.,-6.,44.5));
#21411=CARTESIAN_POINT('Origin',(65.,-0.0899763884268678,43.99816306239));
#21412=CARTESIAN_POINT('',(65.,-6.,45.));
#21413=CARTESIAN_POINT('',(65.,6.,45.));
#21414=CARTESIAN_POINT('',(65.,-6.,44.249081531195));
#21415=CARTESIAN_POINT('Origin',(55.,-0.0899763884268682,43.99816306239));
#21416=CARTESIAN_POINT('',(55.,6.,45.));
#21417=CARTESIAN_POINT('Origin',(66.,-6.,44.5));
#21418=CARTESIAN_POINT('',(66.,-6.,45.));
#21419=CARTESIAN_POINT('',(66.,-6.,45.));
#21420=CARTESIAN_POINT('',(66.,-6.,44.5));
#21421=CARTESIAN_POINT('',(66.,-6.,44.5));
#21422=CARTESIAN_POINT('',(66.,-6.,44.5));
#21423=CARTESIAN_POINT('Origin',(65.,-18.,44.5));
#21424=CARTESIAN_POINT('',(66.,-28.,44.5));
#21425=CARTESIAN_POINT('',(65.5,-28.,44.5));
#21426=CARTESIAN_POINT('',(66.,-30.,44.5));
#21427=CARTESIAN_POINT('Origin',(66.,-28.,32.));
#21428=CARTESIAN_POINT('',(66.,-28.,32.));
#21429=CARTESIAN_POINT('',(65.5,-28.,32.5));
#21430=CARTESIAN_POINT('Origin',(65.,-29.,45.));
#21431=CARTESIAN_POINT('',(66.,-30.,45.));
#21432=CARTESIAN_POINT('',(64.,-30.,45.));
#21433=CARTESIAN_POINT('',(66.,-30.,45.));
#21434=CARTESIAN_POINT('Origin',(65.,-18.,32.5));
#21435=CARTESIAN_POINT('',(65.,-6.,32.5));
#21436=CARTESIAN_POINT('',(66.,-6.,32.5));
#21437=CARTESIAN_POINT('',(60.,-6.,32.5));
#21438=CARTESIAN_POINT('Origin',(66.,-30.,32.));
#21439=CARTESIAN_POINT('',(66.,-30.,32.));
#21440=CARTESIAN_POINT('Origin',(66.,-6.,32.));
#21441=CARTESIAN_POINT('',(65.,-6.,33.89));
#21442=CARTESIAN_POINT('Origin',(64.,-30.,32.));
#21443=CARTESIAN_POINT('Origin',(55.,-6.,33.89));
#21444=CARTESIAN_POINT('',(65.,-6.,33.89));
#21445=CARTESIAN_POINT('',(65.,-6.,33.89));
#21446=CARTESIAN_POINT('',(55.,-6.,33.89));
#21447=CARTESIAN_POINT('',(55.,-6.,33.89));
#21448=CARTESIAN_POINT('',(55.,-6.,33.89));
#21449=CARTESIAN_POINT('Origin',(55.,6.,33.11));
#21450=CARTESIAN_POINT('',(55.,6.,33.11));
#21451=CARTESIAN_POINT('',(55.,6.,33.11));
#21452=CARTESIAN_POINT('',(55.,6.,33.11));
#21453=CARTESIAN_POINT('',(65.,6.,33.11));
#21454=CARTESIAN_POINT('Origin',(55.,6.,32.));
#21455=CARTESIAN_POINT('',(55.,6.,32.));
#21456=CARTESIAN_POINT('Origin',(65.,-0.173170916456,32.7563308201194));
#21457=CARTESIAN_POINT('Origin',(55.,-0.173170916456,32.7563308201194));
#21458=CARTESIAN_POINT('',(0.,0.,0.));
#21459=CARTESIAN_POINT('Origin',(62.5,-82.,33.5));
#21460=CARTESIAN_POINT('',(64.,-82.,33.5));
#21461=CARTESIAN_POINT('Origin',(62.5,-82.,33.5));
#21462=CARTESIAN_POINT('',(64.,-82.,43.5));
#21463=CARTESIAN_POINT('',(64.,-82.,33.5));
#21464=CARTESIAN_POINT('Origin',(62.5,-82.,43.5));
#21465=CARTESIAN_POINT('Origin',(59.5,-79.5,33.5));
#21466=CARTESIAN_POINT('',(59.5,-79.5,33.5));
#21467=CARTESIAN_POINT('',(59.5,-84.,33.5));
#21468=CARTESIAN_POINT('',(59.5,-79.5,33.5));
#21469=CARTESIAN_POINT('',(59.5,-84.,43.5));
#21470=CARTESIAN_POINT('',(59.5,-84.,33.5));
#21471=CARTESIAN_POINT('',(59.5,-79.5,43.5));
#21472=CARTESIAN_POINT('',(59.5,-79.5,43.5));
#21473=CARTESIAN_POINT('',(59.5,-79.5,32.25));
#21474=CARTESIAN_POINT('Origin',(65.5,-84.,33.5));
#21475=CARTESIAN_POINT('',(65.5,-84.,33.5));
#21476=CARTESIAN_POINT('',(65.5,-79.5,33.5));
#21477=CARTESIAN_POINT('',(65.5,-84.,33.5));
#21478=CARTESIAN_POINT('',(65.5,-79.5,43.5));
#21479=CARTESIAN_POINT('',(65.5,-79.5,32.25));
#21480=CARTESIAN_POINT('',(65.5,-84.,43.5));
#21481=CARTESIAN_POINT('',(65.5,-84.,43.5));
#21482=CARTESIAN_POINT('',(65.5,-84.,33.5));
#21483=CARTESIAN_POINT('Origin',(59.5,-84.,33.5));
#21484=CARTESIAN_POINT('',(59.5,-84.,33.5));
#21485=CARTESIAN_POINT('',(59.5,-84.,43.5));
#21486=CARTESIAN_POINT('Origin',(62.5,-81.75,43.5));
#21487=CARTESIAN_POINT('',(58.125,-79.5,43.5));
#21488=CARTESIAN_POINT('Origin',(62.5,-81.75,33.5));
#21489=CARTESIAN_POINT('',(58.125,-79.5,33.5));
#21490=CARTESIAN_POINT('Origin',(53.75,-43.,31.));
#21491=CARTESIAN_POINT('',(53.75,-43.,31.));
#21492=CARTESIAN_POINT('',(53.75,-79.5,31.));
#21493=CARTESIAN_POINT('',(53.75,-43.,31.));
#21494=CARTESIAN_POINT('',(53.75,-79.5,46.));
#21495=CARTESIAN_POINT('',(53.75,-79.5,31.));
#21496=CARTESIAN_POINT('',(53.75,-43.,46.));
#21497=CARTESIAN_POINT('',(53.75,-43.,46.));
#21498=CARTESIAN_POINT('',(53.75,-43.,31.));
#21499=CARTESIAN_POINT('Origin',(75.25,-43.,31.));
#21500=CARTESIAN_POINT('',(75.25,-43.,31.));
#21501=CARTESIAN_POINT('',(75.25,-43.,31.));
#21502=CARTESIAN_POINT('',(75.25,-43.,46.));
#21503=CARTESIAN_POINT('',(75.25,-43.,46.));
#21504=CARTESIAN_POINT('',(75.25,-43.,31.));
#21505=CARTESIAN_POINT('Origin',(75.25,-79.5,31.));
#21506=CARTESIAN_POINT('',(75.25,-79.5,31.));
#21507=CARTESIAN_POINT('',(75.25,-79.5,31.));
#21508=CARTESIAN_POINT('',(75.25,-79.5,46.));
#21509=CARTESIAN_POINT('',(75.25,-79.5,46.));
#21510=CARTESIAN_POINT('',(75.25,-79.5,31.));
#21511=CARTESIAN_POINT('Origin',(53.75,-79.5,31.));
#21512=CARTESIAN_POINT('',(53.75,-79.5,31.));
#21513=CARTESIAN_POINT('',(53.75,-79.5,46.));
#21514=CARTESIAN_POINT('Origin',(64.5,-61.25,46.));
#21515=CARTESIAN_POINT('Origin',(64.5,-61.25,31.));
#21516=CARTESIAN_POINT('',(0.,0.,0.));
#21517=CARTESIAN_POINT('Origin',(65.,-31.5,36.));
#21518=CARTESIAN_POINT('',(66.5,-31.5,36.));
#21519=CARTESIAN_POINT('',(66.5,-31.5,41.));
#21520=CARTESIAN_POINT('',(66.5,-31.5,36.));
#21521=CARTESIAN_POINT('',(65.,-30.,36.));
#21522=CARTESIAN_POINT('Origin',(65.,-31.5,36.));
#21523=CARTESIAN_POINT('',(65.,-30.,41.));
#21524=CARTESIAN_POINT('',(65.,-30.,36.));
#21525=CARTESIAN_POINT('Origin',(65.,-31.5,41.));
#21526=CARTESIAN_POINT('Origin',(65.,-31.5,36.));
#21527=CARTESIAN_POINT('Origin',(65.,-31.5,41.));
#21528=CARTESIAN_POINT('',(65.,-30.,36.));
#21529=CARTESIAN_POINT('Origin',(65.,-31.5,36.));
#21530=CARTESIAN_POINT('Origin',(65.,-36.5,41.));
#21531=CARTESIAN_POINT('',(62.5,-43.,41.));
#21532=CARTESIAN_POINT('',(67.5,-43.,41.));
#21533=CARTESIAN_POINT('',(62.5,-43.,41.));
#21534=CARTESIAN_POINT('',(67.5,-30.,41.));
#21535=CARTESIAN_POINT('',(67.5,-43.,41.));
#21536=CARTESIAN_POINT('',(67.5,-30.,41.));
#21537=CARTESIAN_POINT('',(62.5,-30.,41.));
#21538=CARTESIAN_POINT('',(67.5,-30.,41.));
#21539=CARTESIAN_POINT('',(62.5,-30.,41.));
#21540=CARTESIAN_POINT('Origin',(67.5,-30.,36.));
#21541=CARTESIAN_POINT('',(62.5,-30.,36.));
#21542=CARTESIAN_POINT('',(67.5,-30.,36.));
#21543=CARTESIAN_POINT('',(62.5,-30.,36.));
#21544=CARTESIAN_POINT('Origin',(65.,-36.5,36.));
#21545=CARTESIAN_POINT('',(62.5,-43.,36.));
#21546=CARTESIAN_POINT('',(67.5,-43.,36.));
#21547=CARTESIAN_POINT('',(62.5,-43.,36.));
#21548=CARTESIAN_POINT('',(62.5,-30.,36.));
#21549=CARTESIAN_POINT('',(67.5,-30.,36.));
#21550=CARTESIAN_POINT('',(67.5,-30.,36.));
#21551=CARTESIAN_POINT('',(67.5,-43.,36.));
#21552=CARTESIAN_POINT('Origin',(62.5,-30.,36.));
#21553=CARTESIAN_POINT('',(62.5,-43.,36.));
#21554=CARTESIAN_POINT('Origin',(67.5,-30.,36.));
#21555=CARTESIAN_POINT('',(67.5,-30.,36.));
#21556=CARTESIAN_POINT('Origin',(67.5,-43.,36.));
#21557=CARTESIAN_POINT('',(67.5,-43.,36.));
#21558=CARTESIAN_POINT('Origin',(62.5,-43.,36.));
#21559=CARTESIAN_POINT('',(0.,0.,0.));
#21560=CARTESIAN_POINT('Origin',(66.,-30.,41.));
#21561=CARTESIAN_POINT('',(66.,-30.,41.));
#21562=CARTESIAN_POINT('',(66.,-31.5,41.));
#21563=CARTESIAN_POINT('',(66.,-30.,41.));
#21564=CARTESIAN_POINT('',(66.,-31.5,43.));
#21565=CARTESIAN_POINT('',(66.,-31.5,41.));
#21566=CARTESIAN_POINT('',(66.,-30.,43.));
#21567=CARTESIAN_POINT('',(66.,-30.,43.));
#21568=CARTESIAN_POINT('',(66.,-30.,41.));
#21569=CARTESIAN_POINT('Origin',(68.,-30.,36.));
#21570=CARTESIAN_POINT('',(68.,-31.5,36.));
#21571=CARTESIAN_POINT('',(68.,-30.,36.));
#21572=CARTESIAN_POINT('',(68.,-30.375,36.));
#21573=CARTESIAN_POINT('',(68.,-31.5,41.));
#21574=CARTESIAN_POINT('',(68.,-31.5,36.));
#21575=CARTESIAN_POINT('',(68.,-30.,41.));
#21576=CARTESIAN_POINT('',(68.,-30.,41.));
#21577=CARTESIAN_POINT('',(68.,-30.,36.));
#21578=CARTESIAN_POINT('Origin',(66.,-30.,34.));
#21579=CARTESIAN_POINT('',(66.,-30.,34.));
#21580=CARTESIAN_POINT('',(66.,-31.5,34.));
#21581=CARTESIAN_POINT('',(66.,-30.,34.));
#21582=CARTESIAN_POINT('',(66.,-31.5,36.));
#21583=CARTESIAN_POINT('',(66.,-31.5,34.));
#21584=CARTESIAN_POINT('',(66.,-30.,36.));
#21585=CARTESIAN_POINT('',(66.,-30.,36.));
#21586=CARTESIAN_POINT('',(66.,-30.,34.));
#21587=CARTESIAN_POINT('Origin',(69.,-31.5,34.));
#21588=CARTESIAN_POINT('',(69.,-31.5,34.));
#21589=CARTESIAN_POINT('',(69.,-30.,34.));
#21590=CARTESIAN_POINT('',(69.,-31.5,34.));
#21591=CARTESIAN_POINT('',(69.,-30.,43.));
#21592=CARTESIAN_POINT('',(69.,-30.,34.));
#21593=CARTESIAN_POINT('',(69.,-31.5,43.));
#21594=CARTESIAN_POINT('',(69.,-31.5,43.));
#21595=CARTESIAN_POINT('',(69.,-31.5,34.));
#21596=CARTESIAN_POINT('Origin',(65.,-30.75,34.));
#21597=CARTESIAN_POINT('',(69.,-30.,34.));
#21598=CARTESIAN_POINT('',(62.5,-31.5,34.));
#21599=CARTESIAN_POINT('Origin',(65.,-30.75,36.));
#21600=CARTESIAN_POINT('',(67.5,-30.,36.));
#21601=CARTESIAN_POINT('',(62.5,-31.5,36.));
#21602=CARTESIAN_POINT('Origin',(62.5,-31.5,34.));
#21603=CARTESIAN_POINT('',(66.,-31.5,41.));
#21604=CARTESIAN_POINT('',(62.5,-31.5,43.));
#21605=CARTESIAN_POINT('Origin',(67.5,-30.,34.));
#21606=CARTESIAN_POINT('',(67.5,-30.,41.));
#21607=CARTESIAN_POINT('',(69.,-30.,43.));
#21608=CARTESIAN_POINT('Origin',(65.,-30.75,43.));
#21609=CARTESIAN_POINT('Origin',(65.,-30.75,41.));
#21610=CARTESIAN_POINT('Origin',(65.,-31.,34.));
#21611=CARTESIAN_POINT('',(63.8819660112501,-30.,36.));
#21612=CARTESIAN_POINT('',(63.8819660112501,-30.,34.));
#21613=CARTESIAN_POINT('',(63.8819660112501,-30.,34.));
#21614=CARTESIAN_POINT('',(63.5857864376269,-31.5,36.));
#21615=CARTESIAN_POINT('Origin',(65.,-31.,36.));
#21616=CARTESIAN_POINT('',(63.5857864376269,-31.5,34.));
#21617=CARTESIAN_POINT('',(63.5857864376269,-31.5,34.));
#21618=CARTESIAN_POINT('Origin',(65.,-31.,34.));
#21619=CARTESIAN_POINT('Origin',(65.,-30.75,36.));
#21620=CARTESIAN_POINT('',(62.5,-30.,36.));
#21621=CARTESIAN_POINT('',(67.5,-30.,36.));
#21622=CARTESIAN_POINT('',(62.5,-31.5,36.));
#21623=CARTESIAN_POINT('',(62.5,-30.,36.));
#21624=CARTESIAN_POINT('',(62.5,-31.5,36.));
#21625=CARTESIAN_POINT('Origin',(67.5,-30.,34.));
#21626=CARTESIAN_POINT('',(62.5,-30.,34.));
#21627=CARTESIAN_POINT('',(67.5,-30.,34.));
#21628=CARTESIAN_POINT('',(62.5,-30.,34.));
#21629=CARTESIAN_POINT('Origin',(65.,-30.75,34.));
#21630=CARTESIAN_POINT('',(62.5,-31.5,34.));
#21631=CARTESIAN_POINT('',(62.5,-31.5,34.));
#21632=CARTESIAN_POINT('',(62.5,-30.,34.));
#21633=CARTESIAN_POINT('Origin',(62.5,-31.5,34.));
#21634=CARTESIAN_POINT('',(62.5,-31.5,34.));
#21635=CARTESIAN_POINT('Origin',(62.5,-30.,34.));
#21636=CARTESIAN_POINT('Origin',(67.5,-30.,34.));
#21637=CARTESIAN_POINT('',(63.8819660112501,-30.,43.));
#21638=CARTESIAN_POINT('',(63.8819660112501,-30.,41.));
#21639=CARTESIAN_POINT('',(63.8819660112501,-30.,34.));
#21640=CARTESIAN_POINT('',(62.5,-30.,41.));
#21641=CARTESIAN_POINT('',(67.5,-30.,41.));
#21642=CARTESIAN_POINT('',(62.5,-30.,43.));
#21643=CARTESIAN_POINT('',(62.5,-30.,41.));
#21644=CARTESIAN_POINT('',(67.5,-30.,43.));
#21645=CARTESIAN_POINT('Origin',(65.,-30.75,41.));
#21646=CARTESIAN_POINT('',(63.5857864376269,-31.5,41.));
#21647=CARTESIAN_POINT('Origin',(65.,-31.,41.));
#21648=CARTESIAN_POINT('',(62.5,-31.5,41.));
#21649=CARTESIAN_POINT('',(62.5,-31.5,41.));
#21650=CARTESIAN_POINT('',(62.5,-30.,41.));
#21651=CARTESIAN_POINT('Origin',(62.5,-30.,41.));
#21652=CARTESIAN_POINT('',(62.5,-31.5,43.));
#21653=CARTESIAN_POINT('',(62.5,-31.5,41.));
#21654=CARTESIAN_POINT('',(62.5,-30.,43.));
#21655=CARTESIAN_POINT('Origin',(62.5,-31.5,34.));
#21656=CARTESIAN_POINT('',(63.5857864376269,-31.5,43.));
#21657=CARTESIAN_POINT('',(63.5857864376269,-31.5,34.));
#21658=CARTESIAN_POINT('',(62.5,-31.5,43.));
#21659=CARTESIAN_POINT('Origin',(65.,-30.75,43.));
#21660=CARTESIAN_POINT('Origin',(65.,-31.,43.));
#21661=CARTESIAN_POINT('Origin',(65.,-31.,34.));
#21662=CARTESIAN_POINT('',(0.,0.,0.));
#21663=CARTESIAN_POINT('Origin',(78.,-40.,3.));
#21664=CARTESIAN_POINT('',(79.6,-40.,3.));
#21665=CARTESIAN_POINT('Origin',(78.,-40.,3.));
#21666=CARTESIAN_POINT('',(79.6,-40.,31.));
#21667=CARTESIAN_POINT('',(79.6,-40.,3.));
#21668=CARTESIAN_POINT('Origin',(78.,-40.,31.));
#21669=CARTESIAN_POINT('Origin',(78.,-85.,3.));
#21670=CARTESIAN_POINT('',(79.6,-85.,3.));
#21671=CARTESIAN_POINT('Origin',(78.,-85.,3.));
#21672=CARTESIAN_POINT('',(79.6,-85.,31.));
#21673=CARTESIAN_POINT('',(79.6,-85.,3.));
#21674=CARTESIAN_POINT('Origin',(78.,-85.,31.));
#21675=CARTESIAN_POINT('Origin',(75.5,-37.5,3.));
#21676=CARTESIAN_POINT('',(75.5,-37.5,3.));
#21677=CARTESIAN_POINT('',(75.5,-42.5,3.));
#21678=CARTESIAN_POINT('',(75.5,-37.5,3.));
#21679=CARTESIAN_POINT('',(75.5,-42.5,29.));
#21680=CARTESIAN_POINT('',(75.5,-42.5,3.));
#21681=CARTESIAN_POINT('',(75.5,-37.5,29.));
#21682=CARTESIAN_POINT('',(75.5,-50.25,29.));
#21683=CARTESIAN_POINT('',(75.5,-37.5,3.));
#21684=CARTESIAN_POINT('Origin',(80.5,-37.5,3.));
#21685=CARTESIAN_POINT('',(80.5,-37.5,3.));
#21686=CARTESIAN_POINT('',(80.5,-37.5,3.));
#21687=CARTESIAN_POINT('',(80.5,-37.5,29.));
#21688=CARTESIAN_POINT('',(72.75,-37.5,29.));
#21689=CARTESIAN_POINT('',(80.5,-37.5,3.));
#21690=CARTESIAN_POINT('Origin',(80.5,-42.5,3.));
#21691=CARTESIAN_POINT('',(80.5,-42.5,3.));
#21692=CARTESIAN_POINT('',(80.5,-42.5,3.));
#21693=CARTESIAN_POINT('',(80.5,-42.5,29.));
#21694=CARTESIAN_POINT('',(80.5,-52.75,29.));
#21695=CARTESIAN_POINT('',(80.5,-42.5,3.));
#21696=CARTESIAN_POINT('Origin',(75.5,-42.5,3.));
#21697=CARTESIAN_POINT('',(75.5,-42.5,3.));
#21698=CARTESIAN_POINT('',(70.25,-42.5,29.));
#21699=CARTESIAN_POINT('Origin',(78.,-40.,3.));
#21700=CARTESIAN_POINT('Origin',(75.5,-82.5,3.));
#21701=CARTESIAN_POINT('',(75.5,-82.5,3.));
#21702=CARTESIAN_POINT('',(75.5,-87.5,3.));
#21703=CARTESIAN_POINT('',(75.5,-82.5,3.));
#21704=CARTESIAN_POINT('',(75.5,-87.5,29.));
#21705=CARTESIAN_POINT('',(75.5,-87.5,3.));
#21706=CARTESIAN_POINT('',(75.5,-82.5,29.));
#21707=CARTESIAN_POINT('',(75.5,-72.75,29.));
#21708=CARTESIAN_POINT('',(75.5,-82.5,3.));
#21709=CARTESIAN_POINT('Origin',(80.5,-82.5,3.));
#21710=CARTESIAN_POINT('',(80.5,-82.5,3.));
#21711=CARTESIAN_POINT('',(80.5,-82.5,3.));
#21712=CARTESIAN_POINT('',(80.5,-82.5,29.));
#21713=CARTESIAN_POINT('',(72.75,-82.5,29.));
#21714=CARTESIAN_POINT('',(80.5,-82.5,3.));
#21715=CARTESIAN_POINT('Origin',(80.5,-87.5,3.));
#21716=CARTESIAN_POINT('',(80.5,-87.5,3.));
#21717=CARTESIAN_POINT('',(80.5,-87.5,3.));
#21718=CARTESIAN_POINT('',(80.5,-87.5,29.));
#21719=CARTESIAN_POINT('',(80.5,-75.25,29.));
#21720=CARTESIAN_POINT('',(80.5,-87.5,3.));
#21721=CARTESIAN_POINT('Origin',(75.5,-87.5,3.));
#21722=CARTESIAN_POINT('',(75.5,-87.5,3.));
#21723=CARTESIAN_POINT('',(70.25,-87.5,29.));
#21724=CARTESIAN_POINT('Origin',(78.,-85.,3.));
#21725=CARTESIAN_POINT('Origin',(49.,-35.,29.));
#21726=CARTESIAN_POINT('',(49.,-35.,29.));
#21727=CARTESIAN_POINT('',(49.,-91.,29.));
#21728=CARTESIAN_POINT('',(49.,-35.,29.));
#21729=CARTESIAN_POINT('',(49.,-91.,31.));
#21730=CARTESIAN_POINT('',(49.,-91.,29.));
#21731=CARTESIAN_POINT('',(49.,-35.,31.));
#21732=CARTESIAN_POINT('',(49.,-35.,31.));
#21733=CARTESIAN_POINT('',(49.,-35.,29.));
#21734=CARTESIAN_POINT('Origin',(81.,-35.,29.));
#21735=CARTESIAN_POINT('',(81.,-35.,29.));
#21736=CARTESIAN_POINT('',(81.,-35.,29.));
#21737=CARTESIAN_POINT('',(81.,-35.,31.));
#21738=CARTESIAN_POINT('',(81.,-35.,31.));
#21739=CARTESIAN_POINT('',(81.,-35.,29.));
#21740=CARTESIAN_POINT('Origin',(81.,-91.,29.));
#21741=CARTESIAN_POINT('',(81.,-91.,29.));
#21742=CARTESIAN_POINT('',(81.,-91.,29.));
#21743=CARTESIAN_POINT('',(81.,-91.,31.));
#21744=CARTESIAN_POINT('',(81.,-91.,31.));
#21745=CARTESIAN_POINT('',(81.,-91.,29.));
#21746=CARTESIAN_POINT('Origin',(49.,-91.,29.));
#21747=CARTESIAN_POINT('',(49.,-91.,29.));
#21748=CARTESIAN_POINT('',(49.,-91.,31.));
#21749=CARTESIAN_POINT('Origin',(65.,-63.,31.));
#21750=CARTESIAN_POINT('Origin',(65.,-63.,29.));
#21751=CARTESIAN_POINT('',(0.,0.,0.));
#21752=CARTESIAN_POINT('Origin',(72.,-16.,4.));
#21753=CARTESIAN_POINT('',(72.,-16.,4.));
#21754=CARTESIAN_POINT('',(72.,-18.,4.));
#21755=CARTESIAN_POINT('',(72.,-16.,4.));
#21756=CARTESIAN_POINT('',(72.,-18.,27.));
#21757=CARTESIAN_POINT('',(72.,-18.,4.));
#21758=CARTESIAN_POINT('',(72.,-16.,27.));
#21759=CARTESIAN_POINT('',(72.,-20.,27.));
#21760=CARTESIAN_POINT('',(72.,-16.,4.));
#21761=CARTESIAN_POINT('Origin',(72.,-18.,4.));
#21762=CARTESIAN_POINT('',(74.,-18.,4.));
#21763=CARTESIAN_POINT('',(72.,-18.,4.));
#21764=CARTESIAN_POINT('',(74.,-18.,27.));
#21765=CARTESIAN_POINT('',(74.,-18.,4.));
#21766=CARTESIAN_POINT('',(72.,-18.,27.));
#21767=CARTESIAN_POINT('Origin',(73.,-17.,4.));
#21768=CARTESIAN_POINT('',(74.,-16.,4.));
#21769=CARTESIAN_POINT('',(74.,-16.,4.));
#21770=CARTESIAN_POINT('',(74.,-18.,4.));
#21771=CARTESIAN_POINT('Origin',(74.,-32.,27.));
#21772=CARTESIAN_POINT('',(74.,-32.,27.));
#21773=CARTESIAN_POINT('',(74.,-32.,27.));
#21774=CARTESIAN_POINT('',(74.,-16.,29.));
#21775=CARTESIAN_POINT('',(74.,-16.,27.));
#21776=CARTESIAN_POINT('',(74.,-32.,29.));
#21777=CARTESIAN_POINT('',(74.,-32.,29.));
#21778=CARTESIAN_POINT('',(74.,-32.,27.));
#21779=CARTESIAN_POINT('Origin',(72.,-24.,29.));
#21780=CARTESIAN_POINT('',(72.,-32.,29.));
#21781=CARTESIAN_POINT('',(72.,-30.,29.));
#21782=CARTESIAN_POINT('',(72.,-32.,29.));
#21783=CARTESIAN_POINT('',(70.,-32.,29.));
#21784=CARTESIAN_POINT('',(72.,-16.,29.));
#21785=CARTESIAN_POINT('',(74.,-16.,29.));
#21786=CARTESIAN_POINT('',(72.,-18.,29.));
#21787=CARTESIAN_POINT('',(72.,-18.,29.));
#21788=CARTESIAN_POINT('',(70.,-18.,29.));
#21789=CARTESIAN_POINT('',(70.,-18.,29.));
#21790=CARTESIAN_POINT('',(70.,-30.,29.));
#21791=CARTESIAN_POINT('',(70.,-16.,29.));
#21792=CARTESIAN_POINT('',(72.,-30.,29.));
#21793=CARTESIAN_POINT('Origin',(72.,-24.,27.));
#21794=CARTESIAN_POINT('',(70.,-32.,27.));
#21795=CARTESIAN_POINT('',(70.,-32.,27.));
#21796=CARTESIAN_POINT('',(70.,-16.,27.));
#21797=CARTESIAN_POINT('',(70.,-16.,27.));
#21798=CARTESIAN_POINT('',(74.,-16.,27.));
#21799=CARTESIAN_POINT('Origin',(72.,-16.,29.));
#21800=CARTESIAN_POINT('',(70.,-16.,42.));
#21801=CARTESIAN_POINT('',(70.,-16.,29.));
#21802=CARTESIAN_POINT('',(72.,-16.,42.));
#21803=CARTESIAN_POINT('',(72.,-16.,42.));
#21804=CARTESIAN_POINT('',(72.,-16.,29.));
#21805=CARTESIAN_POINT('Origin',(72.,-18.,29.));
#21806=CARTESIAN_POINT('',(72.,-18.,42.));
#21807=CARTESIAN_POINT('',(72.,-18.,42.));
#21808=CARTESIAN_POINT('',(72.,-18.,29.));
#21809=CARTESIAN_POINT('Origin',(70.,-18.,29.));
#21810=CARTESIAN_POINT('',(70.,-18.,42.));
#21811=CARTESIAN_POINT('',(70.,-18.,42.));
#21812=CARTESIAN_POINT('',(70.,-18.,29.));
#21813=CARTESIAN_POINT('Origin',(71.,-17.,42.));
#21814=CARTESIAN_POINT('',(70.,-16.,42.));
#21815=CARTESIAN_POINT('Origin',(70.,-30.,29.));
#21816=CARTESIAN_POINT('',(70.,-32.,42.));
#21817=CARTESIAN_POINT('',(70.,-32.,27.));
#21818=CARTESIAN_POINT('',(70.,-30.,42.));
#21819=CARTESIAN_POINT('',(70.,-30.,42.));
#21820=CARTESIAN_POINT('',(70.,-30.,29.));
#21821=CARTESIAN_POINT('Origin',(72.,-30.,29.));
#21822=CARTESIAN_POINT('',(72.,-30.,42.));
#21823=CARTESIAN_POINT('',(72.,-30.,42.));
#21824=CARTESIAN_POINT('',(72.,-30.,29.));
#21825=CARTESIAN_POINT('Origin',(72.,-32.,29.));
#21826=CARTESIAN_POINT('',(72.,-32.,42.));
#21827=CARTESIAN_POINT('',(72.,-32.,42.));
#21828=CARTESIAN_POINT('',(72.,-32.,29.));
#21829=CARTESIAN_POINT('Origin',(70.,-32.,29.));
#21830=CARTESIAN_POINT('',(70.,-32.,42.));
#21831=CARTESIAN_POINT('Origin',(71.,-31.,42.));
#21832=CARTESIAN_POINT('',(0.,0.,0.));
#21833=CARTESIAN_POINT('Origin',(60.,-10.,38.));
#21834=CARTESIAN_POINT('',(61.5,-10.,38.));
#21835=CARTESIAN_POINT('Origin',(60.,-10.,38.));
#21836=CARTESIAN_POINT('',(61.5,-10.,38.4));
#21837=CARTESIAN_POINT('',(61.5,-10.,38.));
#21838=CARTESIAN_POINT('Origin',(60.,-10.,38.4));
#21839=CARTESIAN_POINT('Origin',(60.,-10.,38.));
#21840=CARTESIAN_POINT('',(63.,-10.,38.4));
#21841=CARTESIAN_POINT('Origin',(60.,-10.,38.4));
#21842=CARTESIAN_POINT('',(63.,-10.,38.));
#21843=CARTESIAN_POINT('',(63.,-10.,38.));
#21844=CARTESIAN_POINT('Origin',(60.,-10.,38.));
#21845=CARTESIAN_POINT('Origin',(60.,-10.,38.));
#21846=CARTESIAN_POINT('Origin',(60.,-10.,38.4));
#21847=CARTESIAN_POINT('',(0.,0.,0.));
#21848=CARTESIAN_POINT('Origin',(60.,10.,38.));
#21849=CARTESIAN_POINT('',(61.5,10.,38.));
#21850=CARTESIAN_POINT('Origin',(60.,10.,38.));
#21851=CARTESIAN_POINT('',(61.5,10.,38.4));
#21852=CARTESIAN_POINT('',(61.5,10.,38.));
#21853=CARTESIAN_POINT('Origin',(60.,10.,38.4));
#21854=CARTESIAN_POINT('Origin',(60.,10.,38.));
#21855=CARTESIAN_POINT('',(63.,10.,38.4));
#21856=CARTESIAN_POINT('Origin',(60.,10.,38.4));
#21857=CARTESIAN_POINT('',(63.,10.,38.));
#21858=CARTESIAN_POINT('',(63.,10.,38.));
#21859=CARTESIAN_POINT('Origin',(60.,10.,38.));
#21860=CARTESIAN_POINT('Origin',(60.,10.,38.));
#21861=CARTESIAN_POINT('Origin',(60.,10.,38.4));
#21862=CARTESIAN_POINT('',(0.,0.,0.));
#21863=CARTESIAN_POINT('Origin',(60.,-10.,35.15));
#21864=CARTESIAN_POINT('',(61.8,-10.,35.15));
#21865=CARTESIAN_POINT('Origin',(60.,-10.,35.15));
#21866=CARTESIAN_POINT('',(61.8,-10.,38.));
#21867=CARTESIAN_POINT('',(61.8,-10.,35.15));
#21868=CARTESIAN_POINT('Origin',(60.,-10.,38.));
#21869=CARTESIAN_POINT('Origin',(60.,-10.,35.15));
#21870=CARTESIAN_POINT('',(63.,-10.,38.));
#21871=CARTESIAN_POINT('Origin',(60.,-10.,38.));
#21872=CARTESIAN_POINT('',(63.,-10.,35.15));
#21873=CARTESIAN_POINT('',(63.,-10.,35.15));
#21874=CARTESIAN_POINT('Origin',(60.,-10.,35.15));
#21875=CARTESIAN_POINT('Origin',(60.,-10.,35.15));
#21876=CARTESIAN_POINT('Origin',(60.,-10.,38.));
#21877=CARTESIAN_POINT('',(0.,0.,0.));
#21878=CARTESIAN_POINT('Origin',(60.,10.,35.15));
#21879=CARTESIAN_POINT('',(61.8,10.,35.15));
#21880=CARTESIAN_POINT('Origin',(60.,10.,35.15));
#21881=CARTESIAN_POINT('',(61.8,10.,38.));
#21882=CARTESIAN_POINT('',(61.8,10.,35.15));
#21883=CARTESIAN_POINT('Origin',(60.,10.,38.));
#21884=CARTESIAN_POINT('Origin',(60.,10.,35.15));
#21885=CARTESIAN_POINT('',(63.,10.,38.));
#21886=CARTESIAN_POINT('Origin',(60.,10.,38.));
#21887=CARTESIAN_POINT('',(63.,10.,35.15));
#21888=CARTESIAN_POINT('',(63.,10.,35.15));
#21889=CARTESIAN_POINT('Origin',(60.,10.,35.15));
#21890=CARTESIAN_POINT('Origin',(60.,10.,35.15));
#21891=CARTESIAN_POINT('Origin',(60.,10.,38.));
#21892=CARTESIAN_POINT('',(0.,0.,0.));
#21893=CARTESIAN_POINT('Origin',(60.,-10.,38.4));
#21894=CARTESIAN_POINT('',(61.8,-10.,38.4));
#21895=CARTESIAN_POINT('Origin',(60.,-10.,38.4));
#21896=CARTESIAN_POINT('',(61.8,-10.,41.35));
#21897=CARTESIAN_POINT('',(61.8,-10.,38.4));
#21898=CARTESIAN_POINT('Origin',(60.,-10.,41.35));
#21899=CARTESIAN_POINT('Origin',(60.,-10.,38.4));
#21900=CARTESIAN_POINT('',(63.,-10.,41.35));
#21901=CARTESIAN_POINT('Origin',(60.,-10.,41.35));
#21902=CARTESIAN_POINT('',(63.,-10.,38.4));
#21903=CARTESIAN_POINT('',(63.,-10.,38.4));
#21904=CARTESIAN_POINT('Origin',(60.,-10.,38.4));
#21905=CARTESIAN_POINT('Origin',(60.,-10.,38.4));
#21906=CARTESIAN_POINT('Origin',(60.,-10.,41.35));
#21907=CARTESIAN_POINT('',(0.,0.,0.));
#21908=CARTESIAN_POINT('Origin',(60.,10.,38.4));
#21909=CARTESIAN_POINT('',(61.8,10.,38.4));
#21910=CARTESIAN_POINT('Origin',(60.,10.,38.4));
#21911=CARTESIAN_POINT('',(61.8,10.,41.35));
#21912=CARTESIAN_POINT('',(61.8,10.,38.4));
#21913=CARTESIAN_POINT('Origin',(60.,10.,41.35));
#21914=CARTESIAN_POINT('Origin',(60.,10.,38.4));
#21915=CARTESIAN_POINT('',(63.,10.,41.35));
#21916=CARTESIAN_POINT('Origin',(60.,10.,41.35));
#21917=CARTESIAN_POINT('',(63.,10.,38.4));
#21918=CARTESIAN_POINT('',(63.,10.,38.4));
#21919=CARTESIAN_POINT('Origin',(60.,10.,38.4));
#21920=CARTESIAN_POINT('Origin',(60.,10.,38.4));
#21921=CARTESIAN_POINT('Origin',(60.,10.,41.35));
#21922=CARTESIAN_POINT('',(0.,0.,0.));
#21923=CARTESIAN_POINT('',(0.,0.,0.));
#21924=CARTESIAN_POINT('',(0.,0.,0.));
#21925=CARTESIAN_POINT('',(0.,0.,0.));
#21926=CARTESIAN_POINT('',(0.,0.,0.));
#21927=CARTESIAN_POINT('',(0.,0.,0.));
#21928=CARTESIAN_POINT('',(0.,0.,0.));
#21929=CARTESIAN_POINT('',(0.,0.,0.));
#21930=CARTESIAN_POINT('',(0.,0.,0.));
#21931=CARTESIAN_POINT('',(0.,0.,0.));
#21932=CARTESIAN_POINT('',(0.,0.,0.));
#21933=CARTESIAN_POINT('',(0.,0.,0.));
#21934=CARTESIAN_POINT('',(0.,0.,0.));
#21935=CARTESIAN_POINT('',(0.,0.,0.));
#21936=CARTESIAN_POINT('',(0.,0.,0.));
#21937=CARTESIAN_POINT('',(0.,0.,0.));
#21938=CARTESIAN_POINT('',(0.,0.,0.));
#21939=CARTESIAN_POINT('',(0.,0.,0.));
#21940=CARTESIAN_POINT('',(0.,0.,0.));
#21941=CARTESIAN_POINT('',(0.,0.,0.));
#21942=CARTESIAN_POINT('',(0.,0.,0.));
#21943=CARTESIAN_POINT('',(0.,0.,0.));
#21944=CARTESIAN_POINT('',(0.,0.,0.));
#21945=CARTESIAN_POINT('',(0.,0.,0.));
#21946=CARTESIAN_POINT('',(0.,0.,0.));
#21947=CARTESIAN_POINT('',(0.,0.,0.));
#21948=CARTESIAN_POINT('',(0.,0.,0.));
#21949=CARTESIAN_POINT('',(0.,0.,0.));
#21950=CARTESIAN_POINT('',(0.,0.,0.));
#21951=CARTESIAN_POINT('',(0.,0.,0.));
#21952=CARTESIAN_POINT('',(0.,0.,0.));
#21953=CARTESIAN_POINT('',(0.,0.,0.));
#21954=CARTESIAN_POINT('',(0.,0.,0.));
#21955=CARTESIAN_POINT('',(0.,0.,0.));
#21956=CARTESIAN_POINT('',(0.,0.,0.));
#21957=CARTESIAN_POINT('',(0.,0.,0.));
#21958=CARTESIAN_POINT('',(0.,0.,0.));
#21959=CARTESIAN_POINT('',(0.,0.,0.));
#21960=CARTESIAN_POINT('',(0.,0.,0.));
#21961=CARTESIAN_POINT('',(0.,0.,0.));
#21962=CARTESIAN_POINT('',(0.,0.,0.));
#21963=CARTESIAN_POINT('',(0.,0.,0.));
#21964=CARTESIAN_POINT('',(0.,0.,0.));
#21965=CARTESIAN_POINT('',(0.,0.,0.));
#21966=CARTESIAN_POINT('',(0.,0.,0.));
#21967=CARTESIAN_POINT('',(0.,0.,0.));
#21968=CARTESIAN_POINT('',(0.,0.,0.));
#21969=CARTESIAN_POINT('',(0.,0.,0.));
#21970=CARTESIAN_POINT('',(0.,0.,0.));
#21971=CARTESIAN_POINT('',(0.,0.,0.));
#21972=CARTESIAN_POINT('',(0.,0.,0.));
#21973=CARTESIAN_POINT('',(0.,0.,0.));
#21974=CARTESIAN_POINT('',(0.,0.,0.));
#21975=UNCERTAINTY_MEASURE_WITH_UNIT(LENGTH_MEASURE(0.01),#22085,
'DISTANCE_ACCURACY_VALUE',
'Maximum model space distance between geometric entities at asserted c
onnectivities');
#21976=UNCERTAINTY_MEASURE_WITH_UNIT(LENGTH_MEASURE(0.01),#22085,
'DISTANCE_ACCURACY_VALUE',
'Maximum model space distance between geometric entities at asserted c
onnectivities');
#21977=UNCERTAINTY_MEASURE_WITH_UNIT(LENGTH_MEASURE(0.01),#22085,
'DISTANCE_ACCURACY_VALUE',
'Maximum model space distance between geometric entities at asserted c
onnectivities');
#21978=UNCERTAINTY_MEASURE_WITH_UNIT(LENGTH_MEASURE(0.01),#22085,
'DISTANCE_ACCURACY_VALUE',
'Maximum model space distance between geometric entities at asserted c
onnectivities');
#21979=UNCERTAINTY_MEASURE_WITH_UNIT(LENGTH_MEASURE(0.01),#22085,
'DISTANCE_ACCURACY_VALUE',
'Maximum model space distance between geometric entities at asserted c
onnectivities');
#21980=UNCERTAINTY_MEASURE_WITH_UNIT(LENGTH_MEASURE(0.01),#22085,
'DISTANCE_ACCURACY_VALUE',
'Maximum model space distance between geometric entities at asserted c
onnectivities');
#21981=UNCERTAINTY_MEASURE_WITH_UNIT(LENGTH_MEASURE(0.01),#22085,
'DISTANCE_ACCURACY_VALUE',
'Maximum model space distance between geometric entities at asserted c
onnectivities');
#21982=UNCERTAINTY_MEASURE_WITH_UNIT(LENGTH_MEASURE(0.01),#22085,
'DISTANCE_ACCURACY_VALUE',
'Maximum model space distance between geometric entities at asserted c
onnectivities');
#21983=UNCERTAINTY_MEASURE_WITH_UNIT(LENGTH_MEASURE(0.01),#22085,
'DISTANCE_ACCURACY_VALUE',
'Maximum model space distance between geometric entities at asserted c
onnectivities');
#21984=UNCERTAINTY_MEASURE_WITH_UNIT(LENGTH_MEASURE(0.01),#22085,
'DISTANCE_ACCURACY_VALUE',
'Maximum model space distance between geometric entities at asserted c
onnectivities');
#21985=UNCERTAINTY_MEASURE_WITH_UNIT(LENGTH_MEASURE(0.01),#22085,
'DISTANCE_ACCURACY_VALUE',
'Maximum model space distance between geometric entities at asserted c
onnectivities');
#21986=UNCERTAINTY_MEASURE_WITH_UNIT(LENGTH_MEASURE(0.01),#22085,
'DISTANCE_ACCURACY_VALUE',
'Maximum model space distance between geometric entities at asserted c
onnectivities');
#21987=UNCERTAINTY_MEASURE_WITH_UNIT(LENGTH_MEASURE(0.01),#22085,
'DISTANCE_ACCURACY_VALUE',
'Maximum model space distance between geometric entities at asserted c
onnectivities');
#21988=UNCERTAINTY_MEASURE_WITH_UNIT(LENGTH_MEASURE(0.01),#22085,
'DISTANCE_ACCURACY_VALUE',
'Maximum model space distance between geometric entities at asserted c
onnectivities');
#21989=UNCERTAINTY_MEASURE_WITH_UNIT(LENGTH_MEASURE(0.01),#22085,
'DISTANCE_ACCURACY_VALUE',
'Maximum model space distance between geometric entities at asserted c
onnectivities');
#21990=UNCERTAINTY_MEASURE_WITH_UNIT(LENGTH_MEASURE(0.01),#22085,
'DISTANCE_ACCURACY_VALUE',
'Maximum model space distance between geometric entities at asserted c
onnectivities');
#21991=UNCERTAINTY_MEASURE_WITH_UNIT(LENGTH_MEASURE(0.01),#22085,
'DISTANCE_ACCURACY_VALUE',
'Maximum model space distance between geometric entities at asserted c
onnectivities');
#21992=UNCERTAINTY_MEASURE_WITH_UNIT(LENGTH_MEASURE(0.01),#22085,
'DISTANCE_ACCURACY_VALUE',
'Maximum model space distance between geometric entities at asserted c
onnectivities');
#21993=UNCERTAINTY_MEASURE_WITH_UNIT(LENGTH_MEASURE(0.01),#22085,
'DISTANCE_ACCURACY_VALUE',
'Maximum model space distance between geometric entities at asserted c
onnectivities');
#21994=UNCERTAINTY_MEASURE_WITH_UNIT(LENGTH_MEASURE(0.01),#22085,
'DISTANCE_ACCURACY_VALUE',
'Maximum model space distance between geometric entities at asserted c
onnectivities');
#21995=UNCERTAINTY_MEASURE_WITH_UNIT(LENGTH_MEASURE(0.01),#22085,
'DISTANCE_ACCURACY_VALUE',
'Maximum model space distance between geometric entities at asserted c
onnectivities');
#21996=UNCERTAINTY_MEASURE_WITH_UNIT(LENGTH_MEASURE(0.01),#22085,
'DISTANCE_ACCURACY_VALUE',
'Maximum model space distance between geometric entities at asserted c
onnectivities');
#21997=UNCERTAINTY_MEASURE_WITH_UNIT(LENGTH_MEASURE(0.01),#22085,
'DISTANCE_ACCURACY_VALUE',
'Maximum model space distance between geometric entities at asserted c
onnectivities');
#21998=UNCERTAINTY_MEASURE_WITH_UNIT(LENGTH_MEASURE(0.01),#22085,
'DISTANCE_ACCURACY_VALUE',
'Maximum model space distance between geometric entities at asserted c
onnectivities');
#21999=UNCERTAINTY_MEASURE_WITH_UNIT(LENGTH_MEASURE(0.01),#22085,
'DISTANCE_ACCURACY_VALUE',
'Maximum model space distance between geometric entities at asserted c
onnectivities');
#22000=UNCERTAINTY_MEASURE_WITH_UNIT(LENGTH_MEASURE(0.01),#22085,
'DISTANCE_ACCURACY_VALUE',
'Maximum model space distance between geometric entities at asserted c
onnectivities');
#22001=UNCERTAINTY_MEASURE_WITH_UNIT(LENGTH_MEASURE(0.01),#22085,
'DISTANCE_ACCURACY_VALUE',
'Maximum model space distance between geometric entities at asserted c
onnectivities');
#22002=UNCERTAINTY_MEASURE_WITH_UNIT(LENGTH_MEASURE(0.01),#22085,
'DISTANCE_ACCURACY_VALUE',
'Maximum model space distance between geometric entities at asserted c
onnectivities');
#22003=UNCERTAINTY_MEASURE_WITH_UNIT(LENGTH_MEASURE(0.01),#22085,
'DISTANCE_ACCURACY_VALUE',
'Maximum model space distance between geometric entities at asserted c
onnectivities');
#22004=UNCERTAINTY_MEASURE_WITH_UNIT(LENGTH_MEASURE(0.01),#22085,
'DISTANCE_ACCURACY_VALUE',
'Maximum model space distance between geometric entities at asserted c
onnectivities');
#22005=UNCERTAINTY_MEASURE_WITH_UNIT(LENGTH_MEASURE(0.01),#22085,
'DISTANCE_ACCURACY_VALUE',
'Maximum model space distance between geometric entities at asserted c
onnectivities');
#22006=UNCERTAINTY_MEASURE_WITH_UNIT(LENGTH_MEASURE(0.01),#22085,
'DISTANCE_ACCURACY_VALUE',
'Maximum model space distance between geometric entities at asserted c
onnectivities');
#22007=UNCERTAINTY_MEASURE_WITH_UNIT(LENGTH_MEASURE(0.01),#22085,
'DISTANCE_ACCURACY_VALUE',
'Maximum model space distance between geometric entities at asserted c
onnectivities');
#22008=UNCERTAINTY_MEASURE_WITH_UNIT(LENGTH_MEASURE(0.01),#22085,
'DISTANCE_ACCURACY_VALUE',
'Maximum model space distance between geometric entities at asserted c
onnectivities');
#22009=UNCERTAINTY_MEASURE_WITH_UNIT(LENGTH_MEASURE(0.01),#22085,
'DISTANCE_ACCURACY_VALUE',
'Maximum model space distance between geometric entities at asserted c
onnectivities');
#22010=UNCERTAINTY_MEASURE_WITH_UNIT(LENGTH_MEASURE(0.01),#22085,
'DISTANCE_ACCURACY_VALUE',
'Maximum model space distance between geometric entities at asserted c
onnectivities');
#22011=UNCERTAINTY_MEASURE_WITH_UNIT(LENGTH_MEASURE(0.01),#22085,
'DISTANCE_ACCURACY_VALUE',
'Maximum model space distance between geometric entities at asserted c
onnectivities');
#22012=UNCERTAINTY_MEASURE_WITH_UNIT(LENGTH_MEASURE(0.01),#22085,
'DISTANCE_ACCURACY_VALUE',
'Maximum model space distance between geometric entities at asserted c
onnectivities');
#22013=UNCERTAINTY_MEASURE_WITH_UNIT(LENGTH_MEASURE(0.01),#22085,
'DISTANCE_ACCURACY_VALUE',
'Maximum model space distance between geometric entities at asserted c
onnectivities');
#22014=UNCERTAINTY_MEASURE_WITH_UNIT(LENGTH_MEASURE(0.01),#22085,
'DISTANCE_ACCURACY_VALUE',
'Maximum model space distance between geometric entities at asserted c
onnectivities');
#22015=UNCERTAINTY_MEASURE_WITH_UNIT(LENGTH_MEASURE(0.01),#22085,
'DISTANCE_ACCURACY_VALUE',
'Maximum model space distance between geometric entities at asserted c
onnectivities');
#22016=UNCERTAINTY_MEASURE_WITH_UNIT(LENGTH_MEASURE(0.01),#22085,
'DISTANCE_ACCURACY_VALUE',
'Maximum model space distance between geometric entities at asserted c
onnectivities');
#22017=UNCERTAINTY_MEASURE_WITH_UNIT(LENGTH_MEASURE(0.01),#22085,
'DISTANCE_ACCURACY_VALUE',
'Maximum model space distance between geometric entities at asserted c
onnectivities');
#22018=UNCERTAINTY_MEASURE_WITH_UNIT(LENGTH_MEASURE(0.01),#22085,
'DISTANCE_ACCURACY_VALUE',
'Maximum model space distance between geometric entities at asserted c
onnectivities');
#22019=UNCERTAINTY_MEASURE_WITH_UNIT(LENGTH_MEASURE(0.01),#22085,
'DISTANCE_ACCURACY_VALUE',
'Maximum model space distance between geometric entities at asserted c
onnectivities');
#22020=UNCERTAINTY_MEASURE_WITH_UNIT(LENGTH_MEASURE(0.01),#22085,
'DISTANCE_ACCURACY_VALUE',
'Maximum model space distance between geometric entities at asserted c
onnectivities');
#22021=UNCERTAINTY_MEASURE_WITH_UNIT(LENGTH_MEASURE(0.01),#22085,
'DISTANCE_ACCURACY_VALUE',
'Maximum model space distance between geometric entities at asserted c
onnectivities');
#22022=UNCERTAINTY_MEASURE_WITH_UNIT(LENGTH_MEASURE(0.01),#22085,
'DISTANCE_ACCURACY_VALUE',
'Maximum model space distance between geometric entities at asserted c
onnectivities');
#22023=UNCERTAINTY_MEASURE_WITH_UNIT(LENGTH_MEASURE(0.01),#22085,
'DISTANCE_ACCURACY_VALUE',
'Maximum model space distance between geometric entities at asserted c
onnectivities');
#22024=UNCERTAINTY_MEASURE_WITH_UNIT(LENGTH_MEASURE(0.01),#22085,
'DISTANCE_ACCURACY_VALUE',
'Maximum model space distance between geometric entities at asserted c
onnectivities');
#22025=UNCERTAINTY_MEASURE_WITH_UNIT(LENGTH_MEASURE(0.01),#22085,
'DISTANCE_ACCURACY_VALUE',
'Maximum model space distance between geometric entities at asserted c
onnectivities');
#22026=UNCERTAINTY_MEASURE_WITH_UNIT(LENGTH_MEASURE(0.01),#22085,
'DISTANCE_ACCURACY_VALUE',
'Maximum model space distance between geometric entities at asserted c
onnectivities');
#22027=UNCERTAINTY_MEASURE_WITH_UNIT(LENGTH_MEASURE(0.01),#22085,
'DISTANCE_ACCURACY_VALUE',
'Maximum model space distance between geometric entities at asserted c
onnectivities');
#22028=UNCERTAINTY_MEASURE_WITH_UNIT(LENGTH_MEASURE(0.01),#22085,
'DISTANCE_ACCURACY_VALUE',
'Maximum model space distance between geometric entities at asserted c
onnectivities');
#22029=UNCERTAINTY_MEASURE_WITH_UNIT(LENGTH_MEASURE(0.01),#22085,
'DISTANCE_ACCURACY_VALUE',
'Maximum model space distance between geometric entities at asserted c
onnectivities');
#22030=(
GEOMETRIC_REPRESENTATION_CONTEXT(3)
GLOBAL_UNCERTAINTY_ASSIGNED_CONTEXT((#21975))
GLOBAL_UNIT_ASSIGNED_CONTEXT((#22085,#22087,#22088))
REPRESENTATION_CONTEXT('','3D')
);
#22031=(
GEOMETRIC_REPRESENTATION_CONTEXT(3)
GLOBAL_UNCERTAINTY_ASSIGNED_CONTEXT((#21976))
GLOBAL_UNIT_ASSIGNED_CONTEXT((#22085,#22087,#22088))
REPRESENTATION_CONTEXT('','3D')
);
#22032=(
GEOMETRIC_REPRESENTATION_CONTEXT(3)
GLOBAL_UNCERTAINTY_ASSIGNED_CONTEXT((#21977))
GLOBAL_UNIT_ASSIGNED_CONTEXT((#22085,#22087,#22088))
REPRESENTATION_CONTEXT('','3D')
);
#22033=(
GEOMETRIC_REPRESENTATION_CONTEXT(3)
GLOBAL_UNCERTAINTY_ASSIGNED_CONTEXT((#21978))
GLOBAL_UNIT_ASSIGNED_CONTEXT((#22085,#22087,#22088))
REPRESENTATION_CONTEXT('','3D')
);
#22034=(
GEOMETRIC_REPRESENTATION_CONTEXT(3)
GLOBAL_UNCERTAINTY_ASSIGNED_CONTEXT((#21979))
GLOBAL_UNIT_ASSIGNED_CONTEXT((#22085,#22087,#22088))
REPRESENTATION_CONTEXT('','3D')
);
#22035=(
GEOMETRIC_REPRESENTATION_CONTEXT(3)
GLOBAL_UNCERTAINTY_ASSIGNED_CONTEXT((#21980))
GLOBAL_UNIT_ASSIGNED_CONTEXT((#22085,#22087,#22088))
REPRESENTATION_CONTEXT('','3D')
);
#22036=(
GEOMETRIC_REPRESENTATION_CONTEXT(3)
GLOBAL_UNCERTAINTY_ASSIGNED_CONTEXT((#21981))
GLOBAL_UNIT_ASSIGNED_CONTEXT((#22085,#22087,#22088))
REPRESENTATION_CONTEXT('','3D')
);
#22037=(
GEOMETRIC_REPRESENTATION_CONTEXT(3)
GLOBAL_UNCERTAINTY_ASSIGNED_CONTEXT((#21982))
GLOBAL_UNIT_ASSIGNED_CONTEXT((#22085,#22087,#22088))
REPRESENTATION_CONTEXT('','3D')
);
#22038=(
GEOMETRIC_REPRESENTATION_CONTEXT(3)
GLOBAL_UNCERTAINTY_ASSIGNED_CONTEXT((#21983))
GLOBAL_UNIT_ASSIGNED_CONTEXT((#22085,#22087,#22088))
REPRESENTATION_CONTEXT('','3D')
);
#22039=(
GEOMETRIC_REPRESENTATION_CONTEXT(3)
GLOBAL_UNCERTAINTY_ASSIGNED_CONTEXT((#21984))
GLOBAL_UNIT_ASSIGNED_CONTEXT((#22085,#22087,#22088))
REPRESENTATION_CONTEXT('','3D')
);
#22040=(
GEOMETRIC_REPRESENTATION_CONTEXT(3)
GLOBAL_UNCERTAINTY_ASSIGNED_CONTEXT((#21985))
GLOBAL_UNIT_ASSIGNED_CONTEXT((#22085,#22087,#22088))
REPRESENTATION_CONTEXT('','3D')
);
#22041=(
GEOMETRIC_REPRESENTATION_CONTEXT(3)
GLOBAL_UNCERTAINTY_ASSIGNED_CONTEXT((#21986))
GLOBAL_UNIT_ASSIGNED_CONTEXT((#22085,#22087,#22088))
REPRESENTATION_CONTEXT('','3D')
);
#22042=(
GEOMETRIC_REPRESENTATION_CONTEXT(3)
GLOBAL_UNCERTAINTY_ASSIGNED_CONTEXT((#21987))
GLOBAL_UNIT_ASSIGNED_CONTEXT((#22085,#22087,#22088))
REPRESENTATION_CONTEXT('','3D')
);
#22043=(
GEOMETRIC_REPRESENTATION_CONTEXT(3)
GLOBAL_UNCERTAINTY_ASSIGNED_CONTEXT((#21988))
GLOBAL_UNIT_ASSIGNED_CONTEXT((#22085,#22087,#22088))
REPRESENTATION_CONTEXT('','3D')
);
#22044=(
GEOMETRIC_REPRESENTATION_CONTEXT(3)
GLOBAL_UNCERTAINTY_ASSIGNED_CONTEXT((#21989))
GLOBAL_UNIT_ASSIGNED_CONTEXT((#22085,#22087,#22088))
REPRESENTATION_CONTEXT('','3D')
);
#22045=(
GEOMETRIC_REPRESENTATION_CONTEXT(3)
GLOBAL_UNCERTAINTY_ASSIGNED_CONTEXT((#21990))
GLOBAL_UNIT_ASSIGNED_CONTEXT((#22085,#22087,#22088))
REPRESENTATION_CONTEXT('','3D')
);
#22046=(
GEOMETRIC_REPRESENTATION_CONTEXT(3)
GLOBAL_UNCERTAINTY_ASSIGNED_CONTEXT((#21991))
GLOBAL_UNIT_ASSIGNED_CONTEXT((#22085,#22087,#22088))
REPRESENTATION_CONTEXT('','3D')
);
#22047=(
GEOMETRIC_REPRESENTATION_CONTEXT(3)
GLOBAL_UNCERTAINTY_ASSIGNED_CONTEXT((#21992))
GLOBAL_UNIT_ASSIGNED_CONTEXT((#22085,#22087,#22088))
REPRESENTATION_CONTEXT('','3D')
);
#22048=(
GEOMETRIC_REPRESENTATION_CONTEXT(3)
GLOBAL_UNCERTAINTY_ASSIGNED_CONTEXT((#21993))
GLOBAL_UNIT_ASSIGNED_CONTEXT((#22085,#22087,#22088))
REPRESENTATION_CONTEXT('','3D')
);
#22049=(
GEOMETRIC_REPRESENTATION_CONTEXT(3)
GLOBAL_UNCERTAINTY_ASSIGNED_CONTEXT((#21994))
GLOBAL_UNIT_ASSIGNED_CONTEXT((#22085,#22087,#22088))
REPRESENTATION_CONTEXT('','3D')
);
#22050=(
GEOMETRIC_REPRESENTATION_CONTEXT(3)
GLOBAL_UNCERTAINTY_ASSIGNED_CONTEXT((#21995))
GLOBAL_UNIT_ASSIGNED_CONTEXT((#22085,#22087,#22088))
REPRESENTATION_CONTEXT('','3D')
);
#22051=(
GEOMETRIC_REPRESENTATION_CONTEXT(3)
GLOBAL_UNCERTAINTY_ASSIGNED_CONTEXT((#21996))
GLOBAL_UNIT_ASSIGNED_CONTEXT((#22085,#22087,#22088))
REPRESENTATION_CONTEXT('','3D')
);
#22052=(
GEOMETRIC_REPRESENTATION_CONTEXT(3)
GLOBAL_UNCERTAINTY_ASSIGNED_CONTEXT((#21997))
GLOBAL_UNIT_ASSIGNED_CONTEXT((#22085,#22087,#22088))
REPRESENTATION_CONTEXT('','3D')
);
#22053=(
GEOMETRIC_REPRESENTATION_CONTEXT(3)
GLOBAL_UNCERTAINTY_ASSIGNED_CONTEXT((#21998))
GLOBAL_UNIT_ASSIGNED_CONTEXT((#22085,#22087,#22088))
REPRESENTATION_CONTEXT('','3D')
);
#22054=(
GEOMETRIC_REPRESENTATION_CONTEXT(3)
GLOBAL_UNCERTAINTY_ASSIGNED_CONTEXT((#21999))
GLOBAL_UNIT_ASSIGNED_CONTEXT((#22085,#22087,#22088))
REPRESENTATION_CONTEXT('','3D')
);
#22055=(
GEOMETRIC_REPRESENTATION_CONTEXT(3)
GLOBAL_UNCERTAINTY_ASSIGNED_CONTEXT((#22000))
GLOBAL_UNIT_ASSIGNED_CONTEXT((#22085,#22087,#22088))
REPRESENTATION_CONTEXT('','3D')
);
#22056=(
GEOMETRIC_REPRESENTATION_CONTEXT(3)
GLOBAL_UNCERTAINTY_ASSIGNED_CONTEXT((#22001))
GLOBAL_UNIT_ASSIGNED_CONTEXT((#22085,#22087,#22088))
REPRESENTATION_CONTEXT('','3D')
);
#22057=(
GEOMETRIC_REPRESENTATION_CONTEXT(3)
GLOBAL_UNCERTAINTY_ASSIGNED_CONTEXT((#22002))
GLOBAL_UNIT_ASSIGNED_CONTEXT((#22085,#22087,#22088))
REPRESENTATION_CONTEXT('','3D')
);
#22058=(
GEOMETRIC_REPRESENTATION_CONTEXT(3)
GLOBAL_UNCERTAINTY_ASSIGNED_CONTEXT((#22003))
GLOBAL_UNIT_ASSIGNED_CONTEXT((#22085,#22087,#22088))
REPRESENTATION_CONTEXT('','3D')
);
#22059=(
GEOMETRIC_REPRESENTATION_CONTEXT(3)
GLOBAL_UNCERTAINTY_ASSIGNED_CONTEXT((#22004))
GLOBAL_UNIT_ASSIGNED_CONTEXT((#22085,#22087,#22088))
REPRESENTATION_CONTEXT('','3D')
);
#22060=(
GEOMETRIC_REPRESENTATION_CONTEXT(3)
GLOBAL_UNCERTAINTY_ASSIGNED_CONTEXT((#22005))
GLOBAL_UNIT_ASSIGNED_CONTEXT((#22085,#22087,#22088))
REPRESENTATION_CONTEXT('','3D')
);
#22061=(
GEOMETRIC_REPRESENTATION_CONTEXT(3)
GLOBAL_UNCERTAINTY_ASSIGNED_CONTEXT((#22006))
GLOBAL_UNIT_ASSIGNED_CONTEXT((#22085,#22087,#22088))
REPRESENTATION_CONTEXT('','3D')
);
#22062=(
GEOMETRIC_REPRESENTATION_CONTEXT(3)
GLOBAL_UNCERTAINTY_ASSIGNED_CONTEXT((#22007))
GLOBAL_UNIT_ASSIGNED_CONTEXT((#22085,#22087,#22088))
REPRESENTATION_CONTEXT('','3D')
);
#22063=(
GEOMETRIC_REPRESENTATION_CONTEXT(3)
GLOBAL_UNCERTAINTY_ASSIGNED_CONTEXT((#22008))
GLOBAL_UNIT_ASSIGNED_CONTEXT((#22085,#22087,#22088))
REPRESENTATION_CONTEXT('','3D')
);
#22064=(
GEOMETRIC_REPRESENTATION_CONTEXT(3)
GLOBAL_UNCERTAINTY_ASSIGNED_CONTEXT((#22009))
GLOBAL_UNIT_ASSIGNED_CONTEXT((#22085,#22087,#22088))
REPRESENTATION_CONTEXT('','3D')
);
#22065=(
GEOMETRIC_REPRESENTATION_CONTEXT(3)
GLOBAL_UNCERTAINTY_ASSIGNED_CONTEXT((#22010))
GLOBAL_UNIT_ASSIGNED_CONTEXT((#22085,#22087,#22088))
REPRESENTATION_CONTEXT('','3D')
);
#22066=(
GEOMETRIC_REPRESENTATION_CONTEXT(3)
GLOBAL_UNCERTAINTY_ASSIGNED_CONTEXT((#22011))
GLOBAL_UNIT_ASSIGNED_CONTEXT((#22085,#22087,#22088))
REPRESENTATION_CONTEXT('','3D')
);
#22067=(
GEOMETRIC_REPRESENTATION_CONTEXT(3)
GLOBAL_UNCERTAINTY_ASSIGNED_CONTEXT((#22012))
GLOBAL_UNIT_ASSIGNED_CONTEXT((#22085,#22087,#22088))
REPRESENTATION_CONTEXT('','3D')
);
#22068=(
GEOMETRIC_REPRESENTATION_CONTEXT(3)
GLOBAL_UNCERTAINTY_ASSIGNED_CONTEXT((#22013))
GLOBAL_UNIT_ASSIGNED_CONTEXT((#22085,#22087,#22088))
REPRESENTATION_CONTEXT('','3D')
);
#22069=(
GEOMETRIC_REPRESENTATION_CONTEXT(3)
GLOBAL_UNCERTAINTY_ASSIGNED_CONTEXT((#22014))
GLOBAL_UNIT_ASSIGNED_CONTEXT((#22085,#22087,#22088))
REPRESENTATION_CONTEXT('','3D')
);
#22070=(
GEOMETRIC_REPRESENTATION_CONTEXT(3)
GLOBAL_UNCERTAINTY_ASSIGNED_CONTEXT((#22015))
GLOBAL_UNIT_ASSIGNED_CONTEXT((#22085,#22087,#22088))
REPRESENTATION_CONTEXT('','3D')
);
#22071=(
GEOMETRIC_REPRESENTATION_CONTEXT(3)
GLOBAL_UNCERTAINTY_ASSIGNED_CONTEXT((#22016))
GLOBAL_UNIT_ASSIGNED_CONTEXT((#22085,#22087,#22088))
REPRESENTATION_CONTEXT('','3D')
);
#22072=(
GEOMETRIC_REPRESENTATION_CONTEXT(3)
GLOBAL_UNCERTAINTY_ASSIGNED_CONTEXT((#22017))
GLOBAL_UNIT_ASSIGNED_CONTEXT((#22085,#22087,#22088))
REPRESENTATION_CONTEXT('','3D')
);
#22073=(
GEOMETRIC_REPRESENTATION_CONTEXT(3)
GLOBAL_UNCERTAINTY_ASSIGNED_CONTEXT((#22018))
GLOBAL_UNIT_ASSIGNED_CONTEXT((#22085,#22087,#22088))
REPRESENTATION_CONTEXT('','3D')
);
#22074=(
GEOMETRIC_REPRESENTATION_CONTEXT(3)
GLOBAL_UNCERTAINTY_ASSIGNED_CONTEXT((#22019))
GLOBAL_UNIT_ASSIGNED_CONTEXT((#22085,#22087,#22088))
REPRESENTATION_CONTEXT('','3D')
);
#22075=(
GEOMETRIC_REPRESENTATION_CONTEXT(3)
GLOBAL_UNCERTAINTY_ASSIGNED_CONTEXT((#22020))
GLOBAL_UNIT_ASSIGNED_CONTEXT((#22085,#22087,#22088))
REPRESENTATION_CONTEXT('','3D')
);
#22076=(
GEOMETRIC_REPRESENTATION_CONTEXT(3)
GLOBAL_UNCERTAINTY_ASSIGNED_CONTEXT((#22021))
GLOBAL_UNIT_ASSIGNED_CONTEXT((#22085,#22087,#22088))
REPRESENTATION_CONTEXT('','3D')
);
#22077=(
GEOMETRIC_REPRESENTATION_CONTEXT(3)
GLOBAL_UNCERTAINTY_ASSIGNED_CONTEXT((#22022))
GLOBAL_UNIT_ASSIGNED_CONTEXT((#22085,#22087,#22088))
REPRESENTATION_CONTEXT('','3D')
);
#22078=(
GEOMETRIC_REPRESENTATION_CONTEXT(3)
GLOBAL_UNCERTAINTY_ASSIGNED_CONTEXT((#22023))
GLOBAL_UNIT_ASSIGNED_CONTEXT((#22085,#22087,#22088))
REPRESENTATION_CONTEXT('','3D')
);
#22079=(
GEOMETRIC_REPRESENTATION_CONTEXT(3)
GLOBAL_UNCERTAINTY_ASSIGNED_CONTEXT((#22024))
GLOBAL_UNIT_ASSIGNED_CONTEXT((#22085,#22087,#22088))
REPRESENTATION_CONTEXT('','3D')
);
#22080=(
GEOMETRIC_REPRESENTATION_CONTEXT(3)
GLOBAL_UNCERTAINTY_ASSIGNED_CONTEXT((#22025))
GLOBAL_UNIT_ASSIGNED_CONTEXT((#22085,#22087,#22088))
REPRESENTATION_CONTEXT('','3D')
);
#22081=(
GEOMETRIC_REPRESENTATION_CONTEXT(3)
GLOBAL_UNCERTAINTY_ASSIGNED_CONTEXT((#22026))
GLOBAL_UNIT_ASSIGNED_CONTEXT((#22085,#22087,#22088))
REPRESENTATION_CONTEXT('','3D')
);
#22082=(
GEOMETRIC_REPRESENTATION_CONTEXT(3)
GLOBAL_UNCERTAINTY_ASSIGNED_CONTEXT((#22027))
GLOBAL_UNIT_ASSIGNED_CONTEXT((#22085,#22087,#22088))
REPRESENTATION_CONTEXT('','3D')
);
#22083=(
GEOMETRIC_REPRESENTATION_CONTEXT(3)
GLOBAL_UNCERTAINTY_ASSIGNED_CONTEXT((#22028))
GLOBAL_UNIT_ASSIGNED_CONTEXT((#22085,#22087,#22088))
REPRESENTATION_CONTEXT('','3D')
);
#22084=(
GEOMETRIC_REPRESENTATION_CONTEXT(3)
GLOBAL_UNCERTAINTY_ASSIGNED_CONTEXT((#22029))
GLOBAL_UNIT_ASSIGNED_CONTEXT((#22085,#22087,#22088))
REPRESENTATION_CONTEXT('','3D')
);
#22085=(
LENGTH_UNIT()
NAMED_UNIT(*)
SI_UNIT(.MILLI.,.METRE.)
);
#22086=(
LENGTH_UNIT()
NAMED_UNIT(*)
SI_UNIT(.CENTI.,.METRE.)
);
#22087=(
NAMED_UNIT(*)
PLANE_ANGLE_UNIT()
SI_UNIT($,.RADIAN.)
);
#22088=(
NAMED_UNIT(*)
SI_UNIT($,.STERADIAN.)
SOLID_ANGLE_UNIT()
);
#22089=SHAPE_DEFINITION_REPRESENTATION(#22143,#22250);
#22090=SHAPE_DEFINITION_REPRESENTATION(#22144,#22251);
#22091=SHAPE_DEFINITION_REPRESENTATION(#22145,#22252);
#22092=SHAPE_DEFINITION_REPRESENTATION(#22146,#22253);
#22093=SHAPE_DEFINITION_REPRESENTATION(#22147,#22254);
#22094=SHAPE_DEFINITION_REPRESENTATION(#22148,#22255);
#22095=SHAPE_DEFINITION_REPRESENTATION(#22149,#22256);
#22096=SHAPE_DEFINITION_REPRESENTATION(#22150,#22257);
#22097=SHAPE_DEFINITION_REPRESENTATION(#22151,#22258);
#22098=SHAPE_DEFINITION_REPRESENTATION(#22152,#22259);
#22099=SHAPE_DEFINITION_REPRESENTATION(#22153,#22260);
#22100=SHAPE_DEFINITION_REPRESENTATION(#22154,#22261);
#22101=SHAPE_DEFINITION_REPRESENTATION(#22155,#22262);
#22102=SHAPE_DEFINITION_REPRESENTATION(#22156,#22263);
#22103=SHAPE_DEFINITION_REPRESENTATION(#22157,#22264);
#22104=SHAPE_DEFINITION_REPRESENTATION(#22158,#22265);
#22105=SHAPE_DEFINITION_REPRESENTATION(#22159,#22266);
#22106=SHAPE_DEFINITION_REPRESENTATION(#22160,#22267);
#22107=SHAPE_DEFINITION_REPRESENTATION(#22161,#22268);
#22108=SHAPE_DEFINITION_REPRESENTATION(#22162,#22269);
#22109=SHAPE_DEFINITION_REPRESENTATION(#22163,#22270);
#22110=SHAPE_DEFINITION_REPRESENTATION(#22164,#22271);
#22111=SHAPE_DEFINITION_REPRESENTATION(#22165,#22272);
#22112=SHAPE_DEFINITION_REPRESENTATION(#22166,#22273);
#22113=SHAPE_DEFINITION_REPRESENTATION(#22167,#22274);
#22114=SHAPE_DEFINITION_REPRESENTATION(#22168,#22275);
#22115=SHAPE_DEFINITION_REPRESENTATION(#22169,#22276);
#22116=SHAPE_DEFINITION_REPRESENTATION(#22170,#22277);
#22117=SHAPE_DEFINITION_REPRESENTATION(#22171,#22278);
#22118=SHAPE_DEFINITION_REPRESENTATION(#22172,#22279);
#22119=SHAPE_DEFINITION_REPRESENTATION(#22173,#22280);
#22120=SHAPE_DEFINITION_REPRESENTATION(#22174,#22281);
#22121=SHAPE_DEFINITION_REPRESENTATION(#22175,#22282);
#22122=SHAPE_DEFINITION_REPRESENTATION(#22176,#22283);
#22123=SHAPE_DEFINITION_REPRESENTATION(#22177,#22284);
#22124=SHAPE_DEFINITION_REPRESENTATION(#22178,#22285);
#22125=SHAPE_DEFINITION_REPRESENTATION(#22179,#22286);
#22126=SHAPE_DEFINITION_REPRESENTATION(#22180,#22287);
#22127=SHAPE_DEFINITION_REPRESENTATION(#22181,#22288);
#22128=SHAPE_DEFINITION_REPRESENTATION(#22182,#22289);
#22129=SHAPE_DEFINITION_REPRESENTATION(#22183,#22290);
#22130=SHAPE_DEFINITION_REPRESENTATION(#22184,#22291);
#22131=SHAPE_DEFINITION_REPRESENTATION(#22185,#22292);
#22132=SHAPE_DEFINITION_REPRESENTATION(#22186,#22293);
#22133=SHAPE_DEFINITION_REPRESENTATION(#22187,#22294);
#22134=SHAPE_DEFINITION_REPRESENTATION(#22188,#22295);
#22135=SHAPE_DEFINITION_REPRESENTATION(#22189,#22296);
#22136=SHAPE_DEFINITION_REPRESENTATION(#22190,#22297);
#22137=SHAPE_DEFINITION_REPRESENTATION(#22191,#22298);
#22138=SHAPE_DEFINITION_REPRESENTATION(#22192,#22299);
#22139=SHAPE_DEFINITION_REPRESENTATION(#22193,#22300);
#22140=SHAPE_DEFINITION_REPRESENTATION(#22194,#22301);
#22141=SHAPE_DEFINITION_REPRESENTATION(#22195,#22302);
#22142=SHAPE_DEFINITION_REPRESENTATION(#22196,#22303);
#22143=PRODUCT_DEFINITION_SHAPE('',$,#22305);
#22144=PRODUCT_DEFINITION_SHAPE('',$,#22306);
#22145=PRODUCT_DEFINITION_SHAPE('',$,#22307);
#22146=PRODUCT_DEFINITION_SHAPE('',$,#22308);
#22147=PRODUCT_DEFINITION_SHAPE('',$,#22309);
#22148=PRODUCT_DEFINITION_SHAPE('',$,#22310);
#22149=PRODUCT_DEFINITION_SHAPE('',$,#22311);
#22150=PRODUCT_DEFINITION_SHAPE('',$,#22312);
#22151=PRODUCT_DEFINITION_SHAPE('',$,#22313);
#22152=PRODUCT_DEFINITION_SHAPE('',$,#22314);
#22153=PRODUCT_DEFINITION_SHAPE('',$,#22315);
#22154=PRODUCT_DEFINITION_SHAPE('',$,#22316);
#22155=PRODUCT_DEFINITION_SHAPE('',$,#22317);
#22156=PRODUCT_DEFINITION_SHAPE('',$,#22318);
#22157=PRODUCT_DEFINITION_SHAPE('',$,#22319);
#22158=PRODUCT_DEFINITION_SHAPE('',$,#22320);
#22159=PRODUCT_DEFINITION_SHAPE('',$,#22321);
#22160=PRODUCT_DEFINITION_SHAPE('',$,#22322);
#22161=PRODUCT_DEFINITION_SHAPE('',$,#22323);
#22162=PRODUCT_DEFINITION_SHAPE('',$,#22324);
#22163=PRODUCT_DEFINITION_SHAPE('',$,#22325);
#22164=PRODUCT_DEFINITION_SHAPE('',$,#22326);
#22165=PRODUCT_DEFINITION_SHAPE('',$,#22327);
#22166=PRODUCT_DEFINITION_SHAPE('',$,#22328);
#22167=PRODUCT_DEFINITION_SHAPE('',$,#22329);
#22168=PRODUCT_DEFINITION_SHAPE('',$,#22330);
#22169=PRODUCT_DEFINITION_SHAPE('',$,#22331);
#22170=PRODUCT_DEFINITION_SHAPE('',$,#22332);
#22171=PRODUCT_DEFINITION_SHAPE('',$,#22333);
#22172=PRODUCT_DEFINITION_SHAPE('',$,#22334);
#22173=PRODUCT_DEFINITION_SHAPE('',$,#22335);
#22174=PRODUCT_DEFINITION_SHAPE('',$,#22336);
#22175=PRODUCT_DEFINITION_SHAPE('',$,#22337);
#22176=PRODUCT_DEFINITION_SHAPE('',$,#22338);
#22177=PRODUCT_DEFINITION_SHAPE('',$,#22339);
#22178=PRODUCT_DEFINITION_SHAPE('',$,#22340);
#22179=PRODUCT_DEFINITION_SHAPE('',$,#22341);
#22180=PRODUCT_DEFINITION_SHAPE('',$,#22342);
#22181=PRODUCT_DEFINITION_SHAPE('',$,#22343);
#22182=PRODUCT_DEFINITION_SHAPE('',$,#22344);
#22183=PRODUCT_DEFINITION_SHAPE('',$,#22345);
#22184=PRODUCT_DEFINITION_SHAPE('',$,#22346);
#22185=PRODUCT_DEFINITION_SHAPE('',$,#22347);
#22186=PRODUCT_DEFINITION_SHAPE('',$,#22348);
#22187=PRODUCT_DEFINITION_SHAPE('',$,#22349);
#22188=PRODUCT_DEFINITION_SHAPE('',$,#22350);
#22189=PRODUCT_DEFINITION_SHAPE('',$,#22351);
#22190=PRODUCT_DEFINITION_SHAPE('',$,#22352);
#22191=PRODUCT_DEFINITION_SHAPE('',$,#22353);
#22192=PRODUCT_DEFINITION_SHAPE('',$,#22354);
#22193=PRODUCT_DEFINITION_SHAPE('',$,#22355);
#22194=PRODUCT_DEFINITION_SHAPE('',$,#22356);
#22195=PRODUCT_DEFINITION_SHAPE('',$,#22357);
#22196=PRODUCT_DEFINITION_SHAPE('',$,#22358);
#22197=PRODUCT_DEFINITION_SHAPE($,$,#170);
#22198=PRODUCT_DEFINITION_SHAPE($,$,#171);
#22199=PRODUCT_DEFINITION_SHAPE($,$,#172);
#22200=PRODUCT_DEFINITION_SHAPE($,$,#173);
#22201=PRODUCT_DEFINITION_SHAPE($,$,#174);
#22202=PRODUCT_DEFINITION_SHAPE($,$,#175);
#22203=PRODUCT_DEFINITION_SHAPE($,$,#176);
#22204=PRODUCT_DEFINITION_SHAPE($,$,#177);
#22205=PRODUCT_DEFINITION_SHAPE($,$,#178);
#22206=PRODUCT_DEFINITION_SHAPE($,$,#179);
#22207=PRODUCT_DEFINITION_SHAPE($,$,#180);
#22208=PRODUCT_DEFINITION_SHAPE($,$,#181);
#22209=PRODUCT_DEFINITION_SHAPE($,$,#182);
#22210=PRODUCT_DEFINITION_SHAPE($,$,#183);
#22211=PRODUCT_DEFINITION_SHAPE($,$,#184);
#22212=PRODUCT_DEFINITION_SHAPE($,$,#185);
#22213=PRODUCT_DEFINITION_SHAPE($,$,#186);
#22214=PRODUCT_DEFINITION_SHAPE($,$,#187);
#22215=PRODUCT_DEFINITION_SHAPE($,$,#188);
#22216=PRODUCT_DEFINITION_SHAPE($,$,#189);
#22217=PRODUCT_DEFINITION_SHAPE($,$,#190);
#22218=PRODUCT_DEFINITION_SHAPE($,$,#191);
#22219=PRODUCT_DEFINITION_SHAPE($,$,#192);
#22220=PRODUCT_DEFINITION_SHAPE($,$,#193);
#22221=PRODUCT_DEFINITION_SHAPE($,$,#194);
#22222=PRODUCT_DEFINITION_SHAPE($,$,#195);
#22223=PRODUCT_DEFINITION_SHAPE($,$,#196);
#22224=PRODUCT_DEFINITION_SHAPE($,$,#197);
#22225=PRODUCT_DEFINITION_SHAPE($,$,#198);
#22226=PRODUCT_DEFINITION_SHAPE($,$,#199);
#22227=PRODUCT_DEFINITION_SHAPE($,$,#200);
#22228=PRODUCT_DEFINITION_SHAPE($,$,#201);
#22229=PRODUCT_DEFINITION_SHAPE($,$,#202);
#22230=PRODUCT_DEFINITION_SHAPE($,$,#203);
#22231=PRODUCT_DEFINITION_SHAPE($,$,#204);
#22232=PRODUCT_DEFINITION_SHAPE($,$,#205);
#22233=PRODUCT_DEFINITION_SHAPE($,$,#206);
#22234=PRODUCT_DEFINITION_SHAPE($,$,#207);
#22235=PRODUCT_DEFINITION_SHAPE($,$,#208);
#22236=PRODUCT_DEFINITION_SHAPE($,$,#209);
#22237=PRODUCT_DEFINITION_SHAPE($,$,#210);
#22238=PRODUCT_DEFINITION_SHAPE($,$,#211);
#22239=PRODUCT_DEFINITION_SHAPE($,$,#212);
#22240=PRODUCT_DEFINITION_SHAPE($,$,#213);
#22241=PRODUCT_DEFINITION_SHAPE($,$,#214);
#22242=PRODUCT_DEFINITION_SHAPE($,$,#215);
#22243=PRODUCT_DEFINITION_SHAPE($,$,#216);
#22244=PRODUCT_DEFINITION_SHAPE($,$,#217);
#22245=PRODUCT_DEFINITION_SHAPE($,$,#218);
#22246=PRODUCT_DEFINITION_SHAPE($,$,#219);
#22247=PRODUCT_DEFINITION_SHAPE($,$,#220);
#22248=PRODUCT_DEFINITION_SHAPE($,$,#221);
#22249=PRODUCT_DEFINITION_SHAPE($,$,#222);
#22250=SHAPE_REPRESENTATION('',(#13530,#14719,#14720,#14721,#14722,#14723,
#14724,#14725,#14726,#14727,#14728,#14729,#14730,#14731,#14732,#14733,#14734,
#14735,#14736,#14737,#14738,#14739,#14740,#14741,#14742,#14743,#14744,#14745,
#14746,#14747,#14748,#14749,#14750,#14751,#14752,#14753,#14754,#14755,#14756,
#14757,#14758,#14759,#14760,#14761,#14762,#14763,#14764,#14765,#14766,#14767,
#14768,#14769,#14770,#14771),#22030);
#22251=SHAPE_REPRESENTATION('',(#13531),#22031);
#22252=SHAPE_REPRESENTATION('',(#13558),#22032);
#22253=SHAPE_REPRESENTATION('',(#13609),#22033);
#22254=SHAPE_REPRESENTATION('',(#13701),#22034);
#22255=SHAPE_REPRESENTATION('',(#13734),#22035);
#22256=SHAPE_REPRESENTATION('',(#13764),#22036);
#22257=SHAPE_REPRESENTATION('',(#13804),#22037);
#22258=SHAPE_REPRESENTATION('',(#13887),#22038);
#22259=SHAPE_REPRESENTATION('',(#13894),#22039);
#22260=SHAPE_REPRESENTATION('',(#13901),#22040);
#22261=SHAPE_REPRESENTATION('',(#13936),#22041);
#22262=SHAPE_REPRESENTATION('',(#13965),#22042);
#22263=SHAPE_REPRESENTATION('',(#14039),#22043);
#22264=SHAPE_REPRESENTATION('',(#14204),#22044);
#22265=SHAPE_REPRESENTATION('',(#14221),#22045);
#22266=SHAPE_REPRESENTATION('',(#14232),#22046);
#22267=SHAPE_REPRESENTATION('',(#14241),#22047);
#22268=SHAPE_REPRESENTATION('',(#14250),#22048);
#22269=SHAPE_REPRESENTATION('',(#14288),#22049);
#22270=SHAPE_REPRESENTATION('',(#14294),#22050);
#22271=SHAPE_REPRESENTATION('',(#14316),#22051);
#22272=SHAPE_REPRESENTATION('',(#14338),#22052);
#22273=SHAPE_REPRESENTATION('',(#14344),#22053);
#22274=SHAPE_REPRESENTATION('',(#14363),#22054);
#22275=SHAPE_REPRESENTATION('',(#14372),#22055);
#22276=SHAPE_REPRESENTATION('',(#14383),#22056);
#22277=SHAPE_REPRESENTATION('',(#14392),#22057);
#22278=SHAPE_REPRESENTATION('',(#14401),#22058);
#22279=SHAPE_REPRESENTATION('',(#14410),#22059);
#22280=SHAPE_REPRESENTATION('',(#14419),#22060);
#22281=SHAPE_REPRESENTATION('',(#14425),#22061);
#22282=SHAPE_REPRESENTATION('',(#14431),#22062);
#22283=SHAPE_REPRESENTATION('',(#14449),#22063);
#22284=SHAPE_REPRESENTATION('',(#14467),#22064);
#22285=SHAPE_REPRESENTATION('',(#14474),#22065);
#22286=SHAPE_REPRESENTATION('',(#14483),#22066);
#22287=SHAPE_REPRESENTATION('',(#14492),#22067);
#22288=SHAPE_REPRESENTATION('',(#14501),#22068);
#22289=SHAPE_REPRESENTATION('',(#14510),#22069);
#22290=SHAPE_REPRESENTATION('',(#14519),#22070);
#22291=SHAPE_REPRESENTATION('',(#14528),#22071);
#22292=SHAPE_REPRESENTATION('',(#14537),#22072);
#22293=SHAPE_REPRESENTATION('',(#14570),#22073);
#22294=SHAPE_REPRESENTATION('',(#14585),#22074);
#22295=SHAPE_REPRESENTATION('',(#14599),#22075);
#22296=SHAPE_REPRESENTATION('',(#14626),#22076);
#22297=SHAPE_REPRESENTATION('',(#14649),#22077);
#22298=SHAPE_REPRESENTATION('',(#14665),#22078);
#22299=SHAPE_REPRESENTATION('',(#14674),#22079);
#22300=SHAPE_REPRESENTATION('',(#14683),#22080);
#22301=SHAPE_REPRESENTATION('',(#14692),#22081);
#22302=SHAPE_REPRESENTATION('',(#14701),#22082);
#22303=SHAPE_REPRESENTATION('',(#14710),#22083);
#22304=PRODUCT_DEFINITION_CONTEXT('part definition',#22468,'design');
#22305=PRODUCT_DEFINITION('Cubli_Shared_Module_RevB',
'Cubli_Shared_Module_RevB',#22359,#22304);
#22306=PRODUCT_DEFINITION('01_Wheel_Rim','01_Wheel_Rim',#22360,#22304);
#22307=PRODUCT_DEFINITION('02_Wheel_Hub','02_Wheel_Hub',#22361,#22304);
#22308=PRODUCT_DEFINITION('03_Wheel_Spokes','03_Wheel_Spokes',#22362,#22304);
#22309=PRODUCT_DEFINITION('04_Wheel_Shaft','04_Wheel_Shaft',#22363,#22304);
#22310=PRODUCT_DEFINITION('05_Bearing_Housing','05_Bearing_Housing',#22364,
#22304);
#22311=PRODUCT_DEFINITION('06_Motor_Mount','06_Motor_Mount',#22365,#22304);
#22312=PRODUCT_DEFINITION('07_Brake_Drum','07_Brake_Drum',#22366,#22304);
#22313=PRODUCT_DEFINITION('08_Brake_Mechanism','08_Brake_Mechanism',#22367,
#22304);
#22314=PRODUCT_DEFINITION('08B_Brake_Pad','08B_Brake_Pad',#22368,#22304);
#22315=PRODUCT_DEFINITION('09_Brake_Actuator_Bracket',
'09_Brake_Actuator_Bracket',#22369,#22304);
#22316=PRODUCT_DEFINITION('10_Encoder_Mount','10_Encoder_Mount',#22370,
#22304);
#22317=PRODUCT_DEFINITION('40_Shared_Module_Dock',
'40_Shared_Module_Dock',#22371,#22304);
#22318=PRODUCT_DEFINITION('12_Wheel_Guard','12_Wheel_Guard',#22372,#22304);
#22319=PRODUCT_DEFINITION('13_Torsional_Coupling',
'13_Torsional_Coupling',#22373,#22304);
#22320=PRODUCT_DEFINITION('13B_Coupling_Sleeve_5_6',
'13B_Coupling_Sleeve_5_6',#22374,#22304);
#22321=PRODUCT_DEFINITION('14_Bearing_6000_2Z','14_Bearing_6000_2Z',#22375,
#22304);
#22322=PRODUCT_DEFINITION('14B_Bearing_6000_2Z','14B_Bearing_6000_2Z',#22376,
#22304);
#22323=PRODUCT_DEFINITION('15_Motor_4221G024BXTH',
'15_Motor_4221G024BXTH',#22377,#22304);
#22324=PRODUCT_DEFINITION('16_Motor_Rotor_Shaft','16_Motor_Rotor_Shaft',
#22378,#22304);
#22325=PRODUCT_DEFINITION('17_Bearing_Retainer_Rear',
'17_Bearing_Retainer_Rear',#22379,#22304);
#22326=PRODUCT_DEFINITION('17B_Bearing_Retainer_Front',
'17B_Bearing_Retainer_Front',#22380,#22304);
#22327=PRODUCT_DEFINITION('18_Encoder_Magnet','18_Encoder_Magnet',#22381,
#22304);
#22328=PRODUCT_DEFINITION('19_Encoder_PCB_Interface',
'19_Encoder_PCB_Interface',#22382,#22304);
#22329=PRODUCT_DEFINITION('20_Retaining_Washer','20_Retaining_Washer',#22383,
#22304);
#22330=PRODUCT_DEFINITION('21_Retaining_Clip','21_Retaining_Clip',#22384,
#22304);
#22331=PRODUCT_DEFINITION('22_Spacer_-15_-15','22_Spacer_-15_-15',#22385,
#22304);
#22332=PRODUCT_DEFINITION('22_Spacer_-15_15','22_Spacer_-15_15',#22386,
#22304);
#22333=PRODUCT_DEFINITION('22_Spacer_15_-15','22_Spacer_15_-15',#22387,
#22304);
#22334=PRODUCT_DEFINITION('22_Spacer_15_15','22_Spacer_15_15',#22388,#22304);
#22335=PRODUCT_DEFINITION('23_Brake_Guide_-10','23_Brake_Guide_-10',#22389,
#22304);
#22336=PRODUCT_DEFINITION('23_Brake_Guide_10','23_Brake_Guide_10',#22390,
#22304);
#22337=PRODUCT_DEFINITION('24_Lower_Pad_Carrier','24_Lower_Pad_Carrier',
#22391,#22304);
#22338=PRODUCT_DEFINITION('24B_Upper_Pad_Carrier',
'24B_Upper_Pad_Carrier',#22392,#22304);
#22339=PRODUCT_DEFINITION('25_Shaft_Key','25_Shaft_Key',#22393,#22304);
#22340=PRODUCT_DEFINITION('26_Inner_Race_Spacer','26_Inner_Race_Spacer',
#22394,#22304);
#22341=PRODUCT_DEFINITION('27_Front_Hub_Shim','27_Front_Hub_Shim',#22395,
#22304);
#22342=PRODUCT_DEFINITION('28_Clip_Stack_Shim','28_Clip_Stack_Shim',#22396,
#22304);
#22343=PRODUCT_DEFINITION('29_Frame_Shim_-15_-15',
'29_Frame_Shim_-15_-15',#22397,#22304);
#22344=PRODUCT_DEFINITION('29_Frame_Shim_-15_15','29_Frame_Shim_-15_15',
#22398,#22304);
#22345=PRODUCT_DEFINITION('29_Frame_Shim_15_-15','29_Frame_Shim_15_-15',
#22399,#22304);
#22346=PRODUCT_DEFINITION('29_Frame_Shim_15_15','29_Frame_Shim_15_15',#22400,
#22304);
#22347=PRODUCT_DEFINITION('30_Dual_Wedge_Slider','30_Dual_Wedge_Slider',
#22401,#22304);
#22348=PRODUCT_DEFINITION('31_Actuator_PQ12_Body_Envelope',
'31_Actuator_PQ12_Body_Envelope',#22402,#22304);
#22349=PRODUCT_DEFINITION('32_Actuator_PQ12_Rod_Envelope',
'32_Actuator_PQ12_Rod_Envelope',#22403,#22304);
#22350=PRODUCT_DEFINITION('33_Actuator_Clevis','33_Actuator_Clevis',#22404,
#22304);
#22351=PRODUCT_DEFINITION('34_Actuator_Mount','34_Actuator_Mount',#22405,
#22304);
#22352=PRODUCT_DEFINITION('35_Slider_Stops','35_Slider_Stops',#22406,#22304);
#22353=PRODUCT_DEFINITION('36_Spring_Seat_-10','36_Spring_Seat_-10',#22407,
#22304);
#22354=PRODUCT_DEFINITION('36_Spring_Seat_10','36_Spring_Seat_10',#22408,
#22304);
#22355=PRODUCT_DEFINITION('37_Return_Lower_-10','37_Return_Lower_-10',#22409,
#22304);
#22356=PRODUCT_DEFINITION('37_Return_Lower_10','37_Return_Lower_10',#22410,
#22304);
#22357=PRODUCT_DEFINITION('38_Return_Upper_-10','38_Return_Upper_-10',#22411,
#22304);
#22358=PRODUCT_DEFINITION('38_Return_Upper_10','38_Return_Upper_10',#22412,
#22304);
#22359=PRODUCT_DEFINITION_FORMATION('',$,#22470);
#22360=PRODUCT_DEFINITION_FORMATION('',$,#22471);
#22361=PRODUCT_DEFINITION_FORMATION('',$,#22472);
#22362=PRODUCT_DEFINITION_FORMATION('',$,#22473);
#22363=PRODUCT_DEFINITION_FORMATION('',$,#22474);
#22364=PRODUCT_DEFINITION_FORMATION('',$,#22475);
#22365=PRODUCT_DEFINITION_FORMATION('',$,#22476);
#22366=PRODUCT_DEFINITION_FORMATION('',$,#22477);
#22367=PRODUCT_DEFINITION_FORMATION('',$,#22478);
#22368=PRODUCT_DEFINITION_FORMATION('',$,#22479);
#22369=PRODUCT_DEFINITION_FORMATION('',$,#22480);
#22370=PRODUCT_DEFINITION_FORMATION('',$,#22481);
#22371=PRODUCT_DEFINITION_FORMATION('',$,#22482);
#22372=PRODUCT_DEFINITION_FORMATION('',$,#22483);
#22373=PRODUCT_DEFINITION_FORMATION('',$,#22484);
#22374=PRODUCT_DEFINITION_FORMATION('',$,#22485);
#22375=PRODUCT_DEFINITION_FORMATION('',$,#22486);
#22376=PRODUCT_DEFINITION_FORMATION('',$,#22487);
#22377=PRODUCT_DEFINITION_FORMATION('',$,#22488);
#22378=PRODUCT_DEFINITION_FORMATION('',$,#22489);
#22379=PRODUCT_DEFINITION_FORMATION('',$,#22490);
#22380=PRODUCT_DEFINITION_FORMATION('',$,#22491);
#22381=PRODUCT_DEFINITION_FORMATION('',$,#22492);
#22382=PRODUCT_DEFINITION_FORMATION('',$,#22493);
#22383=PRODUCT_DEFINITION_FORMATION('',$,#22494);
#22384=PRODUCT_DEFINITION_FORMATION('',$,#22495);
#22385=PRODUCT_DEFINITION_FORMATION('',$,#22496);
#22386=PRODUCT_DEFINITION_FORMATION('',$,#22497);
#22387=PRODUCT_DEFINITION_FORMATION('',$,#22498);
#22388=PRODUCT_DEFINITION_FORMATION('',$,#22499);
#22389=PRODUCT_DEFINITION_FORMATION('',$,#22500);
#22390=PRODUCT_DEFINITION_FORMATION('',$,#22501);
#22391=PRODUCT_DEFINITION_FORMATION('',$,#22502);
#22392=PRODUCT_DEFINITION_FORMATION('',$,#22503);
#22393=PRODUCT_DEFINITION_FORMATION('',$,#22504);
#22394=PRODUCT_DEFINITION_FORMATION('',$,#22505);
#22395=PRODUCT_DEFINITION_FORMATION('',$,#22506);
#22396=PRODUCT_DEFINITION_FORMATION('',$,#22507);
#22397=PRODUCT_DEFINITION_FORMATION('',$,#22508);
#22398=PRODUCT_DEFINITION_FORMATION('',$,#22509);
#22399=PRODUCT_DEFINITION_FORMATION('',$,#22510);
#22400=PRODUCT_DEFINITION_FORMATION('',$,#22511);
#22401=PRODUCT_DEFINITION_FORMATION('',$,#22512);
#22402=PRODUCT_DEFINITION_FORMATION('',$,#22513);
#22403=PRODUCT_DEFINITION_FORMATION('',$,#22514);
#22404=PRODUCT_DEFINITION_FORMATION('',$,#22515);
#22405=PRODUCT_DEFINITION_FORMATION('',$,#22516);
#22406=PRODUCT_DEFINITION_FORMATION('',$,#22517);
#22407=PRODUCT_DEFINITION_FORMATION('',$,#22518);
#22408=PRODUCT_DEFINITION_FORMATION('',$,#22519);
#22409=PRODUCT_DEFINITION_FORMATION('',$,#22520);
#22410=PRODUCT_DEFINITION_FORMATION('',$,#22521);
#22411=PRODUCT_DEFINITION_FORMATION('',$,#22522);
#22412=PRODUCT_DEFINITION_FORMATION('',$,#22523);
#22413=PRODUCT_RELATED_PRODUCT_CATEGORY('Cubli_Shared_Module_RevB',
'Cubli_Shared_Module_RevB',(#22470));
#22414=PRODUCT_RELATED_PRODUCT_CATEGORY('01_Wheel_Rim','01_Wheel_Rim',(#22471));
#22415=PRODUCT_RELATED_PRODUCT_CATEGORY('02_Wheel_Hub','02_Wheel_Hub',(#22472));
#22416=PRODUCT_RELATED_PRODUCT_CATEGORY('03_Wheel_Spokes',
'03_Wheel_Spokes',(#22473));
#22417=PRODUCT_RELATED_PRODUCT_CATEGORY('04_Wheel_Shaft',
'04_Wheel_Shaft',(#22474));
#22418=PRODUCT_RELATED_PRODUCT_CATEGORY('05_Bearing_Housing',
'05_Bearing_Housing',(#22475));
#22419=PRODUCT_RELATED_PRODUCT_CATEGORY('06_Motor_Mount',
'06_Motor_Mount',(#22476));
#22420=PRODUCT_RELATED_PRODUCT_CATEGORY('07_Brake_Drum','07_Brake_Drum',
(#22477));
#22421=PRODUCT_RELATED_PRODUCT_CATEGORY('08_Brake_Mechanism',
'08_Brake_Mechanism',(#22478));
#22422=PRODUCT_RELATED_PRODUCT_CATEGORY('08B_Brake_Pad','08B_Brake_Pad',
(#22479));
#22423=PRODUCT_RELATED_PRODUCT_CATEGORY('09_Brake_Actuator_Bracket',
'09_Brake_Actuator_Bracket',(#22480));
#22424=PRODUCT_RELATED_PRODUCT_CATEGORY('10_Encoder_Mount',
'10_Encoder_Mount',(#22481));
#22425=PRODUCT_RELATED_PRODUCT_CATEGORY('40_Shared_Module_Dock',
'40_Shared_Module_Dock',(#22482));
#22426=PRODUCT_RELATED_PRODUCT_CATEGORY('12_Wheel_Guard',
'12_Wheel_Guard',(#22483));
#22427=PRODUCT_RELATED_PRODUCT_CATEGORY('13_Torsional_Coupling',
'13_Torsional_Coupling',(#22484));
#22428=PRODUCT_RELATED_PRODUCT_CATEGORY('13B_Coupling_Sleeve_5_6',
'13B_Coupling_Sleeve_5_6',(#22485));
#22429=PRODUCT_RELATED_PRODUCT_CATEGORY('14_Bearing_6000_2Z',
'14_Bearing_6000_2Z',(#22486));
#22430=PRODUCT_RELATED_PRODUCT_CATEGORY('14B_Bearing_6000_2Z',
'14B_Bearing_6000_2Z',(#22487));
#22431=PRODUCT_RELATED_PRODUCT_CATEGORY('15_Motor_4221G024BXTH',
'15_Motor_4221G024BXTH',(#22488));
#22432=PRODUCT_RELATED_PRODUCT_CATEGORY('16_Motor_Rotor_Shaft',
'16_Motor_Rotor_Shaft',(#22489));
#22433=PRODUCT_RELATED_PRODUCT_CATEGORY('17_Bearing_Retainer_Rear',
'17_Bearing_Retainer_Rear',(#22490));
#22434=PRODUCT_RELATED_PRODUCT_CATEGORY('17B_Bearing_Retainer_Front',
'17B_Bearing_Retainer_Front',(#22491));
#22435=PRODUCT_RELATED_PRODUCT_CATEGORY('18_Encoder_Magnet',
'18_Encoder_Magnet',(#22492));
#22436=PRODUCT_RELATED_PRODUCT_CATEGORY('19_Encoder_PCB_Interface',
'19_Encoder_PCB_Interface',(#22493));
#22437=PRODUCT_RELATED_PRODUCT_CATEGORY('20_Retaining_Washer',
'20_Retaining_Washer',(#22494));
#22438=PRODUCT_RELATED_PRODUCT_CATEGORY('21_Retaining_Clip',
'21_Retaining_Clip',(#22495));
#22439=PRODUCT_RELATED_PRODUCT_CATEGORY('22_Spacer_-15_-15',
'22_Spacer_-15_-15',(#22496));
#22440=PRODUCT_RELATED_PRODUCT_CATEGORY('22_Spacer_-15_15',
'22_Spacer_-15_15',(#22497));
#22441=PRODUCT_RELATED_PRODUCT_CATEGORY('22_Spacer_15_-15',
'22_Spacer_15_-15',(#22498));
#22442=PRODUCT_RELATED_PRODUCT_CATEGORY('22_Spacer_15_15',
'22_Spacer_15_15',(#22499));
#22443=PRODUCT_RELATED_PRODUCT_CATEGORY('23_Brake_Guide_-10',
'23_Brake_Guide_-10',(#22500));
#22444=PRODUCT_RELATED_PRODUCT_CATEGORY('23_Brake_Guide_10',
'23_Brake_Guide_10',(#22501));
#22445=PRODUCT_RELATED_PRODUCT_CATEGORY('24_Lower_Pad_Carrier',
'24_Lower_Pad_Carrier',(#22502));
#22446=PRODUCT_RELATED_PRODUCT_CATEGORY('24B_Upper_Pad_Carrier',
'24B_Upper_Pad_Carrier',(#22503));
#22447=PRODUCT_RELATED_PRODUCT_CATEGORY('25_Shaft_Key','25_Shaft_Key',(#22504));
#22448=PRODUCT_RELATED_PRODUCT_CATEGORY('26_Inner_Race_Spacer',
'26_Inner_Race_Spacer',(#22505));
#22449=PRODUCT_RELATED_PRODUCT_CATEGORY('27_Front_Hub_Shim',
'27_Front_Hub_Shim',(#22506));
#22450=PRODUCT_RELATED_PRODUCT_CATEGORY('28_Clip_Stack_Shim',
'28_Clip_Stack_Shim',(#22507));
#22451=PRODUCT_RELATED_PRODUCT_CATEGORY('29_Frame_Shim_-15_-15',
'29_Frame_Shim_-15_-15',(#22508));
#22452=PRODUCT_RELATED_PRODUCT_CATEGORY('29_Frame_Shim_-15_15',
'29_Frame_Shim_-15_15',(#22509));
#22453=PRODUCT_RELATED_PRODUCT_CATEGORY('29_Frame_Shim_15_-15',
'29_Frame_Shim_15_-15',(#22510));
#22454=PRODUCT_RELATED_PRODUCT_CATEGORY('29_Frame_Shim_15_15',
'29_Frame_Shim_15_15',(#22511));
#22455=PRODUCT_RELATED_PRODUCT_CATEGORY('30_Dual_Wedge_Slider',
'30_Dual_Wedge_Slider',(#22512));
#22456=PRODUCT_RELATED_PRODUCT_CATEGORY(
'31_Actuator_PQ12_Body_Envelope','31_Actuator_PQ12_Body_Envelope',(#22513));
#22457=PRODUCT_RELATED_PRODUCT_CATEGORY('32_Actuator_PQ12_Rod_Envelope',
'32_Actuator_PQ12_Rod_Envelope',(#22514));
#22458=PRODUCT_RELATED_PRODUCT_CATEGORY('33_Actuator_Clevis',
'33_Actuator_Clevis',(#22515));
#22459=PRODUCT_RELATED_PRODUCT_CATEGORY('34_Actuator_Mount',
'34_Actuator_Mount',(#22516));
#22460=PRODUCT_RELATED_PRODUCT_CATEGORY('35_Slider_Stops',
'35_Slider_Stops',(#22517));
#22461=PRODUCT_RELATED_PRODUCT_CATEGORY('36_Spring_Seat_-10',
'36_Spring_Seat_-10',(#22518));
#22462=PRODUCT_RELATED_PRODUCT_CATEGORY('36_Spring_Seat_10',
'36_Spring_Seat_10',(#22519));
#22463=PRODUCT_RELATED_PRODUCT_CATEGORY('37_Return_Lower_-10',
'37_Return_Lower_-10',(#22520));
#22464=PRODUCT_RELATED_PRODUCT_CATEGORY('37_Return_Lower_10',
'37_Return_Lower_10',(#22521));
#22465=PRODUCT_RELATED_PRODUCT_CATEGORY('38_Return_Upper_-10',
'38_Return_Upper_-10',(#22522));
#22466=PRODUCT_RELATED_PRODUCT_CATEGORY('38_Return_Upper_10',
'38_Return_Upper_10',(#22523));
#22467=APPLICATION_PROTOCOL_DEFINITION('international standard',
'automotive_design',2009,#22468);
#22468=APPLICATION_CONTEXT(
'Core Data for Automotive Mechanical Design Process');
#22469=PRODUCT_CONTEXT('part definition',#22468,'mechanical');
#22470=PRODUCT('Cubli_Shared_Module_RevB','Cubli_Shared_Module_RevB',$,
(#22469));
#22471=PRODUCT('01_Wheel_Rim','01_Wheel_Rim',$,(#22469));
#22472=PRODUCT('02_Wheel_Hub','02_Wheel_Hub',$,(#22469));
#22473=PRODUCT('03_Wheel_Spokes','03_Wheel_Spokes',$,(#22469));
#22474=PRODUCT('04_Wheel_Shaft','04_Wheel_Shaft',$,(#22469));
#22475=PRODUCT('05_Bearing_Housing','05_Bearing_Housing',$,(#22469));
#22476=PRODUCT('06_Motor_Mount','06_Motor_Mount',$,(#22469));
#22477=PRODUCT('07_Brake_Drum','07_Brake_Drum',$,(#22469));
#22478=PRODUCT('08_Brake_Mechanism','08_Brake_Mechanism',$,(#22469));
#22479=PRODUCT('08B_Brake_Pad','08B_Brake_Pad',$,(#22469));
#22480=PRODUCT('09_Brake_Actuator_Bracket','09_Brake_Actuator_Bracket',
$,(#22469));
#22481=PRODUCT('10_Encoder_Mount','10_Encoder_Mount',$,(#22469));
#22482=PRODUCT('40_Shared_Module_Dock','40_Shared_Module_Dock',$,(#22469));
#22483=PRODUCT('12_Wheel_Guard','12_Wheel_Guard',$,(#22469));
#22484=PRODUCT('13_Torsional_Coupling','13_Torsional_Coupling',$,(#22469));
#22485=PRODUCT('13B_Coupling_Sleeve_5_6','13B_Coupling_Sleeve_5_6',$,(#22469));
#22486=PRODUCT('14_Bearing_6000_2Z','14_Bearing_6000_2Z',$,(#22469));
#22487=PRODUCT('14B_Bearing_6000_2Z','14B_Bearing_6000_2Z',$,(#22469));
#22488=PRODUCT('15_Motor_4221G024BXTH','15_Motor_4221G024BXTH',$,(#22469));
#22489=PRODUCT('16_Motor_Rotor_Shaft','16_Motor_Rotor_Shaft',$,(#22469));
#22490=PRODUCT('17_Bearing_Retainer_Rear','17_Bearing_Retainer_Rear',$,
(#22469));
#22491=PRODUCT('17B_Bearing_Retainer_Front',
'17B_Bearing_Retainer_Front',$,(#22469));
#22492=PRODUCT('18_Encoder_Magnet','18_Encoder_Magnet',$,(#22469));
#22493=PRODUCT('19_Encoder_PCB_Interface','19_Encoder_PCB_Interface',$,
(#22469));
#22494=PRODUCT('20_Retaining_Washer','20_Retaining_Washer',$,(#22469));
#22495=PRODUCT('21_Retaining_Clip','21_Retaining_Clip',$,(#22469));
#22496=PRODUCT('22_Spacer_-15_-15','22_Spacer_-15_-15',$,(#22469));
#22497=PRODUCT('22_Spacer_-15_15','22_Spacer_-15_15',$,(#22469));
#22498=PRODUCT('22_Spacer_15_-15','22_Spacer_15_-15',$,(#22469));
#22499=PRODUCT('22_Spacer_15_15','22_Spacer_15_15',$,(#22469));
#22500=PRODUCT('23_Brake_Guide_-10','23_Brake_Guide_-10',$,(#22469));
#22501=PRODUCT('23_Brake_Guide_10','23_Brake_Guide_10',$,(#22469));
#22502=PRODUCT('24_Lower_Pad_Carrier','24_Lower_Pad_Carrier',$,(#22469));
#22503=PRODUCT('24B_Upper_Pad_Carrier','24B_Upper_Pad_Carrier',$,(#22469));
#22504=PRODUCT('25_Shaft_Key','25_Shaft_Key',$,(#22469));
#22505=PRODUCT('26_Inner_Race_Spacer','26_Inner_Race_Spacer',$,(#22469));
#22506=PRODUCT('27_Front_Hub_Shim','27_Front_Hub_Shim',$,(#22469));
#22507=PRODUCT('28_Clip_Stack_Shim','28_Clip_Stack_Shim',$,(#22469));
#22508=PRODUCT('29_Frame_Shim_-15_-15','29_Frame_Shim_-15_-15',$,(#22469));
#22509=PRODUCT('29_Frame_Shim_-15_15','29_Frame_Shim_-15_15',$,(#22469));
#22510=PRODUCT('29_Frame_Shim_15_-15','29_Frame_Shim_15_-15',$,(#22469));
#22511=PRODUCT('29_Frame_Shim_15_15','29_Frame_Shim_15_15',$,(#22469));
#22512=PRODUCT('30_Dual_Wedge_Slider','30_Dual_Wedge_Slider',$,(#22469));
#22513=PRODUCT('31_Actuator_PQ12_Body_Envelope',
'31_Actuator_PQ12_Body_Envelope',$,(#22469));
#22514=PRODUCT('32_Actuator_PQ12_Rod_Envelope',
'32_Actuator_PQ12_Rod_Envelope',$,(#22469));
#22515=PRODUCT('33_Actuator_Clevis','33_Actuator_Clevis',$,(#22469));
#22516=PRODUCT('34_Actuator_Mount','34_Actuator_Mount',$,(#22469));
#22517=PRODUCT('35_Slider_Stops','35_Slider_Stops',$,(#22469));
#22518=PRODUCT('36_Spring_Seat_-10','36_Spring_Seat_-10',$,(#22469));
#22519=PRODUCT('36_Spring_Seat_10','36_Spring_Seat_10',$,(#22469));
#22520=PRODUCT('37_Return_Lower_-10','37_Return_Lower_-10',$,(#22469));
#22521=PRODUCT('37_Return_Lower_10','37_Return_Lower_10',$,(#22469));
#22522=PRODUCT('38_Return_Upper_-10','38_Return_Upper_-10',$,(#22469));
#22523=PRODUCT('38_Return_Upper_10','38_Return_Upper_10',$,(#22469));
ENDSEC;
END-ISO-10303-21;
