ISO-10303-21;
HEADER;
/* Generated by software containing ST-Developer
 * from STEP Tools, Inc. (www.steptools.com) 
 */

FILE_DESCRIPTION(
/* description */ (''),
/* implementation_level */ '2;1');

FILE_NAME(
/* name */ 'Wheel_Comparison_A.step',
/* time_stamp */ '2026-10-08T19:41:19+09:00',
/* author */ ('Reaction Wheel Pendulum project'),
/* organization */ (''),
/* preprocessor_version */ 'ST-DEVELOPER v20.1',
/* originating_system */ 'Autodesk Inventor 2026',
/* authorisation */ '');

FILE_SCHEMA (('AUTOMOTIVE_DESIGN { 1 0 10303 214 3 1 1 }'));
ENDSEC;

DATA;
#10=MECHANICAL_DESIGN_GEOMETRIC_PRESENTATION_REPRESENTATION('',(#35,#36,
#37,#38),#4087);
#11=ITEM_DEFINED_TRANSFORMATION($,$,#2457,#2707);
#12=ITEM_DEFINED_TRANSFORMATION($,$,#2484,#2708);
#13=ITEM_DEFINED_TRANSFORMATION($,$,#2532,#2709);
#14=ITEM_DEFINED_TRANSFORMATION($,$,#2624,#2710);
#15=(
REPRESENTATION_RELATIONSHIP($,$,#4107,#4106)
REPRESENTATION_RELATIONSHIP_WITH_TRANSFORMATION(#11)
SHAPE_REPRESENTATION_RELATIONSHIP()
);
#16=(
REPRESENTATION_RELATIONSHIP($,$,#4108,#4106)
REPRESENTATION_RELATIONSHIP_WITH_TRANSFORMATION(#12)
SHAPE_REPRESENTATION_RELATIONSHIP()
);
#17=(
REPRESENTATION_RELATIONSHIP($,$,#4109,#4106)
REPRESENTATION_RELATIONSHIP_WITH_TRANSFORMATION(#13)
SHAPE_REPRESENTATION_RELATIONSHIP()
);
#18=(
REPRESENTATION_RELATIONSHIP($,$,#4110,#4106)
REPRESENTATION_RELATIONSHIP_WITH_TRANSFORMATION(#14)
SHAPE_REPRESENTATION_RELATIONSHIP()
);
#19=CONTEXT_DEPENDENT_SHAPE_REPRESENTATION(#15,#4102);
#20=CONTEXT_DEPENDENT_SHAPE_REPRESENTATION(#16,#4103);
#21=CONTEXT_DEPENDENT_SHAPE_REPRESENTATION(#17,#4104);
#22=CONTEXT_DEPENDENT_SHAPE_REPRESENTATION(#18,#4105);
#23=NEXT_ASSEMBLY_USAGE_OCCURRENCE('01_Wheel_Rim:1','01_Wheel_Rim:1',
'01_Wheel_Rim:1',#4112,#4113,'01_Wheel_Rim:1');
#24=NEXT_ASSEMBLY_USAGE_OCCURRENCE('02_Wheel_Hub:1','02_Wheel_Hub:1',
'02_Wheel_Hub:1',#4112,#4114,'02_Wheel_Hub:1');
#25=NEXT_ASSEMBLY_USAGE_OCCURRENCE('03_Wheel_Spokes:1',
'03_Wheel_Spokes:1','03_Wheel_Spokes:1',#4112,#4115,'03_Wheel_Spokes:1');
#26=NEXT_ASSEMBLY_USAGE_OCCURRENCE('07_Brake_Drum:1','07_Brake_Drum:1',
'07_Brake_Drum:1',#4112,#4116,'07_Brake_Drum:1');
#27=SHAPE_REPRESENTATION_RELATIONSHIP('SRR','None',#4107,#31);
#28=SHAPE_REPRESENTATION_RELATIONSHIP('SRR','None',#4108,#32);
#29=SHAPE_REPRESENTATION_RELATIONSHIP('SRR','None',#4109,#33);
#30=SHAPE_REPRESENTATION_RELATIONSHIP('SRR','None',#4110,#34);
#31=ADVANCED_BREP_SHAPE_REPRESENTATION('',(#39),#4083);
#32=ADVANCED_BREP_SHAPE_REPRESENTATION('',(#40),#4084);
#33=ADVANCED_BREP_SHAPE_REPRESENTATION('',(#41),#4085);
#34=ADVANCED_BREP_SHAPE_REPRESENTATION('',(#42),#4086);
#35=STYLED_ITEM('',(#2408),#39);
#36=STYLED_ITEM('',(#2408),#40);
#37=STYLED_ITEM('',(#2408),#41);
#38=STYLED_ITEM('',(#2409),#42);
#39=MANIFOLD_SOLID_BREP('\X2\30BD30EA30C330C9\X0\1',#2356);
#40=MANIFOLD_SOLID_BREP('\X2\30BD30EA30C330C9\X0\1',#2357);
#41=MANIFOLD_SOLID_BREP('\X2\30BD30EA30C330C9\X0\1',#2358);
#42=MANIFOLD_SOLID_BREP('\X2\30BD30EA30C330C9\X0\1',#2359);
#43=FACE_BOUND('',#299,.T.);
#44=FACE_BOUND('',#300,.T.);
#45=FACE_BOUND('',#301,.T.);
#46=FACE_BOUND('',#302,.T.);
#47=FACE_BOUND('',#303,.T.);
#48=FACE_BOUND('',#304,.T.);
#49=FACE_BOUND('',#305,.T.);
#50=FACE_BOUND('',#307,.T.);
#51=FACE_BOUND('',#308,.T.);
#52=FACE_BOUND('',#309,.T.);
#53=FACE_BOUND('',#310,.T.);
#54=FACE_BOUND('',#311,.T.);
#55=FACE_BOUND('',#312,.T.);
#56=FACE_BOUND('',#313,.T.);
#57=FACE_BOUND('',#318,.T.);
#58=FACE_BOUND('',#319,.T.);
#59=FACE_BOUND('',#320,.T.);
#60=FACE_BOUND('',#321,.T.);
#61=FACE_BOUND('',#322,.T.);
#62=FACE_BOUND('',#332,.T.);
#63=FACE_BOUND('',#333,.T.);
#64=FACE_BOUND('',#334,.T.);
#65=FACE_BOUND('',#335,.T.);
#66=FACE_BOUND('',#336,.T.);
#67=FACE_BOUND('',#339,.T.);
#68=FACE_BOUND('',#340,.T.);
#69=FACE_BOUND('',#341,.T.);
#70=FACE_BOUND('',#342,.T.);
#71=FACE_BOUND('',#343,.T.);
#72=FACE_BOUND('',#345,.T.);
#73=FACE_BOUND('',#346,.T.);
#74=FACE_BOUND('',#347,.T.);
#75=FACE_BOUND('',#348,.T.);
#76=FACE_BOUND('',#349,.T.);
#77=FACE_BOUND('',#355,.T.);
#78=FACE_BOUND('',#388,.T.);
#79=FACE_BOUND('',#389,.T.);
#80=FACE_BOUND('',#390,.T.);
#81=FACE_BOUND('',#391,.T.);
#82=FACE_BOUND('',#392,.T.);
#83=FACE_BOUND('',#393,.T.);
#84=FACE_BOUND('',#394,.T.);
#85=FACE_BOUND('',#395,.T.);
#86=FACE_BOUND('',#396,.T.);
#87=FACE_BOUND('',#397,.T.);
#88=FACE_BOUND('',#398,.T.);
#89=FACE_BOUND('',#399,.T.);
#90=FACE_BOUND('',#400,.T.);
#91=FACE_BOUND('',#401,.T.);
#92=FACE_BOUND('',#402,.T.);
#93=FACE_BOUND('',#415,.T.);
#94=FACE_BOUND('',#416,.T.);
#95=FACE_BOUND('',#417,.T.);
#96=FACE_BOUND('',#418,.T.);
#97=FACE_BOUND('',#419,.T.);
#98=FACE_BOUND('',#420,.T.);
#99=FACE_BOUND('',#421,.T.);
#100=FACE_BOUND('',#422,.T.);
#101=FACE_BOUND('',#423,.T.);
#102=FACE_BOUND('',#424,.T.);
#103=FACE_BOUND('',#425,.T.);
#104=FACE_BOUND('',#426,.T.);
#105=FACE_BOUND('',#427,.T.);
#106=FACE_BOUND('',#428,.T.);
#107=FACE_BOUND('',#429,.T.);
#108=FACE_BOUND('',#435,.T.);
#109=FACE_BOUND('',#436,.T.);
#110=FACE_BOUND('',#437,.T.);
#111=FACE_BOUND('',#438,.T.);
#112=FACE_BOUND('',#439,.T.);
#113=FACE_BOUND('',#445,.T.);
#114=FACE_BOUND('',#446,.T.);
#115=FACE_BOUND('',#447,.T.);
#116=FACE_BOUND('',#448,.T.);
#117=FACE_BOUND('',#449,.T.);
#118=PLANE('',#2482);
#119=PLANE('',#2483);
#120=PLANE('',#2485);
#121=PLANE('',#2486);
#122=PLANE('',#2487);
#123=PLANE('',#2488);
#124=PLANE('',#2515);
#125=PLANE('',#2519);
#126=PLANE('',#2522);
#127=PLANE('',#2531);
#128=PLANE('',#2578);
#129=PLANE('',#2579);
#130=PLANE('',#2580);
#131=PLANE('',#2581);
#132=PLANE('',#2582);
#133=PLANE('',#2583);
#134=PLANE('',#2584);
#135=PLANE('',#2585);
#136=PLANE('',#2586);
#137=PLANE('',#2587);
#138=PLANE('',#2588);
#139=PLANE('',#2589);
#140=PLANE('',#2590);
#141=PLANE('',#2600);
#142=PLANE('',#2612);
#143=PLANE('',#2613);
#144=PLANE('',#2614);
#145=PLANE('',#2615);
#146=PLANE('',#2616);
#147=PLANE('',#2617);
#148=PLANE('',#2618);
#149=PLANE('',#2621);
#150=PLANE('',#2634);
#151=PLANE('',#2660);
#152=PLANE('',#2679);
#153=PLANE('',#2680);
#154=PLANE('',#2681);
#155=PLANE('',#2682);
#156=PLANE('',#2683);
#157=PLANE('',#2684);
#158=PLANE('',#2685);
#159=PLANE('',#2686);
#160=PLANE('',#2687);
#161=PLANE('',#2688);
#162=PLANE('',#2689);
#163=PLANE('',#2690);
#164=PLANE('',#2691);
#165=PLANE('',#2698);
#166=PLANE('',#2699);
#167=PLANE('',#2700);
#168=PLANE('',#2701);
#169=PLANE('',#2702);
#170=PLANE('',#2703);
#171=PLANE('',#2704);
#172=FACE_OUTER_BOUND('',#290,.T.);
#173=FACE_OUTER_BOUND('',#291,.T.);
#174=FACE_OUTER_BOUND('',#292,.T.);
#175=FACE_OUTER_BOUND('',#293,.T.);
#176=FACE_OUTER_BOUND('',#294,.T.);
#177=FACE_OUTER_BOUND('',#295,.T.);
#178=FACE_OUTER_BOUND('',#296,.T.);
#179=FACE_OUTER_BOUND('',#297,.T.);
#180=FACE_OUTER_BOUND('',#298,.T.);
#181=FACE_OUTER_BOUND('',#306,.T.);
#182=FACE_OUTER_BOUND('',#314,.T.);
#183=FACE_OUTER_BOUND('',#315,.T.);
#184=FACE_OUTER_BOUND('',#316,.T.);
#185=FACE_OUTER_BOUND('',#317,.T.);
#186=FACE_OUTER_BOUND('',#323,.T.);
#187=FACE_OUTER_BOUND('',#324,.T.);
#188=FACE_OUTER_BOUND('',#325,.T.);
#189=FACE_OUTER_BOUND('',#326,.T.);
#190=FACE_OUTER_BOUND('',#327,.T.);
#191=FACE_OUTER_BOUND('',#328,.T.);
#192=FACE_OUTER_BOUND('',#329,.T.);
#193=FACE_OUTER_BOUND('',#330,.T.);
#194=FACE_OUTER_BOUND('',#331,.T.);
#195=FACE_OUTER_BOUND('',#337,.T.);
#196=FACE_OUTER_BOUND('',#338,.T.);
#197=FACE_OUTER_BOUND('',#344,.T.);
#198=FACE_OUTER_BOUND('',#350,.T.);
#199=FACE_OUTER_BOUND('',#351,.T.);
#200=FACE_OUTER_BOUND('',#352,.T.);
#201=FACE_OUTER_BOUND('',#353,.T.);
#202=FACE_OUTER_BOUND('',#354,.T.);
#203=FACE_OUTER_BOUND('',#356,.T.);
#204=FACE_OUTER_BOUND('',#357,.T.);
#205=FACE_OUTER_BOUND('',#358,.T.);
#206=FACE_OUTER_BOUND('',#359,.T.);
#207=FACE_OUTER_BOUND('',#360,.T.);
#208=FACE_OUTER_BOUND('',#361,.T.);
#209=FACE_OUTER_BOUND('',#362,.T.);
#210=FACE_OUTER_BOUND('',#363,.T.);
#211=FACE_OUTER_BOUND('',#364,.T.);
#212=FACE_OUTER_BOUND('',#365,.T.);
#213=FACE_OUTER_BOUND('',#366,.T.);
#214=FACE_OUTER_BOUND('',#367,.T.);
#215=FACE_OUTER_BOUND('',#368,.T.);
#216=FACE_OUTER_BOUND('',#369,.T.);
#217=FACE_OUTER_BOUND('',#370,.T.);
#218=FACE_OUTER_BOUND('',#371,.T.);
#219=FACE_OUTER_BOUND('',#372,.T.);
#220=FACE_OUTER_BOUND('',#373,.T.);
#221=FACE_OUTER_BOUND('',#374,.T.);
#222=FACE_OUTER_BOUND('',#375,.T.);
#223=FACE_OUTER_BOUND('',#376,.T.);
#224=FACE_OUTER_BOUND('',#377,.T.);
#225=FACE_OUTER_BOUND('',#378,.T.);
#226=FACE_OUTER_BOUND('',#379,.T.);
#227=FACE_OUTER_BOUND('',#380,.T.);
#228=FACE_OUTER_BOUND('',#381,.T.);
#229=FACE_OUTER_BOUND('',#382,.T.);
#230=FACE_OUTER_BOUND('',#383,.T.);
#231=FACE_OUTER_BOUND('',#384,.T.);
#232=FACE_OUTER_BOUND('',#385,.T.);
#233=FACE_OUTER_BOUND('',#386,.T.);
#234=FACE_OUTER_BOUND('',#387,.T.);
#235=FACE_OUTER_BOUND('',#403,.T.);
#236=FACE_OUTER_BOUND('',#404,.T.);
#237=FACE_OUTER_BOUND('',#405,.T.);
#238=FACE_OUTER_BOUND('',#406,.T.);
#239=FACE_OUTER_BOUND('',#407,.T.);
#240=FACE_OUTER_BOUND('',#408,.T.);
#241=FACE_OUTER_BOUND('',#409,.T.);
#242=FACE_OUTER_BOUND('',#410,.T.);
#243=FACE_OUTER_BOUND('',#411,.T.);
#244=FACE_OUTER_BOUND('',#412,.T.);
#245=FACE_OUTER_BOUND('',#413,.T.);
#246=FACE_OUTER_BOUND('',#414,.T.);
#247=FACE_OUTER_BOUND('',#430,.T.);
#248=FACE_OUTER_BOUND('',#431,.T.);
#249=FACE_OUTER_BOUND('',#432,.T.);
#250=FACE_OUTER_BOUND('',#433,.T.);
#251=FACE_OUTER_BOUND('',#434,.T.);
#252=FACE_OUTER_BOUND('',#440,.T.);
#253=FACE_OUTER_BOUND('',#441,.T.);
#254=FACE_OUTER_BOUND('',#442,.T.);
#255=FACE_OUTER_BOUND('',#443,.T.);
#256=FACE_OUTER_BOUND('',#444,.T.);
#257=FACE_OUTER_BOUND('',#450,.T.);
#258=FACE_OUTER_BOUND('',#451,.T.);
#259=FACE_OUTER_BOUND('',#452,.T.);
#260=FACE_OUTER_BOUND('',#453,.T.);
#261=FACE_OUTER_BOUND('',#454,.T.);
#262=FACE_OUTER_BOUND('',#455,.T.);
#263=FACE_OUTER_BOUND('',#456,.T.);
#264=FACE_OUTER_BOUND('',#457,.T.);
#265=FACE_OUTER_BOUND('',#458,.T.);
#266=FACE_OUTER_BOUND('',#459,.T.);
#267=FACE_OUTER_BOUND('',#460,.T.);
#268=FACE_OUTER_BOUND('',#461,.T.);
#269=FACE_OUTER_BOUND('',#462,.T.);
#270=FACE_OUTER_BOUND('',#463,.T.);
#271=FACE_OUTER_BOUND('',#464,.T.);
#272=FACE_OUTER_BOUND('',#465,.T.);
#273=FACE_OUTER_BOUND('',#466,.T.);
#274=FACE_OUTER_BOUND('',#467,.T.);
#275=FACE_OUTER_BOUND('',#468,.T.);
#276=FACE_OUTER_BOUND('',#469,.T.);
#277=FACE_OUTER_BOUND('',#470,.T.);
#278=FACE_OUTER_BOUND('',#471,.T.);
#279=FACE_OUTER_BOUND('',#472,.T.);
#280=FACE_OUTER_BOUND('',#473,.T.);
#281=FACE_OUTER_BOUND('',#474,.T.);
#282=FACE_OUTER_BOUND('',#475,.T.);
#283=FACE_OUTER_BOUND('',#476,.T.);
#284=FACE_OUTER_BOUND('',#477,.T.);
#285=FACE_OUTER_BOUND('',#478,.T.);
#286=FACE_OUTER_BOUND('',#479,.T.);
#287=FACE_OUTER_BOUND('',#480,.T.);
#288=FACE_OUTER_BOUND('',#481,.T.);
#289=FACE_OUTER_BOUND('',#482,.T.);
#290=EDGE_LOOP('',(#1532,#1533,#1534,#1535));
#291=EDGE_LOOP('',(#1536,#1537,#1538,#1539));
#292=EDGE_LOOP('',(#1540,#1541,#1542,#1543));
#293=EDGE_LOOP('',(#1544,#1545,#1546,#1547));
#294=EDGE_LOOP('',(#1548,#1549,#1550,#1551));
#295=EDGE_LOOP('',(#1552,#1553,#1554,#1555));
#296=EDGE_LOOP('',(#1556,#1557,#1558,#1559));
#297=EDGE_LOOP('',(#1560,#1561,#1562,#1563));
#298=EDGE_LOOP('',(#1564));
#299=EDGE_LOOP('',(#1565));
#300=EDGE_LOOP('',(#1566));
#301=EDGE_LOOP('',(#1567));
#302=EDGE_LOOP('',(#1568));
#303=EDGE_LOOP('',(#1569));
#304=EDGE_LOOP('',(#1570));
#305=EDGE_LOOP('',(#1571));
#306=EDGE_LOOP('',(#1572));
#307=EDGE_LOOP('',(#1573));
#308=EDGE_LOOP('',(#1574));
#309=EDGE_LOOP('',(#1575));
#310=EDGE_LOOP('',(#1576));
#311=EDGE_LOOP('',(#1577));
#312=EDGE_LOOP('',(#1578));
#313=EDGE_LOOP('',(#1579));
#314=EDGE_LOOP('',(#1580,#1581,#1582,#1583));
#315=EDGE_LOOP('',(#1584,#1585,#1586,#1587));
#316=EDGE_LOOP('',(#1588,#1589,#1590,#1591));
#317=EDGE_LOOP('',(#1592));
#318=EDGE_LOOP('',(#1593,#1594,#1595,#1596));
#319=EDGE_LOOP('',(#1597));
#320=EDGE_LOOP('',(#1598));
#321=EDGE_LOOP('',(#1599));
#322=EDGE_LOOP('',(#1600));
#323=EDGE_LOOP('',(#1601,#1602,#1603,#1604));
#324=EDGE_LOOP('',(#1605,#1606,#1607,#1608));
#325=EDGE_LOOP('',(#1609,#1610,#1611,#1612));
#326=EDGE_LOOP('',(#1613,#1614,#1615,#1616));
#327=EDGE_LOOP('',(#1617,#1618,#1619,#1620));
#328=EDGE_LOOP('',(#1621,#1622,#1623,#1624));
#329=EDGE_LOOP('',(#1625,#1626,#1627,#1628));
#330=EDGE_LOOP('',(#1629,#1630,#1631,#1632));
#331=EDGE_LOOP('',(#1633));
#332=EDGE_LOOP('',(#1634));
#333=EDGE_LOOP('',(#1635));
#334=EDGE_LOOP('',(#1636));
#335=EDGE_LOOP('',(#1637));
#336=EDGE_LOOP('',(#1638));
#337=EDGE_LOOP('',(#1639,#1640,#1641,#1642));
#338=EDGE_LOOP('',(#1643));
#339=EDGE_LOOP('',(#1644));
#340=EDGE_LOOP('',(#1645));
#341=EDGE_LOOP('',(#1646));
#342=EDGE_LOOP('',(#1647));
#343=EDGE_LOOP('',(#1648));
#344=EDGE_LOOP('',(#1649));
#345=EDGE_LOOP('',(#1650));
#346=EDGE_LOOP('',(#1651));
#347=EDGE_LOOP('',(#1652));
#348=EDGE_LOOP('',(#1653));
#349=EDGE_LOOP('',(#1654));
#350=EDGE_LOOP('',(#1655,#1656,#1657,#1658));
#351=EDGE_LOOP('',(#1659,#1660,#1661,#1662));
#352=EDGE_LOOP('',(#1663,#1664,#1665,#1666));
#353=EDGE_LOOP('',(#1667,#1668,#1669,#1670));
#354=EDGE_LOOP('',(#1671));
#355=EDGE_LOOP('',(#1672,#1673,#1674,#1675));
#356=EDGE_LOOP('',(#1676,#1677,#1678,#1679));
#357=EDGE_LOOP('',(#1680,#1681,#1682,#1683));
#358=EDGE_LOOP('',(#1684,#1685,#1686,#1687));
#359=EDGE_LOOP('',(#1688,#1689,#1690,#1691));
#360=EDGE_LOOP('',(#1692,#1693,#1694,#1695));
#361=EDGE_LOOP('',(#1696,#1697,#1698,#1699));
#362=EDGE_LOOP('',(#1700,#1701,#1702,#1703));
#363=EDGE_LOOP('',(#1704,#1705,#1706,#1707));
#364=EDGE_LOOP('',(#1708,#1709,#1710,#1711));
#365=EDGE_LOOP('',(#1712,#1713,#1714,#1715));
#366=EDGE_LOOP('',(#1716,#1717,#1718,#1719));
#367=EDGE_LOOP('',(#1720,#1721,#1722,#1723));
#368=EDGE_LOOP('',(#1724,#1725,#1726,#1727));
#369=EDGE_LOOP('',(#1728,#1729,#1730,#1731));
#370=EDGE_LOOP('',(#1732,#1733,#1734,#1735));
#371=EDGE_LOOP('',(#1736,#1737,#1738,#1739));
#372=EDGE_LOOP('',(#1740,#1741,#1742,#1743));
#373=EDGE_LOOP('',(#1744,#1745,#1746,#1747));
#374=EDGE_LOOP('',(#1748,#1749,#1750,#1751));
#375=EDGE_LOOP('',(#1752,#1753,#1754,#1755));
#376=EDGE_LOOP('',(#1756,#1757,#1758,#1759));
#377=EDGE_LOOP('',(#1760,#1761,#1762,#1763));
#378=EDGE_LOOP('',(#1764,#1765,#1766,#1767));
#379=EDGE_LOOP('',(#1768,#1769,#1770,#1771));
#380=EDGE_LOOP('',(#1772,#1773,#1774,#1775));
#381=EDGE_LOOP('',(#1776,#1777,#1778,#1779));
#382=EDGE_LOOP('',(#1780,#1781,#1782,#1783));
#383=EDGE_LOOP('',(#1784,#1785,#1786,#1787));
#384=EDGE_LOOP('',(#1788,#1789,#1790,#1791));
#385=EDGE_LOOP('',(#1792,#1793,#1794,#1795));
#386=EDGE_LOOP('',(#1796,#1797,#1798,#1799));
#387=EDGE_LOOP('',(#1800,#1801,#1802,#1803,#1804,#1805,#1806,#1807,#1808,
#1809,#1810,#1811,#1812,#1813,#1814,#1815));
#388=EDGE_LOOP('',(#1816));
#389=EDGE_LOOP('',(#1817));
#390=EDGE_LOOP('',(#1818));
#391=EDGE_LOOP('',(#1819));
#392=EDGE_LOOP('',(#1820));
#393=EDGE_LOOP('',(#1821));
#394=EDGE_LOOP('',(#1822));
#395=EDGE_LOOP('',(#1823));
#396=EDGE_LOOP('',(#1824));
#397=EDGE_LOOP('',(#1825));
#398=EDGE_LOOP('',(#1826));
#399=EDGE_LOOP('',(#1827,#1828,#1829,#1830));
#400=EDGE_LOOP('',(#1831,#1832,#1833,#1834));
#401=EDGE_LOOP('',(#1835,#1836,#1837,#1838));
#402=EDGE_LOOP('',(#1839,#1840,#1841,#1842));
#403=EDGE_LOOP('',(#1843,#1844,#1845,#1846));
#404=EDGE_LOOP('',(#1847,#1848,#1849,#1850));
#405=EDGE_LOOP('',(#1851,#1852,#1853,#1854));
#406=EDGE_LOOP('',(#1855,#1856,#1857,#1858));
#407=EDGE_LOOP('',(#1859,#1860,#1861,#1862));
#408=EDGE_LOOP('',(#1863,#1864,#1865,#1866));
#409=EDGE_LOOP('',(#1867,#1868,#1869,#1870));
#410=EDGE_LOOP('',(#1871,#1872,#1873,#1874));
#411=EDGE_LOOP('',(#1875,#1876,#1877,#1878));
#412=EDGE_LOOP('',(#1879,#1880,#1881,#1882));
#413=EDGE_LOOP('',(#1883,#1884,#1885,#1886));
#414=EDGE_LOOP('',(#1887,#1888,#1889,#1890,#1891,#1892,#1893,#1894,#1895,
#1896,#1897,#1898,#1899,#1900,#1901,#1902));
#415=EDGE_LOOP('',(#1903));
#416=EDGE_LOOP('',(#1904));
#417=EDGE_LOOP('',(#1905));
#418=EDGE_LOOP('',(#1906));
#419=EDGE_LOOP('',(#1907));
#420=EDGE_LOOP('',(#1908));
#421=EDGE_LOOP('',(#1909));
#422=EDGE_LOOP('',(#1910));
#423=EDGE_LOOP('',(#1911));
#424=EDGE_LOOP('',(#1912));
#425=EDGE_LOOP('',(#1913));
#426=EDGE_LOOP('',(#1914,#1915,#1916,#1917));
#427=EDGE_LOOP('',(#1918,#1919,#1920,#1921));
#428=EDGE_LOOP('',(#1922,#1923,#1924,#1925));
#429=EDGE_LOOP('',(#1926,#1927,#1928,#1929));
#430=EDGE_LOOP('',(#1930,#1931,#1932,#1933));
#431=EDGE_LOOP('',(#1934,#1935,#1936,#1937));
#432=EDGE_LOOP('',(#1938,#1939,#1940,#1941));
#433=EDGE_LOOP('',(#1942,#1943,#1944,#1945));
#434=EDGE_LOOP('',(#1946,#1947,#1948,#1949,#1950,#1951,#1952,#1953,#1954,
#1955,#1956,#1957,#1958,#1959,#1960,#1961));
#435=EDGE_LOOP('',(#1962,#1963,#1964,#1965,#1966,#1967,#1968,#1969));
#436=EDGE_LOOP('',(#1970,#1971,#1972,#1973));
#437=EDGE_LOOP('',(#1974,#1975,#1976,#1977));
#438=EDGE_LOOP('',(#1978,#1979,#1980,#1981));
#439=EDGE_LOOP('',(#1982,#1983,#1984,#1985));
#440=EDGE_LOOP('',(#1986,#1987,#1988,#1989));
#441=EDGE_LOOP('',(#1990,#1991,#1992,#1993));
#442=EDGE_LOOP('',(#1994,#1995,#1996,#1997));
#443=EDGE_LOOP('',(#1998,#1999,#2000,#2001));
#444=EDGE_LOOP('',(#2002,#2003,#2004,#2005,#2006,#2007,#2008,#2009,#2010,
#2011,#2012,#2013,#2014,#2015,#2016,#2017));
#445=EDGE_LOOP('',(#2018,#2019,#2020,#2021,#2022,#2023,#2024,#2025));
#446=EDGE_LOOP('',(#2026,#2027,#2028,#2029));
#447=EDGE_LOOP('',(#2030,#2031,#2032,#2033));
#448=EDGE_LOOP('',(#2034,#2035,#2036,#2037));
#449=EDGE_LOOP('',(#2038,#2039,#2040,#2041));
#450=EDGE_LOOP('',(#2042,#2043,#2044,#2045));
#451=EDGE_LOOP('',(#2046,#2047,#2048,#2049));
#452=EDGE_LOOP('',(#2050,#2051,#2052,#2053));
#453=EDGE_LOOP('',(#2054,#2055,#2056,#2057));
#454=EDGE_LOOP('',(#2058,#2059,#2060,#2061));
#455=EDGE_LOOP('',(#2062,#2063,#2064,#2065));
#456=EDGE_LOOP('',(#2066,#2067,#2068,#2069));
#457=EDGE_LOOP('',(#2070,#2071,#2072,#2073));
#458=EDGE_LOOP('',(#2074,#2075,#2076,#2077));
#459=EDGE_LOOP('',(#2078,#2079,#2080,#2081));
#460=EDGE_LOOP('',(#2082,#2083,#2084,#2085));
#461=EDGE_LOOP('',(#2086,#2087,#2088,#2089));
#462=EDGE_LOOP('',(#2090,#2091,#2092,#2093));
#463=EDGE_LOOP('',(#2094,#2095,#2096,#2097));
#464=EDGE_LOOP('',(#2098,#2099,#2100,#2101));
#465=EDGE_LOOP('',(#2102,#2103,#2104,#2105));
#466=EDGE_LOOP('',(#2106,#2107,#2108,#2109));
#467=EDGE_LOOP('',(#2110,#2111,#2112,#2113));
#468=EDGE_LOOP('',(#2114,#2115,#2116,#2117));
#469=EDGE_LOOP('',(#2118,#2119,#2120,#2121));
#470=EDGE_LOOP('',(#2122,#2123,#2124,#2125));
#471=EDGE_LOOP('',(#2126,#2127,#2128,#2129));
#472=EDGE_LOOP('',(#2130,#2131,#2132,#2133));
#473=EDGE_LOOP('',(#2134,#2135,#2136,#2137));
#474=EDGE_LOOP('',(#2138,#2139,#2140,#2141));
#475=EDGE_LOOP('',(#2142,#2143,#2144,#2145));
#476=EDGE_LOOP('',(#2146,#2147,#2148,#2149));
#477=EDGE_LOOP('',(#2150,#2151,#2152,#2153));
#478=EDGE_LOOP('',(#2154,#2155,#2156,#2157));
#479=EDGE_LOOP('',(#2158,#2159,#2160,#2161));
#480=EDGE_LOOP('',(#2162,#2163,#2164,#2165));
#481=EDGE_LOOP('',(#2166,#2167,#2168,#2169));
#482=EDGE_LOOP('',(#2170,#2171,#2172,#2173));
#483=LINE('',#3420,#676);
#484=LINE('',#3426,#677);
#485=LINE('',#3432,#678);
#486=LINE('',#3438,#679);
#487=LINE('',#3444,#680);
#488=LINE('',#3450,#681);
#489=LINE('',#3456,#682);
#490=LINE('',#3462,#683);
#491=LINE('',#3470,#684);
#492=LINE('',#3472,#685);
#493=LINE('',#3474,#686);
#494=LINE('',#3475,#687);
#495=LINE('',#3478,#688);
#496=LINE('',#3480,#689);
#497=LINE('',#3481,#690);
#498=LINE('',#3485,#691);
#499=LINE('',#3486,#692);
#500=LINE('',#3487,#693);
#501=LINE('',#3503,#694);
#502=LINE('',#3507,#695);
#503=LINE('',#3511,#696);
#504=LINE('',#3515,#697);
#505=LINE('',#3520,#698);
#506=LINE('',#3526,#699);
#507=LINE('',#3532,#700);
#508=LINE('',#3538,#701);
#509=LINE('',#3546,#702);
#510=LINE('',#3558,#703);
#511=LINE('',#3560,#704);
#512=LINE('',#3565,#705);
#513=LINE('',#3573,#706);
#514=LINE('',#3579,#707);
#515=LINE('',#3585,#708);
#516=LINE('',#3591,#709);
#517=LINE('',#3597,#710);
#518=LINE('',#3603,#711);
#519=LINE('',#3609,#712);
#520=LINE('',#3615,#713);
#521=LINE('',#3621,#714);
#522=LINE('',#3627,#715);
#523=LINE('',#3633,#716);
#524=LINE('',#3638,#717);
#525=LINE('',#3642,#718);
#526=LINE('',#3647,#719);
#527=LINE('',#3651,#720);
#528=LINE('',#3656,#721);
#529=LINE('',#3660,#722);
#530=LINE('',#3665,#723);
#531=LINE('',#3669,#724);
#532=LINE('',#3673,#725);
#533=LINE('',#3675,#726);
#534=LINE('',#3676,#727);
#535=LINE('',#3679,#728);
#536=LINE('',#3681,#729);
#537=LINE('',#3682,#730);
#538=LINE('',#3685,#731);
#539=LINE('',#3687,#732);
#540=LINE('',#3688,#733);
#541=LINE('',#3691,#734);
#542=LINE('',#3693,#735);
#543=LINE('',#3694,#736);
#544=LINE('',#3698,#737);
#545=LINE('',#3700,#738);
#546=LINE('',#3702,#739);
#547=LINE('',#3703,#740);
#548=LINE('',#3707,#741);
#549=LINE('',#3709,#742);
#550=LINE('',#3711,#743);
#551=LINE('',#3712,#744);
#552=LINE('',#3716,#745);
#553=LINE('',#3717,#746);
#554=LINE('',#3718,#747);
#555=LINE('',#3721,#748);
#556=LINE('',#3723,#749);
#557=LINE('',#3724,#750);
#558=LINE('',#3728,#751);
#559=LINE('',#3730,#752);
#560=LINE('',#3732,#753);
#561=LINE('',#3733,#754);
#562=LINE('',#3736,#755);
#563=LINE('',#3738,#756);
#564=LINE('',#3739,#757);
#565=LINE('',#3743,#758);
#566=LINE('',#3744,#759);
#567=LINE('',#3745,#760);
#568=LINE('',#3747,#761);
#569=LINE('',#3748,#762);
#570=LINE('',#3751,#763);
#571=LINE('',#3753,#764);
#572=LINE('',#3754,#765);
#573=LINE('',#3765,#766);
#574=LINE('',#3769,#767);
#575=LINE('',#3771,#768);
#576=LINE('',#3773,#769);
#577=LINE('',#3778,#770);
#578=LINE('',#3780,#771);
#579=LINE('',#3782,#772);
#580=LINE('',#3786,#773);
#581=LINE('',#3792,#774);
#582=LINE('',#3797,#775);
#583=LINE('',#3801,#776);
#584=LINE('',#3802,#777);
#585=LINE('',#3803,#778);
#586=LINE('',#3806,#779);
#587=LINE('',#3808,#780);
#588=LINE('',#3809,#781);
#589=LINE('',#3811,#782);
#590=LINE('',#3814,#783);
#591=LINE('',#3815,#784);
#592=LINE('',#3817,#785);
#593=LINE('',#3819,#786);
#594=LINE('',#3822,#787);
#595=LINE('',#3823,#788);
#596=LINE('',#3833,#789);
#597=LINE('',#3837,#790);
#598=LINE('',#3843,#791);
#599=LINE('',#3849,#792);
#600=LINE('',#3856,#793);
#601=LINE('',#3858,#794);
#602=LINE('',#3860,#795);
#603=LINE('',#3864,#796);
#604=LINE('',#3866,#797);
#605=LINE('',#3868,#798);
#606=LINE('',#3872,#799);
#607=LINE('',#3874,#800);
#608=LINE('',#3876,#801);
#609=LINE('',#3880,#802);
#610=LINE('',#3882,#803);
#611=LINE('',#3883,#804);
#612=LINE('',#3895,#805);
#613=LINE('',#3899,#806);
#614=LINE('',#3903,#807);
#615=LINE('',#3907,#808);
#616=LINE('',#3913,#809);
#617=LINE('',#3916,#810);
#618=LINE('',#3921,#811);
#619=LINE('',#3924,#812);
#620=LINE('',#3928,#813);
#621=LINE('',#3932,#814);
#622=LINE('',#3935,#815);
#623=LINE('',#3940,#816);
#624=LINE('',#3944,#817);
#625=LINE('',#3946,#818);
#626=LINE('',#3950,#819);
#627=LINE('',#3952,#820);
#628=LINE('',#3954,#821);
#629=LINE('',#3958,#822);
#630=LINE('',#3960,#823);
#631=LINE('',#3962,#824);
#632=LINE('',#3966,#825);
#633=LINE('',#3968,#826);
#634=LINE('',#3970,#827);
#635=LINE('',#3973,#828);
#636=LINE('',#3977,#829);
#637=LINE('',#3981,#830);
#638=LINE('',#3985,#831);
#639=LINE('',#3989,#832);
#640=LINE('',#3995,#833);
#641=LINE('',#3998,#834);
#642=LINE('',#4003,#835);
#643=LINE('',#4006,#836);
#644=LINE('',#4009,#837);
#645=LINE('',#4010,#838);
#646=LINE('',#4012,#839);
#647=LINE('',#4013,#840);
#648=LINE('',#4015,#841);
#649=LINE('',#4016,#842);
#650=LINE('',#4018,#843);
#651=LINE('',#4019,#844);
#652=LINE('',#4021,#845);
#653=LINE('',#4023,#846);
#654=LINE('',#4025,#847);
#655=LINE('',#4027,#848);
#656=LINE('',#4029,#849);
#657=LINE('',#4030,#850);
#658=LINE('',#4032,#851);
#659=LINE('',#4033,#852);
#660=LINE('',#4035,#853);
#661=LINE('',#4037,#854);
#662=LINE('',#4039,#855);
#663=LINE('',#4040,#856);
#664=LINE('',#4042,#857);
#665=LINE('',#4044,#858);
#666=LINE('',#4047,#859);
#667=LINE('',#4051,#860);
#668=LINE('',#4054,#861);
#669=LINE('',#4056,#862);
#670=LINE('',#4058,#863);
#671=LINE('',#4059,#864);
#672=LINE('',#4061,#865);
#673=LINE('',#4062,#866);
#674=LINE('',#4065,#867);
#675=LINE('',#4069,#868);
#676=VECTOR('',#2719,1.6);
#677=VECTOR('',#2726,1.6);
#678=VECTOR('',#2733,1.6);
#679=VECTOR('',#2740,1.6);
#680=VECTOR('',#2747,1.6);
#681=VECTOR('',#2754,1.6);
#682=VECTOR('',#2761,68.);
#683=VECTOR('',#2768,75.);
#684=VECTOR('',#2779,10.);
#685=VECTOR('',#2780,10.);
#686=VECTOR('',#2781,10.);
#687=VECTOR('',#2782,10.);
#688=VECTOR('',#2785,10.);
#689=VECTOR('',#2786,10.);
#690=VECTOR('',#2787,10.);
#691=VECTOR('',#2790,10.);
#692=VECTOR('',#2791,10.);
#693=VECTOR('',#2792,10.);
#694=VECTOR('',#2811,1.25);
#695=VECTOR('',#2816,1.25);
#696=VECTOR('',#2821,1.25);
#697=VECTOR('',#2826,1.25);
#698=VECTOR('',#2831,1.25);
#699=VECTOR('',#2838,1.25);
#700=VECTOR('',#2845,1.25);
#701=VECTOR('',#2852,1.25);
#702=VECTOR('',#2863,18.);
#703=VECTOR('',#2878,18.);
#704=VECTOR('',#2881,12.);
#705=VECTOR('',#2888,12.);
#706=VECTOR('',#2899,1.6);
#707=VECTOR('',#2906,1.6);
#708=VECTOR('',#2913,1.6);
#709=VECTOR('',#2920,1.6);
#710=VECTOR('',#2927,1.6);
#711=VECTOR('',#2934,1.6);
#712=VECTOR('',#2941,1.6);
#713=VECTOR('',#2948,1.6);
#714=VECTOR('',#2955,1.6);
#715=VECTOR('',#2962,1.6);
#716=VECTOR('',#2969,5.);
#717=VECTOR('',#2974,10.);
#718=VECTOR('',#2977,10.);
#719=VECTOR('',#2982,10.);
#720=VECTOR('',#2985,10.);
#721=VECTOR('',#2990,10.);
#722=VECTOR('',#2993,10.);
#723=VECTOR('',#2998,10.);
#724=VECTOR('',#3001,10.);
#725=VECTOR('',#3006,10.);
#726=VECTOR('',#3007,10.);
#727=VECTOR('',#3008,10.);
#728=VECTOR('',#3011,10.);
#729=VECTOR('',#3012,10.);
#730=VECTOR('',#3013,10.);
#731=VECTOR('',#3016,10.);
#732=VECTOR('',#3017,10.);
#733=VECTOR('',#3018,10.);
#734=VECTOR('',#3021,10.);
#735=VECTOR('',#3022,10.);
#736=VECTOR('',#3023,10.);
#737=VECTOR('',#3026,10.);
#738=VECTOR('',#3027,10.);
#739=VECTOR('',#3028,10.);
#740=VECTOR('',#3029,10.);
#741=VECTOR('',#3032,10.);
#742=VECTOR('',#3033,10.);
#743=VECTOR('',#3034,10.);
#744=VECTOR('',#3035,10.);
#745=VECTOR('',#3038,10.);
#746=VECTOR('',#3039,10.);
#747=VECTOR('',#3040,10.);
#748=VECTOR('',#3043,10.);
#749=VECTOR('',#3044,10.);
#750=VECTOR('',#3045,10.);
#751=VECTOR('',#3048,10.);
#752=VECTOR('',#3049,10.);
#753=VECTOR('',#3050,10.);
#754=VECTOR('',#3051,10.);
#755=VECTOR('',#3054,10.);
#756=VECTOR('',#3055,10.);
#757=VECTOR('',#3056,10.);
#758=VECTOR('',#3059,10.);
#759=VECTOR('',#3060,10.);
#760=VECTOR('',#3061,10.);
#761=VECTOR('',#3064,10.);
#762=VECTOR('',#3065,10.);
#763=VECTOR('',#3068,10.);
#764=VECTOR('',#3069,10.);
#765=VECTOR('',#3070,10.);
#766=VECTOR('',#3087,10.);
#767=VECTOR('',#3092,10.);
#768=VECTOR('',#3093,10.);
#769=VECTOR('',#3094,10.);
#770=VECTOR('',#3099,10.);
#771=VECTOR('',#3100,10.);
#772=VECTOR('',#3101,10.);
#773=VECTOR('',#3106,10.);
#774=VECTOR('',#3115,10.);
#775=VECTOR('',#3122,10.);
#776=VECTOR('',#3125,10.);
#777=VECTOR('',#3126,10.);
#778=VECTOR('',#3127,10.);
#779=VECTOR('',#3130,10.);
#780=VECTOR('',#3131,10.);
#781=VECTOR('',#3132,10.);
#782=VECTOR('',#3135,10.);
#783=VECTOR('',#3138,10.);
#784=VECTOR('',#3139,10.);
#785=VECTOR('',#3142,10.);
#786=VECTOR('',#3145,10.);
#787=VECTOR('',#3148,10.);
#788=VECTOR('',#3149,10.);
#789=VECTOR('',#3164,10.);
#790=VECTOR('',#3167,10.);
#791=VECTOR('',#3174,10.);
#792=VECTOR('',#3181,10.);
#793=VECTOR('',#3188,10.);
#794=VECTOR('',#3189,10.);
#795=VECTOR('',#3190,10.);
#796=VECTOR('',#3193,10.);
#797=VECTOR('',#3194,10.);
#798=VECTOR('',#3195,10.);
#799=VECTOR('',#3198,10.);
#800=VECTOR('',#3199,10.);
#801=VECTOR('',#3200,10.);
#802=VECTOR('',#3203,10.);
#803=VECTOR('',#3204,10.);
#804=VECTOR('',#3205,10.);
#805=VECTOR('',#3216,10.);
#806=VECTOR('',#3219,10.);
#807=VECTOR('',#3222,10.);
#808=VECTOR('',#3225,10.);
#809=VECTOR('',#3230,10.);
#810=VECTOR('',#3233,10.);
#811=VECTOR('',#3236,10.);
#812=VECTOR('',#3239,10.);
#813=VECTOR('',#3244,10.);
#814=VECTOR('',#3249,10.);
#815=VECTOR('',#3252,10.);
#816=VECTOR('',#3259,10.);
#817=VECTOR('',#3262,10.);
#818=VECTOR('',#3263,10.);
#819=VECTOR('',#3266,10.);
#820=VECTOR('',#3267,10.);
#821=VECTOR('',#3268,10.);
#822=VECTOR('',#3271,10.);
#823=VECTOR('',#3272,10.);
#824=VECTOR('',#3273,10.);
#825=VECTOR('',#3276,10.);
#826=VECTOR('',#3277,10.);
#827=VECTOR('',#3278,10.);
#828=VECTOR('',#3281,10.);
#829=VECTOR('',#3284,10.);
#830=VECTOR('',#3287,10.);
#831=VECTOR('',#3290,10.);
#832=VECTOR('',#3293,10.);
#833=VECTOR('',#3298,10.);
#834=VECTOR('',#3301,10.);
#835=VECTOR('',#3304,10.);
#836=VECTOR('',#3307,10.);
#837=VECTOR('',#3312,10.);
#838=VECTOR('',#3313,10.);
#839=VECTOR('',#3316,10.);
#840=VECTOR('',#3317,10.);
#841=VECTOR('',#3320,10.);
#842=VECTOR('',#3321,10.);
#843=VECTOR('',#3324,10.);
#844=VECTOR('',#3325,10.);
#845=VECTOR('',#3328,10.);
#846=VECTOR('',#3331,10.);
#847=VECTOR('',#3334,10.);
#848=VECTOR('',#3337,10.);
#849=VECTOR('',#3340,10.);
#850=VECTOR('',#3341,10.);
#851=VECTOR('',#3344,10.);
#852=VECTOR('',#3345,10.);
#853=VECTOR('',#3348,10.);
#854=VECTOR('',#3351,10.);
#855=VECTOR('',#3354,10.);
#856=VECTOR('',#3355,10.);
#857=VECTOR('',#3358,10.);
#858=VECTOR('',#3361,10.);
#859=VECTOR('',#3366,10.);
#860=VECTOR('',#3373,10.);
#861=VECTOR('',#3378,10.);
#862=VECTOR('',#3381,10.);
#863=VECTOR('',#3384,10.);
#864=VECTOR('',#3385,10.);
#865=VECTOR('',#3388,10.);
#866=VECTOR('',#3389,10.);
#867=VECTOR('',#3394,10.);
#868=VECTOR('',#3401,10.);
#869=CIRCLE('',#2459,1.6);
#870=CIRCLE('',#2460,1.6);
#871=CIRCLE('',#2462,1.6);
#872=CIRCLE('',#2463,1.6);
#873=CIRCLE('',#2465,1.6);
#874=CIRCLE('',#2466,1.6);
#875=CIRCLE('',#2468,1.6);
#876=CIRCLE('',#2469,1.6);
#877=CIRCLE('',#2471,1.6);
#878=CIRCLE('',#2472,1.6);
#879=CIRCLE('',#2474,1.6);
#880=CIRCLE('',#2475,1.6);
#881=CIRCLE('',#2477,68.);
#882=CIRCLE('',#2478,68.);
#883=CIRCLE('',#2480,75.);
#884=CIRCLE('',#2481,75.);
#885=CIRCLE('',#2489,18.);
#886=CIRCLE('',#2490,5.);
#887=CIRCLE('',#2491,1.25);
#888=CIRCLE('',#2492,1.25);
#889=CIRCLE('',#2493,1.25);
#890=CIRCLE('',#2494,1.25);
#891=CIRCLE('',#2496,1.25);
#892=CIRCLE('',#2498,1.25);
#893=CIRCLE('',#2500,1.25);
#894=CIRCLE('',#2502,1.25);
#895=CIRCLE('',#2504,1.25);
#896=CIRCLE('',#2505,1.25);
#897=CIRCLE('',#2507,1.25);
#898=CIRCLE('',#2508,1.25);
#899=CIRCLE('',#2510,1.25);
#900=CIRCLE('',#2511,1.25);
#901=CIRCLE('',#2513,1.25);
#902=CIRCLE('',#2514,1.25);
#903=CIRCLE('',#2516,18.);
#904=CIRCLE('',#2517,12.);
#905=CIRCLE('',#2520,18.);
#906=CIRCLE('',#2521,12.);
#907=CIRCLE('',#2523,18.);
#908=CIRCLE('',#2524,12.);
#909=CIRCLE('',#2528,5.);
#910=CIRCLE('',#2530,12.);
#911=CIRCLE('',#2534,1.6);
#912=CIRCLE('',#2535,1.6);
#913=CIRCLE('',#2537,1.6);
#914=CIRCLE('',#2538,1.6);
#915=CIRCLE('',#2540,1.6);
#916=CIRCLE('',#2541,1.6);
#917=CIRCLE('',#2543,1.6);
#918=CIRCLE('',#2544,1.6);
#919=CIRCLE('',#2546,1.6);
#920=CIRCLE('',#2547,1.6);
#921=CIRCLE('',#2549,1.6);
#922=CIRCLE('',#2550,1.6);
#923=CIRCLE('',#2552,1.6);
#924=CIRCLE('',#2553,1.6);
#925=CIRCLE('',#2555,1.6);
#926=CIRCLE('',#2556,1.6);
#927=CIRCLE('',#2558,1.6);
#928=CIRCLE('',#2559,1.6);
#929=CIRCLE('',#2561,1.6);
#930=CIRCLE('',#2562,1.6);
#931=CIRCLE('',#2564,5.);
#932=CIRCLE('',#2565,5.);
#933=CIRCLE('',#2567,18.);
#934=CIRCLE('',#2568,18.);
#935=CIRCLE('',#2570,18.);
#936=CIRCLE('',#2571,18.);
#937=CIRCLE('',#2573,18.);
#938=CIRCLE('',#2574,18.);
#939=CIRCLE('',#2576,18.);
#940=CIRCLE('',#2577,18.);
#941=CIRCLE('',#2592,68.);
#942=CIRCLE('',#2593,68.);
#943=CIRCLE('',#2595,68.);
#944=CIRCLE('',#2596,68.);
#945=CIRCLE('',#2598,74.);
#946=CIRCLE('',#2599,74.);
#947=CIRCLE('',#2601,74.);
#948=CIRCLE('',#2602,74.);
#949=CIRCLE('',#2603,74.);
#950=CIRCLE('',#2604,68.);
#951=CIRCLE('',#2605,68.);
#952=CIRCLE('',#2607,68.);
#953=CIRCLE('',#2609,74.);
#954=CIRCLE('',#2611,74.);
#955=CIRCLE('',#2620,68.);
#956=CIRCLE('',#2622,74.);
#957=CIRCLE('',#2626,1.6);
#958=CIRCLE('',#2627,1.6);
#959=CIRCLE('',#2629,15.);
#960=CIRCLE('',#2630,15.);
#961=CIRCLE('',#2632,15.);
#962=CIRCLE('',#2633,15.);
#963=CIRCLE('',#2635,55.);
#964=CIRCLE('',#2636,55.);
#965=CIRCLE('',#2637,55.);
#966=CIRCLE('',#2638,55.);
#967=CIRCLE('',#2639,1.6);
#968=CIRCLE('',#2640,15.);
#969=CIRCLE('',#2641,1.6);
#970=CIRCLE('',#2642,15.);
#971=CIRCLE('',#2643,1.6);
#972=CIRCLE('',#2644,45.);
#973=CIRCLE('',#2645,20.);
#974=CIRCLE('',#2646,45.);
#975=CIRCLE('',#2647,20.);
#976=CIRCLE('',#2648,20.);
#977=CIRCLE('',#2649,45.);
#978=CIRCLE('',#2650,20.);
#979=CIRCLE('',#2651,45.);
#980=CIRCLE('',#2653,1.6);
#981=CIRCLE('',#2655,15.);
#982=CIRCLE('',#2657,1.6);
#983=CIRCLE('',#2659,15.);
#984=CIRCLE('',#2661,55.);
#985=CIRCLE('',#2662,55.);
#986=CIRCLE('',#2663,55.);
#987=CIRCLE('',#2664,55.);
#988=CIRCLE('',#2665,1.6);
#989=CIRCLE('',#2666,45.);
#990=CIRCLE('',#2667,20.);
#991=CIRCLE('',#2668,45.);
#992=CIRCLE('',#2669,20.);
#993=CIRCLE('',#2670,20.);
#994=CIRCLE('',#2671,45.);
#995=CIRCLE('',#2672,20.);
#996=CIRCLE('',#2673,45.);
#997=VERTEX_POINT('',#3417);
#998=VERTEX_POINT('',#3419);
#999=VERTEX_POINT('',#3423);
#1000=VERTEX_POINT('',#3425);
#1001=VERTEX_POINT('',#3429);
#1002=VERTEX_POINT('',#3431);
#1003=VERTEX_POINT('',#3435);
#1004=VERTEX_POINT('',#3437);
#1005=VERTEX_POINT('',#3441);
#1006=VERTEX_POINT('',#3443);
#1007=VERTEX_POINT('',#3447);
#1008=VERTEX_POINT('',#3449);
#1009=VERTEX_POINT('',#3453);
#1010=VERTEX_POINT('',#3455);
#1011=VERTEX_POINT('',#3459);
#1012=VERTEX_POINT('',#3461);
#1013=VERTEX_POINT('',#3468);
#1014=VERTEX_POINT('',#3469);
#1015=VERTEX_POINT('',#3471);
#1016=VERTEX_POINT('',#3473);
#1017=VERTEX_POINT('',#3477);
#1018=VERTEX_POINT('',#3479);
#1019=VERTEX_POINT('',#3483);
#1020=VERTEX_POINT('',#3484);
#1021=VERTEX_POINT('',#3489);
#1022=VERTEX_POINT('',#3492);
#1023=VERTEX_POINT('',#3494);
#1024=VERTEX_POINT('',#3496);
#1025=VERTEX_POINT('',#3498);
#1026=VERTEX_POINT('',#3501);
#1027=VERTEX_POINT('',#3505);
#1028=VERTEX_POINT('',#3509);
#1029=VERTEX_POINT('',#3513);
#1030=VERTEX_POINT('',#3517);
#1031=VERTEX_POINT('',#3519);
#1032=VERTEX_POINT('',#3523);
#1033=VERTEX_POINT('',#3525);
#1034=VERTEX_POINT('',#3529);
#1035=VERTEX_POINT('',#3531);
#1036=VERTEX_POINT('',#3535);
#1037=VERTEX_POINT('',#3537);
#1038=VERTEX_POINT('',#3541);
#1039=VERTEX_POINT('',#3543);
#1040=VERTEX_POINT('',#3548);
#1041=VERTEX_POINT('',#3550);
#1042=VERTEX_POINT('',#3553);
#1043=VERTEX_POINT('',#3555);
#1044=VERTEX_POINT('',#3564);
#1045=VERTEX_POINT('',#3570);
#1046=VERTEX_POINT('',#3572);
#1047=VERTEX_POINT('',#3576);
#1048=VERTEX_POINT('',#3578);
#1049=VERTEX_POINT('',#3582);
#1050=VERTEX_POINT('',#3584);
#1051=VERTEX_POINT('',#3588);
#1052=VERTEX_POINT('',#3590);
#1053=VERTEX_POINT('',#3594);
#1054=VERTEX_POINT('',#3596);
#1055=VERTEX_POINT('',#3600);
#1056=VERTEX_POINT('',#3602);
#1057=VERTEX_POINT('',#3606);
#1058=VERTEX_POINT('',#3608);
#1059=VERTEX_POINT('',#3612);
#1060=VERTEX_POINT('',#3614);
#1061=VERTEX_POINT('',#3618);
#1062=VERTEX_POINT('',#3620);
#1063=VERTEX_POINT('',#3624);
#1064=VERTEX_POINT('',#3626);
#1065=VERTEX_POINT('',#3630);
#1066=VERTEX_POINT('',#3632);
#1067=VERTEX_POINT('',#3636);
#1068=VERTEX_POINT('',#3637);
#1069=VERTEX_POINT('',#3639);
#1070=VERTEX_POINT('',#3641);
#1071=VERTEX_POINT('',#3645);
#1072=VERTEX_POINT('',#3646);
#1073=VERTEX_POINT('',#3648);
#1074=VERTEX_POINT('',#3650);
#1075=VERTEX_POINT('',#3654);
#1076=VERTEX_POINT('',#3655);
#1077=VERTEX_POINT('',#3657);
#1078=VERTEX_POINT('',#3659);
#1079=VERTEX_POINT('',#3663);
#1080=VERTEX_POINT('',#3664);
#1081=VERTEX_POINT('',#3666);
#1082=VERTEX_POINT('',#3668);
#1083=VERTEX_POINT('',#3672);
#1084=VERTEX_POINT('',#3674);
#1085=VERTEX_POINT('',#3678);
#1086=VERTEX_POINT('',#3680);
#1087=VERTEX_POINT('',#3684);
#1088=VERTEX_POINT('',#3686);
#1089=VERTEX_POINT('',#3690);
#1090=VERTEX_POINT('',#3692);
#1091=VERTEX_POINT('',#3696);
#1092=VERTEX_POINT('',#3697);
#1093=VERTEX_POINT('',#3699);
#1094=VERTEX_POINT('',#3701);
#1095=VERTEX_POINT('',#3705);
#1096=VERTEX_POINT('',#3706);
#1097=VERTEX_POINT('',#3708);
#1098=VERTEX_POINT('',#3710);
#1099=VERTEX_POINT('',#3714);
#1100=VERTEX_POINT('',#3715);
#1101=VERTEX_POINT('',#3720);
#1102=VERTEX_POINT('',#3722);
#1103=VERTEX_POINT('',#3726);
#1104=VERTEX_POINT('',#3727);
#1105=VERTEX_POINT('',#3729);
#1106=VERTEX_POINT('',#3731);
#1107=VERTEX_POINT('',#3735);
#1108=VERTEX_POINT('',#3737);
#1109=VERTEX_POINT('',#3741);
#1110=VERTEX_POINT('',#3742);
#1111=VERTEX_POINT('',#3750);
#1112=VERTEX_POINT('',#3752);
#1113=VERTEX_POINT('',#3762);
#1114=VERTEX_POINT('',#3764);
#1115=VERTEX_POINT('',#3768);
#1116=VERTEX_POINT('',#3770);
#1117=VERTEX_POINT('',#3772);
#1118=VERTEX_POINT('',#3775);
#1119=VERTEX_POINT('',#3777);
#1120=VERTEX_POINT('',#3779);
#1121=VERTEX_POINT('',#3781);
#1122=VERTEX_POINT('',#3785);
#1123=VERTEX_POINT('',#3791);
#1124=VERTEX_POINT('',#3795);
#1125=VERTEX_POINT('',#3799);
#1126=VERTEX_POINT('',#3800);
#1127=VERTEX_POINT('',#3805);
#1128=VERTEX_POINT('',#3807);
#1129=VERTEX_POINT('',#3813);
#1130=VERTEX_POINT('',#3821);
#1131=VERTEX_POINT('',#3831);
#1132=VERTEX_POINT('',#3832);
#1133=VERTEX_POINT('',#3834);
#1134=VERTEX_POINT('',#3836);
#1135=VERTEX_POINT('',#3840);
#1136=VERTEX_POINT('',#3842);
#1137=VERTEX_POINT('',#3846);
#1138=VERTEX_POINT('',#3848);
#1139=VERTEX_POINT('',#3852);
#1140=VERTEX_POINT('',#3853);
#1141=VERTEX_POINT('',#3855);
#1142=VERTEX_POINT('',#3857);
#1143=VERTEX_POINT('',#3859);
#1144=VERTEX_POINT('',#3861);
#1145=VERTEX_POINT('',#3863);
#1146=VERTEX_POINT('',#3865);
#1147=VERTEX_POINT('',#3867);
#1148=VERTEX_POINT('',#3869);
#1149=VERTEX_POINT('',#3871);
#1150=VERTEX_POINT('',#3873);
#1151=VERTEX_POINT('',#3875);
#1152=VERTEX_POINT('',#3877);
#1153=VERTEX_POINT('',#3879);
#1154=VERTEX_POINT('',#3881);
#1155=VERTEX_POINT('',#3884);
#1156=VERTEX_POINT('',#3886);
#1157=VERTEX_POINT('',#3888);
#1158=VERTEX_POINT('',#3890);
#1159=VERTEX_POINT('',#3893);
#1160=VERTEX_POINT('',#3894);
#1161=VERTEX_POINT('',#3896);
#1162=VERTEX_POINT('',#3898);
#1163=VERTEX_POINT('',#3901);
#1164=VERTEX_POINT('',#3902);
#1165=VERTEX_POINT('',#3904);
#1166=VERTEX_POINT('',#3906);
#1167=VERTEX_POINT('',#3909);
#1168=VERTEX_POINT('',#3910);
#1169=VERTEX_POINT('',#3912);
#1170=VERTEX_POINT('',#3914);
#1171=VERTEX_POINT('',#3917);
#1172=VERTEX_POINT('',#3918);
#1173=VERTEX_POINT('',#3920);
#1174=VERTEX_POINT('',#3922);
#1175=VERTEX_POINT('',#3926);
#1176=VERTEX_POINT('',#3930);
#1177=VERTEX_POINT('',#3934);
#1178=VERTEX_POINT('',#3938);
#1179=VERTEX_POINT('',#3942);
#1180=VERTEX_POINT('',#3943);
#1181=VERTEX_POINT('',#3945);
#1182=VERTEX_POINT('',#3947);
#1183=VERTEX_POINT('',#3949);
#1184=VERTEX_POINT('',#3951);
#1185=VERTEX_POINT('',#3953);
#1186=VERTEX_POINT('',#3955);
#1187=VERTEX_POINT('',#3957);
#1188=VERTEX_POINT('',#3959);
#1189=VERTEX_POINT('',#3961);
#1190=VERTEX_POINT('',#3963);
#1191=VERTEX_POINT('',#3965);
#1192=VERTEX_POINT('',#3967);
#1193=VERTEX_POINT('',#3969);
#1194=VERTEX_POINT('',#3971);
#1195=VERTEX_POINT('',#3975);
#1196=VERTEX_POINT('',#3976);
#1197=VERTEX_POINT('',#3978);
#1198=VERTEX_POINT('',#3980);
#1199=VERTEX_POINT('',#3983);
#1200=VERTEX_POINT('',#3984);
#1201=VERTEX_POINT('',#3986);
#1202=VERTEX_POINT('',#3988);
#1203=VERTEX_POINT('',#3991);
#1204=VERTEX_POINT('',#3992);
#1205=VERTEX_POINT('',#3994);
#1206=VERTEX_POINT('',#3996);
#1207=VERTEX_POINT('',#3999);
#1208=VERTEX_POINT('',#4000);
#1209=VERTEX_POINT('',#4002);
#1210=VERTEX_POINT('',#4004);
#1211=EDGE_CURVE('',#997,#997,#869,.T.);
#1212=EDGE_CURVE('',#997,#998,#483,.T.);
#1213=EDGE_CURVE('',#998,#998,#870,.T.);
#1214=EDGE_CURVE('',#999,#999,#871,.T.);
#1215=EDGE_CURVE('',#999,#1000,#484,.T.);
#1216=EDGE_CURVE('',#1000,#1000,#872,.T.);
#1217=EDGE_CURVE('',#1001,#1001,#873,.T.);
#1218=EDGE_CURVE('',#1001,#1002,#485,.T.);
#1219=EDGE_CURVE('',#1002,#1002,#874,.T.);
#1220=EDGE_CURVE('',#1003,#1003,#875,.T.);
#1221=EDGE_CURVE('',#1003,#1004,#486,.T.);
#1222=EDGE_CURVE('',#1004,#1004,#876,.T.);
#1223=EDGE_CURVE('',#1005,#1005,#877,.T.);
#1224=EDGE_CURVE('',#1005,#1006,#487,.T.);
#1225=EDGE_CURVE('',#1006,#1006,#878,.T.);
#1226=EDGE_CURVE('',#1007,#1007,#879,.T.);
#1227=EDGE_CURVE('',#1007,#1008,#488,.T.);
#1228=EDGE_CURVE('',#1008,#1008,#880,.T.);
#1229=EDGE_CURVE('',#1009,#1009,#881,.T.);
#1230=EDGE_CURVE('',#1009,#1010,#489,.T.);
#1231=EDGE_CURVE('',#1010,#1010,#882,.T.);
#1232=EDGE_CURVE('',#1011,#1011,#883,.T.);
#1233=EDGE_CURVE('',#1011,#1012,#490,.T.);
#1234=EDGE_CURVE('',#1012,#1012,#884,.T.);
#1235=EDGE_CURVE('',#1013,#1014,#491,.T.);
#1236=EDGE_CURVE('',#1015,#1013,#492,.T.);
#1237=EDGE_CURVE('',#1015,#1016,#493,.T.);
#1238=EDGE_CURVE('',#1014,#1016,#494,.T.);
#1239=EDGE_CURVE('',#1017,#1015,#495,.T.);
#1240=EDGE_CURVE('',#1017,#1018,#496,.T.);
#1241=EDGE_CURVE('',#1016,#1018,#497,.T.);
#1242=EDGE_CURVE('',#1019,#1020,#498,.T.);
#1243=EDGE_CURVE('',#1018,#1019,#499,.T.);
#1244=EDGE_CURVE('',#1020,#1017,#500,.T.);
#1245=EDGE_CURVE('',#1021,#1021,#885,.T.);
#1246=EDGE_CURVE('',#1019,#1014,#886,.T.);
#1247=EDGE_CURVE('',#1022,#1022,#887,.T.);
#1248=EDGE_CURVE('',#1023,#1023,#888,.T.);
#1249=EDGE_CURVE('',#1024,#1024,#889,.T.);
#1250=EDGE_CURVE('',#1025,#1025,#890,.T.);
#1251=EDGE_CURVE('',#1026,#1026,#891,.T.);
#1252=EDGE_CURVE('',#1026,#1025,#501,.T.);
#1253=EDGE_CURVE('',#1027,#1027,#892,.T.);
#1254=EDGE_CURVE('',#1027,#1024,#502,.T.);
#1255=EDGE_CURVE('',#1028,#1028,#893,.T.);
#1256=EDGE_CURVE('',#1028,#1023,#503,.T.);
#1257=EDGE_CURVE('',#1029,#1029,#894,.T.);
#1258=EDGE_CURVE('',#1029,#1022,#504,.T.);
#1259=EDGE_CURVE('',#1030,#1030,#895,.T.);
#1260=EDGE_CURVE('',#1030,#1031,#505,.T.);
#1261=EDGE_CURVE('',#1031,#1031,#896,.T.);
#1262=EDGE_CURVE('',#1032,#1032,#897,.T.);
#1263=EDGE_CURVE('',#1032,#1033,#506,.T.);
#1264=EDGE_CURVE('',#1033,#1033,#898,.T.);
#1265=EDGE_CURVE('',#1034,#1034,#899,.T.);
#1266=EDGE_CURVE('',#1034,#1035,#507,.T.);
#1267=EDGE_CURVE('',#1035,#1035,#900,.T.);
#1268=EDGE_CURVE('',#1036,#1036,#901,.T.);
#1269=EDGE_CURVE('',#1036,#1037,#508,.T.);
#1270=EDGE_CURVE('',#1037,#1037,#902,.T.);
#1271=EDGE_CURVE('',#1038,#1038,#903,.T.);
#1272=EDGE_CURVE('',#1039,#1039,#904,.T.);
#1273=EDGE_CURVE('',#1021,#1038,#509,.T.);
#1274=EDGE_CURVE('',#1040,#1040,#905,.T.);
#1275=EDGE_CURVE('',#1041,#1041,#906,.T.);
#1276=EDGE_CURVE('',#1042,#1042,#907,.T.);
#1277=EDGE_CURVE('',#1043,#1043,#908,.T.);
#1278=EDGE_CURVE('',#1042,#1040,#510,.T.);
#1279=EDGE_CURVE('',#1039,#1043,#511,.T.);
#1280=EDGE_CURVE('',#1013,#1020,#909,.T.);
#1281=EDGE_CURVE('',#1041,#1044,#512,.T.);
#1282=EDGE_CURVE('',#1044,#1044,#910,.T.);
#1283=EDGE_CURVE('',#1045,#1045,#911,.T.);
#1284=EDGE_CURVE('',#1045,#1046,#513,.T.);
#1285=EDGE_CURVE('',#1046,#1046,#912,.T.);
#1286=EDGE_CURVE('',#1047,#1047,#913,.T.);
#1287=EDGE_CURVE('',#1047,#1048,#514,.T.);
#1288=EDGE_CURVE('',#1048,#1048,#914,.T.);
#1289=EDGE_CURVE('',#1049,#1049,#915,.T.);
#1290=EDGE_CURVE('',#1049,#1050,#515,.T.);
#1291=EDGE_CURVE('',#1050,#1050,#916,.T.);
#1292=EDGE_CURVE('',#1051,#1051,#917,.T.);
#1293=EDGE_CURVE('',#1051,#1052,#516,.T.);
#1294=EDGE_CURVE('',#1052,#1052,#918,.T.);
#1295=EDGE_CURVE('',#1053,#1053,#919,.T.);
#1296=EDGE_CURVE('',#1053,#1054,#517,.T.);
#1297=EDGE_CURVE('',#1054,#1054,#920,.T.);
#1298=EDGE_CURVE('',#1055,#1055,#921,.T.);
#1299=EDGE_CURVE('',#1055,#1056,#518,.T.);
#1300=EDGE_CURVE('',#1056,#1056,#922,.T.);
#1301=EDGE_CURVE('',#1057,#1057,#923,.T.);
#1302=EDGE_CURVE('',#1057,#1058,#519,.T.);
#1303=EDGE_CURVE('',#1058,#1058,#924,.T.);
#1304=EDGE_CURVE('',#1059,#1059,#925,.T.);
#1305=EDGE_CURVE('',#1059,#1060,#520,.T.);
#1306=EDGE_CURVE('',#1060,#1060,#926,.T.);
#1307=EDGE_CURVE('',#1061,#1061,#927,.T.);
#1308=EDGE_CURVE('',#1061,#1062,#521,.T.);
#1309=EDGE_CURVE('',#1062,#1062,#928,.T.);
#1310=EDGE_CURVE('',#1063,#1063,#929,.T.);
#1311=EDGE_CURVE('',#1063,#1064,#522,.T.);
#1312=EDGE_CURVE('',#1064,#1064,#930,.T.);
#1313=EDGE_CURVE('',#1065,#1065,#931,.T.);
#1314=EDGE_CURVE('',#1065,#1066,#523,.T.);
#1315=EDGE_CURVE('',#1066,#1066,#932,.T.);
#1316=EDGE_CURVE('',#1067,#1068,#524,.T.);
#1317=EDGE_CURVE('',#1069,#1067,#933,.T.);
#1318=EDGE_CURVE('',#1070,#1069,#525,.T.);
#1319=EDGE_CURVE('',#1068,#1070,#934,.T.);
#1320=EDGE_CURVE('',#1071,#1072,#526,.T.);
#1321=EDGE_CURVE('',#1073,#1071,#935,.T.);
#1322=EDGE_CURVE('',#1074,#1073,#527,.T.);
#1323=EDGE_CURVE('',#1072,#1074,#936,.T.);
#1324=EDGE_CURVE('',#1075,#1076,#528,.T.);
#1325=EDGE_CURVE('',#1077,#1075,#937,.T.);
#1326=EDGE_CURVE('',#1078,#1077,#529,.T.);
#1327=EDGE_CURVE('',#1076,#1078,#938,.T.);
#1328=EDGE_CURVE('',#1079,#1080,#530,.T.);
#1329=EDGE_CURVE('',#1081,#1079,#939,.T.);
#1330=EDGE_CURVE('',#1082,#1081,#531,.T.);
#1331=EDGE_CURVE('',#1080,#1082,#940,.T.);
#1332=EDGE_CURVE('',#1080,#1083,#532,.T.);
#1333=EDGE_CURVE('',#1084,#1083,#533,.T.);
#1334=EDGE_CURVE('',#1079,#1084,#534,.T.);
#1335=EDGE_CURVE('',#1077,#1085,#535,.T.);
#1336=EDGE_CURVE('',#1086,#1085,#536,.T.);
#1337=EDGE_CURVE('',#1078,#1086,#537,.T.);
#1338=EDGE_CURVE('',#1072,#1087,#538,.T.);
#1339=EDGE_CURVE('',#1088,#1087,#539,.T.);
#1340=EDGE_CURVE('',#1071,#1088,#540,.T.);
#1341=EDGE_CURVE('',#1069,#1089,#541,.T.);
#1342=EDGE_CURVE('',#1090,#1089,#542,.T.);
#1343=EDGE_CURVE('',#1070,#1090,#543,.T.);
#1344=EDGE_CURVE('',#1091,#1092,#544,.T.);
#1345=EDGE_CURVE('',#1093,#1091,#545,.T.);
#1346=EDGE_CURVE('',#1093,#1094,#546,.T.);
#1347=EDGE_CURVE('',#1094,#1092,#547,.T.);
#1348=EDGE_CURVE('',#1095,#1096,#548,.T.);
#1349=EDGE_CURVE('',#1095,#1097,#549,.T.);
#1350=EDGE_CURVE('',#1097,#1098,#550,.T.);
#1351=EDGE_CURVE('',#1096,#1098,#551,.T.);
#1352=EDGE_CURVE('',#1099,#1100,#552,.T.);
#1353=EDGE_CURVE('',#1092,#1099,#553,.T.);
#1354=EDGE_CURVE('',#1094,#1100,#554,.T.);
#1355=EDGE_CURVE('',#1101,#1068,#555,.T.);
#1356=EDGE_CURVE('',#1102,#1101,#556,.T.);
#1357=EDGE_CURVE('',#1102,#1067,#557,.T.);
#1358=EDGE_CURVE('',#1103,#1104,#558,.T.);
#1359=EDGE_CURVE('',#1105,#1103,#559,.T.);
#1360=EDGE_CURVE('',#1106,#1105,#560,.T.);
#1361=EDGE_CURVE('',#1106,#1104,#561,.T.);
#1362=EDGE_CURVE('',#1107,#1081,#562,.T.);
#1363=EDGE_CURVE('',#1108,#1107,#563,.T.);
#1364=EDGE_CURVE('',#1108,#1082,#564,.T.);
#1365=EDGE_CURVE('',#1109,#1110,#565,.T.);
#1366=EDGE_CURVE('',#1109,#1093,#566,.T.);
#1367=EDGE_CURVE('',#1110,#1091,#567,.T.);
#1368=EDGE_CURVE('',#1098,#1105,#568,.T.);
#1369=EDGE_CURVE('',#1097,#1106,#569,.T.);
#1370=EDGE_CURVE('',#1111,#1076,#570,.T.);
#1371=EDGE_CURVE('',#1112,#1111,#571,.T.);
#1372=EDGE_CURVE('',#1112,#1075,#572,.T.);
#1373=EDGE_CURVE('',#1112,#1085,#941,.T.);
#1374=EDGE_CURVE('',#1086,#1111,#942,.T.);
#1375=EDGE_CURVE('',#1090,#1101,#943,.T.);
#1376=EDGE_CURVE('',#1102,#1089,#944,.T.);
#1377=EDGE_CURVE('',#1113,#1110,#945,.T.);
#1378=EDGE_CURVE('',#1113,#1114,#573,.T.);
#1379=EDGE_CURVE('',#1109,#1114,#946,.T.);
#1380=EDGE_CURVE('',#1115,#1114,#574,.T.);
#1381=EDGE_CURVE('',#1116,#1115,#575,.T.);
#1382=EDGE_CURVE('',#1117,#1116,#576,.T.);
#1383=EDGE_CURVE('',#1117,#1104,#947,.T.);
#1384=EDGE_CURVE('',#1095,#1118,#948,.T.);
#1385=EDGE_CURVE('',#1119,#1118,#577,.T.);
#1386=EDGE_CURVE('',#1120,#1119,#578,.T.);
#1387=EDGE_CURVE('',#1121,#1120,#579,.T.);
#1388=EDGE_CURVE('',#1121,#1100,#949,.T.);
#1389=EDGE_CURVE('',#1108,#1083,#950,.T.);
#1390=EDGE_CURVE('',#1122,#1074,#580,.T.);
#1391=EDGE_CURVE('',#1122,#1087,#951,.T.);
#1392=EDGE_CURVE('',#1084,#1107,#952,.T.);
#1393=EDGE_CURVE('',#1117,#1123,#581,.T.);
#1394=EDGE_CURVE('',#1103,#1123,#953,.T.);
#1395=EDGE_CURVE('',#1124,#1096,#954,.T.);
#1396=EDGE_CURVE('',#1124,#1118,#582,.T.);
#1397=EDGE_CURVE('',#1125,#1126,#583,.T.);
#1398=EDGE_CURVE('',#1116,#1125,#584,.T.);
#1399=EDGE_CURVE('',#1115,#1126,#585,.T.);
#1400=EDGE_CURVE('',#1121,#1127,#586,.T.);
#1401=EDGE_CURVE('',#1120,#1128,#587,.T.);
#1402=EDGE_CURVE('',#1127,#1128,#588,.T.);
#1403=EDGE_CURVE('',#1126,#1113,#589,.T.);
#1404=EDGE_CURVE('',#1129,#1124,#590,.T.);
#1405=EDGE_CURVE('',#1119,#1129,#591,.T.);
#1406=EDGE_CURVE('',#1123,#1125,#592,.T.);
#1407=EDGE_CURVE('',#1128,#1129,#593,.T.);
#1408=EDGE_CURVE('',#1130,#1073,#594,.T.);
#1409=EDGE_CURVE('',#1122,#1130,#595,.T.);
#1410=EDGE_CURVE('',#1088,#1130,#955,.T.);
#1411=EDGE_CURVE('',#1099,#1127,#956,.T.);
#1412=EDGE_CURVE('',#1131,#1132,#596,.T.);
#1413=EDGE_CURVE('',#1133,#1131,#957,.T.);
#1414=EDGE_CURVE('',#1134,#1133,#597,.T.);
#1415=EDGE_CURVE('',#1132,#1134,#958,.T.);
#1416=EDGE_CURVE('',#1135,#1133,#959,.T.);
#1417=EDGE_CURVE('',#1135,#1136,#598,.T.);
#1418=EDGE_CURVE('',#1134,#1136,#960,.T.);
#1419=EDGE_CURVE('',#1137,#1132,#961,.T.);
#1420=EDGE_CURVE('',#1137,#1138,#599,.T.);
#1421=EDGE_CURVE('',#1131,#1138,#962,.T.);
#1422=EDGE_CURVE('',#1139,#1140,#963,.T.);
#1423=EDGE_CURVE('',#1140,#1141,#600,.T.);
#1424=EDGE_CURVE('',#1141,#1142,#601,.T.);
#1425=EDGE_CURVE('',#1142,#1143,#602,.T.);
#1426=EDGE_CURVE('',#1143,#1144,#964,.T.);
#1427=EDGE_CURVE('',#1144,#1145,#603,.T.);
#1428=EDGE_CURVE('',#1145,#1146,#604,.T.);
#1429=EDGE_CURVE('',#1146,#1147,#605,.T.);
#1430=EDGE_CURVE('',#1147,#1148,#965,.T.);
#1431=EDGE_CURVE('',#1148,#1149,#606,.T.);
#1432=EDGE_CURVE('',#1149,#1150,#607,.T.);
#1433=EDGE_CURVE('',#1150,#1151,#608,.T.);
#1434=EDGE_CURVE('',#1151,#1152,#966,.T.);
#1435=EDGE_CURVE('',#1152,#1153,#609,.T.);
#1436=EDGE_CURVE('',#1153,#1154,#610,.T.);
#1437=EDGE_CURVE('',#1154,#1139,#611,.T.);
#1438=EDGE_CURVE('',#1136,#1155,#967,.T.);
#1439=EDGE_CURVE('',#1155,#1156,#968,.T.);
#1440=EDGE_CURVE('',#1156,#1157,#969,.T.);
#1441=EDGE_CURVE('',#1157,#1158,#970,.T.);
#1442=EDGE_CURVE('',#1158,#1137,#971,.T.);
#1443=EDGE_CURVE('',#1159,#1160,#612,.T.);
#1444=EDGE_CURVE('',#1160,#1161,#972,.T.);
#1445=EDGE_CURVE('',#1161,#1162,#613,.T.);
#1446=EDGE_CURVE('',#1162,#1159,#973,.T.);
#1447=EDGE_CURVE('',#1163,#1164,#614,.T.);
#1448=EDGE_CURVE('',#1164,#1165,#974,.T.);
#1449=EDGE_CURVE('',#1165,#1166,#615,.T.);
#1450=EDGE_CURVE('',#1166,#1163,#975,.T.);
#1451=EDGE_CURVE('',#1167,#1168,#976,.T.);
#1452=EDGE_CURVE('',#1168,#1169,#616,.T.);
#1453=EDGE_CURVE('',#1169,#1170,#977,.T.);
#1454=EDGE_CURVE('',#1170,#1167,#617,.T.);
#1455=EDGE_CURVE('',#1171,#1172,#978,.T.);
#1456=EDGE_CURVE('',#1172,#1173,#618,.T.);
#1457=EDGE_CURVE('',#1173,#1174,#979,.T.);
#1458=EDGE_CURVE('',#1174,#1171,#619,.T.);
#1459=EDGE_CURVE('',#1175,#1135,#980,.T.);
#1460=EDGE_CURVE('',#1155,#1175,#620,.T.);
#1461=EDGE_CURVE('',#1176,#1175,#981,.T.);
#1462=EDGE_CURVE('',#1176,#1156,#621,.T.);
#1463=EDGE_CURVE('',#1157,#1177,#622,.T.);
#1464=EDGE_CURVE('',#1177,#1176,#982,.T.);
#1465=EDGE_CURVE('',#1178,#1177,#983,.T.);
#1466=EDGE_CURVE('',#1178,#1158,#623,.T.);
#1467=EDGE_CURVE('',#1179,#1180,#624,.T.);
#1468=EDGE_CURVE('',#1181,#1179,#625,.T.);
#1469=EDGE_CURVE('',#1181,#1182,#984,.T.);
#1470=EDGE_CURVE('',#1183,#1182,#626,.T.);
#1471=EDGE_CURVE('',#1184,#1183,#627,.T.);
#1472=EDGE_CURVE('',#1185,#1184,#628,.T.);
#1473=EDGE_CURVE('',#1185,#1186,#985,.T.);
#1474=EDGE_CURVE('',#1187,#1186,#629,.T.);
#1475=EDGE_CURVE('',#1188,#1187,#630,.T.);
#1476=EDGE_CURVE('',#1189,#1188,#631,.T.);
#1477=EDGE_CURVE('',#1189,#1190,#986,.T.);
#1478=EDGE_CURVE('',#1191,#1190,#632,.T.);
#1479=EDGE_CURVE('',#1192,#1191,#633,.T.);
#1480=EDGE_CURVE('',#1193,#1192,#634,.T.);
#1481=EDGE_CURVE('',#1193,#1194,#987,.T.);
#1482=EDGE_CURVE('',#1180,#1194,#635,.T.);
#1483=EDGE_CURVE('',#1138,#1178,#988,.T.);
#1484=EDGE_CURVE('',#1195,#1196,#636,.T.);
#1485=EDGE_CURVE('',#1195,#1197,#989,.T.);
#1486=EDGE_CURVE('',#1198,#1197,#637,.T.);
#1487=EDGE_CURVE('',#1198,#1196,#990,.T.);
#1488=EDGE_CURVE('',#1199,#1200,#638,.T.);
#1489=EDGE_CURVE('',#1199,#1201,#991,.T.);
#1490=EDGE_CURVE('',#1202,#1201,#639,.T.);
#1491=EDGE_CURVE('',#1202,#1200,#992,.T.);
#1492=EDGE_CURVE('',#1203,#1204,#993,.T.);
#1493=EDGE_CURVE('',#1205,#1204,#640,.T.);
#1494=EDGE_CURVE('',#1205,#1206,#994,.T.);
#1495=EDGE_CURVE('',#1203,#1206,#641,.T.);
#1496=EDGE_CURVE('',#1207,#1208,#995,.T.);
#1497=EDGE_CURVE('',#1209,#1208,#642,.T.);
#1498=EDGE_CURVE('',#1209,#1210,#996,.T.);
#1499=EDGE_CURVE('',#1207,#1210,#643,.T.);
#1500=EDGE_CURVE('',#1200,#1171,#644,.T.);
#1501=EDGE_CURVE('',#1172,#1202,#645,.T.);
#1502=EDGE_CURVE('',#1163,#1207,#646,.T.);
#1503=EDGE_CURVE('',#1208,#1166,#647,.T.);
#1504=EDGE_CURVE('',#1196,#1167,#648,.T.);
#1505=EDGE_CURVE('',#1168,#1198,#649,.T.);
#1506=EDGE_CURVE('',#1159,#1203,#650,.T.);
#1507=EDGE_CURVE('',#1204,#1162,#651,.T.);
#1508=EDGE_CURVE('',#1160,#1206,#652,.T.);
#1509=EDGE_CURVE('',#1169,#1197,#653,.T.);
#1510=EDGE_CURVE('',#1164,#1210,#654,.T.);
#1511=EDGE_CURVE('',#1173,#1201,#655,.T.);
#1512=EDGE_CURVE('',#1179,#1153,#656,.T.);
#1513=EDGE_CURVE('',#1180,#1154,#657,.T.);
#1514=EDGE_CURVE('',#1189,#1144,#658,.T.);
#1515=EDGE_CURVE('',#1188,#1145,#659,.T.);
#1516=EDGE_CURVE('',#1139,#1194,#660,.T.);
#1517=EDGE_CURVE('',#1199,#1174,#661,.T.);
#1518=EDGE_CURVE('',#1147,#1186,#662,.T.);
#1519=EDGE_CURVE('',#1187,#1146,#663,.T.);
#1520=EDGE_CURVE('',#1205,#1161,#664,.T.);
#1521=EDGE_CURVE('',#1181,#1152,#665,.T.);
#1522=EDGE_CURVE('',#1195,#1170,#666,.T.);
#1523=EDGE_CURVE('',#1151,#1182,#667,.T.);
#1524=EDGE_CURVE('',#1185,#1148,#668,.T.);
#1525=EDGE_CURVE('',#1143,#1190,#669,.T.);
#1526=EDGE_CURVE('',#1184,#1149,#670,.T.);
#1527=EDGE_CURVE('',#1183,#1150,#671,.T.);
#1528=EDGE_CURVE('',#1193,#1140,#672,.T.);
#1529=EDGE_CURVE('',#1192,#1141,#673,.T.);
#1530=EDGE_CURVE('',#1191,#1142,#674,.T.);
#1531=EDGE_CURVE('',#1209,#1165,#675,.T.);
#1532=ORIENTED_EDGE('',*,*,#1211,.F.);
#1533=ORIENTED_EDGE('',*,*,#1212,.T.);
#1534=ORIENTED_EDGE('',*,*,#1213,.F.);
#1535=ORIENTED_EDGE('',*,*,#1212,.F.);
#1536=ORIENTED_EDGE('',*,*,#1214,.F.);
#1537=ORIENTED_EDGE('',*,*,#1215,.T.);
#1538=ORIENTED_EDGE('',*,*,#1216,.F.);
#1539=ORIENTED_EDGE('',*,*,#1215,.F.);
#1540=ORIENTED_EDGE('',*,*,#1217,.F.);
#1541=ORIENTED_EDGE('',*,*,#1218,.T.);
#1542=ORIENTED_EDGE('',*,*,#1219,.F.);
#1543=ORIENTED_EDGE('',*,*,#1218,.F.);
#1544=ORIENTED_EDGE('',*,*,#1220,.F.);
#1545=ORIENTED_EDGE('',*,*,#1221,.T.);
#1546=ORIENTED_EDGE('',*,*,#1222,.F.);
#1547=ORIENTED_EDGE('',*,*,#1221,.F.);
#1548=ORIENTED_EDGE('',*,*,#1223,.F.);
#1549=ORIENTED_EDGE('',*,*,#1224,.T.);
#1550=ORIENTED_EDGE('',*,*,#1225,.F.);
#1551=ORIENTED_EDGE('',*,*,#1224,.F.);
#1552=ORIENTED_EDGE('',*,*,#1226,.F.);
#1553=ORIENTED_EDGE('',*,*,#1227,.T.);
#1554=ORIENTED_EDGE('',*,*,#1228,.F.);
#1555=ORIENTED_EDGE('',*,*,#1227,.F.);
#1556=ORIENTED_EDGE('',*,*,#1229,.F.);
#1557=ORIENTED_EDGE('',*,*,#1230,.T.);
#1558=ORIENTED_EDGE('',*,*,#1231,.F.);
#1559=ORIENTED_EDGE('',*,*,#1230,.F.);
#1560=ORIENTED_EDGE('',*,*,#1232,.F.);
#1561=ORIENTED_EDGE('',*,*,#1233,.T.);
#1562=ORIENTED_EDGE('',*,*,#1234,.F.);
#1563=ORIENTED_EDGE('',*,*,#1233,.F.);
#1564=ORIENTED_EDGE('',*,*,#1234,.T.);
#1565=ORIENTED_EDGE('',*,*,#1211,.T.);
#1566=ORIENTED_EDGE('',*,*,#1214,.T.);
#1567=ORIENTED_EDGE('',*,*,#1217,.T.);
#1568=ORIENTED_EDGE('',*,*,#1220,.T.);
#1569=ORIENTED_EDGE('',*,*,#1223,.T.);
#1570=ORIENTED_EDGE('',*,*,#1226,.T.);
#1571=ORIENTED_EDGE('',*,*,#1229,.T.);
#1572=ORIENTED_EDGE('',*,*,#1232,.T.);
#1573=ORIENTED_EDGE('',*,*,#1213,.T.);
#1574=ORIENTED_EDGE('',*,*,#1216,.T.);
#1575=ORIENTED_EDGE('',*,*,#1219,.T.);
#1576=ORIENTED_EDGE('',*,*,#1222,.T.);
#1577=ORIENTED_EDGE('',*,*,#1225,.T.);
#1578=ORIENTED_EDGE('',*,*,#1228,.T.);
#1579=ORIENTED_EDGE('',*,*,#1231,.T.);
#1580=ORIENTED_EDGE('',*,*,#1235,.F.);
#1581=ORIENTED_EDGE('',*,*,#1236,.F.);
#1582=ORIENTED_EDGE('',*,*,#1237,.T.);
#1583=ORIENTED_EDGE('',*,*,#1238,.F.);
#1584=ORIENTED_EDGE('',*,*,#1239,.F.);
#1585=ORIENTED_EDGE('',*,*,#1240,.T.);
#1586=ORIENTED_EDGE('',*,*,#1241,.F.);
#1587=ORIENTED_EDGE('',*,*,#1237,.F.);
#1588=ORIENTED_EDGE('',*,*,#1242,.F.);
#1589=ORIENTED_EDGE('',*,*,#1243,.F.);
#1590=ORIENTED_EDGE('',*,*,#1240,.F.);
#1591=ORIENTED_EDGE('',*,*,#1244,.F.);
#1592=ORIENTED_EDGE('',*,*,#1245,.T.);
#1593=ORIENTED_EDGE('',*,*,#1238,.T.);
#1594=ORIENTED_EDGE('',*,*,#1241,.T.);
#1595=ORIENTED_EDGE('',*,*,#1243,.T.);
#1596=ORIENTED_EDGE('',*,*,#1246,.T.);
#1597=ORIENTED_EDGE('',*,*,#1247,.T.);
#1598=ORIENTED_EDGE('',*,*,#1248,.T.);
#1599=ORIENTED_EDGE('',*,*,#1249,.T.);
#1600=ORIENTED_EDGE('',*,*,#1250,.T.);
#1601=ORIENTED_EDGE('',*,*,#1251,.F.);
#1602=ORIENTED_EDGE('',*,*,#1252,.T.);
#1603=ORIENTED_EDGE('',*,*,#1250,.F.);
#1604=ORIENTED_EDGE('',*,*,#1252,.F.);
#1605=ORIENTED_EDGE('',*,*,#1253,.F.);
#1606=ORIENTED_EDGE('',*,*,#1254,.T.);
#1607=ORIENTED_EDGE('',*,*,#1249,.F.);
#1608=ORIENTED_EDGE('',*,*,#1254,.F.);
#1609=ORIENTED_EDGE('',*,*,#1255,.F.);
#1610=ORIENTED_EDGE('',*,*,#1256,.T.);
#1611=ORIENTED_EDGE('',*,*,#1248,.F.);
#1612=ORIENTED_EDGE('',*,*,#1256,.F.);
#1613=ORIENTED_EDGE('',*,*,#1257,.F.);
#1614=ORIENTED_EDGE('',*,*,#1258,.T.);
#1615=ORIENTED_EDGE('',*,*,#1247,.F.);
#1616=ORIENTED_EDGE('',*,*,#1258,.F.);
#1617=ORIENTED_EDGE('',*,*,#1259,.F.);
#1618=ORIENTED_EDGE('',*,*,#1260,.T.);
#1619=ORIENTED_EDGE('',*,*,#1261,.F.);
#1620=ORIENTED_EDGE('',*,*,#1260,.F.);
#1621=ORIENTED_EDGE('',*,*,#1262,.F.);
#1622=ORIENTED_EDGE('',*,*,#1263,.T.);
#1623=ORIENTED_EDGE('',*,*,#1264,.F.);
#1624=ORIENTED_EDGE('',*,*,#1263,.F.);
#1625=ORIENTED_EDGE('',*,*,#1265,.F.);
#1626=ORIENTED_EDGE('',*,*,#1266,.T.);
#1627=ORIENTED_EDGE('',*,*,#1267,.F.);
#1628=ORIENTED_EDGE('',*,*,#1266,.F.);
#1629=ORIENTED_EDGE('',*,*,#1268,.F.);
#1630=ORIENTED_EDGE('',*,*,#1269,.T.);
#1631=ORIENTED_EDGE('',*,*,#1270,.F.);
#1632=ORIENTED_EDGE('',*,*,#1269,.F.);
#1633=ORIENTED_EDGE('',*,*,#1271,.T.);
#1634=ORIENTED_EDGE('',*,*,#1251,.T.);
#1635=ORIENTED_EDGE('',*,*,#1253,.T.);
#1636=ORIENTED_EDGE('',*,*,#1255,.T.);
#1637=ORIENTED_EDGE('',*,*,#1257,.T.);
#1638=ORIENTED_EDGE('',*,*,#1272,.F.);
#1639=ORIENTED_EDGE('',*,*,#1245,.F.);
#1640=ORIENTED_EDGE('',*,*,#1273,.T.);
#1641=ORIENTED_EDGE('',*,*,#1271,.F.);
#1642=ORIENTED_EDGE('',*,*,#1273,.F.);
#1643=ORIENTED_EDGE('',*,*,#1274,.T.);
#1644=ORIENTED_EDGE('',*,*,#1259,.T.);
#1645=ORIENTED_EDGE('',*,*,#1262,.T.);
#1646=ORIENTED_EDGE('',*,*,#1265,.T.);
#1647=ORIENTED_EDGE('',*,*,#1268,.T.);
#1648=ORIENTED_EDGE('',*,*,#1275,.F.);
#1649=ORIENTED_EDGE('',*,*,#1276,.T.);
#1650=ORIENTED_EDGE('',*,*,#1261,.T.);
#1651=ORIENTED_EDGE('',*,*,#1264,.T.);
#1652=ORIENTED_EDGE('',*,*,#1267,.T.);
#1653=ORIENTED_EDGE('',*,*,#1270,.T.);
#1654=ORIENTED_EDGE('',*,*,#1277,.F.);
#1655=ORIENTED_EDGE('',*,*,#1276,.F.);
#1656=ORIENTED_EDGE('',*,*,#1278,.T.);
#1657=ORIENTED_EDGE('',*,*,#1274,.F.);
#1658=ORIENTED_EDGE('',*,*,#1278,.F.);
#1659=ORIENTED_EDGE('',*,*,#1272,.T.);
#1660=ORIENTED_EDGE('',*,*,#1279,.T.);
#1661=ORIENTED_EDGE('',*,*,#1277,.T.);
#1662=ORIENTED_EDGE('',*,*,#1279,.F.);
#1663=ORIENTED_EDGE('',*,*,#1235,.T.);
#1664=ORIENTED_EDGE('',*,*,#1246,.F.);
#1665=ORIENTED_EDGE('',*,*,#1242,.T.);
#1666=ORIENTED_EDGE('',*,*,#1280,.F.);
#1667=ORIENTED_EDGE('',*,*,#1275,.T.);
#1668=ORIENTED_EDGE('',*,*,#1281,.T.);
#1669=ORIENTED_EDGE('',*,*,#1282,.F.);
#1670=ORIENTED_EDGE('',*,*,#1281,.F.);
#1671=ORIENTED_EDGE('',*,*,#1282,.T.);
#1672=ORIENTED_EDGE('',*,*,#1236,.T.);
#1673=ORIENTED_EDGE('',*,*,#1280,.T.);
#1674=ORIENTED_EDGE('',*,*,#1244,.T.);
#1675=ORIENTED_EDGE('',*,*,#1239,.T.);
#1676=ORIENTED_EDGE('',*,*,#1283,.F.);
#1677=ORIENTED_EDGE('',*,*,#1284,.T.);
#1678=ORIENTED_EDGE('',*,*,#1285,.F.);
#1679=ORIENTED_EDGE('',*,*,#1284,.F.);
#1680=ORIENTED_EDGE('',*,*,#1286,.F.);
#1681=ORIENTED_EDGE('',*,*,#1287,.T.);
#1682=ORIENTED_EDGE('',*,*,#1288,.F.);
#1683=ORIENTED_EDGE('',*,*,#1287,.F.);
#1684=ORIENTED_EDGE('',*,*,#1289,.F.);
#1685=ORIENTED_EDGE('',*,*,#1290,.T.);
#1686=ORIENTED_EDGE('',*,*,#1291,.F.);
#1687=ORIENTED_EDGE('',*,*,#1290,.F.);
#1688=ORIENTED_EDGE('',*,*,#1292,.F.);
#1689=ORIENTED_EDGE('',*,*,#1293,.T.);
#1690=ORIENTED_EDGE('',*,*,#1294,.F.);
#1691=ORIENTED_EDGE('',*,*,#1293,.F.);
#1692=ORIENTED_EDGE('',*,*,#1295,.F.);
#1693=ORIENTED_EDGE('',*,*,#1296,.T.);
#1694=ORIENTED_EDGE('',*,*,#1297,.F.);
#1695=ORIENTED_EDGE('',*,*,#1296,.F.);
#1696=ORIENTED_EDGE('',*,*,#1298,.F.);
#1697=ORIENTED_EDGE('',*,*,#1299,.T.);
#1698=ORIENTED_EDGE('',*,*,#1300,.F.);
#1699=ORIENTED_EDGE('',*,*,#1299,.F.);
#1700=ORIENTED_EDGE('',*,*,#1301,.F.);
#1701=ORIENTED_EDGE('',*,*,#1302,.T.);
#1702=ORIENTED_EDGE('',*,*,#1303,.F.);
#1703=ORIENTED_EDGE('',*,*,#1302,.F.);
#1704=ORIENTED_EDGE('',*,*,#1304,.F.);
#1705=ORIENTED_EDGE('',*,*,#1305,.T.);
#1706=ORIENTED_EDGE('',*,*,#1306,.F.);
#1707=ORIENTED_EDGE('',*,*,#1305,.F.);
#1708=ORIENTED_EDGE('',*,*,#1307,.F.);
#1709=ORIENTED_EDGE('',*,*,#1308,.T.);
#1710=ORIENTED_EDGE('',*,*,#1309,.F.);
#1711=ORIENTED_EDGE('',*,*,#1308,.F.);
#1712=ORIENTED_EDGE('',*,*,#1310,.F.);
#1713=ORIENTED_EDGE('',*,*,#1311,.T.);
#1714=ORIENTED_EDGE('',*,*,#1312,.F.);
#1715=ORIENTED_EDGE('',*,*,#1311,.F.);
#1716=ORIENTED_EDGE('',*,*,#1313,.F.);
#1717=ORIENTED_EDGE('',*,*,#1314,.T.);
#1718=ORIENTED_EDGE('',*,*,#1315,.F.);
#1719=ORIENTED_EDGE('',*,*,#1314,.F.);
#1720=ORIENTED_EDGE('',*,*,#1316,.F.);
#1721=ORIENTED_EDGE('',*,*,#1317,.F.);
#1722=ORIENTED_EDGE('',*,*,#1318,.F.);
#1723=ORIENTED_EDGE('',*,*,#1319,.F.);
#1724=ORIENTED_EDGE('',*,*,#1320,.F.);
#1725=ORIENTED_EDGE('',*,*,#1321,.F.);
#1726=ORIENTED_EDGE('',*,*,#1322,.F.);
#1727=ORIENTED_EDGE('',*,*,#1323,.F.);
#1728=ORIENTED_EDGE('',*,*,#1324,.F.);
#1729=ORIENTED_EDGE('',*,*,#1325,.F.);
#1730=ORIENTED_EDGE('',*,*,#1326,.F.);
#1731=ORIENTED_EDGE('',*,*,#1327,.F.);
#1732=ORIENTED_EDGE('',*,*,#1328,.F.);
#1733=ORIENTED_EDGE('',*,*,#1329,.F.);
#1734=ORIENTED_EDGE('',*,*,#1330,.F.);
#1735=ORIENTED_EDGE('',*,*,#1331,.F.);
#1736=ORIENTED_EDGE('',*,*,#1328,.T.);
#1737=ORIENTED_EDGE('',*,*,#1332,.T.);
#1738=ORIENTED_EDGE('',*,*,#1333,.F.);
#1739=ORIENTED_EDGE('',*,*,#1334,.F.);
#1740=ORIENTED_EDGE('',*,*,#1326,.T.);
#1741=ORIENTED_EDGE('',*,*,#1335,.T.);
#1742=ORIENTED_EDGE('',*,*,#1336,.F.);
#1743=ORIENTED_EDGE('',*,*,#1337,.F.);
#1744=ORIENTED_EDGE('',*,*,#1320,.T.);
#1745=ORIENTED_EDGE('',*,*,#1338,.T.);
#1746=ORIENTED_EDGE('',*,*,#1339,.F.);
#1747=ORIENTED_EDGE('',*,*,#1340,.F.);
#1748=ORIENTED_EDGE('',*,*,#1318,.T.);
#1749=ORIENTED_EDGE('',*,*,#1341,.T.);
#1750=ORIENTED_EDGE('',*,*,#1342,.F.);
#1751=ORIENTED_EDGE('',*,*,#1343,.F.);
#1752=ORIENTED_EDGE('',*,*,#1344,.F.);
#1753=ORIENTED_EDGE('',*,*,#1345,.F.);
#1754=ORIENTED_EDGE('',*,*,#1346,.T.);
#1755=ORIENTED_EDGE('',*,*,#1347,.T.);
#1756=ORIENTED_EDGE('',*,*,#1348,.F.);
#1757=ORIENTED_EDGE('',*,*,#1349,.T.);
#1758=ORIENTED_EDGE('',*,*,#1350,.T.);
#1759=ORIENTED_EDGE('',*,*,#1351,.F.);
#1760=ORIENTED_EDGE('',*,*,#1352,.F.);
#1761=ORIENTED_EDGE('',*,*,#1353,.F.);
#1762=ORIENTED_EDGE('',*,*,#1347,.F.);
#1763=ORIENTED_EDGE('',*,*,#1354,.T.);
#1764=ORIENTED_EDGE('',*,*,#1316,.T.);
#1765=ORIENTED_EDGE('',*,*,#1355,.F.);
#1766=ORIENTED_EDGE('',*,*,#1356,.F.);
#1767=ORIENTED_EDGE('',*,*,#1357,.T.);
#1768=ORIENTED_EDGE('',*,*,#1358,.F.);
#1769=ORIENTED_EDGE('',*,*,#1359,.F.);
#1770=ORIENTED_EDGE('',*,*,#1360,.F.);
#1771=ORIENTED_EDGE('',*,*,#1361,.T.);
#1772=ORIENTED_EDGE('',*,*,#1330,.T.);
#1773=ORIENTED_EDGE('',*,*,#1362,.F.);
#1774=ORIENTED_EDGE('',*,*,#1363,.F.);
#1775=ORIENTED_EDGE('',*,*,#1364,.T.);
#1776=ORIENTED_EDGE('',*,*,#1365,.F.);
#1777=ORIENTED_EDGE('',*,*,#1366,.T.);
#1778=ORIENTED_EDGE('',*,*,#1345,.T.);
#1779=ORIENTED_EDGE('',*,*,#1367,.F.);
#1780=ORIENTED_EDGE('',*,*,#1368,.F.);
#1781=ORIENTED_EDGE('',*,*,#1350,.F.);
#1782=ORIENTED_EDGE('',*,*,#1369,.T.);
#1783=ORIENTED_EDGE('',*,*,#1360,.T.);
#1784=ORIENTED_EDGE('',*,*,#1324,.T.);
#1785=ORIENTED_EDGE('',*,*,#1370,.F.);
#1786=ORIENTED_EDGE('',*,*,#1371,.F.);
#1787=ORIENTED_EDGE('',*,*,#1372,.T.);
#1788=ORIENTED_EDGE('',*,*,#1336,.T.);
#1789=ORIENTED_EDGE('',*,*,#1373,.F.);
#1790=ORIENTED_EDGE('',*,*,#1371,.T.);
#1791=ORIENTED_EDGE('',*,*,#1374,.F.);
#1792=ORIENTED_EDGE('',*,*,#1356,.T.);
#1793=ORIENTED_EDGE('',*,*,#1375,.F.);
#1794=ORIENTED_EDGE('',*,*,#1342,.T.);
#1795=ORIENTED_EDGE('',*,*,#1376,.F.);
#1796=ORIENTED_EDGE('',*,*,#1365,.T.);
#1797=ORIENTED_EDGE('',*,*,#1377,.F.);
#1798=ORIENTED_EDGE('',*,*,#1378,.T.);
#1799=ORIENTED_EDGE('',*,*,#1379,.F.);
#1800=ORIENTED_EDGE('',*,*,#1346,.F.);
#1801=ORIENTED_EDGE('',*,*,#1366,.F.);
#1802=ORIENTED_EDGE('',*,*,#1379,.T.);
#1803=ORIENTED_EDGE('',*,*,#1380,.F.);
#1804=ORIENTED_EDGE('',*,*,#1381,.F.);
#1805=ORIENTED_EDGE('',*,*,#1382,.F.);
#1806=ORIENTED_EDGE('',*,*,#1383,.T.);
#1807=ORIENTED_EDGE('',*,*,#1361,.F.);
#1808=ORIENTED_EDGE('',*,*,#1369,.F.);
#1809=ORIENTED_EDGE('',*,*,#1349,.F.);
#1810=ORIENTED_EDGE('',*,*,#1384,.T.);
#1811=ORIENTED_EDGE('',*,*,#1385,.F.);
#1812=ORIENTED_EDGE('',*,*,#1386,.F.);
#1813=ORIENTED_EDGE('',*,*,#1387,.F.);
#1814=ORIENTED_EDGE('',*,*,#1388,.T.);
#1815=ORIENTED_EDGE('',*,*,#1354,.F.);
#1816=ORIENTED_EDGE('',*,*,#1283,.T.);
#1817=ORIENTED_EDGE('',*,*,#1286,.T.);
#1818=ORIENTED_EDGE('',*,*,#1289,.T.);
#1819=ORIENTED_EDGE('',*,*,#1292,.T.);
#1820=ORIENTED_EDGE('',*,*,#1295,.T.);
#1821=ORIENTED_EDGE('',*,*,#1298,.T.);
#1822=ORIENTED_EDGE('',*,*,#1301,.T.);
#1823=ORIENTED_EDGE('',*,*,#1304,.T.);
#1824=ORIENTED_EDGE('',*,*,#1307,.T.);
#1825=ORIENTED_EDGE('',*,*,#1310,.T.);
#1826=ORIENTED_EDGE('',*,*,#1313,.T.);
#1827=ORIENTED_EDGE('',*,*,#1372,.F.);
#1828=ORIENTED_EDGE('',*,*,#1373,.T.);
#1829=ORIENTED_EDGE('',*,*,#1335,.F.);
#1830=ORIENTED_EDGE('',*,*,#1325,.T.);
#1831=ORIENTED_EDGE('',*,*,#1357,.F.);
#1832=ORIENTED_EDGE('',*,*,#1376,.T.);
#1833=ORIENTED_EDGE('',*,*,#1341,.F.);
#1834=ORIENTED_EDGE('',*,*,#1317,.T.);
#1835=ORIENTED_EDGE('',*,*,#1331,.T.);
#1836=ORIENTED_EDGE('',*,*,#1364,.F.);
#1837=ORIENTED_EDGE('',*,*,#1389,.T.);
#1838=ORIENTED_EDGE('',*,*,#1332,.F.);
#1839=ORIENTED_EDGE('',*,*,#1323,.T.);
#1840=ORIENTED_EDGE('',*,*,#1390,.F.);
#1841=ORIENTED_EDGE('',*,*,#1391,.T.);
#1842=ORIENTED_EDGE('',*,*,#1338,.F.);
#1843=ORIENTED_EDGE('',*,*,#1363,.T.);
#1844=ORIENTED_EDGE('',*,*,#1392,.F.);
#1845=ORIENTED_EDGE('',*,*,#1333,.T.);
#1846=ORIENTED_EDGE('',*,*,#1389,.F.);
#1847=ORIENTED_EDGE('',*,*,#1358,.T.);
#1848=ORIENTED_EDGE('',*,*,#1383,.F.);
#1849=ORIENTED_EDGE('',*,*,#1393,.T.);
#1850=ORIENTED_EDGE('',*,*,#1394,.F.);
#1851=ORIENTED_EDGE('',*,*,#1348,.T.);
#1852=ORIENTED_EDGE('',*,*,#1395,.F.);
#1853=ORIENTED_EDGE('',*,*,#1396,.T.);
#1854=ORIENTED_EDGE('',*,*,#1384,.F.);
#1855=ORIENTED_EDGE('',*,*,#1397,.F.);
#1856=ORIENTED_EDGE('',*,*,#1398,.F.);
#1857=ORIENTED_EDGE('',*,*,#1381,.T.);
#1858=ORIENTED_EDGE('',*,*,#1399,.T.);
#1859=ORIENTED_EDGE('',*,*,#1400,.F.);
#1860=ORIENTED_EDGE('',*,*,#1387,.T.);
#1861=ORIENTED_EDGE('',*,*,#1401,.T.);
#1862=ORIENTED_EDGE('',*,*,#1402,.F.);
#1863=ORIENTED_EDGE('',*,*,#1378,.F.);
#1864=ORIENTED_EDGE('',*,*,#1403,.F.);
#1865=ORIENTED_EDGE('',*,*,#1399,.F.);
#1866=ORIENTED_EDGE('',*,*,#1380,.T.);
#1867=ORIENTED_EDGE('',*,*,#1396,.F.);
#1868=ORIENTED_EDGE('',*,*,#1404,.F.);
#1869=ORIENTED_EDGE('',*,*,#1405,.F.);
#1870=ORIENTED_EDGE('',*,*,#1385,.T.);
#1871=ORIENTED_EDGE('',*,*,#1393,.F.);
#1872=ORIENTED_EDGE('',*,*,#1382,.T.);
#1873=ORIENTED_EDGE('',*,*,#1398,.T.);
#1874=ORIENTED_EDGE('',*,*,#1406,.F.);
#1875=ORIENTED_EDGE('',*,*,#1407,.F.);
#1876=ORIENTED_EDGE('',*,*,#1401,.F.);
#1877=ORIENTED_EDGE('',*,*,#1386,.T.);
#1878=ORIENTED_EDGE('',*,*,#1405,.T.);
#1879=ORIENTED_EDGE('',*,*,#1322,.T.);
#1880=ORIENTED_EDGE('',*,*,#1408,.F.);
#1881=ORIENTED_EDGE('',*,*,#1409,.F.);
#1882=ORIENTED_EDGE('',*,*,#1390,.T.);
#1883=ORIENTED_EDGE('',*,*,#1339,.T.);
#1884=ORIENTED_EDGE('',*,*,#1391,.F.);
#1885=ORIENTED_EDGE('',*,*,#1409,.T.);
#1886=ORIENTED_EDGE('',*,*,#1410,.F.);
#1887=ORIENTED_EDGE('',*,*,#1411,.T.);
#1888=ORIENTED_EDGE('',*,*,#1402,.T.);
#1889=ORIENTED_EDGE('',*,*,#1407,.T.);
#1890=ORIENTED_EDGE('',*,*,#1404,.T.);
#1891=ORIENTED_EDGE('',*,*,#1395,.T.);
#1892=ORIENTED_EDGE('',*,*,#1351,.T.);
#1893=ORIENTED_EDGE('',*,*,#1368,.T.);
#1894=ORIENTED_EDGE('',*,*,#1359,.T.);
#1895=ORIENTED_EDGE('',*,*,#1394,.T.);
#1896=ORIENTED_EDGE('',*,*,#1406,.T.);
#1897=ORIENTED_EDGE('',*,*,#1397,.T.);
#1898=ORIENTED_EDGE('',*,*,#1403,.T.);
#1899=ORIENTED_EDGE('',*,*,#1377,.T.);
#1900=ORIENTED_EDGE('',*,*,#1367,.T.);
#1901=ORIENTED_EDGE('',*,*,#1344,.T.);
#1902=ORIENTED_EDGE('',*,*,#1353,.T.);
#1903=ORIENTED_EDGE('',*,*,#1285,.T.);
#1904=ORIENTED_EDGE('',*,*,#1288,.T.);
#1905=ORIENTED_EDGE('',*,*,#1291,.T.);
#1906=ORIENTED_EDGE('',*,*,#1294,.T.);
#1907=ORIENTED_EDGE('',*,*,#1297,.T.);
#1908=ORIENTED_EDGE('',*,*,#1300,.T.);
#1909=ORIENTED_EDGE('',*,*,#1303,.T.);
#1910=ORIENTED_EDGE('',*,*,#1306,.T.);
#1911=ORIENTED_EDGE('',*,*,#1309,.T.);
#1912=ORIENTED_EDGE('',*,*,#1312,.T.);
#1913=ORIENTED_EDGE('',*,*,#1315,.T.);
#1914=ORIENTED_EDGE('',*,*,#1334,.T.);
#1915=ORIENTED_EDGE('',*,*,#1392,.T.);
#1916=ORIENTED_EDGE('',*,*,#1362,.T.);
#1917=ORIENTED_EDGE('',*,*,#1329,.T.);
#1918=ORIENTED_EDGE('',*,*,#1340,.T.);
#1919=ORIENTED_EDGE('',*,*,#1410,.T.);
#1920=ORIENTED_EDGE('',*,*,#1408,.T.);
#1921=ORIENTED_EDGE('',*,*,#1321,.T.);
#1922=ORIENTED_EDGE('',*,*,#1327,.T.);
#1923=ORIENTED_EDGE('',*,*,#1337,.T.);
#1924=ORIENTED_EDGE('',*,*,#1374,.T.);
#1925=ORIENTED_EDGE('',*,*,#1370,.T.);
#1926=ORIENTED_EDGE('',*,*,#1319,.T.);
#1927=ORIENTED_EDGE('',*,*,#1343,.T.);
#1928=ORIENTED_EDGE('',*,*,#1375,.T.);
#1929=ORIENTED_EDGE('',*,*,#1355,.T.);
#1930=ORIENTED_EDGE('',*,*,#1352,.T.);
#1931=ORIENTED_EDGE('',*,*,#1388,.F.);
#1932=ORIENTED_EDGE('',*,*,#1400,.T.);
#1933=ORIENTED_EDGE('',*,*,#1411,.F.);
#1934=ORIENTED_EDGE('',*,*,#1412,.F.);
#1935=ORIENTED_EDGE('',*,*,#1413,.F.);
#1936=ORIENTED_EDGE('',*,*,#1414,.F.);
#1937=ORIENTED_EDGE('',*,*,#1415,.F.);
#1938=ORIENTED_EDGE('',*,*,#1414,.T.);
#1939=ORIENTED_EDGE('',*,*,#1416,.F.);
#1940=ORIENTED_EDGE('',*,*,#1417,.T.);
#1941=ORIENTED_EDGE('',*,*,#1418,.F.);
#1942=ORIENTED_EDGE('',*,*,#1412,.T.);
#1943=ORIENTED_EDGE('',*,*,#1419,.F.);
#1944=ORIENTED_EDGE('',*,*,#1420,.T.);
#1945=ORIENTED_EDGE('',*,*,#1421,.F.);
#1946=ORIENTED_EDGE('',*,*,#1422,.T.);
#1947=ORIENTED_EDGE('',*,*,#1423,.T.);
#1948=ORIENTED_EDGE('',*,*,#1424,.T.);
#1949=ORIENTED_EDGE('',*,*,#1425,.T.);
#1950=ORIENTED_EDGE('',*,*,#1426,.T.);
#1951=ORIENTED_EDGE('',*,*,#1427,.T.);
#1952=ORIENTED_EDGE('',*,*,#1428,.T.);
#1953=ORIENTED_EDGE('',*,*,#1429,.T.);
#1954=ORIENTED_EDGE('',*,*,#1430,.T.);
#1955=ORIENTED_EDGE('',*,*,#1431,.T.);
#1956=ORIENTED_EDGE('',*,*,#1432,.T.);
#1957=ORIENTED_EDGE('',*,*,#1433,.T.);
#1958=ORIENTED_EDGE('',*,*,#1434,.T.);
#1959=ORIENTED_EDGE('',*,*,#1435,.T.);
#1960=ORIENTED_EDGE('',*,*,#1436,.T.);
#1961=ORIENTED_EDGE('',*,*,#1437,.T.);
#1962=ORIENTED_EDGE('',*,*,#1415,.T.);
#1963=ORIENTED_EDGE('',*,*,#1418,.T.);
#1964=ORIENTED_EDGE('',*,*,#1438,.T.);
#1965=ORIENTED_EDGE('',*,*,#1439,.T.);
#1966=ORIENTED_EDGE('',*,*,#1440,.T.);
#1967=ORIENTED_EDGE('',*,*,#1441,.T.);
#1968=ORIENTED_EDGE('',*,*,#1442,.T.);
#1969=ORIENTED_EDGE('',*,*,#1419,.T.);
#1970=ORIENTED_EDGE('',*,*,#1443,.T.);
#1971=ORIENTED_EDGE('',*,*,#1444,.T.);
#1972=ORIENTED_EDGE('',*,*,#1445,.T.);
#1973=ORIENTED_EDGE('',*,*,#1446,.T.);
#1974=ORIENTED_EDGE('',*,*,#1447,.T.);
#1975=ORIENTED_EDGE('',*,*,#1448,.T.);
#1976=ORIENTED_EDGE('',*,*,#1449,.T.);
#1977=ORIENTED_EDGE('',*,*,#1450,.T.);
#1978=ORIENTED_EDGE('',*,*,#1451,.T.);
#1979=ORIENTED_EDGE('',*,*,#1452,.T.);
#1980=ORIENTED_EDGE('',*,*,#1453,.T.);
#1981=ORIENTED_EDGE('',*,*,#1454,.T.);
#1982=ORIENTED_EDGE('',*,*,#1455,.T.);
#1983=ORIENTED_EDGE('',*,*,#1456,.T.);
#1984=ORIENTED_EDGE('',*,*,#1457,.T.);
#1985=ORIENTED_EDGE('',*,*,#1458,.T.);
#1986=ORIENTED_EDGE('',*,*,#1417,.F.);
#1987=ORIENTED_EDGE('',*,*,#1459,.F.);
#1988=ORIENTED_EDGE('',*,*,#1460,.F.);
#1989=ORIENTED_EDGE('',*,*,#1438,.F.);
#1990=ORIENTED_EDGE('',*,*,#1460,.T.);
#1991=ORIENTED_EDGE('',*,*,#1461,.F.);
#1992=ORIENTED_EDGE('',*,*,#1462,.T.);
#1993=ORIENTED_EDGE('',*,*,#1439,.F.);
#1994=ORIENTED_EDGE('',*,*,#1463,.F.);
#1995=ORIENTED_EDGE('',*,*,#1440,.F.);
#1996=ORIENTED_EDGE('',*,*,#1462,.F.);
#1997=ORIENTED_EDGE('',*,*,#1464,.F.);
#1998=ORIENTED_EDGE('',*,*,#1463,.T.);
#1999=ORIENTED_EDGE('',*,*,#1465,.F.);
#2000=ORIENTED_EDGE('',*,*,#1466,.T.);
#2001=ORIENTED_EDGE('',*,*,#1441,.F.);
#2002=ORIENTED_EDGE('',*,*,#1467,.F.);
#2003=ORIENTED_EDGE('',*,*,#1468,.F.);
#2004=ORIENTED_EDGE('',*,*,#1469,.T.);
#2005=ORIENTED_EDGE('',*,*,#1470,.F.);
#2006=ORIENTED_EDGE('',*,*,#1471,.F.);
#2007=ORIENTED_EDGE('',*,*,#1472,.F.);
#2008=ORIENTED_EDGE('',*,*,#1473,.T.);
#2009=ORIENTED_EDGE('',*,*,#1474,.F.);
#2010=ORIENTED_EDGE('',*,*,#1475,.F.);
#2011=ORIENTED_EDGE('',*,*,#1476,.F.);
#2012=ORIENTED_EDGE('',*,*,#1477,.T.);
#2013=ORIENTED_EDGE('',*,*,#1478,.F.);
#2014=ORIENTED_EDGE('',*,*,#1479,.F.);
#2015=ORIENTED_EDGE('',*,*,#1480,.F.);
#2016=ORIENTED_EDGE('',*,*,#1481,.T.);
#2017=ORIENTED_EDGE('',*,*,#1482,.F.);
#2018=ORIENTED_EDGE('',*,*,#1413,.T.);
#2019=ORIENTED_EDGE('',*,*,#1421,.T.);
#2020=ORIENTED_EDGE('',*,*,#1483,.T.);
#2021=ORIENTED_EDGE('',*,*,#1465,.T.);
#2022=ORIENTED_EDGE('',*,*,#1464,.T.);
#2023=ORIENTED_EDGE('',*,*,#1461,.T.);
#2024=ORIENTED_EDGE('',*,*,#1459,.T.);
#2025=ORIENTED_EDGE('',*,*,#1416,.T.);
#2026=ORIENTED_EDGE('',*,*,#1484,.F.);
#2027=ORIENTED_EDGE('',*,*,#1485,.T.);
#2028=ORIENTED_EDGE('',*,*,#1486,.F.);
#2029=ORIENTED_EDGE('',*,*,#1487,.T.);
#2030=ORIENTED_EDGE('',*,*,#1488,.F.);
#2031=ORIENTED_EDGE('',*,*,#1489,.T.);
#2032=ORIENTED_EDGE('',*,*,#1490,.F.);
#2033=ORIENTED_EDGE('',*,*,#1491,.T.);
#2034=ORIENTED_EDGE('',*,*,#1492,.T.);
#2035=ORIENTED_EDGE('',*,*,#1493,.F.);
#2036=ORIENTED_EDGE('',*,*,#1494,.T.);
#2037=ORIENTED_EDGE('',*,*,#1495,.F.);
#2038=ORIENTED_EDGE('',*,*,#1496,.T.);
#2039=ORIENTED_EDGE('',*,*,#1497,.F.);
#2040=ORIENTED_EDGE('',*,*,#1498,.T.);
#2041=ORIENTED_EDGE('',*,*,#1499,.F.);
#2042=ORIENTED_EDGE('',*,*,#1420,.F.);
#2043=ORIENTED_EDGE('',*,*,#1442,.F.);
#2044=ORIENTED_EDGE('',*,*,#1466,.F.);
#2045=ORIENTED_EDGE('',*,*,#1483,.F.);
#2046=ORIENTED_EDGE('',*,*,#1500,.F.);
#2047=ORIENTED_EDGE('',*,*,#1491,.F.);
#2048=ORIENTED_EDGE('',*,*,#1501,.F.);
#2049=ORIENTED_EDGE('',*,*,#1455,.F.);
#2050=ORIENTED_EDGE('',*,*,#1502,.F.);
#2051=ORIENTED_EDGE('',*,*,#1450,.F.);
#2052=ORIENTED_EDGE('',*,*,#1503,.F.);
#2053=ORIENTED_EDGE('',*,*,#1496,.F.);
#2054=ORIENTED_EDGE('',*,*,#1504,.F.);
#2055=ORIENTED_EDGE('',*,*,#1487,.F.);
#2056=ORIENTED_EDGE('',*,*,#1505,.F.);
#2057=ORIENTED_EDGE('',*,*,#1451,.F.);
#2058=ORIENTED_EDGE('',*,*,#1506,.F.);
#2059=ORIENTED_EDGE('',*,*,#1446,.F.);
#2060=ORIENTED_EDGE('',*,*,#1507,.F.);
#2061=ORIENTED_EDGE('',*,*,#1492,.F.);
#2062=ORIENTED_EDGE('',*,*,#1506,.T.);
#2063=ORIENTED_EDGE('',*,*,#1495,.T.);
#2064=ORIENTED_EDGE('',*,*,#1508,.F.);
#2065=ORIENTED_EDGE('',*,*,#1443,.F.);
#2066=ORIENTED_EDGE('',*,*,#1505,.T.);
#2067=ORIENTED_EDGE('',*,*,#1486,.T.);
#2068=ORIENTED_EDGE('',*,*,#1509,.F.);
#2069=ORIENTED_EDGE('',*,*,#1452,.F.);
#2070=ORIENTED_EDGE('',*,*,#1502,.T.);
#2071=ORIENTED_EDGE('',*,*,#1499,.T.);
#2072=ORIENTED_EDGE('',*,*,#1510,.F.);
#2073=ORIENTED_EDGE('',*,*,#1447,.F.);
#2074=ORIENTED_EDGE('',*,*,#1501,.T.);
#2075=ORIENTED_EDGE('',*,*,#1490,.T.);
#2076=ORIENTED_EDGE('',*,*,#1511,.F.);
#2077=ORIENTED_EDGE('',*,*,#1456,.F.);
#2078=ORIENTED_EDGE('',*,*,#1436,.F.);
#2079=ORIENTED_EDGE('',*,*,#1512,.F.);
#2080=ORIENTED_EDGE('',*,*,#1467,.T.);
#2081=ORIENTED_EDGE('',*,*,#1513,.T.);
#2082=ORIENTED_EDGE('',*,*,#1514,.F.);
#2083=ORIENTED_EDGE('',*,*,#1476,.T.);
#2084=ORIENTED_EDGE('',*,*,#1515,.T.);
#2085=ORIENTED_EDGE('',*,*,#1427,.F.);
#2086=ORIENTED_EDGE('',*,*,#1516,.F.);
#2087=ORIENTED_EDGE('',*,*,#1437,.F.);
#2088=ORIENTED_EDGE('',*,*,#1513,.F.);
#2089=ORIENTED_EDGE('',*,*,#1482,.T.);
#2090=ORIENTED_EDGE('',*,*,#1500,.T.);
#2091=ORIENTED_EDGE('',*,*,#1458,.F.);
#2092=ORIENTED_EDGE('',*,*,#1517,.F.);
#2093=ORIENTED_EDGE('',*,*,#1488,.T.);
#2094=ORIENTED_EDGE('',*,*,#1518,.F.);
#2095=ORIENTED_EDGE('',*,*,#1429,.F.);
#2096=ORIENTED_EDGE('',*,*,#1519,.F.);
#2097=ORIENTED_EDGE('',*,*,#1474,.T.);
#2098=ORIENTED_EDGE('',*,*,#1507,.T.);
#2099=ORIENTED_EDGE('',*,*,#1445,.F.);
#2100=ORIENTED_EDGE('',*,*,#1520,.F.);
#2101=ORIENTED_EDGE('',*,*,#1493,.T.);
#2102=ORIENTED_EDGE('',*,*,#1521,.F.);
#2103=ORIENTED_EDGE('',*,*,#1468,.T.);
#2104=ORIENTED_EDGE('',*,*,#1512,.T.);
#2105=ORIENTED_EDGE('',*,*,#1435,.F.);
#2106=ORIENTED_EDGE('',*,*,#1428,.F.);
#2107=ORIENTED_EDGE('',*,*,#1515,.F.);
#2108=ORIENTED_EDGE('',*,*,#1475,.T.);
#2109=ORIENTED_EDGE('',*,*,#1519,.T.);
#2110=ORIENTED_EDGE('',*,*,#1504,.T.);
#2111=ORIENTED_EDGE('',*,*,#1454,.F.);
#2112=ORIENTED_EDGE('',*,*,#1522,.F.);
#2113=ORIENTED_EDGE('',*,*,#1484,.T.);
#2114=ORIENTED_EDGE('',*,*,#1509,.T.);
#2115=ORIENTED_EDGE('',*,*,#1485,.F.);
#2116=ORIENTED_EDGE('',*,*,#1522,.T.);
#2117=ORIENTED_EDGE('',*,*,#1453,.F.);
#2118=ORIENTED_EDGE('',*,*,#1517,.T.);
#2119=ORIENTED_EDGE('',*,*,#1457,.F.);
#2120=ORIENTED_EDGE('',*,*,#1511,.T.);
#2121=ORIENTED_EDGE('',*,*,#1489,.F.);
#2122=ORIENTED_EDGE('',*,*,#1521,.T.);
#2123=ORIENTED_EDGE('',*,*,#1434,.F.);
#2124=ORIENTED_EDGE('',*,*,#1523,.T.);
#2125=ORIENTED_EDGE('',*,*,#1469,.F.);
#2126=ORIENTED_EDGE('',*,*,#1520,.T.);
#2127=ORIENTED_EDGE('',*,*,#1444,.F.);
#2128=ORIENTED_EDGE('',*,*,#1508,.T.);
#2129=ORIENTED_EDGE('',*,*,#1494,.F.);
#2130=ORIENTED_EDGE('',*,*,#1518,.T.);
#2131=ORIENTED_EDGE('',*,*,#1473,.F.);
#2132=ORIENTED_EDGE('',*,*,#1524,.T.);
#2133=ORIENTED_EDGE('',*,*,#1430,.F.);
#2134=ORIENTED_EDGE('',*,*,#1514,.T.);
#2135=ORIENTED_EDGE('',*,*,#1426,.F.);
#2136=ORIENTED_EDGE('',*,*,#1525,.T.);
#2137=ORIENTED_EDGE('',*,*,#1477,.F.);
#2138=ORIENTED_EDGE('',*,*,#1432,.F.);
#2139=ORIENTED_EDGE('',*,*,#1526,.F.);
#2140=ORIENTED_EDGE('',*,*,#1471,.T.);
#2141=ORIENTED_EDGE('',*,*,#1527,.T.);
#2142=ORIENTED_EDGE('',*,*,#1528,.F.);
#2143=ORIENTED_EDGE('',*,*,#1480,.T.);
#2144=ORIENTED_EDGE('',*,*,#1529,.T.);
#2145=ORIENTED_EDGE('',*,*,#1423,.F.);
#2146=ORIENTED_EDGE('',*,*,#1523,.F.);
#2147=ORIENTED_EDGE('',*,*,#1433,.F.);
#2148=ORIENTED_EDGE('',*,*,#1527,.F.);
#2149=ORIENTED_EDGE('',*,*,#1470,.T.);
#2150=ORIENTED_EDGE('',*,*,#1525,.F.);
#2151=ORIENTED_EDGE('',*,*,#1425,.F.);
#2152=ORIENTED_EDGE('',*,*,#1530,.F.);
#2153=ORIENTED_EDGE('',*,*,#1478,.T.);
#2154=ORIENTED_EDGE('',*,*,#1524,.F.);
#2155=ORIENTED_EDGE('',*,*,#1472,.T.);
#2156=ORIENTED_EDGE('',*,*,#1526,.T.);
#2157=ORIENTED_EDGE('',*,*,#1431,.F.);
#2158=ORIENTED_EDGE('',*,*,#1424,.F.);
#2159=ORIENTED_EDGE('',*,*,#1529,.F.);
#2160=ORIENTED_EDGE('',*,*,#1479,.T.);
#2161=ORIENTED_EDGE('',*,*,#1530,.T.);
#2162=ORIENTED_EDGE('',*,*,#1503,.T.);
#2163=ORIENTED_EDGE('',*,*,#1449,.F.);
#2164=ORIENTED_EDGE('',*,*,#1531,.F.);
#2165=ORIENTED_EDGE('',*,*,#1497,.T.);
#2166=ORIENTED_EDGE('',*,*,#1510,.T.);
#2167=ORIENTED_EDGE('',*,*,#1498,.F.);
#2168=ORIENTED_EDGE('',*,*,#1531,.T.);
#2169=ORIENTED_EDGE('',*,*,#1448,.F.);
#2170=ORIENTED_EDGE('',*,*,#1516,.T.);
#2171=ORIENTED_EDGE('',*,*,#1481,.F.);
#2172=ORIENTED_EDGE('',*,*,#1528,.T.);
#2173=ORIENTED_EDGE('',*,*,#1422,.F.);
#2174=CYLINDRICAL_SURFACE('',#2458,1.6);
#2175=CYLINDRICAL_SURFACE('',#2461,1.6);
#2176=CYLINDRICAL_SURFACE('',#2464,1.6);
#2177=CYLINDRICAL_SURFACE('',#2467,1.6);
#2178=CYLINDRICAL_SURFACE('',#2470,1.6);
#2179=CYLINDRICAL_SURFACE('',#2473,1.6);
#2180=CYLINDRICAL_SURFACE('',#2476,68.);
#2181=CYLINDRICAL_SURFACE('',#2479,75.);
#2182=CYLINDRICAL_SURFACE('',#2495,1.25);
#2183=CYLINDRICAL_SURFACE('',#2497,1.25);
#2184=CYLINDRICAL_SURFACE('',#2499,1.25);
#2185=CYLINDRICAL_SURFACE('',#2501,1.25);
#2186=CYLINDRICAL_SURFACE('',#2503,1.25);
#2187=CYLINDRICAL_SURFACE('',#2506,1.25);
#2188=CYLINDRICAL_SURFACE('',#2509,1.25);
#2189=CYLINDRICAL_SURFACE('',#2512,1.25);
#2190=CYLINDRICAL_SURFACE('',#2518,18.);
#2191=CYLINDRICAL_SURFACE('',#2525,18.);
#2192=CYLINDRICAL_SURFACE('',#2526,12.);
#2193=CYLINDRICAL_SURFACE('',#2527,5.);
#2194=CYLINDRICAL_SURFACE('',#2529,12.);
#2195=CYLINDRICAL_SURFACE('',#2533,1.6);
#2196=CYLINDRICAL_SURFACE('',#2536,1.6);
#2197=CYLINDRICAL_SURFACE('',#2539,1.6);
#2198=CYLINDRICAL_SURFACE('',#2542,1.6);
#2199=CYLINDRICAL_SURFACE('',#2545,1.6);
#2200=CYLINDRICAL_SURFACE('',#2548,1.6);
#2201=CYLINDRICAL_SURFACE('',#2551,1.6);
#2202=CYLINDRICAL_SURFACE('',#2554,1.6);
#2203=CYLINDRICAL_SURFACE('',#2557,1.6);
#2204=CYLINDRICAL_SURFACE('',#2560,1.6);
#2205=CYLINDRICAL_SURFACE('',#2563,5.);
#2206=CYLINDRICAL_SURFACE('',#2566,18.);
#2207=CYLINDRICAL_SURFACE('',#2569,18.);
#2208=CYLINDRICAL_SURFACE('',#2572,18.);
#2209=CYLINDRICAL_SURFACE('',#2575,18.);
#2210=CYLINDRICAL_SURFACE('',#2591,68.);
#2211=CYLINDRICAL_SURFACE('',#2594,68.);
#2212=CYLINDRICAL_SURFACE('',#2597,74.);
#2213=CYLINDRICAL_SURFACE('',#2606,68.);
#2214=CYLINDRICAL_SURFACE('',#2608,74.);
#2215=CYLINDRICAL_SURFACE('',#2610,74.);
#2216=CYLINDRICAL_SURFACE('',#2619,68.);
#2217=CYLINDRICAL_SURFACE('',#2623,74.);
#2218=CYLINDRICAL_SURFACE('',#2625,1.6);
#2219=CYLINDRICAL_SURFACE('',#2628,15.);
#2220=CYLINDRICAL_SURFACE('',#2631,15.);
#2221=CYLINDRICAL_SURFACE('',#2652,1.6);
#2222=CYLINDRICAL_SURFACE('',#2654,15.);
#2223=CYLINDRICAL_SURFACE('',#2656,1.6);
#2224=CYLINDRICAL_SURFACE('',#2658,15.);
#2225=CYLINDRICAL_SURFACE('',#2674,1.6);
#2226=CYLINDRICAL_SURFACE('',#2675,20.);
#2227=CYLINDRICAL_SURFACE('',#2676,20.);
#2228=CYLINDRICAL_SURFACE('',#2677,20.);
#2229=CYLINDRICAL_SURFACE('',#2678,20.);
#2230=CYLINDRICAL_SURFACE('',#2692,45.);
#2231=CYLINDRICAL_SURFACE('',#2693,45.);
#2232=CYLINDRICAL_SURFACE('',#2694,55.);
#2233=CYLINDRICAL_SURFACE('',#2695,45.);
#2234=CYLINDRICAL_SURFACE('',#2696,55.);
#2235=CYLINDRICAL_SURFACE('',#2697,55.);
#2236=CYLINDRICAL_SURFACE('',#2705,45.);
#2237=CYLINDRICAL_SURFACE('',#2706,55.);
#2238=ADVANCED_FACE('',(#172),#2174,.F.);
#2239=ADVANCED_FACE('',(#173),#2175,.F.);
#2240=ADVANCED_FACE('',(#174),#2176,.F.);
#2241=ADVANCED_FACE('',(#175),#2177,.F.);
#2242=ADVANCED_FACE('',(#176),#2178,.F.);
#2243=ADVANCED_FACE('',(#177),#2179,.F.);
#2244=ADVANCED_FACE('',(#178),#2180,.F.);
#2245=ADVANCED_FACE('',(#179),#2181,.T.);
#2246=ADVANCED_FACE('',(#180,#43,#44,#45,#46,#47,#48,#49),#118,.F.);
#2247=ADVANCED_FACE('',(#181,#50,#51,#52,#53,#54,#55,#56),#119,.T.);
#2248=ADVANCED_FACE('',(#182),#120,.F.);
#2249=ADVANCED_FACE('',(#183),#121,.F.);
#2250=ADVANCED_FACE('',(#184),#122,.F.);
#2251=ADVANCED_FACE('',(#185,#57,#58,#59,#60,#61),#123,.T.);
#2252=ADVANCED_FACE('',(#186),#2182,.F.);
#2253=ADVANCED_FACE('',(#187),#2183,.F.);
#2254=ADVANCED_FACE('',(#188),#2184,.F.);
#2255=ADVANCED_FACE('',(#189),#2185,.F.);
#2256=ADVANCED_FACE('',(#190),#2186,.F.);
#2257=ADVANCED_FACE('',(#191),#2187,.F.);
#2258=ADVANCED_FACE('',(#192),#2188,.F.);
#2259=ADVANCED_FACE('',(#193),#2189,.F.);
#2260=ADVANCED_FACE('',(#194,#62,#63,#64,#65,#66),#124,.F.);
#2261=ADVANCED_FACE('',(#195),#2190,.T.);
#2262=ADVANCED_FACE('',(#196,#67,#68,#69,#70,#71),#125,.F.);
#2263=ADVANCED_FACE('',(#197,#72,#73,#74,#75,#76),#126,.T.);
#2264=ADVANCED_FACE('',(#198),#2191,.T.);
#2265=ADVANCED_FACE('',(#199),#2192,.T.);
#2266=ADVANCED_FACE('',(#200),#2193,.F.);
#2267=ADVANCED_FACE('',(#201),#2194,.T.);
#2268=ADVANCED_FACE('',(#202,#77),#127,.F.);
#2269=ADVANCED_FACE('',(#203),#2195,.F.);
#2270=ADVANCED_FACE('',(#204),#2196,.F.);
#2271=ADVANCED_FACE('',(#205),#2197,.F.);
#2272=ADVANCED_FACE('',(#206),#2198,.F.);
#2273=ADVANCED_FACE('',(#207),#2199,.F.);
#2274=ADVANCED_FACE('',(#208),#2200,.F.);
#2275=ADVANCED_FACE('',(#209),#2201,.F.);
#2276=ADVANCED_FACE('',(#210),#2202,.F.);
#2277=ADVANCED_FACE('',(#211),#2203,.F.);
#2278=ADVANCED_FACE('',(#212),#2204,.F.);
#2279=ADVANCED_FACE('',(#213),#2205,.F.);
#2280=ADVANCED_FACE('',(#214),#2206,.T.);
#2281=ADVANCED_FACE('',(#215),#2207,.T.);
#2282=ADVANCED_FACE('',(#216),#2208,.T.);
#2283=ADVANCED_FACE('',(#217),#2209,.T.);
#2284=ADVANCED_FACE('',(#218),#128,.T.);
#2285=ADVANCED_FACE('',(#219),#129,.T.);
#2286=ADVANCED_FACE('',(#220),#130,.T.);
#2287=ADVANCED_FACE('',(#221),#131,.T.);
#2288=ADVANCED_FACE('',(#222),#132,.T.);
#2289=ADVANCED_FACE('',(#223),#133,.T.);
#2290=ADVANCED_FACE('',(#224),#134,.T.);
#2291=ADVANCED_FACE('',(#225),#135,.T.);
#2292=ADVANCED_FACE('',(#226),#136,.T.);
#2293=ADVANCED_FACE('',(#227),#137,.T.);
#2294=ADVANCED_FACE('',(#228),#138,.T.);
#2295=ADVANCED_FACE('',(#229),#139,.T.);
#2296=ADVANCED_FACE('',(#230),#140,.T.);
#2297=ADVANCED_FACE('',(#231),#2210,.F.);
#2298=ADVANCED_FACE('',(#232),#2211,.F.);
#2299=ADVANCED_FACE('',(#233),#2212,.T.);
#2300=ADVANCED_FACE('',(#234,#78,#79,#80,#81,#82,#83,#84,#85,#86,#87,#88,
#89,#90,#91,#92),#141,.F.);
#2301=ADVANCED_FACE('',(#235),#2213,.F.);
#2302=ADVANCED_FACE('',(#236),#2214,.T.);
#2303=ADVANCED_FACE('',(#237),#2215,.T.);
#2304=ADVANCED_FACE('',(#238),#142,.T.);
#2305=ADVANCED_FACE('',(#239),#143,.T.);
#2306=ADVANCED_FACE('',(#240),#144,.T.);
#2307=ADVANCED_FACE('',(#241),#145,.T.);
#2308=ADVANCED_FACE('',(#242),#146,.T.);
#2309=ADVANCED_FACE('',(#243),#147,.T.);
#2310=ADVANCED_FACE('',(#244),#148,.T.);
#2311=ADVANCED_FACE('',(#245),#2216,.F.);
#2312=ADVANCED_FACE('',(#246,#93,#94,#95,#96,#97,#98,#99,#100,#101,#102,
#103,#104,#105,#106,#107),#149,.T.);
#2313=ADVANCED_FACE('',(#247),#2217,.T.);
#2314=ADVANCED_FACE('',(#248),#2218,.F.);
#2315=ADVANCED_FACE('',(#249),#2219,.F.);
#2316=ADVANCED_FACE('',(#250),#2220,.F.);
#2317=ADVANCED_FACE('',(#251,#108,#109,#110,#111,#112),#150,.T.);
#2318=ADVANCED_FACE('',(#252),#2221,.F.);
#2319=ADVANCED_FACE('',(#253),#2222,.F.);
#2320=ADVANCED_FACE('',(#254),#2223,.F.);
#2321=ADVANCED_FACE('',(#255),#2224,.F.);
#2322=ADVANCED_FACE('',(#256,#113,#114,#115,#116,#117),#151,.F.);
#2323=ADVANCED_FACE('',(#257),#2225,.F.);
#2324=ADVANCED_FACE('',(#258),#2226,.T.);
#2325=ADVANCED_FACE('',(#259),#2227,.T.);
#2326=ADVANCED_FACE('',(#260),#2228,.T.);
#2327=ADVANCED_FACE('',(#261),#2229,.T.);
#2328=ADVANCED_FACE('',(#262),#152,.T.);
#2329=ADVANCED_FACE('',(#263),#153,.T.);
#2330=ADVANCED_FACE('',(#264),#154,.T.);
#2331=ADVANCED_FACE('',(#265),#155,.T.);
#2332=ADVANCED_FACE('',(#266),#156,.T.);
#2333=ADVANCED_FACE('',(#267),#157,.T.);
#2334=ADVANCED_FACE('',(#268),#158,.T.);
#2335=ADVANCED_FACE('',(#269),#159,.T.);
#2336=ADVANCED_FACE('',(#270),#160,.T.);
#2337=ADVANCED_FACE('',(#271),#161,.T.);
#2338=ADVANCED_FACE('',(#272),#162,.T.);
#2339=ADVANCED_FACE('',(#273),#163,.T.);
#2340=ADVANCED_FACE('',(#274),#164,.T.);
#2341=ADVANCED_FACE('',(#275),#2230,.F.);
#2342=ADVANCED_FACE('',(#276),#2231,.F.);
#2343=ADVANCED_FACE('',(#277),#2232,.T.);
#2344=ADVANCED_FACE('',(#278),#2233,.F.);
#2345=ADVANCED_FACE('',(#279),#2234,.T.);
#2346=ADVANCED_FACE('',(#280),#2235,.T.);
#2347=ADVANCED_FACE('',(#281),#165,.T.);
#2348=ADVANCED_FACE('',(#282),#166,.T.);
#2349=ADVANCED_FACE('',(#283),#167,.T.);
#2350=ADVANCED_FACE('',(#284),#168,.T.);
#2351=ADVANCED_FACE('',(#285),#169,.T.);
#2352=ADVANCED_FACE('',(#286),#170,.T.);
#2353=ADVANCED_FACE('',(#287),#171,.T.);
#2354=ADVANCED_FACE('',(#288),#2236,.F.);
#2355=ADVANCED_FACE('',(#289),#2237,.T.);
#2356=CLOSED_SHELL('',(#2238,#2239,#2240,#2241,#2242,#2243,#2244,#2245,
#2246,#2247));
#2357=CLOSED_SHELL('',(#2248,#2249,#2250,#2251,#2252,#2253,#2254,#2255,
#2256,#2257,#2258,#2259,#2260,#2261,#2262,#2263,#2264,#2265,#2266,#2267,
#2268));
#2358=CLOSED_SHELL('',(#2269,#2270,#2271,#2272,#2273,#2274,#2275,#2276,
#2277,#2278,#2279,#2280,#2281,#2282,#2283,#2284,#2285,#2286,#2287,#2288,
#2289,#2290,#2291,#2292,#2293,#2294,#2295,#2296,#2297,#2298,#2299,#2300,
#2301,#2302,#2303,#2304,#2305,#2306,#2307,#2308,#2309,#2310,#2311,#2312,
#2313));
#2359=CLOSED_SHELL('',(#2314,#2315,#2316,#2317,#2318,#2319,#2320,#2321,
#2322,#2323,#2324,#2325,#2326,#2327,#2328,#2329,#2330,#2331,#2332,#2333,
#2334,#2335,#2336,#2337,#2338,#2339,#2340,#2341,#2342,#2343,#2344,#2345,
#2346,#2347,#2348,#2349,#2350,#2351,#2352,#2353,#2354,#2355));
#2360=DERIVED_UNIT_ELEMENT(#2369,1.);
#2361=DERIVED_UNIT_ELEMENT(#4089,-3.);
#2362=DERIVED_UNIT_ELEMENT(#2369,1.);
#2363=DERIVED_UNIT_ELEMENT(#4089,-3.);
#2364=DERIVED_UNIT_ELEMENT(#2369,1.);
#2365=DERIVED_UNIT_ELEMENT(#4089,-3.);
#2366=DERIVED_UNIT_ELEMENT(#2369,1.);
#2367=DERIVED_UNIT_ELEMENT(#4089,-3.);
#2368=DIMENSIONAL_EXPONENTS(0.,1.,0.,0.,0.,0.,0.);
#2369=(
CONVERSION_BASED_UNIT('gram',#2371)
MASS_UNIT()
NAMED_UNIT(#2368)
);
#2370=(
MASS_UNIT()
NAMED_UNIT(*)
SI_UNIT(.KILO.,.GRAM.)
);
#2371=MASS_MEASURE_WITH_UNIT(MASS_MEASURE(0.001),#2370);
#2372=DERIVED_UNIT((#2360,#2361));
#2373=DERIVED_UNIT((#2362,#2363));
#2374=DERIVED_UNIT((#2364,#2365));
#2375=DERIVED_UNIT((#2366,#2367));
#2376=MEASURE_REPRESENTATION_ITEM('density measure',
POSITIVE_RATIO_MEASURE(2.7),#2372);
#2377=MEASURE_REPRESENTATION_ITEM('density measure',
POSITIVE_RATIO_MEASURE(2.7),#2373);
#2378=MEASURE_REPRESENTATION_ITEM('density measure',
POSITIVE_RATIO_MEASURE(2.7),#2374);
#2379=MEASURE_REPRESENTATION_ITEM('density measure',
POSITIVE_RATIO_MEASURE(8.),#2375);
#2380=PROPERTY_DEFINITION_REPRESENTATION(#2400,#2388);
#2381=PROPERTY_DEFINITION_REPRESENTATION(#2401,#2389);
#2382=PROPERTY_DEFINITION_REPRESENTATION(#2402,#2390);
#2383=PROPERTY_DEFINITION_REPRESENTATION(#2403,#2391);
#2384=PROPERTY_DEFINITION_REPRESENTATION(#2404,#2392);
#2385=PROPERTY_DEFINITION_REPRESENTATION(#2405,#2393);
#2386=PROPERTY_DEFINITION_REPRESENTATION(#2406,#2394);
#2387=PROPERTY_DEFINITION_REPRESENTATION(#2407,#2395);
#2388=REPRESENTATION('material name',(#2396),#4083);
#2389=REPRESENTATION('density',(#2376),#4083);
#2390=REPRESENTATION('material name',(#2397),#4084);
#2391=REPRESENTATION('density',(#2377),#4084);
#2392=REPRESENTATION('material name',(#2398),#4085);
#2393=REPRESENTATION('density',(#2378),#4085);
#2394=REPRESENTATION('material name',(#2399),#4086);
#2395=REPRESENTATION('density',(#2379),#4086);
#2396=DESCRIPTIVE_REPRESENTATION_ITEM('\X2\30A230EB30DF30CB30A630E0\X0\ 
6061','\X2\30A230EB30DF30CB30A630E0\X0\ 6061');
#2397=DESCRIPTIVE_REPRESENTATION_ITEM('\X2\30A230EB30DF30CB30A630E0\X0\ 
6061','\X2\30A230EB30DF30CB30A630E0\X0\ 6061');
#2398=DESCRIPTIVE_REPRESENTATION_ITEM('\X2\30A230EB30DF30CB30A630E0\X0\ 
6061','\X2\30A230EB30DF30CB30A630E0\X0\ 6061');
#2399=DESCRIPTIVE_REPRESENTATION_ITEM('\X2\30B930C630F330EC30B992FC\X0\',
'\X2\30B930C630F330EC30B992FC\X0\');
#2400=PROPERTY_DEFINITION('material property','material name',#4113);
#2401=PROPERTY_DEFINITION('material property','density of part',#4113);
#2402=PROPERTY_DEFINITION('material property','material name',#4114);
#2403=PROPERTY_DEFINITION('material property','density of part',#4114);
#2404=PROPERTY_DEFINITION('material property','material name',#4115);
#2405=PROPERTY_DEFINITION('material property','density of part',#4115);
#2406=PROPERTY_DEFINITION('material property','material name',#4116);
#2407=PROPERTY_DEFINITION('material property','density of part',#4116);
#2408=PRESENTATION_STYLE_ASSIGNMENT((#2410));
#2409=PRESENTATION_STYLE_ASSIGNMENT((#2411));
#2410=SURFACE_STYLE_USAGE(.BOTH.,#2416);
#2411=SURFACE_STYLE_USAGE(.BOTH.,#2417);
#2412=SURFACE_STYLE_RENDERING_WITH_PROPERTIES($,#2424,(#2414));
#2413=SURFACE_STYLE_RENDERING_WITH_PROPERTIES($,#2425,(#2415));
#2414=SURFACE_STYLE_TRANSPARENT(0.);
#2415=SURFACE_STYLE_TRANSPARENT(0.);
#2416=SURFACE_SIDE_STYLE('',(#2418,#2412));
#2417=SURFACE_SIDE_STYLE('',(#2419,#2413));
#2418=SURFACE_STYLE_FILL_AREA(#2420);
#2419=SURFACE_STYLE_FILL_AREA(#2421);
#2420=FILL_AREA_STYLE('',(#2422));
#2421=FILL_AREA_STYLE('',(#2423));
#2422=FILL_AREA_STYLE_COLOUR('',#2424);
#2423=FILL_AREA_STYLE_COLOUR('',#2425);
#2424=COLOUR_RGB('',0.996078431372549,0.996078431372549,1.);
#2425=COLOUR_RGB('',0.745098039215686,0.737254901960784,0.729411764705882);
#2426=DATE_TIME_ROLE('creation_date');
#2427=DATE_TIME_ROLE('creation_date');
#2428=DATE_TIME_ROLE('creation_date');
#2429=DATE_TIME_ROLE('creation_date');
#2430=DATE_TIME_ROLE('creation_date');
#2431=APPLIED_DATE_AND_TIME_ASSIGNMENT(#2436,#2426,(#4112));
#2432=APPLIED_DATE_AND_TIME_ASSIGNMENT(#2437,#2427,(#4113));
#2433=APPLIED_DATE_AND_TIME_ASSIGNMENT(#2438,#2428,(#4114));
#2434=APPLIED_DATE_AND_TIME_ASSIGNMENT(#2439,#2429,(#4115));
#2435=APPLIED_DATE_AND_TIME_ASSIGNMENT(#2440,#2430,(#4116));
#2436=DATE_AND_TIME(#2441,#2446);
#2437=DATE_AND_TIME(#2442,#2447);
#2438=DATE_AND_TIME(#2443,#2448);
#2439=DATE_AND_TIME(#2444,#2449);
#2440=DATE_AND_TIME(#2445,#2450);
#2441=CALENDAR_DATE(2026,8,10);
#2442=CALENDAR_DATE(2026,8,10);
#2443=CALENDAR_DATE(2026,8,10);
#2444=CALENDAR_DATE(2026,8,10);
#2445=CALENDAR_DATE(2026,8,10);
#2446=LOCAL_TIME(0,0,0.,#2451);
#2447=LOCAL_TIME(0,0,0.,#2452);
#2448=LOCAL_TIME(0,0,0.,#2453);
#2449=LOCAL_TIME(0,0,0.,#2454);
#2450=LOCAL_TIME(0,0,0.,#2455);
#2451=COORDINATED_UNIVERSAL_TIME_OFFSET(0,0,.BEHIND.);
#2452=COORDINATED_UNIVERSAL_TIME_OFFSET(0,0,.BEHIND.);
#2453=COORDINATED_UNIVERSAL_TIME_OFFSET(0,0,.BEHIND.);
#2454=COORDINATED_UNIVERSAL_TIME_OFFSET(0,0,.BEHIND.);
#2455=COORDINATED_UNIVERSAL_TIME_OFFSET(0,0,.BEHIND.);
#2456=AXIS2_PLACEMENT_3D('',#3414,#2711,#2712);
#2457=AXIS2_PLACEMENT_3D('',#3415,#2713,#2714);
#2458=AXIS2_PLACEMENT_3D('',#3416,#2715,#2716);
#2459=AXIS2_PLACEMENT_3D('',#3418,#2717,#2718);
#2460=AXIS2_PLACEMENT_3D('',#3421,#2720,#2721);
#2461=AXIS2_PLACEMENT_3D('',#3422,#2722,#2723);
#2462=AXIS2_PLACEMENT_3D('',#3424,#2724,#2725);
#2463=AXIS2_PLACEMENT_3D('',#3427,#2727,#2728);
#2464=AXIS2_PLACEMENT_3D('',#3428,#2729,#2730);
#2465=AXIS2_PLACEMENT_3D('',#3430,#2731,#2732);
#2466=AXIS2_PLACEMENT_3D('',#3433,#2734,#2735);
#2467=AXIS2_PLACEMENT_3D('',#3434,#2736,#2737);
#2468=AXIS2_PLACEMENT_3D('',#3436,#2738,#2739);
#2469=AXIS2_PLACEMENT_3D('',#3439,#2741,#2742);
#2470=AXIS2_PLACEMENT_3D('',#3440,#2743,#2744);
#2471=AXIS2_PLACEMENT_3D('',#3442,#2745,#2746);
#2472=AXIS2_PLACEMENT_3D('',#3445,#2748,#2749);
#2473=AXIS2_PLACEMENT_3D('',#3446,#2750,#2751);
#2474=AXIS2_PLACEMENT_3D('',#3448,#2752,#2753);
#2475=AXIS2_PLACEMENT_3D('',#3451,#2755,#2756);
#2476=AXIS2_PLACEMENT_3D('',#3452,#2757,#2758);
#2477=AXIS2_PLACEMENT_3D('',#3454,#2759,#2760);
#2478=AXIS2_PLACEMENT_3D('',#3457,#2762,#2763);
#2479=AXIS2_PLACEMENT_3D('',#3458,#2764,#2765);
#2480=AXIS2_PLACEMENT_3D('',#3460,#2766,#2767);
#2481=AXIS2_PLACEMENT_3D('',#3463,#2769,#2770);
#2482=AXIS2_PLACEMENT_3D('',#3464,#2771,#2772);
#2483=AXIS2_PLACEMENT_3D('',#3465,#2773,#2774);
#2484=AXIS2_PLACEMENT_3D('',#3466,#2775,#2776);
#2485=AXIS2_PLACEMENT_3D('',#3467,#2777,#2778);
#2486=AXIS2_PLACEMENT_3D('',#3476,#2783,#2784);
#2487=AXIS2_PLACEMENT_3D('',#3482,#2788,#2789);
#2488=AXIS2_PLACEMENT_3D('',#3488,#2793,#2794);
#2489=AXIS2_PLACEMENT_3D('',#3490,#2795,#2796);
#2490=AXIS2_PLACEMENT_3D('',#3491,#2797,#2798);
#2491=AXIS2_PLACEMENT_3D('',#3493,#2799,#2800);
#2492=AXIS2_PLACEMENT_3D('',#3495,#2801,#2802);
#2493=AXIS2_PLACEMENT_3D('',#3497,#2803,#2804);
#2494=AXIS2_PLACEMENT_3D('',#3499,#2805,#2806);
#2495=AXIS2_PLACEMENT_3D('',#3500,#2807,#2808);
#2496=AXIS2_PLACEMENT_3D('',#3502,#2809,#2810);
#2497=AXIS2_PLACEMENT_3D('',#3504,#2812,#2813);
#2498=AXIS2_PLACEMENT_3D('',#3506,#2814,#2815);
#2499=AXIS2_PLACEMENT_3D('',#3508,#2817,#2818);
#2500=AXIS2_PLACEMENT_3D('',#3510,#2819,#2820);
#2501=AXIS2_PLACEMENT_3D('',#3512,#2822,#2823);
#2502=AXIS2_PLACEMENT_3D('',#3514,#2824,#2825);
#2503=AXIS2_PLACEMENT_3D('',#3516,#2827,#2828);
#2504=AXIS2_PLACEMENT_3D('',#3518,#2829,#2830);
#2505=AXIS2_PLACEMENT_3D('',#3521,#2832,#2833);
#2506=AXIS2_PLACEMENT_3D('',#3522,#2834,#2835);
#2507=AXIS2_PLACEMENT_3D('',#3524,#2836,#2837);
#2508=AXIS2_PLACEMENT_3D('',#3527,#2839,#2840);
#2509=AXIS2_PLACEMENT_3D('',#3528,#2841,#2842);
#2510=AXIS2_PLACEMENT_3D('',#3530,#2843,#2844);
#2511=AXIS2_PLACEMENT_3D('',#3533,#2846,#2847);
#2512=AXIS2_PLACEMENT_3D('',#3534,#2848,#2849);
#2513=AXIS2_PLACEMENT_3D('',#3536,#2850,#2851);
#2514=AXIS2_PLACEMENT_3D('',#3539,#2853,#2854);
#2515=AXIS2_PLACEMENT_3D('',#3540,#2855,#2856);
#2516=AXIS2_PLACEMENT_3D('',#3542,#2857,#2858);
#2517=AXIS2_PLACEMENT_3D('',#3544,#2859,#2860);
#2518=AXIS2_PLACEMENT_3D('',#3545,#2861,#2862);
#2519=AXIS2_PLACEMENT_3D('',#3547,#2864,#2865);
#2520=AXIS2_PLACEMENT_3D('',#3549,#2866,#2867);
#2521=AXIS2_PLACEMENT_3D('',#3551,#2868,#2869);
#2522=AXIS2_PLACEMENT_3D('',#3552,#2870,#2871);
#2523=AXIS2_PLACEMENT_3D('',#3554,#2872,#2873);
#2524=AXIS2_PLACEMENT_3D('',#3556,#2874,#2875);
#2525=AXIS2_PLACEMENT_3D('',#3557,#2876,#2877);
#2526=AXIS2_PLACEMENT_3D('',#3559,#2879,#2880);
#2527=AXIS2_PLACEMENT_3D('',#3561,#2882,#2883);
#2528=AXIS2_PLACEMENT_3D('',#3562,#2884,#2885);
#2529=AXIS2_PLACEMENT_3D('',#3563,#2886,#2887);
#2530=AXIS2_PLACEMENT_3D('',#3566,#2889,#2890);
#2531=AXIS2_PLACEMENT_3D('',#3567,#2891,#2892);
#2532=AXIS2_PLACEMENT_3D('',#3568,#2893,#2894);
#2533=AXIS2_PLACEMENT_3D('',#3569,#2895,#2896);
#2534=AXIS2_PLACEMENT_3D('',#3571,#2897,#2898);
#2535=AXIS2_PLACEMENT_3D('',#3574,#2900,#2901);
#2536=AXIS2_PLACEMENT_3D('',#3575,#2902,#2903);
#2537=AXIS2_PLACEMENT_3D('',#3577,#2904,#2905);
#2538=AXIS2_PLACEMENT_3D('',#3580,#2907,#2908);
#2539=AXIS2_PLACEMENT_3D('',#3581,#2909,#2910);
#2540=AXIS2_PLACEMENT_3D('',#3583,#2911,#2912);
#2541=AXIS2_PLACEMENT_3D('',#3586,#2914,#2915);
#2542=AXIS2_PLACEMENT_3D('',#3587,#2916,#2917);
#2543=AXIS2_PLACEMENT_3D('',#3589,#2918,#2919);
#2544=AXIS2_PLACEMENT_3D('',#3592,#2921,#2922);
#2545=AXIS2_PLACEMENT_3D('',#3593,#2923,#2924);
#2546=AXIS2_PLACEMENT_3D('',#3595,#2925,#2926);
#2547=AXIS2_PLACEMENT_3D('',#3598,#2928,#2929);
#2548=AXIS2_PLACEMENT_3D('',#3599,#2930,#2931);
#2549=AXIS2_PLACEMENT_3D('',#3601,#2932,#2933);
#2550=AXIS2_PLACEMENT_3D('',#3604,#2935,#2936);
#2551=AXIS2_PLACEMENT_3D('',#3605,#2937,#2938);
#2552=AXIS2_PLACEMENT_3D('',#3607,#2939,#2940);
#2553=AXIS2_PLACEMENT_3D('',#3610,#2942,#2943);
#2554=AXIS2_PLACEMENT_3D('',#3611,#2944,#2945);
#2555=AXIS2_PLACEMENT_3D('',#3613,#2946,#2947);
#2556=AXIS2_PLACEMENT_3D('',#3616,#2949,#2950);
#2557=AXIS2_PLACEMENT_3D('',#3617,#2951,#2952);
#2558=AXIS2_PLACEMENT_3D('',#3619,#2953,#2954);
#2559=AXIS2_PLACEMENT_3D('',#3622,#2956,#2957);
#2560=AXIS2_PLACEMENT_3D('',#3623,#2958,#2959);
#2561=AXIS2_PLACEMENT_3D('',#3625,#2960,#2961);
#2562=AXIS2_PLACEMENT_3D('',#3628,#2963,#2964);
#2563=AXIS2_PLACEMENT_3D('',#3629,#2965,#2966);
#2564=AXIS2_PLACEMENT_3D('',#3631,#2967,#2968);
#2565=AXIS2_PLACEMENT_3D('',#3634,#2970,#2971);
#2566=AXIS2_PLACEMENT_3D('',#3635,#2972,#2973);
#2567=AXIS2_PLACEMENT_3D('',#3640,#2975,#2976);
#2568=AXIS2_PLACEMENT_3D('',#3643,#2978,#2979);
#2569=AXIS2_PLACEMENT_3D('',#3644,#2980,#2981);
#2570=AXIS2_PLACEMENT_3D('',#3649,#2983,#2984);
#2571=AXIS2_PLACEMENT_3D('',#3652,#2986,#2987);
#2572=AXIS2_PLACEMENT_3D('',#3653,#2988,#2989);
#2573=AXIS2_PLACEMENT_3D('',#3658,#2991,#2992);
#2574=AXIS2_PLACEMENT_3D('',#3661,#2994,#2995);
#2575=AXIS2_PLACEMENT_3D('',#3662,#2996,#2997);
#2576=AXIS2_PLACEMENT_3D('',#3667,#2999,#3000);
#2577=AXIS2_PLACEMENT_3D('',#3670,#3002,#3003);
#2578=AXIS2_PLACEMENT_3D('',#3671,#3004,#3005);
#2579=AXIS2_PLACEMENT_3D('',#3677,#3009,#3010);
#2580=AXIS2_PLACEMENT_3D('',#3683,#3014,#3015);
#2581=AXIS2_PLACEMENT_3D('',#3689,#3019,#3020);
#2582=AXIS2_PLACEMENT_3D('',#3695,#3024,#3025);
#2583=AXIS2_PLACEMENT_3D('',#3704,#3030,#3031);
#2584=AXIS2_PLACEMENT_3D('',#3713,#3036,#3037);
#2585=AXIS2_PLACEMENT_3D('',#3719,#3041,#3042);
#2586=AXIS2_PLACEMENT_3D('',#3725,#3046,#3047);
#2587=AXIS2_PLACEMENT_3D('',#3734,#3052,#3053);
#2588=AXIS2_PLACEMENT_3D('',#3740,#3057,#3058);
#2589=AXIS2_PLACEMENT_3D('',#3746,#3062,#3063);
#2590=AXIS2_PLACEMENT_3D('',#3749,#3066,#3067);
#2591=AXIS2_PLACEMENT_3D('',#3755,#3071,#3072);
#2592=AXIS2_PLACEMENT_3D('',#3756,#3073,#3074);
#2593=AXIS2_PLACEMENT_3D('',#3757,#3075,#3076);
#2594=AXIS2_PLACEMENT_3D('',#3758,#3077,#3078);
#2595=AXIS2_PLACEMENT_3D('',#3759,#3079,#3080);
#2596=AXIS2_PLACEMENT_3D('',#3760,#3081,#3082);
#2597=AXIS2_PLACEMENT_3D('',#3761,#3083,#3084);
#2598=AXIS2_PLACEMENT_3D('',#3763,#3085,#3086);
#2599=AXIS2_PLACEMENT_3D('',#3766,#3088,#3089);
#2600=AXIS2_PLACEMENT_3D('',#3767,#3090,#3091);
#2601=AXIS2_PLACEMENT_3D('',#3774,#3095,#3096);
#2602=AXIS2_PLACEMENT_3D('',#3776,#3097,#3098);
#2603=AXIS2_PLACEMENT_3D('',#3783,#3102,#3103);
#2604=AXIS2_PLACEMENT_3D('',#3784,#3104,#3105);
#2605=AXIS2_PLACEMENT_3D('',#3787,#3107,#3108);
#2606=AXIS2_PLACEMENT_3D('',#3788,#3109,#3110);
#2607=AXIS2_PLACEMENT_3D('',#3789,#3111,#3112);
#2608=AXIS2_PLACEMENT_3D('',#3790,#3113,#3114);
#2609=AXIS2_PLACEMENT_3D('',#3793,#3116,#3117);
#2610=AXIS2_PLACEMENT_3D('',#3794,#3118,#3119);
#2611=AXIS2_PLACEMENT_3D('',#3796,#3120,#3121);
#2612=AXIS2_PLACEMENT_3D('',#3798,#3123,#3124);
#2613=AXIS2_PLACEMENT_3D('',#3804,#3128,#3129);
#2614=AXIS2_PLACEMENT_3D('',#3810,#3133,#3134);
#2615=AXIS2_PLACEMENT_3D('',#3812,#3136,#3137);
#2616=AXIS2_PLACEMENT_3D('',#3816,#3140,#3141);
#2617=AXIS2_PLACEMENT_3D('',#3818,#3143,#3144);
#2618=AXIS2_PLACEMENT_3D('',#3820,#3146,#3147);
#2619=AXIS2_PLACEMENT_3D('',#3824,#3150,#3151);
#2620=AXIS2_PLACEMENT_3D('',#3825,#3152,#3153);
#2621=AXIS2_PLACEMENT_3D('',#3826,#3154,#3155);
#2622=AXIS2_PLACEMENT_3D('',#3827,#3156,#3157);
#2623=AXIS2_PLACEMENT_3D('',#3828,#3158,#3159);
#2624=AXIS2_PLACEMENT_3D('',#3829,#3160,#3161);
#2625=AXIS2_PLACEMENT_3D('',#3830,#3162,#3163);
#2626=AXIS2_PLACEMENT_3D('',#3835,#3165,#3166);
#2627=AXIS2_PLACEMENT_3D('',#3838,#3168,#3169);
#2628=AXIS2_PLACEMENT_3D('',#3839,#3170,#3171);
#2629=AXIS2_PLACEMENT_3D('',#3841,#3172,#3173);
#2630=AXIS2_PLACEMENT_3D('',#3844,#3175,#3176);
#2631=AXIS2_PLACEMENT_3D('',#3845,#3177,#3178);
#2632=AXIS2_PLACEMENT_3D('',#3847,#3179,#3180);
#2633=AXIS2_PLACEMENT_3D('',#3850,#3182,#3183);
#2634=AXIS2_PLACEMENT_3D('',#3851,#3184,#3185);
#2635=AXIS2_PLACEMENT_3D('',#3854,#3186,#3187);
#2636=AXIS2_PLACEMENT_3D('',#3862,#3191,#3192);
#2637=AXIS2_PLACEMENT_3D('',#3870,#3196,#3197);
#2638=AXIS2_PLACEMENT_3D('',#3878,#3201,#3202);
#2639=AXIS2_PLACEMENT_3D('',#3885,#3206,#3207);
#2640=AXIS2_PLACEMENT_3D('',#3887,#3208,#3209);
#2641=AXIS2_PLACEMENT_3D('',#3889,#3210,#3211);
#2642=AXIS2_PLACEMENT_3D('',#3891,#3212,#3213);
#2643=AXIS2_PLACEMENT_3D('',#3892,#3214,#3215);
#2644=AXIS2_PLACEMENT_3D('',#3897,#3217,#3218);
#2645=AXIS2_PLACEMENT_3D('',#3900,#3220,#3221);
#2646=AXIS2_PLACEMENT_3D('',#3905,#3223,#3224);
#2647=AXIS2_PLACEMENT_3D('',#3908,#3226,#3227);
#2648=AXIS2_PLACEMENT_3D('',#3911,#3228,#3229);
#2649=AXIS2_PLACEMENT_3D('',#3915,#3231,#3232);
#2650=AXIS2_PLACEMENT_3D('',#3919,#3234,#3235);
#2651=AXIS2_PLACEMENT_3D('',#3923,#3237,#3238);
#2652=AXIS2_PLACEMENT_3D('',#3925,#3240,#3241);
#2653=AXIS2_PLACEMENT_3D('',#3927,#3242,#3243);
#2654=AXIS2_PLACEMENT_3D('',#3929,#3245,#3246);
#2655=AXIS2_PLACEMENT_3D('',#3931,#3247,#3248);
#2656=AXIS2_PLACEMENT_3D('',#3933,#3250,#3251);
#2657=AXIS2_PLACEMENT_3D('',#3936,#3253,#3254);
#2658=AXIS2_PLACEMENT_3D('',#3937,#3255,#3256);
#2659=AXIS2_PLACEMENT_3D('',#3939,#3257,#3258);
#2660=AXIS2_PLACEMENT_3D('',#3941,#3260,#3261);
#2661=AXIS2_PLACEMENT_3D('',#3948,#3264,#3265);
#2662=AXIS2_PLACEMENT_3D('',#3956,#3269,#3270);
#2663=AXIS2_PLACEMENT_3D('',#3964,#3274,#3275);
#2664=AXIS2_PLACEMENT_3D('',#3972,#3279,#3280);
#2665=AXIS2_PLACEMENT_3D('',#3974,#3282,#3283);
#2666=AXIS2_PLACEMENT_3D('',#3979,#3285,#3286);
#2667=AXIS2_PLACEMENT_3D('',#3982,#3288,#3289);
#2668=AXIS2_PLACEMENT_3D('',#3987,#3291,#3292);
#2669=AXIS2_PLACEMENT_3D('',#3990,#3294,#3295);
#2670=AXIS2_PLACEMENT_3D('',#3993,#3296,#3297);
#2671=AXIS2_PLACEMENT_3D('',#3997,#3299,#3300);
#2672=AXIS2_PLACEMENT_3D('',#4001,#3302,#3303);
#2673=AXIS2_PLACEMENT_3D('',#4005,#3305,#3306);
#2674=AXIS2_PLACEMENT_3D('',#4007,#3308,#3309);
#2675=AXIS2_PLACEMENT_3D('',#4008,#3310,#3311);
#2676=AXIS2_PLACEMENT_3D('',#4011,#3314,#3315);
#2677=AXIS2_PLACEMENT_3D('',#4014,#3318,#3319);
#2678=AXIS2_PLACEMENT_3D('',#4017,#3322,#3323);
#2679=AXIS2_PLACEMENT_3D('',#4020,#3326,#3327);
#2680=AXIS2_PLACEMENT_3D('',#4022,#3329,#3330);
#2681=AXIS2_PLACEMENT_3D('',#4024,#3332,#3333);
#2682=AXIS2_PLACEMENT_3D('',#4026,#3335,#3336);
#2683=AXIS2_PLACEMENT_3D('',#4028,#3338,#3339);
#2684=AXIS2_PLACEMENT_3D('',#4031,#3342,#3343);
#2685=AXIS2_PLACEMENT_3D('',#4034,#3346,#3347);
#2686=AXIS2_PLACEMENT_3D('',#4036,#3349,#3350);
#2687=AXIS2_PLACEMENT_3D('',#4038,#3352,#3353);
#2688=AXIS2_PLACEMENT_3D('',#4041,#3356,#3357);
#2689=AXIS2_PLACEMENT_3D('',#4043,#3359,#3360);
#2690=AXIS2_PLACEMENT_3D('',#4045,#3362,#3363);
#2691=AXIS2_PLACEMENT_3D('',#4046,#3364,#3365);
#2692=AXIS2_PLACEMENT_3D('',#4048,#3367,#3368);
#2693=AXIS2_PLACEMENT_3D('',#4049,#3369,#3370);
#2694=AXIS2_PLACEMENT_3D('',#4050,#3371,#3372);
#2695=AXIS2_PLACEMENT_3D('',#4052,#3374,#3375);
#2696=AXIS2_PLACEMENT_3D('',#4053,#3376,#3377);
#2697=AXIS2_PLACEMENT_3D('',#4055,#3379,#3380);
#2698=AXIS2_PLACEMENT_3D('',#4057,#3382,#3383);
#2699=AXIS2_PLACEMENT_3D('',#4060,#3386,#3387);
#2700=AXIS2_PLACEMENT_3D('',#4063,#3390,#3391);
#2701=AXIS2_PLACEMENT_3D('',#4064,#3392,#3393);
#2702=AXIS2_PLACEMENT_3D('',#4066,#3395,#3396);
#2703=AXIS2_PLACEMENT_3D('',#4067,#3397,#3398);
#2704=AXIS2_PLACEMENT_3D('',#4068,#3399,#3400);
#2705=AXIS2_PLACEMENT_3D('',#4070,#3402,#3403);
#2706=AXIS2_PLACEMENT_3D('',#4071,#3404,#3405);
#2707=AXIS2_PLACEMENT_3D('',#4072,#3406,#3407);
#2708=AXIS2_PLACEMENT_3D('',#4073,#3408,#3409);
#2709=AXIS2_PLACEMENT_3D('',#4074,#3410,#3411);
#2710=AXIS2_PLACEMENT_3D('',#4075,#3412,#3413);
#2711=DIRECTION('axis',(0.,0.,1.));
#2712=DIRECTION('refdir',(1.,0.,0.));
#2713=DIRECTION('axis',(0.,0.,1.));
#2714=DIRECTION('refdir',(1.,0.,0.));
#2715=DIRECTION('center_axis',(0.,0.,1.));
#2716=DIRECTION('ref_axis',(-1.,0.,0.));
#2717=DIRECTION('center_axis',(0.,0.,1.));
#2718=DIRECTION('ref_axis',(-1.,0.,0.));
#2719=DIRECTION('',(0.,0.,1.));
#2720=DIRECTION('center_axis',(0.,0.,-1.));
#2721=DIRECTION('ref_axis',(-1.,0.,0.));
#2722=DIRECTION('center_axis',(0.,0.,1.));
#2723=DIRECTION('ref_axis',(-1.,0.,0.));
#2724=DIRECTION('center_axis',(0.,0.,1.));
#2725=DIRECTION('ref_axis',(-1.,0.,0.));
#2726=DIRECTION('',(0.,0.,1.));
#2727=DIRECTION('center_axis',(0.,0.,-1.));
#2728=DIRECTION('ref_axis',(-1.,0.,0.));
#2729=DIRECTION('center_axis',(0.,0.,1.));
#2730=DIRECTION('ref_axis',(-1.,0.,0.));
#2731=DIRECTION('center_axis',(0.,0.,1.));
#2732=DIRECTION('ref_axis',(-1.,0.,0.));
#2733=DIRECTION('',(0.,0.,1.));
#2734=DIRECTION('center_axis',(0.,0.,-1.));
#2735=DIRECTION('ref_axis',(-1.,0.,0.));
#2736=DIRECTION('center_axis',(0.,0.,1.));
#2737=DIRECTION('ref_axis',(-1.,0.,0.));
#2738=DIRECTION('center_axis',(0.,0.,1.));
#2739=DIRECTION('ref_axis',(-1.,0.,0.));
#2740=DIRECTION('',(0.,0.,1.));
#2741=DIRECTION('center_axis',(0.,0.,-1.));
#2742=DIRECTION('ref_axis',(-1.,0.,0.));
#2743=DIRECTION('center_axis',(0.,0.,1.));
#2744=DIRECTION('ref_axis',(-1.,0.,0.));
#2745=DIRECTION('center_axis',(0.,0.,1.));
#2746=DIRECTION('ref_axis',(-1.,0.,0.));
#2747=DIRECTION('',(0.,0.,1.));
#2748=DIRECTION('center_axis',(0.,0.,-1.));
#2749=DIRECTION('ref_axis',(-1.,0.,0.));
#2750=DIRECTION('center_axis',(0.,0.,1.));
#2751=DIRECTION('ref_axis',(-1.,0.,0.));
#2752=DIRECTION('center_axis',(0.,0.,1.));
#2753=DIRECTION('ref_axis',(-1.,0.,0.));
#2754=DIRECTION('',(0.,0.,1.));
#2755=DIRECTION('center_axis',(0.,0.,-1.));
#2756=DIRECTION('ref_axis',(-1.,0.,0.));
#2757=DIRECTION('center_axis',(0.,0.,1.));
#2758=DIRECTION('ref_axis',(-1.,0.,0.));
#2759=DIRECTION('center_axis',(0.,0.,1.));
#2760=DIRECTION('ref_axis',(-1.,0.,0.));
#2761=DIRECTION('',(0.,0.,1.));
#2762=DIRECTION('center_axis',(0.,0.,-1.));
#2763=DIRECTION('ref_axis',(-1.,0.,0.));
#2764=DIRECTION('center_axis',(0.,0.,1.));
#2765=DIRECTION('ref_axis',(-1.,0.,0.));
#2766=DIRECTION('center_axis',(0.,0.,1.));
#2767=DIRECTION('ref_axis',(-1.,0.,0.));
#2768=DIRECTION('',(0.,0.,-1.));
#2769=DIRECTION('center_axis',(0.,0.,-1.));
#2770=DIRECTION('ref_axis',(-1.,0.,0.));
#2771=DIRECTION('center_axis',(0.,0.,1.));
#2772=DIRECTION('ref_axis',(1.,0.,0.));
#2773=DIRECTION('center_axis',(0.,0.,1.));
#2774=DIRECTION('ref_axis',(1.,0.,0.));
#2775=DIRECTION('axis',(0.,0.,1.));
#2776=DIRECTION('refdir',(1.,0.,0.));
#2777=DIRECTION('center_axis',(-1.,0.,0.));
#2778=DIRECTION('ref_axis',(0.,-1.,0.));
#2779=DIRECTION('',(0.,0.,1.));
#2780=DIRECTION('',(0.,-1.,0.));
#2781=DIRECTION('',(0.,0.,1.));
#2782=DIRECTION('',(0.,1.,0.));
#2783=DIRECTION('center_axis',(0.,1.,0.));
#2784=DIRECTION('ref_axis',(-1.,0.,0.));
#2785=DIRECTION('',(-1.,0.,0.));
#2786=DIRECTION('',(0.,0.,1.));
#2787=DIRECTION('',(1.,0.,0.));
#2788=DIRECTION('center_axis',(1.,0.,0.));
#2789=DIRECTION('ref_axis',(0.,1.,0.));
#2790=DIRECTION('',(0.,0.,-1.));
#2791=DIRECTION('',(0.,-1.,0.));
#2792=DIRECTION('',(0.,1.,0.));
#2793=DIRECTION('center_axis',(0.,0.,1.));
#2794=DIRECTION('ref_axis',(1.,0.,0.));
#2795=DIRECTION('center_axis',(0.,0.,1.));
#2796=DIRECTION('ref_axis',(-1.,0.,0.));
#2797=DIRECTION('center_axis',(0.,0.,-1.));
#2798=DIRECTION('ref_axis',(-1.,0.,0.));
#2799=DIRECTION('center_axis',(0.,0.,-1.));
#2800=DIRECTION('ref_axis',(-1.,0.,0.));
#2801=DIRECTION('center_axis',(0.,0.,-1.));
#2802=DIRECTION('ref_axis',(-1.,0.,0.));
#2803=DIRECTION('center_axis',(0.,0.,-1.));
#2804=DIRECTION('ref_axis',(-1.,0.,0.));
#2805=DIRECTION('center_axis',(0.,0.,-1.));
#2806=DIRECTION('ref_axis',(-1.,0.,0.));
#2807=DIRECTION('center_axis',(0.,0.,1.));
#2808=DIRECTION('ref_axis',(-1.,0.,0.));
#2809=DIRECTION('center_axis',(0.,0.,1.));
#2810=DIRECTION('ref_axis',(-1.,0.,0.));
#2811=DIRECTION('',(0.,0.,1.));
#2812=DIRECTION('center_axis',(0.,0.,1.));
#2813=DIRECTION('ref_axis',(-1.,0.,0.));
#2814=DIRECTION('center_axis',(0.,0.,1.));
#2815=DIRECTION('ref_axis',(-1.,0.,0.));
#2816=DIRECTION('',(0.,0.,1.));
#2817=DIRECTION('center_axis',(0.,0.,1.));
#2818=DIRECTION('ref_axis',(-1.,0.,0.));
#2819=DIRECTION('center_axis',(0.,0.,1.));
#2820=DIRECTION('ref_axis',(-1.,0.,0.));
#2821=DIRECTION('',(0.,0.,1.));
#2822=DIRECTION('center_axis',(0.,0.,1.));
#2823=DIRECTION('ref_axis',(-1.,0.,0.));
#2824=DIRECTION('center_axis',(0.,0.,1.));
#2825=DIRECTION('ref_axis',(-1.,0.,0.));
#2826=DIRECTION('',(0.,0.,1.));
#2827=DIRECTION('center_axis',(0.,0.,1.));
#2828=DIRECTION('ref_axis',(-1.,0.,0.));
#2829=DIRECTION('center_axis',(0.,0.,1.));
#2830=DIRECTION('ref_axis',(-1.,0.,0.));
#2831=DIRECTION('',(0.,0.,1.));
#2832=DIRECTION('center_axis',(0.,0.,-1.));
#2833=DIRECTION('ref_axis',(-1.,0.,0.));
#2834=DIRECTION('center_axis',(0.,0.,1.));
#2835=DIRECTION('ref_axis',(-1.,0.,0.));
#2836=DIRECTION('center_axis',(0.,0.,1.));
#2837=DIRECTION('ref_axis',(-1.,0.,0.));
#2838=DIRECTION('',(0.,0.,1.));
#2839=DIRECTION('center_axis',(0.,0.,-1.));
#2840=DIRECTION('ref_axis',(-1.,0.,0.));
#2841=DIRECTION('center_axis',(0.,0.,1.));
#2842=DIRECTION('ref_axis',(-1.,0.,0.));
#2843=DIRECTION('center_axis',(0.,0.,1.));
#2844=DIRECTION('ref_axis',(-1.,0.,0.));
#2845=DIRECTION('',(0.,0.,1.));
#2846=DIRECTION('center_axis',(0.,0.,-1.));
#2847=DIRECTION('ref_axis',(-1.,0.,0.));
#2848=DIRECTION('center_axis',(0.,0.,1.));
#2849=DIRECTION('ref_axis',(-1.,0.,0.));
#2850=DIRECTION('center_axis',(0.,0.,1.));
#2851=DIRECTION('ref_axis',(-1.,0.,0.));
#2852=DIRECTION('',(0.,0.,1.));
#2853=DIRECTION('center_axis',(0.,0.,-1.));
#2854=DIRECTION('ref_axis',(-1.,0.,0.));
#2855=DIRECTION('center_axis',(0.,0.,1.));
#2856=DIRECTION('ref_axis',(1.,0.,0.));
#2857=DIRECTION('center_axis',(0.,0.,-1.));
#2858=DIRECTION('ref_axis',(-1.,0.,0.));
#2859=DIRECTION('center_axis',(0.,0.,-1.));
#2860=DIRECTION('ref_axis',(-1.,0.,0.));
#2861=DIRECTION('center_axis',(0.,0.,1.));
#2862=DIRECTION('ref_axis',(-1.,0.,0.));
#2863=DIRECTION('',(0.,0.,-1.));
#2864=DIRECTION('center_axis',(0.,0.,1.));
#2865=DIRECTION('ref_axis',(1.,0.,0.));
#2866=DIRECTION('center_axis',(0.,0.,-1.));
#2867=DIRECTION('ref_axis',(-1.,0.,0.));
#2868=DIRECTION('center_axis',(0.,0.,-1.));
#2869=DIRECTION('ref_axis',(-1.,0.,0.));
#2870=DIRECTION('center_axis',(0.,0.,1.));
#2871=DIRECTION('ref_axis',(1.,0.,0.));
#2872=DIRECTION('center_axis',(0.,0.,1.));
#2873=DIRECTION('ref_axis',(-1.,0.,0.));
#2874=DIRECTION('center_axis',(0.,0.,1.));
#2875=DIRECTION('ref_axis',(-1.,0.,0.));
#2876=DIRECTION('center_axis',(0.,0.,1.));
#2877=DIRECTION('ref_axis',(-1.,0.,0.));
#2878=DIRECTION('',(0.,0.,-1.));
#2879=DIRECTION('center_axis',(0.,0.,1.));
#2880=DIRECTION('ref_axis',(-1.,0.,0.));
#2881=DIRECTION('',(0.,0.,-1.));
#2882=DIRECTION('center_axis',(0.,0.,1.));
#2883=DIRECTION('ref_axis',(-6.12323399573677E-17,-1.,0.));
#2884=DIRECTION('center_axis',(0.,0.,1.));
#2885=DIRECTION('ref_axis',(-1.,0.,0.));
#2886=DIRECTION('center_axis',(0.,0.,1.));
#2887=DIRECTION('ref_axis',(-1.,0.,0.));
#2888=DIRECTION('',(0.,0.,-1.));
#2889=DIRECTION('center_axis',(0.,0.,-1.));
#2890=DIRECTION('ref_axis',(-1.,0.,0.));
#2891=DIRECTION('center_axis',(0.,0.,1.));
#2892=DIRECTION('ref_axis',(1.,0.,0.));
#2893=DIRECTION('axis',(0.,0.,1.));
#2894=DIRECTION('refdir',(1.,0.,0.));
#2895=DIRECTION('center_axis',(0.,0.,1.));
#2896=DIRECTION('ref_axis',(-1.,0.,0.));
#2897=DIRECTION('center_axis',(0.,0.,1.));
#2898=DIRECTION('ref_axis',(-1.,0.,0.));
#2899=DIRECTION('',(0.,0.,1.));
#2900=DIRECTION('center_axis',(0.,0.,-1.));
#2901=DIRECTION('ref_axis',(-1.,0.,0.));
#2902=DIRECTION('center_axis',(0.,0.,1.));
#2903=DIRECTION('ref_axis',(-1.,0.,0.));
#2904=DIRECTION('center_axis',(0.,0.,1.));
#2905=DIRECTION('ref_axis',(-1.,0.,0.));
#2906=DIRECTION('',(0.,0.,1.));
#2907=DIRECTION('center_axis',(0.,0.,-1.));
#2908=DIRECTION('ref_axis',(-1.,0.,0.));
#2909=DIRECTION('center_axis',(0.,0.,1.));
#2910=DIRECTION('ref_axis',(-1.,0.,0.));
#2911=DIRECTION('center_axis',(0.,0.,1.));
#2912=DIRECTION('ref_axis',(-1.,0.,0.));
#2913=DIRECTION('',(0.,0.,1.));
#2914=DIRECTION('center_axis',(0.,0.,-1.));
#2915=DIRECTION('ref_axis',(-1.,0.,0.));
#2916=DIRECTION('center_axis',(0.,0.,1.));
#2917=DIRECTION('ref_axis',(-1.,0.,0.));
#2918=DIRECTION('center_axis',(0.,0.,1.));
#2919=DIRECTION('ref_axis',(-1.,0.,0.));
#2920=DIRECTION('',(0.,0.,1.));
#2921=DIRECTION('center_axis',(0.,0.,-1.));
#2922=DIRECTION('ref_axis',(-1.,0.,0.));
#2923=DIRECTION('center_axis',(0.,0.,1.));
#2924=DIRECTION('ref_axis',(-1.,0.,0.));
#2925=DIRECTION('center_axis',(0.,0.,1.));
#2926=DIRECTION('ref_axis',(-1.,0.,0.));
#2927=DIRECTION('',(0.,0.,1.));
#2928=DIRECTION('center_axis',(0.,0.,-1.));
#2929=DIRECTION('ref_axis',(-1.,0.,0.));
#2930=DIRECTION('center_axis',(0.,0.,1.));
#2931=DIRECTION('ref_axis',(-1.,0.,0.));
#2932=DIRECTION('center_axis',(0.,0.,1.));
#2933=DIRECTION('ref_axis',(-1.,0.,0.));
#2934=DIRECTION('',(0.,0.,1.));
#2935=DIRECTION('center_axis',(0.,0.,-1.));
#2936=DIRECTION('ref_axis',(-1.,0.,0.));
#2937=DIRECTION('center_axis',(0.,0.,1.));
#2938=DIRECTION('ref_axis',(-1.,0.,0.));
#2939=DIRECTION('center_axis',(0.,0.,1.));
#2940=DIRECTION('ref_axis',(-1.,0.,0.));
#2941=DIRECTION('',(0.,0.,1.));
#2942=DIRECTION('center_axis',(0.,0.,-1.));
#2943=DIRECTION('ref_axis',(-1.,0.,0.));
#2944=DIRECTION('center_axis',(0.,0.,1.));
#2945=DIRECTION('ref_axis',(-1.,0.,0.));
#2946=DIRECTION('center_axis',(0.,0.,1.));
#2947=DIRECTION('ref_axis',(-1.,0.,0.));
#2948=DIRECTION('',(0.,0.,1.));
#2949=DIRECTION('center_axis',(0.,0.,-1.));
#2950=DIRECTION('ref_axis',(-1.,0.,0.));
#2951=DIRECTION('center_axis',(0.,0.,1.));
#2952=DIRECTION('ref_axis',(-1.,0.,0.));
#2953=DIRECTION('center_axis',(0.,0.,1.));
#2954=DIRECTION('ref_axis',(-1.,0.,0.));
#2955=DIRECTION('',(0.,0.,1.));
#2956=DIRECTION('center_axis',(0.,0.,-1.));
#2957=DIRECTION('ref_axis',(-1.,0.,0.));
#2958=DIRECTION('center_axis',(0.,0.,1.));
#2959=DIRECTION('ref_axis',(-1.,0.,0.));
#2960=DIRECTION('center_axis',(0.,0.,1.));
#2961=DIRECTION('ref_axis',(-1.,0.,0.));
#2962=DIRECTION('',(0.,0.,1.));
#2963=DIRECTION('center_axis',(0.,0.,-1.));
#2964=DIRECTION('ref_axis',(-1.,0.,0.));
#2965=DIRECTION('center_axis',(0.,0.,1.));
#2966=DIRECTION('ref_axis',(-1.,0.,0.));
#2967=DIRECTION('center_axis',(0.,0.,1.));
#2968=DIRECTION('ref_axis',(-1.,0.,0.));
#2969=DIRECTION('',(0.,0.,1.));
#2970=DIRECTION('center_axis',(0.,0.,-1.));
#2971=DIRECTION('ref_axis',(-1.,0.,0.));
#2972=DIRECTION('center_axis',(0.,0.,1.));
#2973=DIRECTION('ref_axis',(-1.,0.,0.));
#2974=DIRECTION('',(0.,0.,1.));
#2975=DIRECTION('center_axis',(0.,0.,-1.));
#2976=DIRECTION('ref_axis',(-1.,0.,0.));
#2977=DIRECTION('',(0.,0.,-1.));
#2978=DIRECTION('center_axis',(0.,0.,1.));
#2979=DIRECTION('ref_axis',(-1.,0.,0.));
#2980=DIRECTION('center_axis',(0.,0.,1.));
#2981=DIRECTION('ref_axis',(-1.,0.,0.));
#2982=DIRECTION('',(0.,0.,-1.));
#2983=DIRECTION('center_axis',(0.,0.,1.));
#2984=DIRECTION('ref_axis',(-1.,0.,0.));
#2985=DIRECTION('',(0.,0.,1.));
#2986=DIRECTION('center_axis',(0.,0.,-1.));
#2987=DIRECTION('ref_axis',(-1.,0.,0.));
#2988=DIRECTION('center_axis',(0.,0.,1.));
#2989=DIRECTION('ref_axis',(-1.,0.,0.));
#2990=DIRECTION('',(0.,0.,1.));
#2991=DIRECTION('center_axis',(0.,0.,-1.));
#2992=DIRECTION('ref_axis',(-1.,0.,0.));
#2993=DIRECTION('',(0.,0.,-1.));
#2994=DIRECTION('center_axis',(0.,0.,1.));
#2995=DIRECTION('ref_axis',(-1.,0.,0.));
#2996=DIRECTION('center_axis',(0.,0.,1.));
#2997=DIRECTION('ref_axis',(-1.,0.,0.));
#2998=DIRECTION('',(0.,0.,-1.));
#2999=DIRECTION('center_axis',(0.,0.,1.));
#3000=DIRECTION('ref_axis',(-1.,0.,0.));
#3001=DIRECTION('',(0.,0.,1.));
#3002=DIRECTION('center_axis',(0.,0.,-1.));
#3003=DIRECTION('ref_axis',(-1.,0.,0.));
#3004=DIRECTION('center_axis',(0.,-1.,0.));
#3005=DIRECTION('ref_axis',(1.,0.,0.));
#3006=DIRECTION('',(1.,0.,0.));
#3007=DIRECTION('',(0.,0.,-1.));
#3008=DIRECTION('',(1.,0.,0.));
#3009=DIRECTION('center_axis',(1.,0.,0.));
#3010=DIRECTION('ref_axis',(0.,1.,0.));
#3011=DIRECTION('',(0.,1.,0.));
#3012=DIRECTION('',(0.,0.,-1.));
#3013=DIRECTION('',(0.,1.,0.));
#3014=DIRECTION('center_axis',(-1.,0.,0.));
#3015=DIRECTION('ref_axis',(0.,-1.,0.));
#3016=DIRECTION('',(0.,-1.,0.));
#3017=DIRECTION('',(0.,0.,-1.));
#3018=DIRECTION('',(0.,-1.,0.));
#3019=DIRECTION('center_axis',(0.,1.,0.));
#3020=DIRECTION('ref_axis',(-1.,0.,0.));
#3021=DIRECTION('',(-1.,0.,0.));
#3022=DIRECTION('',(0.,0.,-1.));
#3023=DIRECTION('',(-1.,0.,0.));
#3024=DIRECTION('center_axis',(0.,1.,0.));
#3025=DIRECTION('ref_axis',(-1.,0.,0.));
#3026=DIRECTION('',(-1.,0.,0.));
#3027=DIRECTION('',(0.,0.,1.));
#3028=DIRECTION('',(-1.,0.,0.));
#3029=DIRECTION('',(0.,0.,1.));
#3030=DIRECTION('center_axis',(-1.,0.,0.));
#3031=DIRECTION('ref_axis',(0.,-1.,0.));
#3032=DIRECTION('',(0.,0.,1.));
#3033=DIRECTION('',(0.,-1.,0.));
#3034=DIRECTION('',(0.,0.,1.));
#3035=DIRECTION('',(0.,-1.,0.));
#3036=DIRECTION('center_axis',(-1.,0.,0.));
#3037=DIRECTION('ref_axis',(0.,-1.,0.));
#3038=DIRECTION('',(0.,0.,-1.));
#3039=DIRECTION('',(0.,-1.,0.));
#3040=DIRECTION('',(0.,-1.,0.));
#3041=DIRECTION('center_axis',(-1.,0.,0.));
#3042=DIRECTION('ref_axis',(0.,-1.,0.));
#3043=DIRECTION('',(0.,-1.,0.));
#3044=DIRECTION('',(0.,0.,1.));
#3045=DIRECTION('',(0.,-1.,0.));
#3046=DIRECTION('center_axis',(1.,0.,0.));
#3047=DIRECTION('ref_axis',(0.,1.,0.));
#3048=DIRECTION('',(0.,0.,-1.));
#3049=DIRECTION('',(0.,1.,0.));
#3050=DIRECTION('',(0.,0.,1.));
#3051=DIRECTION('',(0.,1.,0.));
#3052=DIRECTION('center_axis',(1.,0.,0.));
#3053=DIRECTION('ref_axis',(0.,1.,0.));
#3054=DIRECTION('',(0.,1.,0.));
#3055=DIRECTION('',(0.,0.,1.));
#3056=DIRECTION('',(0.,1.,0.));
#3057=DIRECTION('center_axis',(1.,0.,0.));
#3058=DIRECTION('ref_axis',(0.,1.,0.));
#3059=DIRECTION('',(0.,0.,1.));
#3060=DIRECTION('',(0.,1.,0.));
#3061=DIRECTION('',(0.,1.,0.));
#3062=DIRECTION('center_axis',(0.,-1.,0.));
#3063=DIRECTION('ref_axis',(1.,0.,0.));
#3064=DIRECTION('',(1.,0.,0.));
#3065=DIRECTION('',(1.,0.,0.));
#3066=DIRECTION('center_axis',(0.,1.,0.));
#3067=DIRECTION('ref_axis',(-1.,0.,0.));
#3068=DIRECTION('',(-1.,0.,0.));
#3069=DIRECTION('',(0.,0.,1.));
#3070=DIRECTION('',(-1.,0.,0.));
#3071=DIRECTION('center_axis',(0.,0.,1.));
#3072=DIRECTION('ref_axis',(-1.,0.,0.));
#3073=DIRECTION('center_axis',(0.,0.,1.));
#3074=DIRECTION('ref_axis',(-1.,0.,0.));
#3075=DIRECTION('center_axis',(0.,0.,-1.));
#3076=DIRECTION('ref_axis',(-1.,0.,0.));
#3077=DIRECTION('center_axis',(0.,0.,1.));
#3078=DIRECTION('ref_axis',(-1.,0.,0.));
#3079=DIRECTION('center_axis',(0.,0.,-1.));
#3080=DIRECTION('ref_axis',(-1.,0.,0.));
#3081=DIRECTION('center_axis',(0.,0.,1.));
#3082=DIRECTION('ref_axis',(-1.,0.,0.));
#3083=DIRECTION('center_axis',(0.,0.,1.));
#3084=DIRECTION('ref_axis',(-1.,0.,0.));
#3085=DIRECTION('center_axis',(0.,0.,1.));
#3086=DIRECTION('ref_axis',(-1.,0.,0.));
#3087=DIRECTION('',(0.,0.,-1.));
#3088=DIRECTION('center_axis',(0.,0.,-1.));
#3089=DIRECTION('ref_axis',(-1.,0.,0.));
#3090=DIRECTION('center_axis',(0.,0.,1.));
#3091=DIRECTION('ref_axis',(1.,0.,0.));
#3092=DIRECTION('',(-1.,0.,0.));
#3093=DIRECTION('',(0.,1.,0.));
#3094=DIRECTION('',(1.,0.,0.));
#3095=DIRECTION('center_axis',(0.,0.,-1.));
#3096=DIRECTION('ref_axis',(-1.,0.,0.));
#3097=DIRECTION('center_axis',(0.,0.,-1.));
#3098=DIRECTION('ref_axis',(-1.,0.,0.));
#3099=DIRECTION('',(1.,0.,0.));
#3100=DIRECTION('',(0.,-1.,0.));
#3101=DIRECTION('',(-1.,0.,0.));
#3102=DIRECTION('center_axis',(0.,0.,-1.));
#3103=DIRECTION('ref_axis',(-1.,0.,0.));
#3104=DIRECTION('center_axis',(0.,0.,1.));
#3105=DIRECTION('ref_axis',(-1.,0.,0.));
#3106=DIRECTION('',(1.,0.,0.));
#3107=DIRECTION('center_axis',(0.,0.,1.));
#3108=DIRECTION('ref_axis',(-1.,0.,0.));
#3109=DIRECTION('center_axis',(0.,0.,1.));
#3110=DIRECTION('ref_axis',(-1.,0.,0.));
#3111=DIRECTION('center_axis',(0.,0.,-1.));
#3112=DIRECTION('ref_axis',(-1.,0.,0.));
#3113=DIRECTION('center_axis',(0.,0.,1.));
#3114=DIRECTION('ref_axis',(-1.,0.,0.));
#3115=DIRECTION('',(0.,0.,1.));
#3116=DIRECTION('center_axis',(0.,0.,1.));
#3117=DIRECTION('ref_axis',(-1.,0.,0.));
#3118=DIRECTION('center_axis',(0.,0.,1.));
#3119=DIRECTION('ref_axis',(-1.,0.,0.));
#3120=DIRECTION('center_axis',(0.,0.,1.));
#3121=DIRECTION('ref_axis',(-1.,0.,0.));
#3122=DIRECTION('',(0.,0.,-1.));
#3123=DIRECTION('center_axis',(1.,0.,0.));
#3124=DIRECTION('ref_axis',(0.,1.,0.));
#3125=DIRECTION('',(0.,1.,0.));
#3126=DIRECTION('',(0.,0.,1.));
#3127=DIRECTION('',(0.,0.,1.));
#3128=DIRECTION('center_axis',(0.,1.,0.));
#3129=DIRECTION('ref_axis',(-1.,0.,0.));
#3130=DIRECTION('',(0.,0.,1.));
#3131=DIRECTION('',(0.,0.,1.));
#3132=DIRECTION('',(-1.,0.,0.));
#3133=DIRECTION('center_axis',(0.,1.,0.));
#3134=DIRECTION('ref_axis',(-1.,0.,0.));
#3135=DIRECTION('',(-1.,0.,0.));
#3136=DIRECTION('center_axis',(0.,-1.,0.));
#3137=DIRECTION('ref_axis',(1.,0.,0.));
#3138=DIRECTION('',(1.,0.,0.));
#3139=DIRECTION('',(0.,0.,1.));
#3140=DIRECTION('center_axis',(0.,-1.,0.));
#3141=DIRECTION('ref_axis',(1.,0.,0.));
#3142=DIRECTION('',(1.,0.,0.));
#3143=DIRECTION('center_axis',(-1.,0.,0.));
#3144=DIRECTION('ref_axis',(0.,-1.,0.));
#3145=DIRECTION('',(0.,-1.,0.));
#3146=DIRECTION('center_axis',(0.,-1.,0.));
#3147=DIRECTION('ref_axis',(1.,0.,0.));
#3148=DIRECTION('',(1.,0.,0.));
#3149=DIRECTION('',(0.,0.,1.));
#3150=DIRECTION('center_axis',(0.,0.,1.));
#3151=DIRECTION('ref_axis',(-1.,0.,0.));
#3152=DIRECTION('center_axis',(0.,0.,-1.));
#3153=DIRECTION('ref_axis',(-1.,0.,0.));
#3154=DIRECTION('center_axis',(0.,0.,1.));
#3155=DIRECTION('ref_axis',(1.,0.,0.));
#3156=DIRECTION('center_axis',(0.,0.,1.));
#3157=DIRECTION('ref_axis',(-1.,0.,0.));
#3158=DIRECTION('center_axis',(0.,0.,1.));
#3159=DIRECTION('ref_axis',(-1.,0.,0.));
#3160=DIRECTION('axis',(0.,0.,1.));
#3161=DIRECTION('refdir',(1.,0.,0.));
#3162=DIRECTION('center_axis',(0.,0.,1.));
#3163=DIRECTION('ref_axis',(-7.04481399828022E-16,-1.,0.));
#3164=DIRECTION('',(0.,0.,1.));
#3165=DIRECTION('center_axis',(0.,0.,1.));
#3166=DIRECTION('ref_axis',(-1.,0.,0.));
#3167=DIRECTION('',(0.,0.,-1.));
#3168=DIRECTION('center_axis',(0.,0.,-1.));
#3169=DIRECTION('ref_axis',(-1.,0.,0.));
#3170=DIRECTION('center_axis',(0.,0.,1.));
#3171=DIRECTION('ref_axis',(-1.,0.,0.));
#3172=DIRECTION('center_axis',(0.,0.,1.));
#3173=DIRECTION('ref_axis',(-1.,0.,0.));
#3174=DIRECTION('',(0.,0.,1.));
#3175=DIRECTION('center_axis',(0.,0.,-1.));
#3176=DIRECTION('ref_axis',(-1.,0.,0.));
#3177=DIRECTION('center_axis',(0.,0.,1.));
#3178=DIRECTION('ref_axis',(-1.,0.,0.));
#3179=DIRECTION('center_axis',(0.,0.,-1.));
#3180=DIRECTION('ref_axis',(-1.,0.,0.));
#3181=DIRECTION('',(0.,0.,-1.));
#3182=DIRECTION('center_axis',(0.,0.,1.));
#3183=DIRECTION('ref_axis',(-1.,0.,0.));
#3184=DIRECTION('center_axis',(0.,0.,1.));
#3185=DIRECTION('ref_axis',(1.,0.,0.));
#3186=DIRECTION('center_axis',(0.,0.,1.));
#3187=DIRECTION('ref_axis',(-1.,0.,0.));
#3188=DIRECTION('',(-1.,0.,0.));
#3189=DIRECTION('',(0.,-1.,0.));
#3190=DIRECTION('',(1.,0.,0.));
#3191=DIRECTION('center_axis',(0.,0.,1.));
#3192=DIRECTION('ref_axis',(-1.,0.,0.));
#3193=DIRECTION('',(0.,-1.,0.));
#3194=DIRECTION('',(1.,0.,0.));
#3195=DIRECTION('',(0.,1.,0.));
#3196=DIRECTION('center_axis',(0.,0.,1.));
#3197=DIRECTION('ref_axis',(-1.,0.,0.));
#3198=DIRECTION('',(1.,0.,0.));
#3199=DIRECTION('',(0.,1.,0.));
#3200=DIRECTION('',(-1.,0.,0.));
#3201=DIRECTION('center_axis',(0.,0.,1.));
#3202=DIRECTION('ref_axis',(-1.,0.,0.));
#3203=DIRECTION('',(0.,1.,0.));
#3204=DIRECTION('',(-1.,0.,0.));
#3205=DIRECTION('',(0.,-1.,0.));
#3206=DIRECTION('center_axis',(0.,0.,-1.));
#3207=DIRECTION('ref_axis',(-1.,0.,0.));
#3208=DIRECTION('center_axis',(0.,0.,-1.));
#3209=DIRECTION('ref_axis',(-1.,0.,0.));
#3210=DIRECTION('center_axis',(0.,0.,-1.));
#3211=DIRECTION('ref_axis',(-1.,0.,0.));
#3212=DIRECTION('center_axis',(0.,0.,-1.));
#3213=DIRECTION('ref_axis',(-1.,0.,0.));
#3214=DIRECTION('center_axis',(0.,0.,-1.));
#3215=DIRECTION('ref_axis',(-1.,0.,0.));
#3216=DIRECTION('',(1.,0.,0.));
#3217=DIRECTION('center_axis',(0.,0.,-1.));
#3218=DIRECTION('ref_axis',(-1.,0.,0.));
#3219=DIRECTION('',(0.,1.,0.));
#3220=DIRECTION('center_axis',(0.,0.,1.));
#3221=DIRECTION('ref_axis',(-1.,0.,0.));
#3222=DIRECTION('',(0.,-1.,0.));
#3223=DIRECTION('center_axis',(0.,0.,-1.));
#3224=DIRECTION('ref_axis',(-1.,0.,0.));
#3225=DIRECTION('',(1.,0.,0.));
#3226=DIRECTION('center_axis',(0.,0.,1.));
#3227=DIRECTION('ref_axis',(-1.,0.,0.));
#3228=DIRECTION('center_axis',(0.,0.,1.));
#3229=DIRECTION('ref_axis',(-1.,0.,0.));
#3230=DIRECTION('',(0.,1.,0.));
#3231=DIRECTION('center_axis',(0.,0.,-1.));
#3232=DIRECTION('ref_axis',(-1.,0.,0.));
#3233=DIRECTION('',(-1.,0.,0.));
#3234=DIRECTION('center_axis',(0.,0.,1.));
#3235=DIRECTION('ref_axis',(-1.,0.,0.));
#3236=DIRECTION('',(-1.,0.,0.));
#3237=DIRECTION('center_axis',(0.,0.,-1.));
#3238=DIRECTION('ref_axis',(-1.,0.,0.));
#3239=DIRECTION('',(0.,-1.,0.));
#3240=DIRECTION('center_axis',(0.,0.,1.));
#3241=DIRECTION('ref_axis',(-1.,0.,0.));
#3242=DIRECTION('center_axis',(0.,0.,1.));
#3243=DIRECTION('ref_axis',(-1.,0.,0.));
#3244=DIRECTION('',(0.,0.,-1.));
#3245=DIRECTION('center_axis',(0.,0.,1.));
#3246=DIRECTION('ref_axis',(-1.,0.,0.));
#3247=DIRECTION('center_axis',(0.,0.,1.));
#3248=DIRECTION('ref_axis',(-1.,0.,0.));
#3249=DIRECTION('',(0.,0.,1.));
#3250=DIRECTION('center_axis',(0.,0.,1.));
#3251=DIRECTION('ref_axis',(-7.04481399828022E-16,1.,0.));
#3252=DIRECTION('',(0.,0.,-1.));
#3253=DIRECTION('center_axis',(0.,0.,1.));
#3254=DIRECTION('ref_axis',(-1.,0.,0.));
#3255=DIRECTION('center_axis',(0.,0.,1.));
#3256=DIRECTION('ref_axis',(-1.,0.,0.));
#3257=DIRECTION('center_axis',(0.,0.,1.));
#3258=DIRECTION('ref_axis',(-1.,0.,0.));
#3259=DIRECTION('',(0.,0.,1.));
#3260=DIRECTION('center_axis',(0.,0.,1.));
#3261=DIRECTION('ref_axis',(1.,0.,0.));
#3262=DIRECTION('',(-1.,0.,0.));
#3263=DIRECTION('',(0.,1.,0.));
#3264=DIRECTION('center_axis',(0.,0.,-1.));
#3265=DIRECTION('ref_axis',(-1.,0.,0.));
#3266=DIRECTION('',(-1.,0.,0.));
#3267=DIRECTION('',(0.,1.,0.));
#3268=DIRECTION('',(1.,0.,0.));
#3269=DIRECTION('center_axis',(0.,0.,-1.));
#3270=DIRECTION('ref_axis',(-1.,0.,0.));
#3271=DIRECTION('',(0.,1.,0.));
#3272=DIRECTION('',(1.,0.,0.));
#3273=DIRECTION('',(0.,-1.,0.));
#3274=DIRECTION('center_axis',(0.,0.,-1.));
#3275=DIRECTION('ref_axis',(-1.,0.,0.));
#3276=DIRECTION('',(1.,0.,0.));
#3277=DIRECTION('',(0.,-1.,0.));
#3278=DIRECTION('',(-1.,0.,0.));
#3279=DIRECTION('center_axis',(0.,0.,-1.));
#3280=DIRECTION('ref_axis',(-1.,0.,0.));
#3281=DIRECTION('',(0.,-1.,0.));
#3282=DIRECTION('center_axis',(0.,0.,1.));
#3283=DIRECTION('ref_axis',(-1.,0.,0.));
#3284=DIRECTION('',(-1.,0.,0.));
#3285=DIRECTION('center_axis',(0.,0.,1.));
#3286=DIRECTION('ref_axis',(-1.,0.,0.));
#3287=DIRECTION('',(0.,1.,0.));
#3288=DIRECTION('center_axis',(0.,0.,-1.));
#3289=DIRECTION('ref_axis',(-1.,0.,0.));
#3290=DIRECTION('',(0.,-1.,0.));
#3291=DIRECTION('center_axis',(0.,0.,1.));
#3292=DIRECTION('ref_axis',(-1.,0.,0.));
#3293=DIRECTION('',(-1.,0.,0.));
#3294=DIRECTION('center_axis',(0.,0.,-1.));
#3295=DIRECTION('ref_axis',(-1.,0.,0.));
#3296=DIRECTION('center_axis',(0.,0.,-1.));
#3297=DIRECTION('ref_axis',(-1.,0.,0.));
#3298=DIRECTION('',(0.,1.,0.));
#3299=DIRECTION('center_axis',(0.,0.,1.));
#3300=DIRECTION('ref_axis',(-1.,0.,0.));
#3301=DIRECTION('',(1.,0.,0.));
#3302=DIRECTION('center_axis',(0.,0.,-1.));
#3303=DIRECTION('ref_axis',(-1.,0.,0.));
#3304=DIRECTION('',(1.,0.,0.));
#3305=DIRECTION('center_axis',(0.,0.,1.));
#3306=DIRECTION('ref_axis',(-1.,0.,0.));
#3307=DIRECTION('',(0.,-1.,0.));
#3308=DIRECTION('center_axis',(0.,0.,1.));
#3309=DIRECTION('ref_axis',(1.,-1.22464679914735E-16,0.));
#3310=DIRECTION('center_axis',(0.,0.,1.));
#3311=DIRECTION('ref_axis',(-1.,0.,0.));
#3312=DIRECTION('',(0.,0.,1.));
#3313=DIRECTION('',(0.,0.,-1.));
#3314=DIRECTION('center_axis',(0.,0.,1.));
#3315=DIRECTION('ref_axis',(-1.,0.,0.));
#3316=DIRECTION('',(0.,0.,-1.));
#3317=DIRECTION('',(0.,0.,1.));
#3318=DIRECTION('center_axis',(0.,0.,1.));
#3319=DIRECTION('ref_axis',(-1.,0.,0.));
#3320=DIRECTION('',(0.,0.,1.));
#3321=DIRECTION('',(0.,0.,-1.));
#3322=DIRECTION('center_axis',(0.,0.,1.));
#3323=DIRECTION('ref_axis',(-1.,0.,0.));
#3324=DIRECTION('',(0.,0.,-1.));
#3325=DIRECTION('',(0.,0.,1.));
#3326=DIRECTION('center_axis',(0.,-1.,0.));
#3327=DIRECTION('ref_axis',(1.,0.,0.));
#3328=DIRECTION('',(0.,0.,-1.));
#3329=DIRECTION('center_axis',(1.,0.,0.));
#3330=DIRECTION('ref_axis',(0.,1.,0.));
#3331=DIRECTION('',(0.,0.,-1.));
#3332=DIRECTION('center_axis',(-1.,0.,0.));
#3333=DIRECTION('ref_axis',(0.,-1.,0.));
#3334=DIRECTION('',(0.,0.,-1.));
#3335=DIRECTION('center_axis',(0.,1.,0.));
#3336=DIRECTION('ref_axis',(-1.,0.,0.));
#3337=DIRECTION('',(0.,0.,-1.));
#3338=DIRECTION('center_axis',(0.,1.,0.));
#3339=DIRECTION('ref_axis',(-1.,0.,0.));
#3340=DIRECTION('',(0.,0.,1.));
#3341=DIRECTION('',(0.,0.,1.));
#3342=DIRECTION('center_axis',(-1.,0.,0.));
#3343=DIRECTION('ref_axis',(0.,-1.,0.));
#3344=DIRECTION('',(0.,0.,1.));
#3345=DIRECTION('',(0.,0.,1.));
#3346=DIRECTION('center_axis',(-1.,0.,0.));
#3347=DIRECTION('ref_axis',(0.,-1.,0.));
#3348=DIRECTION('',(0.,0.,-1.));
#3349=DIRECTION('center_axis',(-1.,0.,0.));
#3350=DIRECTION('ref_axis',(0.,-1.,0.));
#3351=DIRECTION('',(0.,0.,1.));
#3352=DIRECTION('center_axis',(1.,0.,0.));
#3353=DIRECTION('ref_axis',(0.,1.,0.));
#3354=DIRECTION('',(0.,0.,-1.));
#3355=DIRECTION('',(0.,0.,1.));
#3356=DIRECTION('center_axis',(1.,0.,0.));
#3357=DIRECTION('ref_axis',(0.,1.,0.));
#3358=DIRECTION('',(0.,0.,1.));
#3359=DIRECTION('center_axis',(1.,0.,0.));
#3360=DIRECTION('ref_axis',(0.,1.,0.));
#3361=DIRECTION('',(0.,0.,1.));
#3362=DIRECTION('center_axis',(0.,-1.,0.));
#3363=DIRECTION('ref_axis',(1.,0.,0.));
#3364=DIRECTION('center_axis',(0.,1.,0.));
#3365=DIRECTION('ref_axis',(-1.,0.,0.));
#3366=DIRECTION('',(0.,0.,1.));
#3367=DIRECTION('center_axis',(0.,0.,1.));
#3368=DIRECTION('ref_axis',(-1.,0.,0.));
#3369=DIRECTION('center_axis',(0.,0.,1.));
#3370=DIRECTION('ref_axis',(-1.,0.,0.));
#3371=DIRECTION('center_axis',(0.,0.,1.));
#3372=DIRECTION('ref_axis',(-1.,0.,0.));
#3373=DIRECTION('',(0.,0.,-1.));
#3374=DIRECTION('center_axis',(0.,0.,1.));
#3375=DIRECTION('ref_axis',(-1.,0.,0.));
#3376=DIRECTION('center_axis',(0.,0.,1.));
#3377=DIRECTION('ref_axis',(-1.,0.,0.));
#3378=DIRECTION('',(0.,0.,1.));
#3379=DIRECTION('center_axis',(0.,0.,1.));
#3380=DIRECTION('ref_axis',(-1.,0.,0.));
#3381=DIRECTION('',(0.,0.,-1.));
#3382=DIRECTION('center_axis',(1.,0.,0.));
#3383=DIRECTION('ref_axis',(0.,1.,0.));
#3384=DIRECTION('',(0.,0.,1.));
#3385=DIRECTION('',(0.,0.,1.));
#3386=DIRECTION('center_axis',(0.,1.,0.));
#3387=DIRECTION('ref_axis',(-1.,0.,0.));
#3388=DIRECTION('',(0.,0.,1.));
#3389=DIRECTION('',(0.,0.,1.));
#3390=DIRECTION('center_axis',(0.,1.,0.));
#3391=DIRECTION('ref_axis',(-1.,0.,0.));
#3392=DIRECTION('center_axis',(0.,-1.,0.));
#3393=DIRECTION('ref_axis',(1.,0.,0.));
#3394=DIRECTION('',(0.,0.,1.));
#3395=DIRECTION('center_axis',(0.,-1.,0.));
#3396=DIRECTION('ref_axis',(1.,0.,0.));
#3397=DIRECTION('center_axis',(-1.,0.,0.));
#3398=DIRECTION('ref_axis',(0.,-1.,0.));
#3399=DIRECTION('center_axis',(0.,-1.,0.));
#3400=DIRECTION('ref_axis',(1.,0.,0.));
#3401=DIRECTION('',(0.,0.,1.));
#3402=DIRECTION('center_axis',(0.,0.,1.));
#3403=DIRECTION('ref_axis',(-1.,0.,0.));
#3404=DIRECTION('center_axis',(0.,0.,1.));
#3405=DIRECTION('ref_axis',(-1.,0.,0.));
#3406=DIRECTION('',(0.,0.,1.));
#3407=DIRECTION('',(1.,0.,0.));
#3408=DIRECTION('',(0.,0.,1.));
#3409=DIRECTION('',(1.,0.,0.));
#3410=DIRECTION('',(0.,0.,1.));
#3411=DIRECTION('',(1.,0.,0.));
#3412=DIRECTION('',(0.,0.,1.));
#3413=DIRECTION('',(1.,0.,0.));
#3414=CARTESIAN_POINT('',(0.,0.,0.));
#3415=CARTESIAN_POINT('',(0.,0.,0.));
#3416=CARTESIAN_POINT('Origin',(61.4878036686951,-35.5,51.));
#3417=CARTESIAN_POINT('',(63.0878036686951,-35.5,51.));
#3418=CARTESIAN_POINT('Origin',(61.4878036686951,-35.5,51.));
#3419=CARTESIAN_POINT('',(63.0878036686951,-35.5,58.));
#3420=CARTESIAN_POINT('',(63.0878036686951,-35.5,51.));
#3421=CARTESIAN_POINT('Origin',(61.4878036686951,-35.5,58.));
#3422=CARTESIAN_POINT('Origin',(-1.30424884109193E-14,-71.,51.));
#3423=CARTESIAN_POINT('',(1.59999999999999,-71.,51.));
#3424=CARTESIAN_POINT('Origin',(-1.30424884109193E-14,-71.,51.));
#3425=CARTESIAN_POINT('',(1.59999999999999,-71.,58.));
#3426=CARTESIAN_POINT('',(1.59999999999999,-71.,51.));
#3427=CARTESIAN_POINT('Origin',(-1.30424884109193E-14,-71.,58.));
#3428=CARTESIAN_POINT('Origin',(-61.4878036686952,-35.5,51.));
#3429=CARTESIAN_POINT('',(-59.8878036686951,-35.5,51.));
#3430=CARTESIAN_POINT('Origin',(-61.4878036686952,-35.5,51.));
#3431=CARTESIAN_POINT('',(-59.8878036686951,-35.5,58.));
#3432=CARTESIAN_POINT('',(-59.8878036686951,-35.5,51.));
#3433=CARTESIAN_POINT('Origin',(-61.4878036686952,-35.5,58.));
#3434=CARTESIAN_POINT('Origin',(-61.4878036686952,35.5,51.));
#3435=CARTESIAN_POINT('',(-59.8878036686951,35.5,51.));
#3436=CARTESIAN_POINT('Origin',(-61.4878036686952,35.5,51.));
#3437=CARTESIAN_POINT('',(-59.8878036686951,35.5,58.));
#3438=CARTESIAN_POINT('',(-59.8878036686951,35.5,51.));
#3439=CARTESIAN_POINT('Origin',(-61.4878036686952,35.5,58.));
#3440=CARTESIAN_POINT('Origin',(4.3474961369731E-15,71.,51.));
#3441=CARTESIAN_POINT('',(1.6,71.,51.));
#3442=CARTESIAN_POINT('Origin',(4.3474961369731E-15,71.,51.));
#3443=CARTESIAN_POINT('',(1.6,71.,58.));
#3444=CARTESIAN_POINT('',(1.6,71.,51.));
#3445=CARTESIAN_POINT('Origin',(4.3474961369731E-15,71.,58.));
#3446=CARTESIAN_POINT('Origin',(61.4878036686952,35.5,51.));
#3447=CARTESIAN_POINT('',(63.0878036686951,35.5,51.));
#3448=CARTESIAN_POINT('Origin',(61.4878036686952,35.5,51.));
#3449=CARTESIAN_POINT('',(63.0878036686951,35.5,58.));
#3450=CARTESIAN_POINT('',(63.0878036686951,35.5,51.));
#3451=CARTESIAN_POINT('Origin',(61.4878036686952,35.5,58.));
#3452=CARTESIAN_POINT('Origin',(0.,0.,51.));
#3453=CARTESIAN_POINT('',(68.,8.327598234202E-15,51.));
#3454=CARTESIAN_POINT('Origin',(0.,0.,51.));
#3455=CARTESIAN_POINT('',(68.,8.327598234202E-15,58.));
#3456=CARTESIAN_POINT('',(68.,8.327598234202E-15,51.));
#3457=CARTESIAN_POINT('Origin',(0.,0.,58.));
#3458=CARTESIAN_POINT('Origin',(0.,0.,51.));
#3459=CARTESIAN_POINT('',(75.,9.18485099360515E-15,58.));
#3460=CARTESIAN_POINT('Origin',(0.,0.,58.));
#3461=CARTESIAN_POINT('',(75.,9.18485099360515E-15,51.));
#3462=CARTESIAN_POINT('',(75.,9.18485099360515E-15,51.));
#3463=CARTESIAN_POINT('Origin',(0.,0.,51.));
#3464=CARTESIAN_POINT('Origin',(-7.08133967844577E-15,-1.57898385724467E-15,
51.));
#3465=CARTESIAN_POINT('Origin',(-7.08133967844577E-15,-1.57898385724467E-15,
58.));
#3466=CARTESIAN_POINT('',(0.,0.,0.));
#3467=CARTESIAN_POINT('Origin',(-1.5,7.,36.5));
#3468=CARTESIAN_POINT('',(-1.5,4.76969600708473,36.5));
#3469=CARTESIAN_POINT('',(-1.5,4.76969600708473,49.5));
#3470=CARTESIAN_POINT('',(-1.5,4.76969600708473,36.5));
#3471=CARTESIAN_POINT('',(-1.5,7.,36.5));
#3472=CARTESIAN_POINT('',(-1.5,3.5,36.5));
#3473=CARTESIAN_POINT('',(-1.5,7.,49.5));
#3474=CARTESIAN_POINT('',(-1.5,7.,36.5));
#3475=CARTESIAN_POINT('',(-1.5,3.5,49.5));
#3476=CARTESIAN_POINT('Origin',(1.5,7.,36.5));
#3477=CARTESIAN_POINT('',(1.5,7.,36.5));
#3478=CARTESIAN_POINT('',(0.75,7.,36.5));
#3479=CARTESIAN_POINT('',(1.5,7.,49.5));
#3480=CARTESIAN_POINT('',(1.5,7.,36.5));
#3481=CARTESIAN_POINT('',(0.75,7.,49.5));
#3482=CARTESIAN_POINT('Origin',(1.5,4.,36.5));
#3483=CARTESIAN_POINT('',(1.5,4.76969600708473,49.5));
#3484=CARTESIAN_POINT('',(1.5,4.76969600708473,36.5));
#3485=CARTESIAN_POINT('',(1.5,4.76969600708473,36.5));
#3486=CARTESIAN_POINT('',(1.5,2.,49.5));
#3487=CARTESIAN_POINT('',(1.5,2.,36.5));
#3488=CARTESIAN_POINT('Origin',(-7.39255249150933E-16,0.,49.5));
#3489=CARTESIAN_POINT('',(18.,2.20436423846524E-15,49.5));
#3490=CARTESIAN_POINT('Origin',(0.,0.,49.5));
#3491=CARTESIAN_POINT('Origin',(0.,0.,49.5));
#3492=CARTESIAN_POINT('',(15.25,1.53080849893419E-16,49.5));
#3493=CARTESIAN_POINT('Origin',(14.,0.,49.5));
#3494=CARTESIAN_POINT('',(1.25,14.,49.5));
#3495=CARTESIAN_POINT('Origin',(8.57252759403147E-16,14.,49.5));
#3496=CARTESIAN_POINT('',(-12.75,1.86758636869971E-15,49.5));
#3497=CARTESIAN_POINT('Origin',(-14.,1.71450551880629E-15,49.5));
#3498=CARTESIAN_POINT('',(1.25,-14.,49.5));
#3499=CARTESIAN_POINT('Origin',(-2.57175827820944E-15,-14.,49.5));
#3500=CARTESIAN_POINT('Origin',(-2.57175827820944E-15,-14.,46.5));
#3501=CARTESIAN_POINT('',(1.25,-14.,46.5));
#3502=CARTESIAN_POINT('Origin',(-2.57175827820944E-15,-14.,46.5));
#3503=CARTESIAN_POINT('',(1.25,-14.,46.5));
#3504=CARTESIAN_POINT('Origin',(-14.,1.71450551880629E-15,46.5));
#3505=CARTESIAN_POINT('',(-12.75,1.86758636869971E-15,46.5));
#3506=CARTESIAN_POINT('Origin',(-14.,1.71450551880629E-15,46.5));
#3507=CARTESIAN_POINT('',(-12.75,1.86758636869971E-15,46.5));
#3508=CARTESIAN_POINT('Origin',(8.57252759403147E-16,14.,46.5));
#3509=CARTESIAN_POINT('',(1.25,14.,46.5));
#3510=CARTESIAN_POINT('Origin',(8.57252759403147E-16,14.,46.5));
#3511=CARTESIAN_POINT('',(1.25,14.,46.5));
#3512=CARTESIAN_POINT('Origin',(14.,0.,46.5));
#3513=CARTESIAN_POINT('',(15.25,1.53080849893419E-16,46.5));
#3514=CARTESIAN_POINT('Origin',(14.,0.,46.5));
#3515=CARTESIAN_POINT('',(15.25,1.53080849893419E-16,46.5));
#3516=CARTESIAN_POINT('Origin',(-2.93915231795365E-15,-16.,39.));
#3517=CARTESIAN_POINT('',(1.25,-16.,39.));
#3518=CARTESIAN_POINT('Origin',(-2.93915231795365E-15,-16.,39.));
#3519=CARTESIAN_POINT('',(1.25,-16.,42.));
#3520=CARTESIAN_POINT('',(1.25,-16.,39.));
#3521=CARTESIAN_POINT('Origin',(-2.93915231795365E-15,-16.,42.));
#3522=CARTESIAN_POINT('Origin',(-16.,1.95943487863577E-15,39.));
#3523=CARTESIAN_POINT('',(-14.75,2.11251572852918E-15,39.));
#3524=CARTESIAN_POINT('Origin',(-16.,1.95943487863577E-15,39.));
#3525=CARTESIAN_POINT('',(-14.75,2.11251572852918E-15,42.));
#3526=CARTESIAN_POINT('',(-14.75,2.11251572852918E-15,39.));
#3527=CARTESIAN_POINT('Origin',(-16.,1.95943487863577E-15,42.));
#3528=CARTESIAN_POINT('Origin',(9.79717439317883E-16,16.,39.));
#3529=CARTESIAN_POINT('',(1.25,16.,39.));
#3530=CARTESIAN_POINT('Origin',(9.79717439317883E-16,16.,39.));
#3531=CARTESIAN_POINT('',(1.25,16.,42.));
#3532=CARTESIAN_POINT('',(1.25,16.,39.));
#3533=CARTESIAN_POINT('Origin',(9.79717439317883E-16,16.,42.));
#3534=CARTESIAN_POINT('Origin',(16.,0.,39.));
#3535=CARTESIAN_POINT('',(17.25,1.53080849893419E-16,39.));
#3536=CARTESIAN_POINT('Origin',(16.,0.,39.));
#3537=CARTESIAN_POINT('',(17.25,1.53080849893419E-16,42.));
#3538=CARTESIAN_POINT('',(17.25,1.53080849893419E-16,39.));
#3539=CARTESIAN_POINT('Origin',(16.,0.,42.));
#3540=CARTESIAN_POINT('Origin',(-1.00608444552037E-15,0.,46.5));
#3541=CARTESIAN_POINT('',(18.,2.20436423846524E-15,46.5));
#3542=CARTESIAN_POINT('Origin',(0.,0.,46.5));
#3543=CARTESIAN_POINT('',(12.,-1.46957615897682E-15,46.5));
#3544=CARTESIAN_POINT('Origin',(0.,0.,46.5));
#3545=CARTESIAN_POINT('Origin',(0.,0.,46.5));
#3546=CARTESIAN_POINT('',(18.,2.20436423846524E-15,46.5));
#3547=CARTESIAN_POINT('Origin',(-1.00608444552037E-15,0.,39.));
#3548=CARTESIAN_POINT('',(18.,2.20436423846524E-15,39.));
#3549=CARTESIAN_POINT('Origin',(0.,0.,39.));
#3550=CARTESIAN_POINT('',(12.,-1.46957615897682E-15,39.));
#3551=CARTESIAN_POINT('Origin',(0.,0.,39.));
#3552=CARTESIAN_POINT('Origin',(-1.00608444552037E-15,0.,42.));
#3553=CARTESIAN_POINT('',(18.,2.20436423846524E-15,42.));
#3554=CARTESIAN_POINT('Origin',(0.,0.,42.));
#3555=CARTESIAN_POINT('',(12.,1.46957615897682E-15,42.));
#3556=CARTESIAN_POINT('Origin',(0.,0.,42.));
#3557=CARTESIAN_POINT('Origin',(0.,0.,39.));
#3558=CARTESIAN_POINT('',(18.,2.20436423846524E-15,39.));
#3559=CARTESIAN_POINT('Origin',(0.,0.,36.5));
#3560=CARTESIAN_POINT('',(12.,1.46957615897682E-15,36.5));
#3561=CARTESIAN_POINT('Origin',(0.,0.,36.5));
#3562=CARTESIAN_POINT('Origin',(0.,0.,36.5));
#3563=CARTESIAN_POINT('Origin',(0.,0.,36.5));
#3564=CARTESIAN_POINT('',(12.,1.46957615897682E-15,36.5));
#3565=CARTESIAN_POINT('',(12.,1.46957615897682E-15,36.5));
#3566=CARTESIAN_POINT('Origin',(0.,0.,36.5));
#3567=CARTESIAN_POINT('Origin',(-7.39255249150933E-16,0.,36.5));
#3568=CARTESIAN_POINT('',(0.,0.,0.));
#3569=CARTESIAN_POINT('Origin',(-2.57175827820944E-15,-14.,49.5));
#3570=CARTESIAN_POINT('',(1.6,-14.,49.5));
#3571=CARTESIAN_POINT('Origin',(-2.57175827820944E-15,-14.,49.5));
#3572=CARTESIAN_POINT('',(1.6,-14.,51.));
#3573=CARTESIAN_POINT('',(1.6,-14.,49.5));
#3574=CARTESIAN_POINT('Origin',(-2.57175827820944E-15,-14.,51.));
#3575=CARTESIAN_POINT('Origin',(-14.,1.71450551880629E-15,49.5));
#3576=CARTESIAN_POINT('',(-12.4,1.91044900666987E-15,49.5));
#3577=CARTESIAN_POINT('Origin',(-14.,1.71450551880629E-15,49.5));
#3578=CARTESIAN_POINT('',(-12.4,1.91044900666987E-15,51.));
#3579=CARTESIAN_POINT('',(-12.4,1.91044900666987E-15,49.5));
#3580=CARTESIAN_POINT('Origin',(-14.,1.71450551880629E-15,51.));
#3581=CARTESIAN_POINT('Origin',(8.57252759403147E-16,14.,49.5));
#3582=CARTESIAN_POINT('',(1.6,14.,49.5));
#3583=CARTESIAN_POINT('Origin',(8.57252759403147E-16,14.,49.5));
#3584=CARTESIAN_POINT('',(1.6,14.,51.));
#3585=CARTESIAN_POINT('',(1.6,14.,49.5));
#3586=CARTESIAN_POINT('Origin',(8.57252759403147E-16,14.,51.));
#3587=CARTESIAN_POINT('Origin',(14.,0.,49.5));
#3588=CARTESIAN_POINT('',(15.6,1.95943487863576E-16,49.5));
#3589=CARTESIAN_POINT('Origin',(14.,0.,49.5));
#3590=CARTESIAN_POINT('',(15.6,1.95943487863576E-16,51.));
#3591=CARTESIAN_POINT('',(15.6,1.95943487863576E-16,49.5));
#3592=CARTESIAN_POINT('Origin',(14.,0.,51.));
#3593=CARTESIAN_POINT('Origin',(61.4878036686951,-35.5,49.5));
#3594=CARTESIAN_POINT('',(63.0878036686951,-35.5,49.5));
#3595=CARTESIAN_POINT('Origin',(61.4878036686951,-35.5,49.5));
#3596=CARTESIAN_POINT('',(63.0878036686951,-35.5,51.));
#3597=CARTESIAN_POINT('',(63.0878036686951,-35.5,49.5));
#3598=CARTESIAN_POINT('Origin',(61.4878036686951,-35.5,51.));
#3599=CARTESIAN_POINT('Origin',(-1.30424884109193E-14,-71.,49.5));
#3600=CARTESIAN_POINT('',(1.59999999999999,-71.,49.5));
#3601=CARTESIAN_POINT('Origin',(-1.30424884109193E-14,-71.,49.5));
#3602=CARTESIAN_POINT('',(1.59999999999999,-71.,51.));
#3603=CARTESIAN_POINT('',(1.59999999999999,-71.,49.5));
#3604=CARTESIAN_POINT('Origin',(-1.30424884109193E-14,-71.,51.));
#3605=CARTESIAN_POINT('Origin',(-61.4878036686952,-35.5,49.5));
#3606=CARTESIAN_POINT('',(-59.8878036686951,-35.5,49.5));
#3607=CARTESIAN_POINT('Origin',(-61.4878036686952,-35.5,49.5));
#3608=CARTESIAN_POINT('',(-59.8878036686951,-35.5,51.));
#3609=CARTESIAN_POINT('',(-59.8878036686951,-35.5,49.5));
#3610=CARTESIAN_POINT('Origin',(-61.4878036686952,-35.5,51.));
#3611=CARTESIAN_POINT('Origin',(-61.4878036686952,35.5,49.5));
#3612=CARTESIAN_POINT('',(-59.8878036686951,35.5,49.5));
#3613=CARTESIAN_POINT('Origin',(-61.4878036686952,35.5,49.5));
#3614=CARTESIAN_POINT('',(-59.8878036686951,35.5,51.));
#3615=CARTESIAN_POINT('',(-59.8878036686951,35.5,49.5));
#3616=CARTESIAN_POINT('Origin',(-61.4878036686952,35.5,51.));
#3617=CARTESIAN_POINT('Origin',(4.3474961369731E-15,71.,49.5));
#3618=CARTESIAN_POINT('',(1.6,71.,49.5));
#3619=CARTESIAN_POINT('Origin',(4.3474961369731E-15,71.,49.5));
#3620=CARTESIAN_POINT('',(1.6,71.,51.));
#3621=CARTESIAN_POINT('',(1.6,71.,49.5));
#3622=CARTESIAN_POINT('Origin',(4.3474961369731E-15,71.,51.));
#3623=CARTESIAN_POINT('Origin',(61.4878036686952,35.5,49.5));
#3624=CARTESIAN_POINT('',(63.0878036686951,35.5,49.5));
#3625=CARTESIAN_POINT('Origin',(61.4878036686952,35.5,49.5));
#3626=CARTESIAN_POINT('',(63.0878036686951,35.5,51.));
#3627=CARTESIAN_POINT('',(63.0878036686951,35.5,49.5));
#3628=CARTESIAN_POINT('Origin',(61.4878036686952,35.5,51.));
#3629=CARTESIAN_POINT('Origin',(0.,0.,49.5));
#3630=CARTESIAN_POINT('',(5.,6.12323399573677E-16,49.5));
#3631=CARTESIAN_POINT('Origin',(0.,0.,49.5));
#3632=CARTESIAN_POINT('',(5.,6.12323399573677E-16,51.));
#3633=CARTESIAN_POINT('',(5.,6.12323399573677E-16,49.5));
#3634=CARTESIAN_POINT('Origin',(0.,0.,51.));
#3635=CARTESIAN_POINT('Origin',(0.,0.,49.5));
#3636=CARTESIAN_POINT('',(-3.,17.7482393492988,49.5));
#3637=CARTESIAN_POINT('',(-3.,17.7482393492988,51.));
#3638=CARTESIAN_POINT('',(-3.,17.7482393492988,49.5));
#3639=CARTESIAN_POINT('',(-17.7482393492988,3.,49.5));
#3640=CARTESIAN_POINT('Origin',(0.,0.,49.5));
#3641=CARTESIAN_POINT('',(-17.7482393492988,3.,51.));
#3642=CARTESIAN_POINT('',(-17.7482393492988,3.,49.5));
#3643=CARTESIAN_POINT('Origin',(0.,0.,51.));
#3644=CARTESIAN_POINT('Origin',(0.,0.,49.5));
#3645=CARTESIAN_POINT('',(-3.,-17.7482393492988,51.));
#3646=CARTESIAN_POINT('',(-3.,-17.7482393492988,49.5));
#3647=CARTESIAN_POINT('',(-3.,-17.7482393492988,49.5));
#3648=CARTESIAN_POINT('',(-17.7482393492988,-3.,51.));
#3649=CARTESIAN_POINT('Origin',(0.,0.,51.));
#3650=CARTESIAN_POINT('',(-17.7482393492988,-3.,49.5));
#3651=CARTESIAN_POINT('',(-17.7482393492988,-3.,49.5));
#3652=CARTESIAN_POINT('Origin',(0.,0.,49.5));
#3653=CARTESIAN_POINT('Origin',(0.,0.,49.5));
#3654=CARTESIAN_POINT('',(17.7482393492988,3.,49.5));
#3655=CARTESIAN_POINT('',(17.7482393492988,3.,51.));
#3656=CARTESIAN_POINT('',(17.7482393492988,3.,49.5));
#3657=CARTESIAN_POINT('',(3.,17.7482393492988,49.5));
#3658=CARTESIAN_POINT('Origin',(0.,0.,49.5));
#3659=CARTESIAN_POINT('',(3.,17.7482393492988,51.));
#3660=CARTESIAN_POINT('',(3.,17.7482393492988,49.5));
#3661=CARTESIAN_POINT('Origin',(0.,0.,51.));
#3662=CARTESIAN_POINT('Origin',(0.,0.,49.5));
#3663=CARTESIAN_POINT('',(17.7482393492988,-3.,51.));
#3664=CARTESIAN_POINT('',(17.7482393492988,-3.,49.5));
#3665=CARTESIAN_POINT('',(17.7482393492988,-3.,49.5));
#3666=CARTESIAN_POINT('',(3.,-17.7482393492988,51.));
#3667=CARTESIAN_POINT('Origin',(0.,0.,51.));
#3668=CARTESIAN_POINT('',(3.,-17.7482393492988,49.5));
#3669=CARTESIAN_POINT('',(3.,-17.7482393492988,49.5));
#3670=CARTESIAN_POINT('Origin',(0.,0.,49.5));
#3671=CARTESIAN_POINT('Origin',(-74.,-3.,49.5));
#3672=CARTESIAN_POINT('',(67.9337912971152,-3.,49.5));
#3673=CARTESIAN_POINT('',(-74.,-3.,49.5));
#3674=CARTESIAN_POINT('',(67.9337912971152,-3.,51.));
#3675=CARTESIAN_POINT('',(67.9337912971152,-3.,49.5));
#3676=CARTESIAN_POINT('',(-74.,-3.,51.));
#3677=CARTESIAN_POINT('Origin',(3.,-74.,49.5));
#3678=CARTESIAN_POINT('',(3.,67.9337912971152,49.5));
#3679=CARTESIAN_POINT('',(3.,-74.,49.5));
#3680=CARTESIAN_POINT('',(3.,67.9337912971152,51.));
#3681=CARTESIAN_POINT('',(3.,67.9337912971152,49.5));
#3682=CARTESIAN_POINT('',(3.,-74.,51.));
#3683=CARTESIAN_POINT('Origin',(-3.,74.,49.5));
#3684=CARTESIAN_POINT('',(-3.,-67.9337912971152,49.5));
#3685=CARTESIAN_POINT('',(-3.,74.,49.5));
#3686=CARTESIAN_POINT('',(-3.,-67.9337912971152,51.));
#3687=CARTESIAN_POINT('',(-3.,-67.9337912971152,49.5));
#3688=CARTESIAN_POINT('',(-3.,74.,51.));
#3689=CARTESIAN_POINT('Origin',(74.,3.,49.5));
#3690=CARTESIAN_POINT('',(-67.9337912971152,3.,49.5));
#3691=CARTESIAN_POINT('',(74.,3.,49.5));
#3692=CARTESIAN_POINT('',(-67.9337912971152,3.,51.));
#3693=CARTESIAN_POINT('',(-67.9337912971152,3.,49.5));
#3694=CARTESIAN_POINT('',(74.,3.,51.));
#3695=CARTESIAN_POINT('Origin',(3.,74.,49.5));
#3696=CARTESIAN_POINT('',(3.,74.,51.));
#3697=CARTESIAN_POINT('',(-3.,74.,51.));
#3698=CARTESIAN_POINT('',(3.,74.,51.));
#3699=CARTESIAN_POINT('',(3.,74.,49.5));
#3700=CARTESIAN_POINT('',(3.,74.,49.5));
#3701=CARTESIAN_POINT('',(-3.,74.,49.5));
#3702=CARTESIAN_POINT('',(3.,74.,49.5));
#3703=CARTESIAN_POINT('',(-3.,74.,49.5));
#3704=CARTESIAN_POINT('Origin',(-3.,74.,49.5));
#3705=CARTESIAN_POINT('',(-3.,-73.9391641824548,49.5));
#3706=CARTESIAN_POINT('',(-3.,-73.9391641824548,51.));
#3707=CARTESIAN_POINT('',(-3.,-73.9391641824548,49.5));
#3708=CARTESIAN_POINT('',(-3.,-74.,49.5));
#3709=CARTESIAN_POINT('',(-3.,74.,49.5));
#3710=CARTESIAN_POINT('',(-3.,-74.,51.));
#3711=CARTESIAN_POINT('',(-3.,-74.,49.5));
#3712=CARTESIAN_POINT('',(-3.,74.,51.));
#3713=CARTESIAN_POINT('Origin',(-3.,74.,49.5));
#3714=CARTESIAN_POINT('',(-3.,73.9391641824548,51.));
#3715=CARTESIAN_POINT('',(-3.,73.9391641824548,49.5));
#3716=CARTESIAN_POINT('',(-3.,73.9391641824548,49.5));
#3717=CARTESIAN_POINT('',(-3.,74.,51.));
#3718=CARTESIAN_POINT('',(-3.,74.,49.5));
#3719=CARTESIAN_POINT('Origin',(-3.,74.,49.5));
#3720=CARTESIAN_POINT('',(-3.,67.9337912971152,51.));
#3721=CARTESIAN_POINT('',(-3.,74.,51.));
#3722=CARTESIAN_POINT('',(-3.,67.9337912971152,49.5));
#3723=CARTESIAN_POINT('',(-3.,67.9337912971152,49.5));
#3724=CARTESIAN_POINT('',(-3.,74.,49.5));
#3725=CARTESIAN_POINT('Origin',(3.,-74.,49.5));
#3726=CARTESIAN_POINT('',(3.,-73.9391641824548,51.));
#3727=CARTESIAN_POINT('',(3.,-73.9391641824548,49.5));
#3728=CARTESIAN_POINT('',(3.,-73.9391641824548,49.5));
#3729=CARTESIAN_POINT('',(3.,-74.,51.));
#3730=CARTESIAN_POINT('',(3.,-74.,51.));
#3731=CARTESIAN_POINT('',(3.,-74.,49.5));
#3732=CARTESIAN_POINT('',(3.,-74.,49.5));
#3733=CARTESIAN_POINT('',(3.,-74.,49.5));
#3734=CARTESIAN_POINT('Origin',(3.,-74.,49.5));
#3735=CARTESIAN_POINT('',(3.,-67.9337912971152,51.));
#3736=CARTESIAN_POINT('',(3.,-74.,51.));
#3737=CARTESIAN_POINT('',(3.,-67.9337912971152,49.5));
#3738=CARTESIAN_POINT('',(3.,-67.9337912971152,49.5));
#3739=CARTESIAN_POINT('',(3.,-74.,49.5));
#3740=CARTESIAN_POINT('Origin',(3.,-74.,49.5));
#3741=CARTESIAN_POINT('',(3.,73.9391641824548,49.5));
#3742=CARTESIAN_POINT('',(3.,73.9391641824548,51.));
#3743=CARTESIAN_POINT('',(3.,73.9391641824548,49.5));
#3744=CARTESIAN_POINT('',(3.,-74.,49.5));
#3745=CARTESIAN_POINT('',(3.,-74.,51.));
#3746=CARTESIAN_POINT('Origin',(-3.,-74.,49.5));
#3747=CARTESIAN_POINT('',(-3.,-74.,51.));
#3748=CARTESIAN_POINT('',(-3.,-74.,49.5));
#3749=CARTESIAN_POINT('Origin',(74.,3.,49.5));
#3750=CARTESIAN_POINT('',(67.9337912971152,3.,51.));
#3751=CARTESIAN_POINT('',(74.,3.,51.));
#3752=CARTESIAN_POINT('',(67.9337912971152,3.,49.5));
#3753=CARTESIAN_POINT('',(67.9337912971152,3.,49.5));
#3754=CARTESIAN_POINT('',(74.,3.,49.5));
#3755=CARTESIAN_POINT('Origin',(0.,0.,49.5));
#3756=CARTESIAN_POINT('Origin',(0.,0.,49.5));
#3757=CARTESIAN_POINT('Origin',(0.,0.,51.));
#3758=CARTESIAN_POINT('Origin',(0.,0.,49.5));
#3759=CARTESIAN_POINT('Origin',(0.,0.,51.));
#3760=CARTESIAN_POINT('Origin',(0.,0.,49.5));
#3761=CARTESIAN_POINT('Origin',(0.,0.,49.5));
#3762=CARTESIAN_POINT('',(73.9391641824548,3.,51.));
#3763=CARTESIAN_POINT('Origin',(0.,0.,51.));
#3764=CARTESIAN_POINT('',(73.9391641824548,3.,49.5));
#3765=CARTESIAN_POINT('',(73.9391641824548,3.,49.5));
#3766=CARTESIAN_POINT('Origin',(0.,0.,49.5));
#3767=CARTESIAN_POINT('Origin',(-7.15648476722285E-15,1.60032147693716E-15,
49.5));
#3768=CARTESIAN_POINT('',(74.,3.,49.5));
#3769=CARTESIAN_POINT('',(74.,3.,49.5));
#3770=CARTESIAN_POINT('',(74.,-3.,49.5));
#3771=CARTESIAN_POINT('',(74.,-3.,49.5));
#3772=CARTESIAN_POINT('',(73.9391641824548,-3.,49.5));
#3773=CARTESIAN_POINT('',(-74.,-3.,49.5));
#3774=CARTESIAN_POINT('Origin',(0.,0.,49.5));
#3775=CARTESIAN_POINT('',(-73.9391641824548,-3.,49.5));
#3776=CARTESIAN_POINT('Origin',(0.,0.,49.5));
#3777=CARTESIAN_POINT('',(-74.,-3.,49.5));
#3778=CARTESIAN_POINT('',(-74.,-3.,49.5));
#3779=CARTESIAN_POINT('',(-74.,3.,49.5));
#3780=CARTESIAN_POINT('',(-74.,3.,49.5));
#3781=CARTESIAN_POINT('',(-73.9391641824548,3.,49.5));
#3782=CARTESIAN_POINT('',(74.,3.,49.5));
#3783=CARTESIAN_POINT('Origin',(0.,0.,49.5));
#3784=CARTESIAN_POINT('Origin',(0.,0.,49.5));
#3785=CARTESIAN_POINT('',(-67.9337912971152,-3.,49.5));
#3786=CARTESIAN_POINT('',(-74.,-3.,49.5));
#3787=CARTESIAN_POINT('Origin',(0.,0.,49.5));
#3788=CARTESIAN_POINT('Origin',(0.,0.,49.5));
#3789=CARTESIAN_POINT('Origin',(0.,0.,51.));
#3790=CARTESIAN_POINT('Origin',(0.,0.,49.5));
#3791=CARTESIAN_POINT('',(73.9391641824548,-3.,51.));
#3792=CARTESIAN_POINT('',(73.9391641824548,-3.,49.5));
#3793=CARTESIAN_POINT('Origin',(0.,0.,51.));
#3794=CARTESIAN_POINT('Origin',(0.,0.,49.5));
#3795=CARTESIAN_POINT('',(-73.9391641824548,-3.,51.));
#3796=CARTESIAN_POINT('Origin',(0.,0.,51.));
#3797=CARTESIAN_POINT('',(-73.9391641824548,-3.,49.5));
#3798=CARTESIAN_POINT('Origin',(74.,-3.,49.5));
#3799=CARTESIAN_POINT('',(74.,-3.,51.));
#3800=CARTESIAN_POINT('',(74.,3.,51.));
#3801=CARTESIAN_POINT('',(74.,-3.,51.));
#3802=CARTESIAN_POINT('',(74.,-3.,49.5));
#3803=CARTESIAN_POINT('',(74.,3.,49.5));
#3804=CARTESIAN_POINT('Origin',(74.,3.,49.5));
#3805=CARTESIAN_POINT('',(-73.9391641824548,3.,51.));
#3806=CARTESIAN_POINT('',(-73.9391641824548,3.,49.5));
#3807=CARTESIAN_POINT('',(-74.,3.,51.));
#3808=CARTESIAN_POINT('',(-74.,3.,49.5));
#3809=CARTESIAN_POINT('',(74.,3.,51.));
#3810=CARTESIAN_POINT('Origin',(74.,3.,49.5));
#3811=CARTESIAN_POINT('',(74.,3.,51.));
#3812=CARTESIAN_POINT('Origin',(-74.,-3.,49.5));
#3813=CARTESIAN_POINT('',(-74.,-3.,51.));
#3814=CARTESIAN_POINT('',(-74.,-3.,51.));
#3815=CARTESIAN_POINT('',(-74.,-3.,49.5));
#3816=CARTESIAN_POINT('Origin',(-74.,-3.,49.5));
#3817=CARTESIAN_POINT('',(-74.,-3.,51.));
#3818=CARTESIAN_POINT('Origin',(-74.,3.,49.5));
#3819=CARTESIAN_POINT('',(-74.,3.,51.));
#3820=CARTESIAN_POINT('Origin',(-74.,-3.,49.5));
#3821=CARTESIAN_POINT('',(-67.9337912971152,-3.,51.));
#3822=CARTESIAN_POINT('',(-74.,-3.,51.));
#3823=CARTESIAN_POINT('',(-67.9337912971152,-3.,49.5));
#3824=CARTESIAN_POINT('Origin',(0.,0.,49.5));
#3825=CARTESIAN_POINT('Origin',(0.,0.,51.));
#3826=CARTESIAN_POINT('Origin',(-7.15648476722285E-15,1.60032147693716E-15,
51.));
#3827=CARTESIAN_POINT('Origin',(0.,0.,51.));
#3828=CARTESIAN_POINT('Origin',(0.,0.,49.5));
#3829=CARTESIAN_POINT('',(0.,0.,0.));
#3830=CARTESIAN_POINT('Origin',(-2.93915231795365E-15,-16.,37.5));
#3831=CARTESIAN_POINT('',(1.20835567508081,-14.95125,37.5));
#3832=CARTESIAN_POINT('',(1.2083556750808,-14.95125,39.));
#3833=CARTESIAN_POINT('',(1.20835567508081,-14.95125,37.5));
#3834=CARTESIAN_POINT('',(-1.20835567508081,-14.95125,37.5));
#3835=CARTESIAN_POINT('Origin',(-2.93915231795365E-15,-16.,37.5));
#3836=CARTESIAN_POINT('',(-1.2083556750808,-14.95125,39.));
#3837=CARTESIAN_POINT('',(-1.20835567508081,-14.95125,37.5));
#3838=CARTESIAN_POINT('Origin',(-2.93915231795365E-15,-16.,39.));
#3839=CARTESIAN_POINT('Origin',(0.,0.,37.5));
#3840=CARTESIAN_POINT('',(-14.95125,-1.20835567508081,37.5));
#3841=CARTESIAN_POINT('Origin',(0.,0.,37.5));
#3842=CARTESIAN_POINT('',(-14.95125,-1.20835567508081,39.));
#3843=CARTESIAN_POINT('',(-14.95125,-1.20835567508081,37.5));
#3844=CARTESIAN_POINT('Origin',(0.,0.,39.));
#3845=CARTESIAN_POINT('Origin',(0.,0.,37.5));
#3846=CARTESIAN_POINT('',(14.95125,-1.20835567508081,39.));
#3847=CARTESIAN_POINT('Origin',(0.,0.,39.));
#3848=CARTESIAN_POINT('',(14.95125,-1.20835567508081,37.5));
#3849=CARTESIAN_POINT('',(14.95125,-1.20835567508081,37.5));
#3850=CARTESIAN_POINT('Origin',(0.,0.,37.5));
#3851=CARTESIAN_POINT('Origin',(-4.86761606027648E-15,0.,39.));
#3852=CARTESIAN_POINT('',(-3.5,54.888523390596,39.));
#3853=CARTESIAN_POINT('',(-54.888523390596,3.5,39.));
#3854=CARTESIAN_POINT('Origin',(0.,0.,39.));
#3855=CARTESIAN_POINT('',(-55.,3.5,39.));
#3856=CARTESIAN_POINT('',(55.,3.5,39.));
#3857=CARTESIAN_POINT('',(-55.,-3.5,39.));
#3858=CARTESIAN_POINT('',(-55.,3.5,39.));
#3859=CARTESIAN_POINT('',(-54.888523390596,-3.5,39.));
#3860=CARTESIAN_POINT('',(-55.,-3.5,39.));
#3861=CARTESIAN_POINT('',(-3.5,-54.888523390596,39.));
#3862=CARTESIAN_POINT('Origin',(0.,0.,39.));
#3863=CARTESIAN_POINT('',(-3.5,-55.,39.));
#3864=CARTESIAN_POINT('',(-3.5,55.,39.));
#3865=CARTESIAN_POINT('',(3.5,-55.,39.));
#3866=CARTESIAN_POINT('',(-3.5,-55.,39.));
#3867=CARTESIAN_POINT('',(3.5,-54.888523390596,39.));
#3868=CARTESIAN_POINT('',(3.5,-55.,39.));
#3869=CARTESIAN_POINT('',(54.888523390596,-3.5,39.));
#3870=CARTESIAN_POINT('Origin',(0.,0.,39.));
#3871=CARTESIAN_POINT('',(55.,-3.5,39.));
#3872=CARTESIAN_POINT('',(-55.,-3.5,39.));
#3873=CARTESIAN_POINT('',(55.,3.5,39.));
#3874=CARTESIAN_POINT('',(55.,-3.5,39.));
#3875=CARTESIAN_POINT('',(54.888523390596,3.5,39.));
#3876=CARTESIAN_POINT('',(55.,3.5,39.));
#3877=CARTESIAN_POINT('',(3.5,54.888523390596,39.));
#3878=CARTESIAN_POINT('Origin',(0.,0.,39.));
#3879=CARTESIAN_POINT('',(3.5,55.,39.));
#3880=CARTESIAN_POINT('',(3.5,-55.,39.));
#3881=CARTESIAN_POINT('',(-3.5,55.,39.));
#3882=CARTESIAN_POINT('',(3.5,55.,39.));
#3883=CARTESIAN_POINT('',(-3.5,55.,39.));
#3884=CARTESIAN_POINT('',(-14.95125,1.20835567508081,39.));
#3885=CARTESIAN_POINT('Origin',(-16.,1.95943487863577E-15,39.));
#3886=CARTESIAN_POINT('',(-1.20835567508081,14.95125,39.));
#3887=CARTESIAN_POINT('Origin',(0.,0.,39.));
#3888=CARTESIAN_POINT('',(1.20835567508081,14.95125,39.));
#3889=CARTESIAN_POINT('Origin',(9.79717439317883E-16,16.,39.));
#3890=CARTESIAN_POINT('',(14.95125,1.20835567508081,39.));
#3891=CARTESIAN_POINT('Origin',(0.,0.,39.));
#3892=CARTESIAN_POINT('Origin',(16.,0.,39.));
#3893=CARTESIAN_POINT('',(19.6913686675152,-3.5,39.));
#3894=CARTESIAN_POINT('',(44.8636824168503,-3.5,39.));
#3895=CARTESIAN_POINT('',(-55.,-3.5,39.));
#3896=CARTESIAN_POINT('',(3.5,-44.8636824168503,39.));
#3897=CARTESIAN_POINT('Origin',(0.,0.,39.));
#3898=CARTESIAN_POINT('',(3.5,-19.6913686675152,39.));
#3899=CARTESIAN_POINT('',(3.5,-55.,39.));
#3900=CARTESIAN_POINT('Origin',(0.,0.,39.));
#3901=CARTESIAN_POINT('',(-3.5,-19.6913686675152,39.));
#3902=CARTESIAN_POINT('',(-3.5,-44.8636824168503,39.));
#3903=CARTESIAN_POINT('',(-3.5,55.,39.));
#3904=CARTESIAN_POINT('',(-44.8636824168503,-3.5,39.));
#3905=CARTESIAN_POINT('Origin',(0.,0.,39.));
#3906=CARTESIAN_POINT('',(-19.6913686675152,-3.5,39.));
#3907=CARTESIAN_POINT('',(-55.,-3.5,39.));
#3908=CARTESIAN_POINT('Origin',(0.,0.,39.));
#3909=CARTESIAN_POINT('',(19.6913686675152,3.5,39.));
#3910=CARTESIAN_POINT('',(3.5,19.6913686675152,39.));
#3911=CARTESIAN_POINT('Origin',(0.,0.,39.));
#3912=CARTESIAN_POINT('',(3.5,44.8636824168503,39.));
#3913=CARTESIAN_POINT('',(3.5,-55.,39.));
#3914=CARTESIAN_POINT('',(44.8636824168503,3.5,39.));
#3915=CARTESIAN_POINT('Origin',(0.,0.,39.));
#3916=CARTESIAN_POINT('',(55.,3.5,39.));
#3917=CARTESIAN_POINT('',(-3.5,19.6913686675152,39.));
#3918=CARTESIAN_POINT('',(-19.6913686675152,3.5,39.));
#3919=CARTESIAN_POINT('Origin',(0.,0.,39.));
#3920=CARTESIAN_POINT('',(-44.8636824168503,3.5,39.));
#3921=CARTESIAN_POINT('',(55.,3.5,39.));
#3922=CARTESIAN_POINT('',(-3.5,44.8636824168503,39.));
#3923=CARTESIAN_POINT('Origin',(0.,0.,39.));
#3924=CARTESIAN_POINT('',(-3.5,55.,39.));
#3925=CARTESIAN_POINT('Origin',(-16.,1.95943487863577E-15,37.5));
#3926=CARTESIAN_POINT('',(-14.95125,1.20835567508081,37.5));
#3927=CARTESIAN_POINT('Origin',(-16.,1.95943487863577E-15,37.5));
#3928=CARTESIAN_POINT('',(-14.95125,1.20835567508081,37.5));
#3929=CARTESIAN_POINT('Origin',(0.,0.,37.5));
#3930=CARTESIAN_POINT('',(-1.2083556750808,14.95125,37.5));
#3931=CARTESIAN_POINT('Origin',(0.,0.,37.5));
#3932=CARTESIAN_POINT('',(-1.20835567508081,14.95125,37.5));
#3933=CARTESIAN_POINT('Origin',(9.79717439317883E-16,16.,37.5));
#3934=CARTESIAN_POINT('',(1.2083556750808,14.95125,37.5));
#3935=CARTESIAN_POINT('',(1.20835567508081,14.95125,37.5));
#3936=CARTESIAN_POINT('Origin',(9.79717439317883E-16,16.,37.5));
#3937=CARTESIAN_POINT('Origin',(0.,0.,37.5));
#3938=CARTESIAN_POINT('',(14.95125,1.20835567508081,37.5));
#3939=CARTESIAN_POINT('Origin',(0.,0.,37.5));
#3940=CARTESIAN_POINT('',(14.95125,1.20835567508081,37.5));
#3941=CARTESIAN_POINT('Origin',(-4.86761606027648E-15,0.,37.5));
#3942=CARTESIAN_POINT('',(3.5,55.,37.5));
#3943=CARTESIAN_POINT('',(-3.5,55.,37.5));
#3944=CARTESIAN_POINT('',(3.5,55.,37.5));
#3945=CARTESIAN_POINT('',(3.5,54.888523390596,37.5));
#3946=CARTESIAN_POINT('',(3.5,-55.,37.5));
#3947=CARTESIAN_POINT('',(54.888523390596,3.5,37.5));
#3948=CARTESIAN_POINT('Origin',(0.,0.,37.5));
#3949=CARTESIAN_POINT('',(55.,3.5,37.5));
#3950=CARTESIAN_POINT('',(55.,3.5,37.5));
#3951=CARTESIAN_POINT('',(55.,-3.5,37.5));
#3952=CARTESIAN_POINT('',(55.,-3.5,37.5));
#3953=CARTESIAN_POINT('',(54.888523390596,-3.5,37.5));
#3954=CARTESIAN_POINT('',(-55.,-3.5,37.5));
#3955=CARTESIAN_POINT('',(3.5,-54.888523390596,37.5));
#3956=CARTESIAN_POINT('Origin',(0.,0.,37.5));
#3957=CARTESIAN_POINT('',(3.5,-55.,37.5));
#3958=CARTESIAN_POINT('',(3.5,-55.,37.5));
#3959=CARTESIAN_POINT('',(-3.5,-55.,37.5));
#3960=CARTESIAN_POINT('',(-3.5,-55.,37.5));
#3961=CARTESIAN_POINT('',(-3.5,-54.888523390596,37.5));
#3962=CARTESIAN_POINT('',(-3.5,55.,37.5));
#3963=CARTESIAN_POINT('',(-54.888523390596,-3.5,37.5));
#3964=CARTESIAN_POINT('Origin',(0.,0.,37.5));
#3965=CARTESIAN_POINT('',(-55.,-3.5,37.5));
#3966=CARTESIAN_POINT('',(-55.,-3.5,37.5));
#3967=CARTESIAN_POINT('',(-55.,3.5,37.5));
#3968=CARTESIAN_POINT('',(-55.,3.5,37.5));
#3969=CARTESIAN_POINT('',(-54.888523390596,3.5,37.5));
#3970=CARTESIAN_POINT('',(55.,3.5,37.5));
#3971=CARTESIAN_POINT('',(-3.5,54.888523390596,37.5));
#3972=CARTESIAN_POINT('Origin',(0.,0.,37.5));
#3973=CARTESIAN_POINT('',(-3.5,55.,37.5));
#3974=CARTESIAN_POINT('Origin',(16.,0.,37.5));
#3975=CARTESIAN_POINT('',(44.8636824168503,3.5,37.5));
#3976=CARTESIAN_POINT('',(19.6913686675152,3.5,37.5));
#3977=CARTESIAN_POINT('',(55.,3.5,37.5));
#3978=CARTESIAN_POINT('',(3.5,44.8636824168503,37.5));
#3979=CARTESIAN_POINT('Origin',(0.,0.,37.5));
#3980=CARTESIAN_POINT('',(3.5,19.6913686675152,37.5));
#3981=CARTESIAN_POINT('',(3.5,-55.,37.5));
#3982=CARTESIAN_POINT('Origin',(0.,0.,37.5));
#3983=CARTESIAN_POINT('',(-3.5,44.8636824168503,37.5));
#3984=CARTESIAN_POINT('',(-3.5,19.6913686675152,37.5));
#3985=CARTESIAN_POINT('',(-3.5,55.,37.5));
#3986=CARTESIAN_POINT('',(-44.8636824168503,3.5,37.5));
#3987=CARTESIAN_POINT('Origin',(0.,0.,37.5));
#3988=CARTESIAN_POINT('',(-19.6913686675152,3.5,37.5));
#3989=CARTESIAN_POINT('',(55.,3.5,37.5));
#3990=CARTESIAN_POINT('Origin',(0.,0.,37.5));
#3991=CARTESIAN_POINT('',(19.6913686675152,-3.5,37.5));
#3992=CARTESIAN_POINT('',(3.5,-19.6913686675152,37.5));
#3993=CARTESIAN_POINT('Origin',(0.,0.,37.5));
#3994=CARTESIAN_POINT('',(3.5,-44.8636824168503,37.5));
#3995=CARTESIAN_POINT('',(3.5,-55.,37.5));
#3996=CARTESIAN_POINT('',(44.8636824168503,-3.5,37.5));
#3997=CARTESIAN_POINT('Origin',(0.,0.,37.5));
#3998=CARTESIAN_POINT('',(-55.,-3.5,37.5));
#3999=CARTESIAN_POINT('',(-3.5,-19.6913686675152,37.5));
#4000=CARTESIAN_POINT('',(-19.6913686675152,-3.5,37.5));
#4001=CARTESIAN_POINT('Origin',(0.,0.,37.5));
#4002=CARTESIAN_POINT('',(-44.8636824168503,-3.5,37.5));
#4003=CARTESIAN_POINT('',(-55.,-3.5,37.5));
#4004=CARTESIAN_POINT('',(-3.5,-44.8636824168503,37.5));
#4005=CARTESIAN_POINT('Origin',(0.,0.,37.5));
#4006=CARTESIAN_POINT('',(-3.5,55.,37.5));
#4007=CARTESIAN_POINT('Origin',(16.,0.,37.5));
#4008=CARTESIAN_POINT('Origin',(0.,0.,37.5));
#4009=CARTESIAN_POINT('',(-3.5,19.6913686675152,37.5));
#4010=CARTESIAN_POINT('',(-19.6913686675152,3.5,37.5));
#4011=CARTESIAN_POINT('Origin',(0.,0.,37.5));
#4012=CARTESIAN_POINT('',(-3.5,-19.6913686675152,37.5));
#4013=CARTESIAN_POINT('',(-19.6913686675152,-3.5,37.5));
#4014=CARTESIAN_POINT('Origin',(0.,0.,37.5));
#4015=CARTESIAN_POINT('',(19.6913686675152,3.5,37.5));
#4016=CARTESIAN_POINT('',(3.5,19.6913686675152,37.5));
#4017=CARTESIAN_POINT('Origin',(0.,0.,37.5));
#4018=CARTESIAN_POINT('',(19.6913686675152,-3.5,37.5));
#4019=CARTESIAN_POINT('',(3.5,-19.6913686675152,37.5));
#4020=CARTESIAN_POINT('Origin',(-55.,-3.5,37.5));
#4021=CARTESIAN_POINT('',(44.8636824168503,-3.5,37.5));
#4022=CARTESIAN_POINT('Origin',(3.5,-55.,37.5));
#4023=CARTESIAN_POINT('',(3.5,44.8636824168503,37.5));
#4024=CARTESIAN_POINT('Origin',(-3.5,55.,37.5));
#4025=CARTESIAN_POINT('',(-3.5,-44.8636824168503,37.5));
#4026=CARTESIAN_POINT('Origin',(55.,3.5,37.5));
#4027=CARTESIAN_POINT('',(-44.8636824168503,3.5,37.5));
#4028=CARTESIAN_POINT('Origin',(3.5,55.,37.5));
#4029=CARTESIAN_POINT('',(3.5,55.,37.5));
#4030=CARTESIAN_POINT('',(-3.5,55.,37.5));
#4031=CARTESIAN_POINT('Origin',(-3.5,55.,37.5));
#4032=CARTESIAN_POINT('',(-3.5,-54.888523390596,37.5));
#4033=CARTESIAN_POINT('',(-3.5,-55.,37.5));
#4034=CARTESIAN_POINT('Origin',(-3.5,55.,37.5));
#4035=CARTESIAN_POINT('',(-3.5,54.888523390596,37.5));
#4036=CARTESIAN_POINT('Origin',(-3.5,55.,37.5));
#4037=CARTESIAN_POINT('',(-3.5,44.8636824168503,37.5));
#4038=CARTESIAN_POINT('Origin',(3.5,-55.,37.5));
#4039=CARTESIAN_POINT('',(3.5,-54.888523390596,37.5));
#4040=CARTESIAN_POINT('',(3.5,-55.,37.5));
#4041=CARTESIAN_POINT('Origin',(3.5,-55.,37.5));
#4042=CARTESIAN_POINT('',(3.5,-44.8636824168503,37.5));
#4043=CARTESIAN_POINT('Origin',(3.5,-55.,37.5));
#4044=CARTESIAN_POINT('',(3.5,54.888523390596,37.5));
#4045=CARTESIAN_POINT('Origin',(-3.5,-55.,37.5));
#4046=CARTESIAN_POINT('Origin',(55.,3.5,37.5));
#4047=CARTESIAN_POINT('',(44.8636824168503,3.5,37.5));
#4048=CARTESIAN_POINT('Origin',(0.,0.,37.5));
#4049=CARTESIAN_POINT('Origin',(0.,0.,37.5));
#4050=CARTESIAN_POINT('Origin',(0.,0.,37.5));
#4051=CARTESIAN_POINT('',(54.888523390596,3.5,37.5));
#4052=CARTESIAN_POINT('Origin',(0.,0.,37.5));
#4053=CARTESIAN_POINT('Origin',(0.,0.,37.5));
#4054=CARTESIAN_POINT('',(54.888523390596,-3.5,37.5));
#4055=CARTESIAN_POINT('Origin',(0.,0.,37.5));
#4056=CARTESIAN_POINT('',(-54.888523390596,-3.5,37.5));
#4057=CARTESIAN_POINT('Origin',(55.,-3.5,37.5));
#4058=CARTESIAN_POINT('',(55.,-3.5,37.5));
#4059=CARTESIAN_POINT('',(55.,3.5,37.5));
#4060=CARTESIAN_POINT('Origin',(55.,3.5,37.5));
#4061=CARTESIAN_POINT('',(-54.888523390596,3.5,37.5));
#4062=CARTESIAN_POINT('',(-55.,3.5,37.5));
#4063=CARTESIAN_POINT('Origin',(55.,3.5,37.5));
#4064=CARTESIAN_POINT('Origin',(-55.,-3.5,37.5));
#4065=CARTESIAN_POINT('',(-55.,-3.5,37.5));
#4066=CARTESIAN_POINT('Origin',(-55.,-3.5,37.5));
#4067=CARTESIAN_POINT('Origin',(-55.,3.5,37.5));
#4068=CARTESIAN_POINT('Origin',(-55.,-3.5,37.5));
#4069=CARTESIAN_POINT('',(-44.8636824168503,-3.5,37.5));
#4070=CARTESIAN_POINT('Origin',(0.,0.,37.5));
#4071=CARTESIAN_POINT('Origin',(0.,0.,37.5));
#4072=CARTESIAN_POINT('',(0.,0.,0.));
#4073=CARTESIAN_POINT('',(0.,0.,0.));
#4074=CARTESIAN_POINT('',(0.,0.,0.));
#4075=CARTESIAN_POINT('',(0.,0.,0.));
#4076=UNCERTAINTY_MEASURE_WITH_UNIT(LENGTH_MEASURE(0.01),#4088,
'DISTANCE_ACCURACY_VALUE',
'Maximum model space distance between geometric entities at asserted c
onnectivities');
#4077=UNCERTAINTY_MEASURE_WITH_UNIT(LENGTH_MEASURE(0.01),#4088,
'DISTANCE_ACCURACY_VALUE',
'Maximum model space distance between geometric entities at asserted c
onnectivities');
#4078=UNCERTAINTY_MEASURE_WITH_UNIT(LENGTH_MEASURE(0.01),#4088,
'DISTANCE_ACCURACY_VALUE',
'Maximum model space distance between geometric entities at asserted c
onnectivities');
#4079=UNCERTAINTY_MEASURE_WITH_UNIT(LENGTH_MEASURE(0.01),#4088,
'DISTANCE_ACCURACY_VALUE',
'Maximum model space distance between geometric entities at asserted c
onnectivities');
#4080=UNCERTAINTY_MEASURE_WITH_UNIT(LENGTH_MEASURE(0.01),#4088,
'DISTANCE_ACCURACY_VALUE',
'Maximum model space distance between geometric entities at asserted c
onnectivities');
#4081=UNCERTAINTY_MEASURE_WITH_UNIT(LENGTH_MEASURE(0.01),#4088,
'DISTANCE_ACCURACY_VALUE',
'Maximum model space distance between geometric entities at asserted c
onnectivities');
#4082=(
GEOMETRIC_REPRESENTATION_CONTEXT(3)
GLOBAL_UNCERTAINTY_ASSIGNED_CONTEXT((#4076))
GLOBAL_UNIT_ASSIGNED_CONTEXT((#4088,#4090,#4091))
REPRESENTATION_CONTEXT('','3D')
);
#4083=(
GEOMETRIC_REPRESENTATION_CONTEXT(3)
GLOBAL_UNCERTAINTY_ASSIGNED_CONTEXT((#4077))
GLOBAL_UNIT_ASSIGNED_CONTEXT((#4088,#4090,#4091))
REPRESENTATION_CONTEXT('','3D')
);
#4084=(
GEOMETRIC_REPRESENTATION_CONTEXT(3)
GLOBAL_UNCERTAINTY_ASSIGNED_CONTEXT((#4078))
GLOBAL_UNIT_ASSIGNED_CONTEXT((#4088,#4090,#4091))
REPRESENTATION_CONTEXT('','3D')
);
#4085=(
GEOMETRIC_REPRESENTATION_CONTEXT(3)
GLOBAL_UNCERTAINTY_ASSIGNED_CONTEXT((#4079))
GLOBAL_UNIT_ASSIGNED_CONTEXT((#4088,#4090,#4091))
REPRESENTATION_CONTEXT('','3D')
);
#4086=(
GEOMETRIC_REPRESENTATION_CONTEXT(3)
GLOBAL_UNCERTAINTY_ASSIGNED_CONTEXT((#4080))
GLOBAL_UNIT_ASSIGNED_CONTEXT((#4088,#4090,#4091))
REPRESENTATION_CONTEXT('','3D')
);
#4087=(
GEOMETRIC_REPRESENTATION_CONTEXT(3)
GLOBAL_UNCERTAINTY_ASSIGNED_CONTEXT((#4081))
GLOBAL_UNIT_ASSIGNED_CONTEXT((#4088,#4090,#4091))
REPRESENTATION_CONTEXT('','3D')
);
#4088=(
LENGTH_UNIT()
NAMED_UNIT(*)
SI_UNIT(.MILLI.,.METRE.)
);
#4089=(
LENGTH_UNIT()
NAMED_UNIT(*)
SI_UNIT(.CENTI.,.METRE.)
);
#4090=(
NAMED_UNIT(*)
PLANE_ANGLE_UNIT()
SI_UNIT($,.RADIAN.)
);
#4091=(
NAMED_UNIT(*)
SI_UNIT($,.STERADIAN.)
SOLID_ANGLE_UNIT()
);
#4092=SHAPE_DEFINITION_REPRESENTATION(#4097,#4106);
#4093=SHAPE_DEFINITION_REPRESENTATION(#4098,#4107);
#4094=SHAPE_DEFINITION_REPRESENTATION(#4099,#4108);
#4095=SHAPE_DEFINITION_REPRESENTATION(#4100,#4109);
#4096=SHAPE_DEFINITION_REPRESENTATION(#4101,#4110);
#4097=PRODUCT_DEFINITION_SHAPE('',$,#4112);
#4098=PRODUCT_DEFINITION_SHAPE('',$,#4113);
#4099=PRODUCT_DEFINITION_SHAPE('',$,#4114);
#4100=PRODUCT_DEFINITION_SHAPE('',$,#4115);
#4101=PRODUCT_DEFINITION_SHAPE('',$,#4116);
#4102=PRODUCT_DEFINITION_SHAPE($,$,#23);
#4103=PRODUCT_DEFINITION_SHAPE($,$,#24);
#4104=PRODUCT_DEFINITION_SHAPE($,$,#25);
#4105=PRODUCT_DEFINITION_SHAPE($,$,#26);
#4106=SHAPE_REPRESENTATION('',(#2456,#2707,#2708,#2709,#2710),#4082);
#4107=SHAPE_REPRESENTATION('',(#2457),#4083);
#4108=SHAPE_REPRESENTATION('',(#2484),#4084);
#4109=SHAPE_REPRESENTATION('',(#2532),#4085);
#4110=SHAPE_REPRESENTATION('',(#2624),#4086);
#4111=PRODUCT_DEFINITION_CONTEXT('part definition',#4128,'design');
#4112=PRODUCT_DEFINITION('Wheel_Comparison_A','Wheel_Comparison_A',#4117,
#4111);
#4113=PRODUCT_DEFINITION('01_Wheel_Rim','01_Wheel_Rim',#4118,#4111);
#4114=PRODUCT_DEFINITION('02_Wheel_Hub','02_Wheel_Hub',#4119,#4111);
#4115=PRODUCT_DEFINITION('03_Wheel_Spokes','03_Wheel_Spokes',#4120,#4111);
#4116=PRODUCT_DEFINITION('07_Brake_Drum','07_Brake_Drum',#4121,#4111);
#4117=PRODUCT_DEFINITION_FORMATION('',$,#4130);
#4118=PRODUCT_DEFINITION_FORMATION('',$,#4131);
#4119=PRODUCT_DEFINITION_FORMATION('',$,#4132);
#4120=PRODUCT_DEFINITION_FORMATION('',$,#4133);
#4121=PRODUCT_DEFINITION_FORMATION('',$,#4134);
#4122=PRODUCT_RELATED_PRODUCT_CATEGORY('Wheel_Comparison_A',
'Wheel_Comparison_A',(#4130));
#4123=PRODUCT_RELATED_PRODUCT_CATEGORY('01_Wheel_Rim','01_Wheel_Rim',(#4131));
#4124=PRODUCT_RELATED_PRODUCT_CATEGORY('02_Wheel_Hub','02_Wheel_Hub',(#4132));
#4125=PRODUCT_RELATED_PRODUCT_CATEGORY('03_Wheel_Spokes',
'03_Wheel_Spokes',(#4133));
#4126=PRODUCT_RELATED_PRODUCT_CATEGORY('07_Brake_Drum','07_Brake_Drum',
(#4134));
#4127=APPLICATION_PROTOCOL_DEFINITION('international standard',
'automotive_design',2009,#4128);
#4128=APPLICATION_CONTEXT(
'Core Data for Automotive Mechanical Design Process');
#4129=PRODUCT_CONTEXT('part definition',#4128,'mechanical');
#4130=PRODUCT('Wheel_Comparison_A','Wheel_Comparison_A',$,(#4129));
#4131=PRODUCT('01_Wheel_Rim','01_Wheel_Rim',$,(#4129));
#4132=PRODUCT('02_Wheel_Hub','02_Wheel_Hub',$,(#4129));
#4133=PRODUCT('03_Wheel_Spokes','03_Wheel_Spokes',$,(#4129));
#4134=PRODUCT('07_Brake_Drum','07_Brake_Drum',$,(#4129));
ENDSEC;
END-ISO-10303-21;
