ISO-10303-21;
HEADER;
/* Generated by software containing ST-Developer
 * from STEP Tools, Inc. (www.steptools.com) 
 */

FILE_DESCRIPTION(
/* description */ (''),
/* implementation_level */ '2;1');

FILE_NAME(
/* name */ 'Wheel_Comparison_D.step',
/* time_stamp */ '2026-10-08T19:41:20+09:00',
/* author */ ('Reaction Wheel Pendulum project'),
/* organization */ (''),
/* preprocessor_version */ 'ST-DEVELOPER v20.1',
/* originating_system */ 'Autodesk Inventor 2026',
/* authorisation */ '');

FILE_SCHEMA (('AUTOMOTIVE_DESIGN { 1 0 10303 214 3 1 1 }'));
ENDSEC;

DATA;
#10=MECHANICAL_DESIGN_GEOMETRIC_PRESENTATION_REPRESENTATION('',(#35,#36,
#37,#38),#4131);
#11=ITEM_DEFINED_TRANSFORMATION($,$,#2485,#2738);
#12=ITEM_DEFINED_TRANSFORMATION($,$,#2512,#2739);
#13=ITEM_DEFINED_TRANSFORMATION($,$,#2563,#2740);
#14=ITEM_DEFINED_TRANSFORMATION($,$,#2655,#2741);
#15=(
REPRESENTATION_RELATIONSHIP($,$,#4151,#4150)
REPRESENTATION_RELATIONSHIP_WITH_TRANSFORMATION(#11)
SHAPE_REPRESENTATION_RELATIONSHIP()
);
#16=(
REPRESENTATION_RELATIONSHIP($,$,#4152,#4150)
REPRESENTATION_RELATIONSHIP_WITH_TRANSFORMATION(#12)
SHAPE_REPRESENTATION_RELATIONSHIP()
);
#17=(
REPRESENTATION_RELATIONSHIP($,$,#4153,#4150)
REPRESENTATION_RELATIONSHIP_WITH_TRANSFORMATION(#13)
SHAPE_REPRESENTATION_RELATIONSHIP()
);
#18=(
REPRESENTATION_RELATIONSHIP($,$,#4154,#4150)
REPRESENTATION_RELATIONSHIP_WITH_TRANSFORMATION(#14)
SHAPE_REPRESENTATION_RELATIONSHIP()
);
#19=CONTEXT_DEPENDENT_SHAPE_REPRESENTATION(#15,#4146);
#20=CONTEXT_DEPENDENT_SHAPE_REPRESENTATION(#16,#4147);
#21=CONTEXT_DEPENDENT_SHAPE_REPRESENTATION(#17,#4148);
#22=CONTEXT_DEPENDENT_SHAPE_REPRESENTATION(#18,#4149);
#23=NEXT_ASSEMBLY_USAGE_OCCURRENCE('01_Wheel_Rim:1','01_Wheel_Rim:1',
'01_Wheel_Rim:1',#4156,#4157,'01_Wheel_Rim:1');
#24=NEXT_ASSEMBLY_USAGE_OCCURRENCE('02_Wheel_Hub:1','02_Wheel_Hub:1',
'02_Wheel_Hub:1',#4156,#4158,'02_Wheel_Hub:1');
#25=NEXT_ASSEMBLY_USAGE_OCCURRENCE('46_Spider_D_Polymer:1',
'46_Spider_D_Polymer:1','46_Spider_D_Polymer:1',#4156,#4159,
'46_Spider_D_Polymer:1');
#26=NEXT_ASSEMBLY_USAGE_OCCURRENCE('07_Brake_Drum:1','07_Brake_Drum:1',
'07_Brake_Drum:1',#4156,#4160,'07_Brake_Drum:1');
#27=SHAPE_REPRESENTATION_RELATIONSHIP('SRR','None',#4151,#31);
#28=SHAPE_REPRESENTATION_RELATIONSHIP('SRR','None',#4152,#32);
#29=SHAPE_REPRESENTATION_RELATIONSHIP('SRR','None',#4153,#33);
#30=SHAPE_REPRESENTATION_RELATIONSHIP('SRR','None',#4154,#34);
#31=ADVANCED_BREP_SHAPE_REPRESENTATION('',(#39),#4127);
#32=ADVANCED_BREP_SHAPE_REPRESENTATION('',(#40),#4128);
#33=ADVANCED_BREP_SHAPE_REPRESENTATION('',(#41),#4129);
#34=ADVANCED_BREP_SHAPE_REPRESENTATION('',(#42),#4130);
#35=STYLED_ITEM('',(#2427),#39);
#36=STYLED_ITEM('',(#2428),#40);
#37=STYLED_ITEM('',(#2429),#41);
#38=STYLED_ITEM('',(#2427),#42);
#39=MANIFOLD_SOLID_BREP('\X2\30BD30EA30C330C9\X0\1',#2375);
#40=MANIFOLD_SOLID_BREP('\X2\30BD30EA30C330C9\X0\1',#2376);
#41=MANIFOLD_SOLID_BREP('\X2\30BD30EA30C330C9\X0\1',#2377);
#42=MANIFOLD_SOLID_BREP('\X2\30BD30EA30C330C9\X0\1',#2378);
#43=FACE_BOUND('',#301,.T.);
#44=FACE_BOUND('',#302,.T.);
#45=FACE_BOUND('',#303,.T.);
#46=FACE_BOUND('',#304,.T.);
#47=FACE_BOUND('',#305,.T.);
#48=FACE_BOUND('',#306,.T.);
#49=FACE_BOUND('',#307,.T.);
#50=FACE_BOUND('',#309,.T.);
#51=FACE_BOUND('',#310,.T.);
#52=FACE_BOUND('',#311,.T.);
#53=FACE_BOUND('',#312,.T.);
#54=FACE_BOUND('',#313,.T.);
#55=FACE_BOUND('',#314,.T.);
#56=FACE_BOUND('',#315,.T.);
#57=FACE_BOUND('',#330,.T.);
#58=FACE_BOUND('',#331,.T.);
#59=FACE_BOUND('',#332,.T.);
#60=FACE_BOUND('',#333,.T.);
#61=FACE_BOUND('',#334,.T.);
#62=FACE_BOUND('',#337,.T.);
#63=FACE_BOUND('',#338,.T.);
#64=FACE_BOUND('',#339,.T.);
#65=FACE_BOUND('',#340,.T.);
#66=FACE_BOUND('',#341,.T.);
#67=FACE_BOUND('',#343,.T.);
#68=FACE_BOUND('',#344,.T.);
#69=FACE_BOUND('',#345,.T.);
#70=FACE_BOUND('',#346,.T.);
#71=FACE_BOUND('',#347,.T.);
#72=FACE_BOUND('',#352,.T.);
#73=FACE_BOUND('',#354,.T.);
#74=FACE_BOUND('',#355,.T.);
#75=FACE_BOUND('',#356,.T.);
#76=FACE_BOUND('',#357,.T.);
#77=FACE_BOUND('',#358,.T.);
#78=FACE_BOUND('',#391,.T.);
#79=FACE_BOUND('',#392,.T.);
#80=FACE_BOUND('',#393,.T.);
#81=FACE_BOUND('',#394,.T.);
#82=FACE_BOUND('',#395,.T.);
#83=FACE_BOUND('',#396,.T.);
#84=FACE_BOUND('',#397,.T.);
#85=FACE_BOUND('',#398,.T.);
#86=FACE_BOUND('',#399,.T.);
#87=FACE_BOUND('',#400,.T.);
#88=FACE_BOUND('',#401,.T.);
#89=FACE_BOUND('',#402,.T.);
#90=FACE_BOUND('',#403,.T.);
#91=FACE_BOUND('',#404,.T.);
#92=FACE_BOUND('',#405,.T.);
#93=FACE_BOUND('',#418,.T.);
#94=FACE_BOUND('',#419,.T.);
#95=FACE_BOUND('',#420,.T.);
#96=FACE_BOUND('',#421,.T.);
#97=FACE_BOUND('',#422,.T.);
#98=FACE_BOUND('',#423,.T.);
#99=FACE_BOUND('',#424,.T.);
#100=FACE_BOUND('',#425,.T.);
#101=FACE_BOUND('',#426,.T.);
#102=FACE_BOUND('',#427,.T.);
#103=FACE_BOUND('',#428,.T.);
#104=FACE_BOUND('',#429,.T.);
#105=FACE_BOUND('',#430,.T.);
#106=FACE_BOUND('',#431,.T.);
#107=FACE_BOUND('',#432,.T.);
#108=FACE_BOUND('',#438,.T.);
#109=FACE_BOUND('',#439,.T.);
#110=FACE_BOUND('',#440,.T.);
#111=FACE_BOUND('',#441,.T.);
#112=FACE_BOUND('',#442,.T.);
#113=FACE_BOUND('',#448,.T.);
#114=FACE_BOUND('',#449,.T.);
#115=FACE_BOUND('',#450,.T.);
#116=FACE_BOUND('',#451,.T.);
#117=FACE_BOUND('',#452,.T.);
#118=PLANE('',#2510);
#119=PLANE('',#2511);
#120=PLANE('',#2513);
#121=PLANE('',#2514);
#122=PLANE('',#2516);
#123=PLANE('',#2517);
#124=PLANE('',#2546);
#125=PLANE('',#2551);
#126=PLANE('',#2554);
#127=PLANE('',#2561);
#128=PLANE('',#2562);
#129=PLANE('',#2609);
#130=PLANE('',#2610);
#131=PLANE('',#2611);
#132=PLANE('',#2612);
#133=PLANE('',#2613);
#134=PLANE('',#2614);
#135=PLANE('',#2615);
#136=PLANE('',#2616);
#137=PLANE('',#2617);
#138=PLANE('',#2618);
#139=PLANE('',#2619);
#140=PLANE('',#2620);
#141=PLANE('',#2621);
#142=PLANE('',#2631);
#143=PLANE('',#2643);
#144=PLANE('',#2644);
#145=PLANE('',#2645);
#146=PLANE('',#2646);
#147=PLANE('',#2647);
#148=PLANE('',#2648);
#149=PLANE('',#2649);
#150=PLANE('',#2652);
#151=PLANE('',#2665);
#152=PLANE('',#2691);
#153=PLANE('',#2710);
#154=PLANE('',#2711);
#155=PLANE('',#2712);
#156=PLANE('',#2713);
#157=PLANE('',#2714);
#158=PLANE('',#2715);
#159=PLANE('',#2716);
#160=PLANE('',#2717);
#161=PLANE('',#2718);
#162=PLANE('',#2719);
#163=PLANE('',#2720);
#164=PLANE('',#2721);
#165=PLANE('',#2722);
#166=PLANE('',#2729);
#167=PLANE('',#2730);
#168=PLANE('',#2731);
#169=PLANE('',#2732);
#170=PLANE('',#2733);
#171=PLANE('',#2734);
#172=PLANE('',#2735);
#173=FACE_OUTER_BOUND('',#292,.T.);
#174=FACE_OUTER_BOUND('',#293,.T.);
#175=FACE_OUTER_BOUND('',#294,.T.);
#176=FACE_OUTER_BOUND('',#295,.T.);
#177=FACE_OUTER_BOUND('',#296,.T.);
#178=FACE_OUTER_BOUND('',#297,.T.);
#179=FACE_OUTER_BOUND('',#298,.T.);
#180=FACE_OUTER_BOUND('',#299,.T.);
#181=FACE_OUTER_BOUND('',#300,.T.);
#182=FACE_OUTER_BOUND('',#308,.T.);
#183=FACE_OUTER_BOUND('',#316,.T.);
#184=FACE_OUTER_BOUND('',#317,.T.);
#185=FACE_OUTER_BOUND('',#318,.T.);
#186=FACE_OUTER_BOUND('',#319,.T.);
#187=FACE_OUTER_BOUND('',#320,.T.);
#188=FACE_OUTER_BOUND('',#321,.T.);
#189=FACE_OUTER_BOUND('',#322,.T.);
#190=FACE_OUTER_BOUND('',#323,.T.);
#191=FACE_OUTER_BOUND('',#324,.T.);
#192=FACE_OUTER_BOUND('',#325,.T.);
#193=FACE_OUTER_BOUND('',#326,.T.);
#194=FACE_OUTER_BOUND('',#327,.T.);
#195=FACE_OUTER_BOUND('',#328,.T.);
#196=FACE_OUTER_BOUND('',#329,.T.);
#197=FACE_OUTER_BOUND('',#335,.T.);
#198=FACE_OUTER_BOUND('',#336,.T.);
#199=FACE_OUTER_BOUND('',#342,.T.);
#200=FACE_OUTER_BOUND('',#348,.T.);
#201=FACE_OUTER_BOUND('',#349,.T.);
#202=FACE_OUTER_BOUND('',#350,.T.);
#203=FACE_OUTER_BOUND('',#351,.T.);
#204=FACE_OUTER_BOUND('',#353,.T.);
#205=FACE_OUTER_BOUND('',#359,.T.);
#206=FACE_OUTER_BOUND('',#360,.T.);
#207=FACE_OUTER_BOUND('',#361,.T.);
#208=FACE_OUTER_BOUND('',#362,.T.);
#209=FACE_OUTER_BOUND('',#363,.T.);
#210=FACE_OUTER_BOUND('',#364,.T.);
#211=FACE_OUTER_BOUND('',#365,.T.);
#212=FACE_OUTER_BOUND('',#366,.T.);
#213=FACE_OUTER_BOUND('',#367,.T.);
#214=FACE_OUTER_BOUND('',#368,.T.);
#215=FACE_OUTER_BOUND('',#369,.T.);
#216=FACE_OUTER_BOUND('',#370,.T.);
#217=FACE_OUTER_BOUND('',#371,.T.);
#218=FACE_OUTER_BOUND('',#372,.T.);
#219=FACE_OUTER_BOUND('',#373,.T.);
#220=FACE_OUTER_BOUND('',#374,.T.);
#221=FACE_OUTER_BOUND('',#375,.T.);
#222=FACE_OUTER_BOUND('',#376,.T.);
#223=FACE_OUTER_BOUND('',#377,.T.);
#224=FACE_OUTER_BOUND('',#378,.T.);
#225=FACE_OUTER_BOUND('',#379,.T.);
#226=FACE_OUTER_BOUND('',#380,.T.);
#227=FACE_OUTER_BOUND('',#381,.T.);
#228=FACE_OUTER_BOUND('',#382,.T.);
#229=FACE_OUTER_BOUND('',#383,.T.);
#230=FACE_OUTER_BOUND('',#384,.T.);
#231=FACE_OUTER_BOUND('',#385,.T.);
#232=FACE_OUTER_BOUND('',#386,.T.);
#233=FACE_OUTER_BOUND('',#387,.T.);
#234=FACE_OUTER_BOUND('',#388,.T.);
#235=FACE_OUTER_BOUND('',#389,.T.);
#236=FACE_OUTER_BOUND('',#390,.T.);
#237=FACE_OUTER_BOUND('',#406,.T.);
#238=FACE_OUTER_BOUND('',#407,.T.);
#239=FACE_OUTER_BOUND('',#408,.T.);
#240=FACE_OUTER_BOUND('',#409,.T.);
#241=FACE_OUTER_BOUND('',#410,.T.);
#242=FACE_OUTER_BOUND('',#411,.T.);
#243=FACE_OUTER_BOUND('',#412,.T.);
#244=FACE_OUTER_BOUND('',#413,.T.);
#245=FACE_OUTER_BOUND('',#414,.T.);
#246=FACE_OUTER_BOUND('',#415,.T.);
#247=FACE_OUTER_BOUND('',#416,.T.);
#248=FACE_OUTER_BOUND('',#417,.T.);
#249=FACE_OUTER_BOUND('',#433,.T.);
#250=FACE_OUTER_BOUND('',#434,.T.);
#251=FACE_OUTER_BOUND('',#435,.T.);
#252=FACE_OUTER_BOUND('',#436,.T.);
#253=FACE_OUTER_BOUND('',#437,.T.);
#254=FACE_OUTER_BOUND('',#443,.T.);
#255=FACE_OUTER_BOUND('',#444,.T.);
#256=FACE_OUTER_BOUND('',#445,.T.);
#257=FACE_OUTER_BOUND('',#446,.T.);
#258=FACE_OUTER_BOUND('',#447,.T.);
#259=FACE_OUTER_BOUND('',#453,.T.);
#260=FACE_OUTER_BOUND('',#454,.T.);
#261=FACE_OUTER_BOUND('',#455,.T.);
#262=FACE_OUTER_BOUND('',#456,.T.);
#263=FACE_OUTER_BOUND('',#457,.T.);
#264=FACE_OUTER_BOUND('',#458,.T.);
#265=FACE_OUTER_BOUND('',#459,.T.);
#266=FACE_OUTER_BOUND('',#460,.T.);
#267=FACE_OUTER_BOUND('',#461,.T.);
#268=FACE_OUTER_BOUND('',#462,.T.);
#269=FACE_OUTER_BOUND('',#463,.T.);
#270=FACE_OUTER_BOUND('',#464,.T.);
#271=FACE_OUTER_BOUND('',#465,.T.);
#272=FACE_OUTER_BOUND('',#466,.T.);
#273=FACE_OUTER_BOUND('',#467,.T.);
#274=FACE_OUTER_BOUND('',#468,.T.);
#275=FACE_OUTER_BOUND('',#469,.T.);
#276=FACE_OUTER_BOUND('',#470,.T.);
#277=FACE_OUTER_BOUND('',#471,.T.);
#278=FACE_OUTER_BOUND('',#472,.T.);
#279=FACE_OUTER_BOUND('',#473,.T.);
#280=FACE_OUTER_BOUND('',#474,.T.);
#281=FACE_OUTER_BOUND('',#475,.T.);
#282=FACE_OUTER_BOUND('',#476,.T.);
#283=FACE_OUTER_BOUND('',#477,.T.);
#284=FACE_OUTER_BOUND('',#478,.T.);
#285=FACE_OUTER_BOUND('',#479,.T.);
#286=FACE_OUTER_BOUND('',#480,.T.);
#287=FACE_OUTER_BOUND('',#481,.T.);
#288=FACE_OUTER_BOUND('',#482,.T.);
#289=FACE_OUTER_BOUND('',#483,.T.);
#290=FACE_OUTER_BOUND('',#484,.T.);
#291=FACE_OUTER_BOUND('',#485,.T.);
#292=EDGE_LOOP('',(#1544,#1545,#1546,#1547));
#293=EDGE_LOOP('',(#1548,#1549,#1550,#1551));
#294=EDGE_LOOP('',(#1552,#1553,#1554,#1555));
#295=EDGE_LOOP('',(#1556,#1557,#1558,#1559));
#296=EDGE_LOOP('',(#1560,#1561,#1562,#1563));
#297=EDGE_LOOP('',(#1564,#1565,#1566,#1567));
#298=EDGE_LOOP('',(#1568,#1569,#1570,#1571));
#299=EDGE_LOOP('',(#1572,#1573,#1574,#1575));
#300=EDGE_LOOP('',(#1576));
#301=EDGE_LOOP('',(#1577));
#302=EDGE_LOOP('',(#1578));
#303=EDGE_LOOP('',(#1579));
#304=EDGE_LOOP('',(#1580));
#305=EDGE_LOOP('',(#1581));
#306=EDGE_LOOP('',(#1582));
#307=EDGE_LOOP('',(#1583));
#308=EDGE_LOOP('',(#1584));
#309=EDGE_LOOP('',(#1585));
#310=EDGE_LOOP('',(#1586));
#311=EDGE_LOOP('',(#1587));
#312=EDGE_LOOP('',(#1588));
#313=EDGE_LOOP('',(#1589));
#314=EDGE_LOOP('',(#1590));
#315=EDGE_LOOP('',(#1591));
#316=EDGE_LOOP('',(#1592,#1593,#1594,#1595));
#317=EDGE_LOOP('',(#1596,#1597,#1598,#1599));
#318=EDGE_LOOP('',(#1600,#1601,#1602,#1603));
#319=EDGE_LOOP('',(#1604,#1605,#1606,#1607));
#320=EDGE_LOOP('',(#1608,#1609,#1610,#1611,#1612,#1613,#1614,#1615));
#321=EDGE_LOOP('',(#1616,#1617,#1618,#1619));
#322=EDGE_LOOP('',(#1620,#1621,#1622,#1623));
#323=EDGE_LOOP('',(#1624,#1625,#1626,#1627));
#324=EDGE_LOOP('',(#1628,#1629,#1630,#1631));
#325=EDGE_LOOP('',(#1632,#1633,#1634,#1635));
#326=EDGE_LOOP('',(#1636,#1637,#1638,#1639));
#327=EDGE_LOOP('',(#1640,#1641,#1642,#1643));
#328=EDGE_LOOP('',(#1644,#1645,#1646,#1647));
#329=EDGE_LOOP('',(#1648));
#330=EDGE_LOOP('',(#1649));
#331=EDGE_LOOP('',(#1650));
#332=EDGE_LOOP('',(#1651));
#333=EDGE_LOOP('',(#1652));
#334=EDGE_LOOP('',(#1653));
#335=EDGE_LOOP('',(#1654,#1655,#1656,#1657));
#336=EDGE_LOOP('',(#1658));
#337=EDGE_LOOP('',(#1659));
#338=EDGE_LOOP('',(#1660));
#339=EDGE_LOOP('',(#1661));
#340=EDGE_LOOP('',(#1662));
#341=EDGE_LOOP('',(#1663));
#342=EDGE_LOOP('',(#1664));
#343=EDGE_LOOP('',(#1665));
#344=EDGE_LOOP('',(#1666));
#345=EDGE_LOOP('',(#1667));
#346=EDGE_LOOP('',(#1668));
#347=EDGE_LOOP('',(#1669));
#348=EDGE_LOOP('',(#1670,#1671,#1672,#1673));
#349=EDGE_LOOP('',(#1674,#1675,#1676,#1677));
#350=EDGE_LOOP('',(#1678,#1679,#1680,#1681));
#351=EDGE_LOOP('',(#1682));
#352=EDGE_LOOP('',(#1683,#1684,#1685,#1686,#1687));
#353=EDGE_LOOP('',(#1688));
#354=EDGE_LOOP('',(#1689));
#355=EDGE_LOOP('',(#1690));
#356=EDGE_LOOP('',(#1691));
#357=EDGE_LOOP('',(#1692));
#358=EDGE_LOOP('',(#1693));
#359=EDGE_LOOP('',(#1694,#1695,#1696,#1697));
#360=EDGE_LOOP('',(#1698,#1699,#1700,#1701));
#361=EDGE_LOOP('',(#1702,#1703,#1704,#1705));
#362=EDGE_LOOP('',(#1706,#1707,#1708,#1709));
#363=EDGE_LOOP('',(#1710,#1711,#1712,#1713));
#364=EDGE_LOOP('',(#1714,#1715,#1716,#1717));
#365=EDGE_LOOP('',(#1718,#1719,#1720,#1721));
#366=EDGE_LOOP('',(#1722,#1723,#1724,#1725));
#367=EDGE_LOOP('',(#1726,#1727,#1728,#1729));
#368=EDGE_LOOP('',(#1730,#1731,#1732,#1733));
#369=EDGE_LOOP('',(#1734,#1735,#1736,#1737));
#370=EDGE_LOOP('',(#1738,#1739,#1740,#1741));
#371=EDGE_LOOP('',(#1742,#1743,#1744,#1745));
#372=EDGE_LOOP('',(#1746,#1747,#1748,#1749));
#373=EDGE_LOOP('',(#1750,#1751,#1752,#1753));
#374=EDGE_LOOP('',(#1754,#1755,#1756,#1757));
#375=EDGE_LOOP('',(#1758,#1759,#1760,#1761));
#376=EDGE_LOOP('',(#1762,#1763,#1764,#1765));
#377=EDGE_LOOP('',(#1766,#1767,#1768,#1769));
#378=EDGE_LOOP('',(#1770,#1771,#1772,#1773));
#379=EDGE_LOOP('',(#1774,#1775,#1776,#1777));
#380=EDGE_LOOP('',(#1778,#1779,#1780,#1781));
#381=EDGE_LOOP('',(#1782,#1783,#1784,#1785));
#382=EDGE_LOOP('',(#1786,#1787,#1788,#1789));
#383=EDGE_LOOP('',(#1790,#1791,#1792,#1793));
#384=EDGE_LOOP('',(#1794,#1795,#1796,#1797));
#385=EDGE_LOOP('',(#1798,#1799,#1800,#1801));
#386=EDGE_LOOP('',(#1802,#1803,#1804,#1805));
#387=EDGE_LOOP('',(#1806,#1807,#1808,#1809));
#388=EDGE_LOOP('',(#1810,#1811,#1812,#1813));
#389=EDGE_LOOP('',(#1814,#1815,#1816,#1817));
#390=EDGE_LOOP('',(#1818,#1819,#1820,#1821,#1822,#1823,#1824,#1825,#1826,
#1827,#1828,#1829,#1830,#1831,#1832,#1833));
#391=EDGE_LOOP('',(#1834));
#392=EDGE_LOOP('',(#1835));
#393=EDGE_LOOP('',(#1836));
#394=EDGE_LOOP('',(#1837));
#395=EDGE_LOOP('',(#1838));
#396=EDGE_LOOP('',(#1839));
#397=EDGE_LOOP('',(#1840));
#398=EDGE_LOOP('',(#1841));
#399=EDGE_LOOP('',(#1842));
#400=EDGE_LOOP('',(#1843));
#401=EDGE_LOOP('',(#1844));
#402=EDGE_LOOP('',(#1845,#1846,#1847,#1848));
#403=EDGE_LOOP('',(#1849,#1850,#1851,#1852));
#404=EDGE_LOOP('',(#1853,#1854,#1855,#1856));
#405=EDGE_LOOP('',(#1857,#1858,#1859,#1860));
#406=EDGE_LOOP('',(#1861,#1862,#1863,#1864));
#407=EDGE_LOOP('',(#1865,#1866,#1867,#1868));
#408=EDGE_LOOP('',(#1869,#1870,#1871,#1872));
#409=EDGE_LOOP('',(#1873,#1874,#1875,#1876));
#410=EDGE_LOOP('',(#1877,#1878,#1879,#1880));
#411=EDGE_LOOP('',(#1881,#1882,#1883,#1884));
#412=EDGE_LOOP('',(#1885,#1886,#1887,#1888));
#413=EDGE_LOOP('',(#1889,#1890,#1891,#1892));
#414=EDGE_LOOP('',(#1893,#1894,#1895,#1896));
#415=EDGE_LOOP('',(#1897,#1898,#1899,#1900));
#416=EDGE_LOOP('',(#1901,#1902,#1903,#1904));
#417=EDGE_LOOP('',(#1905,#1906,#1907,#1908,#1909,#1910,#1911,#1912,#1913,
#1914,#1915,#1916,#1917,#1918,#1919,#1920));
#418=EDGE_LOOP('',(#1921));
#419=EDGE_LOOP('',(#1922));
#420=EDGE_LOOP('',(#1923));
#421=EDGE_LOOP('',(#1924));
#422=EDGE_LOOP('',(#1925));
#423=EDGE_LOOP('',(#1926));
#424=EDGE_LOOP('',(#1927));
#425=EDGE_LOOP('',(#1928));
#426=EDGE_LOOP('',(#1929));
#427=EDGE_LOOP('',(#1930));
#428=EDGE_LOOP('',(#1931));
#429=EDGE_LOOP('',(#1932,#1933,#1934,#1935));
#430=EDGE_LOOP('',(#1936,#1937,#1938,#1939));
#431=EDGE_LOOP('',(#1940,#1941,#1942,#1943));
#432=EDGE_LOOP('',(#1944,#1945,#1946,#1947));
#433=EDGE_LOOP('',(#1948,#1949,#1950,#1951));
#434=EDGE_LOOP('',(#1952,#1953,#1954,#1955));
#435=EDGE_LOOP('',(#1956,#1957,#1958,#1959));
#436=EDGE_LOOP('',(#1960,#1961,#1962,#1963));
#437=EDGE_LOOP('',(#1964,#1965,#1966,#1967,#1968,#1969,#1970,#1971,#1972,
#1973,#1974,#1975,#1976,#1977,#1978,#1979));
#438=EDGE_LOOP('',(#1980,#1981,#1982,#1983,#1984,#1985,#1986,#1987));
#439=EDGE_LOOP('',(#1988,#1989,#1990,#1991));
#440=EDGE_LOOP('',(#1992,#1993,#1994,#1995));
#441=EDGE_LOOP('',(#1996,#1997,#1998,#1999));
#442=EDGE_LOOP('',(#2000,#2001,#2002,#2003));
#443=EDGE_LOOP('',(#2004,#2005,#2006,#2007));
#444=EDGE_LOOP('',(#2008,#2009,#2010,#2011));
#445=EDGE_LOOP('',(#2012,#2013,#2014,#2015));
#446=EDGE_LOOP('',(#2016,#2017,#2018,#2019));
#447=EDGE_LOOP('',(#2020,#2021,#2022,#2023,#2024,#2025,#2026,#2027,#2028,
#2029,#2030,#2031,#2032,#2033,#2034,#2035));
#448=EDGE_LOOP('',(#2036,#2037,#2038,#2039,#2040,#2041,#2042,#2043));
#449=EDGE_LOOP('',(#2044,#2045,#2046,#2047));
#450=EDGE_LOOP('',(#2048,#2049,#2050,#2051));
#451=EDGE_LOOP('',(#2052,#2053,#2054,#2055));
#452=EDGE_LOOP('',(#2056,#2057,#2058,#2059));
#453=EDGE_LOOP('',(#2060,#2061,#2062,#2063));
#454=EDGE_LOOP('',(#2064,#2065,#2066,#2067));
#455=EDGE_LOOP('',(#2068,#2069,#2070,#2071));
#456=EDGE_LOOP('',(#2072,#2073,#2074,#2075));
#457=EDGE_LOOP('',(#2076,#2077,#2078,#2079));
#458=EDGE_LOOP('',(#2080,#2081,#2082,#2083));
#459=EDGE_LOOP('',(#2084,#2085,#2086,#2087));
#460=EDGE_LOOP('',(#2088,#2089,#2090,#2091));
#461=EDGE_LOOP('',(#2092,#2093,#2094,#2095));
#462=EDGE_LOOP('',(#2096,#2097,#2098,#2099));
#463=EDGE_LOOP('',(#2100,#2101,#2102,#2103));
#464=EDGE_LOOP('',(#2104,#2105,#2106,#2107));
#465=EDGE_LOOP('',(#2108,#2109,#2110,#2111));
#466=EDGE_LOOP('',(#2112,#2113,#2114,#2115));
#467=EDGE_LOOP('',(#2116,#2117,#2118,#2119));
#468=EDGE_LOOP('',(#2120,#2121,#2122,#2123));
#469=EDGE_LOOP('',(#2124,#2125,#2126,#2127));
#470=EDGE_LOOP('',(#2128,#2129,#2130,#2131));
#471=EDGE_LOOP('',(#2132,#2133,#2134,#2135));
#472=EDGE_LOOP('',(#2136,#2137,#2138,#2139));
#473=EDGE_LOOP('',(#2140,#2141,#2142,#2143));
#474=EDGE_LOOP('',(#2144,#2145,#2146,#2147));
#475=EDGE_LOOP('',(#2148,#2149,#2150,#2151));
#476=EDGE_LOOP('',(#2152,#2153,#2154,#2155));
#477=EDGE_LOOP('',(#2156,#2157,#2158,#2159));
#478=EDGE_LOOP('',(#2160,#2161,#2162,#2163));
#479=EDGE_LOOP('',(#2164,#2165,#2166,#2167));
#480=EDGE_LOOP('',(#2168,#2169,#2170,#2171));
#481=EDGE_LOOP('',(#2172,#2173,#2174,#2175));
#482=EDGE_LOOP('',(#2176,#2177,#2178,#2179));
#483=EDGE_LOOP('',(#2180,#2181,#2182,#2183));
#484=EDGE_LOOP('',(#2184,#2185,#2186,#2187));
#485=EDGE_LOOP('',(#2188,#2189,#2190,#2191));
#486=LINE('',#3458,#680);
#487=LINE('',#3464,#681);
#488=LINE('',#3470,#682);
#489=LINE('',#3476,#683);
#490=LINE('',#3482,#684);
#491=LINE('',#3488,#685);
#492=LINE('',#3494,#686);
#493=LINE('',#3500,#687);
#494=LINE('',#3508,#688);
#495=LINE('',#3510,#689);
#496=LINE('',#3512,#690);
#497=LINE('',#3513,#691);
#498=LINE('',#3518,#692);
#499=LINE('',#3519,#693);
#500=LINE('',#3522,#694);
#501=LINE('',#3523,#695);
#502=LINE('',#3526,#696);
#503=LINE('',#3527,#697);
#504=LINE('',#3532,#698);
#505=LINE('',#3539,#699);
#506=LINE('',#3545,#700);
#507=LINE('',#3551,#701);
#508=LINE('',#3557,#702);
#509=LINE('',#3563,#703);
#510=LINE('',#3569,#704);
#511=LINE('',#3575,#705);
#512=LINE('',#3581,#706);
#513=LINE('',#3591,#707);
#514=LINE('',#3603,#708);
#515=LINE('',#3605,#709);
#516=LINE('',#3608,#710);
#517=LINE('',#3617,#711);
#518=LINE('',#3623,#712);
#519=LINE('',#3629,#713);
#520=LINE('',#3635,#714);
#521=LINE('',#3641,#715);
#522=LINE('',#3647,#716);
#523=LINE('',#3653,#717);
#524=LINE('',#3659,#718);
#525=LINE('',#3665,#719);
#526=LINE('',#3671,#720);
#527=LINE('',#3677,#721);
#528=LINE('',#3682,#722);
#529=LINE('',#3686,#723);
#530=LINE('',#3691,#724);
#531=LINE('',#3695,#725);
#532=LINE('',#3700,#726);
#533=LINE('',#3704,#727);
#534=LINE('',#3709,#728);
#535=LINE('',#3713,#729);
#536=LINE('',#3717,#730);
#537=LINE('',#3719,#731);
#538=LINE('',#3720,#732);
#539=LINE('',#3723,#733);
#540=LINE('',#3725,#734);
#541=LINE('',#3726,#735);
#542=LINE('',#3729,#736);
#543=LINE('',#3731,#737);
#544=LINE('',#3732,#738);
#545=LINE('',#3735,#739);
#546=LINE('',#3737,#740);
#547=LINE('',#3738,#741);
#548=LINE('',#3742,#742);
#549=LINE('',#3744,#743);
#550=LINE('',#3746,#744);
#551=LINE('',#3747,#745);
#552=LINE('',#3751,#746);
#553=LINE('',#3753,#747);
#554=LINE('',#3755,#748);
#555=LINE('',#3756,#749);
#556=LINE('',#3760,#750);
#557=LINE('',#3761,#751);
#558=LINE('',#3762,#752);
#559=LINE('',#3765,#753);
#560=LINE('',#3767,#754);
#561=LINE('',#3768,#755);
#562=LINE('',#3772,#756);
#563=LINE('',#3774,#757);
#564=LINE('',#3776,#758);
#565=LINE('',#3777,#759);
#566=LINE('',#3780,#760);
#567=LINE('',#3782,#761);
#568=LINE('',#3783,#762);
#569=LINE('',#3787,#763);
#570=LINE('',#3788,#764);
#571=LINE('',#3789,#765);
#572=LINE('',#3791,#766);
#573=LINE('',#3792,#767);
#574=LINE('',#3795,#768);
#575=LINE('',#3797,#769);
#576=LINE('',#3798,#770);
#577=LINE('',#3809,#771);
#578=LINE('',#3813,#772);
#579=LINE('',#3815,#773);
#580=LINE('',#3817,#774);
#581=LINE('',#3822,#775);
#582=LINE('',#3824,#776);
#583=LINE('',#3826,#777);
#584=LINE('',#3830,#778);
#585=LINE('',#3836,#779);
#586=LINE('',#3841,#780);
#587=LINE('',#3845,#781);
#588=LINE('',#3846,#782);
#589=LINE('',#3847,#783);
#590=LINE('',#3850,#784);
#591=LINE('',#3852,#785);
#592=LINE('',#3853,#786);
#593=LINE('',#3855,#787);
#594=LINE('',#3858,#788);
#595=LINE('',#3859,#789);
#596=LINE('',#3861,#790);
#597=LINE('',#3863,#791);
#598=LINE('',#3866,#792);
#599=LINE('',#3867,#793);
#600=LINE('',#3877,#794);
#601=LINE('',#3881,#795);
#602=LINE('',#3887,#796);
#603=LINE('',#3893,#797);
#604=LINE('',#3900,#798);
#605=LINE('',#3902,#799);
#606=LINE('',#3904,#800);
#607=LINE('',#3908,#801);
#608=LINE('',#3910,#802);
#609=LINE('',#3912,#803);
#610=LINE('',#3916,#804);
#611=LINE('',#3918,#805);
#612=LINE('',#3920,#806);
#613=LINE('',#3924,#807);
#614=LINE('',#3926,#808);
#615=LINE('',#3927,#809);
#616=LINE('',#3939,#810);
#617=LINE('',#3943,#811);
#618=LINE('',#3947,#812);
#619=LINE('',#3951,#813);
#620=LINE('',#3957,#814);
#621=LINE('',#3960,#815);
#622=LINE('',#3965,#816);
#623=LINE('',#3968,#817);
#624=LINE('',#3972,#818);
#625=LINE('',#3976,#819);
#626=LINE('',#3979,#820);
#627=LINE('',#3984,#821);
#628=LINE('',#3988,#822);
#629=LINE('',#3990,#823);
#630=LINE('',#3994,#824);
#631=LINE('',#3996,#825);
#632=LINE('',#3998,#826);
#633=LINE('',#4002,#827);
#634=LINE('',#4004,#828);
#635=LINE('',#4006,#829);
#636=LINE('',#4010,#830);
#637=LINE('',#4012,#831);
#638=LINE('',#4014,#832);
#639=LINE('',#4017,#833);
#640=LINE('',#4021,#834);
#641=LINE('',#4025,#835);
#642=LINE('',#4029,#836);
#643=LINE('',#4033,#837);
#644=LINE('',#4039,#838);
#645=LINE('',#4042,#839);
#646=LINE('',#4047,#840);
#647=LINE('',#4050,#841);
#648=LINE('',#4053,#842);
#649=LINE('',#4054,#843);
#650=LINE('',#4056,#844);
#651=LINE('',#4057,#845);
#652=LINE('',#4059,#846);
#653=LINE('',#4060,#847);
#654=LINE('',#4062,#848);
#655=LINE('',#4063,#849);
#656=LINE('',#4065,#850);
#657=LINE('',#4067,#851);
#658=LINE('',#4069,#852);
#659=LINE('',#4071,#853);
#660=LINE('',#4073,#854);
#661=LINE('',#4074,#855);
#662=LINE('',#4076,#856);
#663=LINE('',#4077,#857);
#664=LINE('',#4079,#858);
#665=LINE('',#4081,#859);
#666=LINE('',#4083,#860);
#667=LINE('',#4084,#861);
#668=LINE('',#4086,#862);
#669=LINE('',#4088,#863);
#670=LINE('',#4091,#864);
#671=LINE('',#4095,#865);
#672=LINE('',#4098,#866);
#673=LINE('',#4100,#867);
#674=LINE('',#4102,#868);
#675=LINE('',#4103,#869);
#676=LINE('',#4105,#870);
#677=LINE('',#4106,#871);
#678=LINE('',#4109,#872);
#679=LINE('',#4113,#873);
#680=VECTOR('',#2750,1.35);
#681=VECTOR('',#2757,1.35);
#682=VECTOR('',#2764,1.35);
#683=VECTOR('',#2771,1.35);
#684=VECTOR('',#2778,1.35);
#685=VECTOR('',#2785,1.35);
#686=VECTOR('',#2792,70.);
#687=VECTOR('',#2799,75.);
#688=VECTOR('',#2810,10.);
#689=VECTOR('',#2811,10.);
#690=VECTOR('',#2812,10.);
#691=VECTOR('',#2813,10.);
#692=VECTOR('',#2818,10.);
#693=VECTOR('',#2819,10.);
#694=VECTOR('',#2822,10.);
#695=VECTOR('',#2823,10.);
#696=VECTOR('',#2826,10.);
#697=VECTOR('',#2827,10.);
#698=VECTOR('',#2832,5.);
#699=VECTOR('',#2841,1.25);
#700=VECTOR('',#2848,1.25);
#701=VECTOR('',#2855,1.25);
#702=VECTOR('',#2862,1.25);
#703=VECTOR('',#2869,1.25);
#704=VECTOR('',#2876,1.25);
#705=VECTOR('',#2883,1.25);
#706=VECTOR('',#2890,1.25);
#707=VECTOR('',#2903,18.);
#708=VECTOR('',#2918,18.);
#709=VECTOR('',#2921,9.);
#710=VECTOR('',#2924,9.);
#711=VECTOR('',#2937,1.6);
#712=VECTOR('',#2944,1.6);
#713=VECTOR('',#2951,1.6);
#714=VECTOR('',#2958,1.6);
#715=VECTOR('',#2965,1.35);
#716=VECTOR('',#2972,1.35);
#717=VECTOR('',#2979,1.35);
#718=VECTOR('',#2986,1.35);
#719=VECTOR('',#2993,1.35);
#720=VECTOR('',#3000,1.35);
#721=VECTOR('',#3007,5.);
#722=VECTOR('',#3012,10.);
#723=VECTOR('',#3015,10.);
#724=VECTOR('',#3020,10.);
#725=VECTOR('',#3023,10.);
#726=VECTOR('',#3028,10.);
#727=VECTOR('',#3031,10.);
#728=VECTOR('',#3036,10.);
#729=VECTOR('',#3039,10.);
#730=VECTOR('',#3044,10.);
#731=VECTOR('',#3045,10.);
#732=VECTOR('',#3046,10.);
#733=VECTOR('',#3049,10.);
#734=VECTOR('',#3050,10.);
#735=VECTOR('',#3051,10.);
#736=VECTOR('',#3054,10.);
#737=VECTOR('',#3055,10.);
#738=VECTOR('',#3056,10.);
#739=VECTOR('',#3059,10.);
#740=VECTOR('',#3060,10.);
#741=VECTOR('',#3061,10.);
#742=VECTOR('',#3064,10.);
#743=VECTOR('',#3065,10.);
#744=VECTOR('',#3066,10.);
#745=VECTOR('',#3067,10.);
#746=VECTOR('',#3070,10.);
#747=VECTOR('',#3071,10.);
#748=VECTOR('',#3072,10.);
#749=VECTOR('',#3073,10.);
#750=VECTOR('',#3076,10.);
#751=VECTOR('',#3077,10.);
#752=VECTOR('',#3078,10.);
#753=VECTOR('',#3081,10.);
#754=VECTOR('',#3082,10.);
#755=VECTOR('',#3083,10.);
#756=VECTOR('',#3086,10.);
#757=VECTOR('',#3087,10.);
#758=VECTOR('',#3088,10.);
#759=VECTOR('',#3089,10.);
#760=VECTOR('',#3092,10.);
#761=VECTOR('',#3093,10.);
#762=VECTOR('',#3094,10.);
#763=VECTOR('',#3097,10.);
#764=VECTOR('',#3098,10.);
#765=VECTOR('',#3099,10.);
#766=VECTOR('',#3102,10.);
#767=VECTOR('',#3103,10.);
#768=VECTOR('',#3106,10.);
#769=VECTOR('',#3107,10.);
#770=VECTOR('',#3108,10.);
#771=VECTOR('',#3125,10.);
#772=VECTOR('',#3130,10.);
#773=VECTOR('',#3131,10.);
#774=VECTOR('',#3132,10.);
#775=VECTOR('',#3137,10.);
#776=VECTOR('',#3138,10.);
#777=VECTOR('',#3139,10.);
#778=VECTOR('',#3144,10.);
#779=VECTOR('',#3153,10.);
#780=VECTOR('',#3160,10.);
#781=VECTOR('',#3163,10.);
#782=VECTOR('',#3164,10.);
#783=VECTOR('',#3165,10.);
#784=VECTOR('',#3168,10.);
#785=VECTOR('',#3169,10.);
#786=VECTOR('',#3170,10.);
#787=VECTOR('',#3173,10.);
#788=VECTOR('',#3176,10.);
#789=VECTOR('',#3177,10.);
#790=VECTOR('',#3180,10.);
#791=VECTOR('',#3183,10.);
#792=VECTOR('',#3186,10.);
#793=VECTOR('',#3187,10.);
#794=VECTOR('',#3202,10.);
#795=VECTOR('',#3205,10.);
#796=VECTOR('',#3212,10.);
#797=VECTOR('',#3219,10.);
#798=VECTOR('',#3226,10.);
#799=VECTOR('',#3227,10.);
#800=VECTOR('',#3228,10.);
#801=VECTOR('',#3231,10.);
#802=VECTOR('',#3232,10.);
#803=VECTOR('',#3233,10.);
#804=VECTOR('',#3236,10.);
#805=VECTOR('',#3237,10.);
#806=VECTOR('',#3238,10.);
#807=VECTOR('',#3241,10.);
#808=VECTOR('',#3242,10.);
#809=VECTOR('',#3243,10.);
#810=VECTOR('',#3254,10.);
#811=VECTOR('',#3257,10.);
#812=VECTOR('',#3260,10.);
#813=VECTOR('',#3263,10.);
#814=VECTOR('',#3268,10.);
#815=VECTOR('',#3271,10.);
#816=VECTOR('',#3274,10.);
#817=VECTOR('',#3277,10.);
#818=VECTOR('',#3282,10.);
#819=VECTOR('',#3287,10.);
#820=VECTOR('',#3290,10.);
#821=VECTOR('',#3297,10.);
#822=VECTOR('',#3300,10.);
#823=VECTOR('',#3301,10.);
#824=VECTOR('',#3304,10.);
#825=VECTOR('',#3305,10.);
#826=VECTOR('',#3306,10.);
#827=VECTOR('',#3309,10.);
#828=VECTOR('',#3310,10.);
#829=VECTOR('',#3311,10.);
#830=VECTOR('',#3314,10.);
#831=VECTOR('',#3315,10.);
#832=VECTOR('',#3316,10.);
#833=VECTOR('',#3319,10.);
#834=VECTOR('',#3322,10.);
#835=VECTOR('',#3325,10.);
#836=VECTOR('',#3328,10.);
#837=VECTOR('',#3331,10.);
#838=VECTOR('',#3336,10.);
#839=VECTOR('',#3339,10.);
#840=VECTOR('',#3342,10.);
#841=VECTOR('',#3345,10.);
#842=VECTOR('',#3350,10.);
#843=VECTOR('',#3351,10.);
#844=VECTOR('',#3354,10.);
#845=VECTOR('',#3355,10.);
#846=VECTOR('',#3358,10.);
#847=VECTOR('',#3359,10.);
#848=VECTOR('',#3362,10.);
#849=VECTOR('',#3363,10.);
#850=VECTOR('',#3366,10.);
#851=VECTOR('',#3369,10.);
#852=VECTOR('',#3372,10.);
#853=VECTOR('',#3375,10.);
#854=VECTOR('',#3378,10.);
#855=VECTOR('',#3379,10.);
#856=VECTOR('',#3382,10.);
#857=VECTOR('',#3383,10.);
#858=VECTOR('',#3386,10.);
#859=VECTOR('',#3389,10.);
#860=VECTOR('',#3392,10.);
#861=VECTOR('',#3393,10.);
#862=VECTOR('',#3396,10.);
#863=VECTOR('',#3399,10.);
#864=VECTOR('',#3404,10.);
#865=VECTOR('',#3411,10.);
#866=VECTOR('',#3416,10.);
#867=VECTOR('',#3419,10.);
#868=VECTOR('',#3422,10.);
#869=VECTOR('',#3423,10.);
#870=VECTOR('',#3426,10.);
#871=VECTOR('',#3427,10.);
#872=VECTOR('',#3432,10.);
#873=VECTOR('',#3439,10.);
#874=CIRCLE('',#2487,1.35);
#875=CIRCLE('',#2488,1.35);
#876=CIRCLE('',#2490,1.35);
#877=CIRCLE('',#2491,1.35);
#878=CIRCLE('',#2493,1.35);
#879=CIRCLE('',#2494,1.35);
#880=CIRCLE('',#2496,1.35);
#881=CIRCLE('',#2497,1.35);
#882=CIRCLE('',#2499,1.35);
#883=CIRCLE('',#2500,1.35);
#884=CIRCLE('',#2502,1.35);
#885=CIRCLE('',#2503,1.35);
#886=CIRCLE('',#2505,70.);
#887=CIRCLE('',#2506,70.);
#888=CIRCLE('',#2508,75.);
#889=CIRCLE('',#2509,75.);
#890=CIRCLE('',#2515,5.);
#891=CIRCLE('',#2519,5.);
#892=CIRCLE('',#2520,5.);
#893=CIRCLE('',#2521,5.);
#894=CIRCLE('',#2523,1.25);
#895=CIRCLE('',#2524,1.25);
#896=CIRCLE('',#2526,1.25);
#897=CIRCLE('',#2527,1.25);
#898=CIRCLE('',#2529,1.25);
#899=CIRCLE('',#2530,1.25);
#900=CIRCLE('',#2532,1.25);
#901=CIRCLE('',#2533,1.25);
#902=CIRCLE('',#2535,1.25);
#903=CIRCLE('',#2536,1.25);
#904=CIRCLE('',#2538,1.25);
#905=CIRCLE('',#2539,1.25);
#906=CIRCLE('',#2541,1.25);
#907=CIRCLE('',#2542,1.25);
#908=CIRCLE('',#2544,1.25);
#909=CIRCLE('',#2545,1.25);
#910=CIRCLE('',#2547,18.);
#911=CIRCLE('',#2548,9.);
#912=CIRCLE('',#2550,18.);
#913=CIRCLE('',#2552,18.);
#914=CIRCLE('',#2553,9.);
#915=CIRCLE('',#2555,18.);
#916=CIRCLE('',#2556,9.);
#917=CIRCLE('',#2560,9.);
#918=CIRCLE('',#2565,1.6);
#919=CIRCLE('',#2566,1.6);
#920=CIRCLE('',#2568,1.6);
#921=CIRCLE('',#2569,1.6);
#922=CIRCLE('',#2571,1.6);
#923=CIRCLE('',#2572,1.6);
#924=CIRCLE('',#2574,1.6);
#925=CIRCLE('',#2575,1.6);
#926=CIRCLE('',#2577,1.35);
#927=CIRCLE('',#2578,1.35);
#928=CIRCLE('',#2580,1.35);
#929=CIRCLE('',#2581,1.35);
#930=CIRCLE('',#2583,1.35);
#931=CIRCLE('',#2584,1.35);
#932=CIRCLE('',#2586,1.35);
#933=CIRCLE('',#2587,1.35);
#934=CIRCLE('',#2589,1.35);
#935=CIRCLE('',#2590,1.35);
#936=CIRCLE('',#2592,1.35);
#937=CIRCLE('',#2593,1.35);
#938=CIRCLE('',#2595,5.);
#939=CIRCLE('',#2596,5.);
#940=CIRCLE('',#2598,18.);
#941=CIRCLE('',#2599,18.);
#942=CIRCLE('',#2601,18.);
#943=CIRCLE('',#2602,18.);
#944=CIRCLE('',#2604,18.);
#945=CIRCLE('',#2605,18.);
#946=CIRCLE('',#2607,18.);
#947=CIRCLE('',#2608,18.);
#948=CIRCLE('',#2623,69.);
#949=CIRCLE('',#2624,69.);
#950=CIRCLE('',#2626,69.);
#951=CIRCLE('',#2627,69.);
#952=CIRCLE('',#2629,74.5);
#953=CIRCLE('',#2630,74.5);
#954=CIRCLE('',#2632,74.5);
#955=CIRCLE('',#2633,74.5);
#956=CIRCLE('',#2634,74.5);
#957=CIRCLE('',#2635,69.);
#958=CIRCLE('',#2636,69.);
#959=CIRCLE('',#2638,69.);
#960=CIRCLE('',#2640,74.5);
#961=CIRCLE('',#2642,74.5);
#962=CIRCLE('',#2651,69.);
#963=CIRCLE('',#2653,74.5);
#964=CIRCLE('',#2657,1.6);
#965=CIRCLE('',#2658,1.6);
#966=CIRCLE('',#2660,15.);
#967=CIRCLE('',#2661,15.);
#968=CIRCLE('',#2663,15.);
#969=CIRCLE('',#2664,15.);
#970=CIRCLE('',#2666,55.);
#971=CIRCLE('',#2667,55.);
#972=CIRCLE('',#2668,55.);
#973=CIRCLE('',#2669,55.);
#974=CIRCLE('',#2670,1.6);
#975=CIRCLE('',#2671,15.);
#976=CIRCLE('',#2672,1.6);
#977=CIRCLE('',#2673,15.);
#978=CIRCLE('',#2674,1.6);
#979=CIRCLE('',#2675,49.);
#980=CIRCLE('',#2676,20.);
#981=CIRCLE('',#2677,49.);
#982=CIRCLE('',#2678,20.);
#983=CIRCLE('',#2679,20.);
#984=CIRCLE('',#2680,49.);
#985=CIRCLE('',#2681,20.);
#986=CIRCLE('',#2682,49.);
#987=CIRCLE('',#2684,1.6);
#988=CIRCLE('',#2686,15.);
#989=CIRCLE('',#2688,1.6);
#990=CIRCLE('',#2690,15.);
#991=CIRCLE('',#2692,55.);
#992=CIRCLE('',#2693,55.);
#993=CIRCLE('',#2694,55.);
#994=CIRCLE('',#2695,55.);
#995=CIRCLE('',#2696,1.6);
#996=CIRCLE('',#2697,49.);
#997=CIRCLE('',#2698,20.);
#998=CIRCLE('',#2699,49.);
#999=CIRCLE('',#2700,20.);
#1000=CIRCLE('',#2701,20.);
#1001=CIRCLE('',#2702,49.);
#1002=CIRCLE('',#2703,20.);
#1003=CIRCLE('',#2704,49.);
#1004=VERTEX_POINT('',#3455);
#1005=VERTEX_POINT('',#3457);
#1006=VERTEX_POINT('',#3461);
#1007=VERTEX_POINT('',#3463);
#1008=VERTEX_POINT('',#3467);
#1009=VERTEX_POINT('',#3469);
#1010=VERTEX_POINT('',#3473);
#1011=VERTEX_POINT('',#3475);
#1012=VERTEX_POINT('',#3479);
#1013=VERTEX_POINT('',#3481);
#1014=VERTEX_POINT('',#3485);
#1015=VERTEX_POINT('',#3487);
#1016=VERTEX_POINT('',#3491);
#1017=VERTEX_POINT('',#3493);
#1018=VERTEX_POINT('',#3497);
#1019=VERTEX_POINT('',#3499);
#1020=VERTEX_POINT('',#3506);
#1021=VERTEX_POINT('',#3507);
#1022=VERTEX_POINT('',#3509);
#1023=VERTEX_POINT('',#3511);
#1024=VERTEX_POINT('',#3515);
#1025=VERTEX_POINT('',#3517);
#1026=VERTEX_POINT('',#3521);
#1027=VERTEX_POINT('',#3525);
#1028=VERTEX_POINT('',#3529);
#1029=VERTEX_POINT('',#3531);
#1030=VERTEX_POINT('',#3536);
#1031=VERTEX_POINT('',#3538);
#1032=VERTEX_POINT('',#3542);
#1033=VERTEX_POINT('',#3544);
#1034=VERTEX_POINT('',#3548);
#1035=VERTEX_POINT('',#3550);
#1036=VERTEX_POINT('',#3554);
#1037=VERTEX_POINT('',#3556);
#1038=VERTEX_POINT('',#3560);
#1039=VERTEX_POINT('',#3562);
#1040=VERTEX_POINT('',#3566);
#1041=VERTEX_POINT('',#3568);
#1042=VERTEX_POINT('',#3572);
#1043=VERTEX_POINT('',#3574);
#1044=VERTEX_POINT('',#3578);
#1045=VERTEX_POINT('',#3580);
#1046=VERTEX_POINT('',#3584);
#1047=VERTEX_POINT('',#3586);
#1048=VERTEX_POINT('',#3589);
#1049=VERTEX_POINT('',#3593);
#1050=VERTEX_POINT('',#3595);
#1051=VERTEX_POINT('',#3598);
#1052=VERTEX_POINT('',#3600);
#1053=VERTEX_POINT('',#3607);
#1054=VERTEX_POINT('',#3614);
#1055=VERTEX_POINT('',#3616);
#1056=VERTEX_POINT('',#3620);
#1057=VERTEX_POINT('',#3622);
#1058=VERTEX_POINT('',#3626);
#1059=VERTEX_POINT('',#3628);
#1060=VERTEX_POINT('',#3632);
#1061=VERTEX_POINT('',#3634);
#1062=VERTEX_POINT('',#3638);
#1063=VERTEX_POINT('',#3640);
#1064=VERTEX_POINT('',#3644);
#1065=VERTEX_POINT('',#3646);
#1066=VERTEX_POINT('',#3650);
#1067=VERTEX_POINT('',#3652);
#1068=VERTEX_POINT('',#3656);
#1069=VERTEX_POINT('',#3658);
#1070=VERTEX_POINT('',#3662);
#1071=VERTEX_POINT('',#3664);
#1072=VERTEX_POINT('',#3668);
#1073=VERTEX_POINT('',#3670);
#1074=VERTEX_POINT('',#3674);
#1075=VERTEX_POINT('',#3676);
#1076=VERTEX_POINT('',#3680);
#1077=VERTEX_POINT('',#3681);
#1078=VERTEX_POINT('',#3683);
#1079=VERTEX_POINT('',#3685);
#1080=VERTEX_POINT('',#3689);
#1081=VERTEX_POINT('',#3690);
#1082=VERTEX_POINT('',#3692);
#1083=VERTEX_POINT('',#3694);
#1084=VERTEX_POINT('',#3698);
#1085=VERTEX_POINT('',#3699);
#1086=VERTEX_POINT('',#3701);
#1087=VERTEX_POINT('',#3703);
#1088=VERTEX_POINT('',#3707);
#1089=VERTEX_POINT('',#3708);
#1090=VERTEX_POINT('',#3710);
#1091=VERTEX_POINT('',#3712);
#1092=VERTEX_POINT('',#3716);
#1093=VERTEX_POINT('',#3718);
#1094=VERTEX_POINT('',#3722);
#1095=VERTEX_POINT('',#3724);
#1096=VERTEX_POINT('',#3728);
#1097=VERTEX_POINT('',#3730);
#1098=VERTEX_POINT('',#3734);
#1099=VERTEX_POINT('',#3736);
#1100=VERTEX_POINT('',#3740);
#1101=VERTEX_POINT('',#3741);
#1102=VERTEX_POINT('',#3743);
#1103=VERTEX_POINT('',#3745);
#1104=VERTEX_POINT('',#3749);
#1105=VERTEX_POINT('',#3750);
#1106=VERTEX_POINT('',#3752);
#1107=VERTEX_POINT('',#3754);
#1108=VERTEX_POINT('',#3758);
#1109=VERTEX_POINT('',#3759);
#1110=VERTEX_POINT('',#3764);
#1111=VERTEX_POINT('',#3766);
#1112=VERTEX_POINT('',#3770);
#1113=VERTEX_POINT('',#3771);
#1114=VERTEX_POINT('',#3773);
#1115=VERTEX_POINT('',#3775);
#1116=VERTEX_POINT('',#3779);
#1117=VERTEX_POINT('',#3781);
#1118=VERTEX_POINT('',#3785);
#1119=VERTEX_POINT('',#3786);
#1120=VERTEX_POINT('',#3794);
#1121=VERTEX_POINT('',#3796);
#1122=VERTEX_POINT('',#3806);
#1123=VERTEX_POINT('',#3808);
#1124=VERTEX_POINT('',#3812);
#1125=VERTEX_POINT('',#3814);
#1126=VERTEX_POINT('',#3816);
#1127=VERTEX_POINT('',#3819);
#1128=VERTEX_POINT('',#3821);
#1129=VERTEX_POINT('',#3823);
#1130=VERTEX_POINT('',#3825);
#1131=VERTEX_POINT('',#3829);
#1132=VERTEX_POINT('',#3835);
#1133=VERTEX_POINT('',#3839);
#1134=VERTEX_POINT('',#3843);
#1135=VERTEX_POINT('',#3844);
#1136=VERTEX_POINT('',#3849);
#1137=VERTEX_POINT('',#3851);
#1138=VERTEX_POINT('',#3857);
#1139=VERTEX_POINT('',#3865);
#1140=VERTEX_POINT('',#3875);
#1141=VERTEX_POINT('',#3876);
#1142=VERTEX_POINT('',#3878);
#1143=VERTEX_POINT('',#3880);
#1144=VERTEX_POINT('',#3884);
#1145=VERTEX_POINT('',#3886);
#1146=VERTEX_POINT('',#3890);
#1147=VERTEX_POINT('',#3892);
#1148=VERTEX_POINT('',#3896);
#1149=VERTEX_POINT('',#3897);
#1150=VERTEX_POINT('',#3899);
#1151=VERTEX_POINT('',#3901);
#1152=VERTEX_POINT('',#3903);
#1153=VERTEX_POINT('',#3905);
#1154=VERTEX_POINT('',#3907);
#1155=VERTEX_POINT('',#3909);
#1156=VERTEX_POINT('',#3911);
#1157=VERTEX_POINT('',#3913);
#1158=VERTEX_POINT('',#3915);
#1159=VERTEX_POINT('',#3917);
#1160=VERTEX_POINT('',#3919);
#1161=VERTEX_POINT('',#3921);
#1162=VERTEX_POINT('',#3923);
#1163=VERTEX_POINT('',#3925);
#1164=VERTEX_POINT('',#3928);
#1165=VERTEX_POINT('',#3930);
#1166=VERTEX_POINT('',#3932);
#1167=VERTEX_POINT('',#3934);
#1168=VERTEX_POINT('',#3937);
#1169=VERTEX_POINT('',#3938);
#1170=VERTEX_POINT('',#3940);
#1171=VERTEX_POINT('',#3942);
#1172=VERTEX_POINT('',#3945);
#1173=VERTEX_POINT('',#3946);
#1174=VERTEX_POINT('',#3948);
#1175=VERTEX_POINT('',#3950);
#1176=VERTEX_POINT('',#3953);
#1177=VERTEX_POINT('',#3954);
#1178=VERTEX_POINT('',#3956);
#1179=VERTEX_POINT('',#3958);
#1180=VERTEX_POINT('',#3961);
#1181=VERTEX_POINT('',#3962);
#1182=VERTEX_POINT('',#3964);
#1183=VERTEX_POINT('',#3966);
#1184=VERTEX_POINT('',#3970);
#1185=VERTEX_POINT('',#3974);
#1186=VERTEX_POINT('',#3978);
#1187=VERTEX_POINT('',#3982);
#1188=VERTEX_POINT('',#3986);
#1189=VERTEX_POINT('',#3987);
#1190=VERTEX_POINT('',#3989);
#1191=VERTEX_POINT('',#3991);
#1192=VERTEX_POINT('',#3993);
#1193=VERTEX_POINT('',#3995);
#1194=VERTEX_POINT('',#3997);
#1195=VERTEX_POINT('',#3999);
#1196=VERTEX_POINT('',#4001);
#1197=VERTEX_POINT('',#4003);
#1198=VERTEX_POINT('',#4005);
#1199=VERTEX_POINT('',#4007);
#1200=VERTEX_POINT('',#4009);
#1201=VERTEX_POINT('',#4011);
#1202=VERTEX_POINT('',#4013);
#1203=VERTEX_POINT('',#4015);
#1204=VERTEX_POINT('',#4019);
#1205=VERTEX_POINT('',#4020);
#1206=VERTEX_POINT('',#4022);
#1207=VERTEX_POINT('',#4024);
#1208=VERTEX_POINT('',#4027);
#1209=VERTEX_POINT('',#4028);
#1210=VERTEX_POINT('',#4030);
#1211=VERTEX_POINT('',#4032);
#1212=VERTEX_POINT('',#4035);
#1213=VERTEX_POINT('',#4036);
#1214=VERTEX_POINT('',#4038);
#1215=VERTEX_POINT('',#4040);
#1216=VERTEX_POINT('',#4043);
#1217=VERTEX_POINT('',#4044);
#1218=VERTEX_POINT('',#4046);
#1219=VERTEX_POINT('',#4048);
#1220=EDGE_CURVE('',#1004,#1004,#874,.T.);
#1221=EDGE_CURVE('',#1004,#1005,#486,.T.);
#1222=EDGE_CURVE('',#1005,#1005,#875,.T.);
#1223=EDGE_CURVE('',#1006,#1006,#876,.T.);
#1224=EDGE_CURVE('',#1006,#1007,#487,.T.);
#1225=EDGE_CURVE('',#1007,#1007,#877,.T.);
#1226=EDGE_CURVE('',#1008,#1008,#878,.T.);
#1227=EDGE_CURVE('',#1008,#1009,#488,.T.);
#1228=EDGE_CURVE('',#1009,#1009,#879,.T.);
#1229=EDGE_CURVE('',#1010,#1010,#880,.T.);
#1230=EDGE_CURVE('',#1010,#1011,#489,.T.);
#1231=EDGE_CURVE('',#1011,#1011,#881,.T.);
#1232=EDGE_CURVE('',#1012,#1012,#882,.T.);
#1233=EDGE_CURVE('',#1012,#1013,#490,.T.);
#1234=EDGE_CURVE('',#1013,#1013,#883,.T.);
#1235=EDGE_CURVE('',#1014,#1014,#884,.T.);
#1236=EDGE_CURVE('',#1014,#1015,#491,.T.);
#1237=EDGE_CURVE('',#1015,#1015,#885,.T.);
#1238=EDGE_CURVE('',#1016,#1016,#886,.T.);
#1239=EDGE_CURVE('',#1016,#1017,#492,.T.);
#1240=EDGE_CURVE('',#1017,#1017,#887,.T.);
#1241=EDGE_CURVE('',#1018,#1018,#888,.T.);
#1242=EDGE_CURVE('',#1018,#1019,#493,.T.);
#1243=EDGE_CURVE('',#1019,#1019,#889,.T.);
#1244=EDGE_CURVE('',#1020,#1021,#494,.T.);
#1245=EDGE_CURVE('',#1022,#1020,#495,.T.);
#1246=EDGE_CURVE('',#1022,#1023,#496,.T.);
#1247=EDGE_CURVE('',#1023,#1021,#497,.T.);
#1248=EDGE_CURVE('',#1021,#1024,#890,.T.);
#1249=EDGE_CURVE('',#1025,#1023,#498,.T.);
#1250=EDGE_CURVE('',#1024,#1025,#499,.T.);
#1251=EDGE_CURVE('',#1026,#1022,#500,.T.);
#1252=EDGE_CURVE('',#1026,#1025,#501,.T.);
#1253=EDGE_CURVE('',#1024,#1027,#502,.T.);
#1254=EDGE_CURVE('',#1027,#1026,#503,.T.);
#1255=EDGE_CURVE('',#1028,#1027,#891,.T.);
#1256=EDGE_CURVE('',#1028,#1029,#504,.T.);
#1257=EDGE_CURVE('',#1029,#1029,#892,.T.);
#1258=EDGE_CURVE('',#1020,#1028,#893,.T.);
#1259=EDGE_CURVE('',#1030,#1030,#894,.T.);
#1260=EDGE_CURVE('',#1030,#1031,#505,.T.);
#1261=EDGE_CURVE('',#1031,#1031,#895,.T.);
#1262=EDGE_CURVE('',#1032,#1032,#896,.T.);
#1263=EDGE_CURVE('',#1032,#1033,#506,.T.);
#1264=EDGE_CURVE('',#1033,#1033,#897,.T.);
#1265=EDGE_CURVE('',#1034,#1034,#898,.T.);
#1266=EDGE_CURVE('',#1034,#1035,#507,.T.);
#1267=EDGE_CURVE('',#1035,#1035,#899,.T.);
#1268=EDGE_CURVE('',#1036,#1036,#900,.T.);
#1269=EDGE_CURVE('',#1036,#1037,#508,.T.);
#1270=EDGE_CURVE('',#1037,#1037,#901,.T.);
#1271=EDGE_CURVE('',#1038,#1038,#902,.T.);
#1272=EDGE_CURVE('',#1038,#1039,#509,.T.);
#1273=EDGE_CURVE('',#1039,#1039,#903,.T.);
#1274=EDGE_CURVE('',#1040,#1040,#904,.T.);
#1275=EDGE_CURVE('',#1040,#1041,#510,.T.);
#1276=EDGE_CURVE('',#1041,#1041,#905,.T.);
#1277=EDGE_CURVE('',#1042,#1042,#906,.T.);
#1278=EDGE_CURVE('',#1042,#1043,#511,.T.);
#1279=EDGE_CURVE('',#1043,#1043,#907,.T.);
#1280=EDGE_CURVE('',#1044,#1044,#908,.T.);
#1281=EDGE_CURVE('',#1044,#1045,#512,.T.);
#1282=EDGE_CURVE('',#1045,#1045,#909,.T.);
#1283=EDGE_CURVE('',#1046,#1046,#910,.T.);
#1284=EDGE_CURVE('',#1047,#1047,#911,.T.);
#1285=EDGE_CURVE('',#1048,#1048,#912,.T.);
#1286=EDGE_CURVE('',#1048,#1046,#513,.T.);
#1287=EDGE_CURVE('',#1049,#1049,#913,.T.);
#1288=EDGE_CURVE('',#1050,#1050,#914,.T.);
#1289=EDGE_CURVE('',#1051,#1051,#915,.T.);
#1290=EDGE_CURVE('',#1052,#1052,#916,.T.);
#1291=EDGE_CURVE('',#1051,#1049,#514,.T.);
#1292=EDGE_CURVE('',#1047,#1052,#515,.T.);
#1293=EDGE_CURVE('',#1050,#1053,#516,.T.);
#1294=EDGE_CURVE('',#1053,#1053,#917,.T.);
#1295=EDGE_CURVE('',#1054,#1054,#918,.T.);
#1296=EDGE_CURVE('',#1054,#1055,#517,.T.);
#1297=EDGE_CURVE('',#1055,#1055,#919,.T.);
#1298=EDGE_CURVE('',#1056,#1056,#920,.T.);
#1299=EDGE_CURVE('',#1056,#1057,#518,.T.);
#1300=EDGE_CURVE('',#1057,#1057,#921,.T.);
#1301=EDGE_CURVE('',#1058,#1058,#922,.T.);
#1302=EDGE_CURVE('',#1058,#1059,#519,.T.);
#1303=EDGE_CURVE('',#1059,#1059,#923,.T.);
#1304=EDGE_CURVE('',#1060,#1060,#924,.T.);
#1305=EDGE_CURVE('',#1060,#1061,#520,.T.);
#1306=EDGE_CURVE('',#1061,#1061,#925,.T.);
#1307=EDGE_CURVE('',#1062,#1062,#926,.T.);
#1308=EDGE_CURVE('',#1062,#1063,#521,.T.);
#1309=EDGE_CURVE('',#1063,#1063,#927,.T.);
#1310=EDGE_CURVE('',#1064,#1064,#928,.T.);
#1311=EDGE_CURVE('',#1064,#1065,#522,.T.);
#1312=EDGE_CURVE('',#1065,#1065,#929,.T.);
#1313=EDGE_CURVE('',#1066,#1066,#930,.T.);
#1314=EDGE_CURVE('',#1066,#1067,#523,.T.);
#1315=EDGE_CURVE('',#1067,#1067,#931,.T.);
#1316=EDGE_CURVE('',#1068,#1068,#932,.T.);
#1317=EDGE_CURVE('',#1068,#1069,#524,.T.);
#1318=EDGE_CURVE('',#1069,#1069,#933,.T.);
#1319=EDGE_CURVE('',#1070,#1070,#934,.T.);
#1320=EDGE_CURVE('',#1070,#1071,#525,.T.);
#1321=EDGE_CURVE('',#1071,#1071,#935,.T.);
#1322=EDGE_CURVE('',#1072,#1072,#936,.T.);
#1323=EDGE_CURVE('',#1072,#1073,#526,.T.);
#1324=EDGE_CURVE('',#1073,#1073,#937,.T.);
#1325=EDGE_CURVE('',#1074,#1074,#938,.T.);
#1326=EDGE_CURVE('',#1074,#1075,#527,.T.);
#1327=EDGE_CURVE('',#1075,#1075,#939,.T.);
#1328=EDGE_CURVE('',#1076,#1077,#528,.T.);
#1329=EDGE_CURVE('',#1078,#1076,#940,.T.);
#1330=EDGE_CURVE('',#1079,#1078,#529,.T.);
#1331=EDGE_CURVE('',#1077,#1079,#941,.T.);
#1332=EDGE_CURVE('',#1080,#1081,#530,.T.);
#1333=EDGE_CURVE('',#1082,#1080,#942,.T.);
#1334=EDGE_CURVE('',#1083,#1082,#531,.T.);
#1335=EDGE_CURVE('',#1081,#1083,#943,.T.);
#1336=EDGE_CURVE('',#1084,#1085,#532,.T.);
#1337=EDGE_CURVE('',#1086,#1084,#944,.T.);
#1338=EDGE_CURVE('',#1087,#1086,#533,.T.);
#1339=EDGE_CURVE('',#1085,#1087,#945,.T.);
#1340=EDGE_CURVE('',#1088,#1089,#534,.T.);
#1341=EDGE_CURVE('',#1090,#1088,#946,.T.);
#1342=EDGE_CURVE('',#1091,#1090,#535,.T.);
#1343=EDGE_CURVE('',#1089,#1091,#947,.T.);
#1344=EDGE_CURVE('',#1089,#1092,#536,.T.);
#1345=EDGE_CURVE('',#1093,#1092,#537,.T.);
#1346=EDGE_CURVE('',#1088,#1093,#538,.T.);
#1347=EDGE_CURVE('',#1086,#1094,#539,.T.);
#1348=EDGE_CURVE('',#1095,#1094,#540,.T.);
#1349=EDGE_CURVE('',#1087,#1095,#541,.T.);
#1350=EDGE_CURVE('',#1081,#1096,#542,.T.);
#1351=EDGE_CURVE('',#1097,#1096,#543,.T.);
#1352=EDGE_CURVE('',#1080,#1097,#544,.T.);
#1353=EDGE_CURVE('',#1078,#1098,#545,.T.);
#1354=EDGE_CURVE('',#1099,#1098,#546,.T.);
#1355=EDGE_CURVE('',#1079,#1099,#547,.T.);
#1356=EDGE_CURVE('',#1100,#1101,#548,.T.);
#1357=EDGE_CURVE('',#1102,#1100,#549,.T.);
#1358=EDGE_CURVE('',#1102,#1103,#550,.T.);
#1359=EDGE_CURVE('',#1103,#1101,#551,.T.);
#1360=EDGE_CURVE('',#1104,#1105,#552,.T.);
#1361=EDGE_CURVE('',#1104,#1106,#553,.T.);
#1362=EDGE_CURVE('',#1106,#1107,#554,.T.);
#1363=EDGE_CURVE('',#1105,#1107,#555,.T.);
#1364=EDGE_CURVE('',#1108,#1109,#556,.T.);
#1365=EDGE_CURVE('',#1101,#1108,#557,.T.);
#1366=EDGE_CURVE('',#1103,#1109,#558,.T.);
#1367=EDGE_CURVE('',#1110,#1077,#559,.T.);
#1368=EDGE_CURVE('',#1111,#1110,#560,.T.);
#1369=EDGE_CURVE('',#1111,#1076,#561,.T.);
#1370=EDGE_CURVE('',#1112,#1113,#562,.T.);
#1371=EDGE_CURVE('',#1114,#1112,#563,.T.);
#1372=EDGE_CURVE('',#1115,#1114,#564,.T.);
#1373=EDGE_CURVE('',#1115,#1113,#565,.T.);
#1374=EDGE_CURVE('',#1116,#1090,#566,.T.);
#1375=EDGE_CURVE('',#1117,#1116,#567,.T.);
#1376=EDGE_CURVE('',#1117,#1091,#568,.T.);
#1377=EDGE_CURVE('',#1118,#1119,#569,.T.);
#1378=EDGE_CURVE('',#1118,#1102,#570,.T.);
#1379=EDGE_CURVE('',#1119,#1100,#571,.T.);
#1380=EDGE_CURVE('',#1107,#1114,#572,.T.);
#1381=EDGE_CURVE('',#1106,#1115,#573,.T.);
#1382=EDGE_CURVE('',#1120,#1085,#574,.T.);
#1383=EDGE_CURVE('',#1121,#1120,#575,.T.);
#1384=EDGE_CURVE('',#1121,#1084,#576,.T.);
#1385=EDGE_CURVE('',#1121,#1094,#948,.T.);
#1386=EDGE_CURVE('',#1095,#1120,#949,.T.);
#1387=EDGE_CURVE('',#1099,#1110,#950,.T.);
#1388=EDGE_CURVE('',#1111,#1098,#951,.T.);
#1389=EDGE_CURVE('',#1122,#1119,#952,.T.);
#1390=EDGE_CURVE('',#1122,#1123,#577,.T.);
#1391=EDGE_CURVE('',#1118,#1123,#953,.T.);
#1392=EDGE_CURVE('',#1124,#1123,#578,.T.);
#1393=EDGE_CURVE('',#1125,#1124,#579,.T.);
#1394=EDGE_CURVE('',#1126,#1125,#580,.T.);
#1395=EDGE_CURVE('',#1126,#1113,#954,.T.);
#1396=EDGE_CURVE('',#1104,#1127,#955,.T.);
#1397=EDGE_CURVE('',#1128,#1127,#581,.T.);
#1398=EDGE_CURVE('',#1129,#1128,#582,.T.);
#1399=EDGE_CURVE('',#1130,#1129,#583,.T.);
#1400=EDGE_CURVE('',#1130,#1109,#956,.T.);
#1401=EDGE_CURVE('',#1117,#1092,#957,.T.);
#1402=EDGE_CURVE('',#1131,#1083,#584,.T.);
#1403=EDGE_CURVE('',#1131,#1096,#958,.T.);
#1404=EDGE_CURVE('',#1093,#1116,#959,.T.);
#1405=EDGE_CURVE('',#1126,#1132,#585,.T.);
#1406=EDGE_CURVE('',#1112,#1132,#960,.T.);
#1407=EDGE_CURVE('',#1133,#1105,#961,.T.);
#1408=EDGE_CURVE('',#1133,#1127,#586,.T.);
#1409=EDGE_CURVE('',#1134,#1135,#587,.T.);
#1410=EDGE_CURVE('',#1125,#1134,#588,.T.);
#1411=EDGE_CURVE('',#1124,#1135,#589,.T.);
#1412=EDGE_CURVE('',#1130,#1136,#590,.T.);
#1413=EDGE_CURVE('',#1129,#1137,#591,.T.);
#1414=EDGE_CURVE('',#1136,#1137,#592,.T.);
#1415=EDGE_CURVE('',#1135,#1122,#593,.T.);
#1416=EDGE_CURVE('',#1138,#1133,#594,.T.);
#1417=EDGE_CURVE('',#1128,#1138,#595,.T.);
#1418=EDGE_CURVE('',#1132,#1134,#596,.T.);
#1419=EDGE_CURVE('',#1137,#1138,#597,.T.);
#1420=EDGE_CURVE('',#1139,#1082,#598,.T.);
#1421=EDGE_CURVE('',#1131,#1139,#599,.T.);
#1422=EDGE_CURVE('',#1097,#1139,#962,.T.);
#1423=EDGE_CURVE('',#1108,#1136,#963,.T.);
#1424=EDGE_CURVE('',#1140,#1141,#600,.T.);
#1425=EDGE_CURVE('',#1142,#1140,#964,.T.);
#1426=EDGE_CURVE('',#1143,#1142,#601,.T.);
#1427=EDGE_CURVE('',#1141,#1143,#965,.T.);
#1428=EDGE_CURVE('',#1144,#1142,#966,.T.);
#1429=EDGE_CURVE('',#1144,#1145,#602,.T.);
#1430=EDGE_CURVE('',#1143,#1145,#967,.T.);
#1431=EDGE_CURVE('',#1146,#1141,#968,.T.);
#1432=EDGE_CURVE('',#1146,#1147,#603,.T.);
#1433=EDGE_CURVE('',#1140,#1147,#969,.T.);
#1434=EDGE_CURVE('',#1148,#1149,#970,.T.);
#1435=EDGE_CURVE('',#1149,#1150,#604,.T.);
#1436=EDGE_CURVE('',#1150,#1151,#605,.T.);
#1437=EDGE_CURVE('',#1151,#1152,#606,.T.);
#1438=EDGE_CURVE('',#1152,#1153,#971,.T.);
#1439=EDGE_CURVE('',#1153,#1154,#607,.T.);
#1440=EDGE_CURVE('',#1154,#1155,#608,.T.);
#1441=EDGE_CURVE('',#1155,#1156,#609,.T.);
#1442=EDGE_CURVE('',#1156,#1157,#972,.T.);
#1443=EDGE_CURVE('',#1157,#1158,#610,.T.);
#1444=EDGE_CURVE('',#1158,#1159,#611,.T.);
#1445=EDGE_CURVE('',#1159,#1160,#612,.T.);
#1446=EDGE_CURVE('',#1160,#1161,#973,.T.);
#1447=EDGE_CURVE('',#1161,#1162,#613,.T.);
#1448=EDGE_CURVE('',#1162,#1163,#614,.T.);
#1449=EDGE_CURVE('',#1163,#1148,#615,.T.);
#1450=EDGE_CURVE('',#1145,#1164,#974,.T.);
#1451=EDGE_CURVE('',#1164,#1165,#975,.T.);
#1452=EDGE_CURVE('',#1165,#1166,#976,.T.);
#1453=EDGE_CURVE('',#1166,#1167,#977,.T.);
#1454=EDGE_CURVE('',#1167,#1146,#978,.T.);
#1455=EDGE_CURVE('',#1168,#1169,#616,.T.);
#1456=EDGE_CURVE('',#1169,#1170,#979,.T.);
#1457=EDGE_CURVE('',#1170,#1171,#617,.T.);
#1458=EDGE_CURVE('',#1171,#1168,#980,.T.);
#1459=EDGE_CURVE('',#1172,#1173,#618,.T.);
#1460=EDGE_CURVE('',#1173,#1174,#981,.T.);
#1461=EDGE_CURVE('',#1174,#1175,#619,.T.);
#1462=EDGE_CURVE('',#1175,#1172,#982,.T.);
#1463=EDGE_CURVE('',#1176,#1177,#983,.T.);
#1464=EDGE_CURVE('',#1177,#1178,#620,.T.);
#1465=EDGE_CURVE('',#1178,#1179,#984,.T.);
#1466=EDGE_CURVE('',#1179,#1176,#621,.T.);
#1467=EDGE_CURVE('',#1180,#1181,#985,.T.);
#1468=EDGE_CURVE('',#1181,#1182,#622,.T.);
#1469=EDGE_CURVE('',#1182,#1183,#986,.T.);
#1470=EDGE_CURVE('',#1183,#1180,#623,.T.);
#1471=EDGE_CURVE('',#1184,#1144,#987,.T.);
#1472=EDGE_CURVE('',#1164,#1184,#624,.T.);
#1473=EDGE_CURVE('',#1185,#1184,#988,.T.);
#1474=EDGE_CURVE('',#1185,#1165,#625,.T.);
#1475=EDGE_CURVE('',#1166,#1186,#626,.T.);
#1476=EDGE_CURVE('',#1186,#1185,#989,.T.);
#1477=EDGE_CURVE('',#1187,#1186,#990,.T.);
#1478=EDGE_CURVE('',#1187,#1167,#627,.T.);
#1479=EDGE_CURVE('',#1188,#1189,#628,.T.);
#1480=EDGE_CURVE('',#1190,#1188,#629,.T.);
#1481=EDGE_CURVE('',#1190,#1191,#991,.T.);
#1482=EDGE_CURVE('',#1192,#1191,#630,.T.);
#1483=EDGE_CURVE('',#1193,#1192,#631,.T.);
#1484=EDGE_CURVE('',#1194,#1193,#632,.T.);
#1485=EDGE_CURVE('',#1194,#1195,#992,.T.);
#1486=EDGE_CURVE('',#1196,#1195,#633,.T.);
#1487=EDGE_CURVE('',#1197,#1196,#634,.T.);
#1488=EDGE_CURVE('',#1198,#1197,#635,.T.);
#1489=EDGE_CURVE('',#1198,#1199,#993,.T.);
#1490=EDGE_CURVE('',#1200,#1199,#636,.T.);
#1491=EDGE_CURVE('',#1201,#1200,#637,.T.);
#1492=EDGE_CURVE('',#1202,#1201,#638,.T.);
#1493=EDGE_CURVE('',#1202,#1203,#994,.T.);
#1494=EDGE_CURVE('',#1189,#1203,#639,.T.);
#1495=EDGE_CURVE('',#1147,#1187,#995,.T.);
#1496=EDGE_CURVE('',#1204,#1205,#640,.T.);
#1497=EDGE_CURVE('',#1204,#1206,#996,.T.);
#1498=EDGE_CURVE('',#1207,#1206,#641,.T.);
#1499=EDGE_CURVE('',#1207,#1205,#997,.T.);
#1500=EDGE_CURVE('',#1208,#1209,#642,.T.);
#1501=EDGE_CURVE('',#1208,#1210,#998,.T.);
#1502=EDGE_CURVE('',#1211,#1210,#643,.T.);
#1503=EDGE_CURVE('',#1211,#1209,#999,.T.);
#1504=EDGE_CURVE('',#1212,#1213,#1000,.T.);
#1505=EDGE_CURVE('',#1214,#1213,#644,.T.);
#1506=EDGE_CURVE('',#1214,#1215,#1001,.T.);
#1507=EDGE_CURVE('',#1212,#1215,#645,.T.);
#1508=EDGE_CURVE('',#1216,#1217,#1002,.T.);
#1509=EDGE_CURVE('',#1218,#1217,#646,.T.);
#1510=EDGE_CURVE('',#1218,#1219,#1003,.T.);
#1511=EDGE_CURVE('',#1216,#1219,#647,.T.);
#1512=EDGE_CURVE('',#1209,#1180,#648,.T.);
#1513=EDGE_CURVE('',#1181,#1211,#649,.T.);
#1514=EDGE_CURVE('',#1172,#1216,#650,.T.);
#1515=EDGE_CURVE('',#1217,#1175,#651,.T.);
#1516=EDGE_CURVE('',#1205,#1176,#652,.T.);
#1517=EDGE_CURVE('',#1177,#1207,#653,.T.);
#1518=EDGE_CURVE('',#1168,#1212,#654,.T.);
#1519=EDGE_CURVE('',#1213,#1171,#655,.T.);
#1520=EDGE_CURVE('',#1169,#1215,#656,.T.);
#1521=EDGE_CURVE('',#1178,#1206,#657,.T.);
#1522=EDGE_CURVE('',#1173,#1219,#658,.T.);
#1523=EDGE_CURVE('',#1182,#1210,#659,.T.);
#1524=EDGE_CURVE('',#1188,#1162,#660,.T.);
#1525=EDGE_CURVE('',#1189,#1163,#661,.T.);
#1526=EDGE_CURVE('',#1198,#1153,#662,.T.);
#1527=EDGE_CURVE('',#1197,#1154,#663,.T.);
#1528=EDGE_CURVE('',#1148,#1203,#664,.T.);
#1529=EDGE_CURVE('',#1208,#1183,#665,.T.);
#1530=EDGE_CURVE('',#1156,#1195,#666,.T.);
#1531=EDGE_CURVE('',#1196,#1155,#667,.T.);
#1532=EDGE_CURVE('',#1214,#1170,#668,.T.);
#1533=EDGE_CURVE('',#1190,#1161,#669,.T.);
#1534=EDGE_CURVE('',#1204,#1179,#670,.T.);
#1535=EDGE_CURVE('',#1160,#1191,#671,.T.);
#1536=EDGE_CURVE('',#1194,#1157,#672,.T.);
#1537=EDGE_CURVE('',#1152,#1199,#673,.T.);
#1538=EDGE_CURVE('',#1193,#1158,#674,.T.);
#1539=EDGE_CURVE('',#1192,#1159,#675,.T.);
#1540=EDGE_CURVE('',#1202,#1149,#676,.T.);
#1541=EDGE_CURVE('',#1201,#1150,#677,.T.);
#1542=EDGE_CURVE('',#1200,#1151,#678,.T.);
#1543=EDGE_CURVE('',#1218,#1174,#679,.T.);
#1544=ORIENTED_EDGE('',*,*,#1220,.F.);
#1545=ORIENTED_EDGE('',*,*,#1221,.T.);
#1546=ORIENTED_EDGE('',*,*,#1222,.F.);
#1547=ORIENTED_EDGE('',*,*,#1221,.F.);
#1548=ORIENTED_EDGE('',*,*,#1223,.F.);
#1549=ORIENTED_EDGE('',*,*,#1224,.T.);
#1550=ORIENTED_EDGE('',*,*,#1225,.F.);
#1551=ORIENTED_EDGE('',*,*,#1224,.F.);
#1552=ORIENTED_EDGE('',*,*,#1226,.F.);
#1553=ORIENTED_EDGE('',*,*,#1227,.T.);
#1554=ORIENTED_EDGE('',*,*,#1228,.F.);
#1555=ORIENTED_EDGE('',*,*,#1227,.F.);
#1556=ORIENTED_EDGE('',*,*,#1229,.F.);
#1557=ORIENTED_EDGE('',*,*,#1230,.T.);
#1558=ORIENTED_EDGE('',*,*,#1231,.F.);
#1559=ORIENTED_EDGE('',*,*,#1230,.F.);
#1560=ORIENTED_EDGE('',*,*,#1232,.F.);
#1561=ORIENTED_EDGE('',*,*,#1233,.T.);
#1562=ORIENTED_EDGE('',*,*,#1234,.F.);
#1563=ORIENTED_EDGE('',*,*,#1233,.F.);
#1564=ORIENTED_EDGE('',*,*,#1235,.F.);
#1565=ORIENTED_EDGE('',*,*,#1236,.T.);
#1566=ORIENTED_EDGE('',*,*,#1237,.F.);
#1567=ORIENTED_EDGE('',*,*,#1236,.F.);
#1568=ORIENTED_EDGE('',*,*,#1238,.F.);
#1569=ORIENTED_EDGE('',*,*,#1239,.T.);
#1570=ORIENTED_EDGE('',*,*,#1240,.F.);
#1571=ORIENTED_EDGE('',*,*,#1239,.F.);
#1572=ORIENTED_EDGE('',*,*,#1241,.F.);
#1573=ORIENTED_EDGE('',*,*,#1242,.T.);
#1574=ORIENTED_EDGE('',*,*,#1243,.F.);
#1575=ORIENTED_EDGE('',*,*,#1242,.F.);
#1576=ORIENTED_EDGE('',*,*,#1243,.T.);
#1577=ORIENTED_EDGE('',*,*,#1220,.T.);
#1578=ORIENTED_EDGE('',*,*,#1223,.T.);
#1579=ORIENTED_EDGE('',*,*,#1226,.T.);
#1580=ORIENTED_EDGE('',*,*,#1229,.T.);
#1581=ORIENTED_EDGE('',*,*,#1232,.T.);
#1582=ORIENTED_EDGE('',*,*,#1235,.T.);
#1583=ORIENTED_EDGE('',*,*,#1238,.T.);
#1584=ORIENTED_EDGE('',*,*,#1241,.T.);
#1585=ORIENTED_EDGE('',*,*,#1222,.T.);
#1586=ORIENTED_EDGE('',*,*,#1225,.T.);
#1587=ORIENTED_EDGE('',*,*,#1228,.T.);
#1588=ORIENTED_EDGE('',*,*,#1231,.T.);
#1589=ORIENTED_EDGE('',*,*,#1234,.T.);
#1590=ORIENTED_EDGE('',*,*,#1237,.T.);
#1591=ORIENTED_EDGE('',*,*,#1240,.T.);
#1592=ORIENTED_EDGE('',*,*,#1244,.F.);
#1593=ORIENTED_EDGE('',*,*,#1245,.F.);
#1594=ORIENTED_EDGE('',*,*,#1246,.T.);
#1595=ORIENTED_EDGE('',*,*,#1247,.T.);
#1596=ORIENTED_EDGE('',*,*,#1248,.F.);
#1597=ORIENTED_EDGE('',*,*,#1247,.F.);
#1598=ORIENTED_EDGE('',*,*,#1249,.F.);
#1599=ORIENTED_EDGE('',*,*,#1250,.F.);
#1600=ORIENTED_EDGE('',*,*,#1251,.F.);
#1601=ORIENTED_EDGE('',*,*,#1252,.T.);
#1602=ORIENTED_EDGE('',*,*,#1249,.T.);
#1603=ORIENTED_EDGE('',*,*,#1246,.F.);
#1604=ORIENTED_EDGE('',*,*,#1253,.F.);
#1605=ORIENTED_EDGE('',*,*,#1250,.T.);
#1606=ORIENTED_EDGE('',*,*,#1252,.F.);
#1607=ORIENTED_EDGE('',*,*,#1254,.F.);
#1608=ORIENTED_EDGE('',*,*,#1244,.T.);
#1609=ORIENTED_EDGE('',*,*,#1248,.T.);
#1610=ORIENTED_EDGE('',*,*,#1253,.T.);
#1611=ORIENTED_EDGE('',*,*,#1255,.F.);
#1612=ORIENTED_EDGE('',*,*,#1256,.T.);
#1613=ORIENTED_EDGE('',*,*,#1257,.F.);
#1614=ORIENTED_EDGE('',*,*,#1256,.F.);
#1615=ORIENTED_EDGE('',*,*,#1258,.F.);
#1616=ORIENTED_EDGE('',*,*,#1259,.F.);
#1617=ORIENTED_EDGE('',*,*,#1260,.T.);
#1618=ORIENTED_EDGE('',*,*,#1261,.F.);
#1619=ORIENTED_EDGE('',*,*,#1260,.F.);
#1620=ORIENTED_EDGE('',*,*,#1262,.F.);
#1621=ORIENTED_EDGE('',*,*,#1263,.T.);
#1622=ORIENTED_EDGE('',*,*,#1264,.F.);
#1623=ORIENTED_EDGE('',*,*,#1263,.F.);
#1624=ORIENTED_EDGE('',*,*,#1265,.F.);
#1625=ORIENTED_EDGE('',*,*,#1266,.T.);
#1626=ORIENTED_EDGE('',*,*,#1267,.F.);
#1627=ORIENTED_EDGE('',*,*,#1266,.F.);
#1628=ORIENTED_EDGE('',*,*,#1268,.F.);
#1629=ORIENTED_EDGE('',*,*,#1269,.T.);
#1630=ORIENTED_EDGE('',*,*,#1270,.F.);
#1631=ORIENTED_EDGE('',*,*,#1269,.F.);
#1632=ORIENTED_EDGE('',*,*,#1271,.F.);
#1633=ORIENTED_EDGE('',*,*,#1272,.T.);
#1634=ORIENTED_EDGE('',*,*,#1273,.F.);
#1635=ORIENTED_EDGE('',*,*,#1272,.F.);
#1636=ORIENTED_EDGE('',*,*,#1274,.F.);
#1637=ORIENTED_EDGE('',*,*,#1275,.T.);
#1638=ORIENTED_EDGE('',*,*,#1276,.F.);
#1639=ORIENTED_EDGE('',*,*,#1275,.F.);
#1640=ORIENTED_EDGE('',*,*,#1277,.F.);
#1641=ORIENTED_EDGE('',*,*,#1278,.T.);
#1642=ORIENTED_EDGE('',*,*,#1279,.F.);
#1643=ORIENTED_EDGE('',*,*,#1278,.F.);
#1644=ORIENTED_EDGE('',*,*,#1280,.F.);
#1645=ORIENTED_EDGE('',*,*,#1281,.T.);
#1646=ORIENTED_EDGE('',*,*,#1282,.F.);
#1647=ORIENTED_EDGE('',*,*,#1281,.F.);
#1648=ORIENTED_EDGE('',*,*,#1283,.T.);
#1649=ORIENTED_EDGE('',*,*,#1259,.T.);
#1650=ORIENTED_EDGE('',*,*,#1262,.T.);
#1651=ORIENTED_EDGE('',*,*,#1265,.T.);
#1652=ORIENTED_EDGE('',*,*,#1268,.T.);
#1653=ORIENTED_EDGE('',*,*,#1284,.F.);
#1654=ORIENTED_EDGE('',*,*,#1285,.F.);
#1655=ORIENTED_EDGE('',*,*,#1286,.T.);
#1656=ORIENTED_EDGE('',*,*,#1283,.F.);
#1657=ORIENTED_EDGE('',*,*,#1286,.F.);
#1658=ORIENTED_EDGE('',*,*,#1287,.T.);
#1659=ORIENTED_EDGE('',*,*,#1271,.T.);
#1660=ORIENTED_EDGE('',*,*,#1274,.T.);
#1661=ORIENTED_EDGE('',*,*,#1277,.T.);
#1662=ORIENTED_EDGE('',*,*,#1280,.T.);
#1663=ORIENTED_EDGE('',*,*,#1288,.F.);
#1664=ORIENTED_EDGE('',*,*,#1289,.T.);
#1665=ORIENTED_EDGE('',*,*,#1273,.T.);
#1666=ORIENTED_EDGE('',*,*,#1276,.T.);
#1667=ORIENTED_EDGE('',*,*,#1279,.T.);
#1668=ORIENTED_EDGE('',*,*,#1282,.T.);
#1669=ORIENTED_EDGE('',*,*,#1290,.F.);
#1670=ORIENTED_EDGE('',*,*,#1289,.F.);
#1671=ORIENTED_EDGE('',*,*,#1291,.T.);
#1672=ORIENTED_EDGE('',*,*,#1287,.F.);
#1673=ORIENTED_EDGE('',*,*,#1291,.F.);
#1674=ORIENTED_EDGE('',*,*,#1284,.T.);
#1675=ORIENTED_EDGE('',*,*,#1292,.T.);
#1676=ORIENTED_EDGE('',*,*,#1290,.T.);
#1677=ORIENTED_EDGE('',*,*,#1292,.F.);
#1678=ORIENTED_EDGE('',*,*,#1288,.T.);
#1679=ORIENTED_EDGE('',*,*,#1293,.T.);
#1680=ORIENTED_EDGE('',*,*,#1294,.F.);
#1681=ORIENTED_EDGE('',*,*,#1293,.F.);
#1682=ORIENTED_EDGE('',*,*,#1294,.T.);
#1683=ORIENTED_EDGE('',*,*,#1245,.T.);
#1684=ORIENTED_EDGE('',*,*,#1258,.T.);
#1685=ORIENTED_EDGE('',*,*,#1255,.T.);
#1686=ORIENTED_EDGE('',*,*,#1254,.T.);
#1687=ORIENTED_EDGE('',*,*,#1251,.T.);
#1688=ORIENTED_EDGE('',*,*,#1285,.T.);
#1689=ORIENTED_EDGE('',*,*,#1261,.T.);
#1690=ORIENTED_EDGE('',*,*,#1264,.T.);
#1691=ORIENTED_EDGE('',*,*,#1267,.T.);
#1692=ORIENTED_EDGE('',*,*,#1270,.T.);
#1693=ORIENTED_EDGE('',*,*,#1257,.T.);
#1694=ORIENTED_EDGE('',*,*,#1295,.F.);
#1695=ORIENTED_EDGE('',*,*,#1296,.T.);
#1696=ORIENTED_EDGE('',*,*,#1297,.F.);
#1697=ORIENTED_EDGE('',*,*,#1296,.F.);
#1698=ORIENTED_EDGE('',*,*,#1298,.F.);
#1699=ORIENTED_EDGE('',*,*,#1299,.T.);
#1700=ORIENTED_EDGE('',*,*,#1300,.F.);
#1701=ORIENTED_EDGE('',*,*,#1299,.F.);
#1702=ORIENTED_EDGE('',*,*,#1301,.F.);
#1703=ORIENTED_EDGE('',*,*,#1302,.T.);
#1704=ORIENTED_EDGE('',*,*,#1303,.F.);
#1705=ORIENTED_EDGE('',*,*,#1302,.F.);
#1706=ORIENTED_EDGE('',*,*,#1304,.F.);
#1707=ORIENTED_EDGE('',*,*,#1305,.T.);
#1708=ORIENTED_EDGE('',*,*,#1306,.F.);
#1709=ORIENTED_EDGE('',*,*,#1305,.F.);
#1710=ORIENTED_EDGE('',*,*,#1307,.F.);
#1711=ORIENTED_EDGE('',*,*,#1308,.T.);
#1712=ORIENTED_EDGE('',*,*,#1309,.F.);
#1713=ORIENTED_EDGE('',*,*,#1308,.F.);
#1714=ORIENTED_EDGE('',*,*,#1310,.F.);
#1715=ORIENTED_EDGE('',*,*,#1311,.T.);
#1716=ORIENTED_EDGE('',*,*,#1312,.F.);
#1717=ORIENTED_EDGE('',*,*,#1311,.F.);
#1718=ORIENTED_EDGE('',*,*,#1313,.F.);
#1719=ORIENTED_EDGE('',*,*,#1314,.T.);
#1720=ORIENTED_EDGE('',*,*,#1315,.F.);
#1721=ORIENTED_EDGE('',*,*,#1314,.F.);
#1722=ORIENTED_EDGE('',*,*,#1316,.F.);
#1723=ORIENTED_EDGE('',*,*,#1317,.T.);
#1724=ORIENTED_EDGE('',*,*,#1318,.F.);
#1725=ORIENTED_EDGE('',*,*,#1317,.F.);
#1726=ORIENTED_EDGE('',*,*,#1319,.F.);
#1727=ORIENTED_EDGE('',*,*,#1320,.T.);
#1728=ORIENTED_EDGE('',*,*,#1321,.F.);
#1729=ORIENTED_EDGE('',*,*,#1320,.F.);
#1730=ORIENTED_EDGE('',*,*,#1322,.F.);
#1731=ORIENTED_EDGE('',*,*,#1323,.T.);
#1732=ORIENTED_EDGE('',*,*,#1324,.F.);
#1733=ORIENTED_EDGE('',*,*,#1323,.F.);
#1734=ORIENTED_EDGE('',*,*,#1325,.F.);
#1735=ORIENTED_EDGE('',*,*,#1326,.T.);
#1736=ORIENTED_EDGE('',*,*,#1327,.F.);
#1737=ORIENTED_EDGE('',*,*,#1326,.F.);
#1738=ORIENTED_EDGE('',*,*,#1328,.F.);
#1739=ORIENTED_EDGE('',*,*,#1329,.F.);
#1740=ORIENTED_EDGE('',*,*,#1330,.F.);
#1741=ORIENTED_EDGE('',*,*,#1331,.F.);
#1742=ORIENTED_EDGE('',*,*,#1332,.F.);
#1743=ORIENTED_EDGE('',*,*,#1333,.F.);
#1744=ORIENTED_EDGE('',*,*,#1334,.F.);
#1745=ORIENTED_EDGE('',*,*,#1335,.F.);
#1746=ORIENTED_EDGE('',*,*,#1336,.F.);
#1747=ORIENTED_EDGE('',*,*,#1337,.F.);
#1748=ORIENTED_EDGE('',*,*,#1338,.F.);
#1749=ORIENTED_EDGE('',*,*,#1339,.F.);
#1750=ORIENTED_EDGE('',*,*,#1340,.F.);
#1751=ORIENTED_EDGE('',*,*,#1341,.F.);
#1752=ORIENTED_EDGE('',*,*,#1342,.F.);
#1753=ORIENTED_EDGE('',*,*,#1343,.F.);
#1754=ORIENTED_EDGE('',*,*,#1340,.T.);
#1755=ORIENTED_EDGE('',*,*,#1344,.T.);
#1756=ORIENTED_EDGE('',*,*,#1345,.F.);
#1757=ORIENTED_EDGE('',*,*,#1346,.F.);
#1758=ORIENTED_EDGE('',*,*,#1338,.T.);
#1759=ORIENTED_EDGE('',*,*,#1347,.T.);
#1760=ORIENTED_EDGE('',*,*,#1348,.F.);
#1761=ORIENTED_EDGE('',*,*,#1349,.F.);
#1762=ORIENTED_EDGE('',*,*,#1332,.T.);
#1763=ORIENTED_EDGE('',*,*,#1350,.T.);
#1764=ORIENTED_EDGE('',*,*,#1351,.F.);
#1765=ORIENTED_EDGE('',*,*,#1352,.F.);
#1766=ORIENTED_EDGE('',*,*,#1330,.T.);
#1767=ORIENTED_EDGE('',*,*,#1353,.T.);
#1768=ORIENTED_EDGE('',*,*,#1354,.F.);
#1769=ORIENTED_EDGE('',*,*,#1355,.F.);
#1770=ORIENTED_EDGE('',*,*,#1356,.F.);
#1771=ORIENTED_EDGE('',*,*,#1357,.F.);
#1772=ORIENTED_EDGE('',*,*,#1358,.T.);
#1773=ORIENTED_EDGE('',*,*,#1359,.T.);
#1774=ORIENTED_EDGE('',*,*,#1360,.F.);
#1775=ORIENTED_EDGE('',*,*,#1361,.T.);
#1776=ORIENTED_EDGE('',*,*,#1362,.T.);
#1777=ORIENTED_EDGE('',*,*,#1363,.F.);
#1778=ORIENTED_EDGE('',*,*,#1364,.F.);
#1779=ORIENTED_EDGE('',*,*,#1365,.F.);
#1780=ORIENTED_EDGE('',*,*,#1359,.F.);
#1781=ORIENTED_EDGE('',*,*,#1366,.T.);
#1782=ORIENTED_EDGE('',*,*,#1328,.T.);
#1783=ORIENTED_EDGE('',*,*,#1367,.F.);
#1784=ORIENTED_EDGE('',*,*,#1368,.F.);
#1785=ORIENTED_EDGE('',*,*,#1369,.T.);
#1786=ORIENTED_EDGE('',*,*,#1370,.F.);
#1787=ORIENTED_EDGE('',*,*,#1371,.F.);
#1788=ORIENTED_EDGE('',*,*,#1372,.F.);
#1789=ORIENTED_EDGE('',*,*,#1373,.T.);
#1790=ORIENTED_EDGE('',*,*,#1342,.T.);
#1791=ORIENTED_EDGE('',*,*,#1374,.F.);
#1792=ORIENTED_EDGE('',*,*,#1375,.F.);
#1793=ORIENTED_EDGE('',*,*,#1376,.T.);
#1794=ORIENTED_EDGE('',*,*,#1377,.F.);
#1795=ORIENTED_EDGE('',*,*,#1378,.T.);
#1796=ORIENTED_EDGE('',*,*,#1357,.T.);
#1797=ORIENTED_EDGE('',*,*,#1379,.F.);
#1798=ORIENTED_EDGE('',*,*,#1380,.F.);
#1799=ORIENTED_EDGE('',*,*,#1362,.F.);
#1800=ORIENTED_EDGE('',*,*,#1381,.T.);
#1801=ORIENTED_EDGE('',*,*,#1372,.T.);
#1802=ORIENTED_EDGE('',*,*,#1336,.T.);
#1803=ORIENTED_EDGE('',*,*,#1382,.F.);
#1804=ORIENTED_EDGE('',*,*,#1383,.F.);
#1805=ORIENTED_EDGE('',*,*,#1384,.T.);
#1806=ORIENTED_EDGE('',*,*,#1348,.T.);
#1807=ORIENTED_EDGE('',*,*,#1385,.F.);
#1808=ORIENTED_EDGE('',*,*,#1383,.T.);
#1809=ORIENTED_EDGE('',*,*,#1386,.F.);
#1810=ORIENTED_EDGE('',*,*,#1368,.T.);
#1811=ORIENTED_EDGE('',*,*,#1387,.F.);
#1812=ORIENTED_EDGE('',*,*,#1354,.T.);
#1813=ORIENTED_EDGE('',*,*,#1388,.F.);
#1814=ORIENTED_EDGE('',*,*,#1377,.T.);
#1815=ORIENTED_EDGE('',*,*,#1389,.F.);
#1816=ORIENTED_EDGE('',*,*,#1390,.T.);
#1817=ORIENTED_EDGE('',*,*,#1391,.F.);
#1818=ORIENTED_EDGE('',*,*,#1358,.F.);
#1819=ORIENTED_EDGE('',*,*,#1378,.F.);
#1820=ORIENTED_EDGE('',*,*,#1391,.T.);
#1821=ORIENTED_EDGE('',*,*,#1392,.F.);
#1822=ORIENTED_EDGE('',*,*,#1393,.F.);
#1823=ORIENTED_EDGE('',*,*,#1394,.F.);
#1824=ORIENTED_EDGE('',*,*,#1395,.T.);
#1825=ORIENTED_EDGE('',*,*,#1373,.F.);
#1826=ORIENTED_EDGE('',*,*,#1381,.F.);
#1827=ORIENTED_EDGE('',*,*,#1361,.F.);
#1828=ORIENTED_EDGE('',*,*,#1396,.T.);
#1829=ORIENTED_EDGE('',*,*,#1397,.F.);
#1830=ORIENTED_EDGE('',*,*,#1398,.F.);
#1831=ORIENTED_EDGE('',*,*,#1399,.F.);
#1832=ORIENTED_EDGE('',*,*,#1400,.T.);
#1833=ORIENTED_EDGE('',*,*,#1366,.F.);
#1834=ORIENTED_EDGE('',*,*,#1295,.T.);
#1835=ORIENTED_EDGE('',*,*,#1298,.T.);
#1836=ORIENTED_EDGE('',*,*,#1301,.T.);
#1837=ORIENTED_EDGE('',*,*,#1304,.T.);
#1838=ORIENTED_EDGE('',*,*,#1307,.T.);
#1839=ORIENTED_EDGE('',*,*,#1310,.T.);
#1840=ORIENTED_EDGE('',*,*,#1313,.T.);
#1841=ORIENTED_EDGE('',*,*,#1316,.T.);
#1842=ORIENTED_EDGE('',*,*,#1319,.T.);
#1843=ORIENTED_EDGE('',*,*,#1322,.T.);
#1844=ORIENTED_EDGE('',*,*,#1325,.T.);
#1845=ORIENTED_EDGE('',*,*,#1384,.F.);
#1846=ORIENTED_EDGE('',*,*,#1385,.T.);
#1847=ORIENTED_EDGE('',*,*,#1347,.F.);
#1848=ORIENTED_EDGE('',*,*,#1337,.T.);
#1849=ORIENTED_EDGE('',*,*,#1369,.F.);
#1850=ORIENTED_EDGE('',*,*,#1388,.T.);
#1851=ORIENTED_EDGE('',*,*,#1353,.F.);
#1852=ORIENTED_EDGE('',*,*,#1329,.T.);
#1853=ORIENTED_EDGE('',*,*,#1343,.T.);
#1854=ORIENTED_EDGE('',*,*,#1376,.F.);
#1855=ORIENTED_EDGE('',*,*,#1401,.T.);
#1856=ORIENTED_EDGE('',*,*,#1344,.F.);
#1857=ORIENTED_EDGE('',*,*,#1335,.T.);
#1858=ORIENTED_EDGE('',*,*,#1402,.F.);
#1859=ORIENTED_EDGE('',*,*,#1403,.T.);
#1860=ORIENTED_EDGE('',*,*,#1350,.F.);
#1861=ORIENTED_EDGE('',*,*,#1375,.T.);
#1862=ORIENTED_EDGE('',*,*,#1404,.F.);
#1863=ORIENTED_EDGE('',*,*,#1345,.T.);
#1864=ORIENTED_EDGE('',*,*,#1401,.F.);
#1865=ORIENTED_EDGE('',*,*,#1370,.T.);
#1866=ORIENTED_EDGE('',*,*,#1395,.F.);
#1867=ORIENTED_EDGE('',*,*,#1405,.T.);
#1868=ORIENTED_EDGE('',*,*,#1406,.F.);
#1869=ORIENTED_EDGE('',*,*,#1360,.T.);
#1870=ORIENTED_EDGE('',*,*,#1407,.F.);
#1871=ORIENTED_EDGE('',*,*,#1408,.T.);
#1872=ORIENTED_EDGE('',*,*,#1396,.F.);
#1873=ORIENTED_EDGE('',*,*,#1409,.F.);
#1874=ORIENTED_EDGE('',*,*,#1410,.F.);
#1875=ORIENTED_EDGE('',*,*,#1393,.T.);
#1876=ORIENTED_EDGE('',*,*,#1411,.T.);
#1877=ORIENTED_EDGE('',*,*,#1412,.F.);
#1878=ORIENTED_EDGE('',*,*,#1399,.T.);
#1879=ORIENTED_EDGE('',*,*,#1413,.T.);
#1880=ORIENTED_EDGE('',*,*,#1414,.F.);
#1881=ORIENTED_EDGE('',*,*,#1390,.F.);
#1882=ORIENTED_EDGE('',*,*,#1415,.F.);
#1883=ORIENTED_EDGE('',*,*,#1411,.F.);
#1884=ORIENTED_EDGE('',*,*,#1392,.T.);
#1885=ORIENTED_EDGE('',*,*,#1408,.F.);
#1886=ORIENTED_EDGE('',*,*,#1416,.F.);
#1887=ORIENTED_EDGE('',*,*,#1417,.F.);
#1888=ORIENTED_EDGE('',*,*,#1397,.T.);
#1889=ORIENTED_EDGE('',*,*,#1405,.F.);
#1890=ORIENTED_EDGE('',*,*,#1394,.T.);
#1891=ORIENTED_EDGE('',*,*,#1410,.T.);
#1892=ORIENTED_EDGE('',*,*,#1418,.F.);
#1893=ORIENTED_EDGE('',*,*,#1419,.F.);
#1894=ORIENTED_EDGE('',*,*,#1413,.F.);
#1895=ORIENTED_EDGE('',*,*,#1398,.T.);
#1896=ORIENTED_EDGE('',*,*,#1417,.T.);
#1897=ORIENTED_EDGE('',*,*,#1334,.T.);
#1898=ORIENTED_EDGE('',*,*,#1420,.F.);
#1899=ORIENTED_EDGE('',*,*,#1421,.F.);
#1900=ORIENTED_EDGE('',*,*,#1402,.T.);
#1901=ORIENTED_EDGE('',*,*,#1351,.T.);
#1902=ORIENTED_EDGE('',*,*,#1403,.F.);
#1903=ORIENTED_EDGE('',*,*,#1421,.T.);
#1904=ORIENTED_EDGE('',*,*,#1422,.F.);
#1905=ORIENTED_EDGE('',*,*,#1423,.T.);
#1906=ORIENTED_EDGE('',*,*,#1414,.T.);
#1907=ORIENTED_EDGE('',*,*,#1419,.T.);
#1908=ORIENTED_EDGE('',*,*,#1416,.T.);
#1909=ORIENTED_EDGE('',*,*,#1407,.T.);
#1910=ORIENTED_EDGE('',*,*,#1363,.T.);
#1911=ORIENTED_EDGE('',*,*,#1380,.T.);
#1912=ORIENTED_EDGE('',*,*,#1371,.T.);
#1913=ORIENTED_EDGE('',*,*,#1406,.T.);
#1914=ORIENTED_EDGE('',*,*,#1418,.T.);
#1915=ORIENTED_EDGE('',*,*,#1409,.T.);
#1916=ORIENTED_EDGE('',*,*,#1415,.T.);
#1917=ORIENTED_EDGE('',*,*,#1389,.T.);
#1918=ORIENTED_EDGE('',*,*,#1379,.T.);
#1919=ORIENTED_EDGE('',*,*,#1356,.T.);
#1920=ORIENTED_EDGE('',*,*,#1365,.T.);
#1921=ORIENTED_EDGE('',*,*,#1297,.T.);
#1922=ORIENTED_EDGE('',*,*,#1300,.T.);
#1923=ORIENTED_EDGE('',*,*,#1303,.T.);
#1924=ORIENTED_EDGE('',*,*,#1306,.T.);
#1925=ORIENTED_EDGE('',*,*,#1309,.T.);
#1926=ORIENTED_EDGE('',*,*,#1312,.T.);
#1927=ORIENTED_EDGE('',*,*,#1315,.T.);
#1928=ORIENTED_EDGE('',*,*,#1318,.T.);
#1929=ORIENTED_EDGE('',*,*,#1321,.T.);
#1930=ORIENTED_EDGE('',*,*,#1324,.T.);
#1931=ORIENTED_EDGE('',*,*,#1327,.T.);
#1932=ORIENTED_EDGE('',*,*,#1346,.T.);
#1933=ORIENTED_EDGE('',*,*,#1404,.T.);
#1934=ORIENTED_EDGE('',*,*,#1374,.T.);
#1935=ORIENTED_EDGE('',*,*,#1341,.T.);
#1936=ORIENTED_EDGE('',*,*,#1352,.T.);
#1937=ORIENTED_EDGE('',*,*,#1422,.T.);
#1938=ORIENTED_EDGE('',*,*,#1420,.T.);
#1939=ORIENTED_EDGE('',*,*,#1333,.T.);
#1940=ORIENTED_EDGE('',*,*,#1339,.T.);
#1941=ORIENTED_EDGE('',*,*,#1349,.T.);
#1942=ORIENTED_EDGE('',*,*,#1386,.T.);
#1943=ORIENTED_EDGE('',*,*,#1382,.T.);
#1944=ORIENTED_EDGE('',*,*,#1331,.T.);
#1945=ORIENTED_EDGE('',*,*,#1355,.T.);
#1946=ORIENTED_EDGE('',*,*,#1387,.T.);
#1947=ORIENTED_EDGE('',*,*,#1367,.T.);
#1948=ORIENTED_EDGE('',*,*,#1364,.T.);
#1949=ORIENTED_EDGE('',*,*,#1400,.F.);
#1950=ORIENTED_EDGE('',*,*,#1412,.T.);
#1951=ORIENTED_EDGE('',*,*,#1423,.F.);
#1952=ORIENTED_EDGE('',*,*,#1424,.F.);
#1953=ORIENTED_EDGE('',*,*,#1425,.F.);
#1954=ORIENTED_EDGE('',*,*,#1426,.F.);
#1955=ORIENTED_EDGE('',*,*,#1427,.F.);
#1956=ORIENTED_EDGE('',*,*,#1426,.T.);
#1957=ORIENTED_EDGE('',*,*,#1428,.F.);
#1958=ORIENTED_EDGE('',*,*,#1429,.T.);
#1959=ORIENTED_EDGE('',*,*,#1430,.F.);
#1960=ORIENTED_EDGE('',*,*,#1424,.T.);
#1961=ORIENTED_EDGE('',*,*,#1431,.F.);
#1962=ORIENTED_EDGE('',*,*,#1432,.T.);
#1963=ORIENTED_EDGE('',*,*,#1433,.F.);
#1964=ORIENTED_EDGE('',*,*,#1434,.T.);
#1965=ORIENTED_EDGE('',*,*,#1435,.T.);
#1966=ORIENTED_EDGE('',*,*,#1436,.T.);
#1967=ORIENTED_EDGE('',*,*,#1437,.T.);
#1968=ORIENTED_EDGE('',*,*,#1438,.T.);
#1969=ORIENTED_EDGE('',*,*,#1439,.T.);
#1970=ORIENTED_EDGE('',*,*,#1440,.T.);
#1971=ORIENTED_EDGE('',*,*,#1441,.T.);
#1972=ORIENTED_EDGE('',*,*,#1442,.T.);
#1973=ORIENTED_EDGE('',*,*,#1443,.T.);
#1974=ORIENTED_EDGE('',*,*,#1444,.T.);
#1975=ORIENTED_EDGE('',*,*,#1445,.T.);
#1976=ORIENTED_EDGE('',*,*,#1446,.T.);
#1977=ORIENTED_EDGE('',*,*,#1447,.T.);
#1978=ORIENTED_EDGE('',*,*,#1448,.T.);
#1979=ORIENTED_EDGE('',*,*,#1449,.T.);
#1980=ORIENTED_EDGE('',*,*,#1427,.T.);
#1981=ORIENTED_EDGE('',*,*,#1430,.T.);
#1982=ORIENTED_EDGE('',*,*,#1450,.T.);
#1983=ORIENTED_EDGE('',*,*,#1451,.T.);
#1984=ORIENTED_EDGE('',*,*,#1452,.T.);
#1985=ORIENTED_EDGE('',*,*,#1453,.T.);
#1986=ORIENTED_EDGE('',*,*,#1454,.T.);
#1987=ORIENTED_EDGE('',*,*,#1431,.T.);
#1988=ORIENTED_EDGE('',*,*,#1455,.T.);
#1989=ORIENTED_EDGE('',*,*,#1456,.T.);
#1990=ORIENTED_EDGE('',*,*,#1457,.T.);
#1991=ORIENTED_EDGE('',*,*,#1458,.T.);
#1992=ORIENTED_EDGE('',*,*,#1459,.T.);
#1993=ORIENTED_EDGE('',*,*,#1460,.T.);
#1994=ORIENTED_EDGE('',*,*,#1461,.T.);
#1995=ORIENTED_EDGE('',*,*,#1462,.T.);
#1996=ORIENTED_EDGE('',*,*,#1463,.T.);
#1997=ORIENTED_EDGE('',*,*,#1464,.T.);
#1998=ORIENTED_EDGE('',*,*,#1465,.T.);
#1999=ORIENTED_EDGE('',*,*,#1466,.T.);
#2000=ORIENTED_EDGE('',*,*,#1467,.T.);
#2001=ORIENTED_EDGE('',*,*,#1468,.T.);
#2002=ORIENTED_EDGE('',*,*,#1469,.T.);
#2003=ORIENTED_EDGE('',*,*,#1470,.T.);
#2004=ORIENTED_EDGE('',*,*,#1429,.F.);
#2005=ORIENTED_EDGE('',*,*,#1471,.F.);
#2006=ORIENTED_EDGE('',*,*,#1472,.F.);
#2007=ORIENTED_EDGE('',*,*,#1450,.F.);
#2008=ORIENTED_EDGE('',*,*,#1472,.T.);
#2009=ORIENTED_EDGE('',*,*,#1473,.F.);
#2010=ORIENTED_EDGE('',*,*,#1474,.T.);
#2011=ORIENTED_EDGE('',*,*,#1451,.F.);
#2012=ORIENTED_EDGE('',*,*,#1475,.F.);
#2013=ORIENTED_EDGE('',*,*,#1452,.F.);
#2014=ORIENTED_EDGE('',*,*,#1474,.F.);
#2015=ORIENTED_EDGE('',*,*,#1476,.F.);
#2016=ORIENTED_EDGE('',*,*,#1475,.T.);
#2017=ORIENTED_EDGE('',*,*,#1477,.F.);
#2018=ORIENTED_EDGE('',*,*,#1478,.T.);
#2019=ORIENTED_EDGE('',*,*,#1453,.F.);
#2020=ORIENTED_EDGE('',*,*,#1479,.F.);
#2021=ORIENTED_EDGE('',*,*,#1480,.F.);
#2022=ORIENTED_EDGE('',*,*,#1481,.T.);
#2023=ORIENTED_EDGE('',*,*,#1482,.F.);
#2024=ORIENTED_EDGE('',*,*,#1483,.F.);
#2025=ORIENTED_EDGE('',*,*,#1484,.F.);
#2026=ORIENTED_EDGE('',*,*,#1485,.T.);
#2027=ORIENTED_EDGE('',*,*,#1486,.F.);
#2028=ORIENTED_EDGE('',*,*,#1487,.F.);
#2029=ORIENTED_EDGE('',*,*,#1488,.F.);
#2030=ORIENTED_EDGE('',*,*,#1489,.T.);
#2031=ORIENTED_EDGE('',*,*,#1490,.F.);
#2032=ORIENTED_EDGE('',*,*,#1491,.F.);
#2033=ORIENTED_EDGE('',*,*,#1492,.F.);
#2034=ORIENTED_EDGE('',*,*,#1493,.T.);
#2035=ORIENTED_EDGE('',*,*,#1494,.F.);
#2036=ORIENTED_EDGE('',*,*,#1425,.T.);
#2037=ORIENTED_EDGE('',*,*,#1433,.T.);
#2038=ORIENTED_EDGE('',*,*,#1495,.T.);
#2039=ORIENTED_EDGE('',*,*,#1477,.T.);
#2040=ORIENTED_EDGE('',*,*,#1476,.T.);
#2041=ORIENTED_EDGE('',*,*,#1473,.T.);
#2042=ORIENTED_EDGE('',*,*,#1471,.T.);
#2043=ORIENTED_EDGE('',*,*,#1428,.T.);
#2044=ORIENTED_EDGE('',*,*,#1496,.F.);
#2045=ORIENTED_EDGE('',*,*,#1497,.T.);
#2046=ORIENTED_EDGE('',*,*,#1498,.F.);
#2047=ORIENTED_EDGE('',*,*,#1499,.T.);
#2048=ORIENTED_EDGE('',*,*,#1500,.F.);
#2049=ORIENTED_EDGE('',*,*,#1501,.T.);
#2050=ORIENTED_EDGE('',*,*,#1502,.F.);
#2051=ORIENTED_EDGE('',*,*,#1503,.T.);
#2052=ORIENTED_EDGE('',*,*,#1504,.T.);
#2053=ORIENTED_EDGE('',*,*,#1505,.F.);
#2054=ORIENTED_EDGE('',*,*,#1506,.T.);
#2055=ORIENTED_EDGE('',*,*,#1507,.F.);
#2056=ORIENTED_EDGE('',*,*,#1508,.T.);
#2057=ORIENTED_EDGE('',*,*,#1509,.F.);
#2058=ORIENTED_EDGE('',*,*,#1510,.T.);
#2059=ORIENTED_EDGE('',*,*,#1511,.F.);
#2060=ORIENTED_EDGE('',*,*,#1432,.F.);
#2061=ORIENTED_EDGE('',*,*,#1454,.F.);
#2062=ORIENTED_EDGE('',*,*,#1478,.F.);
#2063=ORIENTED_EDGE('',*,*,#1495,.F.);
#2064=ORIENTED_EDGE('',*,*,#1512,.F.);
#2065=ORIENTED_EDGE('',*,*,#1503,.F.);
#2066=ORIENTED_EDGE('',*,*,#1513,.F.);
#2067=ORIENTED_EDGE('',*,*,#1467,.F.);
#2068=ORIENTED_EDGE('',*,*,#1514,.F.);
#2069=ORIENTED_EDGE('',*,*,#1462,.F.);
#2070=ORIENTED_EDGE('',*,*,#1515,.F.);
#2071=ORIENTED_EDGE('',*,*,#1508,.F.);
#2072=ORIENTED_EDGE('',*,*,#1516,.F.);
#2073=ORIENTED_EDGE('',*,*,#1499,.F.);
#2074=ORIENTED_EDGE('',*,*,#1517,.F.);
#2075=ORIENTED_EDGE('',*,*,#1463,.F.);
#2076=ORIENTED_EDGE('',*,*,#1518,.F.);
#2077=ORIENTED_EDGE('',*,*,#1458,.F.);
#2078=ORIENTED_EDGE('',*,*,#1519,.F.);
#2079=ORIENTED_EDGE('',*,*,#1504,.F.);
#2080=ORIENTED_EDGE('',*,*,#1518,.T.);
#2081=ORIENTED_EDGE('',*,*,#1507,.T.);
#2082=ORIENTED_EDGE('',*,*,#1520,.F.);
#2083=ORIENTED_EDGE('',*,*,#1455,.F.);
#2084=ORIENTED_EDGE('',*,*,#1517,.T.);
#2085=ORIENTED_EDGE('',*,*,#1498,.T.);
#2086=ORIENTED_EDGE('',*,*,#1521,.F.);
#2087=ORIENTED_EDGE('',*,*,#1464,.F.);
#2088=ORIENTED_EDGE('',*,*,#1514,.T.);
#2089=ORIENTED_EDGE('',*,*,#1511,.T.);
#2090=ORIENTED_EDGE('',*,*,#1522,.F.);
#2091=ORIENTED_EDGE('',*,*,#1459,.F.);
#2092=ORIENTED_EDGE('',*,*,#1513,.T.);
#2093=ORIENTED_EDGE('',*,*,#1502,.T.);
#2094=ORIENTED_EDGE('',*,*,#1523,.F.);
#2095=ORIENTED_EDGE('',*,*,#1468,.F.);
#2096=ORIENTED_EDGE('',*,*,#1448,.F.);
#2097=ORIENTED_EDGE('',*,*,#1524,.F.);
#2098=ORIENTED_EDGE('',*,*,#1479,.T.);
#2099=ORIENTED_EDGE('',*,*,#1525,.T.);
#2100=ORIENTED_EDGE('',*,*,#1526,.F.);
#2101=ORIENTED_EDGE('',*,*,#1488,.T.);
#2102=ORIENTED_EDGE('',*,*,#1527,.T.);
#2103=ORIENTED_EDGE('',*,*,#1439,.F.);
#2104=ORIENTED_EDGE('',*,*,#1528,.F.);
#2105=ORIENTED_EDGE('',*,*,#1449,.F.);
#2106=ORIENTED_EDGE('',*,*,#1525,.F.);
#2107=ORIENTED_EDGE('',*,*,#1494,.T.);
#2108=ORIENTED_EDGE('',*,*,#1512,.T.);
#2109=ORIENTED_EDGE('',*,*,#1470,.F.);
#2110=ORIENTED_EDGE('',*,*,#1529,.F.);
#2111=ORIENTED_EDGE('',*,*,#1500,.T.);
#2112=ORIENTED_EDGE('',*,*,#1530,.F.);
#2113=ORIENTED_EDGE('',*,*,#1441,.F.);
#2114=ORIENTED_EDGE('',*,*,#1531,.F.);
#2115=ORIENTED_EDGE('',*,*,#1486,.T.);
#2116=ORIENTED_EDGE('',*,*,#1519,.T.);
#2117=ORIENTED_EDGE('',*,*,#1457,.F.);
#2118=ORIENTED_EDGE('',*,*,#1532,.F.);
#2119=ORIENTED_EDGE('',*,*,#1505,.T.);
#2120=ORIENTED_EDGE('',*,*,#1533,.F.);
#2121=ORIENTED_EDGE('',*,*,#1480,.T.);
#2122=ORIENTED_EDGE('',*,*,#1524,.T.);
#2123=ORIENTED_EDGE('',*,*,#1447,.F.);
#2124=ORIENTED_EDGE('',*,*,#1440,.F.);
#2125=ORIENTED_EDGE('',*,*,#1527,.F.);
#2126=ORIENTED_EDGE('',*,*,#1487,.T.);
#2127=ORIENTED_EDGE('',*,*,#1531,.T.);
#2128=ORIENTED_EDGE('',*,*,#1516,.T.);
#2129=ORIENTED_EDGE('',*,*,#1466,.F.);
#2130=ORIENTED_EDGE('',*,*,#1534,.F.);
#2131=ORIENTED_EDGE('',*,*,#1496,.T.);
#2132=ORIENTED_EDGE('',*,*,#1521,.T.);
#2133=ORIENTED_EDGE('',*,*,#1497,.F.);
#2134=ORIENTED_EDGE('',*,*,#1534,.T.);
#2135=ORIENTED_EDGE('',*,*,#1465,.F.);
#2136=ORIENTED_EDGE('',*,*,#1529,.T.);
#2137=ORIENTED_EDGE('',*,*,#1469,.F.);
#2138=ORIENTED_EDGE('',*,*,#1523,.T.);
#2139=ORIENTED_EDGE('',*,*,#1501,.F.);
#2140=ORIENTED_EDGE('',*,*,#1533,.T.);
#2141=ORIENTED_EDGE('',*,*,#1446,.F.);
#2142=ORIENTED_EDGE('',*,*,#1535,.T.);
#2143=ORIENTED_EDGE('',*,*,#1481,.F.);
#2144=ORIENTED_EDGE('',*,*,#1532,.T.);
#2145=ORIENTED_EDGE('',*,*,#1456,.F.);
#2146=ORIENTED_EDGE('',*,*,#1520,.T.);
#2147=ORIENTED_EDGE('',*,*,#1506,.F.);
#2148=ORIENTED_EDGE('',*,*,#1530,.T.);
#2149=ORIENTED_EDGE('',*,*,#1485,.F.);
#2150=ORIENTED_EDGE('',*,*,#1536,.T.);
#2151=ORIENTED_EDGE('',*,*,#1442,.F.);
#2152=ORIENTED_EDGE('',*,*,#1526,.T.);
#2153=ORIENTED_EDGE('',*,*,#1438,.F.);
#2154=ORIENTED_EDGE('',*,*,#1537,.T.);
#2155=ORIENTED_EDGE('',*,*,#1489,.F.);
#2156=ORIENTED_EDGE('',*,*,#1444,.F.);
#2157=ORIENTED_EDGE('',*,*,#1538,.F.);
#2158=ORIENTED_EDGE('',*,*,#1483,.T.);
#2159=ORIENTED_EDGE('',*,*,#1539,.T.);
#2160=ORIENTED_EDGE('',*,*,#1540,.F.);
#2161=ORIENTED_EDGE('',*,*,#1492,.T.);
#2162=ORIENTED_EDGE('',*,*,#1541,.T.);
#2163=ORIENTED_EDGE('',*,*,#1435,.F.);
#2164=ORIENTED_EDGE('',*,*,#1535,.F.);
#2165=ORIENTED_EDGE('',*,*,#1445,.F.);
#2166=ORIENTED_EDGE('',*,*,#1539,.F.);
#2167=ORIENTED_EDGE('',*,*,#1482,.T.);
#2168=ORIENTED_EDGE('',*,*,#1537,.F.);
#2169=ORIENTED_EDGE('',*,*,#1437,.F.);
#2170=ORIENTED_EDGE('',*,*,#1542,.F.);
#2171=ORIENTED_EDGE('',*,*,#1490,.T.);
#2172=ORIENTED_EDGE('',*,*,#1536,.F.);
#2173=ORIENTED_EDGE('',*,*,#1484,.T.);
#2174=ORIENTED_EDGE('',*,*,#1538,.T.);
#2175=ORIENTED_EDGE('',*,*,#1443,.F.);
#2176=ORIENTED_EDGE('',*,*,#1436,.F.);
#2177=ORIENTED_EDGE('',*,*,#1541,.F.);
#2178=ORIENTED_EDGE('',*,*,#1491,.T.);
#2179=ORIENTED_EDGE('',*,*,#1542,.T.);
#2180=ORIENTED_EDGE('',*,*,#1515,.T.);
#2181=ORIENTED_EDGE('',*,*,#1461,.F.);
#2182=ORIENTED_EDGE('',*,*,#1543,.F.);
#2183=ORIENTED_EDGE('',*,*,#1509,.T.);
#2184=ORIENTED_EDGE('',*,*,#1522,.T.);
#2185=ORIENTED_EDGE('',*,*,#1510,.F.);
#2186=ORIENTED_EDGE('',*,*,#1543,.T.);
#2187=ORIENTED_EDGE('',*,*,#1460,.F.);
#2188=ORIENTED_EDGE('',*,*,#1528,.T.);
#2189=ORIENTED_EDGE('',*,*,#1493,.F.);
#2190=ORIENTED_EDGE('',*,*,#1540,.T.);
#2191=ORIENTED_EDGE('',*,*,#1434,.F.);
#2192=CYLINDRICAL_SURFACE('',#2486,1.35);
#2193=CYLINDRICAL_SURFACE('',#2489,1.35);
#2194=CYLINDRICAL_SURFACE('',#2492,1.35);
#2195=CYLINDRICAL_SURFACE('',#2495,1.35);
#2196=CYLINDRICAL_SURFACE('',#2498,1.35);
#2197=CYLINDRICAL_SURFACE('',#2501,1.35);
#2198=CYLINDRICAL_SURFACE('',#2504,70.);
#2199=CYLINDRICAL_SURFACE('',#2507,75.);
#2200=CYLINDRICAL_SURFACE('',#2518,5.);
#2201=CYLINDRICAL_SURFACE('',#2522,1.25);
#2202=CYLINDRICAL_SURFACE('',#2525,1.25);
#2203=CYLINDRICAL_SURFACE('',#2528,1.25);
#2204=CYLINDRICAL_SURFACE('',#2531,1.25);
#2205=CYLINDRICAL_SURFACE('',#2534,1.25);
#2206=CYLINDRICAL_SURFACE('',#2537,1.25);
#2207=CYLINDRICAL_SURFACE('',#2540,1.25);
#2208=CYLINDRICAL_SURFACE('',#2543,1.25);
#2209=CYLINDRICAL_SURFACE('',#2549,18.);
#2210=CYLINDRICAL_SURFACE('',#2557,18.);
#2211=CYLINDRICAL_SURFACE('',#2558,9.);
#2212=CYLINDRICAL_SURFACE('',#2559,9.);
#2213=CYLINDRICAL_SURFACE('',#2564,1.6);
#2214=CYLINDRICAL_SURFACE('',#2567,1.6);
#2215=CYLINDRICAL_SURFACE('',#2570,1.6);
#2216=CYLINDRICAL_SURFACE('',#2573,1.6);
#2217=CYLINDRICAL_SURFACE('',#2576,1.35);
#2218=CYLINDRICAL_SURFACE('',#2579,1.35);
#2219=CYLINDRICAL_SURFACE('',#2582,1.35);
#2220=CYLINDRICAL_SURFACE('',#2585,1.35);
#2221=CYLINDRICAL_SURFACE('',#2588,1.35);
#2222=CYLINDRICAL_SURFACE('',#2591,1.35);
#2223=CYLINDRICAL_SURFACE('',#2594,5.);
#2224=CYLINDRICAL_SURFACE('',#2597,18.);
#2225=CYLINDRICAL_SURFACE('',#2600,18.);
#2226=CYLINDRICAL_SURFACE('',#2603,18.);
#2227=CYLINDRICAL_SURFACE('',#2606,18.);
#2228=CYLINDRICAL_SURFACE('',#2622,69.);
#2229=CYLINDRICAL_SURFACE('',#2625,69.);
#2230=CYLINDRICAL_SURFACE('',#2628,74.5);
#2231=CYLINDRICAL_SURFACE('',#2637,69.);
#2232=CYLINDRICAL_SURFACE('',#2639,74.5);
#2233=CYLINDRICAL_SURFACE('',#2641,74.5);
#2234=CYLINDRICAL_SURFACE('',#2650,69.);
#2235=CYLINDRICAL_SURFACE('',#2654,74.5);
#2236=CYLINDRICAL_SURFACE('',#2656,1.6);
#2237=CYLINDRICAL_SURFACE('',#2659,15.);
#2238=CYLINDRICAL_SURFACE('',#2662,15.);
#2239=CYLINDRICAL_SURFACE('',#2683,1.6);
#2240=CYLINDRICAL_SURFACE('',#2685,15.);
#2241=CYLINDRICAL_SURFACE('',#2687,1.6);
#2242=CYLINDRICAL_SURFACE('',#2689,15.);
#2243=CYLINDRICAL_SURFACE('',#2705,1.6);
#2244=CYLINDRICAL_SURFACE('',#2706,20.);
#2245=CYLINDRICAL_SURFACE('',#2707,20.);
#2246=CYLINDRICAL_SURFACE('',#2708,20.);
#2247=CYLINDRICAL_SURFACE('',#2709,20.);
#2248=CYLINDRICAL_SURFACE('',#2723,49.);
#2249=CYLINDRICAL_SURFACE('',#2724,49.);
#2250=CYLINDRICAL_SURFACE('',#2725,55.);
#2251=CYLINDRICAL_SURFACE('',#2726,49.);
#2252=CYLINDRICAL_SURFACE('',#2727,55.);
#2253=CYLINDRICAL_SURFACE('',#2728,55.);
#2254=CYLINDRICAL_SURFACE('',#2736,49.);
#2255=CYLINDRICAL_SURFACE('',#2737,55.);
#2256=ADVANCED_FACE('',(#173),#2192,.F.);
#2257=ADVANCED_FACE('',(#174),#2193,.F.);
#2258=ADVANCED_FACE('',(#175),#2194,.F.);
#2259=ADVANCED_FACE('',(#176),#2195,.F.);
#2260=ADVANCED_FACE('',(#177),#2196,.F.);
#2261=ADVANCED_FACE('',(#178),#2197,.F.);
#2262=ADVANCED_FACE('',(#179),#2198,.F.);
#2263=ADVANCED_FACE('',(#180),#2199,.T.);
#2264=ADVANCED_FACE('',(#181,#43,#44,#45,#46,#47,#48,#49),#118,.F.);
#2265=ADVANCED_FACE('',(#182,#50,#51,#52,#53,#54,#55,#56),#119,.T.);
#2266=ADVANCED_FACE('',(#183),#120,.F.);
#2267=ADVANCED_FACE('',(#184),#121,.F.);
#2268=ADVANCED_FACE('',(#185),#122,.F.);
#2269=ADVANCED_FACE('',(#186),#123,.F.);
#2270=ADVANCED_FACE('',(#187),#2200,.F.);
#2271=ADVANCED_FACE('',(#188),#2201,.F.);
#2272=ADVANCED_FACE('',(#189),#2202,.F.);
#2273=ADVANCED_FACE('',(#190),#2203,.F.);
#2274=ADVANCED_FACE('',(#191),#2204,.F.);
#2275=ADVANCED_FACE('',(#192),#2205,.F.);
#2276=ADVANCED_FACE('',(#193),#2206,.F.);
#2277=ADVANCED_FACE('',(#194),#2207,.F.);
#2278=ADVANCED_FACE('',(#195),#2208,.F.);
#2279=ADVANCED_FACE('',(#196,#57,#58,#59,#60,#61),#124,.F.);
#2280=ADVANCED_FACE('',(#197),#2209,.T.);
#2281=ADVANCED_FACE('',(#198,#62,#63,#64,#65,#66),#125,.F.);
#2282=ADVANCED_FACE('',(#199,#67,#68,#69,#70,#71),#126,.T.);
#2283=ADVANCED_FACE('',(#200),#2210,.T.);
#2284=ADVANCED_FACE('',(#201),#2211,.T.);
#2285=ADVANCED_FACE('',(#202),#2212,.T.);
#2286=ADVANCED_FACE('',(#203,#72),#127,.F.);
#2287=ADVANCED_FACE('',(#204,#73,#74,#75,#76,#77),#128,.T.);
#2288=ADVANCED_FACE('',(#205),#2213,.F.);
#2289=ADVANCED_FACE('',(#206),#2214,.F.);
#2290=ADVANCED_FACE('',(#207),#2215,.F.);
#2291=ADVANCED_FACE('',(#208),#2216,.F.);
#2292=ADVANCED_FACE('',(#209),#2217,.F.);
#2293=ADVANCED_FACE('',(#210),#2218,.F.);
#2294=ADVANCED_FACE('',(#211),#2219,.F.);
#2295=ADVANCED_FACE('',(#212),#2220,.F.);
#2296=ADVANCED_FACE('',(#213),#2221,.F.);
#2297=ADVANCED_FACE('',(#214),#2222,.F.);
#2298=ADVANCED_FACE('',(#215),#2223,.F.);
#2299=ADVANCED_FACE('',(#216),#2224,.T.);
#2300=ADVANCED_FACE('',(#217),#2225,.T.);
#2301=ADVANCED_FACE('',(#218),#2226,.T.);
#2302=ADVANCED_FACE('',(#219),#2227,.T.);
#2303=ADVANCED_FACE('',(#220),#129,.T.);
#2304=ADVANCED_FACE('',(#221),#130,.T.);
#2305=ADVANCED_FACE('',(#222),#131,.T.);
#2306=ADVANCED_FACE('',(#223),#132,.T.);
#2307=ADVANCED_FACE('',(#224),#133,.T.);
#2308=ADVANCED_FACE('',(#225),#134,.T.);
#2309=ADVANCED_FACE('',(#226),#135,.T.);
#2310=ADVANCED_FACE('',(#227),#136,.T.);
#2311=ADVANCED_FACE('',(#228),#137,.T.);
#2312=ADVANCED_FACE('',(#229),#138,.T.);
#2313=ADVANCED_FACE('',(#230),#139,.T.);
#2314=ADVANCED_FACE('',(#231),#140,.T.);
#2315=ADVANCED_FACE('',(#232),#141,.T.);
#2316=ADVANCED_FACE('',(#233),#2228,.F.);
#2317=ADVANCED_FACE('',(#234),#2229,.F.);
#2318=ADVANCED_FACE('',(#235),#2230,.T.);
#2319=ADVANCED_FACE('',(#236,#78,#79,#80,#81,#82,#83,#84,#85,#86,#87,#88,
#89,#90,#91,#92),#142,.F.);
#2320=ADVANCED_FACE('',(#237),#2231,.F.);
#2321=ADVANCED_FACE('',(#238),#2232,.T.);
#2322=ADVANCED_FACE('',(#239),#2233,.T.);
#2323=ADVANCED_FACE('',(#240),#143,.T.);
#2324=ADVANCED_FACE('',(#241),#144,.T.);
#2325=ADVANCED_FACE('',(#242),#145,.T.);
#2326=ADVANCED_FACE('',(#243),#146,.T.);
#2327=ADVANCED_FACE('',(#244),#147,.T.);
#2328=ADVANCED_FACE('',(#245),#148,.T.);
#2329=ADVANCED_FACE('',(#246),#149,.T.);
#2330=ADVANCED_FACE('',(#247),#2234,.F.);
#2331=ADVANCED_FACE('',(#248,#93,#94,#95,#96,#97,#98,#99,#100,#101,#102,
#103,#104,#105,#106,#107),#150,.T.);
#2332=ADVANCED_FACE('',(#249),#2235,.T.);
#2333=ADVANCED_FACE('',(#250),#2236,.F.);
#2334=ADVANCED_FACE('',(#251),#2237,.F.);
#2335=ADVANCED_FACE('',(#252),#2238,.F.);
#2336=ADVANCED_FACE('',(#253,#108,#109,#110,#111,#112),#151,.T.);
#2337=ADVANCED_FACE('',(#254),#2239,.F.);
#2338=ADVANCED_FACE('',(#255),#2240,.F.);
#2339=ADVANCED_FACE('',(#256),#2241,.F.);
#2340=ADVANCED_FACE('',(#257),#2242,.F.);
#2341=ADVANCED_FACE('',(#258,#113,#114,#115,#116,#117),#152,.F.);
#2342=ADVANCED_FACE('',(#259),#2243,.F.);
#2343=ADVANCED_FACE('',(#260),#2244,.T.);
#2344=ADVANCED_FACE('',(#261),#2245,.T.);
#2345=ADVANCED_FACE('',(#262),#2246,.T.);
#2346=ADVANCED_FACE('',(#263),#2247,.T.);
#2347=ADVANCED_FACE('',(#264),#153,.T.);
#2348=ADVANCED_FACE('',(#265),#154,.T.);
#2349=ADVANCED_FACE('',(#266),#155,.T.);
#2350=ADVANCED_FACE('',(#267),#156,.T.);
#2351=ADVANCED_FACE('',(#268),#157,.T.);
#2352=ADVANCED_FACE('',(#269),#158,.T.);
#2353=ADVANCED_FACE('',(#270),#159,.T.);
#2354=ADVANCED_FACE('',(#271),#160,.T.);
#2355=ADVANCED_FACE('',(#272),#161,.T.);
#2356=ADVANCED_FACE('',(#273),#162,.T.);
#2357=ADVANCED_FACE('',(#274),#163,.T.);
#2358=ADVANCED_FACE('',(#275),#164,.T.);
#2359=ADVANCED_FACE('',(#276),#165,.T.);
#2360=ADVANCED_FACE('',(#277),#2248,.F.);
#2361=ADVANCED_FACE('',(#278),#2249,.F.);
#2362=ADVANCED_FACE('',(#279),#2250,.T.);
#2363=ADVANCED_FACE('',(#280),#2251,.F.);
#2364=ADVANCED_FACE('',(#281),#2252,.T.);
#2365=ADVANCED_FACE('',(#282),#2253,.T.);
#2366=ADVANCED_FACE('',(#283),#166,.T.);
#2367=ADVANCED_FACE('',(#284),#167,.T.);
#2368=ADVANCED_FACE('',(#285),#168,.T.);
#2369=ADVANCED_FACE('',(#286),#169,.T.);
#2370=ADVANCED_FACE('',(#287),#170,.T.);
#2371=ADVANCED_FACE('',(#288),#171,.T.);
#2372=ADVANCED_FACE('',(#289),#172,.T.);
#2373=ADVANCED_FACE('',(#290),#2254,.F.);
#2374=ADVANCED_FACE('',(#291),#2255,.T.);
#2375=CLOSED_SHELL('',(#2256,#2257,#2258,#2259,#2260,#2261,#2262,#2263,
#2264,#2265));
#2376=CLOSED_SHELL('',(#2266,#2267,#2268,#2269,#2270,#2271,#2272,#2273,
#2274,#2275,#2276,#2277,#2278,#2279,#2280,#2281,#2282,#2283,#2284,#2285,
#2286,#2287));
#2377=CLOSED_SHELL('',(#2288,#2289,#2290,#2291,#2292,#2293,#2294,#2295,
#2296,#2297,#2298,#2299,#2300,#2301,#2302,#2303,#2304,#2305,#2306,#2307,
#2308,#2309,#2310,#2311,#2312,#2313,#2314,#2315,#2316,#2317,#2318,#2319,
#2320,#2321,#2322,#2323,#2324,#2325,#2326,#2327,#2328,#2329,#2330,#2331,
#2332));
#2378=CLOSED_SHELL('',(#2333,#2334,#2335,#2336,#2337,#2338,#2339,#2340,
#2341,#2342,#2343,#2344,#2345,#2346,#2347,#2348,#2349,#2350,#2351,#2352,
#2353,#2354,#2355,#2356,#2357,#2358,#2359,#2360,#2361,#2362,#2363,#2364,
#2365,#2366,#2367,#2368,#2369,#2370,#2371,#2372,#2373,#2374));
#2379=DERIVED_UNIT_ELEMENT(#2388,1.);
#2380=DERIVED_UNIT_ELEMENT(#4133,-3.);
#2381=DERIVED_UNIT_ELEMENT(#2388,1.);
#2382=DERIVED_UNIT_ELEMENT(#4133,-3.);
#2383=DERIVED_UNIT_ELEMENT(#2388,1.);
#2384=DERIVED_UNIT_ELEMENT(#4133,-3.);
#2385=DERIVED_UNIT_ELEMENT(#2388,1.);
#2386=DERIVED_UNIT_ELEMENT(#4133,-3.);
#2387=DIMENSIONAL_EXPONENTS(0.,1.,0.,0.,0.,0.,0.);
#2388=(
CONVERSION_BASED_UNIT('gram',#2390)
MASS_UNIT()
NAMED_UNIT(#2387)
);
#2389=(
MASS_UNIT()
NAMED_UNIT(*)
SI_UNIT(.KILO.,.GRAM.)
);
#2390=MASS_MEASURE_WITH_UNIT(MASS_MEASURE(0.001),#2389);
#2391=DERIVED_UNIT((#2379,#2380));
#2392=DERIVED_UNIT((#2381,#2382));
#2393=DERIVED_UNIT((#2383,#2384));
#2394=DERIVED_UNIT((#2385,#2386));
#2395=MEASURE_REPRESENTATION_ITEM('density measure',
POSITIVE_RATIO_MEASURE(8.),#2391);
#2396=MEASURE_REPRESENTATION_ITEM('density measure',
POSITIVE_RATIO_MEASURE(2.7),#2392);
#2397=MEASURE_REPRESENTATION_ITEM('density measure',
POSITIVE_RATIO_MEASURE(1.541),#2393);
#2398=MEASURE_REPRESENTATION_ITEM('density measure',
POSITIVE_RATIO_MEASURE(8.),#2394);
#2399=PROPERTY_DEFINITION_REPRESENTATION(#2419,#2407);
#2400=PROPERTY_DEFINITION_REPRESENTATION(#2420,#2408);
#2401=PROPERTY_DEFINITION_REPRESENTATION(#2421,#2409);
#2402=PROPERTY_DEFINITION_REPRESENTATION(#2422,#2410);
#2403=PROPERTY_DEFINITION_REPRESENTATION(#2423,#2411);
#2404=PROPERTY_DEFINITION_REPRESENTATION(#2424,#2412);
#2405=PROPERTY_DEFINITION_REPRESENTATION(#2425,#2413);
#2406=PROPERTY_DEFINITION_REPRESENTATION(#2426,#2414);
#2407=REPRESENTATION('material name',(#2415),#4127);
#2408=REPRESENTATION('density',(#2395),#4127);
#2409=REPRESENTATION('material name',(#2416),#4128);
#2410=REPRESENTATION('density',(#2396),#4128);
#2411=REPRESENTATION('material name',(#2417),#4129);
#2412=REPRESENTATION('density',(#2397),#4129);
#2413=REPRESENTATION('material name',(#2418),#4130);
#2414=REPRESENTATION('density',(#2398),#4130);
#2415=DESCRIPTIVE_REPRESENTATION_ITEM('\X2\30B930C630F330EC30B992FC\X0\',
'\X2\30B930C630F330EC30B992FC\X0\');
#2416=DESCRIPTIVE_REPRESENTATION_ITEM('\X2\30A230EB30DF30CB30A630E0\X0\ 
6061','\X2\30A230EB30DF30CB30A630E0\X0\ 6061');
#2417=DESCRIPTIVE_REPRESENTATION_ITEM('PET \X2\30D730E930B930C130C330AF\X0\',
'PET \X2\30D730E930B930C130C330AF\X0\');
#2418=DESCRIPTIVE_REPRESENTATION_ITEM('\X2\30B930C630F330EC30B992FC\X0\',
'\X2\30B930C630F330EC30B992FC\X0\');
#2419=PROPERTY_DEFINITION('material property','material name',#4157);
#2420=PROPERTY_DEFINITION('material property','density of part',#4157);
#2421=PROPERTY_DEFINITION('material property','material name',#4158);
#2422=PROPERTY_DEFINITION('material property','density of part',#4158);
#2423=PROPERTY_DEFINITION('material property','material name',#4159);
#2424=PROPERTY_DEFINITION('material property','density of part',#4159);
#2425=PROPERTY_DEFINITION('material property','material name',#4160);
#2426=PROPERTY_DEFINITION('material property','density of part',#4160);
#2427=PRESENTATION_STYLE_ASSIGNMENT((#2430));
#2428=PRESENTATION_STYLE_ASSIGNMENT((#2431));
#2429=PRESENTATION_STYLE_ASSIGNMENT((#2432));
#2430=SURFACE_STYLE_USAGE(.BOTH.,#2439);
#2431=SURFACE_STYLE_USAGE(.BOTH.,#2440);
#2432=SURFACE_STYLE_USAGE(.BOTH.,#2441);
#2433=SURFACE_STYLE_RENDERING_WITH_PROPERTIES($,#2451,(#2436));
#2434=SURFACE_STYLE_RENDERING_WITH_PROPERTIES($,#2452,(#2437));
#2435=SURFACE_STYLE_RENDERING_WITH_PROPERTIES($,#2453,(#2438));
#2436=SURFACE_STYLE_TRANSPARENT(0.);
#2437=SURFACE_STYLE_TRANSPARENT(0.);
#2438=SURFACE_STYLE_TRANSPARENT(0.53999999165535);
#2439=SURFACE_SIDE_STYLE('',(#2442,#2433));
#2440=SURFACE_SIDE_STYLE('',(#2443,#2434));
#2441=SURFACE_SIDE_STYLE('',(#2444,#2435));
#2442=SURFACE_STYLE_FILL_AREA(#2445);
#2443=SURFACE_STYLE_FILL_AREA(#2446);
#2444=SURFACE_STYLE_FILL_AREA(#2447);
#2445=FILL_AREA_STYLE('',(#2448));
#2446=FILL_AREA_STYLE('',(#2449));
#2447=FILL_AREA_STYLE('',(#2450));
#2448=FILL_AREA_STYLE_COLOUR('',#2451);
#2449=FILL_AREA_STYLE_COLOUR('',#2452);
#2450=FILL_AREA_STYLE_COLOUR('',#2453);
#2451=COLOUR_RGB('',0.745098039215686,0.737254901960784,0.729411764705882);
#2452=COLOUR_RGB('',0.996078431372549,0.996078431372549,1.);
#2453=COLOUR_RGB('',0.8,0.8,0.8);
#2454=DATE_TIME_ROLE('creation_date');
#2455=DATE_TIME_ROLE('creation_date');
#2456=DATE_TIME_ROLE('creation_date');
#2457=DATE_TIME_ROLE('creation_date');
#2458=DATE_TIME_ROLE('creation_date');
#2459=APPLIED_DATE_AND_TIME_ASSIGNMENT(#2464,#2454,(#4156));
#2460=APPLIED_DATE_AND_TIME_ASSIGNMENT(#2465,#2455,(#4157));
#2461=APPLIED_DATE_AND_TIME_ASSIGNMENT(#2466,#2456,(#4158));
#2462=APPLIED_DATE_AND_TIME_ASSIGNMENT(#2467,#2457,(#4159));
#2463=APPLIED_DATE_AND_TIME_ASSIGNMENT(#2468,#2458,(#4160));
#2464=DATE_AND_TIME(#2469,#2474);
#2465=DATE_AND_TIME(#2470,#2475);
#2466=DATE_AND_TIME(#2471,#2476);
#2467=DATE_AND_TIME(#2472,#2477);
#2468=DATE_AND_TIME(#2473,#2478);
#2469=CALENDAR_DATE(2026,8,10);
#2470=CALENDAR_DATE(2026,8,10);
#2471=CALENDAR_DATE(2026,8,10);
#2472=CALENDAR_DATE(2026,8,10);
#2473=CALENDAR_DATE(2026,8,10);
#2474=LOCAL_TIME(0,0,0.,#2479);
#2475=LOCAL_TIME(0,0,0.,#2480);
#2476=LOCAL_TIME(0,0,0.,#2481);
#2477=LOCAL_TIME(0,0,0.,#2482);
#2478=LOCAL_TIME(0,0,0.,#2483);
#2479=COORDINATED_UNIVERSAL_TIME_OFFSET(0,0,.BEHIND.);
#2480=COORDINATED_UNIVERSAL_TIME_OFFSET(0,0,.BEHIND.);
#2481=COORDINATED_UNIVERSAL_TIME_OFFSET(0,0,.BEHIND.);
#2482=COORDINATED_UNIVERSAL_TIME_OFFSET(0,0,.BEHIND.);
#2483=COORDINATED_UNIVERSAL_TIME_OFFSET(0,0,.BEHIND.);
#2484=AXIS2_PLACEMENT_3D('',#3452,#2742,#2743);
#2485=AXIS2_PLACEMENT_3D('',#3453,#2744,#2745);
#2486=AXIS2_PLACEMENT_3D('',#3454,#2746,#2747);
#2487=AXIS2_PLACEMENT_3D('',#3456,#2748,#2749);
#2488=AXIS2_PLACEMENT_3D('',#3459,#2751,#2752);
#2489=AXIS2_PLACEMENT_3D('',#3460,#2753,#2754);
#2490=AXIS2_PLACEMENT_3D('',#3462,#2755,#2756);
#2491=AXIS2_PLACEMENT_3D('',#3465,#2758,#2759);
#2492=AXIS2_PLACEMENT_3D('',#3466,#2760,#2761);
#2493=AXIS2_PLACEMENT_3D('',#3468,#2762,#2763);
#2494=AXIS2_PLACEMENT_3D('',#3471,#2765,#2766);
#2495=AXIS2_PLACEMENT_3D('',#3472,#2767,#2768);
#2496=AXIS2_PLACEMENT_3D('',#3474,#2769,#2770);
#2497=AXIS2_PLACEMENT_3D('',#3477,#2772,#2773);
#2498=AXIS2_PLACEMENT_3D('',#3478,#2774,#2775);
#2499=AXIS2_PLACEMENT_3D('',#3480,#2776,#2777);
#2500=AXIS2_PLACEMENT_3D('',#3483,#2779,#2780);
#2501=AXIS2_PLACEMENT_3D('',#3484,#2781,#2782);
#2502=AXIS2_PLACEMENT_3D('',#3486,#2783,#2784);
#2503=AXIS2_PLACEMENT_3D('',#3489,#2786,#2787);
#2504=AXIS2_PLACEMENT_3D('',#3490,#2788,#2789);
#2505=AXIS2_PLACEMENT_3D('',#3492,#2790,#2791);
#2506=AXIS2_PLACEMENT_3D('',#3495,#2793,#2794);
#2507=AXIS2_PLACEMENT_3D('',#3496,#2795,#2796);
#2508=AXIS2_PLACEMENT_3D('',#3498,#2797,#2798);
#2509=AXIS2_PLACEMENT_3D('',#3501,#2800,#2801);
#2510=AXIS2_PLACEMENT_3D('',#3502,#2802,#2803);
#2511=AXIS2_PLACEMENT_3D('',#3503,#2804,#2805);
#2512=AXIS2_PLACEMENT_3D('',#3504,#2806,#2807);
#2513=AXIS2_PLACEMENT_3D('',#3505,#2808,#2809);
#2514=AXIS2_PLACEMENT_3D('',#3514,#2814,#2815);
#2515=AXIS2_PLACEMENT_3D('',#3516,#2816,#2817);
#2516=AXIS2_PLACEMENT_3D('',#3520,#2820,#2821);
#2517=AXIS2_PLACEMENT_3D('',#3524,#2824,#2825);
#2518=AXIS2_PLACEMENT_3D('',#3528,#2828,#2829);
#2519=AXIS2_PLACEMENT_3D('',#3530,#2830,#2831);
#2520=AXIS2_PLACEMENT_3D('',#3533,#2833,#2834);
#2521=AXIS2_PLACEMENT_3D('',#3534,#2835,#2836);
#2522=AXIS2_PLACEMENT_3D('',#3535,#2837,#2838);
#2523=AXIS2_PLACEMENT_3D('',#3537,#2839,#2840);
#2524=AXIS2_PLACEMENT_3D('',#3540,#2842,#2843);
#2525=AXIS2_PLACEMENT_3D('',#3541,#2844,#2845);
#2526=AXIS2_PLACEMENT_3D('',#3543,#2846,#2847);
#2527=AXIS2_PLACEMENT_3D('',#3546,#2849,#2850);
#2528=AXIS2_PLACEMENT_3D('',#3547,#2851,#2852);
#2529=AXIS2_PLACEMENT_3D('',#3549,#2853,#2854);
#2530=AXIS2_PLACEMENT_3D('',#3552,#2856,#2857);
#2531=AXIS2_PLACEMENT_3D('',#3553,#2858,#2859);
#2532=AXIS2_PLACEMENT_3D('',#3555,#2860,#2861);
#2533=AXIS2_PLACEMENT_3D('',#3558,#2863,#2864);
#2534=AXIS2_PLACEMENT_3D('',#3559,#2865,#2866);
#2535=AXIS2_PLACEMENT_3D('',#3561,#2867,#2868);
#2536=AXIS2_PLACEMENT_3D('',#3564,#2870,#2871);
#2537=AXIS2_PLACEMENT_3D('',#3565,#2872,#2873);
#2538=AXIS2_PLACEMENT_3D('',#3567,#2874,#2875);
#2539=AXIS2_PLACEMENT_3D('',#3570,#2877,#2878);
#2540=AXIS2_PLACEMENT_3D('',#3571,#2879,#2880);
#2541=AXIS2_PLACEMENT_3D('',#3573,#2881,#2882);
#2542=AXIS2_PLACEMENT_3D('',#3576,#2884,#2885);
#2543=AXIS2_PLACEMENT_3D('',#3577,#2886,#2887);
#2544=AXIS2_PLACEMENT_3D('',#3579,#2888,#2889);
#2545=AXIS2_PLACEMENT_3D('',#3582,#2891,#2892);
#2546=AXIS2_PLACEMENT_3D('',#3583,#2893,#2894);
#2547=AXIS2_PLACEMENT_3D('',#3585,#2895,#2896);
#2548=AXIS2_PLACEMENT_3D('',#3587,#2897,#2898);
#2549=AXIS2_PLACEMENT_3D('',#3588,#2899,#2900);
#2550=AXIS2_PLACEMENT_3D('',#3590,#2901,#2902);
#2551=AXIS2_PLACEMENT_3D('',#3592,#2904,#2905);
#2552=AXIS2_PLACEMENT_3D('',#3594,#2906,#2907);
#2553=AXIS2_PLACEMENT_3D('',#3596,#2908,#2909);
#2554=AXIS2_PLACEMENT_3D('',#3597,#2910,#2911);
#2555=AXIS2_PLACEMENT_3D('',#3599,#2912,#2913);
#2556=AXIS2_PLACEMENT_3D('',#3601,#2914,#2915);
#2557=AXIS2_PLACEMENT_3D('',#3602,#2916,#2917);
#2558=AXIS2_PLACEMENT_3D('',#3604,#2919,#2920);
#2559=AXIS2_PLACEMENT_3D('',#3606,#2922,#2923);
#2560=AXIS2_PLACEMENT_3D('',#3609,#2925,#2926);
#2561=AXIS2_PLACEMENT_3D('',#3610,#2927,#2928);
#2562=AXIS2_PLACEMENT_3D('',#3611,#2929,#2930);
#2563=AXIS2_PLACEMENT_3D('',#3612,#2931,#2932);
#2564=AXIS2_PLACEMENT_3D('',#3613,#2933,#2934);
#2565=AXIS2_PLACEMENT_3D('',#3615,#2935,#2936);
#2566=AXIS2_PLACEMENT_3D('',#3618,#2938,#2939);
#2567=AXIS2_PLACEMENT_3D('',#3619,#2940,#2941);
#2568=AXIS2_PLACEMENT_3D('',#3621,#2942,#2943);
#2569=AXIS2_PLACEMENT_3D('',#3624,#2945,#2946);
#2570=AXIS2_PLACEMENT_3D('',#3625,#2947,#2948);
#2571=AXIS2_PLACEMENT_3D('',#3627,#2949,#2950);
#2572=AXIS2_PLACEMENT_3D('',#3630,#2952,#2953);
#2573=AXIS2_PLACEMENT_3D('',#3631,#2954,#2955);
#2574=AXIS2_PLACEMENT_3D('',#3633,#2956,#2957);
#2575=AXIS2_PLACEMENT_3D('',#3636,#2959,#2960);
#2576=AXIS2_PLACEMENT_3D('',#3637,#2961,#2962);
#2577=AXIS2_PLACEMENT_3D('',#3639,#2963,#2964);
#2578=AXIS2_PLACEMENT_3D('',#3642,#2966,#2967);
#2579=AXIS2_PLACEMENT_3D('',#3643,#2968,#2969);
#2580=AXIS2_PLACEMENT_3D('',#3645,#2970,#2971);
#2581=AXIS2_PLACEMENT_3D('',#3648,#2973,#2974);
#2582=AXIS2_PLACEMENT_3D('',#3649,#2975,#2976);
#2583=AXIS2_PLACEMENT_3D('',#3651,#2977,#2978);
#2584=AXIS2_PLACEMENT_3D('',#3654,#2980,#2981);
#2585=AXIS2_PLACEMENT_3D('',#3655,#2982,#2983);
#2586=AXIS2_PLACEMENT_3D('',#3657,#2984,#2985);
#2587=AXIS2_PLACEMENT_3D('',#3660,#2987,#2988);
#2588=AXIS2_PLACEMENT_3D('',#3661,#2989,#2990);
#2589=AXIS2_PLACEMENT_3D('',#3663,#2991,#2992);
#2590=AXIS2_PLACEMENT_3D('',#3666,#2994,#2995);
#2591=AXIS2_PLACEMENT_3D('',#3667,#2996,#2997);
#2592=AXIS2_PLACEMENT_3D('',#3669,#2998,#2999);
#2593=AXIS2_PLACEMENT_3D('',#3672,#3001,#3002);
#2594=AXIS2_PLACEMENT_3D('',#3673,#3003,#3004);
#2595=AXIS2_PLACEMENT_3D('',#3675,#3005,#3006);
#2596=AXIS2_PLACEMENT_3D('',#3678,#3008,#3009);
#2597=AXIS2_PLACEMENT_3D('',#3679,#3010,#3011);
#2598=AXIS2_PLACEMENT_3D('',#3684,#3013,#3014);
#2599=AXIS2_PLACEMENT_3D('',#3687,#3016,#3017);
#2600=AXIS2_PLACEMENT_3D('',#3688,#3018,#3019);
#2601=AXIS2_PLACEMENT_3D('',#3693,#3021,#3022);
#2602=AXIS2_PLACEMENT_3D('',#3696,#3024,#3025);
#2603=AXIS2_PLACEMENT_3D('',#3697,#3026,#3027);
#2604=AXIS2_PLACEMENT_3D('',#3702,#3029,#3030);
#2605=AXIS2_PLACEMENT_3D('',#3705,#3032,#3033);
#2606=AXIS2_PLACEMENT_3D('',#3706,#3034,#3035);
#2607=AXIS2_PLACEMENT_3D('',#3711,#3037,#3038);
#2608=AXIS2_PLACEMENT_3D('',#3714,#3040,#3041);
#2609=AXIS2_PLACEMENT_3D('',#3715,#3042,#3043);
#2610=AXIS2_PLACEMENT_3D('',#3721,#3047,#3048);
#2611=AXIS2_PLACEMENT_3D('',#3727,#3052,#3053);
#2612=AXIS2_PLACEMENT_3D('',#3733,#3057,#3058);
#2613=AXIS2_PLACEMENT_3D('',#3739,#3062,#3063);
#2614=AXIS2_PLACEMENT_3D('',#3748,#3068,#3069);
#2615=AXIS2_PLACEMENT_3D('',#3757,#3074,#3075);
#2616=AXIS2_PLACEMENT_3D('',#3763,#3079,#3080);
#2617=AXIS2_PLACEMENT_3D('',#3769,#3084,#3085);
#2618=AXIS2_PLACEMENT_3D('',#3778,#3090,#3091);
#2619=AXIS2_PLACEMENT_3D('',#3784,#3095,#3096);
#2620=AXIS2_PLACEMENT_3D('',#3790,#3100,#3101);
#2621=AXIS2_PLACEMENT_3D('',#3793,#3104,#3105);
#2622=AXIS2_PLACEMENT_3D('',#3799,#3109,#3110);
#2623=AXIS2_PLACEMENT_3D('',#3800,#3111,#3112);
#2624=AXIS2_PLACEMENT_3D('',#3801,#3113,#3114);
#2625=AXIS2_PLACEMENT_3D('',#3802,#3115,#3116);
#2626=AXIS2_PLACEMENT_3D('',#3803,#3117,#3118);
#2627=AXIS2_PLACEMENT_3D('',#3804,#3119,#3120);
#2628=AXIS2_PLACEMENT_3D('',#3805,#3121,#3122);
#2629=AXIS2_PLACEMENT_3D('',#3807,#3123,#3124);
#2630=AXIS2_PLACEMENT_3D('',#3810,#3126,#3127);
#2631=AXIS2_PLACEMENT_3D('',#3811,#3128,#3129);
#2632=AXIS2_PLACEMENT_3D('',#3818,#3133,#3134);
#2633=AXIS2_PLACEMENT_3D('',#3820,#3135,#3136);
#2634=AXIS2_PLACEMENT_3D('',#3827,#3140,#3141);
#2635=AXIS2_PLACEMENT_3D('',#3828,#3142,#3143);
#2636=AXIS2_PLACEMENT_3D('',#3831,#3145,#3146);
#2637=AXIS2_PLACEMENT_3D('',#3832,#3147,#3148);
#2638=AXIS2_PLACEMENT_3D('',#3833,#3149,#3150);
#2639=AXIS2_PLACEMENT_3D('',#3834,#3151,#3152);
#2640=AXIS2_PLACEMENT_3D('',#3837,#3154,#3155);
#2641=AXIS2_PLACEMENT_3D('',#3838,#3156,#3157);
#2642=AXIS2_PLACEMENT_3D('',#3840,#3158,#3159);
#2643=AXIS2_PLACEMENT_3D('',#3842,#3161,#3162);
#2644=AXIS2_PLACEMENT_3D('',#3848,#3166,#3167);
#2645=AXIS2_PLACEMENT_3D('',#3854,#3171,#3172);
#2646=AXIS2_PLACEMENT_3D('',#3856,#3174,#3175);
#2647=AXIS2_PLACEMENT_3D('',#3860,#3178,#3179);
#2648=AXIS2_PLACEMENT_3D('',#3862,#3181,#3182);
#2649=AXIS2_PLACEMENT_3D('',#3864,#3184,#3185);
#2650=AXIS2_PLACEMENT_3D('',#3868,#3188,#3189);
#2651=AXIS2_PLACEMENT_3D('',#3869,#3190,#3191);
#2652=AXIS2_PLACEMENT_3D('',#3870,#3192,#3193);
#2653=AXIS2_PLACEMENT_3D('',#3871,#3194,#3195);
#2654=AXIS2_PLACEMENT_3D('',#3872,#3196,#3197);
#2655=AXIS2_PLACEMENT_3D('',#3873,#3198,#3199);
#2656=AXIS2_PLACEMENT_3D('',#3874,#3200,#3201);
#2657=AXIS2_PLACEMENT_3D('',#3879,#3203,#3204);
#2658=AXIS2_PLACEMENT_3D('',#3882,#3206,#3207);
#2659=AXIS2_PLACEMENT_3D('',#3883,#3208,#3209);
#2660=AXIS2_PLACEMENT_3D('',#3885,#3210,#3211);
#2661=AXIS2_PLACEMENT_3D('',#3888,#3213,#3214);
#2662=AXIS2_PLACEMENT_3D('',#3889,#3215,#3216);
#2663=AXIS2_PLACEMENT_3D('',#3891,#3217,#3218);
#2664=AXIS2_PLACEMENT_3D('',#3894,#3220,#3221);
#2665=AXIS2_PLACEMENT_3D('',#3895,#3222,#3223);
#2666=AXIS2_PLACEMENT_3D('',#3898,#3224,#3225);
#2667=AXIS2_PLACEMENT_3D('',#3906,#3229,#3230);
#2668=AXIS2_PLACEMENT_3D('',#3914,#3234,#3235);
#2669=AXIS2_PLACEMENT_3D('',#3922,#3239,#3240);
#2670=AXIS2_PLACEMENT_3D('',#3929,#3244,#3245);
#2671=AXIS2_PLACEMENT_3D('',#3931,#3246,#3247);
#2672=AXIS2_PLACEMENT_3D('',#3933,#3248,#3249);
#2673=AXIS2_PLACEMENT_3D('',#3935,#3250,#3251);
#2674=AXIS2_PLACEMENT_3D('',#3936,#3252,#3253);
#2675=AXIS2_PLACEMENT_3D('',#3941,#3255,#3256);
#2676=AXIS2_PLACEMENT_3D('',#3944,#3258,#3259);
#2677=AXIS2_PLACEMENT_3D('',#3949,#3261,#3262);
#2678=AXIS2_PLACEMENT_3D('',#3952,#3264,#3265);
#2679=AXIS2_PLACEMENT_3D('',#3955,#3266,#3267);
#2680=AXIS2_PLACEMENT_3D('',#3959,#3269,#3270);
#2681=AXIS2_PLACEMENT_3D('',#3963,#3272,#3273);
#2682=AXIS2_PLACEMENT_3D('',#3967,#3275,#3276);
#2683=AXIS2_PLACEMENT_3D('',#3969,#3278,#3279);
#2684=AXIS2_PLACEMENT_3D('',#3971,#3280,#3281);
#2685=AXIS2_PLACEMENT_3D('',#3973,#3283,#3284);
#2686=AXIS2_PLACEMENT_3D('',#3975,#3285,#3286);
#2687=AXIS2_PLACEMENT_3D('',#3977,#3288,#3289);
#2688=AXIS2_PLACEMENT_3D('',#3980,#3291,#3292);
#2689=AXIS2_PLACEMENT_3D('',#3981,#3293,#3294);
#2690=AXIS2_PLACEMENT_3D('',#3983,#3295,#3296);
#2691=AXIS2_PLACEMENT_3D('',#3985,#3298,#3299);
#2692=AXIS2_PLACEMENT_3D('',#3992,#3302,#3303);
#2693=AXIS2_PLACEMENT_3D('',#4000,#3307,#3308);
#2694=AXIS2_PLACEMENT_3D('',#4008,#3312,#3313);
#2695=AXIS2_PLACEMENT_3D('',#4016,#3317,#3318);
#2696=AXIS2_PLACEMENT_3D('',#4018,#3320,#3321);
#2697=AXIS2_PLACEMENT_3D('',#4023,#3323,#3324);
#2698=AXIS2_PLACEMENT_3D('',#4026,#3326,#3327);
#2699=AXIS2_PLACEMENT_3D('',#4031,#3329,#3330);
#2700=AXIS2_PLACEMENT_3D('',#4034,#3332,#3333);
#2701=AXIS2_PLACEMENT_3D('',#4037,#3334,#3335);
#2702=AXIS2_PLACEMENT_3D('',#4041,#3337,#3338);
#2703=AXIS2_PLACEMENT_3D('',#4045,#3340,#3341);
#2704=AXIS2_PLACEMENT_3D('',#4049,#3343,#3344);
#2705=AXIS2_PLACEMENT_3D('',#4051,#3346,#3347);
#2706=AXIS2_PLACEMENT_3D('',#4052,#3348,#3349);
#2707=AXIS2_PLACEMENT_3D('',#4055,#3352,#3353);
#2708=AXIS2_PLACEMENT_3D('',#4058,#3356,#3357);
#2709=AXIS2_PLACEMENT_3D('',#4061,#3360,#3361);
#2710=AXIS2_PLACEMENT_3D('',#4064,#3364,#3365);
#2711=AXIS2_PLACEMENT_3D('',#4066,#3367,#3368);
#2712=AXIS2_PLACEMENT_3D('',#4068,#3370,#3371);
#2713=AXIS2_PLACEMENT_3D('',#4070,#3373,#3374);
#2714=AXIS2_PLACEMENT_3D('',#4072,#3376,#3377);
#2715=AXIS2_PLACEMENT_3D('',#4075,#3380,#3381);
#2716=AXIS2_PLACEMENT_3D('',#4078,#3384,#3385);
#2717=AXIS2_PLACEMENT_3D('',#4080,#3387,#3388);
#2718=AXIS2_PLACEMENT_3D('',#4082,#3390,#3391);
#2719=AXIS2_PLACEMENT_3D('',#4085,#3394,#3395);
#2720=AXIS2_PLACEMENT_3D('',#4087,#3397,#3398);
#2721=AXIS2_PLACEMENT_3D('',#4089,#3400,#3401);
#2722=AXIS2_PLACEMENT_3D('',#4090,#3402,#3403);
#2723=AXIS2_PLACEMENT_3D('',#4092,#3405,#3406);
#2724=AXIS2_PLACEMENT_3D('',#4093,#3407,#3408);
#2725=AXIS2_PLACEMENT_3D('',#4094,#3409,#3410);
#2726=AXIS2_PLACEMENT_3D('',#4096,#3412,#3413);
#2727=AXIS2_PLACEMENT_3D('',#4097,#3414,#3415);
#2728=AXIS2_PLACEMENT_3D('',#4099,#3417,#3418);
#2729=AXIS2_PLACEMENT_3D('',#4101,#3420,#3421);
#2730=AXIS2_PLACEMENT_3D('',#4104,#3424,#3425);
#2731=AXIS2_PLACEMENT_3D('',#4107,#3428,#3429);
#2732=AXIS2_PLACEMENT_3D('',#4108,#3430,#3431);
#2733=AXIS2_PLACEMENT_3D('',#4110,#3433,#3434);
#2734=AXIS2_PLACEMENT_3D('',#4111,#3435,#3436);
#2735=AXIS2_PLACEMENT_3D('',#4112,#3437,#3438);
#2736=AXIS2_PLACEMENT_3D('',#4114,#3440,#3441);
#2737=AXIS2_PLACEMENT_3D('',#4115,#3442,#3443);
#2738=AXIS2_PLACEMENT_3D('',#4116,#3444,#3445);
#2739=AXIS2_PLACEMENT_3D('',#4117,#3446,#3447);
#2740=AXIS2_PLACEMENT_3D('',#4118,#3448,#3449);
#2741=AXIS2_PLACEMENT_3D('',#4119,#3450,#3451);
#2742=DIRECTION('axis',(0.,0.,1.));
#2743=DIRECTION('refdir',(1.,0.,0.));
#2744=DIRECTION('axis',(0.,0.,1.));
#2745=DIRECTION('refdir',(1.,0.,0.));
#2746=DIRECTION('center_axis',(0.,0.,1.));
#2747=DIRECTION('ref_axis',(-1.,0.,0.));
#2748=DIRECTION('center_axis',(0.,0.,1.));
#2749=DIRECTION('ref_axis',(-1.,0.,0.));
#2750=DIRECTION('',(0.,0.,1.));
#2751=DIRECTION('center_axis',(0.,0.,-1.));
#2752=DIRECTION('ref_axis',(-1.,0.,0.));
#2753=DIRECTION('center_axis',(0.,0.,1.));
#2754=DIRECTION('ref_axis',(-1.,0.,0.));
#2755=DIRECTION('center_axis',(0.,0.,1.));
#2756=DIRECTION('ref_axis',(-1.,0.,0.));
#2757=DIRECTION('',(0.,0.,1.));
#2758=DIRECTION('center_axis',(0.,0.,-1.));
#2759=DIRECTION('ref_axis',(-1.,0.,0.));
#2760=DIRECTION('center_axis',(0.,0.,1.));
#2761=DIRECTION('ref_axis',(-1.,0.,0.));
#2762=DIRECTION('center_axis',(0.,0.,1.));
#2763=DIRECTION('ref_axis',(-1.,0.,0.));
#2764=DIRECTION('',(0.,0.,1.));
#2765=DIRECTION('center_axis',(0.,0.,-1.));
#2766=DIRECTION('ref_axis',(-1.,0.,0.));
#2767=DIRECTION('center_axis',(0.,0.,1.));
#2768=DIRECTION('ref_axis',(-1.,0.,0.));
#2769=DIRECTION('center_axis',(0.,0.,1.));
#2770=DIRECTION('ref_axis',(-1.,0.,0.));
#2771=DIRECTION('',(0.,0.,1.));
#2772=DIRECTION('center_axis',(0.,0.,-1.));
#2773=DIRECTION('ref_axis',(-1.,0.,0.));
#2774=DIRECTION('center_axis',(0.,0.,1.));
#2775=DIRECTION('ref_axis',(-1.,0.,0.));
#2776=DIRECTION('center_axis',(0.,0.,1.));
#2777=DIRECTION('ref_axis',(-1.,0.,0.));
#2778=DIRECTION('',(0.,0.,1.));
#2779=DIRECTION('center_axis',(0.,0.,-1.));
#2780=DIRECTION('ref_axis',(-1.,0.,0.));
#2781=DIRECTION('center_axis',(0.,0.,1.));
#2782=DIRECTION('ref_axis',(-1.,0.,0.));
#2783=DIRECTION('center_axis',(0.,0.,1.));
#2784=DIRECTION('ref_axis',(-1.,0.,0.));
#2785=DIRECTION('',(0.,0.,1.));
#2786=DIRECTION('center_axis',(0.,0.,-1.));
#2787=DIRECTION('ref_axis',(-1.,0.,0.));
#2788=DIRECTION('center_axis',(0.,0.,1.));
#2789=DIRECTION('ref_axis',(-1.,0.,0.));
#2790=DIRECTION('center_axis',(0.,0.,1.));
#2791=DIRECTION('ref_axis',(-1.,0.,0.));
#2792=DIRECTION('',(0.,0.,1.));
#2793=DIRECTION('center_axis',(0.,0.,-1.));
#2794=DIRECTION('ref_axis',(-1.,0.,0.));
#2795=DIRECTION('center_axis',(0.,0.,1.));
#2796=DIRECTION('ref_axis',(-1.,0.,0.));
#2797=DIRECTION('center_axis',(0.,0.,1.));
#2798=DIRECTION('ref_axis',(-1.,0.,0.));
#2799=DIRECTION('',(0.,0.,-1.));
#2800=DIRECTION('center_axis',(0.,0.,-1.));
#2801=DIRECTION('ref_axis',(-1.,0.,0.));
#2802=DIRECTION('center_axis',(0.,0.,1.));
#2803=DIRECTION('ref_axis',(1.,0.,0.));
#2804=DIRECTION('center_axis',(0.,0.,1.));
#2805=DIRECTION('ref_axis',(1.,0.,0.));
#2806=DIRECTION('axis',(0.,0.,1.));
#2807=DIRECTION('refdir',(1.,0.,0.));
#2808=DIRECTION('center_axis',(-1.,0.,0.));
#2809=DIRECTION('ref_axis',(0.,-1.,0.));
#2810=DIRECTION('',(0.,0.,1.));
#2811=DIRECTION('',(0.,-1.,0.));
#2812=DIRECTION('',(0.,0.,1.));
#2813=DIRECTION('',(0.,-1.,0.));
#2814=DIRECTION('center_axis',(0.,0.,1.));
#2815=DIRECTION('ref_axis',(1.,0.,0.));
#2816=DIRECTION('center_axis',(0.,0.,-1.));
#2817=DIRECTION('ref_axis',(-1.,0.,0.));
#2818=DIRECTION('',(-1.,0.,0.));
#2819=DIRECTION('',(0.,1.,0.));
#2820=DIRECTION('center_axis',(0.,1.,0.));
#2821=DIRECTION('ref_axis',(-1.,0.,0.));
#2822=DIRECTION('',(-1.,0.,0.));
#2823=DIRECTION('',(0.,0.,1.));
#2824=DIRECTION('center_axis',(1.,0.,0.));
#2825=DIRECTION('ref_axis',(0.,1.,0.));
#2826=DIRECTION('',(0.,0.,-1.));
#2827=DIRECTION('',(0.,1.,0.));
#2828=DIRECTION('center_axis',(0.,0.,1.));
#2829=DIRECTION('ref_axis',(-1.,0.,0.));
#2830=DIRECTION('center_axis',(0.,0.,1.));
#2831=DIRECTION('ref_axis',(-1.,0.,0.));
#2832=DIRECTION('',(0.,0.,1.));
#2833=DIRECTION('center_axis',(0.,0.,-1.));
#2834=DIRECTION('ref_axis',(-1.,0.,0.));
#2835=DIRECTION('center_axis',(0.,0.,1.));
#2836=DIRECTION('ref_axis',(-1.,0.,0.));
#2837=DIRECTION('center_axis',(0.,0.,1.));
#2838=DIRECTION('ref_axis',(-1.,0.,0.));
#2839=DIRECTION('center_axis',(0.,0.,1.));
#2840=DIRECTION('ref_axis',(-1.,0.,0.));
#2841=DIRECTION('',(0.,0.,1.));
#2842=DIRECTION('center_axis',(0.,0.,-1.));
#2843=DIRECTION('ref_axis',(-1.,0.,0.));
#2844=DIRECTION('center_axis',(0.,0.,1.));
#2845=DIRECTION('ref_axis',(-1.,0.,0.));
#2846=DIRECTION('center_axis',(0.,0.,1.));
#2847=DIRECTION('ref_axis',(-1.,0.,0.));
#2848=DIRECTION('',(0.,0.,1.));
#2849=DIRECTION('center_axis',(0.,0.,-1.));
#2850=DIRECTION('ref_axis',(-1.,0.,0.));
#2851=DIRECTION('center_axis',(0.,0.,1.));
#2852=DIRECTION('ref_axis',(-1.,0.,0.));
#2853=DIRECTION('center_axis',(0.,0.,1.));
#2854=DIRECTION('ref_axis',(-1.,0.,0.));
#2855=DIRECTION('',(0.,0.,1.));
#2856=DIRECTION('center_axis',(0.,0.,-1.));
#2857=DIRECTION('ref_axis',(-1.,0.,0.));
#2858=DIRECTION('center_axis',(0.,0.,1.));
#2859=DIRECTION('ref_axis',(-1.,0.,0.));
#2860=DIRECTION('center_axis',(0.,0.,1.));
#2861=DIRECTION('ref_axis',(-1.,0.,0.));
#2862=DIRECTION('',(0.,0.,1.));
#2863=DIRECTION('center_axis',(0.,0.,-1.));
#2864=DIRECTION('ref_axis',(-1.,0.,0.));
#2865=DIRECTION('center_axis',(0.,0.,1.));
#2866=DIRECTION('ref_axis',(-1.,0.,0.));
#2867=DIRECTION('center_axis',(0.,0.,1.));
#2868=DIRECTION('ref_axis',(-1.,0.,0.));
#2869=DIRECTION('',(0.,0.,1.));
#2870=DIRECTION('center_axis',(0.,0.,-1.));
#2871=DIRECTION('ref_axis',(-1.,0.,0.));
#2872=DIRECTION('center_axis',(0.,0.,1.));
#2873=DIRECTION('ref_axis',(-1.,0.,0.));
#2874=DIRECTION('center_axis',(0.,0.,1.));
#2875=DIRECTION('ref_axis',(-1.,0.,0.));
#2876=DIRECTION('',(0.,0.,1.));
#2877=DIRECTION('center_axis',(0.,0.,-1.));
#2878=DIRECTION('ref_axis',(-1.,0.,0.));
#2879=DIRECTION('center_axis',(0.,0.,1.));
#2880=DIRECTION('ref_axis',(-1.,0.,0.));
#2881=DIRECTION('center_axis',(0.,0.,1.));
#2882=DIRECTION('ref_axis',(-1.,0.,0.));
#2883=DIRECTION('',(0.,0.,1.));
#2884=DIRECTION('center_axis',(0.,0.,-1.));
#2885=DIRECTION('ref_axis',(-1.,0.,0.));
#2886=DIRECTION('center_axis',(0.,0.,1.));
#2887=DIRECTION('ref_axis',(-1.,0.,0.));
#2888=DIRECTION('center_axis',(0.,0.,1.));
#2889=DIRECTION('ref_axis',(-1.,0.,0.));
#2890=DIRECTION('',(0.,0.,1.));
#2891=DIRECTION('center_axis',(0.,0.,-1.));
#2892=DIRECTION('ref_axis',(-1.,0.,0.));
#2893=DIRECTION('center_axis',(0.,0.,1.));
#2894=DIRECTION('ref_axis',(1.,0.,0.));
#2895=DIRECTION('center_axis',(0.,0.,-1.));
#2896=DIRECTION('ref_axis',(-1.,0.,0.));
#2897=DIRECTION('center_axis',(0.,0.,-1.));
#2898=DIRECTION('ref_axis',(-1.,0.,0.));
#2899=DIRECTION('center_axis',(0.,0.,1.));
#2900=DIRECTION('ref_axis',(-1.,0.,0.));
#2901=DIRECTION('center_axis',(0.,0.,1.));
#2902=DIRECTION('ref_axis',(-1.,0.,0.));
#2903=DIRECTION('',(0.,0.,-1.));
#2904=DIRECTION('center_axis',(0.,0.,1.));
#2905=DIRECTION('ref_axis',(1.,0.,0.));
#2906=DIRECTION('center_axis',(0.,0.,-1.));
#2907=DIRECTION('ref_axis',(-1.,0.,0.));
#2908=DIRECTION('center_axis',(0.,0.,-1.));
#2909=DIRECTION('ref_axis',(-1.,0.,0.));
#2910=DIRECTION('center_axis',(0.,0.,1.));
#2911=DIRECTION('ref_axis',(1.,0.,0.));
#2912=DIRECTION('center_axis',(0.,0.,1.));
#2913=DIRECTION('ref_axis',(-1.,0.,0.));
#2914=DIRECTION('center_axis',(0.,0.,1.));
#2915=DIRECTION('ref_axis',(-1.,0.,0.));
#2916=DIRECTION('center_axis',(0.,0.,1.));
#2917=DIRECTION('ref_axis',(-1.,0.,0.));
#2918=DIRECTION('',(0.,0.,-1.));
#2919=DIRECTION('center_axis',(0.,0.,1.));
#2920=DIRECTION('ref_axis',(-1.,0.,0.));
#2921=DIRECTION('',(0.,0.,-1.));
#2922=DIRECTION('center_axis',(0.,0.,1.));
#2923=DIRECTION('ref_axis',(-1.,0.,0.));
#2924=DIRECTION('',(0.,0.,-1.));
#2925=DIRECTION('center_axis',(0.,0.,-1.));
#2926=DIRECTION('ref_axis',(-1.,0.,0.));
#2927=DIRECTION('center_axis',(0.,0.,1.));
#2928=DIRECTION('ref_axis',(1.,0.,0.));
#2929=DIRECTION('center_axis',(0.,0.,1.));
#2930=DIRECTION('ref_axis',(1.,0.,0.));
#2931=DIRECTION('axis',(0.,0.,1.));
#2932=DIRECTION('refdir',(1.,0.,0.));
#2933=DIRECTION('center_axis',(0.,0.,1.));
#2934=DIRECTION('ref_axis',(-1.,0.,0.));
#2935=DIRECTION('center_axis',(0.,0.,1.));
#2936=DIRECTION('ref_axis',(-1.,0.,0.));
#2937=DIRECTION('',(0.,0.,1.));
#2938=DIRECTION('center_axis',(0.,0.,-1.));
#2939=DIRECTION('ref_axis',(-1.,0.,0.));
#2940=DIRECTION('center_axis',(0.,0.,1.));
#2941=DIRECTION('ref_axis',(-1.,0.,0.));
#2942=DIRECTION('center_axis',(0.,0.,1.));
#2943=DIRECTION('ref_axis',(-1.,0.,0.));
#2944=DIRECTION('',(0.,0.,1.));
#2945=DIRECTION('center_axis',(0.,0.,-1.));
#2946=DIRECTION('ref_axis',(-1.,0.,0.));
#2947=DIRECTION('center_axis',(0.,0.,1.));
#2948=DIRECTION('ref_axis',(-1.,0.,0.));
#2949=DIRECTION('center_axis',(0.,0.,1.));
#2950=DIRECTION('ref_axis',(-1.,0.,0.));
#2951=DIRECTION('',(0.,0.,1.));
#2952=DIRECTION('center_axis',(0.,0.,-1.));
#2953=DIRECTION('ref_axis',(-1.,0.,0.));
#2954=DIRECTION('center_axis',(0.,0.,1.));
#2955=DIRECTION('ref_axis',(-1.,0.,0.));
#2956=DIRECTION('center_axis',(0.,0.,1.));
#2957=DIRECTION('ref_axis',(-1.,0.,0.));
#2958=DIRECTION('',(0.,0.,1.));
#2959=DIRECTION('center_axis',(0.,0.,-1.));
#2960=DIRECTION('ref_axis',(-1.,0.,0.));
#2961=DIRECTION('center_axis',(0.,0.,1.));
#2962=DIRECTION('ref_axis',(-1.,0.,0.));
#2963=DIRECTION('center_axis',(0.,0.,1.));
#2964=DIRECTION('ref_axis',(-1.,0.,0.));
#2965=DIRECTION('',(0.,0.,1.));
#2966=DIRECTION('center_axis',(0.,0.,-1.));
#2967=DIRECTION('ref_axis',(-1.,0.,0.));
#2968=DIRECTION('center_axis',(0.,0.,1.));
#2969=DIRECTION('ref_axis',(-1.,0.,0.));
#2970=DIRECTION('center_axis',(0.,0.,1.));
#2971=DIRECTION('ref_axis',(-1.,0.,0.));
#2972=DIRECTION('',(0.,0.,1.));
#2973=DIRECTION('center_axis',(0.,0.,-1.));
#2974=DIRECTION('ref_axis',(-1.,0.,0.));
#2975=DIRECTION('center_axis',(0.,0.,1.));
#2976=DIRECTION('ref_axis',(-1.,0.,0.));
#2977=DIRECTION('center_axis',(0.,0.,1.));
#2978=DIRECTION('ref_axis',(-1.,0.,0.));
#2979=DIRECTION('',(0.,0.,1.));
#2980=DIRECTION('center_axis',(0.,0.,-1.));
#2981=DIRECTION('ref_axis',(-1.,0.,0.));
#2982=DIRECTION('center_axis',(0.,0.,1.));
#2983=DIRECTION('ref_axis',(-1.,0.,0.));
#2984=DIRECTION('center_axis',(0.,0.,1.));
#2985=DIRECTION('ref_axis',(-1.,0.,0.));
#2986=DIRECTION('',(0.,0.,1.));
#2987=DIRECTION('center_axis',(0.,0.,-1.));
#2988=DIRECTION('ref_axis',(-1.,0.,0.));
#2989=DIRECTION('center_axis',(0.,0.,1.));
#2990=DIRECTION('ref_axis',(-1.,0.,0.));
#2991=DIRECTION('center_axis',(0.,0.,1.));
#2992=DIRECTION('ref_axis',(-1.,0.,0.));
#2993=DIRECTION('',(0.,0.,1.));
#2994=DIRECTION('center_axis',(0.,0.,-1.));
#2995=DIRECTION('ref_axis',(-1.,0.,0.));
#2996=DIRECTION('center_axis',(0.,0.,1.));
#2997=DIRECTION('ref_axis',(-1.,0.,0.));
#2998=DIRECTION('center_axis',(0.,0.,1.));
#2999=DIRECTION('ref_axis',(-1.,0.,0.));
#3000=DIRECTION('',(0.,0.,1.));
#3001=DIRECTION('center_axis',(0.,0.,-1.));
#3002=DIRECTION('ref_axis',(-1.,0.,0.));
#3003=DIRECTION('center_axis',(0.,0.,1.));
#3004=DIRECTION('ref_axis',(-1.,0.,0.));
#3005=DIRECTION('center_axis',(0.,0.,1.));
#3006=DIRECTION('ref_axis',(-1.,0.,0.));
#3007=DIRECTION('',(0.,0.,1.));
#3008=DIRECTION('center_axis',(0.,0.,-1.));
#3009=DIRECTION('ref_axis',(-1.,0.,0.));
#3010=DIRECTION('center_axis',(0.,0.,1.));
#3011=DIRECTION('ref_axis',(-1.,0.,0.));
#3012=DIRECTION('',(0.,0.,1.));
#3013=DIRECTION('center_axis',(0.,0.,-1.));
#3014=DIRECTION('ref_axis',(-1.,0.,0.));
#3015=DIRECTION('',(0.,0.,-1.));
#3016=DIRECTION('center_axis',(0.,0.,1.));
#3017=DIRECTION('ref_axis',(-1.,0.,0.));
#3018=DIRECTION('center_axis',(0.,0.,1.));
#3019=DIRECTION('ref_axis',(-1.,0.,0.));
#3020=DIRECTION('',(0.,0.,-1.));
#3021=DIRECTION('center_axis',(0.,0.,1.));
#3022=DIRECTION('ref_axis',(-1.,0.,0.));
#3023=DIRECTION('',(0.,0.,1.));
#3024=DIRECTION('center_axis',(0.,0.,-1.));
#3025=DIRECTION('ref_axis',(-1.,0.,0.));
#3026=DIRECTION('center_axis',(0.,0.,1.));
#3027=DIRECTION('ref_axis',(-1.,0.,0.));
#3028=DIRECTION('',(0.,0.,1.));
#3029=DIRECTION('center_axis',(0.,0.,-1.));
#3030=DIRECTION('ref_axis',(-1.,0.,0.));
#3031=DIRECTION('',(0.,0.,-1.));
#3032=DIRECTION('center_axis',(0.,0.,1.));
#3033=DIRECTION('ref_axis',(-1.,0.,0.));
#3034=DIRECTION('center_axis',(0.,0.,1.));
#3035=DIRECTION('ref_axis',(-1.,0.,0.));
#3036=DIRECTION('',(0.,0.,-1.));
#3037=DIRECTION('center_axis',(0.,0.,1.));
#3038=DIRECTION('ref_axis',(-1.,0.,0.));
#3039=DIRECTION('',(0.,0.,1.));
#3040=DIRECTION('center_axis',(0.,0.,-1.));
#3041=DIRECTION('ref_axis',(-1.,0.,0.));
#3042=DIRECTION('center_axis',(0.,-1.,0.));
#3043=DIRECTION('ref_axis',(1.,0.,0.));
#3044=DIRECTION('',(1.,0.,0.));
#3045=DIRECTION('',(0.,0.,-1.));
#3046=DIRECTION('',(1.,0.,0.));
#3047=DIRECTION('center_axis',(1.,0.,0.));
#3048=DIRECTION('ref_axis',(0.,1.,0.));
#3049=DIRECTION('',(0.,1.,0.));
#3050=DIRECTION('',(0.,0.,-1.));
#3051=DIRECTION('',(0.,1.,0.));
#3052=DIRECTION('center_axis',(-1.,0.,0.));
#3053=DIRECTION('ref_axis',(0.,-1.,0.));
#3054=DIRECTION('',(0.,-1.,0.));
#3055=DIRECTION('',(0.,0.,-1.));
#3056=DIRECTION('',(0.,-1.,0.));
#3057=DIRECTION('center_axis',(0.,1.,0.));
#3058=DIRECTION('ref_axis',(-1.,0.,0.));
#3059=DIRECTION('',(-1.,0.,0.));
#3060=DIRECTION('',(0.,0.,-1.));
#3061=DIRECTION('',(-1.,0.,0.));
#3062=DIRECTION('center_axis',(0.,1.,0.));
#3063=DIRECTION('ref_axis',(-1.,0.,0.));
#3064=DIRECTION('',(-1.,0.,0.));
#3065=DIRECTION('',(0.,0.,1.));
#3066=DIRECTION('',(-1.,0.,0.));
#3067=DIRECTION('',(0.,0.,1.));
#3068=DIRECTION('center_axis',(-1.,0.,0.));
#3069=DIRECTION('ref_axis',(0.,-1.,0.));
#3070=DIRECTION('',(0.,0.,1.));
#3071=DIRECTION('',(0.,-1.,0.));
#3072=DIRECTION('',(0.,0.,1.));
#3073=DIRECTION('',(0.,-1.,0.));
#3074=DIRECTION('center_axis',(-1.,0.,0.));
#3075=DIRECTION('ref_axis',(0.,-1.,0.));
#3076=DIRECTION('',(0.,0.,-1.));
#3077=DIRECTION('',(0.,-1.,0.));
#3078=DIRECTION('',(0.,-1.,0.));
#3079=DIRECTION('center_axis',(-1.,0.,0.));
#3080=DIRECTION('ref_axis',(0.,-1.,0.));
#3081=DIRECTION('',(0.,-1.,0.));
#3082=DIRECTION('',(0.,0.,1.));
#3083=DIRECTION('',(0.,-1.,0.));
#3084=DIRECTION('center_axis',(1.,0.,0.));
#3085=DIRECTION('ref_axis',(0.,1.,0.));
#3086=DIRECTION('',(0.,0.,-1.));
#3087=DIRECTION('',(0.,1.,0.));
#3088=DIRECTION('',(0.,0.,1.));
#3089=DIRECTION('',(0.,1.,0.));
#3090=DIRECTION('center_axis',(1.,0.,0.));
#3091=DIRECTION('ref_axis',(0.,1.,0.));
#3092=DIRECTION('',(0.,1.,0.));
#3093=DIRECTION('',(0.,0.,1.));
#3094=DIRECTION('',(0.,1.,0.));
#3095=DIRECTION('center_axis',(1.,0.,0.));
#3096=DIRECTION('ref_axis',(0.,1.,0.));
#3097=DIRECTION('',(0.,0.,1.));
#3098=DIRECTION('',(0.,1.,0.));
#3099=DIRECTION('',(0.,1.,0.));
#3100=DIRECTION('center_axis',(0.,-1.,0.));
#3101=DIRECTION('ref_axis',(1.,0.,0.));
#3102=DIRECTION('',(1.,0.,0.));
#3103=DIRECTION('',(1.,0.,0.));
#3104=DIRECTION('center_axis',(0.,1.,0.));
#3105=DIRECTION('ref_axis',(-1.,0.,0.));
#3106=DIRECTION('',(-1.,0.,0.));
#3107=DIRECTION('',(0.,0.,1.));
#3108=DIRECTION('',(-1.,0.,0.));
#3109=DIRECTION('center_axis',(0.,0.,1.));
#3110=DIRECTION('ref_axis',(-1.,0.,0.));
#3111=DIRECTION('center_axis',(0.,0.,1.));
#3112=DIRECTION('ref_axis',(-1.,0.,0.));
#3113=DIRECTION('center_axis',(0.,0.,-1.));
#3114=DIRECTION('ref_axis',(-1.,0.,0.));
#3115=DIRECTION('center_axis',(0.,0.,1.));
#3116=DIRECTION('ref_axis',(-1.,0.,0.));
#3117=DIRECTION('center_axis',(0.,0.,-1.));
#3118=DIRECTION('ref_axis',(-1.,0.,0.));
#3119=DIRECTION('center_axis',(0.,0.,1.));
#3120=DIRECTION('ref_axis',(-1.,0.,0.));
#3121=DIRECTION('center_axis',(0.,0.,1.));
#3122=DIRECTION('ref_axis',(-1.,0.,0.));
#3123=DIRECTION('center_axis',(0.,0.,1.));
#3124=DIRECTION('ref_axis',(-1.,0.,0.));
#3125=DIRECTION('',(0.,0.,-1.));
#3126=DIRECTION('center_axis',(0.,0.,-1.));
#3127=DIRECTION('ref_axis',(-1.,0.,0.));
#3128=DIRECTION('center_axis',(0.,0.,1.));
#3129=DIRECTION('ref_axis',(1.,0.,0.));
#3130=DIRECTION('',(-1.,0.,0.));
#3131=DIRECTION('',(0.,1.,0.));
#3132=DIRECTION('',(1.,0.,0.));
#3133=DIRECTION('center_axis',(0.,0.,-1.));
#3134=DIRECTION('ref_axis',(-1.,0.,0.));
#3135=DIRECTION('center_axis',(0.,0.,-1.));
#3136=DIRECTION('ref_axis',(-1.,0.,0.));
#3137=DIRECTION('',(1.,0.,0.));
#3138=DIRECTION('',(0.,-1.,0.));
#3139=DIRECTION('',(-1.,0.,0.));
#3140=DIRECTION('center_axis',(0.,0.,-1.));
#3141=DIRECTION('ref_axis',(-1.,0.,0.));
#3142=DIRECTION('center_axis',(0.,0.,1.));
#3143=DIRECTION('ref_axis',(-1.,0.,0.));
#3144=DIRECTION('',(1.,0.,0.));
#3145=DIRECTION('center_axis',(0.,0.,1.));
#3146=DIRECTION('ref_axis',(-1.,0.,0.));
#3147=DIRECTION('center_axis',(0.,0.,1.));
#3148=DIRECTION('ref_axis',(-1.,0.,0.));
#3149=DIRECTION('center_axis',(0.,0.,-1.));
#3150=DIRECTION('ref_axis',(-1.,0.,0.));
#3151=DIRECTION('center_axis',(0.,0.,1.));
#3152=DIRECTION('ref_axis',(-1.,0.,0.));
#3153=DIRECTION('',(0.,0.,1.));
#3154=DIRECTION('center_axis',(0.,0.,1.));
#3155=DIRECTION('ref_axis',(-1.,0.,0.));
#3156=DIRECTION('center_axis',(0.,0.,1.));
#3157=DIRECTION('ref_axis',(-1.,0.,0.));
#3158=DIRECTION('center_axis',(0.,0.,1.));
#3159=DIRECTION('ref_axis',(-1.,0.,0.));
#3160=DIRECTION('',(0.,0.,-1.));
#3161=DIRECTION('center_axis',(1.,0.,0.));
#3162=DIRECTION('ref_axis',(0.,1.,0.));
#3163=DIRECTION('',(0.,1.,0.));
#3164=DIRECTION('',(0.,0.,1.));
#3165=DIRECTION('',(0.,0.,1.));
#3166=DIRECTION('center_axis',(0.,1.,0.));
#3167=DIRECTION('ref_axis',(-1.,0.,0.));
#3168=DIRECTION('',(0.,0.,1.));
#3169=DIRECTION('',(0.,0.,1.));
#3170=DIRECTION('',(-1.,0.,0.));
#3171=DIRECTION('center_axis',(0.,1.,0.));
#3172=DIRECTION('ref_axis',(-1.,0.,0.));
#3173=DIRECTION('',(-1.,0.,0.));
#3174=DIRECTION('center_axis',(0.,-1.,0.));
#3175=DIRECTION('ref_axis',(1.,0.,0.));
#3176=DIRECTION('',(1.,0.,0.));
#3177=DIRECTION('',(0.,0.,1.));
#3178=DIRECTION('center_axis',(0.,-1.,0.));
#3179=DIRECTION('ref_axis',(1.,0.,0.));
#3180=DIRECTION('',(1.,0.,0.));
#3181=DIRECTION('center_axis',(-1.,0.,0.));
#3182=DIRECTION('ref_axis',(0.,-1.,0.));
#3183=DIRECTION('',(0.,-1.,0.));
#3184=DIRECTION('center_axis',(0.,-1.,0.));
#3185=DIRECTION('ref_axis',(1.,0.,0.));
#3186=DIRECTION('',(1.,0.,0.));
#3187=DIRECTION('',(0.,0.,1.));
#3188=DIRECTION('center_axis',(0.,0.,1.));
#3189=DIRECTION('ref_axis',(-1.,0.,0.));
#3190=DIRECTION('center_axis',(0.,0.,-1.));
#3191=DIRECTION('ref_axis',(-1.,0.,0.));
#3192=DIRECTION('center_axis',(0.,0.,1.));
#3193=DIRECTION('ref_axis',(1.,0.,0.));
#3194=DIRECTION('center_axis',(0.,0.,1.));
#3195=DIRECTION('ref_axis',(-1.,0.,0.));
#3196=DIRECTION('center_axis',(0.,0.,1.));
#3197=DIRECTION('ref_axis',(-1.,0.,0.));
#3198=DIRECTION('axis',(0.,0.,1.));
#3199=DIRECTION('refdir',(1.,0.,0.));
#3200=DIRECTION('center_axis',(0.,0.,1.));
#3201=DIRECTION('ref_axis',(-7.04481399828022E-16,-1.,0.));
#3202=DIRECTION('',(0.,0.,1.));
#3203=DIRECTION('center_axis',(0.,0.,1.));
#3204=DIRECTION('ref_axis',(-1.,0.,0.));
#3205=DIRECTION('',(0.,0.,-1.));
#3206=DIRECTION('center_axis',(0.,0.,-1.));
#3207=DIRECTION('ref_axis',(-1.,0.,0.));
#3208=DIRECTION('center_axis',(0.,0.,1.));
#3209=DIRECTION('ref_axis',(-1.,0.,0.));
#3210=DIRECTION('center_axis',(0.,0.,1.));
#3211=DIRECTION('ref_axis',(-1.,0.,0.));
#3212=DIRECTION('',(0.,0.,1.));
#3213=DIRECTION('center_axis',(0.,0.,-1.));
#3214=DIRECTION('ref_axis',(-1.,0.,0.));
#3215=DIRECTION('center_axis',(0.,0.,1.));
#3216=DIRECTION('ref_axis',(-1.,0.,0.));
#3217=DIRECTION('center_axis',(0.,0.,-1.));
#3218=DIRECTION('ref_axis',(-1.,0.,0.));
#3219=DIRECTION('',(0.,0.,-1.));
#3220=DIRECTION('center_axis',(0.,0.,1.));
#3221=DIRECTION('ref_axis',(-1.,0.,0.));
#3222=DIRECTION('center_axis',(0.,0.,1.));
#3223=DIRECTION('ref_axis',(1.,0.,0.));
#3224=DIRECTION('center_axis',(0.,0.,1.));
#3225=DIRECTION('ref_axis',(-1.,0.,0.));
#3226=DIRECTION('',(-1.,0.,0.));
#3227=DIRECTION('',(0.,-1.,0.));
#3228=DIRECTION('',(1.,0.,0.));
#3229=DIRECTION('center_axis',(0.,0.,1.));
#3230=DIRECTION('ref_axis',(-1.,0.,0.));
#3231=DIRECTION('',(0.,-1.,0.));
#3232=DIRECTION('',(1.,0.,0.));
#3233=DIRECTION('',(0.,1.,0.));
#3234=DIRECTION('center_axis',(0.,0.,1.));
#3235=DIRECTION('ref_axis',(-1.,0.,0.));
#3236=DIRECTION('',(1.,0.,0.));
#3237=DIRECTION('',(0.,1.,0.));
#3238=DIRECTION('',(-1.,0.,0.));
#3239=DIRECTION('center_axis',(0.,0.,1.));
#3240=DIRECTION('ref_axis',(-1.,0.,0.));
#3241=DIRECTION('',(0.,1.,0.));
#3242=DIRECTION('',(-1.,0.,0.));
#3243=DIRECTION('',(0.,-1.,0.));
#3244=DIRECTION('center_axis',(0.,0.,-1.));
#3245=DIRECTION('ref_axis',(-1.,0.,0.));
#3246=DIRECTION('center_axis',(0.,0.,-1.));
#3247=DIRECTION('ref_axis',(-1.,0.,0.));
#3248=DIRECTION('center_axis',(0.,0.,-1.));
#3249=DIRECTION('ref_axis',(-1.,0.,0.));
#3250=DIRECTION('center_axis',(0.,0.,-1.));
#3251=DIRECTION('ref_axis',(-1.,0.,0.));
#3252=DIRECTION('center_axis',(0.,0.,-1.));
#3253=DIRECTION('ref_axis',(-1.,0.,0.));
#3254=DIRECTION('',(1.,0.,0.));
#3255=DIRECTION('center_axis',(0.,0.,-1.));
#3256=DIRECTION('ref_axis',(-1.,0.,0.));
#3257=DIRECTION('',(0.,1.,0.));
#3258=DIRECTION('center_axis',(0.,0.,1.));
#3259=DIRECTION('ref_axis',(-1.,0.,0.));
#3260=DIRECTION('',(0.,-1.,0.));
#3261=DIRECTION('center_axis',(0.,0.,-1.));
#3262=DIRECTION('ref_axis',(-1.,0.,0.));
#3263=DIRECTION('',(1.,0.,0.));
#3264=DIRECTION('center_axis',(0.,0.,1.));
#3265=DIRECTION('ref_axis',(-1.,0.,0.));
#3266=DIRECTION('center_axis',(0.,0.,1.));
#3267=DIRECTION('ref_axis',(-1.,0.,0.));
#3268=DIRECTION('',(0.,1.,0.));
#3269=DIRECTION('center_axis',(0.,0.,-1.));
#3270=DIRECTION('ref_axis',(-1.,0.,0.));
#3271=DIRECTION('',(-1.,0.,0.));
#3272=DIRECTION('center_axis',(0.,0.,1.));
#3273=DIRECTION('ref_axis',(-1.,0.,0.));
#3274=DIRECTION('',(-1.,0.,0.));
#3275=DIRECTION('center_axis',(0.,0.,-1.));
#3276=DIRECTION('ref_axis',(-1.,0.,0.));
#3277=DIRECTION('',(0.,-1.,0.));
#3278=DIRECTION('center_axis',(0.,0.,1.));
#3279=DIRECTION('ref_axis',(-1.,0.,0.));
#3280=DIRECTION('center_axis',(0.,0.,1.));
#3281=DIRECTION('ref_axis',(-1.,0.,0.));
#3282=DIRECTION('',(0.,0.,-1.));
#3283=DIRECTION('center_axis',(0.,0.,1.));
#3284=DIRECTION('ref_axis',(-1.,0.,0.));
#3285=DIRECTION('center_axis',(0.,0.,1.));
#3286=DIRECTION('ref_axis',(-1.,0.,0.));
#3287=DIRECTION('',(0.,0.,1.));
#3288=DIRECTION('center_axis',(0.,0.,1.));
#3289=DIRECTION('ref_axis',(-7.04481399828022E-16,1.,0.));
#3290=DIRECTION('',(0.,0.,-1.));
#3291=DIRECTION('center_axis',(0.,0.,1.));
#3292=DIRECTION('ref_axis',(-1.,0.,0.));
#3293=DIRECTION('center_axis',(0.,0.,1.));
#3294=DIRECTION('ref_axis',(-1.,0.,0.));
#3295=DIRECTION('center_axis',(0.,0.,1.));
#3296=DIRECTION('ref_axis',(-1.,0.,0.));
#3297=DIRECTION('',(0.,0.,1.));
#3298=DIRECTION('center_axis',(0.,0.,1.));
#3299=DIRECTION('ref_axis',(1.,0.,0.));
#3300=DIRECTION('',(-1.,0.,0.));
#3301=DIRECTION('',(0.,1.,0.));
#3302=DIRECTION('center_axis',(0.,0.,-1.));
#3303=DIRECTION('ref_axis',(-1.,0.,0.));
#3304=DIRECTION('',(-1.,0.,0.));
#3305=DIRECTION('',(0.,1.,0.));
#3306=DIRECTION('',(1.,0.,0.));
#3307=DIRECTION('center_axis',(0.,0.,-1.));
#3308=DIRECTION('ref_axis',(-1.,0.,0.));
#3309=DIRECTION('',(0.,1.,0.));
#3310=DIRECTION('',(1.,0.,0.));
#3311=DIRECTION('',(0.,-1.,0.));
#3312=DIRECTION('center_axis',(0.,0.,-1.));
#3313=DIRECTION('ref_axis',(-1.,0.,0.));
#3314=DIRECTION('',(1.,0.,0.));
#3315=DIRECTION('',(0.,-1.,0.));
#3316=DIRECTION('',(-1.,0.,0.));
#3317=DIRECTION('center_axis',(0.,0.,-1.));
#3318=DIRECTION('ref_axis',(-1.,0.,0.));
#3319=DIRECTION('',(0.,-1.,0.));
#3320=DIRECTION('center_axis',(0.,0.,1.));
#3321=DIRECTION('ref_axis',(-1.,0.,0.));
#3322=DIRECTION('',(-1.,0.,0.));
#3323=DIRECTION('center_axis',(0.,0.,1.));
#3324=DIRECTION('ref_axis',(-1.,0.,0.));
#3325=DIRECTION('',(0.,1.,0.));
#3326=DIRECTION('center_axis',(0.,0.,-1.));
#3327=DIRECTION('ref_axis',(-1.,0.,0.));
#3328=DIRECTION('',(0.,-1.,0.));
#3329=DIRECTION('center_axis',(0.,0.,1.));
#3330=DIRECTION('ref_axis',(-1.,0.,0.));
#3331=DIRECTION('',(-1.,0.,0.));
#3332=DIRECTION('center_axis',(0.,0.,-1.));
#3333=DIRECTION('ref_axis',(-1.,0.,0.));
#3334=DIRECTION('center_axis',(0.,0.,-1.));
#3335=DIRECTION('ref_axis',(-1.,0.,0.));
#3336=DIRECTION('',(0.,1.,0.));
#3337=DIRECTION('center_axis',(0.,0.,1.));
#3338=DIRECTION('ref_axis',(-1.,0.,0.));
#3339=DIRECTION('',(1.,0.,0.));
#3340=DIRECTION('center_axis',(0.,0.,-1.));
#3341=DIRECTION('ref_axis',(-1.,0.,0.));
#3342=DIRECTION('',(1.,0.,0.));
#3343=DIRECTION('center_axis',(0.,0.,1.));
#3344=DIRECTION('ref_axis',(-1.,0.,0.));
#3345=DIRECTION('',(0.,-1.,0.));
#3346=DIRECTION('center_axis',(0.,0.,1.));
#3347=DIRECTION('ref_axis',(1.,-1.22464679914735E-16,0.));
#3348=DIRECTION('center_axis',(0.,0.,1.));
#3349=DIRECTION('ref_axis',(-1.,0.,0.));
#3350=DIRECTION('',(0.,0.,1.));
#3351=DIRECTION('',(0.,0.,-1.));
#3352=DIRECTION('center_axis',(0.,0.,1.));
#3353=DIRECTION('ref_axis',(-1.,0.,0.));
#3354=DIRECTION('',(0.,0.,-1.));
#3355=DIRECTION('',(0.,0.,1.));
#3356=DIRECTION('center_axis',(0.,0.,1.));
#3357=DIRECTION('ref_axis',(-1.,0.,0.));
#3358=DIRECTION('',(0.,0.,1.));
#3359=DIRECTION('',(0.,0.,-1.));
#3360=DIRECTION('center_axis',(0.,0.,1.));
#3361=DIRECTION('ref_axis',(-1.,0.,0.));
#3362=DIRECTION('',(0.,0.,-1.));
#3363=DIRECTION('',(0.,0.,1.));
#3364=DIRECTION('center_axis',(0.,-1.,0.));
#3365=DIRECTION('ref_axis',(1.,0.,0.));
#3366=DIRECTION('',(0.,0.,-1.));
#3367=DIRECTION('center_axis',(1.,0.,0.));
#3368=DIRECTION('ref_axis',(0.,1.,0.));
#3369=DIRECTION('',(0.,0.,-1.));
#3370=DIRECTION('center_axis',(-1.,0.,0.));
#3371=DIRECTION('ref_axis',(0.,-1.,0.));
#3372=DIRECTION('',(0.,0.,-1.));
#3373=DIRECTION('center_axis',(0.,1.,0.));
#3374=DIRECTION('ref_axis',(-1.,0.,0.));
#3375=DIRECTION('',(0.,0.,-1.));
#3376=DIRECTION('center_axis',(0.,1.,0.));
#3377=DIRECTION('ref_axis',(-1.,0.,0.));
#3378=DIRECTION('',(0.,0.,1.));
#3379=DIRECTION('',(0.,0.,1.));
#3380=DIRECTION('center_axis',(-1.,0.,0.));
#3381=DIRECTION('ref_axis',(0.,-1.,0.));
#3382=DIRECTION('',(0.,0.,1.));
#3383=DIRECTION('',(0.,0.,1.));
#3384=DIRECTION('center_axis',(-1.,0.,0.));
#3385=DIRECTION('ref_axis',(0.,-1.,0.));
#3386=DIRECTION('',(0.,0.,-1.));
#3387=DIRECTION('center_axis',(-1.,0.,0.));
#3388=DIRECTION('ref_axis',(0.,-1.,0.));
#3389=DIRECTION('',(0.,0.,1.));
#3390=DIRECTION('center_axis',(1.,0.,0.));
#3391=DIRECTION('ref_axis',(0.,1.,0.));
#3392=DIRECTION('',(0.,0.,-1.));
#3393=DIRECTION('',(0.,0.,1.));
#3394=DIRECTION('center_axis',(1.,0.,0.));
#3395=DIRECTION('ref_axis',(0.,1.,0.));
#3396=DIRECTION('',(0.,0.,1.));
#3397=DIRECTION('center_axis',(1.,0.,0.));
#3398=DIRECTION('ref_axis',(0.,1.,0.));
#3399=DIRECTION('',(0.,0.,1.));
#3400=DIRECTION('center_axis',(0.,-1.,0.));
#3401=DIRECTION('ref_axis',(1.,0.,0.));
#3402=DIRECTION('center_axis',(0.,1.,0.));
#3403=DIRECTION('ref_axis',(-1.,0.,0.));
#3404=DIRECTION('',(0.,0.,1.));
#3405=DIRECTION('center_axis',(0.,0.,1.));
#3406=DIRECTION('ref_axis',(-1.,0.,0.));
#3407=DIRECTION('center_axis',(0.,0.,1.));
#3408=DIRECTION('ref_axis',(-1.,0.,0.));
#3409=DIRECTION('center_axis',(0.,0.,1.));
#3410=DIRECTION('ref_axis',(-1.,0.,0.));
#3411=DIRECTION('',(0.,0.,-1.));
#3412=DIRECTION('center_axis',(0.,0.,1.));
#3413=DIRECTION('ref_axis',(-1.,0.,0.));
#3414=DIRECTION('center_axis',(0.,0.,1.));
#3415=DIRECTION('ref_axis',(-1.,0.,0.));
#3416=DIRECTION('',(0.,0.,1.));
#3417=DIRECTION('center_axis',(0.,0.,1.));
#3418=DIRECTION('ref_axis',(-1.,0.,0.));
#3419=DIRECTION('',(0.,0.,-1.));
#3420=DIRECTION('center_axis',(1.,0.,0.));
#3421=DIRECTION('ref_axis',(0.,1.,0.));
#3422=DIRECTION('',(0.,0.,1.));
#3423=DIRECTION('',(0.,0.,1.));
#3424=DIRECTION('center_axis',(0.,1.,0.));
#3425=DIRECTION('ref_axis',(-1.,0.,0.));
#3426=DIRECTION('',(0.,0.,1.));
#3427=DIRECTION('',(0.,0.,1.));
#3428=DIRECTION('center_axis',(0.,1.,0.));
#3429=DIRECTION('ref_axis',(-1.,0.,0.));
#3430=DIRECTION('center_axis',(0.,-1.,0.));
#3431=DIRECTION('ref_axis',(1.,0.,0.));
#3432=DIRECTION('',(0.,0.,1.));
#3433=DIRECTION('center_axis',(0.,-1.,0.));
#3434=DIRECTION('ref_axis',(1.,0.,0.));
#3435=DIRECTION('center_axis',(-1.,0.,0.));
#3436=DIRECTION('ref_axis',(0.,-1.,0.));
#3437=DIRECTION('center_axis',(0.,-1.,0.));
#3438=DIRECTION('ref_axis',(1.,0.,0.));
#3439=DIRECTION('',(0.,0.,1.));
#3440=DIRECTION('center_axis',(0.,0.,1.));
#3441=DIRECTION('ref_axis',(-1.,0.,0.));
#3442=DIRECTION('center_axis',(0.,0.,1.));
#3443=DIRECTION('ref_axis',(-1.,0.,0.));
#3444=DIRECTION('',(0.,0.,1.));
#3445=DIRECTION('',(1.,0.,0.));
#3446=DIRECTION('',(0.,0.,1.));
#3447=DIRECTION('',(1.,0.,0.));
#3448=DIRECTION('',(0.,0.,1.));
#3449=DIRECTION('',(1.,0.,0.));
#3450=DIRECTION('',(0.,0.,1.));
#3451=DIRECTION('',(1.,0.,0.));
#3452=CARTESIAN_POINT('',(0.,0.,0.));
#3453=CARTESIAN_POINT('',(0.,0.,0.));
#3454=CARTESIAN_POINT('Origin',(62.7868417743718,-36.25,52.));
#3455=CARTESIAN_POINT('',(64.1368417743718,-36.25,52.));
#3456=CARTESIAN_POINT('Origin',(62.7868417743718,-36.25,52.));
#3457=CARTESIAN_POINT('',(64.1368417743718,-36.25,57.5));
#3458=CARTESIAN_POINT('',(64.1368417743718,-36.25,52.));
#3459=CARTESIAN_POINT('Origin',(62.7868417743718,-36.25,57.5));
#3460=CARTESIAN_POINT('Origin',(-1.33180339407275E-14,-72.5,52.));
#3461=CARTESIAN_POINT('',(1.34999999999999,-72.5,52.));
#3462=CARTESIAN_POINT('Origin',(-1.33180339407275E-14,-72.5,52.));
#3463=CARTESIAN_POINT('',(1.34999999999999,-72.5,57.5));
#3464=CARTESIAN_POINT('',(1.34999999999999,-72.5,52.));
#3465=CARTESIAN_POINT('Origin',(-1.33180339407275E-14,-72.5,57.5));
#3466=CARTESIAN_POINT('Origin',(-62.7868417743718,-36.25,52.));
#3467=CARTESIAN_POINT('',(-61.4368417743718,-36.25,52.));
#3468=CARTESIAN_POINT('Origin',(-62.7868417743718,-36.25,52.));
#3469=CARTESIAN_POINT('',(-61.4368417743718,-36.25,57.5));
#3470=CARTESIAN_POINT('',(-61.4368417743718,-36.25,52.));
#3471=CARTESIAN_POINT('Origin',(-62.7868417743718,-36.25,57.5));
#3472=CARTESIAN_POINT('Origin',(-62.7868417743718,36.25,52.));
#3473=CARTESIAN_POINT('',(-61.4368417743718,36.25,52.));
#3474=CARTESIAN_POINT('Origin',(-62.7868417743718,36.25,52.));
#3475=CARTESIAN_POINT('',(-61.4368417743718,36.25,57.5));
#3476=CARTESIAN_POINT('',(-61.4368417743718,36.25,52.));
#3477=CARTESIAN_POINT('Origin',(-62.7868417743718,36.25,57.5));
#3478=CARTESIAN_POINT('Origin',(4.43934464690916E-15,72.5,52.));
#3479=CARTESIAN_POINT('',(1.35,72.5,52.));
#3480=CARTESIAN_POINT('Origin',(4.43934464690916E-15,72.5,52.));
#3481=CARTESIAN_POINT('',(1.35,72.5,57.5));
#3482=CARTESIAN_POINT('',(1.35,72.5,52.));
#3483=CARTESIAN_POINT('Origin',(4.43934464690916E-15,72.5,57.5));
#3484=CARTESIAN_POINT('Origin',(62.7868417743718,36.25,52.));
#3485=CARTESIAN_POINT('',(64.1368417743718,36.25,52.));
#3486=CARTESIAN_POINT('Origin',(62.7868417743718,36.25,52.));
#3487=CARTESIAN_POINT('',(64.1368417743718,36.25,57.5));
#3488=CARTESIAN_POINT('',(64.1368417743718,36.25,52.));
#3489=CARTESIAN_POINT('Origin',(62.7868417743718,36.25,57.5));
#3490=CARTESIAN_POINT('Origin',(0.,0.,52.));
#3491=CARTESIAN_POINT('',(70.,8.57252759403147E-15,52.));
#3492=CARTESIAN_POINT('Origin',(0.,0.,52.));
#3493=CARTESIAN_POINT('',(70.,8.57252759403147E-15,57.5));
#3494=CARTESIAN_POINT('',(70.,8.57252759403147E-15,52.));
#3495=CARTESIAN_POINT('Origin',(0.,0.,57.5));
#3496=CARTESIAN_POINT('Origin',(0.,0.,52.));
#3497=CARTESIAN_POINT('',(75.,9.18485099360515E-15,57.5));
#3498=CARTESIAN_POINT('Origin',(0.,0.,57.5));
#3499=CARTESIAN_POINT('',(75.,9.18485099360515E-15,52.));
#3500=CARTESIAN_POINT('',(75.,9.18485099360515E-15,52.));
#3501=CARTESIAN_POINT('Origin',(0.,0.,52.));
#3502=CARTESIAN_POINT('Origin',(-7.08133967844577E-15,-1.57898385724467E-15,
52.));
#3503=CARTESIAN_POINT('Origin',(-7.08133967844577E-15,-1.57898385724467E-15,
57.5));
#3504=CARTESIAN_POINT('',(0.,0.,0.));
#3505=CARTESIAN_POINT('Origin',(-1.5,7.,36.5));
#3506=CARTESIAN_POINT('',(-1.5,4.76969600708473,36.5));
#3507=CARTESIAN_POINT('',(-1.5,4.76969600708473,49.5));
#3508=CARTESIAN_POINT('',(-1.5,4.76969600708473,36.5));
#3509=CARTESIAN_POINT('',(-1.5,7.,36.5));
#3510=CARTESIAN_POINT('',(-1.5,3.5,36.5));
#3511=CARTESIAN_POINT('',(-1.5,7.,49.5));
#3512=CARTESIAN_POINT('',(-1.5,7.,36.5));
#3513=CARTESIAN_POINT('',(-1.5,7.,49.5));
#3514=CARTESIAN_POINT('Origin',(0.,5.5,49.5));
#3515=CARTESIAN_POINT('',(1.5,4.76969600708473,49.5));
#3516=CARTESIAN_POINT('Origin',(0.,0.,49.5));
#3517=CARTESIAN_POINT('',(1.5,7.,49.5));
#3518=CARTESIAN_POINT('',(1.5,7.,49.5));
#3519=CARTESIAN_POINT('',(1.5,4.,49.5));
#3520=CARTESIAN_POINT('Origin',(1.5,7.,36.5));
#3521=CARTESIAN_POINT('',(1.5,7.,36.5));
#3522=CARTESIAN_POINT('',(0.75,7.,36.5));
#3523=CARTESIAN_POINT('',(1.5,7.,36.5));
#3524=CARTESIAN_POINT('Origin',(1.5,4.,36.5));
#3525=CARTESIAN_POINT('',(1.5,4.76969600708473,36.5));
#3526=CARTESIAN_POINT('',(1.5,4.76969600708473,36.5));
#3527=CARTESIAN_POINT('',(1.5,2.,36.5));
#3528=CARTESIAN_POINT('Origin',(0.,0.,36.5));
#3529=CARTESIAN_POINT('',(5.,6.12323399573677E-16,36.5));
#3530=CARTESIAN_POINT('Origin',(0.,0.,36.5));
#3531=CARTESIAN_POINT('',(5.,6.12323399573677E-16,50.5));
#3532=CARTESIAN_POINT('',(5.,6.12323399573677E-16,36.5));
#3533=CARTESIAN_POINT('Origin',(0.,0.,50.5));
#3534=CARTESIAN_POINT('Origin',(0.,0.,36.5));
#3535=CARTESIAN_POINT('Origin',(-2.57175827820944E-15,-14.,47.5));
#3536=CARTESIAN_POINT('',(1.25,-14.,47.5));
#3537=CARTESIAN_POINT('Origin',(-2.57175827820944E-15,-14.,47.5));
#3538=CARTESIAN_POINT('',(1.25,-14.,50.5));
#3539=CARTESIAN_POINT('',(1.25,-14.,47.5));
#3540=CARTESIAN_POINT('Origin',(-2.57175827820944E-15,-14.,50.5));
#3541=CARTESIAN_POINT('Origin',(-14.,1.71450551880629E-15,47.5));
#3542=CARTESIAN_POINT('',(-12.75,1.86758636869971E-15,47.5));
#3543=CARTESIAN_POINT('Origin',(-14.,1.71450551880629E-15,47.5));
#3544=CARTESIAN_POINT('',(-12.75,1.86758636869971E-15,50.5));
#3545=CARTESIAN_POINT('',(-12.75,1.86758636869971E-15,47.5));
#3546=CARTESIAN_POINT('Origin',(-14.,1.71450551880629E-15,50.5));
#3547=CARTESIAN_POINT('Origin',(8.57252759403147E-16,14.,47.5));
#3548=CARTESIAN_POINT('',(1.25,14.,47.5));
#3549=CARTESIAN_POINT('Origin',(8.57252759403147E-16,14.,47.5));
#3550=CARTESIAN_POINT('',(1.25,14.,50.5));
#3551=CARTESIAN_POINT('',(1.25,14.,47.5));
#3552=CARTESIAN_POINT('Origin',(8.57252759403147E-16,14.,50.5));
#3553=CARTESIAN_POINT('Origin',(14.,0.,47.5));
#3554=CARTESIAN_POINT('',(15.25,1.53080849893419E-16,47.5));
#3555=CARTESIAN_POINT('Origin',(14.,0.,47.5));
#3556=CARTESIAN_POINT('',(15.25,1.53080849893419E-16,50.5));
#3557=CARTESIAN_POINT('',(15.25,1.53080849893419E-16,47.5));
#3558=CARTESIAN_POINT('Origin',(14.,0.,50.5));
#3559=CARTESIAN_POINT('Origin',(-2.93915231795365E-15,-16.,39.));
#3560=CARTESIAN_POINT('',(1.25,-16.,39.));
#3561=CARTESIAN_POINT('Origin',(-2.93915231795365E-15,-16.,39.));
#3562=CARTESIAN_POINT('',(1.25,-16.,41.));
#3563=CARTESIAN_POINT('',(1.25,-16.,39.));
#3564=CARTESIAN_POINT('Origin',(-2.93915231795365E-15,-16.,41.));
#3565=CARTESIAN_POINT('Origin',(-16.,1.95943487863577E-15,39.));
#3566=CARTESIAN_POINT('',(-14.75,2.11251572852918E-15,39.));
#3567=CARTESIAN_POINT('Origin',(-16.,1.95943487863577E-15,39.));
#3568=CARTESIAN_POINT('',(-14.75,2.11251572852918E-15,41.));
#3569=CARTESIAN_POINT('',(-14.75,2.11251572852918E-15,39.));
#3570=CARTESIAN_POINT('Origin',(-16.,1.95943487863577E-15,41.));
#3571=CARTESIAN_POINT('Origin',(9.79717439317883E-16,16.,39.));
#3572=CARTESIAN_POINT('',(1.25,16.,39.));
#3573=CARTESIAN_POINT('Origin',(9.79717439317883E-16,16.,39.));
#3574=CARTESIAN_POINT('',(1.25,16.,41.));
#3575=CARTESIAN_POINT('',(1.25,16.,39.));
#3576=CARTESIAN_POINT('Origin',(9.79717439317883E-16,16.,41.));
#3577=CARTESIAN_POINT('Origin',(16.,0.,39.));
#3578=CARTESIAN_POINT('',(17.25,1.53080849893419E-16,39.));
#3579=CARTESIAN_POINT('Origin',(16.,0.,39.));
#3580=CARTESIAN_POINT('',(17.25,1.53080849893419E-16,41.));
#3581=CARTESIAN_POINT('',(17.25,1.53080849893419E-16,39.));
#3582=CARTESIAN_POINT('Origin',(16.,0.,41.));
#3583=CARTESIAN_POINT('Origin',(-1.00608444552037E-15,0.,47.5));
#3584=CARTESIAN_POINT('',(18.,2.20436423846524E-15,47.5));
#3585=CARTESIAN_POINT('Origin',(0.,0.,47.5));
#3586=CARTESIAN_POINT('',(9.,-1.10218211923262E-15,47.5));
#3587=CARTESIAN_POINT('Origin',(0.,0.,47.5));
#3588=CARTESIAN_POINT('Origin',(0.,0.,47.5));
#3589=CARTESIAN_POINT('',(18.,2.20436423846524E-15,50.5));
#3590=CARTESIAN_POINT('Origin',(0.,0.,50.5));
#3591=CARTESIAN_POINT('',(18.,2.20436423846524E-15,47.5));
#3592=CARTESIAN_POINT('Origin',(-1.00608444552037E-15,0.,39.));
#3593=CARTESIAN_POINT('',(18.,2.20436423846524E-15,39.));
#3594=CARTESIAN_POINT('Origin',(0.,0.,39.));
#3595=CARTESIAN_POINT('',(9.,-1.10218211923262E-15,39.));
#3596=CARTESIAN_POINT('Origin',(0.,0.,39.));
#3597=CARTESIAN_POINT('Origin',(-1.00608444552037E-15,0.,41.));
#3598=CARTESIAN_POINT('',(18.,2.20436423846524E-15,41.));
#3599=CARTESIAN_POINT('Origin',(0.,0.,41.));
#3600=CARTESIAN_POINT('',(9.,1.10218211923262E-15,41.));
#3601=CARTESIAN_POINT('Origin',(0.,0.,41.));
#3602=CARTESIAN_POINT('Origin',(0.,0.,39.));
#3603=CARTESIAN_POINT('',(18.,2.20436423846524E-15,39.));
#3604=CARTESIAN_POINT('Origin',(0.,0.,36.5));
#3605=CARTESIAN_POINT('',(9.,1.10218211923262E-15,36.5));
#3606=CARTESIAN_POINT('Origin',(0.,0.,36.5));
#3607=CARTESIAN_POINT('',(9.,1.10218211923262E-15,36.5));
#3608=CARTESIAN_POINT('',(9.,1.10218211923262E-15,36.5));
#3609=CARTESIAN_POINT('Origin',(0.,0.,36.5));
#3610=CARTESIAN_POINT('Origin',(-5.03042222760184E-16,0.,36.5));
#3611=CARTESIAN_POINT('Origin',(-5.03042222760184E-16,0.,50.5));
#3612=CARTESIAN_POINT('',(0.,0.,0.));
#3613=CARTESIAN_POINT('Origin',(-2.57175827820944E-15,-14.,50.5));
#3614=CARTESIAN_POINT('',(1.6,-14.,50.5));
#3615=CARTESIAN_POINT('Origin',(-2.57175827820944E-15,-14.,50.5));
#3616=CARTESIAN_POINT('',(1.6,-14.,52.));
#3617=CARTESIAN_POINT('',(1.6,-14.,50.5));
#3618=CARTESIAN_POINT('Origin',(-2.57175827820944E-15,-14.,52.));
#3619=CARTESIAN_POINT('Origin',(-14.,1.71450551880629E-15,50.5));
#3620=CARTESIAN_POINT('',(-12.4,1.91044900666987E-15,50.5));
#3621=CARTESIAN_POINT('Origin',(-14.,1.71450551880629E-15,50.5));
#3622=CARTESIAN_POINT('',(-12.4,1.91044900666987E-15,52.));
#3623=CARTESIAN_POINT('',(-12.4,1.91044900666987E-15,50.5));
#3624=CARTESIAN_POINT('Origin',(-14.,1.71450551880629E-15,52.));
#3625=CARTESIAN_POINT('Origin',(8.57252759403147E-16,14.,50.5));
#3626=CARTESIAN_POINT('',(1.6,14.,50.5));
#3627=CARTESIAN_POINT('Origin',(8.57252759403147E-16,14.,50.5));
#3628=CARTESIAN_POINT('',(1.6,14.,52.));
#3629=CARTESIAN_POINT('',(1.6,14.,50.5));
#3630=CARTESIAN_POINT('Origin',(8.57252759403147E-16,14.,52.));
#3631=CARTESIAN_POINT('Origin',(14.,0.,50.5));
#3632=CARTESIAN_POINT('',(15.6,1.95943487863576E-16,50.5));
#3633=CARTESIAN_POINT('Origin',(14.,0.,50.5));
#3634=CARTESIAN_POINT('',(15.6,1.95943487863576E-16,52.));
#3635=CARTESIAN_POINT('',(15.6,1.95943487863576E-16,50.5));
#3636=CARTESIAN_POINT('Origin',(14.,0.,52.));
#3637=CARTESIAN_POINT('Origin',(62.7868417743718,-36.25,50.5));
#3638=CARTESIAN_POINT('',(64.1368417743718,-36.25,50.5));
#3639=CARTESIAN_POINT('Origin',(62.7868417743718,-36.25,50.5));
#3640=CARTESIAN_POINT('',(64.1368417743718,-36.25,52.));
#3641=CARTESIAN_POINT('',(64.1368417743718,-36.25,50.5));
#3642=CARTESIAN_POINT('Origin',(62.7868417743718,-36.25,52.));
#3643=CARTESIAN_POINT('Origin',(-1.33180339407275E-14,-72.5,50.5));
#3644=CARTESIAN_POINT('',(1.34999999999999,-72.5,50.5));
#3645=CARTESIAN_POINT('Origin',(-1.33180339407275E-14,-72.5,50.5));
#3646=CARTESIAN_POINT('',(1.34999999999999,-72.5,52.));
#3647=CARTESIAN_POINT('',(1.34999999999999,-72.5,50.5));
#3648=CARTESIAN_POINT('Origin',(-1.33180339407275E-14,-72.5,52.));
#3649=CARTESIAN_POINT('Origin',(-62.7868417743718,-36.25,50.5));
#3650=CARTESIAN_POINT('',(-61.4368417743718,-36.25,50.5));
#3651=CARTESIAN_POINT('Origin',(-62.7868417743718,-36.25,50.5));
#3652=CARTESIAN_POINT('',(-61.4368417743718,-36.25,52.));
#3653=CARTESIAN_POINT('',(-61.4368417743718,-36.25,50.5));
#3654=CARTESIAN_POINT('Origin',(-62.7868417743718,-36.25,52.));
#3655=CARTESIAN_POINT('Origin',(-62.7868417743718,36.25,50.5));
#3656=CARTESIAN_POINT('',(-61.4368417743718,36.25,50.5));
#3657=CARTESIAN_POINT('Origin',(-62.7868417743718,36.25,50.5));
#3658=CARTESIAN_POINT('',(-61.4368417743718,36.25,52.));
#3659=CARTESIAN_POINT('',(-61.4368417743718,36.25,50.5));
#3660=CARTESIAN_POINT('Origin',(-62.7868417743718,36.25,52.));
#3661=CARTESIAN_POINT('Origin',(4.43934464690916E-15,72.5,50.5));
#3662=CARTESIAN_POINT('',(1.35,72.5,50.5));
#3663=CARTESIAN_POINT('Origin',(4.43934464690916E-15,72.5,50.5));
#3664=CARTESIAN_POINT('',(1.35,72.5,52.));
#3665=CARTESIAN_POINT('',(1.35,72.5,50.5));
#3666=CARTESIAN_POINT('Origin',(4.43934464690916E-15,72.5,52.));
#3667=CARTESIAN_POINT('Origin',(62.7868417743718,36.25,50.5));
#3668=CARTESIAN_POINT('',(64.1368417743718,36.25,50.5));
#3669=CARTESIAN_POINT('Origin',(62.7868417743718,36.25,50.5));
#3670=CARTESIAN_POINT('',(64.1368417743718,36.25,52.));
#3671=CARTESIAN_POINT('',(64.1368417743718,36.25,50.5));
#3672=CARTESIAN_POINT('Origin',(62.7868417743718,36.25,52.));
#3673=CARTESIAN_POINT('Origin',(0.,0.,50.5));
#3674=CARTESIAN_POINT('',(5.,6.12323399573677E-16,50.5));
#3675=CARTESIAN_POINT('Origin',(0.,0.,50.5));
#3676=CARTESIAN_POINT('',(5.,6.12323399573677E-16,52.));
#3677=CARTESIAN_POINT('',(5.,6.12323399573677E-16,50.5));
#3678=CARTESIAN_POINT('Origin',(0.,0.,52.));
#3679=CARTESIAN_POINT('Origin',(0.,0.,50.5));
#3680=CARTESIAN_POINT('',(-2.,17.8885438199983,50.5));
#3681=CARTESIAN_POINT('',(-2.,17.8885438199983,52.));
#3682=CARTESIAN_POINT('',(-2.,17.8885438199983,50.5));
#3683=CARTESIAN_POINT('',(-17.8885438199983,2.,50.5));
#3684=CARTESIAN_POINT('Origin',(0.,0.,50.5));
#3685=CARTESIAN_POINT('',(-17.8885438199983,2.,52.));
#3686=CARTESIAN_POINT('',(-17.8885438199983,2.,50.5));
#3687=CARTESIAN_POINT('Origin',(0.,0.,52.));
#3688=CARTESIAN_POINT('Origin',(0.,0.,50.5));
#3689=CARTESIAN_POINT('',(-2.,-17.8885438199983,52.));
#3690=CARTESIAN_POINT('',(-2.,-17.8885438199983,50.5));
#3691=CARTESIAN_POINT('',(-2.,-17.8885438199983,50.5));
#3692=CARTESIAN_POINT('',(-17.8885438199983,-2.,52.));
#3693=CARTESIAN_POINT('Origin',(0.,0.,52.));
#3694=CARTESIAN_POINT('',(-17.8885438199983,-2.,50.5));
#3695=CARTESIAN_POINT('',(-17.8885438199983,-2.,50.5));
#3696=CARTESIAN_POINT('Origin',(0.,0.,50.5));
#3697=CARTESIAN_POINT('Origin',(0.,0.,50.5));
#3698=CARTESIAN_POINT('',(17.8885438199983,2.,50.5));
#3699=CARTESIAN_POINT('',(17.8885438199983,2.,52.));
#3700=CARTESIAN_POINT('',(17.8885438199983,2.,50.5));
#3701=CARTESIAN_POINT('',(2.,17.8885438199983,50.5));
#3702=CARTESIAN_POINT('Origin',(0.,0.,50.5));
#3703=CARTESIAN_POINT('',(2.,17.8885438199983,52.));
#3704=CARTESIAN_POINT('',(2.,17.8885438199983,50.5));
#3705=CARTESIAN_POINT('Origin',(0.,0.,52.));
#3706=CARTESIAN_POINT('Origin',(0.,0.,50.5));
#3707=CARTESIAN_POINT('',(17.8885438199983,-2.,52.));
#3708=CARTESIAN_POINT('',(17.8885438199983,-2.,50.5));
#3709=CARTESIAN_POINT('',(17.8885438199983,-2.,50.5));
#3710=CARTESIAN_POINT('',(2.,-17.8885438199983,52.));
#3711=CARTESIAN_POINT('Origin',(0.,0.,52.));
#3712=CARTESIAN_POINT('',(2.,-17.8885438199983,50.5));
#3713=CARTESIAN_POINT('',(2.,-17.8885438199983,50.5));
#3714=CARTESIAN_POINT('Origin',(0.,0.,50.5));
#3715=CARTESIAN_POINT('Origin',(-74.5,-2.,50.5));
#3716=CARTESIAN_POINT('',(68.9710084020815,-2.,50.5));
#3717=CARTESIAN_POINT('',(-74.5,-2.,50.5));
#3718=CARTESIAN_POINT('',(68.9710084020815,-2.,52.));
#3719=CARTESIAN_POINT('',(68.9710084020815,-2.,50.5));
#3720=CARTESIAN_POINT('',(-74.5,-2.,52.));
#3721=CARTESIAN_POINT('Origin',(2.,-74.5,50.5));
#3722=CARTESIAN_POINT('',(2.,68.9710084020815,50.5));
#3723=CARTESIAN_POINT('',(2.,-74.5,50.5));
#3724=CARTESIAN_POINT('',(2.,68.9710084020815,52.));
#3725=CARTESIAN_POINT('',(2.,68.9710084020815,50.5));
#3726=CARTESIAN_POINT('',(2.,-74.5,52.));
#3727=CARTESIAN_POINT('Origin',(-2.,74.5,50.5));
#3728=CARTESIAN_POINT('',(-2.,-68.9710084020815,50.5));
#3729=CARTESIAN_POINT('',(-2.,74.5,50.5));
#3730=CARTESIAN_POINT('',(-2.,-68.9710084020815,52.));
#3731=CARTESIAN_POINT('',(-2.,-68.9710084020815,50.5));
#3732=CARTESIAN_POINT('',(-2.,74.5,52.));
#3733=CARTESIAN_POINT('Origin',(74.5,2.,50.5));
#3734=CARTESIAN_POINT('',(-68.9710084020815,2.,50.5));
#3735=CARTESIAN_POINT('',(74.5,2.,50.5));
#3736=CARTESIAN_POINT('',(-68.9710084020815,2.,52.));
#3737=CARTESIAN_POINT('',(-68.9710084020815,2.,50.5));
#3738=CARTESIAN_POINT('',(74.5,2.,52.));
#3739=CARTESIAN_POINT('Origin',(2.,74.5,50.5));
#3740=CARTESIAN_POINT('',(2.,74.5,52.));
#3741=CARTESIAN_POINT('',(-2.,74.5,52.));
#3742=CARTESIAN_POINT('',(2.,74.5,52.));
#3743=CARTESIAN_POINT('',(2.,74.5,50.5));
#3744=CARTESIAN_POINT('',(2.,74.5,50.5));
#3745=CARTESIAN_POINT('',(-2.,74.5,50.5));
#3746=CARTESIAN_POINT('',(2.,74.5,50.5));
#3747=CARTESIAN_POINT('',(-2.,74.5,50.5));
#3748=CARTESIAN_POINT('Origin',(-2.,74.5,50.5));
#3749=CARTESIAN_POINT('',(-2.,-74.4731495238385,50.5));
#3750=CARTESIAN_POINT('',(-2.,-74.4731495238385,52.));
#3751=CARTESIAN_POINT('',(-2.,-74.4731495238385,50.5));
#3752=CARTESIAN_POINT('',(-2.,-74.5,50.5));
#3753=CARTESIAN_POINT('',(-2.,74.5,50.5));
#3754=CARTESIAN_POINT('',(-2.,-74.5,52.));
#3755=CARTESIAN_POINT('',(-2.,-74.5,50.5));
#3756=CARTESIAN_POINT('',(-2.,74.5,52.));
#3757=CARTESIAN_POINT('Origin',(-2.,74.5,50.5));
#3758=CARTESIAN_POINT('',(-2.,74.4731495238385,52.));
#3759=CARTESIAN_POINT('',(-2.,74.4731495238385,50.5));
#3760=CARTESIAN_POINT('',(-2.,74.4731495238385,50.5));
#3761=CARTESIAN_POINT('',(-2.,74.5,52.));
#3762=CARTESIAN_POINT('',(-2.,74.5,50.5));
#3763=CARTESIAN_POINT('Origin',(-2.,74.5,50.5));
#3764=CARTESIAN_POINT('',(-2.,68.9710084020815,52.));
#3765=CARTESIAN_POINT('',(-2.,74.5,52.));
#3766=CARTESIAN_POINT('',(-2.,68.9710084020815,50.5));
#3767=CARTESIAN_POINT('',(-2.,68.9710084020815,50.5));
#3768=CARTESIAN_POINT('',(-2.,74.5,50.5));
#3769=CARTESIAN_POINT('Origin',(2.,-74.5,50.5));
#3770=CARTESIAN_POINT('',(2.,-74.4731495238385,52.));
#3771=CARTESIAN_POINT('',(2.,-74.4731495238385,50.5));
#3772=CARTESIAN_POINT('',(2.,-74.4731495238385,50.5));
#3773=CARTESIAN_POINT('',(2.,-74.5,52.));
#3774=CARTESIAN_POINT('',(2.,-74.5,52.));
#3775=CARTESIAN_POINT('',(2.,-74.5,50.5));
#3776=CARTESIAN_POINT('',(2.,-74.5,50.5));
#3777=CARTESIAN_POINT('',(2.,-74.5,50.5));
#3778=CARTESIAN_POINT('Origin',(2.,-74.5,50.5));
#3779=CARTESIAN_POINT('',(2.,-68.9710084020815,52.));
#3780=CARTESIAN_POINT('',(2.,-74.5,52.));
#3781=CARTESIAN_POINT('',(2.,-68.9710084020815,50.5));
#3782=CARTESIAN_POINT('',(2.,-68.9710084020815,50.5));
#3783=CARTESIAN_POINT('',(2.,-74.5,50.5));
#3784=CARTESIAN_POINT('Origin',(2.,-74.5,50.5));
#3785=CARTESIAN_POINT('',(2.,74.4731495238385,50.5));
#3786=CARTESIAN_POINT('',(2.,74.4731495238385,52.));
#3787=CARTESIAN_POINT('',(2.,74.4731495238385,50.5));
#3788=CARTESIAN_POINT('',(2.,-74.5,50.5));
#3789=CARTESIAN_POINT('',(2.,-74.5,52.));
#3790=CARTESIAN_POINT('Origin',(-2.,-74.5,50.5));
#3791=CARTESIAN_POINT('',(-2.,-74.5,52.));
#3792=CARTESIAN_POINT('',(-2.,-74.5,50.5));
#3793=CARTESIAN_POINT('Origin',(74.5,2.,50.5));
#3794=CARTESIAN_POINT('',(68.9710084020815,2.,52.));
#3795=CARTESIAN_POINT('',(74.5,2.,52.));
#3796=CARTESIAN_POINT('',(68.9710084020815,2.,50.5));
#3797=CARTESIAN_POINT('',(68.9710084020815,2.,50.5));
#3798=CARTESIAN_POINT('',(74.5,2.,50.5));
#3799=CARTESIAN_POINT('Origin',(0.,0.,50.5));
#3800=CARTESIAN_POINT('Origin',(0.,0.,50.5));
#3801=CARTESIAN_POINT('Origin',(0.,0.,52.));
#3802=CARTESIAN_POINT('Origin',(0.,0.,50.5));
#3803=CARTESIAN_POINT('Origin',(0.,0.,52.));
#3804=CARTESIAN_POINT('Origin',(0.,0.,50.5));
#3805=CARTESIAN_POINT('Origin',(0.,0.,50.5));
#3806=CARTESIAN_POINT('',(74.4731495238385,2.,52.));
#3807=CARTESIAN_POINT('Origin',(0.,0.,52.));
#3808=CARTESIAN_POINT('',(74.4731495238385,2.,50.5));
#3809=CARTESIAN_POINT('',(74.4731495238385,2.,50.5));
#3810=CARTESIAN_POINT('Origin',(0.,0.,50.5));
#3811=CARTESIAN_POINT('Origin',(-3.93946368315119E-15,0.,50.5));
#3812=CARTESIAN_POINT('',(74.5,2.,50.5));
#3813=CARTESIAN_POINT('',(74.5,2.,50.5));
#3814=CARTESIAN_POINT('',(74.5,-2.,50.5));
#3815=CARTESIAN_POINT('',(74.5,-2.,50.5));
#3816=CARTESIAN_POINT('',(74.4731495238385,-2.,50.5));
#3817=CARTESIAN_POINT('',(-74.5,-2.,50.5));
#3818=CARTESIAN_POINT('Origin',(0.,0.,50.5));
#3819=CARTESIAN_POINT('',(-74.4731495238385,-2.,50.5));
#3820=CARTESIAN_POINT('Origin',(0.,0.,50.5));
#3821=CARTESIAN_POINT('',(-74.5,-2.,50.5));
#3822=CARTESIAN_POINT('',(-74.5,-2.,50.5));
#3823=CARTESIAN_POINT('',(-74.5,2.,50.5));
#3824=CARTESIAN_POINT('',(-74.5,2.,50.5));
#3825=CARTESIAN_POINT('',(-74.4731495238385,2.,50.5));
#3826=CARTESIAN_POINT('',(74.5,2.,50.5));
#3827=CARTESIAN_POINT('Origin',(0.,0.,50.5));
#3828=CARTESIAN_POINT('Origin',(0.,0.,50.5));
#3829=CARTESIAN_POINT('',(-68.9710084020815,-2.,50.5));
#3830=CARTESIAN_POINT('',(-74.5,-2.,50.5));
#3831=CARTESIAN_POINT('Origin',(0.,0.,50.5));
#3832=CARTESIAN_POINT('Origin',(0.,0.,50.5));
#3833=CARTESIAN_POINT('Origin',(0.,0.,52.));
#3834=CARTESIAN_POINT('Origin',(0.,0.,50.5));
#3835=CARTESIAN_POINT('',(74.4731495238385,-2.,52.));
#3836=CARTESIAN_POINT('',(74.4731495238385,-2.,50.5));
#3837=CARTESIAN_POINT('Origin',(0.,0.,52.));
#3838=CARTESIAN_POINT('Origin',(0.,0.,50.5));
#3839=CARTESIAN_POINT('',(-74.4731495238385,-2.,52.));
#3840=CARTESIAN_POINT('Origin',(0.,0.,52.));
#3841=CARTESIAN_POINT('',(-74.4731495238385,-2.,50.5));
#3842=CARTESIAN_POINT('Origin',(74.5,-2.,50.5));
#3843=CARTESIAN_POINT('',(74.5,-2.,52.));
#3844=CARTESIAN_POINT('',(74.5,2.,52.));
#3845=CARTESIAN_POINT('',(74.5,-2.,52.));
#3846=CARTESIAN_POINT('',(74.5,-2.,50.5));
#3847=CARTESIAN_POINT('',(74.5,2.,50.5));
#3848=CARTESIAN_POINT('Origin',(74.5,2.,50.5));
#3849=CARTESIAN_POINT('',(-74.4731495238385,2.,52.));
#3850=CARTESIAN_POINT('',(-74.4731495238385,2.,50.5));
#3851=CARTESIAN_POINT('',(-74.5,2.,52.));
#3852=CARTESIAN_POINT('',(-74.5,2.,50.5));
#3853=CARTESIAN_POINT('',(74.5,2.,52.));
#3854=CARTESIAN_POINT('Origin',(74.5,2.,50.5));
#3855=CARTESIAN_POINT('',(74.5,2.,52.));
#3856=CARTESIAN_POINT('Origin',(-74.5,-2.,50.5));
#3857=CARTESIAN_POINT('',(-74.5,-2.,52.));
#3858=CARTESIAN_POINT('',(-74.5,-2.,52.));
#3859=CARTESIAN_POINT('',(-74.5,-2.,50.5));
#3860=CARTESIAN_POINT('Origin',(-74.5,-2.,50.5));
#3861=CARTESIAN_POINT('',(-74.5,-2.,52.));
#3862=CARTESIAN_POINT('Origin',(-74.5,2.,50.5));
#3863=CARTESIAN_POINT('',(-74.5,2.,52.));
#3864=CARTESIAN_POINT('Origin',(-74.5,-2.,50.5));
#3865=CARTESIAN_POINT('',(-68.9710084020815,-2.,52.));
#3866=CARTESIAN_POINT('',(-74.5,-2.,52.));
#3867=CARTESIAN_POINT('',(-68.9710084020815,-2.,50.5));
#3868=CARTESIAN_POINT('Origin',(0.,0.,50.5));
#3869=CARTESIAN_POINT('Origin',(0.,0.,52.));
#3870=CARTESIAN_POINT('Origin',(-3.93946368315119E-15,0.,52.));
#3871=CARTESIAN_POINT('Origin',(0.,0.,52.));
#3872=CARTESIAN_POINT('Origin',(0.,0.,50.5));
#3873=CARTESIAN_POINT('',(0.,0.,0.));
#3874=CARTESIAN_POINT('Origin',(-2.93915231795365E-15,-16.,37.8));
#3875=CARTESIAN_POINT('',(1.20835567508081,-14.95125,37.8));
#3876=CARTESIAN_POINT('',(1.2083556750808,-14.95125,39.));
#3877=CARTESIAN_POINT('',(1.20835567508081,-14.95125,37.8));
#3878=CARTESIAN_POINT('',(-1.20835567508081,-14.95125,37.8));
#3879=CARTESIAN_POINT('Origin',(-2.93915231795365E-15,-16.,37.8));
#3880=CARTESIAN_POINT('',(-1.2083556750808,-14.95125,39.));
#3881=CARTESIAN_POINT('',(-1.20835567508081,-14.95125,37.8));
#3882=CARTESIAN_POINT('Origin',(-2.93915231795365E-15,-16.,39.));
#3883=CARTESIAN_POINT('Origin',(0.,0.,37.8));
#3884=CARTESIAN_POINT('',(-14.95125,-1.20835567508081,37.8));
#3885=CARTESIAN_POINT('Origin',(0.,0.,37.8));
#3886=CARTESIAN_POINT('',(-14.95125,-1.20835567508081,39.));
#3887=CARTESIAN_POINT('',(-14.95125,-1.20835567508081,37.8));
#3888=CARTESIAN_POINT('Origin',(0.,0.,39.));
#3889=CARTESIAN_POINT('Origin',(0.,0.,37.8));
#3890=CARTESIAN_POINT('',(14.95125,-1.20835567508081,39.));
#3891=CARTESIAN_POINT('Origin',(0.,0.,39.));
#3892=CARTESIAN_POINT('',(14.95125,-1.20835567508081,37.8));
#3893=CARTESIAN_POINT('',(14.95125,-1.20835567508081,37.8));
#3894=CARTESIAN_POINT('Origin',(0.,0.,37.8));
#3895=CARTESIAN_POINT('Origin',(-4.86761606027648E-15,0.,39.));
#3896=CARTESIAN_POINT('',(-1.5,54.9795416495991,39.));
#3897=CARTESIAN_POINT('',(-54.9795416495991,1.5,39.));
#3898=CARTESIAN_POINT('Origin',(0.,0.,39.));
#3899=CARTESIAN_POINT('',(-55.,1.5,39.));
#3900=CARTESIAN_POINT('',(55.,1.5,39.));
#3901=CARTESIAN_POINT('',(-55.,-1.5,39.));
#3902=CARTESIAN_POINT('',(-55.,1.5,39.));
#3903=CARTESIAN_POINT('',(-54.9795416495991,-1.5,39.));
#3904=CARTESIAN_POINT('',(-55.,-1.5,39.));
#3905=CARTESIAN_POINT('',(-1.5,-54.9795416495991,39.));
#3906=CARTESIAN_POINT('Origin',(0.,0.,39.));
#3907=CARTESIAN_POINT('',(-1.5,-55.,39.));
#3908=CARTESIAN_POINT('',(-1.5,55.,39.));
#3909=CARTESIAN_POINT('',(1.5,-55.,39.));
#3910=CARTESIAN_POINT('',(-1.5,-55.,39.));
#3911=CARTESIAN_POINT('',(1.5,-54.9795416495991,39.));
#3912=CARTESIAN_POINT('',(1.5,-55.,39.));
#3913=CARTESIAN_POINT('',(54.9795416495991,-1.5,39.));
#3914=CARTESIAN_POINT('Origin',(0.,0.,39.));
#3915=CARTESIAN_POINT('',(55.,-1.5,39.));
#3916=CARTESIAN_POINT('',(-55.,-1.5,39.));
#3917=CARTESIAN_POINT('',(55.,1.5,39.));
#3918=CARTESIAN_POINT('',(55.,-1.5,39.));
#3919=CARTESIAN_POINT('',(54.9795416495991,1.5,39.));
#3920=CARTESIAN_POINT('',(55.,1.5,39.));
#3921=CARTESIAN_POINT('',(1.5,54.9795416495991,39.));
#3922=CARTESIAN_POINT('Origin',(0.,0.,39.));
#3923=CARTESIAN_POINT('',(1.5,55.,39.));
#3924=CARTESIAN_POINT('',(1.5,-55.,39.));
#3925=CARTESIAN_POINT('',(-1.5,55.,39.));
#3926=CARTESIAN_POINT('',(1.5,55.,39.));
#3927=CARTESIAN_POINT('',(-1.5,55.,39.));
#3928=CARTESIAN_POINT('',(-14.95125,1.20835567508081,39.));
#3929=CARTESIAN_POINT('Origin',(-16.,1.95943487863577E-15,39.));
#3930=CARTESIAN_POINT('',(-1.20835567508081,14.95125,39.));
#3931=CARTESIAN_POINT('Origin',(0.,0.,39.));
#3932=CARTESIAN_POINT('',(1.20835567508081,14.95125,39.));
#3933=CARTESIAN_POINT('Origin',(9.79717439317883E-16,16.,39.));
#3934=CARTESIAN_POINT('',(14.95125,1.20835567508081,39.));
#3935=CARTESIAN_POINT('Origin',(0.,0.,39.));
#3936=CARTESIAN_POINT('Origin',(16.,0.,39.));
#3937=CARTESIAN_POINT('',(19.9436706751791,-1.5,39.));
#3938=CARTESIAN_POINT('',(48.9770354349873,-1.5,39.));
#3939=CARTESIAN_POINT('',(-55.,-1.5,39.));
#3940=CARTESIAN_POINT('',(1.5,-48.9770354349873,39.));
#3941=CARTESIAN_POINT('Origin',(0.,0.,39.));
#3942=CARTESIAN_POINT('',(1.5,-19.9436706751791,39.));
#3943=CARTESIAN_POINT('',(1.5,-55.,39.));
#3944=CARTESIAN_POINT('Origin',(0.,0.,39.));
#3945=CARTESIAN_POINT('',(-1.5,-19.9436706751791,39.));
#3946=CARTESIAN_POINT('',(-1.5,-48.9770354349873,39.));
#3947=CARTESIAN_POINT('',(-1.5,55.,39.));
#3948=CARTESIAN_POINT('',(-48.9770354349873,-1.5,39.));
#3949=CARTESIAN_POINT('Origin',(0.,0.,39.));
#3950=CARTESIAN_POINT('',(-19.9436706751791,-1.5,39.));
#3951=CARTESIAN_POINT('',(-55.,-1.5,39.));
#3952=CARTESIAN_POINT('Origin',(0.,0.,39.));
#3953=CARTESIAN_POINT('',(19.9436706751791,1.5,39.));
#3954=CARTESIAN_POINT('',(1.5,19.9436706751791,39.));
#3955=CARTESIAN_POINT('Origin',(0.,0.,39.));
#3956=CARTESIAN_POINT('',(1.5,48.9770354349873,39.));
#3957=CARTESIAN_POINT('',(1.5,-55.,39.));
#3958=CARTESIAN_POINT('',(48.9770354349873,1.5,39.));
#3959=CARTESIAN_POINT('Origin',(0.,0.,39.));
#3960=CARTESIAN_POINT('',(55.,1.5,39.));
#3961=CARTESIAN_POINT('',(-1.5,19.9436706751791,39.));
#3962=CARTESIAN_POINT('',(-19.9436706751791,1.5,39.));
#3963=CARTESIAN_POINT('Origin',(0.,0.,39.));
#3964=CARTESIAN_POINT('',(-48.9770354349873,1.5,39.));
#3965=CARTESIAN_POINT('',(55.,1.5,39.));
#3966=CARTESIAN_POINT('',(-1.5,48.9770354349873,39.));
#3967=CARTESIAN_POINT('Origin',(0.,0.,39.));
#3968=CARTESIAN_POINT('',(-1.5,55.,39.));
#3969=CARTESIAN_POINT('Origin',(-16.,1.95943487863577E-15,37.8));
#3970=CARTESIAN_POINT('',(-14.95125,1.20835567508081,37.8));
#3971=CARTESIAN_POINT('Origin',(-16.,1.95943487863577E-15,37.8));
#3972=CARTESIAN_POINT('',(-14.95125,1.20835567508081,37.8));
#3973=CARTESIAN_POINT('Origin',(0.,0.,37.8));
#3974=CARTESIAN_POINT('',(-1.2083556750808,14.95125,37.8));
#3975=CARTESIAN_POINT('Origin',(0.,0.,37.8));
#3976=CARTESIAN_POINT('',(-1.20835567508081,14.95125,37.8));
#3977=CARTESIAN_POINT('Origin',(9.79717439317883E-16,16.,37.8));
#3978=CARTESIAN_POINT('',(1.2083556750808,14.95125,37.8));
#3979=CARTESIAN_POINT('',(1.20835567508081,14.95125,37.8));
#3980=CARTESIAN_POINT('Origin',(9.79717439317883E-16,16.,37.8));
#3981=CARTESIAN_POINT('Origin',(0.,0.,37.8));
#3982=CARTESIAN_POINT('',(14.95125,1.20835567508081,37.8));
#3983=CARTESIAN_POINT('Origin',(0.,0.,37.8));
#3984=CARTESIAN_POINT('',(14.95125,1.20835567508081,37.8));
#3985=CARTESIAN_POINT('Origin',(-4.86761606027648E-15,0.,37.8));
#3986=CARTESIAN_POINT('',(1.5,55.,37.8));
#3987=CARTESIAN_POINT('',(-1.5,55.,37.8));
#3988=CARTESIAN_POINT('',(1.5,55.,37.8));
#3989=CARTESIAN_POINT('',(1.5,54.9795416495991,37.8));
#3990=CARTESIAN_POINT('',(1.5,-55.,37.8));
#3991=CARTESIAN_POINT('',(54.9795416495991,1.5,37.8));
#3992=CARTESIAN_POINT('Origin',(0.,0.,37.8));
#3993=CARTESIAN_POINT('',(55.,1.5,37.8));
#3994=CARTESIAN_POINT('',(55.,1.5,37.8));
#3995=CARTESIAN_POINT('',(55.,-1.5,37.8));
#3996=CARTESIAN_POINT('',(55.,-1.5,37.8));
#3997=CARTESIAN_POINT('',(54.9795416495991,-1.5,37.8));
#3998=CARTESIAN_POINT('',(-55.,-1.5,37.8));
#3999=CARTESIAN_POINT('',(1.5,-54.9795416495991,37.8));
#4000=CARTESIAN_POINT('Origin',(0.,0.,37.8));
#4001=CARTESIAN_POINT('',(1.5,-55.,37.8));
#4002=CARTESIAN_POINT('',(1.5,-55.,37.8));
#4003=CARTESIAN_POINT('',(-1.5,-55.,37.8));
#4004=CARTESIAN_POINT('',(-1.5,-55.,37.8));
#4005=CARTESIAN_POINT('',(-1.5,-54.9795416495991,37.8));
#4006=CARTESIAN_POINT('',(-1.5,55.,37.8));
#4007=CARTESIAN_POINT('',(-54.9795416495991,-1.5,37.8));
#4008=CARTESIAN_POINT('Origin',(0.,0.,37.8));
#4009=CARTESIAN_POINT('',(-55.,-1.5,37.8));
#4010=CARTESIAN_POINT('',(-55.,-1.5,37.8));
#4011=CARTESIAN_POINT('',(-55.,1.5,37.8));
#4012=CARTESIAN_POINT('',(-55.,1.5,37.8));
#4013=CARTESIAN_POINT('',(-54.9795416495991,1.5,37.8));
#4014=CARTESIAN_POINT('',(55.,1.5,37.8));
#4015=CARTESIAN_POINT('',(-1.5,54.9795416495991,37.8));
#4016=CARTESIAN_POINT('Origin',(0.,0.,37.8));
#4017=CARTESIAN_POINT('',(-1.5,55.,37.8));
#4018=CARTESIAN_POINT('Origin',(16.,0.,37.8));
#4019=CARTESIAN_POINT('',(48.9770354349873,1.5,37.8));
#4020=CARTESIAN_POINT('',(19.9436706751791,1.5,37.8));
#4021=CARTESIAN_POINT('',(55.,1.5,37.8));
#4022=CARTESIAN_POINT('',(1.5,48.9770354349873,37.8));
#4023=CARTESIAN_POINT('Origin',(0.,0.,37.8));
#4024=CARTESIAN_POINT('',(1.5,19.9436706751791,37.8));
#4025=CARTESIAN_POINT('',(1.5,-55.,37.8));
#4026=CARTESIAN_POINT('Origin',(0.,0.,37.8));
#4027=CARTESIAN_POINT('',(-1.5,48.9770354349873,37.8));
#4028=CARTESIAN_POINT('',(-1.5,19.9436706751791,37.8));
#4029=CARTESIAN_POINT('',(-1.5,55.,37.8));
#4030=CARTESIAN_POINT('',(-48.9770354349873,1.5,37.8));
#4031=CARTESIAN_POINT('Origin',(0.,0.,37.8));
#4032=CARTESIAN_POINT('',(-19.9436706751791,1.5,37.8));
#4033=CARTESIAN_POINT('',(55.,1.5,37.8));
#4034=CARTESIAN_POINT('Origin',(0.,0.,37.8));
#4035=CARTESIAN_POINT('',(19.9436706751791,-1.5,37.8));
#4036=CARTESIAN_POINT('',(1.5,-19.9436706751791,37.8));
#4037=CARTESIAN_POINT('Origin',(0.,0.,37.8));
#4038=CARTESIAN_POINT('',(1.5,-48.9770354349873,37.8));
#4039=CARTESIAN_POINT('',(1.5,-55.,37.8));
#4040=CARTESIAN_POINT('',(48.9770354349873,-1.5,37.8));
#4041=CARTESIAN_POINT('Origin',(0.,0.,37.8));
#4042=CARTESIAN_POINT('',(-55.,-1.5,37.8));
#4043=CARTESIAN_POINT('',(-1.5,-19.9436706751791,37.8));
#4044=CARTESIAN_POINT('',(-19.9436706751791,-1.5,37.8));
#4045=CARTESIAN_POINT('Origin',(0.,0.,37.8));
#4046=CARTESIAN_POINT('',(-48.9770354349873,-1.5,37.8));
#4047=CARTESIAN_POINT('',(-55.,-1.5,37.8));
#4048=CARTESIAN_POINT('',(-1.5,-48.9770354349873,37.8));
#4049=CARTESIAN_POINT('Origin',(0.,0.,37.8));
#4050=CARTESIAN_POINT('',(-1.5,55.,37.8));
#4051=CARTESIAN_POINT('Origin',(16.,0.,37.8));
#4052=CARTESIAN_POINT('Origin',(0.,0.,37.8));
#4053=CARTESIAN_POINT('',(-1.5,19.9436706751791,37.8));
#4054=CARTESIAN_POINT('',(-19.9436706751791,1.5,37.8));
#4055=CARTESIAN_POINT('Origin',(0.,0.,37.8));
#4056=CARTESIAN_POINT('',(-1.5,-19.9436706751791,37.8));
#4057=CARTESIAN_POINT('',(-19.9436706751791,-1.5,37.8));
#4058=CARTESIAN_POINT('Origin',(0.,0.,37.8));
#4059=CARTESIAN_POINT('',(19.9436706751791,1.5,37.8));
#4060=CARTESIAN_POINT('',(1.5,19.9436706751791,37.8));
#4061=CARTESIAN_POINT('Origin',(0.,0.,37.8));
#4062=CARTESIAN_POINT('',(19.9436706751791,-1.5,37.8));
#4063=CARTESIAN_POINT('',(1.5,-19.9436706751791,37.8));
#4064=CARTESIAN_POINT('Origin',(-55.,-1.5,37.8));
#4065=CARTESIAN_POINT('',(48.9770354349873,-1.5,37.8));
#4066=CARTESIAN_POINT('Origin',(1.5,-55.,37.8));
#4067=CARTESIAN_POINT('',(1.5,48.9770354349873,37.8));
#4068=CARTESIAN_POINT('Origin',(-1.5,55.,37.8));
#4069=CARTESIAN_POINT('',(-1.5,-48.9770354349873,37.8));
#4070=CARTESIAN_POINT('Origin',(55.,1.5,37.8));
#4071=CARTESIAN_POINT('',(-48.9770354349873,1.5,37.8));
#4072=CARTESIAN_POINT('Origin',(1.5,55.,37.8));
#4073=CARTESIAN_POINT('',(1.5,55.,37.8));
#4074=CARTESIAN_POINT('',(-1.5,55.,37.8));
#4075=CARTESIAN_POINT('Origin',(-1.5,55.,37.8));
#4076=CARTESIAN_POINT('',(-1.5,-54.9795416495991,37.8));
#4077=CARTESIAN_POINT('',(-1.5,-55.,37.8));
#4078=CARTESIAN_POINT('Origin',(-1.5,55.,37.8));
#4079=CARTESIAN_POINT('',(-1.5,54.9795416495991,37.8));
#4080=CARTESIAN_POINT('Origin',(-1.5,55.,37.8));
#4081=CARTESIAN_POINT('',(-1.5,48.9770354349873,37.8));
#4082=CARTESIAN_POINT('Origin',(1.5,-55.,37.8));
#4083=CARTESIAN_POINT('',(1.5,-54.9795416495991,37.8));
#4084=CARTESIAN_POINT('',(1.5,-55.,37.8));
#4085=CARTESIAN_POINT('Origin',(1.5,-55.,37.8));
#4086=CARTESIAN_POINT('',(1.5,-48.9770354349873,37.8));
#4087=CARTESIAN_POINT('Origin',(1.5,-55.,37.8));
#4088=CARTESIAN_POINT('',(1.5,54.9795416495991,37.8));
#4089=CARTESIAN_POINT('Origin',(-1.5,-55.,37.8));
#4090=CARTESIAN_POINT('Origin',(55.,1.5,37.8));
#4091=CARTESIAN_POINT('',(48.9770354349873,1.5,37.8));
#4092=CARTESIAN_POINT('Origin',(0.,0.,37.8));
#4093=CARTESIAN_POINT('Origin',(0.,0.,37.8));
#4094=CARTESIAN_POINT('Origin',(0.,0.,37.8));
#4095=CARTESIAN_POINT('',(54.9795416495991,1.5,37.8));
#4096=CARTESIAN_POINT('Origin',(0.,0.,37.8));
#4097=CARTESIAN_POINT('Origin',(0.,0.,37.8));
#4098=CARTESIAN_POINT('',(54.9795416495991,-1.5,37.8));
#4099=CARTESIAN_POINT('Origin',(0.,0.,37.8));
#4100=CARTESIAN_POINT('',(-54.9795416495991,-1.5,37.8));
#4101=CARTESIAN_POINT('Origin',(55.,-1.5,37.8));
#4102=CARTESIAN_POINT('',(55.,-1.5,37.8));
#4103=CARTESIAN_POINT('',(55.,1.5,37.8));
#4104=CARTESIAN_POINT('Origin',(55.,1.5,37.8));
#4105=CARTESIAN_POINT('',(-54.9795416495991,1.5,37.8));
#4106=CARTESIAN_POINT('',(-55.,1.5,37.8));
#4107=CARTESIAN_POINT('Origin',(55.,1.5,37.8));
#4108=CARTESIAN_POINT('Origin',(-55.,-1.5,37.8));
#4109=CARTESIAN_POINT('',(-55.,-1.5,37.8));
#4110=CARTESIAN_POINT('Origin',(-55.,-1.5,37.8));
#4111=CARTESIAN_POINT('Origin',(-55.,1.5,37.8));
#4112=CARTESIAN_POINT('Origin',(-55.,-1.5,37.8));
#4113=CARTESIAN_POINT('',(-48.9770354349873,-1.5,37.8));
#4114=CARTESIAN_POINT('Origin',(0.,0.,37.8));
#4115=CARTESIAN_POINT('Origin',(0.,0.,37.8));
#4116=CARTESIAN_POINT('',(0.,0.,0.));
#4117=CARTESIAN_POINT('',(0.,0.,0.));
#4118=CARTESIAN_POINT('',(0.,0.,0.));
#4119=CARTESIAN_POINT('',(0.,0.,0.));
#4120=UNCERTAINTY_MEASURE_WITH_UNIT(LENGTH_MEASURE(0.01),#4132,
'DISTANCE_ACCURACY_VALUE',
'Maximum model space distance between geometric entities at asserted c
onnectivities');
#4121=UNCERTAINTY_MEASURE_WITH_UNIT(LENGTH_MEASURE(0.01),#4132,
'DISTANCE_ACCURACY_VALUE',
'Maximum model space distance between geometric entities at asserted c
onnectivities');
#4122=UNCERTAINTY_MEASURE_WITH_UNIT(LENGTH_MEASURE(0.01),#4132,
'DISTANCE_ACCURACY_VALUE',
'Maximum model space distance between geometric entities at asserted c
onnectivities');
#4123=UNCERTAINTY_MEASURE_WITH_UNIT(LENGTH_MEASURE(0.01),#4132,
'DISTANCE_ACCURACY_VALUE',
'Maximum model space distance between geometric entities at asserted c
onnectivities');
#4124=UNCERTAINTY_MEASURE_WITH_UNIT(LENGTH_MEASURE(0.01),#4132,
'DISTANCE_ACCURACY_VALUE',
'Maximum model space distance between geometric entities at asserted c
onnectivities');
#4125=UNCERTAINTY_MEASURE_WITH_UNIT(LENGTH_MEASURE(0.01),#4132,
'DISTANCE_ACCURACY_VALUE',
'Maximum model space distance between geometric entities at asserted c
onnectivities');
#4126=(
GEOMETRIC_REPRESENTATION_CONTEXT(3)
GLOBAL_UNCERTAINTY_ASSIGNED_CONTEXT((#4120))
GLOBAL_UNIT_ASSIGNED_CONTEXT((#4132,#4134,#4135))
REPRESENTATION_CONTEXT('','3D')
);
#4127=(
GEOMETRIC_REPRESENTATION_CONTEXT(3)
GLOBAL_UNCERTAINTY_ASSIGNED_CONTEXT((#4121))
GLOBAL_UNIT_ASSIGNED_CONTEXT((#4132,#4134,#4135))
REPRESENTATION_CONTEXT('','3D')
);
#4128=(
GEOMETRIC_REPRESENTATION_CONTEXT(3)
GLOBAL_UNCERTAINTY_ASSIGNED_CONTEXT((#4122))
GLOBAL_UNIT_ASSIGNED_CONTEXT((#4132,#4134,#4135))
REPRESENTATION_CONTEXT('','3D')
);
#4129=(
GEOMETRIC_REPRESENTATION_CONTEXT(3)
GLOBAL_UNCERTAINTY_ASSIGNED_CONTEXT((#4123))
GLOBAL_UNIT_ASSIGNED_CONTEXT((#4132,#4134,#4135))
REPRESENTATION_CONTEXT('','3D')
);
#4130=(
GEOMETRIC_REPRESENTATION_CONTEXT(3)
GLOBAL_UNCERTAINTY_ASSIGNED_CONTEXT((#4124))
GLOBAL_UNIT_ASSIGNED_CONTEXT((#4132,#4134,#4135))
REPRESENTATION_CONTEXT('','3D')
);
#4131=(
GEOMETRIC_REPRESENTATION_CONTEXT(3)
GLOBAL_UNCERTAINTY_ASSIGNED_CONTEXT((#4125))
GLOBAL_UNIT_ASSIGNED_CONTEXT((#4132,#4134,#4135))
REPRESENTATION_CONTEXT('','3D')
);
#4132=(
LENGTH_UNIT()
NAMED_UNIT(*)
SI_UNIT(.MILLI.,.METRE.)
);
#4133=(
LENGTH_UNIT()
NAMED_UNIT(*)
SI_UNIT(.CENTI.,.METRE.)
);
#4134=(
NAMED_UNIT(*)
PLANE_ANGLE_UNIT()
SI_UNIT($,.RADIAN.)
);
#4135=(
NAMED_UNIT(*)
SI_UNIT($,.STERADIAN.)
SOLID_ANGLE_UNIT()
);
#4136=SHAPE_DEFINITION_REPRESENTATION(#4141,#4150);
#4137=SHAPE_DEFINITION_REPRESENTATION(#4142,#4151);
#4138=SHAPE_DEFINITION_REPRESENTATION(#4143,#4152);
#4139=SHAPE_DEFINITION_REPRESENTATION(#4144,#4153);
#4140=SHAPE_DEFINITION_REPRESENTATION(#4145,#4154);
#4141=PRODUCT_DEFINITION_SHAPE('',$,#4156);
#4142=PRODUCT_DEFINITION_SHAPE('',$,#4157);
#4143=PRODUCT_DEFINITION_SHAPE('',$,#4158);
#4144=PRODUCT_DEFINITION_SHAPE('',$,#4159);
#4145=PRODUCT_DEFINITION_SHAPE('',$,#4160);
#4146=PRODUCT_DEFINITION_SHAPE($,$,#23);
#4147=PRODUCT_DEFINITION_SHAPE($,$,#24);
#4148=PRODUCT_DEFINITION_SHAPE($,$,#25);
#4149=PRODUCT_DEFINITION_SHAPE($,$,#26);
#4150=SHAPE_REPRESENTATION('',(#2484,#2738,#2739,#2740,#2741),#4126);
#4151=SHAPE_REPRESENTATION('',(#2485),#4127);
#4152=SHAPE_REPRESENTATION('',(#2512),#4128);
#4153=SHAPE_REPRESENTATION('',(#2563),#4129);
#4154=SHAPE_REPRESENTATION('',(#2655),#4130);
#4155=PRODUCT_DEFINITION_CONTEXT('part definition',#4172,'design');
#4156=PRODUCT_DEFINITION('Wheel_Comparison_D','Wheel_Comparison_D',#4161,
#4155);
#4157=PRODUCT_DEFINITION('01_Wheel_Rim','01_Wheel_Rim',#4162,#4155);
#4158=PRODUCT_DEFINITION('02_Wheel_Hub','02_Wheel_Hub',#4163,#4155);
#4159=PRODUCT_DEFINITION('46_Spider_D_Polymer','46_Spider_D_Polymer',#4164,
#4155);
#4160=PRODUCT_DEFINITION('07_Brake_Drum','07_Brake_Drum',#4165,#4155);
#4161=PRODUCT_DEFINITION_FORMATION('',$,#4174);
#4162=PRODUCT_DEFINITION_FORMATION('',$,#4175);
#4163=PRODUCT_DEFINITION_FORMATION('',$,#4176);
#4164=PRODUCT_DEFINITION_FORMATION('',$,#4177);
#4165=PRODUCT_DEFINITION_FORMATION('',$,#4178);
#4166=PRODUCT_RELATED_PRODUCT_CATEGORY('Wheel_Comparison_D',
'Wheel_Comparison_D',(#4174));
#4167=PRODUCT_RELATED_PRODUCT_CATEGORY('01_Wheel_Rim','01_Wheel_Rim',(#4175));
#4168=PRODUCT_RELATED_PRODUCT_CATEGORY('02_Wheel_Hub','02_Wheel_Hub',(#4176));
#4169=PRODUCT_RELATED_PRODUCT_CATEGORY('46_Spider_D_Polymer',
'46_Spider_D_Polymer',(#4177));
#4170=PRODUCT_RELATED_PRODUCT_CATEGORY('07_Brake_Drum','07_Brake_Drum',
(#4178));
#4171=APPLICATION_PROTOCOL_DEFINITION('international standard',
'automotive_design',2009,#4172);
#4172=APPLICATION_CONTEXT(
'Core Data for Automotive Mechanical Design Process');
#4173=PRODUCT_CONTEXT('part definition',#4172,'mechanical');
#4174=PRODUCT('Wheel_Comparison_D','Wheel_Comparison_D',$,(#4173));
#4175=PRODUCT('01_Wheel_Rim','01_Wheel_Rim',$,(#4173));
#4176=PRODUCT('02_Wheel_Hub','02_Wheel_Hub',$,(#4173));
#4177=PRODUCT('46_Spider_D_Polymer','46_Spider_D_Polymer',$,(#4173));
#4178=PRODUCT('07_Brake_Drum','07_Brake_Drum',$,(#4173));
ENDSEC;
END-ISO-10303-21;
